<?xml version="1.0" encoding="UTF-8"?>
<kml xmlns="http://www.opengis.net/kml/2.2">
<Document>
<name>WNW_2.Tindhare Jharana</name>
<description/>
<Style id="icon-1899-DB4436-nodesc-normal">
<IconStyle>
<color>ff3644db</color>
<scale>1</scale>
<Icon>
<href>https://www.gstatic.com/mapspro/images/stock/503-wht-blank_maps.png</href>
</Icon>
<hotSpot x="32" xunits="pixels" y="64" yunits="insetPixels"/>
</IconStyle>
<LabelStyle>
<scale>0</scale>
</LabelStyle>
<BalloonStyle>
<text><![CDATA[<h3>$[name]</h3>]]></text>
</BalloonStyle>
</Style>
<Style id="icon-1899-DB4436-nodesc-highlight">
<IconStyle>
<color>ff3644db</color>
<scale>1</scale>
<Icon>
<href>https://www.gstatic.com/mapspro/images/stock/503-wht-blank_maps.png</href>
</Icon>
<hotSpot x="32" xunits="pixels" y="64" yunits="insetPixels"/>
</IconStyle>
<LabelStyle>
<scale>1</scale>
</LabelStyle>
<BalloonStyle>
<text><![CDATA[<h3>$[name]</h3>]]></text>
</BalloonStyle>
</Style>
<StyleMap id="icon-1899-DB4436-nodesc">
<Pair>
<key>normal</key>
<styleUrl>#icon-1899-DB4436-nodesc-normal</styleUrl>
</Pair>
<Pair>
<key>highlight</key>
<styleUrl>#icon-1899-DB4436-nodesc-highlight</styleUrl>
</Pair>
</StyleMap>
<Style id="line-0000FF-2000-nodesc-normal">
<LineStyle>
<color>ffff0000</color>
<width>2</width>
</LineStyle>
<BalloonStyle>
<text><![CDATA[<h3>$[name]</h3>]]></text>
</BalloonStyle>
</Style>
<Style id="line-0000FF-2000-nodesc-highlight">
<LineStyle>
<color>ffff0000</color>
<width>3</width>
</LineStyle>
<BalloonStyle>
<text><![CDATA[<h3>$[name]</h3>]]></text>
</BalloonStyle>
</Style>
<StyleMap id="line-0000FF-2000-nodesc">
<Pair>
<key>normal</key>
<styleUrl>#line-0000FF-2000-nodesc-normal</styleUrl>
</Pair>
<Pair>
<key>highlight</key>
<styleUrl>#line-0000FF-2000-nodesc-highlight</styleUrl>
</Pair>
</StyleMap>
<Style id="line-00CD00-2000-nodesc-normal">
<LineStyle>
<color>ff00cd00</color>
<width>2</width>
</LineStyle>
<BalloonStyle>
<text><![CDATA[<h3>$[name]</h3>]]></text>
</BalloonStyle>
</Style>
<Style id="line-00CD00-2000-nodesc-highlight">
<LineStyle>
<color>ff00cd00</color>
<width>3</width>
</LineStyle>
<BalloonStyle>
<text><![CDATA[<h3>$[name]</h3>]]></text>
</BalloonStyle>
</Style>
<StyleMap id="line-00CD00-2000-nodesc">
<Pair>
<key>normal</key>
<styleUrl>#line-00CD00-2000-nodesc-normal</styleUrl>
</Pair>
<Pair>
<key>highlight</key>
<styleUrl>#line-00CD00-2000-nodesc-highlight</styleUrl>
</Pair>
</StyleMap>
<Style id="line-FF0000-2000-nodesc-normal">
<LineStyle>
<color>ff0000ff</color>
<width>2</width>
</LineStyle>
<BalloonStyle>
<text><![CDATA[<h3>$[name]</h3>]]></text>
</BalloonStyle>
</Style>
<Style id="line-FF0000-2000-nodesc-highlight">
<LineStyle>
<color>ff0000ff</color>
<width>3</width>
</LineStyle>
<BalloonStyle>
<text><![CDATA[<h3>$[name]</h3>]]></text>
</BalloonStyle>
</Style>
<StyleMap id="line-FF0000-2000-nodesc">
<Pair>
<key>normal</key>
<styleUrl>#line-FF0000-2000-nodesc-normal</styleUrl>
</Pair>
<Pair>
<key>highlight</key>
<styleUrl>#line-FF0000-2000-nodesc-highlight</styleUrl>
</Pair>
</StyleMap>
<Folder>
<name>Tindhara jharana</name>
<Placemark>
<name/>
<styleUrl>#line-00CD00-2000-nodesc</styleUrl>
<LineString>
<tessellate>1</tessellate>
<coordinates>
85.5713002,27.4906071,0
85.571645,27.492468,0
85.571551,27.49251,0
85.571412,27.492543,0
85.571564,27.49248,0
85.571594,27.492584,0
85.571677,27.492659,0
85.571763,27.492722,0
85.571868,27.492734,0
85.571983,27.492672,0
85.572115,27.492615,0
85.572235,27.49263,0
85.572364,27.492579,0
85.572456,27.492515,0
85.572577,27.49249,0
85.572691,27.492475,0
85.572786,27.492506,0
85.572878,27.492545,0
85.572969,27.492596,0
85.573075,27.492635,0
85.573143,27.492703,0
85.573257,27.492777,0
85.57334,27.492829,0
85.573465,27.492873,0
85.573555,27.492934,0
85.573666,27.492917,0
85.573778,27.492879,0
85.573883,27.492907,0
85.57394,27.492982,0
85.574025,27.493062,0
85.57414,27.493105,0
85.574243,27.493159,0
85.574303,27.493238,0
85.574357,27.493359,0
85.574415,27.493461,0
85.574504,27.493569,0
85.574615,27.493607,0
85.574728,27.493651,0
85.574851,27.493698,0
85.57497,27.49376,0
85.575084,27.493791,0
85.575205,27.493808,0
85.575313,27.493779,0
85.575415,27.493744,0
85.575454,27.493829,0
85.575494,27.493928,0
85.575506,27.494031,0
85.575546,27.494119,0
85.575601,27.494217,0
85.575659,27.494331,0
85.575702,27.494433,0
85.575734,27.494526,0
85.57578,27.494625,0
85.575884,27.494669,0
85.575995,27.494675,0
85.576099,27.494666,0
85.576217,27.494673,0
85.576326,27.494632,0
85.576409,27.494552,0
85.576496,27.494489,0
85.576526,27.49458,0
85.576445,27.49468,0
85.576382,27.494758,0
85.576298,27.494823,0
85.576199,27.494871,0
85.576121,27.494935,0
85.576038,27.494996,0
85.575962,27.495065,0
85.575876,27.495135,0
85.575777,27.495169,0
85.575656,27.495243,0
85.57565,27.495335,0
85.57577,27.495318,0
85.575864,27.495375,0
85.575951,27.49544,0
85.576056,27.495496,0
85.576114,27.495587,0
85.576141,27.495687,0
85.576115,27.495786,0
85.576088,27.495874,0
85.576048,27.495974,0
85.575988,27.496065,0
85.575948,27.496159,0
85.575841,27.496197,0
85.575733,27.496146,0
85.575614,27.496145,0
85.575497,27.496192,0
85.5756,27.496228,0
85.575701,27.49626,0
85.575806,27.496301,0
85.575877,27.496389,0
85.57596,27.49646,0
85.576054,27.496508,0
85.576144,27.496575,0
85.576236,27.496528,0
85.57635,27.496466,0
85.576386,27.496356,0
85.576338,27.496261,0
85.576366,27.496168,0
85.576471,27.496099,0
85.576539,27.496015,0
85.576637,27.495958,0
85.576729,27.495891,0
85.576787,27.495815,0
85.576841,27.495727,0
85.576909,27.49566,0
85.577019,27.495589,0
85.577125,27.495514,0
85.577238,27.49544,0
85.577313,27.495376,0
85.577424,27.495352,0
85.577527,27.495347,0
85.577628,27.495366,0
85.577729,27.495352,0
85.577833,27.495324,0
85.577974,27.495312,0
85.578118,27.495301,0
85.578264,27.495318,0
85.578408,27.495308,0
85.578553,27.495296,0
85.578693,27.495287,0
85.578819,27.495341,0
85.578923,27.495357,0
85.579035,27.495386,0
85.579149,27.495444,0
85.579264,27.495455,0
85.579372,27.495427,0
85.57948,27.495421,0
85.579612,27.495412,0
85.579716,27.495428,0
85.579826,27.495484,0
85.579998,27.495527,0
85.580119,27.495549,0
85.580214,27.495605,0
85.58031,27.495656,0
85.58041,27.495715,0
85.580505,27.495775,0
85.580599,27.495853,0
85.580701,27.495921,0
85.580792,27.495962,0
85.580903,27.495992,0
85.581014,27.495996,0
85.58111,27.495943,0
85.581216,27.495885,0
85.581351,27.495888,0
85.58147,27.495908,0
85.581602,27.495936,0
85.581752,27.495966,0
85.581862,27.495967,0
85.581974,27.495998,0
85.582094,27.49607,0
85.582193,27.496134,0
85.582327,27.496197,0
85.582431,27.496232,0
85.582546,27.496308,0
85.582668,27.496345,0
85.582791,27.496357,0
85.582911,27.496359,0
85.583049,27.496373,0
85.583178,27.496378,0
85.583291,27.496342,0
85.583414,27.496327,0
85.583537,27.496283,0
85.583637,27.496245,0
85.583744,27.496201,0
85.583838,27.496167,0
85.58395,27.496176,0
85.584051,27.496167,0
85.584152,27.496203,0
85.584264,27.496259,0
85.584414,27.49627,0
85.584525,27.496283,0
85.584635,27.496269,0
85.584746,27.496267,0
85.584864,27.496248,0
85.584962,27.496191,0
85.585062,27.496114,0
85.585161,27.496066,0
85.585279,27.495993,0
85.585385,27.495945,0
85.585491,27.495909,0
85.585606,27.4959,0
85.58572,27.495888,0
85.58582,27.495911,0
85.585932,27.495932,0
85.586023,27.495874,0
85.58613,27.495828,0
85.586253,27.495779,0
85.586403,27.495788,0
85.58656,27.49581,0
85.586655,27.495748,0
85.586775,27.495696,0
85.586895,27.495615,0
85.587003,27.495599,0
85.587133,27.495586,0
85.58727,27.495568,0
85.587417,27.495576,0
85.58751,27.495525,0
85.587624,27.495519,0
85.587746,27.495512,0
85.587852,27.495471,0
85.587948,27.495403,0
85.588033,27.495323,0
85.588132,27.49525,0
85.588245,27.495155,0
85.588332,27.495077,0
85.588444,27.495152,0
85.588533,27.495224,0
85.588607,27.495304,0
85.588628,27.495406,0
85.588605,27.49552,0
85.588548,27.495622,0
85.588448,27.495683,0
85.588351,27.495736,0
85.588226,27.495795,0
85.588136,27.495858,0
85.588067,27.495945,0
85.587963,27.496029,0
85.58789,27.496114,0
85.587822,27.496205,0
85.587773,27.496293,0
85.587684,27.496368,0
85.587595,27.496448,0
85.587713,27.496487,0
85.587784,27.496392,0
85.587883,27.496334,0
85.587981,27.496288,0
85.588077,27.496254,0
85.5882,27.496211,0
85.588305,27.496193,0
85.588438,27.49616,0
85.588568,27.496139,0
85.588667,27.496106,0
85.588791,27.496092,0
85.588908,27.49606,0
85.588999,27.496001,0
85.589099,27.495973,0
85.589199,27.495954,0
85.589309,27.495936,0
85.589412,27.495913,0
85.589523,27.495887,0
85.589662,27.495865,0
85.589813,27.495834,0
85.589944,27.495803,0
85.590044,27.495822,0
85.590087,27.495923,0
85.590036,27.496029,0
85.589978,27.496152,0
85.589922,27.496268,0
85.589858,27.49634,0
85.589762,27.496425,0
85.58966,27.49648,0
85.5896,27.496577,0
85.589702,27.496579,0
85.589806,27.496525,0
85.589927,27.496516,0
85.590036,27.496544,0
85.590147,27.496593,0
85.590293,27.496613,0
85.590434,27.49665,0
85.590546,27.496655,0
85.590666,27.496693,0
85.590775,27.496745,0
85.590889,27.496785,0
85.59103,27.496785,0
85.591161,27.496762,0
85.591255,27.496727,0
85.591385,27.496695,0
85.591497,27.496648,0
85.591596,27.496573,0
85.591706,27.496489,0
85.591835,27.496446,0
85.591962,27.496431,0
85.592081,27.49638,0
85.592189,27.496328,0
85.592283,27.496268,0
85.592418,27.496266,0
85.592546,27.496212,0
85.592641,27.49618,0
85.592743,27.496113,0
85.592862,27.496082,0
85.592998,27.49613,0
85.593104,27.496157,0
85.593237,27.496187,0
85.593353,27.49617,0
85.593476,27.496166,0
85.593588,27.496192,0
85.593678,27.496144,0
85.593785,27.496088,0
85.593883,27.496029,0
85.593979,27.49597,0
85.594109,27.495919,0
85.594252,27.495886,0
85.594353,27.49585,0
85.594451,27.495817,0
85.594573,27.495737,0
85.594671,27.495649,0
85.594822,27.495605,0
85.59495,27.49558,0
85.595076,27.495542,0
85.595214,27.495482,0
85.59533,27.495444,0
85.595453,27.4954,0
85.595622,27.495363,0
85.595734,27.495367,0
85.595856,27.49537,0
85.595959,27.495377,0
85.596108,27.495396,0
85.596217,27.49541,0
85.596352,27.495388,0
85.596459,27.495347,0
85.596581,27.495293,0
85.596708,27.495221,0
85.596843,27.495155,0
85.596973,27.495109,0
85.597078,27.495093,0
85.597196,27.495095,0
85.597332,27.4951,0
85.597486,27.495093,0
85.597638,27.495062,0
85.597788,27.495071,0
85.597929,27.495048,0
85.598081,27.49503,0
85.598228,27.495006,0
85.598367,27.494993,0
85.598527,27.494965,0
85.598693,27.494953,0
85.598836,27.494908,0
85.598964,27.494879,0
85.599092,27.494832,0
85.599155,27.49476,0
85.599217,27.494669,0
85.599226,27.494552,0
85.599219,27.494413,0
85.599126,27.494367,0
85.599087,27.494283,0
85.59905,27.494192,0
85.599033,27.494071,0
85.599106,27.493976,0
85.59927,27.493961,0
85.599333,27.493876,0
85.59939,27.49379,0
85.599432,27.49389,0
85.599398,27.493981,0
85.599334,27.494082,0
85.59934,27.494197,0
85.599388,27.494285,0
85.599515,27.494343,0
85.59958,27.494414,0
85.599679,27.494512,0
85.599744,27.494587,0
85.599828,27.494647,0
85.599908,27.494749,0
85.599988,27.494834,0
85.600097,27.49488,0
85.600192,27.494947,0
85.600264,27.495042,0
85.600363,27.495091,0
85.600433,27.49518,0
85.600492,27.495253,0
85.600643,27.495309,0
85.600738,27.495382,0
85.600826,27.495452,0
85.600894,27.495547,0
85.601005,27.49563,0
85.601069,27.495717,0
85.60114,27.495819,0
85.601187,27.495906,0
85.601137,27.496029,0
85.60107,27.496146,0
85.600992,27.496237,0
85.600912,27.496316,0
85.600879,27.496406,0
85.600916,27.496495,0
85.601037,27.496557,0
85.60115,27.496606,0
85.60125,27.496671,0
85.601369,27.496702,0
85.60148,27.496713,0
85.601566,27.496761,0
85.601688,27.496783,0
85.601801,27.496795,0
85.601919,27.496846,0
85.602015,27.496894,0
85.602095,27.496971,0
85.602212,27.49702,0
85.60232,27.497031,0
85.602441,27.497076,0
85.602533,27.497146,0
85.60261,27.497237,0
85.602639,27.497341,0
85.602613,27.497459,0
85.602633,27.497549,0
85.602668,27.497636,0
85.602721,27.497721,0
85.602773,27.497808,0
85.602834,27.497943,0
85.602905,27.498018,0
85.60305,27.498065,0
85.603148,27.498149,0
85.603216,27.498227,0
85.603322,27.498324,0
85.603397,27.498402,0
85.603467,27.498509,0
85.603597,27.498566,0
85.6037,27.498624,0
85.603803,27.498685,0
85.60389,27.498746,0
85.603983,27.498823,0
85.604037,27.498908,0
85.603949,27.498967,0
85.603839,27.498968,0
85.603714,27.498968,0
85.603766,27.499058,0
85.603807,27.499155,0
85.60384,27.499267,0
85.603858,27.499356,0
85.603898,27.499462,0
85.60395,27.499589,0
85.604021,27.49971,0
85.604087,27.499798,0
85.604117,27.499901,0
85.604192,27.499996,0
85.604241,27.50009,0
85.604276,27.500176,0
85.604311,27.500266,0
85.604345,27.500358,0
85.604395,27.500444,0
85.604472,27.500535,0
85.604574,27.500612,0
85.60464,27.500699,0
85.604738,27.500809,0
85.604822,27.50091,0
85.604782,27.501001,0
85.604823,27.501108,0
85.604902,27.501222,0
85.604976,27.501304,0
85.605101,27.501332,0
85.605192,27.501437,0
85.605224,27.501539,0
85.605245,27.501628,0
85.605268,27.501727,0
85.605309,27.501848,0
85.605376,27.501936,0
85.6054,27.502048,0
85.605454,27.502146,0
85.605525,27.502236,0
85.605576,27.502349,0
85.605585,27.502467,0
85.605501,27.502517,0
85.605508,27.50241,0
85.605434,27.502317,0
85.605389,27.502236,0
85.605327,27.502164,0
85.605272,27.502081,0
85.605194,27.501993,0
85.605123,27.50189,0
85.605092,27.501786,0
85.60499,27.501715,0
85.604875,27.501718,0
85.604797,27.501799,0
85.604694,27.50186,0
85.604581,27.501873,0
85.604446,27.501858,0
85.604353,27.501754,0
85.604271,27.501687,0
85.60421,27.501606,0
85.604111,27.501554,0
85.604007,27.501597,0
85.604086,27.501704,0
85.604183,27.501789,0
85.60423,27.501898,0
85.604273,27.502003,0
85.604302,27.502105,0
85.604414,27.502139,0
85.604491,27.502198,0
85.604469,27.502302,0
85.604356,27.5023,0
85.604261,27.502265,0
85.604183,27.502204,0
85.604103,27.502118,0
85.604026,27.502048,0
85.603939,27.501997,0
85.603826,27.501977,0
85.60374,27.501911,0
85.603656,27.501836,0
85.603575,27.501725,0
85.603558,27.501602,0
85.603527,27.501504,0
85.603453,27.501434,0
85.603336,27.501414,0
85.60323,27.501425,0
85.603105,27.501423,0
85.602991,27.501389,0
85.60288,27.501359,0
85.602812,27.50129,0
85.60278,27.501196,0
85.602687,27.501118,0
85.602588,27.501076,0
85.602472,27.501046,0
85.602353,27.501025,0
85.602254,27.500969,0
85.602171,27.500897,0
85.602078,27.500827,0
85.602001,27.500761,0
85.601908,27.500688,0
85.601835,27.500623,0
85.601831,27.500718,0
85.60184,27.500813,0
85.601895,27.500918,0
85.601927,27.501019,0
85.601953,27.501119,0
85.601987,27.501213,0
85.602014,27.501308,0
85.602011,27.501408,0
85.602061,27.501499,0
85.602067,27.501606,0
85.602008,27.501689,0
85.601969,27.501782,0
85.601913,27.501876,0
85.601846,27.501983,0
85.601786,27.502098,0
85.60175,27.502186,0
85.601697,27.502269,0
85.601641,27.502354,0
85.601589,27.502441,0
85.601563,27.502528,0
85.601541,27.502647,0
85.601486,27.502748,0
85.601414,27.50284,0
85.60134,27.502957,0
85.601285,27.503036,0
85.601241,27.503134,0
85.601199,27.503231,0
85.601228,27.503332,0
85.601261,27.503425,0
85.601283,27.503526,0
85.601329,27.503624,0
85.601378,27.503715,0
85.601418,27.503823,0
85.601479,27.503946,0
85.601525,27.504062,0
85.601569,27.504153,0
85.601608,27.504245,0
85.601642,27.504364,0
85.601665,27.504462,0
85.601633,27.504552,0
85.601641,27.504651,0
85.601645,27.504754,0
85.601667,27.504846,0
85.601711,27.50497,0
85.601749,27.505086,0
85.601793,27.505173,0
85.601808,27.505279,0
85.601852,27.505363,0
85.60192,27.505439,0
85.601968,27.50553,0
85.601893,27.505592,0
85.601799,27.50564,0
85.601758,27.505728,0
85.601824,27.505803,0
85.601867,27.5059,0
85.601906,27.506015,0
85.601905,27.506151,0
85.601925,27.506243,0
85.601961,27.506339,0
85.602006,27.506453,0
85.602045,27.506548,0
85.602091,27.506633,0
85.602124,27.506738,0
85.602209,27.506791,0
85.602314,27.506853,0
85.602395,27.506934,0
85.60248,27.507,0
85.602587,27.507078,0
85.602647,27.507157,0
85.602713,27.507246,0
85.602771,27.507343,0
85.602818,27.507432,0
85.602876,27.507533,0
85.602927,27.507616,0
85.602985,27.507735,0
85.603042,27.507836,0
85.603078,27.507937,0
85.603102,27.508045,0
85.603129,27.50816,0
85.603171,27.50828,0
85.603213,27.50837,0
85.603252,27.508459,0
85.603244,27.508561,0
85.603229,27.508656,0
85.603239,27.508751,0
85.603198,27.508834,0
85.603166,27.508931,0
85.603156,27.509031,0
85.603136,27.509128,0
85.603109,27.509216,0
85.603065,27.5093,0
85.603032,27.509403,0
85.603002,27.50949,0
85.602985,27.50959,0
85.603016,27.509704,0
85.602995,27.509803,0
85.60298,27.509952,0
85.602965,27.510088,0
85.60298,27.510224,0
85.602983,27.510334,0
85.603031,27.510419,0
85.603055,27.510516,0
85.603107,27.51062,0
85.603166,27.510703,0
85.603261,27.510772,0
85.60336,27.510842,0
85.60345,27.510898,0
85.603537,27.510969,0
85.60362,27.511037,0
85.603643,27.511137,0
85.603608,27.511232,0
85.60355,27.511331,0
85.603493,27.511444,0
85.603405,27.51156,0
85.603329,27.511637,0
85.603277,27.51174,0
85.603268,27.511872,0
85.603271,27.511981,0
85.60331,27.512095,0
85.603346,27.512215,0
85.603364,27.512307,0
85.603327,27.512438,0
85.603365,27.512549,0
85.603458,27.512608,0
85.603586,27.512601,0
85.603692,27.512608,0
85.603814,27.512569,0
85.603914,27.512494,0
85.604021,27.512476,0
85.604127,27.512477,0
85.604057,27.51257,0
85.604113,27.512473,0
85.604102,27.512378,0
85.60408,27.512489,0
85.604182,27.512544,0
85.604145,27.512446,0
85.604152,27.512552,0
85.604123,27.512482,0
85.604227,27.512518,0
85.60433,27.512557,0
85.604382,27.512674,0
85.60441,27.512763,0
85.604447,27.512875,0
85.604493,27.512994,0
85.604543,27.5131,0
85.604638,27.513185,0
85.604743,27.513259,0
85.604805,27.513335,0
85.604881,27.513412,0
85.604916,27.513531,0
85.604875,27.513617,0
85.604872,27.513709,0
85.604834,27.513827,0
85.604827,27.513932,0
85.604839,27.51406,0
85.604882,27.514144,0
85.604959,27.51421,0
85.605029,27.514276,0
85.605146,27.514324,0
85.605286,27.514339,0
85.605354,27.514408,0
85.605456,27.514445,0
85.605536,27.514512,0
85.60567,27.51459,0
85.605785,27.514639,0
85.605906,27.514617,0
85.605981,27.514506,0
85.605991,27.5144,0
85.606087,27.514363,0
85.606183,27.514329,0
85.60632,27.514381,0
85.606448,27.514419,0
85.606545,27.514499,0
85.606683,27.514503,0
85.606832,27.514563,0
85.606932,27.514627,0
85.607016,27.514712,0
85.607111,27.514801,0
85.607226,27.514831,0
85.607364,27.514841,0
85.607454,27.514898,0
85.607515,27.514996,0
85.607543,27.515126,0
85.607561,27.515261,0
85.6076,27.515401,0
85.607619,27.515521,0
85.607607,27.515624,0
85.607542,27.515716,0
85.607413,27.515765,0
85.6073,27.515718,0
85.607202,27.515695,0
85.607061,27.515673,0
85.606935,27.515677,0
85.606808,27.515689,0
85.6067,27.515651,0
85.606571,27.515629,0
85.606425,27.515561,0
85.606325,27.515516,0
85.606236,27.515469,0
85.606134,27.515411,0
85.606041,27.515328,0
85.605937,27.515294,0
85.605808,27.515238,0
85.605698,27.515192,0
85.605569,27.515147,0
85.605466,27.51512,0
85.605367,27.515099,0
85.605303,27.515004,0
85.605185,27.514928,0
85.605053,27.514929,0
85.604975,27.51499,0
85.604898,27.515065,0
85.604782,27.515092,0
85.604642,27.515077,0
85.604523,27.515074,0
85.604405,27.515042,0
85.604315,27.514998,0
85.604187,27.514997,0
85.604056,27.51496,0
85.603938,27.5149,0
85.603816,27.514916,0
85.603692,27.514984,0
85.603658,27.515071,0
85.603643,27.515177,0
85.603619,27.515268,0
85.603573,27.51536,0
85.603455,27.515414,0
85.603354,27.515424,0
85.603248,27.515493,0
85.60317,27.515618,0
85.603155,27.515749,0
85.603112,27.515847,0
85.603178,27.515916,0
85.603295,27.515867,0
85.603365,27.515759,0
85.60343,27.515665,0
85.603543,27.515646,0
85.603675,27.515628,0
85.603807,27.515675,0
85.603921,27.515752,0
85.604047,27.515828,0
85.604156,27.515896,0
85.60428,27.516008,0
85.604377,27.516105,0
85.604435,27.516191,0
85.604532,27.516291,0
85.604616,27.516359,0
85.604704,27.516436,0
85.604791,27.51651,0
85.604886,27.516562,0
85.604985,27.516651,0
85.605086,27.516692,0
85.605054,27.516811,0
85.604896,27.516767,0
85.604785,27.516757,0
85.604646,27.51672,0
85.604526,27.516687,0
85.604388,27.51663,0
85.604281,27.516584,0
85.604143,27.516524,0
85.604068,27.51659,0
85.604131,27.516724,0
85.60429,27.516767,0
85.604391,27.516871,0
85.604485,27.516993,0
85.604591,27.517043,0
85.604672,27.517105,0
85.604719,27.517203,0
85.60475,27.517304,0
85.604836,27.517405,0
85.604892,27.517492,0
85.604954,27.517591,0
85.605029,27.517676,0
85.605063,27.517783,0
85.60512,27.517901,0
85.60516,27.518014,0
85.60519,27.518115,0
85.605242,27.518233,0
85.605239,27.518357,0
85.605264,27.518465,0
85.605276,27.518559,0
85.60539,27.518642,0
85.605437,27.518732,0
85.605439,27.518858,0
85.605387,27.518977,0
85.605312,27.519067,0
85.605139,27.519046,0
85.605056,27.518987,0
85.604952,27.518899,0
85.604878,27.51881,0
85.604792,27.518707,0
85.604712,27.518607,0
85.604657,27.518523,0
85.604611,27.518442,0
85.604561,27.518347,0
85.604546,27.518243,0
85.604522,27.518147,0
85.604488,27.518059,0
85.604467,27.517953,0
85.604435,27.517861,0
85.604375,27.517775,0
85.604316,27.517687,0
85.604227,27.517619,0
85.604105,27.517566,0
85.603954,27.517517,0
85.603817,27.517455,0
85.603717,27.517423,0
85.603597,27.517431,0
85.60359,27.517565,0
85.603694,27.517601,0
85.603778,27.517654,0
85.603819,27.517755,0
85.603801,27.517858,0
85.603777,27.51796,0
85.603765,27.518072,0
85.60376,27.51819,0
85.603714,27.518275,0
85.60363,27.518396,0
85.603571,27.518494,0
85.603467,27.518582,0
85.603387,27.518639,0
85.603321,27.518708,0
85.60324,27.518795,0
85.603223,27.518911,0
85.603324,27.518943,0
85.603435,27.518982,0
85.603534,27.519066,0
85.603627,27.519151,0
85.603695,27.519276,0
85.603758,27.519407,0
85.603812,27.519538,0
85.603846,27.51967,0
85.603877,27.519794,0
85.603905,27.519919,0
85.603972,27.520022,0
85.603988,27.520118,0
85.604071,27.520209,0
85.604108,27.520305,0
85.604057,27.520414,0
85.604028,27.520524,0
85.604051,27.520621,0
85.604095,27.520768,0
85.604093,27.520897,0
85.604108,27.521022,0
85.604103,27.521122,0
85.604107,27.521213,0
85.60409,27.521343,0
85.604098,27.521471,0
85.604091,27.521568,0
85.60408,27.521666,0
85.604042,27.521812,0
85.603995,27.521963,0
85.603902,27.522109,0
85.603957,27.522219,0
85.604063,27.52223,0
85.60417,27.522138,0
85.604289,27.522059,0
85.604391,27.522029,0
85.60447,27.521968,0
85.604603,27.521954,0
85.604705,27.521994,0
85.604837,27.522018,0
85.60476,27.522096,0
85.604634,27.522105,0
85.604515,27.522149,0
85.604458,27.522226,0
85.604442,27.522329,0
85.604483,27.522423,0
85.604585,27.522428,0
85.604663,27.522514,0
85.604724,27.522619,0
85.604742,27.522717,0
85.60479,27.522604,0
85.604823,27.522514,0
85.604776,27.522432,0
85.604699,27.522364,0
85.604768,27.522298,0
85.604861,27.522254,0
85.6048,27.522333,0
85.604856,27.522254,0
85.604957,27.522239,0
85.604855,27.522241,0
85.60482,27.522326,0
85.604796,27.52242,0
85.604768,27.522514,0
85.604764,27.522613,0
85.604699,27.522753,0
85.604675,27.522845,0
85.604603,27.52291,0
85.604563,27.52301,0
85.604596,27.5231,0
85.604653,27.5232,0
85.604707,27.523286,0
85.604747,27.523375,0
85.604756,27.523485,0
85.60472,27.523587,0
85.604689,27.523688,0
85.604671,27.523807,0
85.60459,27.523933,0
85.604536,27.524014,0
85.604531,27.524123,0
85.604523,27.524249,0
85.604505,27.5244,0
85.604461,27.524482,0
85.604432,27.524579,0
85.604388,27.524677,0
85.604351,27.52478,0
85.604317,27.524876,0
85.604325,27.524968,0
85.604272,27.525065,0
85.604117,27.525113,0
85.604,27.525129,0
85.603898,27.52516,0
85.603779,27.525156,0
85.603673,27.525148,0
85.603586,27.525244,0
85.603697,27.525296,0
85.603819,27.525254,0
85.603936,27.525277,0
85.604075,27.525266,0
85.604192,27.525311,0
85.604305,27.525271,0
85.604437,27.525285,0
85.604538,27.525277,0
85.604639,27.525178,0
85.604729,27.525277,0
85.604564,27.525322,0
85.604422,27.52539,0
85.604253,27.525465,0
85.604109,27.525475,0
85.603958,27.525516,0
85.603827,27.525524,0
85.603695,27.525444,0
85.603593,27.52546,0
85.603518,27.525589,0
85.60342,27.525683,0
85.603332,27.525804,0
85.603236,27.525914,0
85.603172,27.526018,0
85.603092,27.526104,0
85.60298,27.526165,0
85.602878,27.526213,0
85.602768,27.526244,0
85.602649,27.526268,0
85.602594,27.526347,0
85.602538,27.52643,0
85.602467,27.526514,0
85.602412,27.526609,0
85.602366,27.526717,0
85.602353,27.526846,0
85.602287,27.526955,0
85.602269,27.527044,0
85.602271,27.527161,0
85.602252,27.527259,0
85.602167,27.527327,0
85.601994,27.527376,0
85.601826,27.527404,0
85.601682,27.527459,0
85.601514,27.527507,0
85.601394,27.527572,0
85.601285,27.52765,0
85.6012,27.52776,0
85.601099,27.527855,0
85.601013,27.527974,0
85.600909,27.528051,0
85.600809,27.528113,0
85.600637,27.528039,0
85.600536,27.528015,0
85.600432,27.528013,0
85.600309,27.528049,0
85.600198,27.528104,0
85.600091,27.528177,0
85.599996,27.528217,0
85.599874,27.528218,0
85.599744,27.528206,0
85.599616,27.528209,0
85.599492,27.528217,0
85.59937,27.528258,0
85.59924,27.528257,0
85.599123,27.528252,0
85.598995,27.528224,0
85.598868,27.528159,0
85.598778,27.528111,0
85.598678,27.528071,0
85.598644,27.528206,0
85.598657,27.528336,0
85.59866,27.528452,0
85.598635,27.528576,0
85.598621,27.528677,0
85.598529,27.528751,0
85.598502,27.528844,0
85.598507,27.528951,0
85.598482,27.529045,0
85.59843,27.529145,0
85.598378,27.529233,0
85.598348,27.529349,0
85.598321,27.52948,0
85.598333,27.529588,0
85.598416,27.529681,0
85.598413,27.529798,0
85.59842,27.52989,0
85.598407,27.529985,0
85.598414,27.530097,0
85.598416,27.530209,0
85.598343,27.530285,0
85.598272,27.530366,0
85.598266,27.530481,0
85.59824,27.53061,0
85.598261,27.530741,0
85.598302,27.530844,0
85.598339,27.530944,0
85.598388,27.531037,0
85.598513,27.530993,0
85.598503,27.530865,0
85.598484,27.530768,0
85.598454,27.530669,0
85.598494,27.530553,0
85.598564,27.530474,0
85.598659,27.530393,0
85.598708,27.53031,0
85.598769,27.530227,0
85.598812,27.530132,0
85.598806,27.530029,0
85.598789,27.5299,0
85.598804,27.529807,0
85.598837,27.529695,0
85.59884,27.529604,0
85.598914,27.529485,0
85.598939,27.529382,0
85.599009,27.529312,0
85.599144,27.529253,0
85.599236,27.529215,0
85.599389,27.529215,0
85.599535,27.529194,0
85.599663,27.529173,0
85.599759,27.529212,0
85.599733,27.529318,0
85.599652,27.529382,0
85.599502,27.529387,0
85.599373,27.529381,0
85.599267,27.529383,0
85.599226,27.529477,0
85.599333,27.529493,0
85.599231,27.529489,0
85.599337,27.529507,0
85.599416,27.529447,0
85.599566,27.529402,0
85.599719,27.529415,0
85.599841,27.529414,0
85.599943,27.529438,0
85.599841,27.529509,0
85.599664,27.529542,0
85.599519,27.529569,0
85.599404,27.529612,0
85.599333,27.529702,0
85.599282,27.529793,0
85.599301,27.529914,0
85.599283,27.530036,0
85.599265,27.53017,0
85.599264,27.530284,0
85.599393,27.530322,0
85.599485,27.530218,0
85.599512,27.530115,0
85.599552,27.530012,0
85.599599,27.529923,0
85.599704,27.529916,0
85.599794,27.530046,0
85.599737,27.530131,0
85.599668,27.53023,0
85.599623,27.530331,0
85.599583,27.530415,0
85.599578,27.530551,0
85.599586,27.530663,0
85.59954,27.530779,0
85.599522,27.530875,0
85.599622,27.530921,0
85.599681,27.530843,0
85.59969,27.530734,0
85.599713,27.530634,0
85.599759,27.53055,0
85.599826,27.530469,0
85.599923,27.530376,0
85.599985,27.530282,0
85.600049,27.530205,0
85.600133,27.530145,0
85.600248,27.530066,0
85.600391,27.529994,0
85.600489,27.529939,0
85.600569,27.529851,0
85.600677,27.529899,0
85.600715,27.530072,0
85.600678,27.53018,0
85.600668,27.530293,0
85.600691,27.530401,0
85.600679,27.530498,0
85.600717,27.530587,0
85.600768,27.530695,0
85.600781,27.530797,0
85.600794,27.530921,0
85.600805,27.531073,0
85.600794,27.531194,0
85.600802,27.53129,0
85.600826,27.531408,0
85.600867,27.531524,0
85.600881,27.531632,0
85.600893,27.531732,0
85.600942,27.531835,0
85.60095,27.531952,0
85.601013,27.532042,0
85.601053,27.532165,0
85.601043,27.53227,0
85.601028,27.532381,0
85.601005,27.53252,0
85.601029,27.532618,0
85.601057,27.532749,0
85.601102,27.532848,0
85.601197,27.532954,0
85.601237,27.533045,0
85.601295,27.533155,0
85.601341,27.533248,0
85.601304,27.533372,0
85.601259,27.533479,0
85.601234,27.533582,0
85.601241,27.533691,0
85.601257,27.533785,0
85.601285,27.533882,0
85.601396,27.533954,0
85.601502,27.533968,0
85.601607,27.533899,0
85.601694,27.533826,0
85.601715,27.533718,0
85.601717,27.533599,0
85.601772,27.533496,0
85.601856,27.533547,0
85.601862,27.533644,0
85.601844,27.533756,0
85.601807,27.533855,0
85.601816,27.533985,0
85.601828,27.534077,0
85.60186,27.5342,0
85.601957,27.53426,0
85.602063,27.534295,0
85.602148,27.534349,0
85.602189,27.534442,0
85.602209,27.534569,0
85.602237,27.534668,0
85.602281,27.534774,0
85.60238,27.534877,0
85.602491,27.534946,0
85.602587,27.535032,0
85.602672,27.535114,0
85.602729,27.535199,0
85.602796,27.535312,0
85.60285,27.535437,0
85.602838,27.53554,0
85.602841,27.535631,0
85.602813,27.53573,0
85.602741,27.535814,0
85.602692,27.535902,0
85.602608,27.536008,0
85.602568,27.536097,0
85.602603,27.536196,0
85.602547,27.536294,0
85.602514,27.53641,0
85.602575,27.536502,0
85.602691,27.536564,0
85.602731,27.536652,0
85.602765,27.536756,0
85.602817,27.536882,0
85.602847,27.53701,0
85.602899,27.53712,0
85.602934,27.537232,0
85.602975,27.537345,0
85.602979,27.53746,0
85.602992,27.537569,0
85.603023,27.53768,0
85.603028,27.537792,0
85.603022,27.537893,0
85.602947,27.537968,0
85.602878,27.538071,0
85.602837,27.538188,0
85.602802,27.53831,0
85.602838,27.538411,0
85.602972,27.538419,0
85.603079,27.538421,0
85.603222,27.538396,0
85.603366,27.538407,0
85.60347,27.538459,0
85.60356,27.538556,0
85.603702,27.538626,0
85.60385,27.538715,0
85.603994,27.538793,0
85.604124,27.538862,0
85.604216,27.538945,0
85.604218,27.539056,0
85.604216,27.539165,0
85.604215,27.539281,0
85.604261,27.539369,0
85.604338,27.539462,0
85.604449,27.53952,0
85.604539,27.539578,0
85.604681,27.539572,0
85.604791,27.539553,0
85.6049,27.539549,0
85.605027,27.539611,0
85.605094,27.539681,0
85.605182,27.539771,0
85.605305,27.539808,0
85.605421,27.539807,0
85.605496,27.539913,0
85.605524,27.540036,0
85.605576,27.540141,0
85.605631,27.54022,0
85.605702,27.540306,0
85.605784,27.540386,0
85.605872,27.540469,0
85.605953,27.540532,0
85.60607,27.540591,0
85.606158,27.540645,0
85.60626,27.540719,0
85.606306,27.540829,0
85.606349,27.54094,0
85.6064,27.541037,0
85.606467,27.541148,0
85.606557,27.541231,0
85.606661,27.541291,0
85.606798,27.541358,0
85.606921,27.541459,0
85.607025,27.541553,0
85.607098,27.541659,0
85.607129,27.541775,0
85.607136,27.541905,0
85.607208,27.542014,0
85.607256,27.542121,0
85.60723,27.542215,0
85.607211,27.542324,0
85.607239,27.542445,0
85.607294,27.542548,0
85.607362,27.542638,0
85.607406,27.542749,0
85.60743,27.542882,0
85.607455,27.543027,0
85.607488,27.543139,0
85.607501,27.543268,0
85.607563,27.543383,0
85.607646,27.543448,0
85.607755,27.543474,0
85.607879,27.543412,0
85.608004,27.543392,0
85.608116,27.5434,0
85.60827,27.543461,0
85.608356,27.543526,0
85.6084,27.543641,0
85.608482,27.543762,0
85.608574,27.543875,0
85.60869,27.543977,0
85.608794,27.544059,0
85.608883,27.544125,0
85.608966,27.544195,0
85.609036,27.544296,0
85.609132,27.544388,0
85.609205,27.544482,0
85.609305,27.544546,0
85.609401,27.544656,0
85.609511,27.544765,0
85.609568,27.544887,0
85.609592,27.545007,0
85.609545,27.54513,0
85.609507,27.545281,0
85.609499,27.545425,0
85.609534,27.545569,0
85.609551,27.545695,0
85.609512,27.545797,0
85.609504,27.545915,0
85.609468,27.546042,0
85.609436,27.546161,0
85.609409,27.546285,0
85.609445,27.546394,0
85.609474,27.546525,0
85.609519,27.546668,0
85.609563,27.546798,0
85.60963,27.546927,0
85.609685,27.547044,0
85.609799,27.547125,0
85.609887,27.547218,0
85.609931,27.547308,0
85.609954,27.547399,0
85.609981,27.547504,0
85.609989,27.547604,0
85.610019,27.547714,0
85.609995,27.547804,0
85.609958,27.547931,0
85.609915,27.548033,0
85.609884,27.54814,0
85.609871,27.548234,0
85.609877,27.548341,0
85.609903,27.548442,0
85.609934,27.548565,0
85.609954,27.548679,0
85.609946,27.54881,0
85.60993,27.548922,0
85.609944,27.54902,0
85.610043,27.549049,0
85.610152,27.549097,0
85.610266,27.549084,0
85.610368,27.549102,0
85.610493,27.54913,0
85.610595,27.549176,0
85.610662,27.549254,0
85.610738,27.549369,0
85.610848,27.549417,0
85.610976,27.549468,0
85.61103,27.549548,0
85.611005,27.549649,0
85.610927,27.549709,0
85.610826,27.549773,0
85.610682,27.549831,0
85.610554,27.549891,0
85.610471,27.549969,0
85.610442,27.550065,0
85.61051,27.550173,0
85.61057,27.550284,0
85.610569,27.550403,0
85.610552,27.550516,0
85.610526,27.550634,0
85.610514,27.550736,0
85.610493,27.550845,0
85.610502,27.550945,0
85.610551,27.551042,0
85.610605,27.551145,0
85.610666,27.551254,0
85.610597,27.551368,0
85.610506,27.55142,0
85.610349,27.551469,0
85.610201,27.551521,0
85.610075,27.551552,0
85.609953,27.551597,0
85.60995,27.551719,0
85.609982,27.551815,0
85.610006,27.551936,0
85.610031,27.552051,0
85.610063,27.552139,0
85.610113,27.552227,0
85.610174,27.552314,0
85.610268,27.552396,0
85.610323,27.552489,0
85.610215,27.552494,0
85.610335,27.552375,0
85.610177,27.552452,0
85.610243,27.552458,0
</coordinates>
</LineString>
</Placemark>
<Placemark>
<name/>
<styleUrl>#line-0000FF-2000-nodesc</styleUrl>
<LineString>
<tessellate>1</tessellate>
<coordinates>
85.610243,27.552458,1707
85.610282,27.552461,1709
85.610175,27.552481,1703
85.610057,27.552531,1703
85.609934,27.552502,1703
85.60983,27.552484,1705
85.609737,27.552434,1705
85.609594,27.552364,1705
85.609481,27.552338,1705
85.60936,27.552322,1705
85.609213,27.552346,1705
85.609117,27.552379,1704
85.609011,27.5524,1702
85.6089,27.552444,1700
85.608803,27.5525,1699
85.60868,27.552563,1696
85.608593,27.55262,1694
85.608487,27.552683,1692
85.608383,27.552748,1691
85.608275,27.552813,1690
85.608159,27.552881,1688
85.608072,27.552927,1686
85.607937,27.552981,1687
85.607812,27.553019,1687
85.607659,27.55309,1685
85.607511,27.553143,1685
85.607379,27.55315,1687
85.607263,27.553181,1686
85.60712,27.553164,1684
85.607016,27.553177,1684
85.606864,27.553217,1684
85.606747,27.553307,1684
85.60662,27.553351,1680
85.606504,27.553439,1681
85.606407,27.553542,1679
85.606291,27.553626,1678
85.606189,27.553702,1676
85.606095,27.553766,1675
85.605979,27.553784,1674
85.605847,27.553781,1674
85.605681,27.553801,1675
85.605495,27.55384,1674
85.605316,27.553879,1672
85.605144,27.553914,1671
85.605019,27.55396,1670
85.60489,27.554035,1670
85.60473,27.554118,1669
85.604627,27.554153,1669
85.604528,27.55419,1669
85.604418,27.554222,1670
85.604299,27.554249,1670
85.604195,27.554279,1670
85.604008,27.554319,1671
85.603827,27.554365,1672
85.603648,27.554404,1672
85.603506,27.554442,1674
85.603395,27.554508,1673
85.60324,27.554624,1670
85.603145,27.554688,1669
85.603057,27.554755,1669
85.602958,27.554824,1668
85.602865,27.554892,1668
85.602774,27.554947,1667
85.602688,27.554996,1668
85.602505,27.555051,1668
85.602391,27.555066,1668
85.602281,27.555053,1671
85.602055,27.554999,1672
85.601936,27.554986,1672
85.601824,27.554983,1672
85.601717,27.554976,1672
85.601616,27.554968,1672
85.601408,27.55496,1674
85.601211,27.55498,1675
85.601019,27.555045,1678
85.600887,27.555136,1680
85.600723,27.555217,1680
85.600576,27.555292,1682
85.600481,27.555384,1683
85.600428,27.55549,1684
85.600344,27.55557,1685
85.600232,27.555622,1685
85.600089,27.555675,1684
85.599986,27.555688,1683
85.599836,27.555703,1682
85.599671,27.555766,1682
85.599522,27.555822,1681
85.599379,27.555883,1680
85.599237,27.555952,1680
85.5991,27.556024,1680
85.598981,27.556111,1679
85.59887,27.556201,1677
85.598751,27.556303,1677
85.598655,27.55641,1676
85.598591,27.556517,1676
85.598563,27.556639,1677
85.598512,27.556774,1676
85.598437,27.556893,1678
85.598348,27.557035,1679
85.598246,27.557175,1679
85.598147,27.557282,1680
85.597998,27.557351,1681
85.597862,27.557446,1680
85.597777,27.55759,1679
85.597738,27.557739,1680
85.597717,27.557831,1680
85.597666,27.557968,1680
85.597637,27.558075,1681
85.597614,27.558198,1681
85.597568,27.558341,1681
85.597523,27.558483,1682
85.597487,27.558641,1683
85.59745,27.558806,1682
85.597445,27.558971,1681
85.597478,27.559144,1679
85.597486,27.559308,1679
85.597447,27.559463,1676
85.597384,27.559609,1676
85.597276,27.559756,1675
85.597184,27.559903,1672
85.597144,27.559996,1672
85.597031,27.560138,1670
85.596982,27.560221,1670
85.596916,27.560311,1670
85.596799,27.56041,1669
85.59667,27.560514,1667
85.596561,27.560636,1666
85.596481,27.560787,1664
85.59642,27.560887,1664
85.596331,27.561058,1663
85.596273,27.561143,1662
85.596225,27.561229,1661
85.596148,27.561375,1662
85.596083,27.561497,1661
85.596022,27.561623,1660
85.595985,27.561753,1660
85.595942,27.561892,1661
85.595868,27.562031,1658
85.59577,27.562165,1661
85.595659,27.562298,1662
85.59559,27.562381,1661
85.595531,27.56246,1661
85.595395,27.562598,1663
85.595229,27.562709,1666
85.595146,27.562764,1667
85.595011,27.562875,1669
85.594906,27.562997,1670
85.594846,27.563156,1670
85.594818,27.563249,1670
85.594751,27.563409,1668
85.594712,27.563495,1668
85.594633,27.563647,1666
85.594548,27.563806,1663
85.594451,27.563896,1664
85.594359,27.563963,1662
85.594261,27.564025,1661
85.594164,27.564082,1662
85.59408,27.564139,1663
85.593914,27.564226,1663
85.593793,27.564355,1664
85.593777,27.564496,1666
85.593762,27.564664,1666
85.593742,27.564815,1666
85.593701,27.564976,1668
85.593652,27.565132,1670
85.593578,27.565267,1673
85.593476,27.565386,1676
85.593382,27.565503,1677
85.593275,27.565632,1679
85.593221,27.56571,1681
85.593144,27.565857,1682
85.593057,27.566005,1683
85.592957,27.566137,1685
85.592819,27.56624,1688
85.59266,27.566288,1690
85.592478,27.56634,1690
85.592314,27.566425,1692
85.592145,27.566519,1693
85.592,27.566635,1693
85.591855,27.566755,1695
85.591694,27.566825,1694
85.591531,27.566925,1694
85.591455,27.566991,1694
85.591312,27.567105,1690
85.591243,27.567178,1687
85.591108,27.567286,1683
85.590967,27.567388,1681
85.59088,27.567439,1680
85.590728,27.567547,1679
85.590593,27.567692,1676
85.590478,27.567822,1674
85.590408,27.567899,1672
85.590318,27.568034,1670
85.590229,27.568183,1666
85.590146,27.56834,1664
85.590107,27.568429,1662
85.590025,27.568576,1663
85.589932,27.568712,1662
85.589829,27.568818,1661
85.589705,27.568883,1660
85.589589,27.568967,1660
85.589441,27.569048,1659
85.589307,27.569126,1657
85.589172,27.569196,1657
85.589032,27.569276,1656
85.588888,27.569341,1654
85.588722,27.569381,1652
85.588546,27.569409,1652
85.588365,27.569435,1651
85.588271,27.569472,1651
85.58812,27.569554,1649
85.588016,27.569635,1649
85.587877,27.569728,1648
85.587762,27.569825,1647
85.587634,27.569928,1646
85.587501,27.570024,1645
85.587362,27.570106,1643
85.587235,27.570178,1644
85.587117,27.570241,1642
85.587035,27.570299,1645
85.586927,27.570361,1648
85.5868,27.57045,1651
85.586704,27.570534,1651
85.586586,27.5706,1652
85.586489,27.570658,1653
85.586383,27.570715,1656
85.586261,27.570789,1658
85.586179,27.570876,1660
85.586113,27.570996,1662
85.586047,27.571142,1664
85.586044,27.571305,1668
85.586054,27.57144,1669
85.586031,27.571579,1670
85.586033,27.571697,1671
85.586056,27.571841,1673
85.586129,27.571984,1675
85.586233,27.572042,1676
85.586391,27.572081,1678
85.586539,27.572108,1679
85.586655,27.572133,1680
85.586755,27.572246,1680
85.586844,27.572391,1681
85.586915,27.572505,1682
85.586994,27.572626,1681
85.587009,27.57272,1680
85.586968,27.57282,1681
85.587002,27.572968,1688
85.587048,27.573077,1688
85.587174,27.573153,1689
85.587288,27.57316,1690
85.587424,27.573139,1691
85.587521,27.573097,1692
85.587678,27.573093,1691
85.587788,27.573163,1693
85.587768,27.573272,1693
85.587648,27.573296,1692
85.587547,27.573298,1694
85.587388,27.573291,1695
85.587282,27.573307,1695
85.58717,27.573329,1698
85.587064,27.573349,1698
85.586951,27.573338,1701
85.586842,27.573259,1702
85.586774,27.573125,1703
85.586692,27.573021,1705
85.586607,27.572897,1704
85.586557,27.572818,1705
85.586471,27.572659,1705
85.586382,27.572517,1706
85.586286,27.572406,1707
85.586161,27.57236,1707
85.586016,27.572355,1706
85.585883,27.572323,1707
85.585764,27.572387,1707
85.585659,27.572462,1707
85.585524,27.572506,1704
85.585406,27.572523,1704
85.585305,27.572529,1702
85.585191,27.572504,1699
85.585047,27.572515,1699
85.584939,27.572559,1699
85.584847,27.572614,1697
85.584701,27.572679,1698
85.584549,27.572696,1695
85.584419,27.572709,1694
85.58428,27.572704,1692
85.584144,27.572696,1690
85.584031,27.572664,1689
85.583911,27.572672,1690
85.583771,27.572672,1688
85.583629,27.572685,1689
85.583479,27.572689,1689
85.583306,27.572722,1688
85.583262,27.572832,1688
85.583194,27.572904,1685
85.58306,27.572981,1682
85.582983,27.573065,1678
85.582903,27.573146,1677
85.582844,27.573243,1673
85.58279,27.573333,1672
85.582728,27.573411,1670
85.582649,27.573471,1668
85.582535,27.573475,1668
85.582415,27.573442,1666
85.582364,27.573352,1664
85.582258,27.573256,1662
85.582127,27.573173,1662
85.582006,27.573101,1660
85.581861,27.573026,1662
85.581712,27.572895,1664
85.581617,27.572828,1667
85.581438,27.572793,1668
85.581276,27.572803,1668
85.581129,27.572863,1667
85.580983,27.572839,1666
85.580823,27.572813,1664
85.580723,27.572858,1665
85.580646,27.573004,1665
85.580584,27.573143,1663
85.580496,27.573256,1660
85.580378,27.573387,1656
85.580266,27.573542,1654
85.580181,27.573592,1652
85.580105,27.57366,1648
85.579965,27.573747,1646
85.579851,27.573792,1642
85.579724,27.573881,1639
85.579592,27.573952,1634
85.579452,27.574044,1630
85.579308,27.574153,1625
85.579179,27.57422,1624
85.579028,27.574268,1622
85.578872,27.574307,1618
85.578717,27.574357,1617
85.578592,27.574403,1616
85.578599,27.574529,1611
85.578688,27.574584,1611
85.578841,27.574628,1610
85.57898,27.57458,1607
85.57909,27.574544,1607
85.579239,27.574485,1608
85.579383,27.574445,1610
85.579535,27.574465,1611
85.579688,27.574483,1609
85.57978,27.574557,1610
85.579845,27.574655,1608
85.579904,27.574749,1604
85.579998,27.574828,1605
85.580121,27.574756,1603
85.580215,27.574664,1600
85.580331,27.574576,1599
85.580436,27.57452,1598
85.580597,27.574533,1596
85.580721,27.574485,1596
85.580836,27.574414,1593
85.580909,27.574333,1589
85.581032,27.574291,1587
85.58101,27.57439,1585
85.580967,27.574475,1585
85.580916,27.574577,1584
85.580871,27.574725,1583
85.580877,27.574849,1581
85.580756,27.574893,1578
85.58064,27.575,1579
85.580547,27.575085,1579
85.580534,27.575203,1579
85.580531,27.575345,1576
85.580523,27.575509,1573
85.580539,27.575599,1574
85.580554,27.575733,1571
85.580521,27.575846,1570
85.580435,27.575901,1568
85.580308,27.575857,1568
85.580192,27.575842,1566
85.580053,27.575807,1564
85.579878,27.575753,1564
85.57971,27.57567,1560
85.579637,27.575582,1561
85.579506,27.575469,1560
85.57939,27.57538,1559
85.579237,27.575398,1557
85.579043,27.575426,1556
85.578905,27.575507,1555
85.578751,27.575501,1553
85.578642,27.57546,1552
85.578525,27.57537,1551
85.578384,27.575307,1549
85.578237,27.575317,1547
85.578065,27.575339,1545
85.577898,27.575347,1540
85.577744,27.575381,1538
85.577639,27.575451,1534
85.57752,27.575447,1532
85.5774,27.575377,1527
85.577282,27.575256,1525
85.57716,27.575238,1524
85.577009,27.575208,1524
85.576838,27.57521,1524
85.576736,27.575274,1522
85.576579,27.575293,1522
85.576443,27.5753,1521
85.576325,27.57528,1516
85.576211,27.57532,1516
85.576097,27.575294,1515
85.575946,27.575328,1511
85.575889,27.575228,1507
85.575867,27.575115,1504
85.575811,27.57501,1502
85.575756,27.574934,1500
85.575702,27.574837,1499
85.575602,27.574728,1498
85.575522,27.57463,1495
85.575358,27.574588,1495
85.575251,27.574588,1495
85.575106,27.574576,1495
85.574986,27.574588,1493
85.574886,27.574608,1493
85.574806,27.574664,1489
85.574662,27.574666,1488
85.574526,27.574587,1483
85.574518,27.574483,1482
85.574486,27.574383,1480
85.574437,27.574277,1478
85.574347,27.574226,1477
85.574231,27.574214,1476
85.574116,27.574223,1476
85.573974,27.57424,1474
85.573835,27.574249,1472
85.5737,27.574271,1470
85.573585,27.574281,1472
85.573536,27.574197,1474
85.573361,27.57411,1474
85.573246,27.574052,1475
85.573121,27.574005,1473
85.572985,27.57396,1473
85.572895,27.573903,1474
85.572773,27.573869,1473
85.572663,27.573834,1473
85.572552,27.573801,1475
85.572453,27.57376,1472
85.572352,27.573728,1475
85.572239,27.573699,1477
85.572085,27.573796,1478
85.571961,27.573834,1481
85.571874,27.573881,1482
85.571787,27.573935,1481
85.571689,27.573991,1483
85.571546,27.574044,1488
85.571437,27.574089,1489
85.571312,27.574131,1492
85.571223,27.5742,1495
85.571065,27.574246,1495
85.570957,27.574267,1498
85.570816,27.5743,1498
85.570664,27.574319,1499
85.570516,27.574387,1500
85.570374,27.574477,1502
85.570257,27.574562,1502
85.570192,27.574692,1501
85.570149,27.574837,1502
85.57011,27.575004,1502
85.570053,27.575173,1503
85.570005,27.575328,1503
85.56995,27.575496,1504
85.569882,27.57563,1502
85.569747,27.575727,1502
85.569637,27.575792,1503
85.569553,27.575857,1503
85.56942,27.575995,1502
85.569356,27.576071,1501
85.569269,27.576161,1501
85.569188,27.576221,1504
85.569104,27.576284,1503
85.569013,27.576345,1503
85.568855,27.576415,1504
85.568705,27.576492,1504
85.568551,27.576571,1504
85.568388,27.576631,1504
85.568293,27.576669,1503
85.568178,27.576742,1501
85.568078,27.576781,1501
85.567932,27.576711,1502
85.567922,27.576568,1503
85.56788,27.576452,1504
85.567807,27.576338,1504
85.567701,27.576191,1506
85.567605,27.576062,1506
85.567573,27.575975,1506
85.567484,27.575817,1507
85.567441,27.575716,1507
85.567346,27.575591,1509
85.567278,27.575515,1508
85.567189,27.575441,1509
85.567049,27.575389,1509
85.566883,27.575443,1507
85.566726,27.575506,1504
85.566546,27.575586,1502
85.566451,27.575626,1501
85.566287,27.575696,1500
85.56614,27.575738,1498
85.566024,27.575793,1497
85.565879,27.575843,1498
85.565742,27.5758,1497
85.565662,27.575737,1497
85.565577,27.575632,1497
85.565502,27.575568,1498
85.565437,27.575494,1498
85.56538,27.575351,1498
85.565278,27.575208,1500
85.565152,27.575065,1498
85.565031,27.574941,1499
85.564914,27.574802,1500
85.564804,27.574646,1499
85.564683,27.574499,1499
85.564613,27.574422,1499
85.564534,27.57436,1500
85.564436,27.574289,1500
85.564362,27.574212,1500
85.564288,27.574142,1499
85.564218,27.574072,1499
85.56408,27.573944,1500
85.563963,27.573815,1499
85.563851,27.573695,1499
85.563717,27.573614,1497
85.563572,27.573568,1495
85.563404,27.573607,1493
85.563228,27.573656,1491
85.563065,27.573718,1490
85.562925,27.573739,1487
85.562774,27.573751,1486
85.562639,27.573758,1485
85.56252,27.57376,1481
85.562387,27.57375,1482
85.562237,27.573748,1482
85.562114,27.573759,1479
85.561979,27.573765,1476
85.561829,27.573762,1475
85.561676,27.573782,1471
85.56155,27.573793,1470
85.561421,27.573792,1468
85.561256,27.573778,1469
85.561069,27.573785,1466
85.560936,27.573783,1464
85.560828,27.573811,1464
85.560801,27.573935,1464
85.560771,27.574054,1462
85.560707,27.574178,1462
85.560573,27.574299,1462
85.560479,27.574364,1462
85.560384,27.574408,1463
85.560284,27.574462,1463
85.560175,27.574502,1463
85.559991,27.574559,1464
85.559821,27.574604,1464
85.559668,27.57465,1464
85.559528,27.574708,1465
85.559455,27.574809,1465
85.559334,27.574878,1467
85.559211,27.574899,1468
85.559099,27.57487,1468
85.558951,27.574822,1467
85.558756,27.574782,1465
85.558638,27.574791,1465
85.558426,27.574784,1465
85.558306,27.574781,1463
85.558199,27.574792,1463
85.558079,27.574791,1462
85.557954,27.574787,1461
85.557834,27.574772,1461
85.557721,27.574764,1460
85.557605,27.574758,1460
85.557495,27.574753,1458
85.55738,27.574738,1460
85.557272,27.574729,1460
85.557162,27.574721,1459
85.557045,27.574684,1459
85.556928,27.574664,1458
85.556817,27.574641,1460
85.556704,27.574616,1458
85.556607,27.574586,1459
85.556508,27.574558,1459
85.556316,27.574501,1459
85.556138,27.57444,1458
85.555982,27.574403,1459
85.555813,27.574362,1458
85.55571,27.574347,1458
85.555605,27.574322,1458
85.555502,27.574307,1458
85.555315,27.574279,1458
85.55512,27.574234,1458
85.55501,27.574203,1458
85.554812,27.574157,1459
85.554707,27.574136,1459
85.554595,27.574102,1459
85.554479,27.574063,1459
85.55437,27.574028,1459
85.554256,27.574006,1458
85.554154,27.573987,1460
85.553977,27.573965,1459
85.553816,27.573927,1458
85.553622,27.573902,1456
85.553513,27.573883,1456
85.553334,27.57388,1455
85.553148,27.573879,1453
85.552975,27.573905,1451
85.552799,27.573955,1449
85.552624,27.57399,1447
85.552495,27.573998,1444
85.552353,27.573942,1441
85.552216,27.573904,1439
85.552052,27.573892,1436
85.551917,27.573911,1434
85.551805,27.573935,1434
85.551646,27.573966,1433
85.551475,27.573969,1431
85.551335,27.573967,1430
85.551215,27.573971,1429
85.551112,27.573973,1430
85.551001,27.573993,1432
85.550886,27.574015,1432
85.55077,27.57405,1432
85.550666,27.574106,1432
85.550543,27.574161,1432
85.550442,27.57422,1431
85.550305,27.574258,1432
85.550149,27.574304,1432
85.549973,27.574356,1431
85.549799,27.574411,1432
85.549625,27.574465,1433
85.549439,27.574514,1432
85.549249,27.574568,1432
85.549057,27.574622,1432
85.548957,27.574663,1432
85.548789,27.57476,1432
85.548624,27.574848,1434
85.548436,27.574897,1434
85.548335,27.574926,1434
85.548232,27.574955,1434
85.54813,27.574985,1434
85.548032,27.575012,1435
85.547855,27.575059,1435
85.547715,27.575086,1435
85.547601,27.575098,1436
85.547499,27.575096,1436
85.547395,27.575124,1437
85.547279,27.575127,1438
85.547147,27.575152,1438
85.546993,27.575175,1438
85.546882,27.575181,1439
85.546744,27.575158,1440
85.54661,27.575092,1440
85.54646,27.575037,1442
85.546284,27.575011,1444
85.546121,27.575072,1443
85.54597,27.575156,1446
85.54586,27.57528,1446
85.545778,27.575422,1448
85.54568,27.57557,1449
85.545566,27.575723,1449
85.545431,27.575835,1451
85.545289,27.575942,1453
85.545132,27.576036,1455
85.54497,27.576124,1456
85.544807,27.576198,1457
85.544646,27.576294,1459
85.544556,27.576349,1459
85.544468,27.576402,1460
85.544394,27.576464,1459
85.544321,27.57653,1459
85.544248,27.576603,1458
85.544167,27.576679,1460
85.544104,27.576759,1460
85.544043,27.576843,1459
85.543981,27.57693,1460
85.543927,27.577016,1460
85.543871,27.577097,1460
85.543804,27.577169,1461
85.543675,27.57731,1462
85.543555,27.577413,1463
85.543448,27.577526,1463
85.543297,27.577627,1463
85.543126,27.577714,1463
85.543039,27.577764,1463
85.542877,27.577816,1462
85.542693,27.57782,1462
85.542505,27.577761,1463
85.542404,27.577721,1462
85.542304,27.577673,1462
85.542187,27.577644,1462
85.542073,27.577623,1463
85.541962,27.577599,1464
85.541769,27.577547,1464
85.541601,27.577474,1464
85.541438,27.57738,1464
85.54132,27.577358,1464
85.541211,27.577405,1465
85.541148,27.577516,1467
85.541095,27.577659,1468
85.541058,27.57781,1468
85.541029,27.577982,1470
85.540997,27.578153,1472
85.54094,27.578297,1475
85.54084,27.578416,1476
85.540686,27.578476,1477
85.540519,27.578552,1479
85.540335,27.578635,1479
85.540243,27.578677,1480
85.540153,27.578726,1481
85.540065,27.578773,1482
85.539913,27.578864,1484
85.539737,27.578922,1485
85.539587,27.578972,1484
85.539426,27.578998,1484
85.53924,27.579053,1481
85.539085,27.579127,1478
85.538941,27.579217,1476
85.538806,27.579308,1473
85.538672,27.579418,1472
85.538526,27.579525,1471
85.538348,27.57956,1470
85.538237,27.579564,1471
85.538133,27.579556,1472
85.538021,27.579536,1472
85.537916,27.579499,1473
85.537811,27.579462,1473
85.5377,27.579429,1473
85.537586,27.579413,1474
85.53748,27.579403,1475
85.537377,27.579375,1475
85.537285,27.579323,1475
85.53714,27.579216,1476
85.536963,27.579162,1477
85.536816,27.579079,1477
85.536688,27.579047,1478
85.536587,27.579036,1477
85.536462,27.579057,1476
85.536324,27.579081,1475
85.536159,27.579118,1473
85.536018,27.579133,1472
85.5359,27.579134,1471
85.535787,27.579108,1468
85.535688,27.57915,1472
85.535602,27.579202,1470
85.535501,27.579259,1466
85.535379,27.579317,1466
85.535275,27.57937,1463
85.53515,27.57942,1463
85.53508,27.579496,1455
85.534955,27.579583,1454
85.53482,27.579643,1453
85.534672,27.57973,1449
85.534512,27.5798,1449
85.53434,27.579847,1447
85.534166,27.579877,1448
85.533991,27.579842,1450
85.533829,27.579763,1452
85.533675,27.579717,1453
85.533521,27.579713,1455
85.533372,27.579733,1458
85.533222,27.579789,1458
85.533072,27.579866,1460
85.532944,27.579992,1459
85.532804,27.58012,1460
85.532729,27.580187,1460
85.532657,27.580255,1459
85.532514,27.580377,1460
85.532436,27.580436,1460
85.532286,27.580541,1458
85.532157,27.580651,1458
85.532054,27.580756,1457
85.531961,27.58088,1455
85.53185,27.580989,1453
85.531689,27.581103,1451
85.531609,27.581167,1449
85.531508,27.581204,1447
85.531389,27.581237,1449
85.53128,27.581267,1450
85.531176,27.581294,1451
85.531027,27.581326,1452
85.530885,27.581402,1453
85.530753,27.581512,1454
85.530628,27.581637,1453
85.530491,27.581769,1455
85.530404,27.581828,1455
85.53031,27.581885,1456
85.530216,27.581939,1455
85.530111,27.581988,1456
85.530004,27.582038,1456
85.529896,27.582094,1457
85.529803,27.582138,1457
85.529695,27.582197,1458
85.529593,27.582248,1458
85.529492,27.582304,1458
85.529388,27.582362,1457
85.529287,27.582421,1457
85.529183,27.582483,1457
85.529076,27.582543,1456
85.528966,27.582604,1456
85.528869,27.58266,1456
85.528759,27.582702,1457
85.528675,27.582759,1458
85.528573,27.582813,1457
85.528495,27.582874,1457
85.528352,27.582983,1457
85.528214,27.583098,1455
85.528047,27.583186,1454
85.527953,27.583227,1453
85.527803,27.583323,1450
85.52771,27.583364,1450
85.527527,27.58344,1448
85.527431,27.583475,1447
85.527247,27.583552,1447
85.527156,27.583613,1447
85.527066,27.583674,1447
85.526979,27.58373,1447
85.52687,27.583776,1446
85.526758,27.583819,1447
85.526651,27.583863,1446
85.526536,27.583907,1447
85.526431,27.583951,1446
85.52634,27.584003,1445
85.526206,27.584089,1444
85.526116,27.584154,1443
85.526024,27.584192,1443
85.525931,27.584252,1443
85.525833,27.584312,1444
85.525682,27.584371,1445
85.525539,27.584451,1444
85.525362,27.584518,1446
85.525266,27.584549,1445
85.525162,27.584581,1445
85.525063,27.584613,1447
85.52496,27.584652,1446
85.52486,27.584689,1445
85.524668,27.584767,1445
85.524504,27.58485,1446
85.524418,27.584908,1445
85.524337,27.584967,1446
85.524257,27.585034,1446
85.52411,27.585155,1445
85.523924,27.585252,1445
85.523739,27.585311,1446
85.523567,27.585337,1447
85.523464,27.585344,1447
85.523359,27.585336,1447
85.523166,27.585317,1447
85.52298,27.585307,1447
85.522783,27.585333,1447
85.522682,27.585364,1447
85.522581,27.58539,1448
85.522478,27.585414,1447
85.522364,27.585433,1447
85.522247,27.58545,1447
85.522132,27.585464,1446
85.522013,27.585485,1446
85.521898,27.585511,1446
85.521741,27.585551,1447
85.521602,27.585587,1447
85.521428,27.585626,1447
85.521232,27.58564,1447
85.521028,27.585643,1447
85.520834,27.585652,1446
85.520655,27.585636,1445
85.520468,27.585594,1444
85.520368,27.585578,1444
85.520264,27.585559,1443
85.520093,27.585523,1442
85.519926,27.585505,1443
85.519742,27.585497,1443
85.519605,27.585515,1443
85.519461,27.585554,1445
85.519314,27.585603,1446
85.519162,27.585645,1448
85.519048,27.585684,1448
85.51896,27.585746,1449
85.518846,27.585818,1451
85.518701,27.585875,1453
85.518524,27.58593,1454
85.51834,27.585995,1453
85.518251,27.586048,1453
85.518162,27.586108,1453
85.51808,27.586163,1454
85.517991,27.58622,1454
85.517842,27.586324,1454
85.517707,27.586401,1454
85.517598,27.586492,1453
85.517459,27.586578,1451
85.517297,27.586647,1450
85.517132,27.586677,1450
85.516959,27.58669,1450
85.516782,27.586702,1448
85.516602,27.586709,1448
85.516451,27.586699,1447
85.516274,27.586687,1447
85.516096,27.586663,1447
85.51592,27.586656,1447
85.515757,27.586656,1447
85.515587,27.586649,1446
85.515413,27.586641,1447
85.515272,27.586678,1446
85.515116,27.586688,1446
85.514958,27.586723,1446
85.51483,27.586751,1446
85.514705,27.586771,1446
85.514598,27.58678,1446
85.514499,27.586806,1445
85.514396,27.586812,1444
85.514234,27.586792,1444
85.514097,27.586793,1443
85.51399,27.586803,1443
85.513864,27.586797,1443
85.513757,27.586826,1442
85.513638,27.586819,1443
85.513542,27.586853,1444
85.513489,27.586847,1444
</coordinates>
</LineString>
</Placemark>
<Placemark>
<name/>
<styleUrl>#line-FF0000-2000-nodesc</styleUrl>
<LineString>
<tessellate>1</tessellate>
<coordinates>
85.610619,27.552302,0
85.612292,27.551465,0
85.613322,27.551237,0
85.614481,27.550628,0
85.615382,27.550095,0
85.616112,27.550019,0
85.616541,27.549106,0
85.617013,27.548535,0
85.617185,27.547926,0
85.618343,27.547774,0
85.618815,27.547127,0
85.618558,27.54629,0
85.61933,27.54591,0
85.620103,27.545301,0
85.621305,27.54473,0
85.622807,27.544502,0
85.623751,27.54454,0
85.624566,27.544844,0
85.625682,27.544388,0
85.627356,27.543665,0
85.628471,27.543398,0
85.629544,27.543436,0
85.628557,27.543132,0
85.628214,27.542714,0
85.628042,27.542257,0
85.628042,27.541762,0
85.627248,27.541093,0
85.627267,27.540993,0
85.627325,27.540878,0
85.627379,27.540798,0
85.627446,27.540722,0
85.627444,27.54061,0
85.627423,27.540475,0
85.627365,27.540355,0
85.627335,27.540268,0
85.627295,27.540184,0
85.627297,27.540278,0
85.627345,27.540391,0
85.627381,27.540481,0
85.627419,27.54057,0
85.627345,27.540493,0
85.627285,27.540391,0
85.627256,27.540294,0
85.62721,27.540186,0
85.627228,27.54007,0
85.627238,27.539968,0
85.627246,27.539859,0
85.627262,27.539761,0
85.627296,27.539667,0
85.627244,27.53956,0
85.627185,27.53947,0
85.627097,27.539343,0
85.626981,27.539214,0
85.626933,27.539121,0
85.626906,27.539028,0
85.626922,27.538907,0
85.626903,27.538794,0
85.626794,27.538739,0
85.626683,27.538652,0
85.626672,27.538542,0
85.62668,27.53844,0
85.626684,27.538317,0
85.62663,27.538212,0
85.626514,27.538126,0
85.626397,27.538009,0
85.626363,27.537923,0
85.626347,27.537821,0
85.626347,27.53771,0
85.626376,27.5376,0
85.626384,27.537506,0
85.626398,27.53741,0
85.626429,27.537321,0
85.626467,27.537198,0
85.626476,27.537098,0
85.626498,27.536964,0
85.626486,27.536845,0
85.626448,27.536752,0
85.626411,27.536638,0
85.626345,27.536546,0
85.626232,27.536489,0
85.626113,27.536394,0
85.626068,27.536308,0
85.626045,27.53621,0
85.625983,27.536097,0
85.625923,27.535979,0
85.625895,27.53588,0
85.625907,27.535748,0
85.625911,27.535651,0
85.625835,27.535576,0
85.625705,27.535596,0
85.625592,27.535587,0
85.625504,27.535642,0
85.625378,27.535658,0
85.625258,27.535645,0
85.625089,27.535633,0
85.624999,27.535565,0
85.624936,27.535469,0
85.624877,27.535383,0
85.624748,27.535317,0
85.624639,27.535245,0
85.624589,27.535116,0
85.624493,27.53506,0
85.624378,27.535137,0
85.624285,27.535213,0
85.624191,27.535291,0
85.624054,27.535293,0
85.623964,27.53525,0
85.623822,27.535215,0
85.623707,27.535186,0
85.62359,27.535156,0
85.623494,27.535088,0
85.623475,27.534974,0
85.623398,27.534892,0
85.623286,27.53492,0
85.623181,27.534981,0
85.62308,27.53502,0
85.622965,27.535052,0
85.622826,27.535034,0
85.622722,27.535025,0
85.622626,27.534993,0
85.622548,27.534935,0
85.622495,27.534828,0
85.622512,27.534724,0
85.622551,27.534595,0
85.622596,27.534502,0
85.622626,27.534389,0
85.622656,27.534294,0
85.622675,27.534151,0
85.622628,27.53404,0
85.622505,27.533935,0
85.62242,27.534017,0
85.622527,27.534112,0
85.622485,27.534217,0
85.62242,27.534287,0
85.622346,27.534356,0
85.622267,27.534428,0
85.62219,27.534498,0
85.622094,27.534608,0
85.62201,27.534669,0
85.6219,27.534758,0
85.621816,27.534829,0
85.621723,27.534931,0
85.62162,27.535018,0
85.621601,27.535115,0
85.621655,27.535208,0
85.621734,27.535302,0
85.621808,27.535392,0
85.621856,27.535482,0
85.621912,27.53556,0
85.622,27.535625,0
85.62209,27.53568,0
85.622098,27.535788,0
85.622052,27.535886,0
85.622097,27.535978,0
85.62211,27.53608,0
85.621993,27.536073,0
85.621926,27.535994,0
85.621936,27.535879,0
85.621911,27.535781,0
85.621793,27.535767,0
85.621671,27.535755,0
85.621581,27.535703,0
85.621507,27.535615,0
85.621409,27.53556,0
85.621291,27.5355,0
85.621214,27.535438,0
85.621132,27.535375,0
85.621031,27.53544,0
85.621116,27.535508,0
85.621185,27.535575,0
85.6212,27.535691,0
85.621117,27.535764,0
85.621063,27.535852,0
85.62117,27.535939,0
85.621271,27.535962,0
85.621336,27.536031,0
85.621318,27.536123,0
85.621259,27.536241,0
85.621266,27.536341,0
85.621339,27.53645,0
85.621312,27.536545,0
85.621195,27.536519,0
85.62112,27.536445,0
85.621111,27.536347,0
85.621038,27.536277,0
85.620928,27.536292,0
85.620812,27.536239,0
85.620734,27.536173,0
85.620649,27.536103,0
85.620578,27.536018,0
85.620537,27.535926,0
85.620481,27.535828,0
85.620442,27.535743,0
85.620394,27.53563,0
85.620368,27.535535,0
85.620325,27.535393,0
85.620306,27.535293,0
85.620287,27.535165,0
85.620236,27.535068,0
85.620161,27.535006,0
85.620029,27.534945,0
85.619926,27.534913,0
85.619816,27.534847,0
85.619805,27.534719,0
85.619754,27.534626,0
85.61969,27.53454,0
85.619654,27.534441,0
85.619542,27.534355,0
85.619408,27.534284,0
85.619306,27.534239,0
85.619206,27.534204,0
85.61906,27.534163,0
85.618929,27.534104,0
85.618826,27.534047,0
85.618697,27.534002,0
85.61857,27.533979,0
85.618455,27.53395,0
85.618369,27.533871,0
85.618265,27.533786,0
85.618236,27.533673,0
85.618232,27.533574,0
85.61822,27.533481,0
85.618202,27.533359,0
85.618231,27.533257,0
85.618288,27.533164,0
85.618251,27.53307,0
85.618148,27.53302,0
85.6181,27.532912,0
85.617979,27.5329,0
85.617861,27.532935,0
85.617751,27.532985,0
85.617641,27.533,0
85.61755,27.532888,0
85.617505,27.532791,0
85.617481,27.532693,0
85.617486,27.532602,0
85.617524,27.532495,0
85.617444,27.532425,0
85.61736,27.532346,0
85.617298,27.532251,0
85.617237,27.532179,0
85.617204,27.532088,0
85.617189,27.531993,0
85.617189,27.531895,0
85.617198,27.531796,0
85.617204,27.531701,0
85.617233,27.531608,0
85.617272,27.531491,0
85.617197,27.531388,0
85.617135,27.531303,0
85.617071,27.53119,0
85.617033,27.531084,0
85.617015,27.530977,0
85.617018,27.530856,0
85.617011,27.530742,0
85.617061,27.530637,0
85.617115,27.53054,0
85.617182,27.530449,0
85.61725,27.530347,0
85.617298,27.530248,0
85.617341,27.53015,0
85.617442,27.530065,0
85.617537,27.530002,0
85.617673,27.529936,0
85.617694,27.529824,0
85.617591,27.52983,0
85.617465,27.529882,0
85.617353,27.529894,0
85.617224,27.529926,0
85.617123,27.529962,0
85.617074,27.530042,0
85.617043,27.530142,0
85.616939,27.530164,0
85.616929,27.530051,0
85.617015,27.529904,0
85.617086,27.529833,0
85.617165,27.52977,0
85.617255,27.529695,0
85.617334,27.529637,0
85.617429,27.529565,0
85.617511,27.529502,0
85.617582,27.529437,0
85.617614,27.52935,0
85.617516,27.529307,0
85.617465,27.529395,0
85.617345,27.529439,0
85.617228,27.529472,0
85.617091,27.529536,0
85.616984,27.529608,0
85.61687,27.52968,0
85.61679,27.529737,0
85.616685,27.529821,0
85.616611,27.529888,0
85.616563,27.529987,0
85.616555,27.530083,0
85.616451,27.530109,0
85.616428,27.53002,0
85.616443,27.529901,0
85.616473,27.529783,0
85.616584,27.529629,0
85.616661,27.529566,0
85.616768,27.529507,0
85.616847,27.529426,0
85.616903,27.529325,0
85.616969,27.529229,0
85.617048,27.529172,0
85.617095,27.529074,0
85.61709,27.528978,0
85.617102,27.528886,0
85.617181,27.52879,0
85.617298,27.528774,0
85.617406,27.528781,0
85.617533,27.528798,0
85.617652,27.528818,0
85.617744,27.528749,0
85.61774,27.528602,0
85.617702,27.52846,0
85.617673,27.528372,0
85.617694,27.528279,0
85.617747,27.528359,0
85.617654,27.528307,0
85.617736,27.528364,0
85.617785,27.528251,0
85.61782,27.528143,0
85.617785,27.528025,0
85.617688,27.527943,0
85.61757,27.527893,0
85.617482,27.527785,0
85.617401,27.527707,0
85.61731,27.527647,0
85.617216,27.527597,0
85.617161,27.527688,0
85.617231,27.527761,0
85.617325,27.527833,0
85.617396,27.527929,0
85.617471,27.528032,0
85.617546,27.528129,0
85.617569,27.528251,0
85.617493,27.528358,0
85.617395,27.528381,0
85.617273,27.528373,0
85.617153,27.52835,0
85.617042,27.528349,0
85.616918,27.52836,0
85.616828,27.528403,0
85.616739,27.528461,0
85.616648,27.528517,0
85.616562,27.528589,0
85.616475,27.528541,0
85.616552,27.528434,0
85.616643,27.528374,0
85.616715,27.52831,0
85.616789,27.528237,0
85.616887,27.528199,0
85.616934,27.528101,0
85.616879,27.527981,0
85.616815,27.527874,0
85.616698,27.527803,0
85.616616,27.527736,0
85.616644,27.527645,0
85.616715,27.52756,0
85.616769,27.527451,0
85.616812,27.527327,0
85.616847,27.527228,0
85.616912,27.527092,0
85.616999,27.527003,0
85.617087,27.526935,0
85.617129,27.526851,0
85.617158,27.526695,0
85.617147,27.526536,0
85.617154,27.526413,0
85.617117,27.52631,0
85.617145,27.526209,0
85.61722,27.52613,0
85.617248,27.526028,0
85.617201,27.525913,0
85.617185,27.525794,0
85.617126,27.525665,0
85.617074,27.525554,0
85.617024,27.525442,0
85.617019,27.525335,0
85.617046,27.525214,0
85.617083,27.525106,0
85.617143,27.52499,0
85.617193,27.524865,0
85.617147,27.52477,0
85.61705,27.524657,0
85.617013,27.524562,0
85.616988,27.524458,0
85.616993,27.524355,0
85.617061,27.524269,0
85.617034,27.524158,0
85.616936,27.524046,0
85.616886,27.523961,0
85.616829,27.523876,0
85.616749,27.523728,0
85.616699,27.523645,0
85.616669,27.523517,0
85.616687,27.523402,0
85.616728,27.523286,0
85.616736,27.52314,0
85.616661,27.522983,0
85.616616,27.522892,0
85.616556,27.522758,0
85.616492,27.522653,0
85.616463,27.522544,0
85.616414,27.522463,0
85.61637,27.522364,0
85.616316,27.522262,0
85.616262,27.522173,0
85.61619,27.522096,0
85.616176,27.521978,0
85.616165,27.521869,0
85.616157,27.521764,0
85.616181,27.521604,0
85.616189,27.521493,0
85.616216,27.521352,0
85.616249,27.521239,0
85.616293,27.521117,0
85.616337,27.521034,0
85.616399,27.52096,0
85.616466,27.52089,0
85.61654,27.52081,0
85.616616,27.520745,0
85.61669,27.520661,0
85.616738,27.520553,0
85.61679,27.520438,0
85.616824,27.520331,0
85.616834,27.520212,0
85.616825,27.520108,0
85.616841,27.520004,0
85.616836,27.519909,0
85.616815,27.519725,0
85.616818,27.519628,0
85.616818,27.519522,0
85.616825,27.519411,0
85.616852,27.51928,0
85.616899,27.519158,0
85.61697,27.519035,0
85.617057,27.518875,0
85.617096,27.518789,0
85.617129,27.518701,0
85.617203,27.518563,0
85.617336,27.518465,0
85.61749,27.518348,0
85.617601,27.518223,0
85.617662,27.518076,0
85.617734,27.517976,0
85.617752,27.517881,0
85.617841,27.517777,0
85.617921,27.517713,0
85.61808,27.517605,0
85.61815,27.517506,0
85.618216,27.517412,0
85.618281,27.517336,0
85.618299,27.517245,0
85.618296,27.517143,0
85.618278,27.517044,0
85.618322,27.51688,0
85.618335,27.516782,0
85.618322,27.516677,0
85.618274,27.516595,0
85.61816,27.516588,0
85.618033,27.516663,0
85.617939,27.516763,0
85.617845,27.516841,0
85.617729,27.516906,0
85.617599,27.516972,0
85.617477,27.517044,0
85.617391,27.5171,0
85.617267,27.517176,0
85.617092,27.517214,0
85.616972,27.517236,0
85.61687,27.517243,0
85.616738,27.517249,0
85.616597,27.517254,0
85.616496,27.517233,0
85.61639,27.517202,0
85.616285,27.517192,0
85.616159,27.5172,0
85.616014,27.517215,0
85.61589,27.517234,0
85.615786,27.517275,0
85.615656,27.517336,0
85.615544,27.51738,0
85.615434,27.517367,0
85.615321,27.517343,0
85.615173,27.51735,0
85.61501,27.517324,0
85.614896,27.517306,0
85.61476,27.51737,0
85.614727,27.517466,0
85.614695,27.517577,0
85.614593,27.517659,0
85.614477,27.517689,0
85.614276,27.517735,0
85.614145,27.517706,0
85.614038,27.517684,0
85.613933,27.517679,0
85.613829,27.517708,0
85.613724,27.517686,0
85.61365,27.517613,0
85.613557,27.517498,0
85.613433,27.517472,0
85.61334,27.517423,0
85.613238,27.517383,0
85.613139,27.51736,0
85.613009,27.517333,0
85.612899,27.517316,0
85.612795,27.517289,0
85.61268,27.517262,0
85.612574,27.517259,0
85.612462,27.517279,0
85.612405,27.517354,0
85.612417,27.517451,0
85.612438,27.517549,0
85.612337,27.517616,0
85.612223,27.517628,0
85.612125,27.517679,0
85.612026,27.51776,0
85.611935,27.517844,0
85.611842,27.517935,0
85.611772,27.518005,0
85.611708,27.518108,0
85.611598,27.518141,0
85.611473,27.518181,0
85.611376,27.518255,0
85.611287,27.518304,0
85.611148,27.518339,0
85.611027,27.518394,0
85.610906,27.518427,0
85.610811,27.518354,0
85.610709,27.518336,0
85.61059,27.518375,0
85.610472,27.518413,0
85.610349,27.518418,0
85.610262,27.518368,0
85.61011,27.518376,0
85.610008,27.518385,0
85.609867,27.518416,0
85.609771,27.518456,0
85.609677,27.518512,0
85.609574,27.51855,0
85.609455,27.518602,0
85.609355,27.518647,0
85.609231,27.518696,0
85.609135,27.518741,0
85.609022,27.518793,0
85.608893,27.518826,0
85.608786,27.518839,0
85.608663,27.518879,0
85.608559,27.518945,0
85.608514,27.51905,0
85.60847,27.519163,0
85.60849,27.519264,0
85.608516,27.51936,0
85.608458,27.519469,0
85.608419,27.519576,0
85.608397,27.519691,0
85.608349,27.519785,0
85.608235,27.519902,0
85.608033,27.520046,0
85.607904,27.520078,0
85.607807,27.520112,0
85.607786,27.52021,0
85.60786,27.520281,0
85.607929,27.520392,0
85.607947,27.520526,0
85.607923,27.520627,0
85.607875,27.520752,0
85.607864,27.520865,0
85.60779,27.520946,0
85.60769,27.520901,0
85.60757,27.520862,0
85.607463,27.520868,0
85.607349,27.520862,0
85.60724,27.520819,0
85.607134,27.52076,0
85.607151,27.52066,0
85.607256,27.52059,0
85.607346,27.520535,0
85.607408,27.520432,0
85.607458,27.520264,0
85.60745,27.520149,0
85.607446,27.520055,0
85.607444,27.519961,0
85.607416,27.519852,0
85.607356,27.519757,0
85.607295,27.519678,0
85.607224,27.51956,0
85.607198,27.519441,0
85.607157,27.519334,0
85.607087,27.51925,0
85.607063,27.519151,0
85.607016,27.51905,0
85.606953,27.518962,0
85.606872,27.518886,0
85.606766,27.518817,0
85.606688,27.518708,0
85.606595,27.518633,0
85.6065,27.518547,0
85.606435,27.518463,0
85.606391,27.518365,0
85.606396,27.518254,0
85.60643,27.518167,0
85.606459,27.518051,0
85.606468,27.517938,0
85.60642,27.517848,0
85.606362,27.517735,0
85.606318,27.517615,0
85.606193,27.517574,0
85.606048,27.517626,0
85.605963,27.517675,0
85.605837,27.517656,0
85.605733,27.517565,0
85.605614,27.517493,0
85.605506,27.517413,0
85.605416,27.517371,0
85.60532,27.51733,0
85.605224,27.517287,0
85.605121,27.517238,0
85.60501,27.517206,0
85.604902,27.517191,0
85.604864,27.51719,0
</coordinates>
</LineString>
</Placemark>
</Folder>
<Folder>
<name>Points</name>
<Placemark>
<name>13</name>
<styleUrl>#icon-1899-DB4436-nodesc</styleUrl>
<Point>
<coordinates>
85.597373,27.495098,0
</coordinates>
</Point>
</Placemark>
<Placemark>
<name>03</name>
<styleUrl>#icon-1899-DB4436-nodesc</styleUrl>
<Point>
<coordinates>
85.627217,27.539518,0
</coordinates>
</Point>
</Placemark>
<Placemark>
<name>03</name>
<styleUrl>#icon-1899-DB4436-nodesc</styleUrl>
<Point>
<coordinates>
85.601174,27.532928,0
</coordinates>
</Point>
</Placemark>
<Placemark>
<name>09</name>
<styleUrl>#icon-1899-DB4436-nodesc</styleUrl>
<Point>
<coordinates>
85.610896,27.518419,0
</coordinates>
</Point>
</Placemark>
<Placemark>
<name>08</name>
<styleUrl>#icon-1899-DB4436-nodesc</styleUrl>
<Point>
<coordinates>
85.603674,27.51503,0
</coordinates>
</Point>
</Placemark>
<Placemark>
<name>04</name>
<styleUrl>#icon-1899-DB4436-nodesc</styleUrl>
<Point>
<coordinates>
85.548364,27.574918,0
</coordinates>
</Point>
</Placemark>
<Placemark>
<name>10</name>
<styleUrl>#icon-1899-DB4436-nodesc</styleUrl>
<Point>
<coordinates>
85.606191,27.517574,0
</coordinates>
</Point>
</Placemark>
<Placemark>
<name>03</name>
<styleUrl>#icon-1899-DB4436-nodesc</styleUrl>
<Point>
<coordinates>
85.540636,27.578499,0
</coordinates>
</Point>
</Placemark>
<Placemark>
<name>07</name>
<styleUrl>#icon-1899-DB4436-nodesc</styleUrl>
<Point>
<coordinates>
85.573713,27.574269,0
</coordinates>
</Point>
</Placemark>
<Placemark>
<name>04</name>
<styleUrl>#icon-1899-DB4436-nodesc</styleUrl>
<Point>
<coordinates>
85.599664,27.529373,0
</coordinates>
</Point>
</Placemark>
<Placemark>
<name>07</name>
<styleUrl>#icon-1899-DB4436-nodesc</styleUrl>
<Point>
<coordinates>
85.617196,27.525875,0
</coordinates>
</Point>
</Placemark>
<Placemark>
<name>12</name>
<styleUrl>#icon-1899-DB4436-nodesc</styleUrl>
<Point>
<coordinates>
85.602907,27.498018,0
</coordinates>
</Point>
</Placemark>
<Placemark>
<name>09</name>
<styleUrl>#icon-1899-DB4436-nodesc</styleUrl>
<Point>
<coordinates>
85.584238,27.572702,0
</coordinates>
</Point>
</Placemark>
<Placemark>
<name>11</name>
<styleUrl>#icon-1899-DB4436-nodesc</styleUrl>
<Point>
<coordinates>
85.594532,27.56382,0
</coordinates>
</Point>
</Placemark>
<Placemark>
<name>02</name>
<styleUrl>#icon-1899-DB4436-nodesc</styleUrl>
<Point>
<coordinates>
85.531843,27.580994,0
</coordinates>
</Point>
</Placemark>
<Placemark>
<name>14</name>
<styleUrl>#icon-1899-DB4436-nodesc</styleUrl>
<Point>
<coordinates>
85.610243,27.552458,0
</coordinates>
</Point>
</Placemark>
<Placemark>
<name>11</name>
<styleUrl>#icon-1899-DB4436-nodesc</styleUrl>
<Point>
<coordinates>
85.604173,27.502193,0
</coordinates>
</Point>
</Placemark>
<Placemark>
<name>16</name>
<styleUrl>#icon-1899-DB4436-nodesc</styleUrl>
<Point>
<coordinates>
85.575822,27.495349,0
</coordinates>
</Point>
</Placemark>
<Placemark>
<name>00</name>
<styleUrl>#icon-1899-DB4436-nodesc</styleUrl>
<Point>
<coordinates>
85.610243,27.552458,0
</coordinates>
</Point>
</Placemark>
<Placemark>
<name>04</name>
<styleUrl>#icon-1899-DB4436-nodesc</styleUrl>
<Point>
<coordinates>
85.62258,27.533999,0
</coordinates>
</Point>
</Placemark>
<Placemark>
<name>05</name>
<styleUrl>#icon-1899-DB4436-nodesc</styleUrl>
<Point>
<coordinates>
85.601627,27.527474,0
</coordinates>
</Point>
</Placemark>
<Placemark>
<name>15</name>
<styleUrl>#icon-1899-DB4436-nodesc</styleUrl>
<Point>
<coordinates>
85.582755,27.496353,0
</coordinates>
</Point>
</Placemark>
<Placemark>
<name>00</name>
<styleUrl>#icon-1899-DB4436-nodesc</styleUrl>
<Point>
<coordinates>
85.513489,27.586847,0
</coordinates>
</Point>
</Placemark>
<Placemark>
<name>06</name>
<styleUrl>#icon-1899-DB4436-nodesc</styleUrl>
<Point>
<coordinates>
85.604854,27.522257,0
</coordinates>
</Point>
</Placemark>
<Placemark>
<name>13</name>
<styleUrl>#icon-1899-DB4436-nodesc</styleUrl>
<Point>
<coordinates>
85.608094,27.552915,0
</coordinates>
</Point>
</Placemark>
<Placemark>
<name>09</name>
<styleUrl>#icon-1899-DB4436-nodesc</styleUrl>
<Point>
<coordinates>
85.60443,27.512823,0
</coordinates>
</Point>
</Placemark>
<Placemark>
<name>10</name>
<styleUrl>#icon-1899-DB4436-nodesc</styleUrl>
<Point>
<coordinates>
85.587705,27.569871,0
</coordinates>
</Point>
</Placemark>
<Placemark>
<name>02</name>
<styleUrl>#icon-1899-DB4436-nodesc</styleUrl>
<Point>
<coordinates>
85.626232,27.54415,0
</coordinates>
</Point>
</Placemark>
<Placemark>
<name>14</name>
<styleUrl>#icon-1899-DB4436-nodesc</styleUrl>
<Point>
<coordinates>
85.589353,27.495926,0
</coordinates>
</Point>
</Placemark>
<Placemark>
<name>05</name>
<styleUrl>#icon-1899-DB4436-nodesc</styleUrl>
<Point>
<coordinates>
85.619012,27.534141,0
</coordinates>
</Point>
</Placemark>
<Placemark>
<name>05</name>
<styleUrl>#icon-1899-DB4436-nodesc</styleUrl>
<Point>
<coordinates>
85.558101,27.574791,0
</coordinates>
</Point>
</Placemark>
<Placemark>
<name>11</name>
<styleUrl>#icon-1899-DB4436-nodesc</styleUrl>
<Point>
<coordinates>
85.604864,27.51719,0
</coordinates>
</Point>
</Placemark>
<Placemark>
<name>01</name>
<styleUrl>#icon-1899-DB4436-nodesc</styleUrl>
<Point>
<coordinates>
85.618447,27.547632,0
</coordinates>
</Point>
</Placemark>
<Placemark>
<name>10</name>
<styleUrl>#icon-1899-DB4436-nodesc</styleUrl>
<Point>
<coordinates>
85.601956,27.506328,0
</coordinates>
</Point>
</Placemark>
<Placemark>
<name>08</name>
<styleUrl>#icon-1899-DB4436-nodesc</styleUrl>
<Point>
<coordinates>
85.580979,27.574309,0
</coordinates>
</Point>
</Placemark>
<Placemark>
<name>01</name>
<styleUrl>#icon-1899-DB4436-nodesc</styleUrl>
<Point>
<coordinates>
85.523157,27.585317,0
</coordinates>
</Point>
</Placemark>
<Placemark>
<name>17</name>
<styleUrl>#icon-1899-DB4436-nodesc</styleUrl>
<Point>
<coordinates>
85.571528,27.492422,0
</coordinates>
</Point>
</Placemark>
<Placemark>
<name>00</name>
<styleUrl>#icon-1899-DB4436-nodesc</styleUrl>
<Point>
<coordinates>
85.610619,27.552302,0
</coordinates>
</Point>
</Placemark>
<Placemark>
<name>06</name>
<styleUrl>#icon-1899-DB4436-nodesc</styleUrl>
<Point>
<coordinates>
85.566359,27.575665,0
</coordinates>
</Point>
</Placemark>
<Placemark>
<name>06</name>
<styleUrl>#icon-1899-DB4436-nodesc</styleUrl>
<Point>
<coordinates>
85.616523,27.530091,0
</coordinates>
</Point>
</Placemark>
<Placemark>
<name>08</name>
<styleUrl>#icon-1899-DB4436-nodesc</styleUrl>
<Point>
<coordinates>
85.617943,27.517698,0
</coordinates>
</Point>
</Placemark>
<Placemark>
<name>01</name>
<styleUrl>#icon-1899-DB4436-nodesc</styleUrl>
<Point>
<coordinates>
85.60954,27.545614,0
</coordinates>
</Point>
</Placemark>
<Placemark>
<name>07</name>
<styleUrl>#icon-1899-DB4436-nodesc</styleUrl>
<Point>
<coordinates>
85.604406,27.517819,0
</coordinates>
</Point>
</Placemark>
<Placemark>
<name>02</name>
<styleUrl>#icon-1899-DB4436-nodesc</styleUrl>
<Point>
<coordinates>
85.604216,27.539157,0
</coordinates>
</Point>
</Placemark>
<Placemark>
<name>12</name>
<styleUrl>#icon-1899-DB4436-nodesc</styleUrl>
<Point>
<coordinates>
85.599023,27.55608,0
</coordinates>
</Point>
</Placemark>
</Folder>
<Folder>
<name>LineStrings</name>
<Placemark>
<name/>
<styleUrl>#line-00CD00-2000-nodesc</styleUrl>
<LineString>
<tessellate>1</tessellate>
<coordinates>
85.6099607,27.5527252,0
85.610177,27.552452,0
85.610335,27.552375,0
85.610215,27.552494,0
85.610323,27.552489,0
85.610268,27.552396,0
85.610174,27.552314,0
85.610113,27.552227,0
85.610063,27.552139,0
85.610031,27.552051,0
85.610006,27.551936,0
85.609982,27.551815,0
85.60995,27.551719,0
85.609953,27.551597,0
85.610075,27.551552,0
85.610201,27.551521,0
85.610349,27.551469,0
85.610506,27.55142,0
85.610597,27.551368,0
85.610666,27.551254,0
85.610605,27.551145,0
85.610551,27.551042,0
85.610502,27.550945,0
85.610493,27.550845,0
85.610514,27.550736,0
85.610526,27.550634,0
85.610552,27.550516,0
85.610569,27.550403,0
85.61057,27.550284,0
85.61051,27.550173,0
85.610442,27.550065,0
85.610471,27.549969,0
85.610554,27.549891,0
85.610682,27.549831,0
85.610826,27.549773,0
85.610927,27.549709,0
85.611005,27.549649,0
85.61103,27.549548,0
85.610976,27.549468,0
85.610848,27.549417,0
85.610738,27.549369,0
85.610662,27.549254,0
85.610595,27.549176,0
85.610493,27.54913,0
85.610368,27.549102,0
85.610266,27.549084,0
85.610152,27.549097,0
85.610043,27.549049,0
85.609944,27.54902,0
85.60993,27.548922,0
85.609946,27.54881,0
85.609954,27.548679,0
85.609934,27.548565,0
85.609903,27.548442,0
85.609877,27.548341,0
85.609871,27.548234,0
85.609884,27.54814,0
85.609915,27.548033,0
85.609958,27.547931,0
85.609995,27.547804,0
85.610019,27.547714,0
85.609989,27.547604,0
85.609981,27.547504,0
85.609954,27.547399,0
85.609931,27.547308,0
85.609887,27.547218,0
85.609799,27.547125,0
85.609685,27.547044,0
85.60963,27.546927,0
85.609563,27.546798,0
85.609519,27.546668,0
85.609474,27.546525,0
85.609445,27.546394,0
85.609409,27.546285,0
85.609436,27.546161,0
85.609468,27.546042,0
85.609504,27.545915,0
85.609512,27.545797,0
85.609551,27.545695,0
85.609534,27.545569,0
85.609499,27.545425,0
85.609507,27.545281,0
85.609545,27.54513,0
85.609592,27.545007,0
85.609568,27.544887,0
85.609511,27.544765,0
85.609401,27.544656,0
85.609305,27.544546,0
85.609205,27.544482,0
85.609132,27.544388,0
85.609036,27.544296,0
85.608966,27.544195,0
85.608883,27.544125,0
85.608794,27.544059,0
85.60869,27.543977,0
85.608574,27.543875,0
85.608482,27.543762,0
85.6084,27.543641,0
85.608356,27.543526,0
85.60827,27.543461,0
85.608116,27.5434,0
85.608004,27.543392,0
85.607879,27.543412,0
85.607755,27.543474,0
85.607646,27.543448,0
85.607563,27.543383,0
85.607501,27.543268,0
85.607488,27.543139,0
85.607455,27.543027,0
85.60743,27.542882,0
85.607406,27.542749,0
85.607362,27.542638,0
85.607294,27.542548,0
85.607239,27.542445,0
85.607211,27.542324,0
85.60723,27.542215,0
85.607256,27.542121,0
85.607208,27.542014,0
85.607136,27.541905,0
85.607129,27.541775,0
85.607098,27.541659,0
85.607025,27.541553,0
85.606921,27.541459,0
85.606798,27.541358,0
85.606661,27.541291,0
85.606557,27.541231,0
85.606467,27.541148,0
85.6064,27.541037,0
85.606349,27.54094,0
85.606306,27.540829,0
85.60626,27.540719,0
85.606158,27.540645,0
85.60607,27.540591,0
85.605953,27.540532,0
85.605872,27.540469,0
85.605784,27.540386,0
85.605702,27.540306,0
85.605631,27.54022,0
85.605576,27.540141,0
85.605524,27.540036,0
85.605496,27.539913,0
85.605421,27.539807,0
85.605305,27.539808,0
85.605182,27.539771,0
85.605094,27.539681,0
85.605027,27.539611,0
85.6049,27.539549,0
85.604791,27.539553,0
85.604681,27.539572,0
85.604539,27.539578,0
85.604449,27.53952,0
85.604338,27.539462,0
85.604261,27.539369,0
85.604215,27.539281,0
85.604216,27.539165,0
85.604218,27.539056,0
85.604216,27.538945,0
85.604124,27.538862,0
85.603994,27.538793,0
85.60385,27.538715,0
85.603702,27.538626,0
85.60356,27.538556,0
85.60347,27.538459,0
85.603366,27.538407,0
85.603222,27.538396,0
85.603079,27.538421,0
85.602972,27.538419,0
85.602838,27.538411,0
85.602802,27.53831,0
85.602837,27.538188,0
85.602878,27.538071,0
85.602947,27.537968,0
85.603022,27.537893,0
85.603028,27.537792,0
85.603023,27.53768,0
85.602992,27.537569,0
85.602979,27.53746,0
85.602975,27.537345,0
85.602934,27.537232,0
85.602899,27.53712,0
85.602847,27.53701,0
85.602817,27.536882,0
85.602765,27.536756,0
85.602731,27.536652,0
85.602691,27.536564,0
85.602575,27.536502,0
85.602514,27.53641,0
85.602547,27.536294,0
85.602603,27.536196,0
85.602568,27.536097,0
85.602608,27.536008,0
85.602692,27.535902,0
85.602741,27.535814,0
85.602813,27.53573,0
85.602841,27.535631,0
85.602838,27.53554,0
85.60285,27.535437,0
85.602796,27.535312,0
85.602729,27.535199,0
85.602672,27.535114,0
85.602587,27.535032,0
85.602491,27.534946,0
85.60238,27.534877,0
85.602281,27.534774,0
85.602237,27.534668,0
85.602209,27.534569,0
85.602189,27.534442,0
85.602148,27.534349,0
85.602063,27.534295,0
85.601957,27.53426,0
85.60186,27.5342,0
85.601828,27.534077,0
85.601816,27.533985,0
85.601807,27.533855,0
85.601844,27.533756,0
85.601862,27.533644,0
85.601856,27.533547,0
85.601772,27.533496,0
85.601717,27.533599,0
85.601715,27.533718,0
85.601694,27.533826,0
85.601607,27.533899,0
85.601502,27.533968,0
85.601396,27.533954,0
85.601285,27.533882,0
85.601257,27.533785,0
85.601241,27.533691,0
85.601234,27.533582,0
85.601259,27.533479,0
85.601304,27.533372,0
85.601341,27.533248,0
85.601295,27.533155,0
85.601237,27.533045,0
85.601197,27.532954,0
85.601102,27.532848,0
85.601057,27.532749,0
85.601029,27.532618,0
85.601005,27.53252,0
85.601028,27.532381,0
85.601043,27.53227,0
85.601053,27.532165,0
85.601013,27.532042,0
85.60095,27.531952,0
85.600942,27.531835,0
85.600893,27.531732,0
85.600881,27.531632,0
85.600867,27.531524,0
85.600826,27.531408,0
85.600802,27.53129,0
85.600794,27.531194,0
85.600805,27.531073,0
85.600794,27.530921,0
85.600781,27.530797,0
85.600768,27.530695,0
85.600717,27.530587,0
85.600679,27.530498,0
85.600691,27.530401,0
85.600668,27.530293,0
85.600678,27.53018,0
85.600715,27.530072,0
85.600677,27.529899,0
85.600569,27.529851,0
85.600489,27.529939,0
85.600391,27.529994,0
85.600248,27.530066,0
85.600133,27.530145,0
85.600049,27.530205,0
85.599985,27.530282,0
85.599923,27.530376,0
85.599826,27.530469,0
85.599759,27.53055,0
85.599713,27.530634,0
85.59969,27.530734,0
85.599681,27.530843,0
85.599622,27.530921,0
85.599522,27.530875,0
85.59954,27.530779,0
85.599586,27.530663,0
85.599578,27.530551,0
85.599583,27.530415,0
85.599623,27.530331,0
85.599668,27.53023,0
85.599737,27.530131,0
85.599794,27.530046,0
85.599704,27.529916,0
85.599599,27.529923,0
85.599552,27.530012,0
85.599512,27.530115,0
85.599485,27.530218,0
85.599393,27.530322,0
85.599264,27.530284,0
85.599265,27.53017,0
85.599283,27.530036,0
85.599301,27.529914,0
85.599282,27.529793,0
85.599333,27.529702,0
85.599404,27.529612,0
85.599519,27.529569,0
85.599664,27.529542,0
85.599841,27.529509,0
85.599943,27.529438,0
85.599841,27.529414,0
85.599719,27.529415,0
85.599566,27.529402,0
85.599416,27.529447,0
85.599337,27.529507,0
85.599231,27.529489,0
85.599333,27.529493,0
85.599226,27.529477,0
85.599267,27.529383,0
85.599373,27.529381,0
85.599502,27.529387,0
85.599652,27.529382,0
85.599733,27.529318,0
85.599759,27.529212,0
85.599663,27.529173,0
85.599535,27.529194,0
85.599389,27.529215,0
85.599236,27.529215,0
85.599144,27.529253,0
85.599009,27.529312,0
85.598939,27.529382,0
85.598914,27.529485,0
85.59884,27.529604,0
85.598837,27.529695,0
85.598804,27.529807,0
85.598789,27.5299,0
85.598806,27.530029,0
85.598812,27.530132,0
85.598769,27.530227,0
85.598708,27.53031,0
85.598659,27.530393,0
85.598564,27.530474,0
85.598494,27.530553,0
85.598454,27.530669,0
85.598484,27.530768,0
85.598503,27.530865,0
85.598513,27.530993,0
85.598388,27.531037,0
85.598339,27.530944,0
85.598302,27.530844,0
85.598261,27.530741,0
85.59824,27.53061,0
85.598266,27.530481,0
85.598272,27.530366,0
85.598343,27.530285,0
85.598416,27.530209,0
85.598414,27.530097,0
85.598407,27.529985,0
85.59842,27.52989,0
85.598413,27.529798,0
85.598416,27.529681,0
85.598333,27.529588,0
85.598321,27.52948,0
85.598348,27.529349,0
85.598378,27.529233,0
85.59843,27.529145,0
85.598482,27.529045,0
85.598507,27.528951,0
85.598502,27.528844,0
85.598529,27.528751,0
85.598621,27.528677,0
85.598635,27.528576,0
85.59866,27.528452,0
85.598657,27.528336,0
85.598644,27.528206,0
85.598678,27.528071,0
85.598778,27.528111,0
85.598868,27.528159,0
85.598995,27.528224,0
85.599123,27.528252,0
85.59924,27.528257,0
85.59937,27.528258,0
85.599492,27.528217,0
85.599616,27.528209,0
85.599744,27.528206,0
85.599874,27.528218,0
85.599996,27.528217,0
85.600091,27.528177,0
85.600198,27.528104,0
85.600309,27.528049,0
85.600432,27.528013,0
85.600536,27.528015,0
85.600637,27.528039,0
85.600809,27.528113,0
85.600909,27.528051,0
85.601013,27.527974,0
85.601099,27.527855,0
85.6012,27.52776,0
85.601285,27.52765,0
85.601394,27.527572,0
85.601514,27.527507,0
85.601682,27.527459,0
85.601826,27.527404,0
85.601994,27.527376,0
85.602167,27.527327,0
85.602252,27.527259,0
85.602271,27.527161,0
85.602269,27.527044,0
85.602287,27.526955,0
85.602353,27.526846,0
85.602366,27.526717,0
85.602412,27.526609,0
85.602467,27.526514,0
85.602538,27.52643,0
85.602594,27.526347,0
85.602649,27.526268,0
85.602768,27.526244,0
85.602878,27.526213,0
85.60298,27.526165,0
85.603092,27.526104,0
85.603172,27.526018,0
85.603236,27.525914,0
85.603332,27.525804,0
85.60342,27.525683,0
85.603518,27.525589,0
85.603593,27.52546,0
85.603695,27.525444,0
85.603827,27.525524,0
85.603958,27.525516,0
85.604109,27.525475,0
85.604253,27.525465,0
85.604422,27.52539,0
85.604564,27.525322,0
85.604729,27.525277,0
85.604639,27.525178,0
85.604538,27.525277,0
85.604437,27.525285,0
85.604305,27.525271,0
85.604192,27.525311,0
85.604075,27.525266,0
85.603936,27.525277,0
85.603819,27.525254,0
85.603697,27.525296,0
85.603586,27.525244,0
85.603673,27.525148,0
85.603779,27.525156,0
85.603898,27.52516,0
85.604,27.525129,0
85.604117,27.525113,0
85.604272,27.525065,0
85.604325,27.524968,0
85.604317,27.524876,0
85.604351,27.52478,0
85.604388,27.524677,0
85.604432,27.524579,0
85.604461,27.524482,0
85.604505,27.5244,0
85.604523,27.524249,0
85.604531,27.524123,0
85.604536,27.524014,0
85.60459,27.523933,0
85.604671,27.523807,0
85.604689,27.523688,0
85.60472,27.523587,0
85.604756,27.523485,0
85.604747,27.523375,0
85.604707,27.523286,0
85.604653,27.5232,0
85.604596,27.5231,0
85.604563,27.52301,0
85.604603,27.52291,0
85.604675,27.522845,0
85.604699,27.522753,0
85.604764,27.522613,0
85.604768,27.522514,0
85.604796,27.52242,0
85.60482,27.522326,0
85.604855,27.522241,0
85.604957,27.522239,0
85.604856,27.522254,0
85.6048,27.522333,0
85.604861,27.522254,0
85.604768,27.522298,0
85.604699,27.522364,0
85.604776,27.522432,0
85.604823,27.522514,0
85.60479,27.522604,0
85.604742,27.522717,0
85.604724,27.522619,0
85.604663,27.522514,0
85.604585,27.522428,0
85.604483,27.522423,0
85.604442,27.522329,0
85.604458,27.522226,0
85.604515,27.522149,0
85.604634,27.522105,0
85.60476,27.522096,0
85.604837,27.522018,0
85.604705,27.521994,0
85.604603,27.521954,0
85.60447,27.521968,0
85.604391,27.522029,0
85.604289,27.522059,0
85.60417,27.522138,0
85.604063,27.52223,0
85.603957,27.522219,0
85.603902,27.522109,0
85.603995,27.521963,0
85.604042,27.521812,0
85.60408,27.521666,0
85.604091,27.521568,0
85.604098,27.521471,0
85.60409,27.521343,0
85.604107,27.521213,0
85.604103,27.521122,0
85.604108,27.521022,0
85.604093,27.520897,0
85.604095,27.520768,0
85.604051,27.520621,0
85.604028,27.520524,0
85.604057,27.520414,0
85.604108,27.520305,0
85.604071,27.520209,0
85.603988,27.520118,0
85.603972,27.520022,0
85.603905,27.519919,0
85.603877,27.519794,0
85.603846,27.51967,0
85.603812,27.519538,0
85.603758,27.519407,0
85.603695,27.519276,0
85.603627,27.519151,0
85.603534,27.519066,0
85.603435,27.518982,0
85.603324,27.518943,0
85.603223,27.518911,0
85.60324,27.518795,0
85.603321,27.518708,0
85.603387,27.518639,0
85.603467,27.518582,0
85.603571,27.518494,0
85.60363,27.518396,0
85.603714,27.518275,0
85.60376,27.51819,0
85.603765,27.518072,0
85.603777,27.51796,0
85.603801,27.517858,0
85.603819,27.517755,0
85.603778,27.517654,0
85.603694,27.517601,0
85.60359,27.517565,0
85.603597,27.517431,0
85.603717,27.517423,0
85.603817,27.517455,0
85.603954,27.517517,0
85.604105,27.517566,0
85.604227,27.517619,0
85.604316,27.517687,0
85.604375,27.517775,0
85.604435,27.517861,0
85.604467,27.517953,0
85.604488,27.518059,0
85.604522,27.518147,0
85.604546,27.518243,0
85.604561,27.518347,0
85.604611,27.518442,0
85.604657,27.518523,0
85.604712,27.518607,0
85.604792,27.518707,0
85.604878,27.51881,0
85.604952,27.518899,0
85.605056,27.518987,0
85.605139,27.519046,0
85.605312,27.519067,0
85.605387,27.518977,0
85.605439,27.518858,0
85.605437,27.518732,0
85.60539,27.518642,0
85.605276,27.518559,0
85.605264,27.518465,0
85.605239,27.518357,0
85.605242,27.518233,0
85.60519,27.518115,0
85.60516,27.518014,0
85.60512,27.517901,0
85.605063,27.517783,0
85.605029,27.517676,0
85.604954,27.517591,0
85.604892,27.517492,0
85.604836,27.517405,0
85.60475,27.517304,0
85.604719,27.517203,0
85.604672,27.517105,0
85.604591,27.517043,0
85.604485,27.516993,0
85.604391,27.516871,0
85.60429,27.516767,0
85.604131,27.516724,0
85.604068,27.51659,0
85.604143,27.516524,0
85.604281,27.516584,0
85.604388,27.51663,0
85.604526,27.516687,0
85.604646,27.51672,0
85.604785,27.516757,0
85.604896,27.516767,0
85.605054,27.516811,0
85.605086,27.516692,0
85.604985,27.516651,0
85.604886,27.516562,0
85.604791,27.51651,0
85.604704,27.516436,0
85.604616,27.516359,0
85.604532,27.516291,0
85.604435,27.516191,0
85.604377,27.516105,0
85.60428,27.516008,0
85.604156,27.515896,0
85.604047,27.515828,0
85.603921,27.515752,0
85.603807,27.515675,0
85.603675,27.515628,0
85.603543,27.515646,0
85.60343,27.515665,0
85.603365,27.515759,0
85.603295,27.515867,0
85.603178,27.515916,0
85.603112,27.515847,0
85.603155,27.515749,0
85.60317,27.515618,0
85.603248,27.515493,0
85.603354,27.515424,0
85.603455,27.515414,0
85.603573,27.51536,0
85.603619,27.515268,0
85.603643,27.515177,0
85.603658,27.515071,0
85.603692,27.514984,0
85.603816,27.514916,0
85.603938,27.5149,0
85.604056,27.51496,0
85.604187,27.514997,0
85.604315,27.514998,0
85.604405,27.515042,0
85.604523,27.515074,0
85.604642,27.515077,0
85.604782,27.515092,0
85.604898,27.515065,0
85.604975,27.51499,0
85.605053,27.514929,0
85.605185,27.514928,0
85.605303,27.515004,0
85.605367,27.515099,0
85.605466,27.51512,0
85.605569,27.515147,0
85.605698,27.515192,0
85.605808,27.515238,0
85.605937,27.515294,0
85.606041,27.515328,0
85.606134,27.515411,0
85.606236,27.515469,0
85.606325,27.515516,0
85.606425,27.515561,0
85.606571,27.515629,0
85.6067,27.515651,0
85.606808,27.515689,0
85.606935,27.515677,0
85.607061,27.515673,0
85.607202,27.515695,0
85.6073,27.515718,0
85.607413,27.515765,0
85.607542,27.515716,0
85.607607,27.515624,0
85.607619,27.515521,0
85.6076,27.515401,0
85.607561,27.515261,0
85.607543,27.515126,0
85.607515,27.514996,0
85.607454,27.514898,0
85.607364,27.514841,0
85.607226,27.514831,0
85.607111,27.514801,0
85.607016,27.514712,0
85.606932,27.514627,0
85.606832,27.514563,0
85.606683,27.514503,0
85.606545,27.514499,0
85.606448,27.514419,0
85.60632,27.514381,0
85.606183,27.514329,0
85.606087,27.514363,0
85.605991,27.5144,0
85.605981,27.514506,0
85.605906,27.514617,0
85.605785,27.514639,0
85.60567,27.51459,0
85.605536,27.514512,0
85.605456,27.514445,0
85.605354,27.514408,0
85.605286,27.514339,0
85.605146,27.514324,0
85.605029,27.514276,0
85.604959,27.51421,0
85.604882,27.514144,0
85.604839,27.51406,0
85.604827,27.513932,0
85.604834,27.513827,0
85.604872,27.513709,0
85.604875,27.513617,0
85.604916,27.513531,0
85.604881,27.513412,0
85.604805,27.513335,0
85.604743,27.513259,0
85.604638,27.513185,0
85.604543,27.5131,0
85.604493,27.512994,0
85.604447,27.512875,0
85.60441,27.512763,0
85.604382,27.512674,0
85.60433,27.512557,0
85.604227,27.512518,0
85.604123,27.512482,0
85.604152,27.512552,0
85.604145,27.512446,0
85.604182,27.512544,0
85.60408,27.512489,0
85.604102,27.512378,0
85.604113,27.512473,0
85.604057,27.51257,0
85.604127,27.512477,0
85.604021,27.512476,0
85.603914,27.512494,0
85.603814,27.512569,0
85.603692,27.512608,0
85.603586,27.512601,0
85.603458,27.512608,0
85.603365,27.512549,0
85.603327,27.512438,0
85.603364,27.512307,0
85.603346,27.512215,0
85.60331,27.512095,0
85.603271,27.511981,0
85.603268,27.511872,0
85.603277,27.51174,0
85.603329,27.511637,0
85.603405,27.51156,0
85.603493,27.511444,0
85.60355,27.511331,0
85.603608,27.511232,0
85.603643,27.511137,0
85.60362,27.511037,0
85.603537,27.510969,0
85.60345,27.510898,0
85.60336,27.510842,0
85.603261,27.510772,0
85.603166,27.510703,0
85.603107,27.51062,0
85.603055,27.510516,0
85.603031,27.510419,0
85.602983,27.510334,0
85.60298,27.510224,0
85.602965,27.510088,0
85.60298,27.509952,0
85.602995,27.509803,0
85.603016,27.509704,0
85.602985,27.50959,0
85.603002,27.50949,0
85.603032,27.509403,0
85.603065,27.5093,0
85.603109,27.509216,0
85.603136,27.509128,0
85.603156,27.509031,0
85.603166,27.508931,0
85.603198,27.508834,0
85.603239,27.508751,0
85.603229,27.508656,0
85.603244,27.508561,0
85.603252,27.508459,0
85.603213,27.50837,0
85.603171,27.50828,0
85.603129,27.50816,0
85.603102,27.508045,0
85.603078,27.507937,0
85.603042,27.507836,0
85.602985,27.507735,0
85.602927,27.507616,0
85.602876,27.507533,0
85.602818,27.507432,0
85.602771,27.507343,0
85.602713,27.507246,0
85.602647,27.507157,0
85.602587,27.507078,0
85.60248,27.507,0
85.602395,27.506934,0
85.602314,27.506853,0
85.602209,27.506791,0
85.602124,27.506738,0
85.602091,27.506633,0
85.602045,27.506548,0
85.602006,27.506453,0
85.601961,27.506339,0
85.601925,27.506243,0
85.601905,27.506151,0
85.601906,27.506015,0
85.601867,27.5059,0
85.601824,27.505803,0
85.601758,27.505728,0
85.601799,27.50564,0
85.601893,27.505592,0
85.601968,27.50553,0
85.60192,27.505439,0
85.601852,27.505363,0
85.601808,27.505279,0
85.601793,27.505173,0
85.601749,27.505086,0
85.601711,27.50497,0
85.601667,27.504846,0
85.601645,27.504754,0
85.601641,27.504651,0
85.601633,27.504552,0
85.601665,27.504462,0
85.601642,27.504364,0
85.601608,27.504245,0
85.601569,27.504153,0
85.601525,27.504062,0
85.601479,27.503946,0
85.601418,27.503823,0
85.601378,27.503715,0
85.601329,27.503624,0
85.601283,27.503526,0
85.601261,27.503425,0
85.601228,27.503332,0
85.601199,27.503231,0
85.601241,27.503134,0
85.601285,27.503036,0
85.60134,27.502957,0
85.601414,27.50284,0
85.601486,27.502748,0
85.601541,27.502647,0
85.601563,27.502528,0
85.601589,27.502441,0
85.601641,27.502354,0
85.601697,27.502269,0
85.60175,27.502186,0
85.601786,27.502098,0
85.601846,27.501983,0
85.601913,27.501876,0
85.601969,27.501782,0
85.602008,27.501689,0
85.602067,27.501606,0
85.602061,27.501499,0
85.602011,27.501408,0
85.602014,27.501308,0
85.601987,27.501213,0
85.601953,27.501119,0
85.601927,27.501019,0
85.601895,27.500918,0
85.60184,27.500813,0
85.601831,27.500718,0
85.601835,27.500623,0
85.601908,27.500688,0
85.602001,27.500761,0
85.602078,27.500827,0
85.602171,27.500897,0
85.602254,27.500969,0
85.602353,27.501025,0
85.602472,27.501046,0
85.602588,27.501076,0
85.602687,27.501118,0
85.60278,27.501196,0
85.602812,27.50129,0
85.60288,27.501359,0
85.602991,27.501389,0
85.603105,27.501423,0
85.60323,27.501425,0
85.603336,27.501414,0
85.603453,27.501434,0
85.603527,27.501504,0
85.603558,27.501602,0
85.603575,27.501725,0
85.603656,27.501836,0
85.60374,27.501911,0
85.603826,27.501977,0
85.603939,27.501997,0
85.604026,27.502048,0
85.604103,27.502118,0
85.604183,27.502204,0
85.604261,27.502265,0
85.604356,27.5023,0
85.604469,27.502302,0
85.604491,27.502198,0
85.604414,27.502139,0
85.604302,27.502105,0
85.604273,27.502003,0
85.60423,27.501898,0
85.604183,27.501789,0
85.604086,27.501704,0
85.604007,27.501597,0
85.604111,27.501554,0
85.60421,27.501606,0
85.604271,27.501687,0
85.604353,27.501754,0
85.604446,27.501858,0
85.604581,27.501873,0
85.604694,27.50186,0
85.604797,27.501799,0
85.604875,27.501718,0
85.60499,27.501715,0
85.605092,27.501786,0
85.605123,27.50189,0
85.605194,27.501993,0
85.605272,27.502081,0
85.605327,27.502164,0
85.605389,27.502236,0
85.605434,27.502317,0
85.605508,27.50241,0
85.605501,27.502517,0
85.605585,27.502467,0
85.605576,27.502349,0
85.605525,27.502236,0
85.605454,27.502146,0
85.6054,27.502048,0
85.605376,27.501936,0
85.605309,27.501848,0
85.605268,27.501727,0
85.605245,27.501628,0
85.605224,27.501539,0
85.605192,27.501437,0
85.605101,27.501332,0
85.604976,27.501304,0
85.604902,27.501222,0
85.604823,27.501108,0
85.604782,27.501001,0
85.604822,27.50091,0
85.604738,27.500809,0
85.60464,27.500699,0
85.604574,27.500612,0
85.604472,27.500535,0
85.604395,27.500444,0
85.604345,27.500358,0
85.604311,27.500266,0
85.604276,27.500176,0
85.604241,27.50009,0
85.604192,27.499996,0
85.604117,27.499901,0
85.604087,27.499798,0
85.604021,27.49971,0
85.60395,27.499589,0
85.603898,27.499462,0
85.603858,27.499356,0
85.60384,27.499267,0
85.603807,27.499155,0
85.603766,27.499058,0
85.603714,27.498968,0
85.603839,27.498968,0
85.603949,27.498967,0
85.604037,27.498908,0
85.603983,27.498823,0
85.60389,27.498746,0
85.603803,27.498685,0
85.6037,27.498624,0
85.603597,27.498566,0
85.603467,27.498509,0
85.603397,27.498402,0
85.603322,27.498324,0
85.603216,27.498227,0
85.603148,27.498149,0
85.60305,27.498065,0
85.602905,27.498018,0
85.602834,27.497943,0
85.602773,27.497808,0
85.602721,27.497721,0
85.602668,27.497636,0
85.602633,27.497549,0
85.602613,27.497459,0
85.602639,27.497341,0
85.60261,27.497237,0
85.602533,27.497146,0
85.602441,27.497076,0
85.60232,27.497031,0
85.602212,27.49702,0
85.602095,27.496971,0
85.602015,27.496894,0
85.601919,27.496846,0
85.601801,27.496795,0
85.601688,27.496783,0
85.601566,27.496761,0
85.60148,27.496713,0
85.601369,27.496702,0
85.60125,27.496671,0
85.60115,27.496606,0
85.601037,27.496557,0
85.600916,27.496495,0
85.600879,27.496406,0
85.600912,27.496316,0
85.600992,27.496237,0
85.60107,27.496146,0
85.601137,27.496029,0
85.601187,27.495906,0
85.60114,27.495819,0
85.601069,27.495717,0
85.601005,27.49563,0
85.600894,27.495547,0
85.600826,27.495452,0
85.600738,27.495382,0
85.600643,27.495309,0
85.600492,27.495253,0
85.600433,27.49518,0
85.600363,27.495091,0
85.600264,27.495042,0
85.600192,27.494947,0
85.600097,27.49488,0
85.599988,27.494834,0
85.599908,27.494749,0
85.599828,27.494647,0
85.599744,27.494587,0
85.599679,27.494512,0
85.59958,27.494414,0
85.599515,27.494343,0
85.599388,27.494285,0
85.59934,27.494197,0
85.599334,27.494082,0
85.599398,27.493981,0
85.599432,27.49389,0
85.59939,27.49379,0
85.599333,27.493876,0
85.59927,27.493961,0
85.599106,27.493976,0
85.599033,27.494071,0
85.59905,27.494192,0
85.599087,27.494283,0
85.599126,27.494367,0
85.599219,27.494413,0
85.599226,27.494552,0
85.599217,27.494669,0
85.599155,27.49476,0
85.599092,27.494832,0
85.598964,27.494879,0
85.598836,27.494908,0
85.598693,27.494953,0
85.598527,27.494965,0
85.598367,27.494993,0
85.598228,27.495006,0
85.598081,27.49503,0
85.597929,27.495048,0
85.597788,27.495071,0
85.597638,27.495062,0
85.597486,27.495093,0
85.597332,27.4951,0
85.597196,27.495095,0
85.597078,27.495093,0
85.596973,27.495109,0
85.596843,27.495155,0
85.596708,27.495221,0
85.596581,27.495293,0
85.596459,27.495347,0
85.596352,27.495388,0
85.596217,27.49541,0
85.596108,27.495396,0
85.595959,27.495377,0
85.595856,27.49537,0
85.595734,27.495367,0
85.595622,27.495363,0
85.595453,27.4954,0
85.59533,27.495444,0
85.595214,27.495482,0
85.595076,27.495542,0
85.59495,27.49558,0
85.594822,27.495605,0
85.594671,27.495649,0
85.594573,27.495737,0
85.594451,27.495817,0
85.594353,27.49585,0
85.594252,27.495886,0
85.594109,27.495919,0
85.593979,27.49597,0
85.593883,27.496029,0
85.593785,27.496088,0
85.593678,27.496144,0
85.593588,27.496192,0
85.593476,27.496166,0
85.593353,27.49617,0
85.593237,27.496187,0
85.593104,27.496157,0
85.592998,27.49613,0
85.592862,27.496082,0
85.592743,27.496113,0
85.592641,27.49618,0
85.592546,27.496212,0
85.592418,27.496266,0
85.592283,27.496268,0
85.592189,27.496328,0
85.592081,27.49638,0
85.591962,27.496431,0
85.591835,27.496446,0
85.591706,27.496489,0
85.591596,27.496573,0
85.591497,27.496648,0
85.591385,27.496695,0
85.591255,27.496727,0
85.591161,27.496762,0
85.59103,27.496785,0
85.590889,27.496785,0
85.590775,27.496745,0
85.590666,27.496693,0
85.590546,27.496655,0
85.590434,27.49665,0
85.590293,27.496613,0
85.590147,27.496593,0
85.590036,27.496544,0
85.589927,27.496516,0
85.589806,27.496525,0
85.589702,27.496579,0
85.5896,27.496577,0
85.58966,27.49648,0
85.589762,27.496425,0
85.589858,27.49634,0
85.589922,27.496268,0
85.589978,27.496152,0
85.590036,27.496029,0
85.590087,27.495923,0
85.590044,27.495822,0
85.589944,27.495803,0
85.589813,27.495834,0
85.589662,27.495865,0
85.589523,27.495887,0
85.589412,27.495913,0
85.589309,27.495936,0
85.589199,27.495954,0
85.589099,27.495973,0
85.588999,27.496001,0
85.588908,27.49606,0
85.588791,27.496092,0
85.588667,27.496106,0
85.588568,27.496139,0
85.588438,27.49616,0
85.588305,27.496193,0
85.5882,27.496211,0
85.588077,27.496254,0
85.587981,27.496288,0
85.587883,27.496334,0
85.587784,27.496392,0
85.587713,27.496487,0
85.587595,27.496448,0
85.587684,27.496368,0
85.587773,27.496293,0
85.587822,27.496205,0
85.58789,27.496114,0
85.587963,27.496029,0
85.588067,27.495945,0
85.588136,27.495858,0
85.588226,27.495795,0
85.588351,27.495736,0
85.588448,27.495683,0
85.588548,27.495622,0
85.588605,27.49552,0
85.588628,27.495406,0
85.588607,27.495304,0
85.588533,27.495224,0
85.588444,27.495152,0
85.588332,27.495077,0
85.588245,27.495155,0
85.588132,27.49525,0
85.588033,27.495323,0
85.587948,27.495403,0
85.587852,27.495471,0
85.587746,27.495512,0
85.587624,27.495519,0
85.58751,27.495525,0
85.587417,27.495576,0
85.58727,27.495568,0
85.587133,27.495586,0
85.587003,27.495599,0
85.586895,27.495615,0
85.586775,27.495696,0
85.586655,27.495748,0
85.58656,27.49581,0
85.586403,27.495788,0
85.586253,27.495779,0
85.58613,27.495828,0
85.586023,27.495874,0
85.585932,27.495932,0
85.58582,27.495911,0
85.58572,27.495888,0
85.585606,27.4959,0
85.585491,27.495909,0
85.585385,27.495945,0
85.585279,27.495993,0
85.585161,27.496066,0
85.585062,27.496114,0
85.584962,27.496191,0
85.584864,27.496248,0
85.584746,27.496267,0
85.584635,27.496269,0
85.584525,27.496283,0
85.584414,27.49627,0
85.584264,27.496259,0
85.584152,27.496203,0
85.584051,27.496167,0
85.58395,27.496176,0
85.583838,27.496167,0
85.583744,27.496201,0
85.583637,27.496245,0
85.583537,27.496283,0
85.583414,27.496327,0
85.583291,27.496342,0
85.583178,27.496378,0
85.583049,27.496373,0
85.582911,27.496359,0
85.582791,27.496357,0
85.582668,27.496345,0
85.582546,27.496308,0
85.582431,27.496232,0
85.582327,27.496197,0
85.582193,27.496134,0
85.582094,27.49607,0
85.581974,27.495998,0
85.581862,27.495967,0
85.581752,27.495966,0
85.581602,27.495936,0
85.58147,27.495908,0
85.581351,27.495888,0
85.581216,27.495885,0
85.58111,27.495943,0
85.581014,27.495996,0
85.580903,27.495992,0
85.580792,27.495962,0
85.580701,27.495921,0
85.580599,27.495853,0
85.580505,27.495775,0
85.58041,27.495715,0
85.58031,27.495656,0
85.580214,27.495605,0
85.580119,27.495549,0
85.579998,27.495527,0
85.579826,27.495484,0
85.579716,27.495428,0
85.579612,27.495412,0
85.57948,27.495421,0
85.579372,27.495427,0
85.579264,27.495455,0
85.579149,27.495444,0
85.579035,27.495386,0
85.578923,27.495357,0
85.578819,27.495341,0
85.578693,27.495287,0
85.578553,27.495296,0
85.578408,27.495308,0
85.578264,27.495318,0
85.578118,27.495301,0
85.577974,27.495312,0
85.577833,27.495324,0
85.577729,27.495352,0
85.577628,27.495366,0
85.577527,27.495347,0
85.577424,27.495352,0
85.577313,27.495376,0
85.577238,27.49544,0
85.577125,27.495514,0
85.577019,27.495589,0
85.576909,27.49566,0
85.576841,27.495727,0
85.576787,27.495815,0
85.576729,27.495891,0
85.576637,27.495958,0
85.576539,27.496015,0
85.576471,27.496099,0
85.576366,27.496168,0
85.576338,27.496261,0
85.576386,27.496356,0
85.57635,27.496466,0
85.576236,27.496528,0
85.576144,27.496575,0
85.576054,27.496508,0
85.57596,27.49646,0
85.575877,27.496389,0
85.575806,27.496301,0
85.575701,27.49626,0
85.5756,27.496228,0
85.575497,27.496192,0
85.575614,27.496145,0
85.575733,27.496146,0
85.575841,27.496197,0
85.575948,27.496159,0
85.575988,27.496065,0
85.576048,27.495974,0
85.576088,27.495874,0
85.576115,27.495786,0
85.576141,27.495687,0
85.576114,27.495587,0
85.576056,27.495496,0
85.575951,27.49544,0
85.575864,27.495375,0
85.57577,27.495318,0
85.57565,27.495335,0
85.575656,27.495243,0
85.575777,27.495169,0
85.575876,27.495135,0
85.575962,27.495065,0
85.576038,27.494996,0
85.576121,27.494935,0
85.576199,27.494871,0
85.576298,27.494823,0
85.576382,27.494758,0
85.576445,27.49468,0
85.576526,27.49458,0
85.576496,27.494489,0
85.576409,27.494552,0
85.576326,27.494632,0
85.576217,27.494673,0
85.576099,27.494666,0
85.575995,27.494675,0
85.575884,27.494669,0
85.57578,27.494625,0
85.575734,27.494526,0
85.575702,27.494433,0
85.575659,27.494331,0
85.575601,27.494217,0
85.575546,27.494119,0
85.575506,27.494031,0
85.575494,27.493928,0
85.575454,27.493829,0
85.575415,27.493744,0
85.575313,27.493779,0
85.575205,27.493808,0
85.575084,27.493791,0
85.57497,27.49376,0
85.574851,27.493698,0
85.574728,27.493651,0
85.574615,27.493607,0
85.574504,27.493569,0
85.574415,27.493461,0
85.574357,27.493359,0
85.574303,27.493238,0
85.574243,27.493159,0
85.57414,27.493105,0
85.574025,27.493062,0
85.57394,27.492982,0
85.573883,27.492907,0
85.573778,27.492879,0
85.573666,27.492917,0
85.573555,27.492934,0
85.573465,27.492873,0
85.57334,27.492829,0
85.573257,27.492777,0
85.573143,27.492703,0
85.573075,27.492635,0
85.572969,27.492596,0
85.572878,27.492545,0
85.572786,27.492506,0
85.572691,27.492475,0
85.572577,27.49249,0
85.572456,27.492515,0
85.572364,27.492579,0
85.572235,27.49263,0
85.572115,27.492615,0
85.571983,27.492672,0
85.571868,27.492734,0
85.571763,27.492722,0
85.571677,27.492659,0
85.571594,27.492584,0
85.571564,27.49248,0
85.571412,27.492543,0
85.571551,27.49251,0
85.571645,27.492468,0
85.571528,27.492422,0
</coordinates>
</LineString>
</Placemark>
<Placemark>
<name/>
<styleUrl>#line-0000FF-2000-nodesc</styleUrl>
<LineString>
<tessellate>1</tessellate>
<coordinates>
85.513489,27.586847,0
85.513542,27.586853,0
85.513638,27.586819,0
85.513757,27.586826,0
85.513864,27.586797,0
85.51399,27.586803,0
85.514097,27.586793,0
85.514234,27.586792,0
85.514396,27.586812,0
85.514499,27.586806,0
85.514598,27.58678,0
85.514705,27.586771,0
85.51483,27.586751,0
85.514958,27.586723,0
85.515116,27.586688,0
85.515272,27.586678,0
85.515413,27.586641,0
85.515587,27.586649,0
85.515757,27.586656,0
85.51592,27.586656,0
85.516096,27.586663,0
85.516274,27.586687,0
85.516451,27.586699,0
85.516602,27.586709,0
85.516782,27.586702,0
85.516959,27.58669,0
85.517132,27.586677,0
85.517297,27.586647,0
85.517459,27.586578,0
85.517598,27.586492,0
85.517707,27.586401,0
85.517842,27.586324,0
85.517991,27.58622,0
85.51808,27.586163,0
85.518162,27.586108,0
85.518251,27.586048,0
85.51834,27.585995,0
85.518524,27.58593,0
85.518701,27.585875,0
85.518846,27.585818,0
85.51896,27.585746,0
85.519048,27.585684,0
85.519162,27.585645,0
85.519314,27.585603,0
85.519461,27.585554,0
85.519605,27.585515,0
85.519742,27.585497,0
85.519926,27.585505,0
85.520093,27.585523,0
85.520264,27.585559,0
85.520368,27.585578,0
85.520468,27.585594,0
85.520655,27.585636,0
85.520834,27.585652,0
85.521028,27.585643,0
85.521232,27.58564,0
85.521428,27.585626,0
85.521602,27.585587,0
85.521741,27.585551,0
85.521898,27.585511,0
85.522013,27.585485,0
85.522132,27.585464,0
85.522247,27.58545,0
85.522364,27.585433,0
85.522478,27.585414,0
85.522581,27.58539,0
85.522682,27.585364,0
85.522783,27.585333,0
85.52298,27.585307,0
85.523166,27.585317,0
85.523359,27.585336,0
85.523464,27.585344,0
85.523567,27.585337,0
85.523739,27.585311,0
85.523924,27.585252,0
85.52411,27.585155,0
85.524257,27.585034,0
85.524337,27.584967,0
85.524418,27.584908,0
85.524504,27.58485,0
85.524668,27.584767,0
85.52486,27.584689,0
85.52496,27.584652,0
85.525063,27.584613,0
85.525162,27.584581,0
85.525266,27.584549,0
85.525362,27.584518,0
85.525539,27.584451,0
85.525682,27.584371,0
85.525833,27.584312,0
85.525931,27.584252,0
85.526024,27.584192,0
85.526116,27.584154,0
85.526206,27.584089,0
85.52634,27.584003,0
85.526431,27.583951,0
85.526536,27.583907,0
85.526651,27.583863,0
85.526758,27.583819,0
85.52687,27.583776,0
85.526979,27.58373,0
85.527066,27.583674,0
85.527156,27.583613,0
85.527247,27.583552,0
85.527431,27.583475,0
85.527527,27.58344,0
85.52771,27.583364,0
85.527803,27.583323,0
85.527953,27.583227,0
85.528047,27.583186,0
85.528214,27.583098,0
85.528352,27.582983,0
85.528495,27.582874,0
85.528573,27.582813,0
85.528675,27.582759,0
85.528759,27.582702,0
85.528869,27.58266,0
85.528966,27.582604,0
85.529076,27.582543,0
85.529183,27.582483,0
85.529287,27.582421,0
85.529388,27.582362,0
85.529492,27.582304,0
85.529593,27.582248,0
85.529695,27.582197,0
85.529803,27.582138,0
85.529896,27.582094,0
85.530004,27.582038,0
85.530111,27.581988,0
85.530216,27.581939,0
85.53031,27.581885,0
85.530404,27.581828,0
85.530491,27.581769,0
85.530628,27.581637,0
85.530753,27.581512,0
85.530885,27.581402,0
85.531027,27.581326,0
85.531176,27.581294,0
85.53128,27.581267,0
85.531389,27.581237,0
85.531508,27.581204,0
85.531609,27.581167,0
85.531689,27.581103,0
85.53185,27.580989,0
85.531961,27.58088,0
85.532054,27.580756,0
85.532157,27.580651,0
85.532286,27.580541,0
85.532436,27.580436,0
85.532514,27.580377,0
85.532657,27.580255,0
85.532729,27.580187,0
85.532804,27.58012,0
85.532944,27.579992,0
85.533072,27.579866,0
85.533222,27.579789,0
85.533372,27.579733,0
85.533521,27.579713,0
85.533675,27.579717,0
85.533829,27.579763,0
85.533991,27.579842,0
85.534166,27.579877,0
85.53434,27.579847,0
85.534512,27.5798,0
85.534672,27.57973,0
85.53482,27.579643,0
85.534955,27.579583,0
85.53508,27.579496,0
85.53515,27.57942,0
85.535275,27.57937,0
85.535379,27.579317,0
85.535501,27.579259,0
85.535602,27.579202,0
85.535688,27.57915,0
85.535787,27.579108,0
85.5359,27.579134,0
85.536018,27.579133,0
85.536159,27.579118,0
85.536324,27.579081,0
85.536462,27.579057,0
85.536587,27.579036,0
85.536688,27.579047,0
85.536816,27.579079,0
85.536963,27.579162,0
85.53714,27.579216,0
85.537285,27.579323,0
85.537377,27.579375,0
85.53748,27.579403,0
85.537586,27.579413,0
85.5377,27.579429,0
85.537811,27.579462,0
85.537916,27.579499,0
85.538021,27.579536,0
85.538133,27.579556,0
85.538237,27.579564,0
85.538348,27.57956,0
85.538526,27.579525,0
85.538672,27.579418,0
85.538806,27.579308,0
85.538941,27.579217,0
85.539085,27.579127,0
85.53924,27.579053,0
85.539426,27.578998,0
85.539587,27.578972,0
85.539737,27.578922,0
85.539913,27.578864,0
85.540065,27.578773,0
85.540153,27.578726,0
85.540243,27.578677,0
85.540335,27.578635,0
85.540519,27.578552,0
85.540686,27.578476,0
85.54084,27.578416,0
85.54094,27.578297,0
85.540997,27.578153,0
85.541029,27.577982,0
85.541058,27.57781,0
85.541095,27.577659,0
85.541148,27.577516,0
85.541211,27.577405,0
85.54132,27.577358,0
85.541438,27.57738,0
85.541601,27.577474,0
85.541769,27.577547,0
85.541962,27.577599,0
85.542073,27.577623,0
85.542187,27.577644,0
85.542304,27.577673,0
85.542404,27.577721,0
85.542505,27.577761,0
85.542693,27.57782,0
85.542877,27.577816,0
85.543039,27.577764,0
85.543126,27.577714,0
85.543297,27.577627,0
85.543448,27.577526,0
85.543555,27.577413,0
85.543675,27.57731,0
85.543804,27.577169,0
85.543871,27.577097,0
85.543927,27.577016,0
85.543981,27.57693,0
85.544043,27.576843,0
85.544104,27.576759,0
85.544167,27.576679,0
85.544248,27.576603,0
85.544321,27.57653,0
85.544394,27.576464,0
85.544468,27.576402,0
85.544556,27.576349,0
85.544646,27.576294,0
85.544807,27.576198,0
85.54497,27.576124,0
85.545132,27.576036,0
85.545289,27.575942,0
85.545431,27.575835,0
85.545566,27.575723,0
85.54568,27.57557,0
85.545778,27.575422,0
85.54586,27.57528,0
85.54597,27.575156,0
85.546121,27.575072,0
85.546284,27.575011,0
85.54646,27.575037,0
85.54661,27.575092,0
85.546744,27.575158,0
85.546882,27.575181,0
85.546993,27.575175,0
85.547147,27.575152,0
85.547279,27.575127,0
85.547395,27.575124,0
85.547499,27.575096,0
85.547601,27.575098,0
85.547715,27.575086,0
85.547855,27.575059,0
85.548032,27.575012,0
85.54813,27.574985,0
85.548232,27.574955,0
85.548335,27.574926,0
85.548436,27.574897,0
85.548624,27.574848,0
85.548789,27.57476,0
85.548957,27.574663,0
85.549057,27.574622,0
85.549249,27.574568,0
85.549439,27.574514,0
85.549625,27.574465,0
85.549799,27.574411,0
85.549973,27.574356,0
85.550149,27.574304,0
85.550305,27.574258,0
85.550442,27.57422,0
85.550543,27.574161,0
85.550666,27.574106,0
85.55077,27.57405,0
85.550886,27.574015,0
85.551001,27.573993,0
85.551112,27.573973,0
85.551215,27.573971,0
85.551335,27.573967,0
85.551475,27.573969,0
85.551646,27.573966,0
85.551805,27.573935,0
85.551917,27.573911,0
85.552052,27.573892,0
85.552216,27.573904,0
85.552353,27.573942,0
85.552495,27.573998,0
85.552624,27.57399,0
85.552799,27.573955,0
85.552975,27.573905,0
85.553148,27.573879,0
85.553334,27.57388,0
85.553513,27.573883,0
85.553622,27.573902,0
85.553816,27.573927,0
85.553977,27.573965,0
85.554154,27.573987,0
85.554256,27.574006,0
85.55437,27.574028,0
85.554479,27.574063,0
85.554595,27.574102,0
85.554707,27.574136,0
85.554812,27.574157,0
85.55501,27.574203,0
85.55512,27.574234,0
85.555315,27.574279,0
85.555502,27.574307,0
85.555605,27.574322,0
85.55571,27.574347,0
85.555813,27.574362,0
85.555982,27.574403,0
85.556138,27.57444,0
85.556316,27.574501,0
85.556508,27.574558,0
85.556607,27.574586,0
85.556704,27.574616,0
85.556817,27.574641,0
85.556928,27.574664,0
85.557045,27.574684,0
85.557162,27.574721,0
85.557272,27.574729,0
85.55738,27.574738,0
85.557495,27.574753,0
85.557605,27.574758,0
85.557721,27.574764,0
85.557834,27.574772,0
85.557954,27.574787,0
85.558079,27.574791,0
85.558199,27.574792,0
85.558306,27.574781,0
85.558426,27.574784,0
85.558638,27.574791,0
85.558756,27.574782,0
85.558951,27.574822,0
85.559099,27.57487,0
85.559211,27.574899,0
85.559334,27.574878,0
85.559455,27.574809,0
85.559528,27.574708,0
85.559668,27.57465,0
85.559821,27.574604,0
85.559991,27.574559,0
85.560175,27.574502,0
85.560284,27.574462,0
85.560384,27.574408,0
85.560479,27.574364,0
85.560573,27.574299,0
85.560707,27.574178,0
85.560771,27.574054,0
85.560801,27.573935,0
85.560828,27.573811,0
85.560936,27.573783,0
85.561069,27.573785,0
85.561256,27.573778,0
85.561421,27.573792,0
85.56155,27.573793,0
85.561676,27.573782,0
85.561829,27.573762,0
85.561979,27.573765,0
85.562114,27.573759,0
85.562237,27.573748,0
85.562387,27.57375,0
85.56252,27.57376,0
85.562639,27.573758,0
85.562774,27.573751,0
85.562925,27.573739,0
85.563065,27.573718,0
85.563228,27.573656,0
85.563404,27.573607,0
85.563572,27.573568,0
85.563717,27.573614,0
85.563851,27.573695,0
85.563963,27.573815,0
85.56408,27.573944,0
85.564218,27.574072,0
85.564288,27.574142,0
85.564362,27.574212,0
85.564436,27.574289,0
85.564534,27.57436,0
85.564613,27.574422,0
85.564683,27.574499,0
85.564804,27.574646,0
85.564914,27.574802,0
85.565031,27.574941,0
85.565152,27.575065,0
85.565278,27.575208,0
85.56538,27.575351,0
85.565437,27.575494,0
85.565502,27.575568,0
85.565577,27.575632,0
85.565662,27.575737,0
85.565742,27.5758,0
85.565879,27.575843,0
85.566024,27.575793,0
85.56614,27.575738,0
85.566287,27.575696,0
85.566451,27.575626,0
85.566546,27.575586,0
85.566726,27.575506,0
85.566883,27.575443,0
85.567049,27.575389,0
85.567189,27.575441,0
85.567278,27.575515,0
85.567346,27.575591,0
85.567441,27.575716,0
85.567484,27.575817,0
85.567573,27.575975,0
85.567605,27.576062,0
85.567701,27.576191,0
85.567807,27.576338,0
85.56788,27.576452,0
85.567922,27.576568,0
85.567932,27.576711,0
85.568078,27.576781,0
85.568178,27.576742,0
85.568293,27.576669,0
85.568388,27.576631,0
85.568551,27.576571,0
85.568705,27.576492,0
85.568855,27.576415,0
85.569013,27.576345,0
85.569104,27.576284,0
85.569188,27.576221,0
85.569269,27.576161,0
85.569356,27.576071,0
85.56942,27.575995,0
85.569553,27.575857,0
85.569637,27.575792,0
85.569747,27.575727,0
85.569882,27.57563,0
85.56995,27.575496,0
85.570005,27.575328,0
85.570053,27.575173,0
85.57011,27.575004,0
85.570149,27.574837,0
85.570192,27.574692,0
85.570257,27.574562,0
85.570374,27.574477,0
85.570516,27.574387,0
85.570664,27.574319,0
85.570816,27.5743,0
85.570957,27.574267,0
85.571065,27.574246,0
85.571223,27.5742,0
85.571312,27.574131,0
85.571437,27.574089,0
85.571546,27.574044,0
85.571689,27.573991,0
85.571787,27.573935,0
85.571874,27.573881,0
85.571961,27.573834,0
85.572085,27.573796,0
85.572239,27.573699,0
85.572352,27.573728,0
85.572453,27.57376,0
85.572552,27.573801,0
85.572663,27.573834,0
85.572773,27.573869,0
85.572895,27.573903,0
85.572985,27.57396,0
85.573121,27.574005,0
85.573246,27.574052,0
85.573361,27.57411,0
85.573536,27.574197,0
85.573585,27.574281,0
85.5737,27.574271,0
85.573835,27.574249,0
85.573974,27.57424,0
85.574116,27.574223,0
85.574231,27.574214,0
85.574347,27.574226,0
85.574437,27.574277,0
85.574486,27.574383,0
85.574518,27.574483,0
85.574526,27.574587,0
85.574662,27.574666,0
85.574806,27.574664,0
85.574886,27.574608,0
85.574986,27.574588,0
85.575106,27.574576,0
85.575251,27.574588,0
85.575358,27.574588,0
85.575522,27.57463,0
85.575602,27.574728,0
85.575702,27.574837,0
85.575756,27.574934,0
85.575811,27.57501,0
85.575867,27.575115,0
85.575889,27.575228,0
85.575946,27.575328,0
85.576097,27.575294,0
85.576211,27.57532,0
85.576325,27.57528,0
85.576443,27.5753,0
85.576579,27.575293,0
85.576736,27.575274,0
85.576838,27.57521,0
85.577009,27.575208,0
85.57716,27.575238,0
85.577282,27.575256,0
85.5774,27.575377,0
85.57752,27.575447,0
85.577639,27.575451,0
85.577744,27.575381,0
85.577898,27.575347,0
85.578065,27.575339,0
85.578237,27.575317,0
85.578384,27.575307,0
85.578525,27.57537,0
85.578642,27.57546,0
85.578751,27.575501,0
85.578905,27.575507,0
85.579043,27.575426,0
85.579237,27.575398,0
85.57939,27.57538,0
85.579506,27.575469,0
85.579637,27.575582,0
85.57971,27.57567,0
85.579878,27.575753,0
85.580053,27.575807,0
85.580192,27.575842,0
85.580308,27.575857,0
85.580435,27.575901,0
85.580521,27.575846,0
85.580554,27.575733,0
85.580539,27.575599,0
85.580523,27.575509,0
85.580531,27.575345,0
85.580534,27.575203,0
85.580547,27.575085,0
85.58064,27.575,0
85.580756,27.574893,0
85.580877,27.574849,0
85.580871,27.574725,0
85.580916,27.574577,0
85.580967,27.574475,0
85.58101,27.57439,0
85.581032,27.574291,0
85.580909,27.574333,0
85.580836,27.574414,0
85.580721,27.574485,0
85.580597,27.574533,0
85.580436,27.57452,0
85.580331,27.574576,0
85.580215,27.574664,0
85.580121,27.574756,0
85.579998,27.574828,0
85.579904,27.574749,0
85.579845,27.574655,0
85.57978,27.574557,0
85.579688,27.574483,0
85.579535,27.574465,0
85.579383,27.574445,0
85.579239,27.574485,0
85.57909,27.574544,0
85.57898,27.57458,0
85.578841,27.574628,0
85.578688,27.574584,0
85.578599,27.574529,0
85.578592,27.574403,0
85.578717,27.574357,0
85.578872,27.574307,0
85.579028,27.574268,0
85.579179,27.57422,0
85.579308,27.574153,0
85.579452,27.574044,0
85.579592,27.573952,0
85.579724,27.573881,0
85.579851,27.573792,0
85.579965,27.573747,0
85.580105,27.57366,0
85.580181,27.573592,0
85.580266,27.573542,0
85.580378,27.573387,0
85.580496,27.573256,0
85.580584,27.573143,0
85.580646,27.573004,0
85.580723,27.572858,0
85.580823,27.572813,0
85.580983,27.572839,0
85.581129,27.572863,0
85.581276,27.572803,0
85.581438,27.572793,0
85.581617,27.572828,0
85.581712,27.572895,0
85.581861,27.573026,0
85.582006,27.573101,0
85.582127,27.573173,0
85.582258,27.573256,0
85.582364,27.573352,0
85.582415,27.573442,0
85.582535,27.573475,0
85.582649,27.573471,0
85.582728,27.573411,0
85.58279,27.573333,0
85.582844,27.573243,0
85.582903,27.573146,0
85.582983,27.573065,0
85.58306,27.572981,0
85.583194,27.572904,0
85.583262,27.572832,0
85.583306,27.572722,0
85.583479,27.572689,0
85.583629,27.572685,0
85.583771,27.572672,0
85.583911,27.572672,0
85.584031,27.572664,0
85.584144,27.572696,0
85.58428,27.572704,0
85.584419,27.572709,0
85.584549,27.572696,0
85.584701,27.572679,0
85.584847,27.572614,0
85.584939,27.572559,0
85.585047,27.572515,0
85.585191,27.572504,0
85.585305,27.572529,0
85.585406,27.572523,0
85.585524,27.572506,0
85.585659,27.572462,0
85.585764,27.572387,0
85.585883,27.572323,0
85.586016,27.572355,0
85.586161,27.57236,0
85.586286,27.572406,0
85.586382,27.572517,0
85.586471,27.572659,0
85.586557,27.572818,0
85.586607,27.572897,0
85.586692,27.573021,0
85.586774,27.573125,0
85.586842,27.573259,0
85.586951,27.573338,0
85.587064,27.573349,0
85.58717,27.573329,0
85.587282,27.573307,0
85.587388,27.573291,0
85.587547,27.573298,0
85.587648,27.573296,0
85.587768,27.573272,0
85.587788,27.573163,0
85.587678,27.573093,0
85.587521,27.573097,0
85.587424,27.573139,0
85.587288,27.57316,0
85.587174,27.573153,0
85.587048,27.573077,0
85.587002,27.572968,0
85.586968,27.57282,0
85.587009,27.57272,0
85.586994,27.572626,0
85.586915,27.572505,0
85.586844,27.572391,0
85.586755,27.572246,0
85.586655,27.572133,0
85.586539,27.572108,0
85.586391,27.572081,0
85.586233,27.572042,0
85.586129,27.571984,0
85.586056,27.571841,0
85.586033,27.571697,0
85.586031,27.571579,0
85.586054,27.57144,0
85.586044,27.571305,0
85.586047,27.571142,0
85.586113,27.570996,0
85.586179,27.570876,0
85.586261,27.570789,0
85.586383,27.570715,0
85.586489,27.570658,0
85.586586,27.5706,0
85.586704,27.570534,0
85.5868,27.57045,0
85.586927,27.570361,0
85.587035,27.570299,0
85.587117,27.570241,0
85.587235,27.570178,0
85.587362,27.570106,0
85.587501,27.570024,0
85.587634,27.569928,0
85.587762,27.569825,0
85.587877,27.569728,0
85.588016,27.569635,0
85.58812,27.569554,0
85.588271,27.569472,0
85.588365,27.569435,0
85.588546,27.569409,0
85.588722,27.569381,0
85.588888,27.569341,0
85.589032,27.569276,0
85.589172,27.569196,0
85.589307,27.569126,0
85.589441,27.569048,0
85.589589,27.568967,0
85.589705,27.568883,0
85.589829,27.568818,0
85.589932,27.568712,0
85.590025,27.568576,0
85.590107,27.568429,0
85.590146,27.56834,0
85.590229,27.568183,0
85.590318,27.568034,0
85.590408,27.567899,0
85.590478,27.567822,0
85.590593,27.567692,0
85.590728,27.567547,0
85.59088,27.567439,0
85.590967,27.567388,0
85.591108,27.567286,0
85.591243,27.567178,0
85.591312,27.567105,0
85.591455,27.566991,0
85.591531,27.566925,0
85.591694,27.566825,0
85.591855,27.566755,0
85.592,27.566635,0
85.592145,27.566519,0
85.592314,27.566425,0
85.592478,27.56634,0
85.59266,27.566288,0
85.592819,27.56624,0
85.592957,27.566137,0
85.593057,27.566005,0
85.593144,27.565857,0
85.593221,27.56571,0
85.593275,27.565632,0
85.593382,27.565503,0
85.593476,27.565386,0
85.593578,27.565267,0
85.593652,27.565132,0
85.593701,27.564976,0
85.593742,27.564815,0
85.593762,27.564664,0
85.593777,27.564496,0
85.593793,27.564355,0
85.593914,27.564226,0
85.59408,27.564139,0
85.594164,27.564082,0
85.594261,27.564025,0
85.594359,27.563963,0
85.594451,27.563896,0
85.594548,27.563806,0
85.594633,27.563647,0
85.594712,27.563495,0
85.594751,27.563409,0
85.594818,27.563249,0
85.594846,27.563156,0
85.594906,27.562997,0
85.595011,27.562875,0
85.595146,27.562764,0
85.595229,27.562709,0
85.595395,27.562598,0
85.595531,27.56246,0
85.59559,27.562381,0
85.595659,27.562298,0
85.59577,27.562165,0
85.595868,27.562031,0
85.595942,27.561892,0
85.595985,27.561753,0
85.596022,27.561623,0
85.596083,27.561497,0
85.596148,27.561375,0
85.596225,27.561229,0
85.596273,27.561143,0
85.596331,27.561058,0
85.59642,27.560887,0
85.596481,27.560787,0
85.596561,27.560636,0
85.59667,27.560514,0
85.596799,27.56041,0
85.596916,27.560311,0
85.596982,27.560221,0
85.597031,27.560138,0
85.597144,27.559996,0
85.597184,27.559903,0
85.597276,27.559756,0
85.597384,27.559609,0
85.597447,27.559463,0
85.597486,27.559308,0
85.597478,27.559144,0
85.597445,27.558971,0
85.59745,27.558806,0
85.597487,27.558641,0
85.597523,27.558483,0
85.597568,27.558341,0
85.597614,27.558198,0
85.597637,27.558075,0
85.597666,27.557968,0
85.597717,27.557831,0
85.597738,27.557739,0
85.597777,27.55759,0
85.597862,27.557446,0
85.597998,27.557351,0
85.598147,27.557282,0
85.598246,27.557175,0
85.598348,27.557035,0
85.598437,27.556893,0
85.598512,27.556774,0
85.598563,27.556639,0
85.598591,27.556517,0
85.598655,27.55641,0
85.598751,27.556303,0
85.59887,27.556201,0
85.598981,27.556111,0
85.5991,27.556024,0
85.599237,27.555952,0
85.599379,27.555883,0
85.599522,27.555822,0
85.599671,27.555766,0
85.599836,27.555703,0
85.599986,27.555688,0
85.600089,27.555675,0
85.600232,27.555622,0
85.600344,27.55557,0
85.600428,27.55549,0
85.600481,27.555384,0
85.600576,27.555292,0
85.600723,27.555217,0
85.600887,27.555136,0
85.601019,27.555045,0
85.601211,27.55498,0
85.601408,27.55496,0
85.601616,27.554968,0
85.601717,27.554976,0
85.601824,27.554983,0
85.601936,27.554986,0
85.602055,27.554999,0
85.602281,27.555053,0
85.602391,27.555066,0
85.602505,27.555051,0
85.602688,27.554996,0
85.602774,27.554947,0
85.602865,27.554892,0
85.602958,27.554824,0
85.603057,27.554755,0
85.603145,27.554688,0
85.60324,27.554624,0
85.603395,27.554508,0
85.603506,27.554442,0
85.603648,27.554404,0
85.603827,27.554365,0
85.604008,27.554319,0
85.604195,27.554279,0
85.604299,27.554249,0
85.604418,27.554222,0
85.604528,27.55419,0
85.604627,27.554153,0
85.60473,27.554118,0
85.60489,27.554035,0
85.605019,27.55396,0
85.605144,27.553914,0
85.605316,27.553879,0
85.605495,27.55384,0
85.605681,27.553801,0
85.605847,27.553781,0
85.605979,27.553784,0
85.606095,27.553766,0
85.606189,27.553702,0
85.606291,27.553626,0
85.606407,27.553542,0
85.606504,27.553439,0
85.60662,27.553351,0
85.606747,27.553307,0
85.606864,27.553217,0
85.607016,27.553177,0
85.60712,27.553164,0
85.607263,27.553181,0
85.607379,27.55315,0
85.607511,27.553143,0
85.607659,27.55309,0
85.607812,27.553019,0
85.607937,27.552981,0
85.608072,27.552927,0
85.608159,27.552881,0
85.608275,27.552813,0
85.608383,27.552748,0
85.608487,27.552683,0
85.608593,27.55262,0
85.60868,27.552563,0
85.608803,27.5525,0
85.6089,27.552444,0
85.609011,27.5524,0
85.609117,27.552379,0
85.609213,27.552346,0
85.60936,27.552322,0
85.609481,27.552338,0
85.609594,27.552364,0
85.609737,27.552434,0
85.60983,27.552484,0
85.609934,27.552502,0
85.610057,27.552531,0
85.610175,27.552481,0
85.610282,27.552461,0
85.610243,27.552458,0
</coordinates>
</LineString>
</Placemark>
<Placemark>
<name/>
<styleUrl>#line-FF0000-2000-nodesc</styleUrl>
<LineString>
<tessellate>1</tessellate>
<coordinates>
85.610619,27.552302,0
85.612292,27.551465,0
85.613322,27.551237,0
85.614481,27.550628,0
85.615382,27.550095,0
85.616112,27.550019,0
85.616541,27.549106,0
85.617013,27.548535,0
85.617185,27.547926,0
85.618343,27.547774,0
85.618815,27.547127,0
85.618558,27.54629,0
85.61933,27.54591,0
85.620103,27.545301,0
85.621305,27.54473,0
85.622807,27.544502,0
85.623751,27.54454,0
85.624566,27.544844,0
85.625682,27.544388,0
85.627356,27.543665,0
85.628471,27.543398,0
85.629544,27.543436,0
85.628557,27.543132,0
85.628214,27.542714,0
85.628042,27.542257,0
85.628042,27.541762,0
85.627248,27.541093,0
85.627267,27.540993,0
85.627325,27.540878,0
85.627379,27.540798,0
85.627446,27.540722,0
85.627444,27.54061,0
85.627423,27.540475,0
85.627365,27.540355,0
85.627335,27.540268,0
85.627295,27.540184,0
85.627297,27.540278,0
85.627345,27.540391,0
85.627381,27.540481,0
85.627419,27.54057,0
85.627345,27.540493,0
85.627285,27.540391,0
85.627256,27.540294,0
85.62721,27.540186,0
85.627228,27.54007,0
85.627238,27.539968,0
85.627246,27.539859,0
85.627262,27.539761,0
85.627296,27.539667,0
85.627244,27.53956,0
85.627185,27.53947,0
85.627097,27.539343,0
85.626981,27.539214,0
85.626933,27.539121,0
85.626906,27.539028,0
85.626922,27.538907,0
85.626903,27.538794,0
85.626794,27.538739,0
85.626683,27.538652,0
85.626672,27.538542,0
85.62668,27.53844,0
85.626684,27.538317,0
85.62663,27.538212,0
85.626514,27.538126,0
85.626397,27.538009,0
85.626363,27.537923,0
85.626347,27.537821,0
85.626347,27.53771,0
85.626376,27.5376,0
85.626384,27.537506,0
85.626398,27.53741,0
85.626429,27.537321,0
85.626467,27.537198,0
85.626476,27.537098,0
85.626498,27.536964,0
85.626486,27.536845,0
85.626448,27.536752,0
85.626411,27.536638,0
85.626345,27.536546,0
85.626232,27.536489,0
85.626113,27.536394,0
85.626068,27.536308,0
85.626045,27.53621,0
85.625983,27.536097,0
85.625923,27.535979,0
85.625895,27.53588,0
85.625907,27.535748,0
85.625911,27.535651,0
85.625835,27.535576,0
85.625705,27.535596,0
85.625592,27.535587,0
85.625504,27.535642,0
85.625378,27.535658,0
85.625258,27.535645,0
85.625089,27.535633,0
85.624999,27.535565,0
85.624936,27.535469,0
85.624877,27.535383,0
85.624748,27.535317,0
85.624639,27.535245,0
85.624589,27.535116,0
85.624493,27.53506,0
85.624378,27.535137,0
85.624285,27.535213,0
85.624191,27.535291,0
85.624054,27.535293,0
85.623964,27.53525,0
85.623822,27.535215,0
85.623707,27.535186,0
85.62359,27.535156,0
85.623494,27.535088,0
85.623475,27.534974,0
85.623398,27.534892,0
85.623286,27.53492,0
85.623181,27.534981,0
85.62308,27.53502,0
85.622965,27.535052,0
85.622826,27.535034,0
85.622722,27.535025,0
85.622626,27.534993,0
85.622548,27.534935,0
85.622495,27.534828,0
85.622512,27.534724,0
85.622551,27.534595,0
85.622596,27.534502,0
85.622626,27.534389,0
85.622656,27.534294,0
85.622675,27.534151,0
85.622628,27.53404,0
85.622505,27.533935,0
85.62242,27.534017,0
85.622527,27.534112,0
85.622485,27.534217,0
85.62242,27.534287,0
85.622346,27.534356,0
85.622267,27.534428,0
85.62219,27.534498,0
85.622094,27.534608,0
85.62201,27.534669,0
85.6219,27.534758,0
85.621816,27.534829,0
85.621723,27.534931,0
85.62162,27.535018,0
85.621601,27.535115,0
85.621655,27.535208,0
85.621734,27.535302,0
85.621808,27.535392,0
85.621856,27.535482,0
85.621912,27.53556,0
85.622,27.535625,0
85.62209,27.53568,0
85.622098,27.535788,0
85.622052,27.535886,0
85.622097,27.535978,0
85.62211,27.53608,0
85.621993,27.536073,0
85.621926,27.535994,0
85.621936,27.535879,0
85.621911,27.535781,0
85.621793,27.535767,0
85.621671,27.535755,0
85.621581,27.535703,0
85.621507,27.535615,0
85.621409,27.53556,0
85.621291,27.5355,0
85.621214,27.535438,0
85.621132,27.535375,0
85.621031,27.53544,0
85.621116,27.535508,0
85.621185,27.535575,0
85.6212,27.535691,0
85.621117,27.535764,0
85.621063,27.535852,0
85.62117,27.535939,0
85.621271,27.535962,0
85.621336,27.536031,0
85.621318,27.536123,0
85.621259,27.536241,0
85.621266,27.536341,0
85.621339,27.53645,0
85.621312,27.536545,0
85.621195,27.536519,0
85.62112,27.536445,0
85.621111,27.536347,0
85.621038,27.536277,0
85.620928,27.536292,0
85.620812,27.536239,0
85.620734,27.536173,0
85.620649,27.536103,0
85.620578,27.536018,0
85.620537,27.535926,0
85.620481,27.535828,0
85.620442,27.535743,0
85.620394,27.53563,0
85.620368,27.535535,0
85.620325,27.535393,0
85.620306,27.535293,0
85.620287,27.535165,0
85.620236,27.535068,0
85.620161,27.535006,0
85.620029,27.534945,0
85.619926,27.534913,0
85.619816,27.534847,0
85.619805,27.534719,0
85.619754,27.534626,0
85.61969,27.53454,0
85.619654,27.534441,0
85.619542,27.534355,0
85.619408,27.534284,0
85.619306,27.534239,0
85.619206,27.534204,0
85.61906,27.534163,0
85.618929,27.534104,0
85.618826,27.534047,0
85.618697,27.534002,0
85.61857,27.533979,0
85.618455,27.53395,0
85.618369,27.533871,0
85.618265,27.533786,0
85.618236,27.533673,0
85.618232,27.533574,0
85.61822,27.533481,0
85.618202,27.533359,0
85.618231,27.533257,0
85.618288,27.533164,0
85.618251,27.53307,0
85.618148,27.53302,0
85.6181,27.532912,0
85.617979,27.5329,0
85.617861,27.532935,0
85.617751,27.532985,0
85.617641,27.533,0
85.61755,27.532888,0
85.617505,27.532791,0
85.617481,27.532693,0
85.617486,27.532602,0
85.617524,27.532495,0
85.617444,27.532425,0
85.61736,27.532346,0
85.617298,27.532251,0
85.617237,27.532179,0
85.617204,27.532088,0
85.617189,27.531993,0
85.617189,27.531895,0
85.617198,27.531796,0
85.617204,27.531701,0
85.617233,27.531608,0
85.617272,27.531491,0
85.617197,27.531388,0
85.617135,27.531303,0
85.617071,27.53119,0
85.617033,27.531084,0
85.617015,27.530977,0
85.617018,27.530856,0
85.617011,27.530742,0
85.617061,27.530637,0
85.617115,27.53054,0
85.617182,27.530449,0
85.61725,27.530347,0
85.617298,27.530248,0
85.617341,27.53015,0
85.617442,27.530065,0
85.617537,27.530002,0
85.617673,27.529936,0
85.617694,27.529824,0
85.617591,27.52983,0
85.617465,27.529882,0
85.617353,27.529894,0
85.617224,27.529926,0
85.617123,27.529962,0
85.617074,27.530042,0
85.617043,27.530142,0
85.616939,27.530164,0
85.616929,27.530051,0
85.617015,27.529904,0
85.617086,27.529833,0
85.617165,27.52977,0
85.617255,27.529695,0
85.617334,27.529637,0
85.617429,27.529565,0
85.617511,27.529502,0
85.617582,27.529437,0
85.617614,27.52935,0
85.617516,27.529307,0
85.617465,27.529395,0
85.617345,27.529439,0
85.617228,27.529472,0
85.617091,27.529536,0
85.616984,27.529608,0
85.61687,27.52968,0
85.61679,27.529737,0
85.616685,27.529821,0
85.616611,27.529888,0
85.616563,27.529987,0
85.616555,27.530083,0
85.616451,27.530109,0
85.616428,27.53002,0
85.616443,27.529901,0
85.616473,27.529783,0
85.616584,27.529629,0
85.616661,27.529566,0
85.616768,27.529507,0
85.616847,27.529426,0
85.616903,27.529325,0
85.616969,27.529229,0
85.617048,27.529172,0
85.617095,27.529074,0
85.61709,27.528978,0
85.617102,27.528886,0
85.617181,27.52879,0
85.617298,27.528774,0
85.617406,27.528781,0
85.617533,27.528798,0
85.617652,27.528818,0
85.617744,27.528749,0
85.61774,27.528602,0
85.617702,27.52846,0
85.617673,27.528372,0
85.617694,27.528279,0
85.617747,27.528359,0
85.617654,27.528307,0
85.617736,27.528364,0
85.617785,27.528251,0
85.61782,27.528143,0
85.617785,27.528025,0
85.617688,27.527943,0
85.61757,27.527893,0
85.617482,27.527785,0
85.617401,27.527707,0
85.61731,27.527647,0
85.617216,27.527597,0
85.617161,27.527688,0
85.617231,27.527761,0
85.617325,27.527833,0
85.617396,27.527929,0
85.617471,27.528032,0
85.617546,27.528129,0
85.617569,27.528251,0
85.617493,27.528358,0
85.617395,27.528381,0
85.617273,27.528373,0
85.617153,27.52835,0
85.617042,27.528349,0
85.616918,27.52836,0
85.616828,27.528403,0
85.616739,27.528461,0
85.616648,27.528517,0
85.616562,27.528589,0
85.616475,27.528541,0
85.616552,27.528434,0
85.616643,27.528374,0
85.616715,27.52831,0
85.616789,27.528237,0
85.616887,27.528199,0
85.616934,27.528101,0
85.616879,27.527981,0
85.616815,27.527874,0
85.616698,27.527803,0
85.616616,27.527736,0
85.616644,27.527645,0
85.616715,27.52756,0
85.616769,27.527451,0
85.616812,27.527327,0
85.616847,27.527228,0
85.616912,27.527092,0
85.616999,27.527003,0
85.617087,27.526935,0
85.617129,27.526851,0
85.617158,27.526695,0
85.617147,27.526536,0
85.617154,27.526413,0
85.617117,27.52631,0
85.617145,27.526209,0
85.61722,27.52613,0
85.617248,27.526028,0
85.617201,27.525913,0
85.617185,27.525794,0
85.617126,27.525665,0
85.617074,27.525554,0
85.617024,27.525442,0
85.617019,27.525335,0
85.617046,27.525214,0
85.617083,27.525106,0
85.617143,27.52499,0
85.617193,27.524865,0
85.617147,27.52477,0
85.61705,27.524657,0
85.617013,27.524562,0
85.616988,27.524458,0
85.616993,27.524355,0
85.617061,27.524269,0
85.617034,27.524158,0
85.616936,27.524046,0
85.616886,27.523961,0
85.616829,27.523876,0
85.616749,27.523728,0
85.616699,27.523645,0
85.616669,27.523517,0
85.616687,27.523402,0
85.616728,27.523286,0
85.616736,27.52314,0
85.616661,27.522983,0
85.616616,27.522892,0
85.616556,27.522758,0
85.616492,27.522653,0
85.616463,27.522544,0
85.616414,27.522463,0
85.61637,27.522364,0
85.616316,27.522262,0
85.616262,27.522173,0
85.61619,27.522096,0
85.616176,27.521978,0
85.616165,27.521869,0
85.616157,27.521764,0
85.616181,27.521604,0
85.616189,27.521493,0
85.616216,27.521352,0
85.616249,27.521239,0
85.616293,27.521117,0
85.616337,27.521034,0
85.616399,27.52096,0
85.616466,27.52089,0
85.61654,27.52081,0
85.616616,27.520745,0
85.61669,27.520661,0
85.616738,27.520553,0
85.61679,27.520438,0
85.616824,27.520331,0
85.616834,27.520212,0
85.616825,27.520108,0
85.616841,27.520004,0
85.616836,27.519909,0
85.616815,27.519725,0
85.616818,27.519628,0
85.616818,27.519522,0
85.616825,27.519411,0
85.616852,27.51928,0
85.616899,27.519158,0
85.61697,27.519035,0
85.617057,27.518875,0
85.617096,27.518789,0
85.617129,27.518701,0
85.617203,27.518563,0
85.617336,27.518465,0
85.61749,27.518348,0
85.617601,27.518223,0
85.617662,27.518076,0
85.617734,27.517976,0
85.617752,27.517881,0
85.617841,27.517777,0
85.617921,27.517713,0
85.61808,27.517605,0
85.61815,27.517506,0
85.618216,27.517412,0
85.618281,27.517336,0
85.618299,27.517245,0
85.618296,27.517143,0
85.618278,27.517044,0
85.618322,27.51688,0
85.618335,27.516782,0
85.618322,27.516677,0
85.618274,27.516595,0
85.61816,27.516588,0
85.618033,27.516663,0
85.617939,27.516763,0
85.617845,27.516841,0
85.617729,27.516906,0
85.617599,27.516972,0
85.617477,27.517044,0
85.617391,27.5171,0
85.617267,27.517176,0
85.617092,27.517214,0
85.616972,27.517236,0
85.61687,27.517243,0
85.616738,27.517249,0
85.616597,27.517254,0
85.616496,27.517233,0
85.61639,27.517202,0
85.616285,27.517192,0
85.616159,27.5172,0
85.616014,27.517215,0
85.61589,27.517234,0
85.615786,27.517275,0
85.615656,27.517336,0
85.615544,27.51738,0
85.615434,27.517367,0
85.615321,27.517343,0
85.615173,27.51735,0
85.61501,27.517324,0
85.614896,27.517306,0
85.61476,27.51737,0
85.614727,27.517466,0
85.614695,27.517577,0
85.614593,27.517659,0
85.614477,27.517689,0
85.614276,27.517735,0
85.614145,27.517706,0
85.614038,27.517684,0
85.613933,27.517679,0
85.613829,27.517708,0
85.613724,27.517686,0
85.61365,27.517613,0
85.613557,27.517498,0
85.613433,27.517472,0
85.61334,27.517423,0
85.613238,27.517383,0
85.613139,27.51736,0
85.613009,27.517333,0
85.612899,27.517316,0
85.612795,27.517289,0
85.61268,27.517262,0
85.612574,27.517259,0
85.612462,27.517279,0
85.612405,27.517354,0
85.612417,27.517451,0
85.612438,27.517549,0
85.612337,27.517616,0
85.612223,27.517628,0
85.612125,27.517679,0
85.612026,27.51776,0
85.611935,27.517844,0
85.611842,27.517935,0
85.611772,27.518005,0
85.611708,27.518108,0
85.611598,27.518141,0
85.611473,27.518181,0
85.611376,27.518255,0
85.611287,27.518304,0
85.611148,27.518339,0
85.611027,27.518394,0
85.610906,27.518427,0
85.610811,27.518354,0
85.610709,27.518336,0
85.61059,27.518375,0
85.610472,27.518413,0
85.610349,27.518418,0
85.610262,27.518368,0
85.61011,27.518376,0
85.610008,27.518385,0
85.609867,27.518416,0
85.609771,27.518456,0
85.609677,27.518512,0
85.609574,27.51855,0
85.609455,27.518602,0
85.609355,27.518647,0
85.609231,27.518696,0
85.609135,27.518741,0
85.609022,27.518793,0
85.608893,27.518826,0
85.608786,27.518839,0
85.608663,27.518879,0
85.608559,27.518945,0
85.608514,27.51905,0
85.60847,27.519163,0
85.60849,27.519264,0
85.608516,27.51936,0
85.608458,27.519469,0
85.608419,27.519576,0
85.608397,27.519691,0
85.608349,27.519785,0
85.608235,27.519902,0
85.608033,27.520046,0
85.607904,27.520078,0
85.607807,27.520112,0
85.607786,27.52021,0
85.60786,27.520281,0
85.607929,27.520392,0
85.607947,27.520526,0
85.607923,27.520627,0
85.607875,27.520752,0
85.607864,27.520865,0
85.60779,27.520946,0
85.60769,27.520901,0
85.60757,27.520862,0
85.607463,27.520868,0
85.607349,27.520862,0
85.60724,27.520819,0
85.607134,27.52076,0
85.607151,27.52066,0
85.607256,27.52059,0
85.607346,27.520535,0
85.607408,27.520432,0
85.607458,27.520264,0
85.60745,27.520149,0
85.607446,27.520055,0
85.607444,27.519961,0
85.607416,27.519852,0
85.607356,27.519757,0
85.607295,27.519678,0
85.607224,27.51956,0
85.607198,27.519441,0
85.607157,27.519334,0
85.607087,27.51925,0
85.607063,27.519151,0
85.607016,27.51905,0
85.606953,27.518962,0
85.606872,27.518886,0
85.606766,27.518817,0
85.606688,27.518708,0
85.606595,27.518633,0
85.6065,27.518547,0
85.606435,27.518463,0
85.606391,27.518365,0
85.606396,27.518254,0
85.60643,27.518167,0
85.606459,27.518051,0
85.606468,27.517938,0
85.60642,27.517848,0
85.606362,27.517735,0
85.606318,27.517615,0
85.606193,27.517574,0
85.606048,27.517626,0
85.605963,27.517675,0
85.605837,27.517656,0
85.605733,27.517565,0
85.605614,27.517493,0
85.605506,27.517413,0
85.605416,27.517371,0
85.60532,27.51733,0
85.605224,27.517287,0
85.605121,27.517238,0
85.60501,27.517206,0
85.604902,27.517191,0
85.604864,27.51719,0
</coordinates>
</LineString>
</Placemark>
</Folder>
</Document>
</kml>
