<?xml version="1.0" encoding="UTF-8"?>
<kml xmlns="http://www.opengis.net/kml/2.2">
<Document>
<name>WNW_9.Saangaa to Panauti</name>
<description/>
<Style id="line-FF0000-2000-nodesc-normal">
<LineStyle>
<color>ff0000ff</color>
<width>2</width>
</LineStyle>
<BalloonStyle>
<text><![CDATA[<h3>$[name]</h3>]]></text>
</BalloonStyle>
</Style>
<Style id="line-FF0000-2000-nodesc-highlight">
<LineStyle>
<color>ff0000ff</color>
<width>3</width>
</LineStyle>
<BalloonStyle>
<text><![CDATA[<h3>$[name]</h3>]]></text>
</BalloonStyle>
</Style>
<StyleMap id="line-FF0000-2000-nodesc">
<Pair>
<key>normal</key>
<styleUrl>#line-FF0000-2000-nodesc-normal</styleUrl>
</Pair>
<Pair>
<key>highlight</key>
<styleUrl>#line-FF0000-2000-nodesc-highlight</styleUrl>
</Pair>
</StyleMap>
<Folder>
<name>LineStrings</name>
<Placemark>
<name>Morning Run</name>
<styleUrl>#line-FF0000-2000-nodesc</styleUrl>
<LineString>
<tessellate>1</tessellate>
<coordinates>
85.477803,27.64155,1527
85.477817,27.641531,1527
85.477829,27.64151,1528
85.477831,27.641486,1528
85.477825,27.641465,1528
85.477814,27.641445,1529
85.477808,27.641427,1529
85.477801,27.641409,1530
85.477788,27.641392,1531
85.47776,27.641386,1531
85.477739,27.641378,1533
85.477717,27.64137,1534
85.477695,27.641359,1535
85.477692,27.64134,1535
85.477669,27.641342,1535
85.477648,27.641349,1537
85.477622,27.641348,1538
85.477611,27.641367,1538
85.477615,27.641388,1537
85.477603,27.641404,1537
85.477581,27.641401,1539
85.477565,27.641385,1539
85.477549,27.641374,1540
85.477534,27.641355,1541
85.477522,27.641337,1541
85.477513,27.641318,1542
85.47751,27.641299,1542
85.477505,27.641278,1543
85.477488,27.641259,1545
85.477473,27.641246,1545
85.477459,27.641228,1545
85.477446,27.641211,1547
85.477436,27.641192,1547
85.477422,27.641176,1548
85.477396,27.641187,1548
85.477382,27.641201,1548
85.477377,27.641227,1547
85.477374,27.641246,1547
85.477353,27.641253,1547
85.477333,27.641244,1547
85.477323,27.641227,1548
85.477326,27.641209,1548
85.477323,27.641191,1549
85.477344,27.64119,1548
85.477351,27.641172,1549
85.477348,27.641154,1549
85.477356,27.641134,1551
85.477365,27.641115,1551
85.477383,27.6411,1551
85.477399,27.641078,1551
85.47741,27.641054,1551
85.477425,27.641033,1551
85.477446,27.641017,1552
85.477459,27.640996,1550
85.477463,27.640976,1551
85.477469,27.640952,1552
85.477467,27.640927,1552
85.477454,27.640911,1553
85.477434,27.640898,1555
85.477407,27.640892,1556
85.477385,27.640894,1556
85.477366,27.640898,1557
85.477341,27.640908,1557
85.477317,27.640916,1558
85.477293,27.640927,1557
85.47727,27.640937,1559
85.477259,27.640918,1559
85.477252,27.640899,1559
85.477241,27.640877,1560
85.47724,27.640858,1560
85.477222,27.640842,1562
85.477228,27.640823,1562
85.477206,27.640811,1562
85.47719,27.640827,1563
85.477174,27.640841,1563
85.47715,27.64084,1564
85.477138,27.640821,1564
85.477133,27.640803,1564
85.47713,27.640784,1564
85.477131,27.640757,1564
85.477124,27.640739,1564
85.47713,27.640716,1565
85.477131,27.640692,1565
85.477127,27.64067,1565
85.477133,27.640647,1566
85.477146,27.640624,1566
85.477147,27.640605,1567
85.477125,27.640596,1567
85.477102,27.64059,1568
85.477085,27.640604,1568
85.477066,27.640614,1569
85.477049,27.640625,1568
85.477027,27.640634,1568
85.477006,27.640628,1570
85.477009,27.640605,1570
85.477015,27.640584,1570
85.477022,27.640566,1571
85.47702,27.640548,1571
85.476996,27.640548,1571
85.476974,27.640556,1572
85.476955,27.640569,1572
85.476934,27.640576,1574
85.476916,27.640587,1573
85.476896,27.640592,1573
85.476873,27.640586,1574
85.476871,27.640567,1575
85.476877,27.640549,1575
85.476878,27.640527,1576
85.476874,27.640506,1576
85.476869,27.640487,1577
85.476866,27.640466,1577
85.476857,27.64045,1578
85.476856,27.640429,1578
85.476853,27.640407,1579
85.476846,27.640389,1582
85.476833,27.640374,1582
85.47681,27.640379,1582
85.476798,27.640397,1584
85.476786,27.640416,1584
85.476786,27.640398,1584
85.476769,27.640382,1585
85.476759,27.640366,1587
85.476748,27.640347,1587
85.476739,27.640327,1587
85.476727,27.640304,1588
85.476716,27.640288,1590
85.476695,27.640278,1590
85.476679,27.64026,1592
85.476666,27.640242,1593
85.47665,27.640225,1595
85.476632,27.640208,1597
85.476611,27.640188,1599
85.476597,27.640168,1601
85.476587,27.640145,1601
85.476573,27.640127,1601
85.47656,27.64011,1601
85.476542,27.64009,1602
85.476525,27.640076,1602
85.476507,27.640058,1602
85.476479,27.640056,1602
85.476501,27.640072,1603
85.476474,27.64006,1603
85.47645,27.640051,1603
85.476428,27.640041,1603
85.476403,27.640033,1604
85.476376,27.640029,1604
85.476351,27.640025,1604
85.476326,27.640024,1604
85.476301,27.640023,1605
85.47628,27.640022,1605
85.476256,27.640027,1605
85.476232,27.640036,1605
85.476207,27.640041,1606
85.476181,27.640048,1606
85.476157,27.640055,1606
85.476132,27.640056,1606
85.47611,27.640053,1607
85.476085,27.640043,1607
85.476065,27.640028,1607
85.476043,27.640023,1607
85.476012,27.640019,1608
85.475988,27.640012,1608
85.475967,27.640003,1608
85.47594,27.639994,1608
85.475918,27.639982,1609
85.475891,27.639966,1609
85.475868,27.639954,1609
85.475838,27.639947,1609
85.47581,27.63994,1610
85.475782,27.639938,1610
85.475761,27.639933,1610
85.475743,27.639924,1610
85.47572,27.639912,1611
85.475702,27.639899,1611
85.475682,27.639887,1611
85.47566,27.639882,1611
85.47564,27.639878,1612
85.475614,27.639866,1612
85.475586,27.639857,1612
85.475563,27.639848,1612
85.475544,27.639841,1613
85.475516,27.639829,1613
85.475498,27.639821,1613
85.475468,27.639815,1613
85.475446,27.63981,1614
85.475426,27.639803,1614
85.475401,27.639794,1614
85.475378,27.639788,1614
85.475351,27.639778,1614
85.475329,27.639767,1615
85.475304,27.63976,1615
85.475279,27.639751,1615
85.475254,27.639743,1615
85.475231,27.639733,1616
85.475211,27.639729,1616
85.475189,27.63972,1616
85.475168,27.63971,1616
85.475146,27.63969,1617
85.475134,27.639674,1617
85.475117,27.639662,1617
85.475102,27.639645,1617
85.475083,27.639639,1618
85.475073,27.639624,1618
85.475063,27.639595,1618
85.475054,27.639573,1618
85.475047,27.639553,1618
85.475043,27.63953,1619
85.475039,27.639503,1619
85.475039,27.639475,1619
85.475039,27.639449,1620
85.47504,27.639424,1620
85.475041,27.639402,1620
85.475039,27.639383,1620
85.47503,27.639357,1621
85.475021,27.639334,1621
85.475011,27.639312,1621
85.475005,27.63929,1621
85.475,27.639269,1622
85.474997,27.639244,1622
85.474986,27.63922,1622
85.474977,27.639193,1622
85.474975,27.63917,1623
85.474977,27.63915,1623
85.474975,27.639124,1623
85.474971,27.639097,1623
85.474967,27.639072,1624
85.474968,27.639051,1624
85.474962,27.639026,1624
85.474956,27.639003,1625
85.474953,27.638983,1625
85.474946,27.63896,1625
85.474938,27.638932,1625
85.474929,27.63891,1626
85.474924,27.638889,1626
85.474915,27.638864,1626
85.474904,27.638841,1626
85.474892,27.638823,1627
85.474877,27.638807,1627
85.47486,27.63879,1627
85.474845,27.638777,1627
85.474823,27.638763,1627
85.474801,27.63875,1628
85.474781,27.638736,1628
85.474762,27.638721,1628
85.474747,27.638708,1628
85.474722,27.638704,1629
85.4747,27.638695,1629
85.474678,27.638688,1629
85.474656,27.638678,1629
85.474634,27.63867,1630
85.474609,27.638664,1630
85.474592,27.638652,1630
85.474575,27.638638,1630
85.474561,27.638624,1630
85.474542,27.638609,1631
85.474523,27.638598,1631
85.474503,27.638583,1631
85.474484,27.63857,1631
85.474466,27.638546,1632
85.47445,27.638529,1632
85.474437,27.638511,1632
85.474417,27.638493,1632
85.474399,27.638483,1633
85.474381,27.638471,1633
85.474364,27.638452,1633
85.47435,27.638436,1633
85.474335,27.638422,1634
85.474317,27.638405,1634
85.4743,27.638392,1634
85.474284,27.638375,1634
85.474268,27.638358,1634
85.474252,27.638344,1635
85.474234,27.638326,1635
85.474219,27.638311,1635
85.474201,27.638295,1635
85.474187,27.63828,1636
85.474175,27.638264,1636
85.474163,27.638247,1636
85.474152,27.638229,1636
85.474137,27.638211,1636
85.474126,27.638193,1637
85.474115,27.638173,1637
85.474107,27.638152,1637
85.474101,27.638131,1637
85.474094,27.638109,1638
85.474085,27.638082,1638
85.474079,27.638059,1638
85.474073,27.63804,1638
85.474064,27.638018,1639
85.474052,27.637999,1639
85.474036,27.637982,1639
85.47402,27.637963,1639
85.474004,27.637948,1640
85.473987,27.637931,1640
85.47397,27.637914,1640
85.47396,27.637897,1640
85.47394,27.637881,1641
85.473923,27.637866,1641
85.473907,27.637854,1641
85.473891,27.63784,1641
85.473876,27.637824,1641
85.473859,27.637806,1642
85.473839,27.637788,1642
85.473823,27.637775,1642
85.473802,27.637758,1642
85.473783,27.637744,1643
85.473768,27.637732,1643
85.473747,27.637713,1643
85.473732,27.6377,1643
85.473718,27.637686,1644
85.473701,27.637663,1644
85.473687,27.637646,1644
85.473672,27.637632,1644
85.473655,27.637621,1644
85.473629,27.637609,1645
85.473609,27.63759,1645
85.473592,27.637577,1645
85.473579,27.637554,1646
85.473566,27.637533,1646
85.47355,27.637514,1646
85.473533,27.637496,1646
85.473515,27.63748,1647
85.473494,27.637457,1647
85.473477,27.637441,1647
85.473462,27.637427,1647
85.473447,27.637407,1648
85.473438,27.637389,1648
85.473426,27.637371,1648
85.473417,27.637353,1648
85.473407,27.637336,1648
85.473401,27.637316,1649
85.473391,27.637298,1649
85.473375,27.637284,1649
85.473362,27.637269,1649
85.47335,27.637247,1650
85.473347,27.637226,1650
85.473346,27.637207,1650
85.473345,27.637183,1651
85.473334,27.637163,1651
85.473325,27.637145,1652
85.473321,27.637125,1652
85.473303,27.637111,1653
85.473303,27.637087,1653
85.473289,27.637071,1654
85.473275,27.637057,1654
85.473271,27.637033,1655
85.473267,27.637009,1656
85.47325,27.63699,1656
85.473241,27.636967,1657
85.473239,27.636942,1657
85.47324,27.636922,1658
85.47323,27.636905,1658
85.473227,27.636882,1659
85.473232,27.636865,1661
85.473237,27.63684,1661
85.473237,27.636818,1662
85.473227,27.636801,1662
85.473216,27.636786,1662
85.473199,27.636764,1663
85.47319,27.636746,1663
85.473175,27.636725,1664
85.473157,27.636715,1664
85.473134,27.636715,1665
85.473122,27.636729,1665
85.473125,27.636748,1666
85.473115,27.636765,1666
85.473096,27.636774,1666
85.473088,27.636757,1667
85.473082,27.636739,1667
85.47308,27.636719,1668
85.473073,27.6367,1668
85.47306,27.636684,1668
85.473043,27.636671,1669
85.473022,27.636676,1669
85.473,27.636673,1670
85.472979,27.636668,1670
85.47297,27.636647,1671
85.472957,27.636626,1671
85.472957,27.636608,1672
85.472949,27.636586,1672
85.472929,27.63657,1673
85.472911,27.636559,1673
85.47289,27.636546,1675
85.472882,27.636526,1675
85.472875,27.636509,1675
85.472861,27.636491,1676
85.472843,27.636483,1677
85.472824,27.636477,1677
85.472802,27.636464,1679
85.472776,27.636458,1679
85.472765,27.636442,1680
85.472765,27.636421,1682
85.472752,27.636401,1682
85.472743,27.636383,1684
85.472739,27.636363,1684
85.472742,27.636344,1685
85.472728,27.636328,1685
85.472717,27.636309,1687
85.472695,27.636302,1687
85.472671,27.636298,1687
85.472655,27.636277,1689
85.472642,27.636261,1690
85.472649,27.636241,1690
85.47265,27.636222,1690
85.472647,27.636202,1691
85.472631,27.636191,1692
85.472614,27.636173,1692
85.472607,27.636155,1694
85.472603,27.636134,1694
85.472597,27.636116,1697
85.47259,27.636096,1697
85.472577,27.636079,1699
85.472567,27.636063,1699
85.472554,27.636045,1702
85.472534,27.636042,1702
85.472526,27.636025,1702
85.472521,27.636007,1703
85.472525,27.635986,1703
85.472532,27.635966,1705
85.472534,27.635945,1705
85.472519,27.635931,1706
85.47252,27.635913,1706
85.472504,27.635897,1709
85.472484,27.635885,1709
85.472469,27.635872,1710
85.472462,27.635855,1712
85.47245,27.635835,1712
85.47244,27.635818,1713
85.472439,27.635799,1713
85.47243,27.635778,1715
85.472421,27.635757,1715
85.472401,27.635746,1716
85.472397,27.635727,1716
85.472382,27.635706,1717
85.472366,27.635695,1717
85.472353,27.635675,1717
85.47235,27.635657,1718
85.472335,27.635641,1719
85.472324,27.635622,1720
85.472327,27.635603,1720
85.472332,27.635577,1721
85.472332,27.635559,1721
85.472326,27.63554,1721
85.472329,27.635517,1722
85.472327,27.635498,1722
85.472322,27.635479,1723
85.472319,27.63546,1723
85.472317,27.635438,1723
85.472296,27.635425,1724
85.472277,27.635411,1724
85.472248,27.635404,1726
85.472229,27.635396,1726
85.472209,27.635385,1726
85.472191,27.635372,1726
85.472174,27.63535,1727
85.472162,27.635336,1728
85.472151,27.635319,1729
85.472132,27.635305,1729
85.472115,27.635288,1731
85.472101,27.635272,1731
85.472074,27.635258,1731
85.472057,27.635241,1732
85.472042,27.635228,1732
85.47202,27.635215,1733
85.472002,27.635198,1733
85.471986,27.635182,1733
85.471976,27.635164,1733
85.471963,27.63515,1733
85.471945,27.635131,1734
85.471927,27.635121,1734
85.471905,27.635113,1735
85.471888,27.635102,1735
85.471868,27.635085,1737
85.471852,27.635072,1737
85.471832,27.635056,1737
85.471809,27.635041,1738
85.47178,27.635028,1740
85.471754,27.635014,1740
85.471737,27.634998,1741
85.471727,27.634979,1741
85.471705,27.634967,1741
85.471682,27.634966,1743
85.471659,27.634971,1743
85.471636,27.634966,1744
85.471616,27.634961,1744
85.471597,27.634949,1745
85.471573,27.634946,1745
85.471555,27.634939,1746
85.471536,27.634928,1746
85.471513,27.634917,1747
85.471491,27.634917,1747
85.471466,27.634919,1748
85.471432,27.634927,1749
85.471406,27.634929,1749
85.471384,27.634925,1750
85.471363,27.634912,1750
85.471339,27.6349,1750
85.471319,27.634894,1750
85.471294,27.63489,1752
85.471275,27.634882,1752
85.471249,27.634887,1753
85.471229,27.634893,1754
85.471207,27.634894,1754
85.471181,27.634903,1756
85.47116,27.634907,1756
85.471141,27.634916,1758
85.471122,27.634906,1757
85.471107,27.634894,1757
85.471086,27.634893,1758
85.471065,27.634899,1758
85.471043,27.634891,1759
85.47103,27.634873,1757
85.47101,27.634869,1758
85.470988,27.634865,1758
85.470967,27.634855,1760
85.470944,27.634859,1760
85.470925,27.634873,1761
85.470903,27.63488,1763
85.470888,27.634895,1763
85.470874,27.634909,1764
85.470852,27.634909,1764
85.470829,27.634911,1767
85.470811,27.634899,1767
85.47079,27.6349,1769
85.470765,27.634895,1769
85.470744,27.634897,1773
85.47072,27.6349,1773
85.4707,27.6349,1776
85.470677,27.634891,1776
85.470652,27.634889,1780
85.470645,27.634867,1779
85.470626,27.634857,1782
85.470603,27.634856,1782
85.470579,27.634854,1785
85.470555,27.634848,1785
85.470536,27.634838,1788
85.470512,27.634827,1788
85.470492,27.634821,1791
85.470466,27.634821,1791
85.470445,27.634829,1793
85.470423,27.634828,1793
85.470403,27.634815,1795
85.470383,27.634822,1795
85.470368,27.634808,1798
85.470354,27.63479,1797
85.470338,27.634776,1797
85.470325,27.634762,1800
85.470314,27.634746,1799
85.4703,27.634721,1799
85.470287,27.634699,1799
85.470271,27.634682,1801
85.470247,27.634668,1801
85.470231,27.634654,1803
85.470221,27.634632,1802
85.470218,27.63461,1802
85.470209,27.634593,1802
85.470197,27.634575,1803
85.470172,27.634564,1803
85.470148,27.63455,1805
85.470137,27.634534,1805
85.470122,27.634519,1804
85.470107,27.634502,1805
85.470096,27.634486,1805
85.470085,27.63447,1805
85.470073,27.634452,1804
85.470057,27.634431,1805
85.470042,27.634415,1804
85.470026,27.634402,1805
85.470015,27.634384,1805
85.470001,27.634365,1805
85.46999,27.634347,1805
85.46997,27.634336,1806
85.469945,27.634336,1806
85.469925,27.634337,1807
85.469911,27.634358,1807
85.469896,27.634373,1809
85.46987,27.63438,1809
85.469847,27.63438,1810
85.469821,27.63438,1810
85.469798,27.634383,1811
85.469771,27.634392,1811
85.469746,27.634397,1812
85.469723,27.634401,1813
85.469695,27.634412,1813
85.46967,27.634417,1813
85.469641,27.634426,1814
85.46962,27.634435,1814
85.469602,27.634459,1814
85.46959,27.634484,1814
85.469588,27.634505,1815
85.469586,27.634525,1815
85.469578,27.634548,1815
85.469574,27.634569,1815
85.469569,27.63459,1816
85.469566,27.634614,1816
85.469574,27.634634,1816
85.469577,27.634652,1817
85.469579,27.634677,1817
85.469574,27.634704,1817
85.469576,27.63473,1818
85.469579,27.63475,1818
85.469577,27.634769,1818
85.46959,27.634794,1818
85.4696,27.634815,1817
85.469607,27.634842,1817
85.469618,27.634866,1817
85.469639,27.634886,1816
85.469652,27.634902,1815
85.469665,27.634919,1815
85.469681,27.634938,1815
85.469697,27.634953,1813
85.469713,27.634966,1813
85.469735,27.634981,1812
85.469753,27.634998,1812
85.46977,27.63501,1812
85.469784,27.63503,1810
85.469789,27.635049,1810
85.469787,27.635078,1809
85.469789,27.635102,1809
85.469789,27.635125,1809
85.469786,27.635149,1808
85.469779,27.635171,1808
85.469772,27.635193,1807
85.469767,27.635214,1808
85.469768,27.635236,1807
85.469769,27.635255,1806
85.469779,27.635274,1806
85.469802,27.635267,1806
85.469803,27.635249,1806
85.469788,27.635233,1806
85.469788,27.635209,1807
85.46979,27.635184,1807
85.469796,27.635163,1808
85.469797,27.63514,1808
85.469797,27.635116,1809
85.469795,27.635096,1809
85.469796,27.635075,1809
85.469796,27.635054,1810
85.4698,27.635032,1810
85.469804,27.635005,1811
85.469798,27.634982,1812
85.4698,27.634959,1812
85.469801,27.634941,1812
85.469791,27.634922,1812
85.469781,27.6349,1813
85.469777,27.634878,1813
85.469774,27.63486,1814
85.469767,27.634841,1814
85.469759,27.634818,1815
85.469746,27.634796,1815
85.469728,27.634784,1815
85.469707,27.634769,1816
85.469693,27.634752,1816
85.469681,27.634734,1817
85.469666,27.634718,1816
85.469651,27.634699,1816
85.469643,27.634679,1816
85.469638,27.634658,1816
85.469634,27.634638,1816
85.469626,27.634615,1816
85.469619,27.634592,1815
85.46961,27.634568,1815
85.469606,27.634549,1815
85.4696,27.634527,1814
85.469595,27.634502,1815
85.469593,27.634482,1814
85.469592,27.634464,1814
85.469579,27.634439,1814
85.469558,27.634421,1814
85.469537,27.634408,1814
85.469515,27.634396,1814
85.469491,27.634386,1815
85.469467,27.634375,1815
85.469447,27.634362,1815
85.469429,27.63435,1815
85.469409,27.634336,1814
85.469393,27.634323,1814
85.469374,27.63431,1813
85.469374,27.634284,1813
85.469396,27.63427,1813
85.46937,27.634284,1813
85.469367,27.634312,1813
85.469381,27.634327,1813
85.469401,27.634343,1815
85.469425,27.634359,1815
85.469447,27.634374,1815
85.469475,27.634389,1815
85.469503,27.634401,1815
85.46953,27.634414,1815
85.469559,27.634431,1815
85.469587,27.634443,1815
85.469615,27.63445,1814
85.469646,27.634453,1814
85.469677,27.634451,1814
85.469711,27.634441,1813
85.469736,27.634425,1813
85.469746,27.634402,1813
85.469745,27.634384,1813
85.469734,27.634347,1813
85.469735,27.634319,1813
85.469734,27.634273,1813
85.469734,27.634258,1813
85.469736,27.634227,1813
85.469737,27.634197,1813
85.469736,27.634172,1814
85.469735,27.63415,1814
85.469732,27.634131,1814
85.469709,27.634123,1815
85.469708,27.634158,1816
85.469712,27.634189,1816
85.469713,27.634221,1816
85.46971,27.634253,1816
85.469707,27.634284,1816
85.469707,27.634314,1816
85.469706,27.634341,1816
85.469706,27.634366,1816
85.469706,27.634386,1816
85.469691,27.63441,1816
85.469673,27.634423,1817
85.469635,27.634423,1817
85.469599,27.634424,1817
85.469569,27.634424,1818
85.469545,27.634415,1818
85.46952,27.634398,1818
85.469491,27.634385,1819
85.469467,27.634371,1819
85.469443,27.63436,1819
85.469418,27.634345,1819
85.4694,27.634332,1818
85.46938,27.634317,1818
85.469366,27.6343,1817
85.469366,27.634281,1817
85.469383,27.634265,1817
85.469388,27.634245,1818
85.469397,27.634224,1817
85.469407,27.634205,1817
85.469417,27.634182,1817
85.469442,27.634176,1817
85.469463,27.634171,1817
85.469483,27.634162,1818
85.469503,27.63415,1817
85.469526,27.634135,1818
85.469553,27.634119,1818
85.469582,27.634104,1818
85.469605,27.634088,1819
85.469621,27.634076,1819
85.469645,27.63407,1819
85.469668,27.634073,1819
85.469694,27.634082,1818
85.469701,27.634107,1818
85.469704,27.634129,1818
85.469707,27.634152,1818
85.469707,27.634176,1818
85.469707,27.634205,1818
85.469701,27.634239,1818
85.469696,27.634264,1818
85.469702,27.634246,1818
85.469705,27.634225,1818
85.469701,27.634201,1818
85.469699,27.634176,1818
85.469701,27.634151,1818
85.469704,27.634127,1818
85.469706,27.634098,1818
85.469694,27.634072,1818
85.469671,27.634055,1819
85.469653,27.634043,1819
85.469623,27.634035,1819
85.469603,27.634034,1819
85.469573,27.634029,1818
85.469548,27.634028,1818
85.469526,27.634033,1818
85.469503,27.634039,1817
85.469481,27.634043,1817
85.469464,27.63403,1816
85.469452,27.634009,1816
85.469435,27.633996,1816
85.469412,27.633989,1815
85.469389,27.633989,1815
85.469368,27.633991,1814
85.469393,27.633991,1815
85.469408,27.633974,1815
85.469407,27.633953,1815
85.469405,27.633929,1815
85.4694,27.633903,1816
85.469397,27.633875,1816
85.469396,27.633855,1816
85.469397,27.633835,1817
85.469404,27.63381,1817
85.469414,27.63378,1818
85.469421,27.633748,1819
85.469415,27.633714,1820
85.469411,27.633686,1821
85.469412,27.633664,1821
85.469413,27.633639,1822
85.469418,27.633608,1824
85.469424,27.633583,1824
85.469435,27.633547,1826
85.469441,27.633523,1827
85.46945,27.633494,1828
85.469455,27.633467,1830
85.46945,27.633443,1830
85.469448,27.633418,1830
85.469444,27.633395,1830
85.469433,27.63337,1831
85.469421,27.633346,1832
85.469416,27.633318,1832
85.469404,27.633296,1832
85.469388,27.633276,1833
85.469372,27.633262,1833
85.469353,27.633245,1833
85.469329,27.633228,1834
85.469315,27.633213,1834
85.469289,27.633195,1835
85.469274,27.633177,1835
85.469257,27.633159,1836
85.469232,27.633144,1836
85.469209,27.633127,1835
85.469192,27.633106,1836
85.469185,27.633087,1836
85.469161,27.633069,1837
85.469137,27.633054,1837
85.469112,27.633041,1837
85.469085,27.63303,1837
85.469058,27.633017,1837
85.469035,27.633005,1837
85.469012,27.632992,1837
85.468994,27.632979,1836
85.468976,27.632961,1838
85.468959,27.632937,1838
85.468942,27.63292,1838
85.468927,27.632905,1838
85.468913,27.632887,1839
85.468893,27.63287,1839
85.468873,27.632852,1840
85.468861,27.632833,1839
85.468848,27.632816,1840
85.468839,27.632794,1840
85.468831,27.632769,1841
85.468823,27.632747,1841
85.468816,27.632724,1841
85.468814,27.632699,1842
85.468799,27.632676,1842
85.468784,27.632652,1843
85.468771,27.632633,1842
85.468757,27.632615,1843
85.468744,27.632599,1843
85.468731,27.632582,1842
85.46872,27.632558,1842
85.468711,27.63254,1842
85.468699,27.632524,1842
85.46869,27.632507,1841
85.46868,27.632487,1841
85.468672,27.632462,1841
85.468664,27.632439,1841
85.468659,27.632421,1841
85.468659,27.632403,1841
85.468661,27.632378,1841
85.468676,27.632361,1840
85.468696,27.632346,1840
85.468722,27.632332,1841
85.468743,27.632325,1841
85.468762,27.632318,1841
85.468784,27.632311,1842
85.468807,27.632304,1842
85.468829,27.632299,1842
85.468853,27.632296,1842
85.468879,27.632294,1843
85.468908,27.632293,1843
85.468939,27.632295,1844
85.468963,27.6323,1844
85.468986,27.632308,1844
85.469009,27.63232,1844
85.469031,27.632332,1845
85.469052,27.632344,1845
85.469072,27.632353,1845
85.469093,27.632364,1845
85.469117,27.632374,1846
85.469137,27.632381,1846
85.469163,27.632392,1846
85.469186,27.6324,1846
85.469209,27.632406,1847
85.469231,27.632413,1847
85.469257,27.632421,1848
85.46928,27.632427,1848
85.469301,27.632435,1848
85.469329,27.632444,1848
85.469351,27.632451,1848
85.469377,27.632453,1848
85.469406,27.632452,1848
85.46944,27.632447,1848
85.469463,27.632452,1848
85.469486,27.632456,1848
85.469516,27.632459,1848
85.469541,27.632461,1848
85.469568,27.632468,1847
85.469587,27.632476,1847
85.469606,27.632487,1846
85.46963,27.632486,1846
85.469656,27.632483,1845
85.469679,27.632481,1845
85.469704,27.632481,1844
85.469723,27.632492,1844
85.469732,27.632516,1842
85.469721,27.632536,1843
85.469699,27.632544,1843
85.469682,27.632555,1844
85.469667,27.632572,1844
85.469662,27.632594,1844
85.469647,27.632613,1844
85.469646,27.632636,1843
85.469623,27.632645,1844
85.469597,27.632641,1846
85.469572,27.632631,1846
85.469553,27.632623,1847
85.469533,27.632617,1847
85.469504,27.632625,1848
85.469484,27.632637,1847
85.469464,27.632653,1848
85.46944,27.632663,1848
85.469413,27.632667,1848
85.46939,27.632669,1848
85.469364,27.632673,1848
85.469341,27.632682,1848
85.46932,27.632697,1848
85.469299,27.63271,1847
85.469275,27.632722,1847
85.46926,27.632743,1847
85.469263,27.632761,1847
85.469276,27.632775,1847
85.469295,27.632794,1846
85.469313,27.63281,1846
85.469327,27.632828,1845
85.469348,27.632832,1845
85.469367,27.632827,1845
85.469347,27.632829,1845
85.469375,27.632829,1845
85.469357,27.632837,1845
85.469341,27.63282,1846
85.469332,27.632802,1846
85.469315,27.632787,1846
85.469302,27.632771,1847
85.469289,27.632755,1847
85.469281,27.632734,1847
85.469296,27.632714,1847
85.469323,27.632702,1848
85.469348,27.632693,1848
85.469369,27.632681,1848
85.469391,27.63267,1848
85.469418,27.632665,1848
85.469441,27.632662,1848
85.469477,27.632662,1847
85.469497,27.632655,1847
85.469514,27.632643,1847
85.469536,27.632624,1847
85.469557,27.632614,1846
85.469581,27.632621,1846
85.469606,27.632633,1844
85.469629,27.632642,1844
85.469651,27.632646,1843
85.469677,27.632649,1843
85.469687,27.632627,1842
85.4697,27.632607,1842
85.469715,27.632587,1843
85.469727,27.632563,1843
85.469743,27.63255,1842
85.469763,27.632539,1842
85.469772,27.632515,1840
85.469763,27.632488,1842
85.469757,27.632468,1842
85.46976,27.632449,1842
85.469772,27.632434,1841
85.469776,27.632413,1841
85.469784,27.63239,1841
85.469795,27.632371,1841
85.4698,27.632352,1841
85.469804,27.632334,1841
85.469805,27.632314,1841
85.469804,27.632288,1840
85.4698,27.63227,1840
85.469812,27.632249,1840
85.469808,27.632226,1840
85.469806,27.632207,1840
85.469804,27.632187,1840
85.469807,27.632162,1840
85.469819,27.632146,1837
85.469821,27.632122,1837
85.469812,27.632101,1839
85.469798,27.632083,1839
85.469798,27.632062,1839
85.469786,27.63204,1838
85.469782,27.632022,1837
85.469776,27.632002,1837
85.469772,27.631984,1836
85.469768,27.631966,1838
85.469765,27.631942,1837
85.469766,27.631923,1837
85.469761,27.631904,1836
85.469762,27.63188,1836
85.469754,27.63186,1835
85.469749,27.631841,1835
85.469745,27.631819,1834
85.469744,27.631792,1834
85.469738,27.631771,1834
85.469733,27.631752,1833
85.469728,27.63173,1833
85.469726,27.631704,1835
85.469722,27.631682,1835
85.46972,27.631656,1835
85.469715,27.631632,1836
85.46972,27.631606,1836
85.469719,27.631585,1838
85.469718,27.631564,1840
85.46972,27.631543,1840
85.469725,27.631517,1841
85.469732,27.631492,1840
85.469742,27.631467,1842
85.469749,27.631446,1844
85.469751,27.631426,1844
85.469749,27.6314,1845
85.469754,27.631381,1845
85.469759,27.63136,1846
85.469768,27.63134,1846
85.469777,27.631319,1846
85.469782,27.631297,1846
85.469786,27.631273,1846
85.46978,27.631248,1847
85.469773,27.631231,1847
85.46977,27.631209,1848
85.469768,27.631181,1849
85.46977,27.631154,1849
85.469772,27.631136,1849
85.469769,27.631118,1849
85.469767,27.631091,1850
85.469766,27.631071,1851
85.46978,27.631058,1850
85.469793,27.63104,1850
85.469795,27.631018,1851
85.469795,27.631,1851
85.469795,27.630982,1852
85.46979,27.630963,1852
85.469786,27.630945,1852
85.469787,27.630927,1852
85.469793,27.630901,1853
85.469797,27.630882,1853
85.469801,27.630856,1853
85.469805,27.630837,1853
85.469804,27.630811,1853
85.469796,27.630784,1854
85.469791,27.63076,1854
85.469789,27.630738,1854
85.469785,27.630714,1854
85.469787,27.630693,1854
85.469782,27.630675,1854
85.469764,27.630659,1855
85.469748,27.630642,1855
85.469739,27.630622,1855
85.469727,27.630603,1854
85.469722,27.630576,1854
85.469718,27.630556,1854
85.469712,27.630533,1854
85.469705,27.630514,1854
85.469706,27.63049,1854
85.469711,27.630464,1854
85.469714,27.63044,1854
85.469723,27.630424,1853
85.469707,27.630408,1853
85.46969,27.63039,1853
85.46968,27.630367,1852
85.469675,27.630342,1852
85.469668,27.630318,1852
85.46966,27.630298,1852
85.46965,27.630271,1852
85.469633,27.630247,1851
85.469618,27.630223,1851
85.469605,27.630197,1851
85.469594,27.63017,1850
85.469581,27.630147,1850
85.469573,27.630125,1850
85.469564,27.6301,1851
85.469557,27.630076,1851
85.469545,27.63005,1850
85.469537,27.630024,1850
85.469528,27.63,1851
85.469515,27.629977,1851
85.469497,27.629957,1850
85.469484,27.629938,1850
85.469471,27.629922,1850
85.469451,27.629908,1848
85.469441,27.629888,1848
85.469433,27.629864,1848
85.469424,27.629843,1847
85.469415,27.629823,1847
85.469403,27.629803,1847
85.469394,27.629782,1847
85.469386,27.62976,1847
85.469382,27.62974,1846
85.469378,27.629717,1846
85.469367,27.629695,1845
85.469358,27.629676,1845
85.469355,27.629655,1844
85.469344,27.629633,1844
85.46933,27.629612,1843
85.469326,27.629594,1843
85.469299,27.629577,1842
85.469278,27.629559,1842
85.469254,27.62954,1841
85.469228,27.629524,1841
85.469203,27.62951,1839
85.469181,27.629495,1840
85.469183,27.629468,1839
85.469177,27.62945,1839
85.469168,27.629431,1837
85.469157,27.629414,1837
85.469134,27.629403,1837
85.469112,27.629395,1836
85.469099,27.62938,1836
85.469094,27.629357,1835
85.469081,27.629339,1835
85.469065,27.629328,1835
85.469044,27.629319,1834
85.469025,27.629314,1833
85.469015,27.629298,1833
85.469019,27.629278,1833
85.469038,27.629256,1833
85.469028,27.629236,1832
85.469008,27.629227,1832
85.468994,27.62921,1832
85.468992,27.629191,1831
85.468976,27.629177,1831
85.46896,27.629162,1830
85.468944,27.629145,1830
85.468921,27.629141,1830
85.468911,27.629124,1829
85.46889,27.629112,1829
85.468872,27.629102,1829
85.468862,27.629085,1828
85.468844,27.629066,1828
85.468824,27.629051,1827
85.468804,27.629031,1827
85.468823,27.629014,1826
85.468817,27.62899,1826
85.468801,27.628975,1826
85.4688,27.628951,1826
85.468799,27.628926,1825
85.468792,27.628906,1825
85.468782,27.628886,1824
85.468776,27.628868,1824
85.468766,27.628849,1823
85.468746,27.62883,1823
85.468731,27.628818,1822
85.468717,27.628802,1822
85.468703,27.628786,1821
85.468692,27.628761,1820
85.46868,27.628739,1820
85.468657,27.628727,1820
85.468635,27.628723,1819
85.468611,27.628707,1818
85.468585,27.62869,1818
85.468561,27.628677,1818
85.468545,27.628664,1817
85.468524,27.62865,1817
85.468501,27.628635,1817
85.468483,27.628619,1817
85.468464,27.628602,1816
85.468443,27.628584,1816
85.468427,27.628568,1816
85.468412,27.628556,1815
85.468388,27.628548,1814
85.468357,27.628537,1814
85.468325,27.628531,1813
85.468296,27.628529,1813
85.468265,27.628529,1812
85.468231,27.628531,1812
85.468199,27.628532,1811
85.468166,27.62853,1811
85.468135,27.628521,1810
85.468111,27.628507,1810
85.468088,27.628494,1809
85.468062,27.628477,1809
85.468039,27.628459,1808
85.468016,27.62845,1808
85.467992,27.628436,1807
85.467964,27.628423,1807
85.467946,27.62841,1807
85.467937,27.62839,1806
85.467928,27.628368,1806
85.467913,27.628346,1805
85.4679,27.628327,1805
85.467887,27.628307,1804
85.467877,27.628286,1804
85.467865,27.628261,1804
85.467853,27.628238,1803
85.467841,27.628215,1803
85.467825,27.628194,1802
85.467811,27.628178,1802
85.4678,27.628162,1802
85.467786,27.628143,1801
85.467778,27.628121,1801
85.467766,27.628104,1800
85.467755,27.628088,1800
85.467743,27.628068,1800
85.467733,27.628042,1799
85.467733,27.62802,1799
85.467725,27.628,1798
85.467718,27.627971,1798
85.467707,27.62795,1797
85.467699,27.62793,1797
85.46769,27.627906,1797
85.46768,27.627881,1796
85.467672,27.627859,1796
85.467663,27.627838,1795
85.467651,27.627819,1795
85.467635,27.627796,1794
85.467617,27.627776,1794
85.467595,27.627758,1794
85.467571,27.627744,1793
85.467546,27.627735,1793
85.467518,27.627725,1792
85.467488,27.627718,1792
85.46746,27.627716,1791
85.467434,27.627718,1791
85.467405,27.627716,1790
85.467378,27.62771,1790
85.467355,27.627695,1790
85.467338,27.627679,1789
85.467324,27.627661,1789
85.467321,27.627637,1788
85.467336,27.627618,1788
85.467356,27.6276,1787
85.467375,27.627587,1787
85.467397,27.627565,1787
85.467408,27.627541,1786
85.467399,27.627516,1786
85.467378,27.627499,1785
85.467346,27.627487,1785
85.467313,27.627498,1784
85.467279,27.627504,1784
85.46725,27.627515,1784
85.467225,27.627522,1784
85.467199,27.627527,1784
85.467174,27.627533,1784
85.467151,27.627542,1784
85.467127,27.627548,1784
85.467105,27.627539,1784
85.46709,27.627526,1784
85.467076,27.627512,1784
85.467071,27.627494,1784
85.467071,27.627471,1783
85.467069,27.627451,1783
85.467069,27.627433,1783
85.46706,27.627413,1782
85.467046,27.627393,1782
85.467043,27.627367,1781
85.467042,27.627344,1781
85.467032,27.627323,1781
85.46702,27.627302,1780
85.466996,27.627284,1780
85.466975,27.627265,1780
85.466958,27.627247,1779
85.466943,27.627228,1779
85.466931,27.627212,1779
85.466915,27.627196,1778
85.466898,27.627178,1778
85.466888,27.627154,1777
85.466881,27.627129,1777
85.46688,27.627103,1777
85.466885,27.627079,1776
85.466886,27.627057,1776
85.466891,27.62703,1775
85.466894,27.627008,1775
85.466899,27.626985,1775
85.4669,27.62696,1774
85.466901,27.62694,1774
85.4669,27.626917,1774
85.466897,27.626897,1773
85.466882,27.626874,1773
85.466871,27.626846,1773
85.466865,27.626818,1772
85.466857,27.626792,1772
85.466845,27.626767,1771
85.466838,27.626743,1771
85.466831,27.62672,1771
85.466828,27.626693,1770
85.466827,27.626671,1770
85.466817,27.626649,1769
85.466814,27.626629,1769
85.466816,27.626606,1769
85.466819,27.626581,1768
85.466819,27.626558,1768
85.466823,27.626537,1768
85.466829,27.626513,1767
85.466824,27.626488,1767
85.46683,27.626462,1766
85.466837,27.626436,1766
85.466844,27.626411,1766
85.466848,27.626388,1765
85.466844,27.626361,1765
85.466834,27.626335,1764
85.466821,27.626314,1764
85.466809,27.626292,1764
85.466784,27.626275,1763
85.466749,27.626266,1763
85.466716,27.62626,1762
85.466679,27.626261,1762
85.466646,27.626261,1761
85.466616,27.626258,1761
85.466586,27.62625,1760
85.466549,27.626245,1760
85.466527,27.626241,1760
85.466507,27.626227,1759
85.466514,27.626207,1759
85.466527,27.626187,1759
85.466547,27.626169,1758
85.466573,27.62616,1758
85.466597,27.626162,1756
85.46663,27.626159,1756
85.466654,27.626167,1756
85.466677,27.626172,1756
85.466707,27.62618,1756
85.466733,27.626187,1756
85.466754,27.626195,1756
85.46678,27.626206,1756
85.466806,27.626217,1756
85.466828,27.626229,1756
85.466851,27.626243,1756
85.466872,27.626262,1756
85.466889,27.626283,1756
85.466901,27.626302,1756
85.46691,27.626322,1756
85.466917,27.626346,1756
85.466918,27.626372,1756
85.466923,27.62639,1756
85.466922,27.626415,1756
85.466917,27.626443,1756
85.46691,27.626472,1756
85.466908,27.626498,1756
85.466903,27.626521,1755
85.466896,27.626546,1755
85.466895,27.62657,1755
85.466891,27.626604,1755
85.4669,27.626629,1755
85.466916,27.626653,1755
85.466926,27.62668,1755
85.46694,27.626709,1755
85.466957,27.626732,1755
85.466967,27.626755,1755
85.466981,27.626781,1755
85.46699,27.626807,1755
85.46701,27.626829,1755
85.46702,27.626854,1755
85.467026,27.626883,1755
85.467032,27.626907,1755
85.46704,27.626927,1755
85.467044,27.626953,1755
85.467049,27.626983,1755
85.467053,27.627008,1755
85.467064,27.627029,1755
85.467083,27.627052,1754
85.467108,27.62707,1754
85.467145,27.627082,1754
85.467178,27.627092,1754
85.467205,27.627093,1754
85.467231,27.62709,1754
85.467258,27.627087,1754
85.467283,27.627084,1754
85.467311,27.627084,1754
85.467336,27.627092,1754
85.467357,27.627095,1754
85.467387,27.627105,1754
85.46742,27.627116,1754
85.467453,27.627129,1754
85.467479,27.627144,1754
85.467502,27.627159,1754
85.467529,27.627173,1754
85.467554,27.627186,1754
85.467586,27.627193,1754
85.467613,27.6272,1754
85.467636,27.627206,1754
85.467658,27.627209,1754
85.467683,27.62721,1753
85.467712,27.627212,1753
85.46774,27.627213,1753
85.467763,27.627222,1753
85.467785,27.627238,1753
85.467812,27.627253,1753
85.467833,27.627268,1753
85.467858,27.627287,1753
85.467884,27.627304,1753
85.467909,27.627317,1753
85.467932,27.627333,1753
85.467946,27.627351,1753
85.467961,27.627369,1753
85.467981,27.627394,1753
85.467997,27.627407,1753
85.468002,27.627434,1753
85.468018,27.627458,1753
85.468034,27.627478,1753
85.468049,27.627497,1753
85.468063,27.627511,1753
85.468083,27.627529,1753
85.46809,27.627554,1753
85.468103,27.627576,1753
85.468118,27.627598,1752
85.468133,27.627622,1752
85.468145,27.627652,1752
85.468162,27.627673,1752
85.468185,27.627692,1752
85.468215,27.627707,1752
85.468248,27.62772,1752
85.468278,27.627728,1752
85.468304,27.627733,1752
85.468332,27.627732,1752
85.46836,27.627723,1752
85.468382,27.627708,1752
85.468402,27.627692,1752
85.468426,27.627678,1752
85.468449,27.627655,1752
85.468475,27.627634,1752
85.468499,27.62761,1752
85.468515,27.627582,1752
85.46854,27.627558,1752
85.468566,27.62754,1752
85.46859,27.627529,1751
85.468618,27.62752,1751
85.468649,27.627515,1751
85.468679,27.627527,1751
85.468707,27.627537,1751
85.468733,27.627547,1751
85.468759,27.627558,1751
85.468784,27.62757,1751
85.468812,27.627583,1751
85.468836,27.627596,1751
85.468858,27.62761,1751
85.468885,27.627621,1751
85.468902,27.627632,1751
85.468916,27.627646,1751
85.468936,27.627662,1751
85.468956,27.627673,1751
85.468986,27.627685,1751
85.469019,27.62769,1751
85.469046,27.627694,1751
85.469075,27.627693,1751
85.469099,27.62769,1751
85.46912,27.627688,1751
85.469144,27.627685,1751
85.469169,27.627682,1750
85.469194,27.627675,1750
85.469221,27.62767,1750
85.469249,27.627665,1750
85.469274,27.627657,1750
85.469301,27.62765,1750
85.469328,27.62764,1750
85.469355,27.62763,1750
85.469379,27.627621,1750
85.469402,27.62761,1750
85.469428,27.627601,1750
85.469457,27.627598,1750
85.469484,27.627598,1750
85.469509,27.627604,1750
85.469542,27.62761,1750
85.469569,27.627621,1750
85.469583,27.627644,1750
85.469592,27.627669,1750
85.469595,27.627689,1750
85.469586,27.627709,1750
85.469579,27.627731,1750
85.46956,27.627753,1750
85.46954,27.627771,1750
85.469529,27.627789,1749
85.469522,27.627811,1749
85.46951,27.62783,1749
85.469493,27.62785,1749
85.469476,27.627868,1749
85.469458,27.627885,1749
85.46944,27.627905,1749
85.469414,27.627923,1749
85.469402,27.627939,1749
85.469383,27.62796,1749
85.46936,27.627983,1749
85.469339,27.628001,1749
85.469321,27.628016,1749
85.469307,27.628035,1749
85.469282,27.628056,1749
85.469266,27.628075,1749
85.469259,27.628094,1749
85.469248,27.628114,1749
85.469249,27.628134,1749
85.469243,27.628159,1749
85.469248,27.628184,1749
85.469245,27.628195,1749
85.469243,27.628206,1749
85.469241,27.628217,1749
85.469239,27.628228,1749
85.469237,27.628239,1749
85.469235,27.62825,1748
85.469233,27.628261,1748
85.469226,27.628287,1748
85.469222,27.628309,1748
85.469223,27.628328,1748
85.469222,27.628353,1748
85.46922,27.628373,1748
85.469222,27.628395,1748
85.469225,27.628414,1748
85.469237,27.628431,1748
85.46925,27.628446,1748
85.469269,27.628461,1748
85.469288,27.628473,1748
85.469291,27.628481,1748
85.469294,27.628489,1748
85.469298,27.628496,1748
85.469301,27.628504,1748
85.469304,27.628512,1748
85.469307,27.628519,1748
85.46931,27.628527,1748
85.469313,27.628535,1748
85.469317,27.628542,1748
85.46932,27.62855,1748
85.469323,27.628558,1748
85.469326,27.628565,1748
85.469345,27.628592,1748
85.469361,27.628608,1748
85.46938,27.628626,1748
85.469398,27.628637,1748
85.469423,27.628646,1748
85.469445,27.628653,1748
85.469467,27.628656,1748
85.469491,27.628661,1748
85.469523,27.628669,1748
85.469554,27.628674,1747
85.469586,27.628672,1747
85.469607,27.628674,1747
85.469629,27.628675,1747
85.469659,27.628677,1747
85.469686,27.628678,1747
85.469713,27.628677,1747
85.469741,27.628681,1747
85.469768,27.628684,1747
85.469795,27.628698,1747
85.469823,27.628709,1747
85.469851,27.628717,1747
85.469875,27.62873,1747
85.46989,27.628746,1747
85.469909,27.628757,1747
85.469935,27.628771,1747
85.469961,27.628784,1747
85.469985,27.628795,1747
85.470012,27.628802,1747
85.470045,27.628801,1747
85.470076,27.628804,1747
85.470101,27.628813,1747
85.470131,27.628817,1746
85.47016,27.628822,1746
85.470182,27.628827,1746
85.470208,27.628832,1746
85.47023,27.628841,1746
85.470255,27.628856,1746
85.470282,27.628869,1746
85.470302,27.628885,1746
85.470314,27.628903,1746
85.47032,27.628922,1746
85.470319,27.628948,1746
85.470317,27.628968,1746
85.470312,27.628988,1746
85.470306,27.629011,1746
85.470292,27.629037,1746
85.470284,27.629059,1746
85.470268,27.629085,1746
85.470259,27.62911,1746
85.470257,27.629138,1746
85.47026,27.629166,1746
85.470261,27.629196,1746
85.470263,27.62922,1746
85.470273,27.629241,1746
85.470287,27.629264,1745
85.470298,27.629294,1745
85.470302,27.629321,1745
85.470312,27.629344,1745
85.470327,27.629367,1745
85.470344,27.629388,1745
85.470366,27.62941,1745
85.470394,27.629429,1745
85.470427,27.629441,1745
85.470459,27.62945,1745
85.470491,27.629464,1745
85.470522,27.629473,1745
85.470554,27.629478,1745
85.470586,27.629482,1745
85.470617,27.629488,1745
85.470651,27.629487,1745
85.470686,27.629484,1745
85.470716,27.629481,1745
85.470747,27.629478,1745
85.470781,27.62948,1745
85.470817,27.629485,1744
85.470849,27.629492,1744
85.470875,27.629499,1744
85.470902,27.62951,1744
85.470928,27.629521,1744
85.47095,27.629535,1744
85.470963,27.62955,1744
85.47094,27.629548,1744
85.470956,27.62956,1744
85.47098,27.629571,1744
85.471002,27.629578,1744
85.471027,27.629587,1744
85.471051,27.629592,1744
85.471076,27.629599,1744
85.471108,27.629602,1744
85.471141,27.629607,1744
85.471174,27.629618,1744
85.471202,27.629633,1744
85.47123,27.629648,1744
85.471248,27.629671,1744
85.47126,27.629691,1744
85.471271,27.629718,1744
85.471281,27.629744,1743
85.471294,27.629774,1743
85.471301,27.6298,1743
85.471308,27.629824,1743
85.471322,27.629846,1743
85.471342,27.62986,1743
85.471379,27.629876,1743
85.471408,27.629893,1743
85.471428,27.629902,1743
85.471448,27.629905,1743
85.471472,27.629909,1743
85.471499,27.629906,1743
85.471523,27.629901,1743
85.471547,27.6299,1743
85.471567,27.629905,1743
85.4716,27.629914,1743
85.471629,27.629927,1743
85.471658,27.629948,1743
85.471682,27.629971,1743
85.471707,27.629993,1743
85.471719,27.630017,1743
85.471739,27.630037,1742
85.471756,27.630059,1742
85.471778,27.630081,1742
85.471803,27.630099,1742
85.471824,27.630117,1742
85.471851,27.630134,1742
85.471882,27.630143,1742
85.471911,27.630152,1742
85.471936,27.630158,1742
85.471962,27.630163,1742
85.471989,27.630168,1742
85.47201,27.630181,1742
85.472029,27.630198,1742
85.472055,27.630209,1742
85.472085,27.630217,1742
85.472114,27.630227,1742
85.472139,27.63023,1742
85.472171,27.630237,1742
85.472203,27.63023,1742
85.472228,27.630229,1742
85.472248,27.630242,1742
85.472269,27.630255,1742
85.472291,27.630269,1742
85.472316,27.630284,1742
85.47233,27.630301,1743
85.472349,27.630316,1743
85.472371,27.630329,1743
85.472396,27.630348,1743
85.472419,27.630363,1744
85.472438,27.630376,1744
85.472459,27.630392,1744
85.472476,27.63041,1744
85.472493,27.630428,1745
85.472519,27.630443,1745
85.472542,27.630457,1745
85.472565,27.630471,1745
85.472588,27.630489,1746
85.472607,27.630509,1746
85.472628,27.630529,1746
85.472651,27.630547,1746
85.472674,27.630566,1747
85.472693,27.630586,1747
85.472717,27.6306,1747
85.472736,27.630622,1748
85.472753,27.630646,1748
85.472771,27.630668,1748
85.472792,27.630686,1748
85.472811,27.630712,1749
85.472824,27.630731,1749
85.472835,27.630751,1749
85.47285,27.630773,1749
85.472861,27.630793,1750
85.472866,27.630819,1750
85.472865,27.630847,1750
85.472865,27.630872,1750
85.472862,27.630892,1750
85.472857,27.630915,1750
85.472863,27.630939,1750
85.472867,27.630966,1750
85.472867,27.630991,1750
85.472867,27.631017,1750
85.472865,27.631044,1750
85.47287,27.631062,1750
85.472878,27.631086,1750
85.472889,27.631105,1750
85.472902,27.631123,1750
85.472922,27.631139,1750
85.472946,27.631147,1750
85.472968,27.631142,1750
85.472979,27.631121,1750
85.472974,27.631136,1750
85.472991,27.631158,1751
85.47302,27.631165,1751
85.473044,27.631164,1752
85.47307,27.63116,1752
85.473093,27.631157,1753
85.473119,27.631152,1753
85.473143,27.631141,1754
85.473165,27.631132,1754
85.473186,27.631129,1755
85.473208,27.631122,1755
85.47323,27.631104,1756
85.473242,27.631084,1756
85.473252,27.631066,1756
85.473266,27.631051,1757
85.473269,27.631029,1757
85.473277,27.631008,1758
85.473286,27.630987,1758
85.473295,27.630967,1759
85.473308,27.63095,1759
85.473321,27.630936,1759
85.473335,27.63092,1760
85.473351,27.630906,1760
85.473375,27.630894,1761
85.473388,27.63088,1761
85.473403,27.630864,1762
85.473418,27.63085,1762
85.473435,27.630835,1762
85.473455,27.63082,1763
85.473472,27.630802,1763
85.473483,27.630785,1764
85.473492,27.630764,1764
85.473497,27.630744,1765
85.473501,27.630723,1765
85.473504,27.630704,1765
85.473508,27.630685,1766
85.473513,27.630666,1766
85.473515,27.630643,1767
85.473516,27.630621,1767
85.473518,27.630602,1768
85.473518,27.630579,1768
85.47352,27.630557,1768
85.473526,27.630537,1769
85.473538,27.630519,1769
85.473558,27.630504,1770
85.47358,27.630514,1769
85.473583,27.630532,1768
85.473592,27.630557,1768
85.473603,27.630573,1768
85.473616,27.630597,1767
85.473623,27.630615,1766
85.473632,27.630634,1765
85.473637,27.630663,1766
85.473645,27.630686,1765
85.473656,27.630706,1765
85.47367,27.630726,1764
85.473685,27.630744,1764
85.473695,27.630763,1764
85.473703,27.630781,1763
85.473713,27.630801,1763
85.473721,27.630819,1763
85.473734,27.630838,1762
85.473746,27.630854,1762
85.473765,27.630864,1762
85.473787,27.630867,1762
85.47381,27.630866,1762
85.47383,27.630858,1762
85.473847,27.630846,1762
85.473865,27.630832,1762
85.473884,27.630816,1762
85.473898,27.630802,1762
85.473916,27.630784,1762
85.473937,27.630768,1762
85.473952,27.630755,1762
85.473968,27.630741,1763
85.473988,27.630729,1763
85.474008,27.630713,1763
85.474024,27.630701,1763
85.474038,27.630683,1763
85.474052,27.630668,1763
85.474069,27.63065,1763
85.474085,27.630638,1763
85.474101,27.630624,1763
85.474121,27.630606,1763
85.474138,27.630591,1764
85.474156,27.630579,1764
85.474175,27.630564,1764
85.474193,27.630553,1764
85.474211,27.630538,1764
85.474226,27.630523,1764
85.474243,27.630509,1764
85.474262,27.630499,1764
85.47428,27.63049,1764
85.474303,27.630474,1764
85.474323,27.630456,1765
85.474341,27.630441,1765
85.474364,27.630426,1765
85.474387,27.630407,1765
85.474406,27.630389,1765
85.474426,27.630378,1765
85.474448,27.630374,1765
85.474469,27.630368,1765
85.474492,27.630361,1765
85.474512,27.630356,1765
85.474535,27.630351,1766
85.474562,27.630346,1766
85.47459,27.630353,1766
85.474618,27.630355,1766
85.474647,27.630361,1766
85.474667,27.63037,1766
85.474692,27.630379,1766
85.474717,27.630394,1766
85.474737,27.630406,1766
85.474762,27.630422,1767
85.474782,27.630437,1767
85.474808,27.630449,1767
85.474834,27.630464,1767
85.474854,27.63047,1767
85.474877,27.630482,1767
85.474897,27.630491,1767
85.474924,27.630502,1767
85.474952,27.630506,1767
85.474977,27.630512,1768
85.474999,27.630519,1768
85.475027,27.630524,1768
85.475053,27.630528,1768
85.475078,27.630524,1768
85.475095,27.630514,1768
85.475111,27.630499,1768
85.47513,27.630479,1768
85.475144,27.630453,1768
85.47516,27.630428,1768
85.475174,27.630404,1768
85.475191,27.63038,1768
85.475206,27.630367,1768
85.475229,27.630351,1768
85.47525,27.630346,1768
85.475274,27.630341,1767
85.475301,27.630332,1767
85.475322,27.63032,1767
85.475348,27.630308,1767
85.47537,27.630301,1767
85.475398,27.630295,1766
85.475422,27.630293,1766
85.475443,27.630292,1766
85.47547,27.630288,1766
85.475497,27.630274,1766
85.475527,27.630262,1766
85.475552,27.630255,1765
85.475577,27.630246,1765
85.475593,27.630231,1765
85.475606,27.630211,1765
85.475616,27.630186,1765
85.475627,27.630157,1764
85.475641,27.63013,1764
85.475652,27.630103,1764
85.475667,27.630074,1764
85.475683,27.630054,1764
85.475693,27.630029,1763
85.475714,27.630004,1763
85.475734,27.629987,1763
85.475758,27.629975,1763
85.475787,27.629963,1763
85.475817,27.62996,1762
85.475844,27.629959,1762
85.475876,27.629959,1762
85.475902,27.629951,1762
85.475928,27.629941,1762
85.475953,27.629926,1761
85.475979,27.629911,1761
85.476011,27.629896,1761
85.476032,27.629872,1761
85.476051,27.629854,1761
85.476073,27.629845,1760
85.476092,27.62983,1760
85.476112,27.629817,1760
85.476137,27.629802,1760
85.476161,27.6298,1760
85.476186,27.629799,1760
85.476205,27.629791,1760
85.476225,27.629776,1760
85.47624,27.629757,1760
85.476253,27.629736,1760
85.476272,27.629718,1760
85.476293,27.629699,1760
85.476295,27.629681,1760
85.476301,27.629657,1760
85.476306,27.629632,1760
85.476314,27.629608,1760
85.476315,27.629589,1760
85.476319,27.629571,1760
85.476328,27.629551,1760
85.476338,27.629534,1760
85.476347,27.629515,1760
85.476364,27.629493,1760
85.476367,27.629472,1760
85.476374,27.629447,1760
85.476377,27.629426,1760
85.476385,27.629406,1760
85.476388,27.629379,1760
85.476389,27.629359,1761
85.476391,27.629339,1761
85.476395,27.629317,1761
85.476397,27.629291,1761
85.476396,27.629268,1761
85.476396,27.62925,1761
85.476397,27.629232,1761
85.476401,27.629206,1761
85.476403,27.629181,1761
85.476408,27.629159,1761
85.476407,27.629134,1761
85.476405,27.629111,1761
85.476407,27.629087,1761
85.476407,27.629065,1761
85.47641,27.629044,1761
85.476409,27.629025,1761
85.476421,27.629011,1761
85.476431,27.628991,1761
85.476447,27.628968,1761
85.47646,27.628954,1761
85.476481,27.628933,1761
85.476495,27.628912,1762
85.476513,27.628893,1762
85.476527,27.628873,1762
85.476547,27.628852,1762
85.47657,27.628837,1762
85.47659,27.628821,1762
85.476603,27.628807,1762
85.476608,27.628784,1762
85.476612,27.628756,1762
85.476615,27.62873,1762
85.476622,27.628706,1762
85.476623,27.62868,1762
85.476622,27.62865,1762
85.476615,27.628614,1762
85.476615,27.628594,1762
85.476623,27.628568,1762
85.47664,27.628549,1762
85.476647,27.628525,1762
85.476658,27.628503,1762
85.476665,27.628483,1762
85.476674,27.628463,1763
85.476688,27.628449,1763
85.476698,27.628422,1763
85.476702,27.628394,1763
85.476709,27.628368,1763
85.476718,27.628343,1763
85.476725,27.628323,1763
85.476736,27.628301,1763
85.476747,27.628275,1763
85.47675,27.628238,1763
85.476753,27.628215,1763
85.476757,27.628191,1763
85.476763,27.628168,1763
85.476774,27.628149,1763
85.476791,27.628121,1763
85.476817,27.628111,1763
85.476831,27.628091,1763
85.476844,27.628063,1763
85.476859,27.628036,1764
85.476866,27.628013,1764
85.476871,27.627993,1764
85.476875,27.627964,1764
85.476888,27.627941,1764
85.476903,27.627929,1764
85.476909,27.627896,1764
85.476905,27.627875,1764
85.476893,27.627856,1764
85.476884,27.62783,1764
85.476889,27.627806,1764
85.476896,27.627776,1764
85.4769,27.627743,1764
85.476921,27.627722,1764
85.476947,27.627711,1764
85.476958,27.627683,1764
85.476964,27.627657,1764
85.476981,27.627632,1764
85.476995,27.627612,1764
85.477015,27.627593,1765
85.477049,27.627572,1764
85.477064,27.62756,1764
85.477082,27.627543,1764
85.477105,27.627539,1763
85.477124,27.62753,1763
85.477145,27.627516,1763
85.477168,27.627497,1763
85.477188,27.62748,1762
85.477205,27.627468,1762
85.477206,27.627447,1762
85.477228,27.627428,1761
85.477245,27.627415,1761
85.477265,27.627404,1761
85.477282,27.627386,1761
85.477302,27.627374,1760
85.477326,27.627359,1760
85.477344,27.627344,1760
85.477358,27.627323,1760
85.477372,27.627309,1760
85.477385,27.627289,1760
85.477388,27.627265,1760
85.477401,27.62725,1760
85.477422,27.627231,1761
85.477445,27.627218,1761
85.477464,27.627205,1761
85.477484,27.627192,1761
85.477499,27.627178,1761
85.477521,27.627168,1762
85.477537,27.627153,1762
85.477561,27.627142,1762
85.477585,27.62713,1762
85.477605,27.627117,1763
85.477631,27.627109,1763
85.477655,27.6271,1763
85.477675,27.627094,1763
85.477702,27.627091,1764
85.477726,27.627091,1764
85.477754,27.6271,1764
85.477773,27.627108,1764
85.477801,27.627111,1764
85.47782,27.627119,1765
85.47784,27.627131,1765
85.477865,27.627144,1765
85.477885,27.627151,1765
85.477908,27.627157,1765
85.477933,27.627163,1765
85.477954,27.627171,1765
85.47798,27.627176,1765
85.478006,27.627177,1765
85.478036,27.627169,1765
85.478056,27.62715,1766
85.478073,27.627136,1766
85.478083,27.627118,1766
85.478093,27.627098,1766
85.478106,27.627074,1766
85.478124,27.62705,1766
85.478141,27.627033,1766
85.478156,27.627019,1766
85.47818,27.627003,1766
85.478198,27.626986,1766
85.47821,27.626969,1766
85.478228,27.626955,1767
85.478246,27.626939,1767
85.478258,27.626924,1767
85.47828,27.626901,1767
85.478297,27.626884,1767
85.478312,27.626867,1767
85.478325,27.62685,1767
85.478337,27.626829,1767
85.478348,27.62681,1767
85.478358,27.626791,1767
85.478367,27.626768,1767
85.478371,27.626746,1768
85.478382,27.626728,1768
85.478399,27.62671,1768
85.478408,27.626689,1768
85.478424,27.626672,1768
85.478429,27.626652,1768
85.478432,27.626631,1768
85.478436,27.626604,1768
85.478438,27.626578,1768
85.478435,27.626556,1768
85.478429,27.626537,1769
85.478417,27.626516,1769
85.478398,27.626498,1769
85.478382,27.626479,1769
85.478363,27.626457,1769
85.478351,27.626441,1769
85.478336,27.626425,1769
85.478322,27.626401,1769
85.478311,27.62638,1769
85.478298,27.626363,1769
85.478281,27.626343,1769
85.478267,27.626324,1770
85.478254,27.626303,1770
85.478244,27.626285,1770
85.47824,27.626265,1770
85.47823,27.626242,1770
85.478224,27.626221,1770
85.478217,27.626201,1770
85.478214,27.626174,1770
85.478214,27.626149,1770
85.478213,27.626131,1770
85.478212,27.62611,1770
85.478209,27.626085,1771
85.478208,27.626066,1771
85.478205,27.626045,1771
85.4782,27.626023,1771
85.4782,27.625999,1771
85.478201,27.625975,1771
85.478203,27.62595,1771
85.478206,27.625926,1771
85.478212,27.625902,1771
85.478219,27.625877,1771
85.478217,27.625858,1772
85.478232,27.62584,1772
85.478239,27.625819,1772
85.478246,27.6258,1772
85.478251,27.625779,1772
85.47825,27.625755,1772
85.47825,27.625731,1772
85.478242,27.625707,1772
85.478243,27.625685,1772
85.478246,27.625654,1772
85.478253,27.62563,1773
85.478251,27.625608,1773
85.478254,27.625578,1773
85.478257,27.625554,1773
85.47826,27.625534,1773
85.478264,27.625515,1773
85.478269,27.62549,1773
85.478273,27.625464,1773
85.478277,27.625437,1773
85.478282,27.625415,1773
85.478289,27.625391,1774
85.478299,27.625371,1774
85.478309,27.625343,1774
85.47831,27.625317,1774
85.478316,27.625296,1774
85.478332,27.625275,1774
85.478341,27.625253,1774
85.478344,27.62523,1774
85.478343,27.625202,1774
85.47834,27.625174,1774
85.478341,27.62515,1775
85.478346,27.625131,1775
85.478349,27.625107,1775
85.478354,27.625081,1775
85.478358,27.625056,1775
85.478359,27.625033,1775
85.47836,27.625009,1775
85.478364,27.624984,1775
85.47837,27.624958,1775
85.47838,27.62494,1775
85.478397,27.624925,1776
85.478411,27.624902,1776
85.478417,27.624879,1776
85.478419,27.624858,1776
85.478424,27.624837,1776
85.478427,27.624812,1776
85.478429,27.624789,1776
85.47843,27.624768,1776
85.478431,27.624746,1776
85.478436,27.624723,1776
85.478441,27.624702,1776
85.478442,27.624677,1777
85.478441,27.624654,1777
85.478446,27.624636,1777
85.478454,27.624613,1777
85.478465,27.62459,1777
85.478478,27.624571,1777
85.478498,27.624556,1777
85.47851,27.624538,1777
85.478517,27.624521,1777
85.47853,27.6245,1777
85.478543,27.62448,1777
85.478562,27.624464,1778
85.478584,27.624449,1778
85.478608,27.624436,1778
85.478635,27.624426,1778
85.478666,27.624429,1778
85.478694,27.624434,1778
85.478718,27.624436,1778
85.478745,27.624441,1778
85.478775,27.624455,1778
85.478803,27.624464,1779
85.478829,27.624463,1779
85.478854,27.624453,1779
85.478874,27.624433,1779
85.478886,27.624405,1779
85.478891,27.624382,1779
85.478891,27.624359,1779
85.478892,27.624334,1779
85.478897,27.624309,1779
85.478904,27.624285,1779
85.478919,27.624266,1780
85.478935,27.624246,1780
85.478948,27.624222,1780
85.478962,27.624196,1780
85.478975,27.624173,1780
85.478995,27.624158,1780
85.479014,27.624147,1780
85.479036,27.624138,1780
85.479065,27.624128,1780
85.479096,27.624123,1781
85.479131,27.624119,1781
85.479152,27.624113,1781
85.479173,27.624105,1781
85.4792,27.624093,1781
85.479223,27.624082,1781
85.479245,27.624072,1781
85.479269,27.624061,1781
85.479294,27.624053,1782
85.479316,27.624042,1782
85.479333,27.62403,1782
85.47935,27.624016,1782
85.479369,27.624005,1782
85.479396,27.623999,1782
85.479423,27.623991,1782
85.479448,27.623982,1782
85.479477,27.623977,1782
85.479503,27.623971,1783
85.479525,27.623964,1783
85.479553,27.623965,1783
85.479585,27.623961,1783
85.479611,27.623955,1783
85.479632,27.623945,1783
85.479652,27.623926,1783
85.47967,27.623909,1783
85.479695,27.623899,1784
85.479717,27.623888,1784
85.479741,27.623875,1784
85.47976,27.62386,1784
85.479785,27.623849,1784
85.479807,27.623841,1786
85.479828,27.623833,1786
85.479848,27.623823,1786
85.479867,27.623812,1786
85.479891,27.623801,1788
85.479894,27.623782,1788
85.479911,27.623769,1791
85.479928,27.623759,1791
85.479951,27.623751,1791
85.47997,27.623742,1791
85.479985,27.623731,1794
85.480003,27.623717,1794
85.480018,27.6237,1794
85.48004,27.623687,1796
85.480062,27.623673,1796
85.480071,27.623653,1797
85.480083,27.623638,1797
85.48009,27.62362,1797
85.480115,27.623615,1798
85.480142,27.623616,1798
85.480168,27.623604,1798
85.480188,27.623611,1798
85.480205,27.623629,1797
85.48023,27.623643,1797
85.48026,27.623641,1797
85.480282,27.623633,1797
85.48031,27.623619,1797
85.480334,27.623618,1796
85.480359,27.623608,1796
85.480365,27.62359,1796
85.480363,27.623566,1797
85.480357,27.623545,1797
85.480351,27.623523,1798
85.480336,27.623507,1798
85.480313,27.623497,1800
85.480294,27.623483,1800
85.480274,27.623489,1800
85.480284,27.623507,1799
85.480308,27.623523,1799
85.480331,27.623536,1798
85.480348,27.62355,1797
85.480362,27.623572,1797
85.48037,27.623598,1796
85.480357,27.623579,1797
85.480346,27.623559,1797
85.480334,27.623543,1798
85.480319,27.623524,1799
85.48031,27.623499,1799
85.480302,27.623478,1799
85.480291,27.623456,1800
85.480277,27.62343,1801
85.480264,27.62341,1801
85.48026,27.623392,1801
85.480284,27.623386,1802
85.480283,27.623367,1802
85.480268,27.623353,1802
85.480252,27.623339,1802
85.48024,27.623322,1802
85.480232,27.623302,1802
85.480221,27.623285,1802
85.480204,27.623273,1802
85.480185,27.623258,1802
85.48017,27.623243,1802
85.480155,27.623229,1801
85.480146,27.623209,1801
85.480133,27.623188,1801
85.480123,27.623167,1801
85.480112,27.623146,1800
85.480106,27.623119,1799
85.480099,27.623095,1799
85.480092,27.623069,1798
85.480091,27.62304,1797
85.480091,27.623016,1797
85.480096,27.622996,1796
85.480103,27.622973,1795
85.480105,27.622948,1795
85.480103,27.622929,1794
85.480104,27.622909,1794
85.480113,27.622892,1793
85.48011,27.622865,1792
85.480099,27.622844,1791
85.480106,27.622822,1791
85.480114,27.622798,1791
85.480118,27.622778,1792
85.480132,27.622764,1792
85.480148,27.622742,1792
85.480157,27.622726,1792
85.480176,27.622719,1792
85.480195,27.62271,1792
85.480188,27.622693,1792
85.480172,27.622678,1792
85.480172,27.622657,1792
85.480176,27.622634,1792
85.480175,27.622612,1793
85.480175,27.62259,1793
85.480175,27.622567,1793
85.480176,27.622543,1793
85.480178,27.622522,1793
85.48018,27.622502,1793
85.480171,27.622485,1793
85.480169,27.622464,1793
85.480159,27.622445,1793
85.480139,27.622432,1794
85.480114,27.622413,1794
85.480096,27.6224,1794
85.48008,27.622385,1794
85.480067,27.62237,1794
85.480043,27.622351,1794
85.480021,27.622331,1794
85.479999,27.622317,1794
85.479976,27.622304,1795
85.479963,27.622285,1795
85.47994,27.622273,1795
85.479912,27.622266,1795
85.479884,27.622267,1795
85.479862,27.622272,1795
85.479842,27.622282,1795
85.479817,27.622284,1795
85.479803,27.622269,1795
85.479784,27.622257,1796
85.479764,27.622251,1796
85.479738,27.62225,1796
85.479711,27.622248,1796
85.479682,27.622243,1796
85.47966,27.622236,1796
85.479642,27.622226,1796
85.479614,27.622216,1796
85.479587,27.622207,1796
85.479562,27.622205,1797
85.47954,27.622202,1797
85.479518,27.6222,1797
85.479496,27.622201,1797
85.47947,27.622207,1797
85.479443,27.622211,1797
85.479417,27.622213,1797
85.479387,27.622213,1797
85.479361,27.622217,1798
85.479336,27.622208,1798
85.479316,27.622198,1798
85.479294,27.62219,1798
85.479271,27.622184,1798
85.479252,27.622177,1798
85.479234,27.622168,1798
85.479217,27.622158,1798
85.479194,27.622147,1798
85.479175,27.622137,1798
85.479153,27.622126,1799
85.479132,27.622116,1799
85.479112,27.622108,1799
85.479084,27.622096,1799
85.479062,27.622087,1799
85.479035,27.622075,1799
85.479013,27.622068,1799
85.478992,27.622057,1799
85.478968,27.62205,1799
85.478943,27.622042,1800
85.478918,27.622034,1800
85.478893,27.622019,1800
85.47887,27.622011,1800
85.478846,27.622005,1800
85.478824,27.621997,1800
85.478803,27.621982,1800
85.478811,27.622002,1800
85.478832,27.622019,1801
85.478854,27.622034,1801
85.478873,27.622053,1801
85.478894,27.622069,1801
85.478916,27.622085,1801
85.478935,27.622091,1801
85.478919,27.622073,1801
85.478897,27.622054,1801
85.47888,27.622044,1801
85.478863,27.622028,1802
85.478842,27.622011,1802
85.478821,27.622005,1802
85.478801,27.621997,1802
85.478781,27.621992,1802
85.478787,27.622012,1802
85.478808,27.622005,1802
85.478805,27.621984,1802
85.478785,27.621964,1802
85.478767,27.621948,1803
85.478751,27.621931,1803
85.478732,27.621921,1803
85.47871,27.62192,1803
85.47869,27.621929,1803
85.478687,27.621904,1803
85.478699,27.621883,1803
85.478716,27.621866,1803
85.478714,27.621845,1803
85.4787,27.62183,1804
85.478688,27.621808,1804
85.478677,27.621787,1804
85.478664,27.621763,1804
85.478645,27.621742,1804
85.478627,27.62172,1804
85.478611,27.621699,1804
85.478599,27.621672,1804
85.478586,27.621646,1805
85.47857,27.621626,1805
85.478554,27.621603,1805
85.478544,27.621583,1805
85.478532,27.621568,1805
85.478515,27.621553,1805
85.478494,27.621537,1805
85.478467,27.621527,1805
85.478449,27.621506,1806
85.478432,27.621493,1806
85.478415,27.62148,1806
85.478405,27.621464,1806
85.478386,27.621455,1806
85.478366,27.621441,1806
85.478343,27.62143,1806
85.478321,27.621422,1806
85.478299,27.621421,1806
85.478278,27.621422,1807
85.478258,27.621422,1807
85.478248,27.621398,1807
85.478258,27.621377,1807
85.478266,27.62136,1807
85.478259,27.621336,1807
85.478259,27.621311,1807
85.478257,27.621286,1807
85.478262,27.621263,1807
85.47826,27.621237,1807
85.478259,27.621214,1808
85.47826,27.62119,1808
85.478253,27.621173,1808
85.478242,27.621153,1808
85.47824,27.621131,1808
85.478234,27.621112,1808
85.478221,27.621087,1808
85.478212,27.621065,1808
85.47821,27.621039,1808
85.47821,27.621013,1809
85.478214,27.620988,1809
85.478223,27.620965,1809
85.478212,27.620941,1809
85.478208,27.620917,1809
85.478219,27.620892,1809
85.478228,27.620869,1809
85.478229,27.620851,1809
85.478224,27.620827,1810
85.478229,27.620807,1810
85.478233,27.620789,1810
85.478233,27.62077,1810
85.478236,27.620746,1810
85.478242,27.620721,1810
85.478242,27.620702,1810
85.478243,27.620683,1810
85.478245,27.620664,1810
85.478246,27.620646,1810
85.478248,27.620627,1811
85.478247,27.620607,1811
85.47825,27.620589,1811
85.478256,27.620571,1811
85.478263,27.620553,1811
85.478269,27.620531,1811
85.47827,27.620512,1811
85.478278,27.620486,1811
85.478282,27.620468,1811
85.478284,27.620441,1812
85.478288,27.620416,1812
85.478291,27.620392,1812
85.478292,27.620366,1812
85.47829,27.620347,1812
85.478291,27.620319,1812
85.478293,27.620301,1812
85.478295,27.620283,1813
85.478298,27.620263,1813
85.478296,27.620243,1813
85.478296,27.620218,1813
85.47831,27.620203,1813
85.478324,27.620189,1813
85.478331,27.620168,1813
85.478336,27.620149,1813
85.478337,27.62013,1814
85.478342,27.620112,1814
85.47834,27.62009,1814
85.478342,27.62007,1814
85.478351,27.620045,1814
85.478348,27.620024,1814
85.478345,27.619997,1814
85.478346,27.619975,1814
85.478342,27.619951,1815
85.478342,27.619931,1815
85.47835,27.619904,1815
85.47835,27.619883,1815
85.478339,27.619866,1815
85.478326,27.61985,1815
85.478325,27.619824,1815
85.478334,27.619803,1815
85.478328,27.619781,1816
85.478319,27.619763,1816
85.478309,27.619744,1816
85.478305,27.619716,1816
85.478303,27.619698,1816
85.478294,27.619675,1816
85.478305,27.619659,1816
85.478319,27.61964,1816
85.478318,27.619617,1817
85.47832,27.619597,1817
85.47832,27.619571,1817
85.478315,27.619553,1817
85.478307,27.619527,1817
85.478307,27.619508,1817
85.478303,27.619483,1817
85.478297,27.619458,1818
85.478293,27.619439,1818
85.478293,27.61942,1818
85.47829,27.6194,1818
85.47829,27.619379,1818
85.47829,27.619359,1818
85.478291,27.619336,1818
85.47829,27.619316,1818
85.478289,27.619294,1819
85.478293,27.619271,1819
85.478297,27.61925,1819
85.478298,27.619229,1819
85.478298,27.619209,1819
85.478301,27.61919,1819
85.478309,27.619167,1819
85.478317,27.619145,1819
85.478324,27.619125,1820
85.478331,27.619102,1820
85.478336,27.61908,1820
85.478337,27.61906,1820
85.478337,27.619037,1820
85.478339,27.619017,1820
85.478339,27.618997,1820
85.478334,27.618974,1820
85.478337,27.618954,1821
85.478334,27.618931,1821
85.478331,27.618908,1821
85.478332,27.618888,1821
85.478328,27.618864,1821
85.478325,27.618845,1821
85.478326,27.618823,1821
85.478331,27.618805,1821
85.478332,27.618785,1822
85.478329,27.618764,1822
85.478326,27.618746,1822
85.478323,27.618727,1822
85.478317,27.618709,1822
85.478309,27.618689,1822
85.478297,27.618669,1822
85.478286,27.618643,1822
85.478274,27.618624,1823
85.478265,27.618601,1823
85.478259,27.618583,1823
85.478256,27.618564,1823
85.478251,27.618542,1823
85.478246,27.618523,1823
85.478241,27.618501,1823
85.478231,27.61848,1823
85.478223,27.618459,1824
85.478221,27.618437,1824
85.478218,27.618417,1824
85.478215,27.618395,1824
85.478214,27.618376,1824
85.478214,27.618353,1824
85.478211,27.618332,1824
85.478209,27.618312,1824
85.47821,27.618289,1825
85.478211,27.618269,1825
85.478211,27.618248,1825
85.478209,27.61822,1825
85.478211,27.618202,1825
85.478212,27.618183,1825
85.478215,27.618164,1825
85.478216,27.618144,1825
85.47822,27.618126,1826
85.478219,27.618107,1826
85.478221,27.618087,1826
85.478224,27.618067,1826
85.478224,27.618047,1826
85.478225,27.618027,1826
85.478223,27.618005,1826
85.478219,27.617983,1826
85.478217,27.617959,1826
85.478215,27.617931,1827
85.47821,27.617909,1827
85.478208,27.617887,1827
85.478205,27.617866,1827
85.478203,27.617847,1827
85.478204,27.617826,1827
85.478202,27.617799,1827
85.478202,27.617778,1828
85.478199,27.61776,1828
85.478196,27.617739,1828
85.478195,27.617719,1828
85.478193,27.617696,1828
85.478191,27.617673,1828
85.47819,27.617653,1828
85.478187,27.617628,1828
85.478186,27.617605,1829
85.478188,27.617586,1829
85.478186,27.617563,1829
85.478189,27.617538,1829
85.478191,27.617515,1829
85.478184,27.617493,1829
85.478176,27.617471,1829
85.47817,27.617449,1829
85.478163,27.617429,1830
85.478162,27.617406,1830
85.478156,27.617383,1830
85.478151,27.617357,1830
85.478145,27.617336,1830
85.478137,27.617314,1830
85.478129,27.617292,1830
85.478124,27.617273,1831
85.478117,27.617255,1831
85.478113,27.617237,1831
85.478112,27.617215,1831
85.478114,27.617192,1831
85.478117,27.617169,1831
85.478123,27.617147,1831
85.478133,27.61713,1831
85.478143,27.61711,1832
85.478149,27.617089,1832
85.478151,27.617067,1832
85.478155,27.617048,1832
85.478149,27.617026,1832
85.478151,27.617002,1832
85.478152,27.616979,1832
85.478155,27.616958,1832
85.478153,27.616938,1833
85.478154,27.616919,1833
85.478154,27.616899,1833
85.478151,27.616878,1833
85.478152,27.616857,1833
85.478148,27.616836,1833
85.478147,27.616816,1833
85.478142,27.616795,1833
85.478136,27.616776,1834
85.478133,27.61675,1834
85.478124,27.616728,1834
85.478117,27.616709,1835
85.478111,27.616692,1835
85.478103,27.616672,1835
85.478093,27.616651,1836
85.478081,27.616628,1836
85.478071,27.616607,1836
85.478065,27.616589,1837
85.478059,27.616566,1837
85.478055,27.616541,1837
85.478053,27.616517,1838
85.478051,27.616496,1838
85.478053,27.616476,1838
85.478056,27.616449,1839
85.478059,27.616428,1839
85.478061,27.616408,1839
85.478067,27.616384,1840
85.478071,27.616362,1840
85.478076,27.616344,1840
85.478079,27.616317,1841
85.478083,27.616298,1841
85.478089,27.616275,1841
85.478097,27.616252,1842
85.478102,27.616231,1842
85.478111,27.616209,1842
85.478117,27.616191,1842
85.478123,27.616171,1842
85.478127,27.616152,1842
85.478127,27.61613,1842
85.478131,27.616109,1842
85.478134,27.616086,1842
85.47813,27.616064,1842
85.478132,27.616042,1842
85.478125,27.616022,1842
85.47812,27.616,1842
85.478107,27.615981,1842
85.478088,27.615963,1842
85.478071,27.615948,1842
85.478057,27.615931,1842
85.478048,27.615909,1842
85.478035,27.615891,1842
85.478024,27.615875,1842
85.478009,27.615855,1842
85.478011,27.615829,1842
85.478013,27.615803,1842
85.478012,27.61578,1842
85.478009,27.615759,1842
85.478003,27.615736,1842
85.477993,27.615713,1842
85.477987,27.61569,1842
85.477979,27.615668,1842
85.477967,27.615647,1842
85.477957,27.615622,1842
85.477943,27.615604,1842
85.477924,27.615578,1842
85.477909,27.615557,1842
85.4779,27.615538,1842
85.477877,27.615524,1842
85.477851,27.615509,1842
85.477824,27.6155,1842
85.477803,27.615489,1842
85.477785,27.615474,1842
85.477765,27.615461,1842
85.477743,27.615449,1842
85.477721,27.615431,1842
85.477703,27.615417,1842
85.477683,27.615397,1842
85.477667,27.615379,1842
85.477652,27.615359,1842
85.477635,27.615341,1842
85.477623,27.615325,1842
85.477607,27.615308,1842
85.477593,27.61529,1842
85.477582,27.615268,1842
85.477569,27.61525,1842
85.477554,27.615236,1842
85.477539,27.615219,1842
85.477522,27.615203,1842
85.477505,27.615182,1842
85.477485,27.615171,1842
85.477466,27.615163,1842
85.477451,27.615141,1842
85.477442,27.61512,1842
85.477436,27.615101,1842
85.477424,27.615079,1842
85.477418,27.615057,1842
85.477427,27.615039,1842
85.477443,27.615018,1842
85.477462,27.615009,1842
85.477484,27.615003,1842
85.477507,27.615,1842
85.477532,27.614986,1842
85.47755,27.614972,1842
85.477571,27.614969,1842
85.477597,27.61497,1842
85.477625,27.614967,1842
85.477646,27.614963,1842
85.477668,27.614956,1842
85.477688,27.61495,1842
85.477667,27.614955,1842
85.477639,27.614961,1842
85.477612,27.614963,1842
85.477586,27.614961,1842
85.477561,27.61496,1842
85.477535,27.614962,1842
85.477506,27.614961,1842
85.477476,27.614962,1842
85.477458,27.614982,1842
85.477443,27.615004,1842
85.47742,27.615018,1842
85.477397,27.615023,1842
85.477368,27.61502,1842
85.477342,27.615012,1842
85.47732,27.615003,1842
85.477297,27.614991,1842
85.477272,27.614976,1842
85.477245,27.614966,1842
85.477222,27.614952,1842
85.477196,27.61494,1842
85.477175,27.61493,1842
85.477156,27.614919,1842
85.477137,27.614907,1842
85.477112,27.614896,1842
85.477091,27.614884,1842
85.477072,27.614868,1842
85.477055,27.614853,1842
85.477036,27.614837,1842
85.477025,27.614817,1842
85.477011,27.614795,1842
85.476996,27.614771,1842
85.476982,27.614744,1842
85.476971,27.614718,1842
85.476962,27.614694,1842
85.476946,27.614669,1842
85.476926,27.614641,1842
85.476907,27.614617,1842
85.476893,27.614591,1842
85.476878,27.614568,1842
85.476863,27.614548,1842
85.476847,27.614526,1842
85.476831,27.614503,1842
85.476813,27.614481,1842
85.476796,27.614461,1842
85.476791,27.614437,1842
85.476773,27.614419,1842
85.476759,27.6144,1842
85.476748,27.614375,1842
85.47674,27.614354,1842
85.476736,27.614327,1842
85.476732,27.614304,1842
85.476725,27.614282,1842
85.476721,27.614257,1842
85.476714,27.61423,1842
85.476706,27.614205,1842
85.476697,27.614184,1842
85.476685,27.61416,1842
85.476682,27.614135,1842
85.476678,27.61411,1842
85.476675,27.614083,1842
85.476673,27.614058,1842
85.476669,27.614033,1842
85.476664,27.614004,1842
85.476663,27.613978,1842
85.476659,27.613954,1842
85.476655,27.613927,1842
85.476653,27.613902,1842
85.476651,27.613876,1842
85.476649,27.613845,1842
85.476646,27.613818,1842
85.476645,27.613792,1842
85.476632,27.613771,1842
85.476619,27.613749,1842
85.476609,27.613723,1842
85.476599,27.613696,1842
85.47659,27.613668,1842
85.47658,27.613638,1842
85.47657,27.61361,1842
85.476564,27.613586,1842
85.47656,27.613563,1842
85.476555,27.613538,1842
85.47655,27.613509,1842
85.476544,27.613482,1842
85.476545,27.613463,1842
85.47655,27.613441,1842
85.476541,27.613418,1842
85.476535,27.613392,1842
85.476532,27.613363,1842
85.476527,27.61334,1842
85.476523,27.613312,1842
85.476514,27.613285,1842
85.476504,27.613261,1842
85.476493,27.613237,1842
85.476485,27.613211,1842
85.476472,27.613187,1842
85.476458,27.613164,1842
85.476448,27.613139,1842
85.476438,27.61311,1842
85.47642,27.613084,1842
85.476399,27.613065,1842
85.476378,27.613041,1842
85.476352,27.613021,1842
85.476328,27.613007,1842
85.4763,27.613003,1842
85.47627,27.612998,1842
85.476236,27.612998,1842
85.476201,27.612997,1842
85.476167,27.613002,1842
85.476139,27.613007,1842
85.476115,27.613018,1842
85.476092,27.613034,1842
85.476073,27.613052,1842
85.476057,27.613076,1842
85.476038,27.613102,1842
85.476014,27.613117,1842
85.476007,27.613135,1842
85.476001,27.613153,1842
85.475987,27.61318,1842
85.475969,27.613198,1842
85.475955,27.613218,1842
85.475939,27.61324,1842
85.475926,27.613264,1842
85.475906,27.61328,1842
85.475889,27.613296,1842
85.475877,27.613315,1842
85.475864,27.61334,1842
85.475849,27.61336,1842
85.475834,27.613376,1842
85.475821,27.613393,1842
85.475813,27.61341,1842
85.475802,27.613433,1842
85.475792,27.613455,1842
85.47578,27.613482,1842
85.475767,27.613508,1842
85.475745,27.613529,1842
85.475723,27.613551,1842
85.475701,27.613565,1842
85.475678,27.613587,1842
85.475659,27.613613,1842
85.475633,27.613634,1842
85.475604,27.613653,1842
85.475577,27.613671,1842
85.475551,27.613686,1842
85.475522,27.613691,1842
85.47549,27.613696,1842
85.475456,27.6137,1842
85.475426,27.613701,1842
85.4754,27.613706,1842
85.475378,27.613715,1842
85.475351,27.613724,1842
85.475327,27.613737,1842
85.475305,27.613755,1842
85.475282,27.61378,1842
85.475259,27.613802,1842
85.475237,27.613826,1842
85.475219,27.613851,1842
85.475198,27.613871,1842
85.475176,27.613888,1842
85.475148,27.613899,1842
85.475121,27.613911,1842
85.475095,27.613925,1842
85.475064,27.613934,1842
85.47503,27.613934,1842
85.474998,27.61393,1842
85.47497,27.613919,1842
85.474947,27.613906,1842
85.474931,27.61389,1842
85.474913,27.613876,1842
85.474883,27.613871,1842
85.474858,27.613869,1842
85.474831,27.613865,1842
85.474804,27.613861,1842
85.47478,27.613859,1842
85.474755,27.613858,1842
85.474725,27.613859,1842
85.474693,27.613857,1842
85.474657,27.613856,1842
85.474627,27.61385,1842
85.474594,27.613849,1842
85.474561,27.613846,1842
85.474532,27.613844,1842
85.4745,27.613844,1841
85.474465,27.613847,1841
85.474434,27.613847,1841
85.474407,27.613849,1841
85.474372,27.613851,1841
85.474351,27.613851,1840
85.474321,27.613859,1840
85.474291,27.613871,1840
85.474269,27.613893,1840
85.474248,27.613917,1840
85.474223,27.613934,1839
85.474197,27.613939,1839
85.47418,27.613924,1839
85.474184,27.613897,1839
85.474201,27.61387,1839
85.474224,27.613846,1838
85.474252,27.613824,1838
85.474286,27.613811,1837
85.47432,27.613805,1837
85.474357,27.613804,1837
85.474387,27.613804,1836
85.474415,27.61381,1836
85.474452,27.613815,1836
85.474483,27.613814,1835
85.474516,27.613815,1835
85.474546,27.613812,1835
85.47458,27.613808,1834
85.474614,27.613802,1834
85.474644,27.613801,1834
85.474674,27.613787,1833
85.474699,27.61378,1833
85.474729,27.613775,1833
85.47475,27.613766,1833
85.474773,27.613756,1832
85.474799,27.613745,1832
85.474822,27.613733,1832
85.474849,27.613718,1832
85.474882,27.613701,1831
85.474909,27.613686,1831
85.474934,27.613668,1831
85.474957,27.613649,1830
85.474974,27.613627,1830
85.474992,27.613606,1830
85.475004,27.613582,1829
85.475023,27.613566,1829
85.475034,27.61355,1829
85.475036,27.613524,1829
85.475035,27.613498,1828
85.475036,27.613476,1828
85.475046,27.613456,1828
85.475059,27.613428,1828
85.475078,27.613404,1827
85.475105,27.613385,1827
85.47514,27.613372,1827
85.475178,27.613371,1826
85.475213,27.613374,1826
85.475242,27.61338,1826
85.475267,27.613389,1825
85.475297,27.613395,1825
85.475318,27.6134,1825
85.475344,27.613404,1825
85.475376,27.613407,1824
85.475405,27.613418,1824
85.475425,27.613404,1824
85.47544,27.613376,1824
85.475454,27.613349,1823
85.475455,27.613329,1823
85.475464,27.613293,1823
85.475472,27.613276,1822
85.475488,27.61325,1822
85.47549,27.613221,1822
85.47549,27.613198,1821
85.475502,27.613175,1821
85.475505,27.61315,1821
85.475504,27.613126,1821
85.475506,27.613094,1820
85.475502,27.613068,1820
85.475509,27.613043,1820
85.475514,27.613016,1819
85.475512,27.612984,1819
85.475511,27.612963,1819
85.475516,27.612946,1819
85.475518,27.612914,1818
85.475523,27.612883,1818
85.475529,27.612855,1818
85.475533,27.612828,1817
85.475536,27.612804,1817
85.475541,27.612776,1817
85.475535,27.612745,1817
85.475537,27.612716,1816
85.475546,27.612686,1816
85.475551,27.612654,1816
85.475559,27.612631,1815
85.475568,27.612609,1815
85.47558,27.612578,1815
85.475568,27.612563,1815
85.475575,27.612533,1814
85.475587,27.612513,1814
85.4756,27.612493,1814
85.475618,27.612469,1813
85.475636,27.612448,1813
85.475651,27.612424,1813
85.475666,27.612403,1813
85.475681,27.612382,1812
85.475691,27.612358,1812
85.475697,27.612338,1812
85.4757,27.612318,1812
85.475702,27.612296,1811
85.475706,27.612269,1811
85.475715,27.61225,1811
85.475729,27.612229,1810
85.475747,27.612213,1812
85.475771,27.6122,1811
85.475799,27.612189,1813
85.475823,27.612185,1814
85.475847,27.612182,1814
85.475878,27.612181,1814
85.475901,27.612186,1814
85.475926,27.612195,1814
85.475948,27.612206,1814
85.475969,27.61222,1817
85.475988,27.612236,1817
85.476007,27.612253,1818
85.476023,27.612274,1818
85.476034,27.612299,1820
85.476038,27.612329,1822
85.476058,27.612345,1822
85.476082,27.612359,1821
85.476115,27.612369,1823
85.476147,27.612374,1823
85.476179,27.612379,1822
85.476208,27.612386,1821
85.476237,27.612386,1821
85.476267,27.612383,1820
85.476298,27.612381,1819
85.476328,27.612377,1819
85.476355,27.612379,1818
85.476388,27.612376,1818
85.476422,27.612373,1818
85.476445,27.612375,1817
85.476472,27.612374,1816
85.476494,27.612373,1816
85.47652,27.612369,1815
85.476552,27.612364,1814
85.476581,27.612354,1812
85.476608,27.612344,1811
85.476638,27.612331,1810
85.476664,27.612322,1808
85.47669,27.612306,1807
85.476717,27.612292,1807
85.47675,27.612282,1804
85.476783,27.612285,1803
85.476814,27.612302,1804
85.476832,27.612324,1804
85.476842,27.612343,1805
85.476851,27.612369,1807
85.476851,27.612394,1807
85.476854,27.612414,1807
85.476856,27.612438,1807
85.476861,27.612468,1808
85.476868,27.612497,1810
85.476873,27.612526,1811
85.47688,27.612554,1813
85.476887,27.612579,1813
85.476891,27.612602,1815
85.476891,27.612629,1815
85.476888,27.612657,1816
85.476887,27.612682,1818
85.476889,27.612706,1818
85.476884,27.61273,1820
85.47688,27.612752,1821
85.476876,27.61277,1821
85.476868,27.612799,1823
85.476862,27.612826,1824
85.476852,27.612858,1824
85.476845,27.612889,1828
85.476847,27.61292,1829
85.476852,27.612946,1826
85.476867,27.61297,1826
85.476877,27.612992,1826
85.476897,27.613018,1823
85.476914,27.613042,1823
85.476927,27.613071,1823
85.476938,27.613101,1819
85.476945,27.613124,1819
85.476956,27.613148,1819
85.476964,27.613171,1820
85.476976,27.6132,1820
85.476989,27.613226,1816
85.477003,27.613254,1817
85.477014,27.613276,1817
85.477033,27.613306,1813
85.477047,27.61333,1815
85.477062,27.613361,1817
85.477075,27.613383,1811
85.477077,27.613401,1813
85.477073,27.613422,1813
85.477073,27.613442,1815
85.477078,27.613462,1815
85.477085,27.613489,1817
85.477095,27.613517,1819
85.477105,27.61355,1822
85.477108,27.613578,1822
85.477115,27.613601,1818
85.477123,27.613623,1820
85.47713,27.613649,1820
85.477145,27.613677,1822
85.477158,27.613699,1819
85.477158,27.61373,1819
85.477167,27.613759,1821
85.477177,27.613785,1823
85.477187,27.613812,1824
85.477202,27.613841,1819
85.477218,27.613853,1821
85.477239,27.613864,1816
85.477255,27.613875,1816
85.47727,27.613889,1818
85.4773,27.61391,1814
85.477327,27.61393,1813
85.477344,27.613942,1813
85.477372,27.613961,1810
85.47739,27.613985,1812
85.477417,27.61401,1813
85.477433,27.614039,1816
85.47745,27.614058,1816
85.477471,27.614081,1817
85.47749,27.614106,1817
85.477511,27.614138,1818
85.477538,27.614157,1820
85.477576,27.614166,1819
85.477605,27.614163,1818
85.477631,27.61415,1815
85.477655,27.614136,1815
85.477684,27.614123,1814
85.477709,27.614108,1812
85.477733,27.614089,1811
85.477749,27.614068,1809
85.477773,27.61405,1809
85.477792,27.614031,1807
85.477815,27.614009,1807
85.477838,27.613992,1805
85.477864,27.613976,1805
85.477889,27.613957,1804
85.477914,27.613938,1804
85.477933,27.613919,1804
85.477951,27.613902,1804
85.477969,27.613881,1803
85.477989,27.613854,1803
85.478005,27.613826,1802
85.478016,27.613801,1803
85.478031,27.613779,1803
85.478041,27.613756,1801
85.478054,27.613734,1804
85.478063,27.613712,1802
85.478074,27.613686,1801
85.478088,27.613658,1801
85.4781,27.613628,1802
85.478109,27.613603,1801
85.478114,27.613579,1800
85.478122,27.61355,1800
85.478132,27.613522,1799
85.478135,27.613493,1798
85.478138,27.613471,1798
85.47814,27.613451,1800
85.478146,27.613429,1800
85.478153,27.613403,1799
85.478155,27.613379,1799
85.478157,27.613352,1798
85.478161,27.613328,1798
85.478164,27.6133,1798
85.478162,27.613279,1798
85.478159,27.613252,1797
85.478158,27.613226,1797
85.478156,27.613199,1796
85.478157,27.61317,1796
85.478159,27.613144,1796
85.478165,27.613122,1795
85.478173,27.613099,1795
85.478185,27.613073,1797
85.478199,27.613046,1797
85.478204,27.613025,1797
85.478209,27.613005,1796
85.478216,27.612988,1796
85.478224,27.612962,1796
85.47823,27.61294,1798
85.478232,27.61291,1798
85.478232,27.61288,1798
85.478224,27.612849,1795
85.478225,27.612824,1798
85.478222,27.612798,1795
85.478223,27.612772,1795
85.478228,27.612742,1797
85.478234,27.612711,1797
85.478236,27.612682,1796
85.478237,27.612651,1795
85.478235,27.612625,1795
85.478235,27.612598,1795
85.47824,27.612566,1794
85.47823,27.612543,1794
85.478235,27.612514,1794
85.478239,27.612487,1794
85.478242,27.612461,1794
85.478241,27.61244,1794
85.478238,27.612419,1794
85.478233,27.612391,1793
85.478226,27.612362,1793
85.478227,27.612337,1793
85.478229,27.612318,1793
85.478223,27.612299,1790
85.478231,27.612282,1792
85.478234,27.612262,1792
85.478226,27.612237,1792
85.478221,27.612209,1789
85.478222,27.612174,1789
85.478236,27.612149,1791
85.47824,27.612124,1791
85.478234,27.612102,1791
85.47823,27.612084,1790
85.478222,27.612067,1788
85.478213,27.612033,1787
85.478213,27.612014,1787
85.478216,27.611982,1786
85.478228,27.61196,1788
85.478236,27.611937,1787
85.478247,27.611906,1786
85.478254,27.61188,1786
85.478258,27.611855,1786
85.478258,27.611822,1785
85.478252,27.611795,1785
85.478252,27.611768,1785
85.478247,27.611743,1784
85.478247,27.611722,1784
85.478251,27.611691,1784
85.478256,27.611665,1784
85.478254,27.611636,1784
85.478244,27.611611,1784
85.478233,27.611585,1784
85.478219,27.611563,1782
85.478211,27.611546,1782
85.478203,27.611529,1782
85.478196,27.611512,1782
85.478185,27.611483,1782
85.478168,27.611459,1780
85.478158,27.611433,1781
85.478147,27.611412,1782
85.478129,27.611391,1780
85.478115,27.61137,1780
85.4781,27.611346,1780
85.478087,27.611319,1779
85.478077,27.611293,1779
85.478073,27.611267,1779
85.478073,27.61124,1779
85.47807,27.611221,1779
85.478073,27.611194,1779
85.478072,27.611164,1779
85.478073,27.611131,1780
85.478071,27.611107,1779
85.478072,27.61108,1779
85.478073,27.611052,1779
85.478072,27.611024,1779
85.478073,27.610998,1779
85.478076,27.610977,1778
85.478071,27.610954,1778
85.478064,27.610932,1778
85.478057,27.610914,1777
85.478064,27.610892,1777
85.478082,27.610875,1776
85.478099,27.610864,1777
85.478077,27.610847,1776
85.478048,27.610836,1775
85.478021,27.610826,1775
85.478007,27.610799,1774
85.477995,27.610771,1774
85.477977,27.610745,1775
85.477962,27.610725,1775
85.477948,27.610703,1775
85.477937,27.610682,1775
85.477924,27.610659,1775
85.477916,27.610635,1776
85.477908,27.610611,1776
85.477902,27.610583,1776
85.477895,27.610553,1777
85.477889,27.610526,1778
85.477885,27.6105,1778
85.477881,27.610476,1779
85.477884,27.610456,1778
85.477889,27.610434,1778
85.477894,27.610409,1779
85.477902,27.610387,1779
85.477908,27.610363,1779
85.477905,27.610339,1779
85.477904,27.610315,1779
85.477904,27.610288,1779
85.477898,27.610261,1779
85.477889,27.610234,1779
85.477879,27.61021,1780
85.477869,27.610186,1779
85.477861,27.610156,1779
85.477852,27.610134,1779
85.477848,27.610115,1779
85.477843,27.610092,1779
85.477837,27.610064,1779
85.477828,27.61004,1779
85.477819,27.610012,1779
85.477817,27.609989,1778
85.477808,27.609969,1778
85.4778,27.609946,1777
85.477793,27.60992,1777
85.477777,27.609896,1777
85.477763,27.609874,1776
85.477745,27.609856,1777
85.477727,27.609837,1776
85.477712,27.609822,1776
85.477699,27.609807,1776
85.477685,27.609789,1776
85.477673,27.609768,1775
85.477659,27.609745,1775
85.477652,27.609721,1774
85.47764,27.609702,1774
85.477627,27.609682,1773
85.477615,27.609658,1771
85.4776,27.609637,1771
85.477578,27.609615,1770
85.477553,27.609593,1770
85.477525,27.609579,1769
85.477499,27.609567,1769
85.477471,27.609558,1769
85.477445,27.609558,1768
85.477426,27.609566,1768
85.477401,27.609567,1768
85.477374,27.609569,1768
85.477348,27.609574,1768
85.477324,27.609582,1768
85.477304,27.609589,1768
85.477281,27.609593,1768
85.477258,27.609605,1768
85.477234,27.609612,1767
85.477213,27.609614,1767
85.47719,27.609617,1767
85.477162,27.60961,1767
85.477138,27.609602,1767
85.477116,27.609593,1766
85.477093,27.609584,1766
85.477075,27.609574,1766
85.477082,27.609555,1766
85.477098,27.60954,1766
85.477125,27.609534,1765
85.477151,27.609534,1765
85.477176,27.609535,1765
85.4772,27.609533,1765
85.477222,27.609531,1765
85.477244,27.609521,1765
85.477261,27.609507,1764
85.477279,27.609498,1764
85.477303,27.609479,1764
85.477327,27.609465,1764
85.477344,27.609451,1764
85.477354,27.609433,1763
85.477361,27.609413,1763
85.477373,27.609389,1763
85.477387,27.609365,1763
85.477404,27.609348,1763
85.47742,27.609334,1762
85.477439,27.609317,1762
85.477469,27.609304,1762
85.477497,27.609296,1762
85.477528,27.609294,1761
85.477554,27.609292,1761
85.477577,27.609288,1761
85.477602,27.609284,1761
85.477633,27.609276,1761
85.477665,27.609267,1760
85.477697,27.60927,1760
85.477716,27.609279,1760
85.47774,27.609286,1760
85.477769,27.609288,1760
85.477796,27.609291,1759
85.477827,27.609292,1759
85.477855,27.609301,1759
85.477879,27.609317,1759
85.477895,27.609344,1758
85.477905,27.609365,1758
85.477911,27.609397,1758
85.477921,27.609419,1758
85.477928,27.609443,1757
85.477938,27.609468,1757
85.47795,27.609484,1757
85.477965,27.609508,1757
85.477982,27.609535,1757
85.478005,27.60955,1756
85.478035,27.609566,1756
85.478067,27.609571,1756
85.478097,27.609581,1756
85.478125,27.609592,1755
85.47815,27.609608,1755
85.478177,27.60962,1755
85.4782,27.609632,1755
85.478221,27.609635,1756
85.478245,27.609646,1756
85.478258,27.609662,1757
85.47827,27.609679,1757
85.478285,27.609702,1758
85.478296,27.609725,1758
85.478306,27.609744,1758
85.478314,27.609761,1759
85.478315,27.609781,1759
85.478316,27.609804,1760
85.478314,27.609824,1760
85.478312,27.609844,1760
85.478309,27.609867,1761
85.478303,27.609887,1761
85.4783,27.609908,1762
85.478292,27.609932,1763
85.478282,27.609951,1764
85.478269,27.609975,1764
85.47826,27.609999,1765
85.47825,27.61002,1766
85.478245,27.610039,1766
85.478244,27.610065,1767
85.478244,27.610088,1768
85.478247,27.610107,1768
85.478255,27.610131,1769
85.47826,27.610154,1770
85.478261,27.610178,1771
85.478265,27.610203,1771
85.478268,27.610228,1772
85.478264,27.610253,1773
85.478263,27.610272,1774
85.478257,27.610297,1774
85.478248,27.610316,1775
85.478242,27.610334,1776
85.478234,27.610363,1776
85.478227,27.610387,1777
85.478219,27.610416,1778
85.478231,27.610445,1779
85.478236,27.610462,1780
85.478246,27.610489,1780
85.478252,27.610514,1781
85.478264,27.61054,1782
85.478291,27.610561,1783
85.478327,27.610575,1784
85.478361,27.61059,1785
85.478381,27.610598,1786
85.478405,27.610613,1785
85.478433,27.610636,1785
85.478453,27.610648,1785
85.478475,27.610658,1785
85.478496,27.610674,1785
85.478531,27.61069,1785
85.478559,27.610701,1785
85.478585,27.610719,1784
85.478603,27.610738,1784
85.478617,27.610756,1784
85.478642,27.610769,1784
85.478668,27.610773,1784
85.478697,27.610783,1784
85.478727,27.610786,1784
85.478755,27.610793,1784
85.47878,27.610804,1783
85.478803,27.610819,1783
85.478823,27.610836,1783
85.478841,27.610857,1783
85.478857,27.610871,1783
85.47888,27.610881,1783
85.478895,27.610897,1783
85.47892,27.610909,1783
85.478944,27.610917,1783
85.478968,27.610919,1782
85.478992,27.610921,1782
85.479016,27.610932,1782
85.479042,27.610943,1782
85.479067,27.610947,1782
85.479093,27.610951,1782
85.479122,27.610955,1782
85.479152,27.610956,1782
85.479178,27.610959,1781
85.479206,27.610963,1781
85.479233,27.610966,1781
85.47926,27.610969,1781
85.479294,27.610974,1781
85.479329,27.610982,1781
85.479361,27.610988,1781
85.479384,27.611002,1781
85.479401,27.611021,1780
85.479424,27.611031,1780
85.479448,27.611048,1780
85.479469,27.611064,1780
85.479495,27.611081,1780
85.479522,27.611096,1780
85.479548,27.611113,1780
85.47957,27.611128,1780
85.479591,27.611145,1779
85.479603,27.61117,1779
85.47961,27.611194,1779
85.479612,27.61122,1779
85.479601,27.611244,1779
85.479587,27.61127,1779
85.479573,27.611284,1779
85.479552,27.611301,1779
85.479537,27.611314,1779
85.479521,27.611331,1778
85.47951,27.611351,1778
85.479497,27.611369,1778
85.479472,27.611384,1778
85.479455,27.611396,1778
85.479429,27.611417,1778
85.479412,27.611435,1778
85.479401,27.611452,1778
85.479397,27.611479,1778
85.479392,27.611508,1777
85.479398,27.611527,1777
85.479411,27.611562,1777
85.479423,27.611593,1777
85.479434,27.611621,1777
85.479441,27.611652,1777
85.479456,27.61168,1776
85.479484,27.611701,1776
85.479515,27.611713,1776
85.479547,27.611726,1776
85.479576,27.611725,1776
85.479607,27.61172,1776
85.479637,27.611722,1776
85.479667,27.61172,1775
85.479686,27.611714,1775
85.479718,27.611712,1775
85.479747,27.611713,1775
85.479774,27.611716,1775
85.479797,27.611724,1775
85.479823,27.611728,1775
85.479855,27.611723,1775
85.479884,27.611718,1775
85.479903,27.611727,1774
85.47991,27.611752,1774
85.479921,27.611781,1774
85.479956,27.611782,1774
85.479987,27.611792,1774
85.480011,27.611811,1774
85.480034,27.611829,1774
85.480042,27.61185,1774
85.480042,27.611873,1773
85.480045,27.611899,1773
85.480047,27.611923,1773
85.480054,27.611942,1773
85.480056,27.611966,1773
85.480043,27.611987,1773
85.48003,27.612008,1773
85.480018,27.61203,1773
85.480011,27.612054,1772
85.480004,27.612082,1772
85.479998,27.612109,1772
85.480001,27.612134,1772
85.480006,27.612157,1772
85.480012,27.612185,1772
85.480019,27.612211,1772
85.480031,27.612239,1772
85.480055,27.612263,1771
85.480069,27.61227,1771
85.480084,27.612277,1771
85.480099,27.612284,1771
85.480114,27.612291,1771
85.480129,27.612298,1771
85.480144,27.612305,1771
85.480171,27.612318,1771
85.480199,27.612336,1771
85.480229,27.612351,1771
85.480258,27.612371,1770
85.480282,27.612395,1770
85.480293,27.612416,1770
85.480296,27.612441,1770
85.480307,27.612458,1770
85.480317,27.612481,1770
85.480321,27.6125,1770
85.480329,27.612521,1770
85.480336,27.612549,1769
85.480337,27.612574,1769
85.48034,27.612598,1769
85.480345,27.612625,1769
85.480352,27.612655,1769
85.480362,27.612688,1769
85.480377,27.612718,1769
85.480401,27.612745,1768
85.480415,27.612758,1768
85.480448,27.612771,1768
85.480472,27.61277,1768
85.480506,27.61279,1768
85.480539,27.612794,1768
85.480571,27.612808,1768
85.480597,27.612821,1767
85.480606,27.612844,1767
85.48061,27.612869,1767
85.480617,27.612891,1767
85.480627,27.612911,1767
85.480643,27.612935,1767
85.480663,27.612944,1767
85.48069,27.612955,1767
85.480719,27.612964,1766
85.480747,27.612964,1766
85.480772,27.612954,1766
85.480794,27.612938,1766
85.48081,27.612922,1766
85.480823,27.612901,1766
85.480827,27.612871,1766
85.480823,27.61286,1766
85.480818,27.612849,1766
85.480813,27.612838,1766
85.480809,27.612827,1766
85.480804,27.612817,1765
85.4808,27.612806,1765
85.480795,27.612795,1765
85.48079,27.612784,1765
85.48079,27.612759,1765
85.480794,27.612741,1765
85.480803,27.612713,1765
85.480811,27.612693,1765
85.480817,27.61267,1765
85.480821,27.612644,1765
85.480832,27.612619,1764
85.480852,27.612596,1764
85.480863,27.612574,1764
85.480878,27.612559,1764
85.480897,27.61254,1764
85.48091,27.612522,1764
85.480925,27.612504,1764
85.480946,27.612487,1764
85.480965,27.612473,1764
85.480987,27.612453,1763
85.481006,27.612437,1763
85.481021,27.61242,1763
85.481036,27.612399,1763
85.481058,27.612375,1763
85.481076,27.612355,1763
85.481093,27.612335,1763
85.481113,27.612323,1763
85.481137,27.612308,1762
85.48116,27.612298,1762
85.481181,27.612291,1762
85.481206,27.612285,1762
85.481233,27.612283,1762
85.481255,27.612285,1762
85.481275,27.612293,1762
85.481292,27.612307,1762
85.481301,27.612331,1762
85.481311,27.612352,1762
85.481325,27.612367,1761
85.481344,27.612382,1761
85.481362,27.612403,1761
85.481378,27.612424,1761
85.481393,27.612442,1761
85.48141,27.61246,1761
85.481426,27.612482,1761
85.481442,27.61251,1761
85.481455,27.612535,1760
85.481466,27.612565,1760
85.481479,27.612595,1760
85.481498,27.612622,1760
85.481515,27.61265,1760
85.481536,27.612672,1760
85.481559,27.612689,1760
85.48158,27.612707,1759
85.48161,27.612716,1759
85.481635,27.612733,1759
85.481656,27.612751,1759
85.481678,27.612764,1759
85.481696,27.612786,1759
85.481726,27.612803,1759
85.481748,27.612817,1758
85.481768,27.612833,1758
85.481797,27.612845,1758
85.481831,27.612847,1758
85.481869,27.612845,1758
85.481891,27.612862,1758
85.48191,27.612877,1758
85.481929,27.612885,1758
85.48195,27.612894,1757
85.481972,27.612893,1757
85.482001,27.612893,1757
85.482034,27.612884,1757
85.48206,27.61287,1757
85.482084,27.612856,1757
85.482109,27.612842,1757
85.482138,27.612828,1757
85.482167,27.612819,1756
85.482197,27.612809,1756
85.482224,27.612794,1756
85.482251,27.612774,1756
85.482273,27.612753,1756
85.482293,27.612734,1756
85.482309,27.612713,1756
85.48233,27.612688,1755
85.482354,27.612668,1757
85.482373,27.612651,1757
85.482389,27.612638,1756
85.482412,27.612625,1758
85.482439,27.612612,1757
85.482467,27.612613,1758
85.482498,27.612615,1757
85.482523,27.612621,1757
85.482552,27.612626,1757
85.482581,27.612634,1754
85.482613,27.612639,1754
85.482641,27.612648,1754
85.482667,27.612661,1753
85.482692,27.612676,1751
85.482717,27.61269,1751
85.482742,27.612704,1750
85.482767,27.612719,1749
85.482788,27.612726,1748
85.482815,27.612743,1748
85.482835,27.612758,1746
85.482856,27.612769,1746
85.482875,27.612779,1746
85.482891,27.612793,1744
85.482905,27.61281,1744
85.482925,27.612828,1742
85.48295,27.61284,1742
85.482979,27.612851,1742
85.483001,27.61286,1740
85.483026,27.612876,1740
85.483049,27.612885,1741
85.483074,27.612897,1739
85.4831,27.612916,1739
85.483126,27.612931,1739
85.483153,27.612941,1738
85.483177,27.612952,1738
85.483205,27.612966,1738
85.483231,27.612981,1736
85.483259,27.612999,1736
85.483289,27.613015,1733
85.483319,27.613017,1733
85.483347,27.613022,1733
85.483374,27.613027,1734
85.483406,27.61303,1733
85.483434,27.613029,1733
85.483463,27.613026,1733
85.48349,27.613018,1734
85.483512,27.613009,1736
85.48354,27.612997,1736
85.483565,27.612981,1736
85.48359,27.61297,1736
85.483623,27.612962,1735
85.483653,27.612946,1735
85.483682,27.612937,1734
85.483711,27.612927,1733
85.483742,27.612919,1733
85.483769,27.612911,1732
85.483795,27.612899,1732
85.483819,27.612886,1731
85.48384,27.612874,1731
85.483863,27.612866,1730
85.483892,27.612861,1730
85.48392,27.612852,1729
85.483948,27.612841,1729
85.483973,27.612833,1728
85.484,27.61282,1728
85.484025,27.612808,1727
85.484051,27.612797,1727
85.48407,27.61279,1726
85.484096,27.612786,1726
85.484119,27.612781,1726
85.48415,27.612774,1725
85.484175,27.612776,1725
85.484201,27.612769,1724
85.484231,27.612768,1724
85.484261,27.612766,1723
85.484295,27.612762,1722
85.484325,27.612764,1722
85.484359,27.612766,1721
85.484388,27.612764,1721
85.484422,27.612756,1720
85.484453,27.612748,1720
85.484472,27.612741,1719
85.484508,27.612738,1719
85.484543,27.612734,1718
85.48457,27.612719,1717
85.484583,27.612705,1717
85.484596,27.612689,1717
85.484606,27.612668,1716
85.484613,27.612651,1716
85.484634,27.612626,1715
85.484649,27.6126,1715
85.484647,27.612568,1714
85.484634,27.612543,1714
85.48461,27.612517,1713
85.484584,27.612493,1712
85.484563,27.612475,1712
85.484542,27.612465,1711
85.484513,27.612453,1710
85.48449,27.612444,1710
85.484465,27.61244,1710
85.484434,27.612443,1710
85.484403,27.612445,1711
85.484373,27.612437,1711
85.484345,27.61243,1711
85.484317,27.61242,1712
85.484292,27.612408,1712
85.484269,27.612403,1712
85.484246,27.612393,1712
85.484227,27.612387,1713
85.484198,27.612382,1713
85.484172,27.612373,1713
85.484155,27.612354,1714
85.484135,27.612335,1714
85.484112,27.612325,1714
85.484092,27.612312,1714
85.484067,27.612303,1715
85.484041,27.61229,1715
85.48402,27.612288,1715
85.483989,27.612291,1715
85.483968,27.612288,1716
85.483944,27.612279,1716
85.483917,27.612268,1716
85.483894,27.612263,1717
85.483874,27.612252,1717
85.48385,27.612239,1717
85.48383,27.612231,1717
85.483809,27.612224,1718
85.483794,27.612212,1718
85.483776,27.612197,1718
85.483759,27.612182,1718
85.483735,27.612169,1719
85.483717,27.612158,1719
85.483696,27.612142,1719
85.483676,27.612124,1719
85.483658,27.612109,1720
85.483636,27.612093,1720
85.483622,27.612071,1720
85.483609,27.612052,1720
85.48359,27.612037,1721
85.483575,27.612019,1721
85.483559,27.612003,1721
85.483548,27.611981,1721
85.483534,27.611963,1722
85.483527,27.611942,1722
85.48352,27.61192,1722
85.483516,27.6119,1722
85.483516,27.611876,1723
85.483518,27.611853,1723
85.483519,27.611826,1723
85.483523,27.611802,1724
85.483526,27.611782,1724
85.483529,27.611753,1724
85.483541,27.611734,1724
85.483556,27.611716,1725
85.483576,27.611696,1725
85.483593,27.611681,1725
85.483615,27.611662,1726
85.483641,27.611645,1726
85.483664,27.611632,1726
85.483685,27.611618,1726
85.483706,27.611604,1727
85.483732,27.611581,1727
85.483746,27.611567,1727
85.483771,27.611546,1728
85.483791,27.611534,1728
85.483808,27.611519,1728
85.483828,27.611499,1728
85.48384,27.611478,1729
85.483844,27.611456,1729
85.483844,27.611435,1729
85.48384,27.611415,1730
85.483838,27.611395,1730
85.483833,27.611375,1730
85.483831,27.611356,1730
85.483826,27.611332,1730
85.483819,27.611306,1731
85.483804,27.611289,1731
85.483795,27.611268,1731
85.483783,27.611247,1732
85.483764,27.611229,1732
85.48374,27.611217,1732
85.48372,27.61121,1732
85.483694,27.611201,1733
85.483673,27.611182,1733
85.483656,27.611164,1733
85.48364,27.611141,1734
85.483628,27.611119,1734
85.483616,27.611094,1734
85.48361,27.611076,1734
85.483603,27.611047,1735
85.483601,27.611021,1735
85.483597,27.610999,1735
85.483598,27.610976,1736
85.483603,27.610951,1736
85.483617,27.610923,1736
85.483631,27.610901,1736
85.483644,27.610876,1737
85.483655,27.610857,1737
85.483667,27.610839,1737
85.483686,27.610821,1738
85.483709,27.610799,1738
85.483736,27.610785,1738
85.483767,27.61077,1739
85.483789,27.610761,1739
85.483812,27.610742,1739
85.483832,27.610722,1740
85.483847,27.610694,1740
85.483851,27.610674,1739
85.48385,27.610653,1739
85.483857,27.610635,1739
85.483858,27.610612,1738
85.483852,27.610588,1738
85.483836,27.610567,1738
85.483813,27.610552,1737
85.483791,27.610541,1737
85.483769,27.610529,1737
85.483736,27.610511,1736
85.483705,27.610509,1736
85.483675,27.610507,1735
85.48364,27.610507,1735
85.483611,27.610508,1734
85.483579,27.610508,1734
85.483549,27.610504,1734
85.483519,27.6105,1733
85.483489,27.610506,1733
85.48346,27.610502,1732
85.483431,27.610496,1732
85.483403,27.610488,1732
85.483377,27.610486,1731
85.483346,27.610491,1731
85.483314,27.610493,1730
85.483285,27.610497,1730
85.483257,27.610507,1730
85.483229,27.610509,1729
85.483201,27.610508,1729
85.483171,27.610503,1729
85.483145,27.610496,1728
85.483128,27.610482,1728
85.483109,27.610464,1728
85.483095,27.610444,1727
85.483077,27.61042,1727
85.483063,27.610399,1726
85.483053,27.610374,1726
85.483043,27.610354,1726
85.483035,27.610328,1725
85.483033,27.610304,1725
85.483034,27.610279,1725
85.483037,27.610256,1724
85.483041,27.610234,1724
85.483043,27.610208,1724
85.483033,27.610185,1723
85.483029,27.610158,1723
85.483026,27.610135,1722
85.483027,27.610107,1722
85.483024,27.610082,1722
85.483029,27.610057,1721
85.483038,27.610025,1721
85.483044,27.609994,1720
85.48305,27.609967,1720
85.48306,27.609942,1720
85.483074,27.609917,1719
85.483087,27.609888,1719
85.483095,27.609858,1718
85.483102,27.609824,1718
85.483106,27.609797,1718
85.483107,27.609777,1717
85.483112,27.609749,1717
85.483116,27.609723,1717
85.483112,27.609693,1716
85.4831,27.609668,1716
85.483085,27.609647,1716
85.483069,27.609626,1715
85.483051,27.60961,1715
85.483031,27.609593,1715
85.483009,27.609569,1714
85.482986,27.609545,1714
85.482969,27.609526,1713
85.482953,27.609505,1713
85.482944,27.609481,1713
85.482934,27.609461,1713
85.482924,27.609435,1712
85.482917,27.609412,1712
85.482911,27.609386,1711
85.482909,27.60936,1711
85.482909,27.609337,1711
85.482912,27.609313,1711
85.482915,27.609286,1710
85.482925,27.609257,1710
85.482937,27.609232,1709
85.482949,27.609204,1709
85.482956,27.609172,1709
85.482964,27.609144,1708
85.482975,27.609117,1708
85.482979,27.609088,1707
85.482987,27.609057,1707
85.482997,27.609026,1707
85.483006,27.608996,1706
85.483015,27.608964,1706
85.483022,27.608932,1705
85.483022,27.608899,1705
85.483015,27.60887,1705
85.482998,27.608844,1705
85.482973,27.608821,1705
85.482944,27.608804,1705
85.482916,27.608791,1705
85.482887,27.608782,1705
85.482862,27.608774,1705
85.48284,27.608767,1706
85.482817,27.608766,1706
85.482797,27.60876,1706
85.48277,27.608752,1706
85.482741,27.608744,1706
85.482714,27.608731,1706
85.482689,27.608712,1706
85.482665,27.608693,1707
85.482644,27.608676,1707
85.48263,27.60866,1707
85.482617,27.60864,1707
85.482607,27.608614,1707
85.482594,27.608588,1707
85.482582,27.608562,1708
85.482569,27.608536,1708
85.482558,27.608515,1708
85.482546,27.608492,1708
85.48254,27.608473,1708
85.482537,27.608446,1708
85.482532,27.608416,1708
85.482529,27.608385,1709
85.482529,27.608357,1709
85.482527,27.60833,1709
85.482529,27.608304,1709
85.482526,27.608278,1709
85.482535,27.608253,1709
85.482535,27.608226,1710
85.482535,27.6082,1710
85.482538,27.608178,1710
85.482539,27.608158,1710
85.482544,27.608136,1710
85.482542,27.608109,1710
85.482542,27.608083,1710
85.482541,27.608053,1711
85.482544,27.608025,1711
85.482552,27.607997,1711
85.482555,27.607974,1711
85.482559,27.607949,1711
85.48256,27.607915,1711
85.482562,27.607886,1712
85.482567,27.607859,1712
85.482575,27.607831,1712
85.482582,27.607806,1712
85.482592,27.607784,1712
85.482599,27.607763,1712
85.482609,27.60774,1713
85.48262,27.607714,1713
85.482633,27.607689,1713
85.482643,27.607668,1713
85.482649,27.607649,1713
85.482666,27.607623,1713
85.482684,27.607605,1713
85.482701,27.607584,1714
85.482719,27.607561,1714
85.482723,27.607537,1714
85.482719,27.607512,1714
85.482727,27.607494,1714
85.482744,27.607481,1714
85.482762,27.607461,1714
85.482773,27.607438,1715
85.482783,27.607418,1715
85.482795,27.607396,1715
85.482806,27.60737,1715
85.482822,27.607348,1715
85.482835,27.607323,1715
85.482845,27.607295,1716
85.482859,27.607272,1716
85.482866,27.607247,1716
85.482874,27.607222,1716
85.48288,27.6072,1716
85.482892,27.607175,1716
85.482905,27.607148,1716
85.482912,27.607113,1717
85.482915,27.607094,1717
85.482916,27.607064,1717
85.482918,27.607044,1717
85.482924,27.607022,1717
85.482925,27.606995,1717
85.482924,27.606967,1718
85.482923,27.606947,1718
85.482927,27.606922,1718
85.482932,27.606896,1718
85.482934,27.60687,1718
85.482936,27.606838,1718
85.482934,27.606805,1718
85.482933,27.606784,1719
85.482934,27.606761,1719
85.482936,27.606739,1719
85.482935,27.606709,1719
85.482936,27.606685,1719
85.48294,27.606656,1719
85.48294,27.606638,1719
85.482933,27.606607,1720
85.482922,27.606579,1720
85.482915,27.606551,1720
85.482913,27.606523,1720
85.482907,27.606501,1720
85.482903,27.606471,1720
85.482894,27.606448,1721
85.482886,27.606426,1721
85.482879,27.6064,1721
85.482873,27.606379,1721
85.482864,27.606363,1721
85.482859,27.606345,1721
85.482856,27.606317,1721
85.482852,27.606285,1722
85.48285,27.606259,1722
85.482851,27.606235,1722
85.482852,27.606203,1722
85.482857,27.60617,1722
85.482861,27.606142,1722
85.482863,27.606113,1723
85.482869,27.606084,1723
85.482874,27.606059,1723
85.482884,27.606036,1723
85.482894,27.606007,1723
85.482901,27.605985,1723
85.482915,27.605957,1724
85.482924,27.605928,1724
85.482933,27.605898,1724
85.482943,27.605873,1724
85.482953,27.60585,1724
85.482962,27.605822,1724
85.482967,27.605798,1725
85.482974,27.605777,1725
85.48298,27.605751,1725
85.482983,27.605723,1725
85.482989,27.605691,1725
85.482995,27.605669,1725
85.482999,27.605652,1725
85.482999,27.605626,1726
85.483011,27.605603,1726
85.483025,27.605579,1726
85.483033,27.605549,1726
85.483036,27.605525,1726
85.483038,27.605494,1726
85.483046,27.605467,1727
85.483053,27.605447,1727
85.483063,27.605417,1727
85.48307,27.605394,1727
85.483079,27.605367,1727
85.483089,27.605348,1727
85.483097,27.605323,1728
85.483099,27.605297,1728
85.483104,27.605271,1728
85.483109,27.605244,1728
85.483114,27.605219,1728
85.48312,27.605195,1728
85.483127,27.605177,1728
85.483138,27.605158,1729
85.483133,27.605139,1729
85.483118,27.605126,1729
85.48313,27.605103,1729
85.483143,27.605084,1729
85.483156,27.605063,1729
85.483164,27.60504,1729
85.483172,27.605019,1729
85.483182,27.605002,1730
85.483195,27.604984,1730
85.48321,27.60496,1730
85.483227,27.60494,1730
85.483241,27.604921,1730
85.483253,27.604901,1730
85.483264,27.60488,1730
85.483273,27.60486,1731
85.48329,27.604842,1731
85.483309,27.604823,1731
85.483317,27.604804,1731
85.483327,27.604782,1731
85.483342,27.604765,1731
85.483356,27.604749,1731
85.483369,27.604729,1731
85.483379,27.604712,1732
85.483394,27.604699,1732
85.483409,27.604681,1732
85.483423,27.604665,1732
85.483437,27.604649,1732
85.483452,27.604634,1732
85.483466,27.604618,1732
85.483484,27.604602,1732
85.483506,27.604589,1733
85.483523,27.604574,1733
85.483537,27.604561,1733
85.483552,27.604545,1733
85.483566,27.604526,1733
85.483579,27.604511,1733
85.483593,27.604498,1733
85.483611,27.604476,1733
85.483628,27.604455,1734
85.483641,27.60444,1734
85.483661,27.604419,1734
85.483676,27.604404,1734
85.483693,27.604388,1734
85.483709,27.604373,1734
85.483729,27.604352,1734
85.483751,27.604334,1735
85.483762,27.604317,1735
85.483784,27.604302,1735
85.483799,27.604288,1735
85.483814,27.604275,1735
85.483835,27.604261,1735
85.483855,27.604244,1735
85.483871,27.604221,1735
85.483888,27.604201,1736
85.483904,27.604186,1736
85.483916,27.604167,1736
85.483928,27.604151,1736
85.483943,27.604133,1736
85.483958,27.604114,1736
85.483971,27.604096,1736
85.483983,27.604078,1737
85.484002,27.60406,1737
85.484011,27.604041,1737
85.484023,27.604024,1737
85.484037,27.604003,1737
85.48405,27.603984,1737
85.484064,27.603964,1737
85.484082,27.603946,1737
85.484099,27.60393,1738
85.484121,27.603913,1738
85.484139,27.603893,1738
85.484153,27.603875,1738
85.484169,27.603861,1738
85.484191,27.603847,1738
85.484213,27.603828,1738
85.484237,27.603811,1739
85.484259,27.603792,1739
85.484276,27.603771,1739
85.484295,27.603746,1739
85.484315,27.603721,1739
85.484336,27.603698,1739
85.484354,27.603674,1740
85.484369,27.603654,1740
85.484382,27.603634,1740
85.484396,27.603616,1740
85.484413,27.603595,1740
85.484421,27.603574,1740
85.484431,27.603552,1740
85.484442,27.603531,1741
85.484453,27.603508,1741
85.484467,27.603484,1741
85.484475,27.603458,1741
85.484489,27.603436,1741
85.484505,27.603418,1741
85.484521,27.603401,1741
85.484538,27.60338,1742
85.484558,27.603355,1742
85.48457,27.603338,1742
85.484586,27.603322,1742
85.484602,27.603307,1742
85.484618,27.603286,1742
85.484634,27.603264,1742
85.484648,27.603239,1743
85.484657,27.603217,1743
85.484669,27.603193,1743
85.484681,27.603172,1743
85.484687,27.603153,1743
85.484692,27.603129,1743
85.4847,27.603104,1744
85.484709,27.60308,1744
85.484713,27.603062,1744
85.48471,27.603044,1744
85.484715,27.603025,1744
85.484726,27.603009,1744
85.484741,27.602991,1744
85.484755,27.602972,1744
85.48477,27.602955,1744
85.484778,27.602937,1745
85.48479,27.602918,1745
85.4848,27.602897,1745
85.48479,27.602879,1745
85.484774,27.602857,1745
85.484756,27.602845,1745
85.484782,27.602832,1745
85.484802,27.602814,1746
85.484818,27.602796,1746
85.484827,27.602774,1746
85.484837,27.602751,1746
85.484846,27.602724,1746
85.484857,27.602698,1746
85.484869,27.602676,1746
85.484881,27.602657,1747
85.484892,27.602639,1747
85.484909,27.602625,1747
85.484928,27.60261,1747
85.484947,27.602596,1747
85.484967,27.60258,1747
85.484983,27.602561,1747
85.484996,27.602543,1748
85.485009,27.602528,1748
85.485026,27.60251,1748
85.48505,27.602496,1748
85.485066,27.602483,1748
85.485088,27.602467,1748
85.485106,27.602454,1748
85.485124,27.602443,1748
85.485145,27.602437,1749
85.485156,27.602453,1749
85.485176,27.602458,1749
85.485196,27.602452,1749
85.48519,27.602432,1749
85.4852,27.602411,1749
85.485225,27.602399,1749
85.485242,27.602388,1749
85.485264,27.602374,1750
85.485288,27.602366,1750
85.485311,27.602361,1750
85.485333,27.602356,1750
85.485356,27.602352,1750
85.485377,27.602343,1750
85.485401,27.602337,1750
85.485421,27.602331,1750
85.485445,27.602323,1751
85.485467,27.602312,1751
85.485493,27.6023,1751
85.485513,27.602288,1751
85.485532,27.602277,1751
85.485549,27.602261,1751
85.485566,27.602241,1751
85.485584,27.602231,1751
85.485607,27.60222,1752
85.485628,27.602209,1752
85.485645,27.602198,1752
85.485661,27.602184,1752
85.485685,27.602173,1752
85.485702,27.602157,1752
85.485722,27.602143,1752
85.485741,27.602125,1752
85.485764,27.602106,1753
85.48578,27.602092,1753
85.485791,27.602077,1753
85.48581,27.602055,1753
85.485825,27.602038,1753
85.485841,27.602018,1753
85.485855,27.602005,1753
85.485865,27.601988,1754
85.485876,27.601969,1754
85.485889,27.601952,1754
85.4859,27.601935,1754
85.48591,27.601918,1754
85.485922,27.601898,1754
85.485928,27.601875,1754
85.485937,27.601851,1754
85.485946,27.601834,1755
85.485951,27.601817,1755
85.485954,27.601798,1755
85.485962,27.601773,1755
85.485968,27.601747,1755
85.48598,27.601729,1755
85.485985,27.601707,1755
85.485985,27.601684,1755
85.485988,27.601664,1756
85.485991,27.601646,1756
85.485995,27.601623,1756
85.485996,27.601604,1756
85.485992,27.601586,1756
85.485988,27.601564,1756
85.485985,27.601546,1756
85.485983,27.601523,1756
85.485979,27.601498,1757
85.485978,27.601479,1757
85.485972,27.60146,1757
85.485966,27.601442,1757
85.485954,27.601423,1757
85.485935,27.601403,1757
85.485914,27.601385,1757
85.485888,27.601378,1757
85.48587,27.601358,1758
85.485865,27.60134,1758
85.485855,27.601321,1758
85.485848,27.601302,1758
85.485864,27.601283,1758
85.485883,27.601269,1758
85.4859,27.601259,1758
85.485923,27.601247,1759
85.485942,27.601243,1759
85.485966,27.601243,1760
85.485992,27.601237,1760
85.486012,27.601228,1761
85.48603,27.601218,1761
85.486051,27.601208,1762
85.486071,27.601199,1762
85.48609,27.601187,1762
85.486114,27.60117,1763
85.486139,27.601152,1764
85.486155,27.601138,1764
85.486179,27.601127,1764
85.486199,27.601115,1765
85.486217,27.601098,1765
85.486236,27.601082,1765
85.486251,27.601069,1765
85.486272,27.601054,1766
85.486291,27.601037,1766
85.486302,27.601017,1766
85.486316,27.600999,1766
85.486333,27.600989,1767
85.486355,27.600978,1767
85.486376,27.600971,1767
85.486393,27.600959,1767
85.486408,27.600948,1767
85.486425,27.600933,1768
85.486443,27.600913,1768
85.486456,27.600897,1768
85.486467,27.600878,1768
85.486478,27.600856,1769
85.486487,27.600832,1769
85.486498,27.600808,1769
85.486502,27.600782,1769
85.4865,27.600759,1770
85.486502,27.600738,1770
85.486508,27.600717,1770
85.486521,27.600699,1770
85.486529,27.60068,1771
85.486551,27.600672,1772
85.486576,27.600672,1772
85.486603,27.600678,1772
85.486633,27.600676,1772
85.48666,27.600674,1773
85.486682,27.60067,1773
85.486707,27.600672,1773
85.486735,27.600672,1773
85.48676,27.600675,1774
85.486789,27.600676,1774
85.486819,27.600675,1774
85.48685,27.600671,1775
85.486878,27.600672,1775
85.486901,27.600673,1775
85.486929,27.600675,1775
85.486956,27.600673,1776
85.486979,27.600671,1775
85.487,27.600665,1775
85.487024,27.600655,1774
85.48705,27.600639,1774
85.487073,27.600624,1774
85.487098,27.600607,1773
85.487123,27.600592,1773
85.487143,27.600576,1772
85.487162,27.600561,1772
85.48718,27.600547,1772
85.487198,27.600526,1771
85.487216,27.600504,1771
85.487233,27.600483,1770
85.487254,27.60046,1770
85.48727,27.60044,1769
85.487285,27.60042,1769
85.487304,27.6004,1769
85.487328,27.600382,1768
85.487349,27.600367,1768
85.48737,27.600352,1767
85.487391,27.600339,1767
85.48741,27.600322,1766
85.487426,27.600305,1766
85.487443,27.600289,1766
85.487463,27.60027,1765
85.487492,27.600255,1765
85.487518,27.600239,1764
85.487542,27.600227,1764
85.487571,27.600213,1764
85.487594,27.600204,1763
85.487621,27.600197,1763
85.487649,27.600192,1763
85.487671,27.600182,1763
85.487689,27.600165,1762
85.487714,27.600151,1762
85.48774,27.600138,1762
85.487765,27.600125,1761
85.487794,27.600112,1761
85.48782,27.6001,1761
85.487843,27.600089,1760
85.487867,27.600077,1760
85.487896,27.60006,1760
85.487926,27.600047,1759
85.487945,27.600027,1759
85.487965,27.600007,1758
85.487982,27.599989,1758
85.487996,27.599972,1758
85.488011,27.599956,1758
85.488026,27.599937,1757
85.488039,27.599913,1757
85.488055,27.599891,1757
85.488071,27.599868,1756
85.488087,27.599846,1756
85.4881,27.599824,1756
85.488113,27.5998,1755
85.488126,27.599772,1755
85.488142,27.599747,1755
85.488155,27.599715,1754
85.488171,27.599691,1754
85.488186,27.599674,1754
85.4882,27.599658,1753
85.488213,27.599626,1753
85.488224,27.599606,1753
85.48824,27.599583,1752
85.488259,27.599568,1752
85.488278,27.599546,1752
85.488294,27.599529,1751
85.488313,27.599512,1751
85.488331,27.59949,1751
85.488348,27.599466,1751
85.488361,27.59944,1750
85.488373,27.599414,1750
85.488384,27.599388,1750
85.488391,27.599364,1750
85.488397,27.599345,1750
85.488402,27.599324,1750
85.488411,27.599297,1750
85.48842,27.599271,1749
85.488428,27.599245,1749
85.48843,27.599214,1749
85.488431,27.599192,1749
85.488426,27.599174,1749
85.488418,27.599151,1749
85.48841,27.599128,1749
85.48841,27.599109,1748
85.488402,27.599091,1748
85.488394,27.599073,1748
85.488384,27.599057,1748
85.488376,27.599025,1748
85.488379,27.598996,1748
85.488384,27.598965,1748
85.488402,27.598944,1747
85.488424,27.598931,1747
85.488454,27.598922,1747
85.488491,27.598921,1747
85.48852,27.598922,1747
85.48855,27.598925,1747
85.488584,27.598933,1746
85.488615,27.598943,1746
85.488646,27.598941,1746
85.488675,27.598929,1746
85.488696,27.59891,1746
85.488702,27.598891,1746
85.48871,27.598859,1746
85.488717,27.59883,1745
85.488719,27.59881,1745
85.48871,27.598783,1745
85.488697,27.598757,1745
85.488692,27.598727,1745
85.488693,27.598701,1745
85.488688,27.598676,1744
85.488677,27.59866,1744
85.488664,27.598633,1744
85.488663,27.598613,1744
85.488654,27.598596,1744
85.488642,27.598571,1744
85.488634,27.598547,1744
85.488627,27.598518,1743
85.488624,27.5985,1743
85.488617,27.598467,1743
85.488624,27.598441,1743
85.488637,27.598423,1743
85.48865,27.598405,1743
85.488671,27.598388,1743
85.488696,27.59837,1742
85.488715,27.598353,1741
85.488737,27.598337,1741
85.488753,27.598319,1741
85.488758,27.598298,1740
85.488755,27.598278,1740
85.488747,27.598258,1739
85.488732,27.598237,1739
85.488715,27.598217,1738
85.488705,27.598197,1738
85.488697,27.598176,1737
85.488689,27.598155,1737
85.488679,27.598138,1737
85.488671,27.598121,1736
85.488659,27.598102,1736
85.488653,27.598079,1735
85.488644,27.598058,1735
85.488644,27.598036,1734
85.488657,27.598012,1734
85.488682,27.597994,1734
85.488707,27.597989,1734
85.488727,27.59801,1734
85.488739,27.598028,1734
85.488751,27.598045,1734
85.488768,27.598066,1734
85.488784,27.598085,1734
85.488792,27.598108,1734
85.488813,27.598125,1734
85.488835,27.598151,1734
85.488856,27.598169,1734
85.488882,27.598182,1734
85.48891,27.59819,1734
85.488938,27.598193,1734
85.488963,27.598203,1734
85.488977,27.598216,1734
85.489005,27.598227,1734
85.489035,27.598234,1734
85.489056,27.598229,1734
85.489087,27.598223,1734
85.489106,27.598205,1734
85.489123,27.598173,1734
85.48913,27.598155,1734
85.489135,27.598136,1734
85.489144,27.598108,1734
85.489156,27.598079,1734
85.489171,27.59805,1734
85.489179,27.598031,1734
85.489188,27.598014,1734
85.489202,27.597984,1734
85.489218,27.597957,1734
85.489235,27.597933,1734
85.489255,27.597912,1734
85.48927,27.597894,1734
85.489285,27.597874,1734
85.489304,27.597858,1734
85.489316,27.59784,1734
85.489333,27.597829,1733
85.489353,27.597816,1733
85.489376,27.597812,1733
85.489394,27.597803,1732
85.489418,27.597789,1732
85.489442,27.597781,1732
85.489463,27.59777,1731
85.489492,27.597763,1731
85.489517,27.597762,1731
85.489541,27.597759,1730
85.489569,27.597757,1730
85.4896,27.597755,1729
85.489627,27.597747,1729
85.489654,27.597738,1729
85.489682,27.597734,1728
85.489711,27.597728,1728
85.489739,27.597725,1727
85.489765,27.597724,1727
85.48979,27.597717,1727
85.489813,27.597709,1726
85.489838,27.597703,1726
85.489867,27.597708,1726
85.489887,27.597719,1725
85.489912,27.597741,1725
85.489928,27.597752,1725
85.489946,27.597767,1724
85.489967,27.597786,1724
85.489988,27.597806,1723
85.490017,27.59783,1723
85.490046,27.597841,1722
85.490068,27.597867,1722
85.490096,27.597873,1722
85.490133,27.597872,1721
85.490167,27.597861,1720
85.490191,27.597845,1720
85.490208,27.597821,1720
85.490226,27.597806,1719
85.490236,27.597785,1719
85.490247,27.597764,1719
85.490225,27.597765,1718
85.490203,27.597767,1718
85.490208,27.597746,1718
85.490223,27.597722,1717
85.49024,27.5977,1717
85.490259,27.597683,1716
85.490271,27.597665,1716
85.490286,27.597645,1716
85.490306,27.597625,1715
85.490333,27.597603,1715
85.490353,27.59758,1714
85.490374,27.597561,1714
85.490396,27.597539,1713
85.490418,27.597519,1713
85.49044,27.597497,1713
85.49046,27.597476,1712
85.490478,27.597453,1712
85.490496,27.597423,1711
85.490512,27.597395,1711
85.490527,27.597374,1710
85.490539,27.597356,1710
85.490563,27.597333,1709
85.490584,27.597319,1709
85.490612,27.597309,1709
85.490644,27.5973,1708
85.490675,27.597287,1708
85.490707,27.597274,1707
85.490735,27.59726,1707
85.490766,27.597252,1706
85.490793,27.597243,1706
85.490814,27.59723,1706
85.490837,27.597218,1705
85.490857,27.597204,1705
85.490877,27.597182,1704
85.490889,27.597167,1704
85.490906,27.597138,1704
85.490918,27.597115,1703
85.490925,27.597097,1703
85.490936,27.597078,1703
85.490946,27.597053,1702
85.490957,27.597026,1702
85.490967,27.596999,1701
85.490977,27.596976,1701
85.490994,27.596953,1701
85.491013,27.596933,1700
85.491034,27.596911,1700
85.491058,27.596888,1699
85.491077,27.59687,1699
85.491098,27.596848,1698
85.491123,27.596828,1698
85.49115,27.59681,1697
85.491172,27.596791,1697
85.491195,27.596778,1697
85.491219,27.596768,1696
85.491244,27.596752,1696
85.49127,27.596731,1695
85.49129,27.596714,1695
85.491315,27.596697,1695
85.491336,27.596681,1694
85.491356,27.596662,1694
85.491381,27.596644,1693
85.491406,27.596631,1693
85.491432,27.596616,1692
85.491455,27.596604,1692
85.491476,27.596585,1692
85.4915,27.596569,1691
85.491526,27.59655,1691
85.491546,27.59653,1690
85.491566,27.596516,1690
85.491584,27.596503,1690
85.49161,27.596483,1689
85.491623,27.596455,1689
85.491642,27.596427,1689
85.491655,27.596403,1690
85.491663,27.596378,1690
85.491673,27.596357,1691
85.491687,27.596343,1691
85.491709,27.596336,1691
85.491731,27.59633,1692
85.491755,27.596331,1692
85.491777,27.596327,1693
85.491804,27.596327,1693
85.491832,27.596332,1694
85.49186,27.59634,1694
85.491884,27.596342,1695
85.491915,27.596334,1695
85.491938,27.596336,1696
85.491959,27.596337,1696
85.491982,27.59634,1697
85.492006,27.596351,1697
85.492035,27.596356,1698
85.492047,27.596362,1698
85.492058,27.596368,1698
85.49207,27.596374,1698
85.492082,27.59638,1699
85.492094,27.596387,1699
85.492106,27.596393,1699
85.492121,27.596407,1700
85.492132,27.596413,1700
85.492144,27.596419,1700
85.492156,27.596426,1700
85.492168,27.596432,1701
85.492179,27.596438,1699
85.492191,27.596444,1699
85.492203,27.596451,1699
85.492214,27.596457,1698
85.49226,27.596469,1698
85.492275,27.596453,1697
85.492249,27.596447,1697
85.492213,27.596449,1696
85.492241,27.596454,1696
85.492272,27.596449,1695
85.49229,27.596446,1695
85.492308,27.596443,1695
85.492326,27.59644,1695
85.492344,27.596437,1694
85.492362,27.596434,1694
85.49238,27.596431,1694
85.492409,27.596428,1693
85.492424,27.596426,1693
85.492439,27.596425,1693
85.492453,27.596423,1693
85.492468,27.596422,1692
85.492483,27.59642,1692
85.492497,27.596419,1692
85.492512,27.596417,1692
85.492525,27.596425,1692
85.492538,27.596433,1691
85.49255,27.596441,1691
85.492563,27.596448,1691
85.492609,27.596455,1690
85.49264,27.596475,1690
85.492656,27.596487,1689
85.492669,27.596501,1689
85.492681,27.596515,1689
85.492694,27.596528,1688
85.492716,27.596538,1688
85.492743,27.596545,1688
85.492775,27.596553,1687
85.492803,27.596566,1687
85.492832,27.596571,1686
85.49286,27.596578,1686
85.492886,27.59658,1685
85.492913,27.596587,1683
85.492943,27.596597,1682
85.492973,27.596606,1682
85.493008,27.596626,1680
85.493037,27.596642,1679
85.493066,27.596664,1677
85.493097,27.596678,1677
85.493123,27.596692,1676
85.493143,27.596705,1674
85.49317,27.596719,1673
85.493194,27.596734,1671
85.493217,27.596752,1670
85.493236,27.596762,1670
85.493252,27.596774,1667
85.493268,27.596789,1666
85.493291,27.596805,1665
85.493313,27.596817,1663
85.493338,27.59683,1663
85.49336,27.596843,1662
85.493387,27.596862,1660
85.493409,27.596881,1660
85.49343,27.596892,1658
85.493451,27.596912,1657
85.493472,27.596925,1655
85.493498,27.596933,1655
85.493513,27.596948,1654
85.493534,27.59696,1654
85.493554,27.596975,1651
85.493569,27.596992,1651
85.493585,27.597012,1649
85.493607,27.597025,1648
85.493629,27.597044,1646
85.493648,27.597066,1645
85.493661,27.597092,1643
85.493684,27.597115,1641
85.493712,27.597132,1640
85.493738,27.597155,1638
85.493763,27.597175,1638
85.493777,27.597188,1637
85.493795,27.597203,1635
85.493815,27.597224,1634
85.493832,27.597241,1634
85.493841,27.597259,1634
85.493819,27.597263,1634
85.493825,27.597282,1634
85.493839,27.597302,1634
85.493852,27.597319,1634
85.493882,27.597324,1634
85.493902,27.597331,1635
85.49391,27.597352,1635
85.493918,27.597376,1635
85.493928,27.5974,1635
85.493941,27.597428,1635
85.493957,27.597447,1635
85.493975,27.597465,1635
85.493991,27.597481,1635
85.494011,27.597501,1635
85.494031,27.59752,1635
85.494051,27.597542,1635
85.49407,27.597562,1635
85.494091,27.597586,1635
85.494111,27.597603,1635
85.494132,27.597619,1635
85.494156,27.597638,1635
85.494179,27.597653,1635
85.494199,27.597665,1635
85.494222,27.597676,1635
85.494249,27.59769,1635
85.494277,27.597703,1635
85.494307,27.597711,1635
85.494334,27.597714,1635
85.494356,27.597719,1635
85.494381,27.59772,1635
85.494412,27.597722,1635
85.49444,27.597724,1635
85.494468,27.59773,1635
85.494496,27.597743,1635
85.494519,27.597758,1636
85.494547,27.597775,1636
85.494569,27.597797,1636
85.494588,27.597821,1636
85.494606,27.597846,1636
85.494622,27.597866,1636
85.494642,27.597882,1636
85.494665,27.597894,1636
85.494682,27.597908,1636
85.4947,27.597918,1636
85.494723,27.597924,1636
85.494748,27.597929,1636
85.49477,27.597939,1636
85.49479,27.597947,1636
85.494816,27.597953,1636
85.494841,27.59795,1636
85.494863,27.597949,1636
85.49489,27.597947,1636
85.494918,27.597952,1636
85.494955,27.597953,1636
85.494989,27.597947,1636
85.49502,27.597946,1636
85.495043,27.597934,1636
85.495072,27.597924,1636
85.495089,27.597913,1636
85.495126,27.597899,1636
85.495157,27.597895,1636
85.495185,27.597883,1636
85.495207,27.597872,1636
85.495233,27.597866,1636
85.495258,27.597854,1637
85.495282,27.597846,1637
85.495316,27.597845,1637
85.495348,27.597845,1637
85.495375,27.597846,1637
85.495401,27.597847,1637
85.495429,27.597849,1637
85.49546,27.597852,1637
85.495489,27.597849,1637
85.495521,27.597847,1637
85.495552,27.597843,1637
85.495577,27.597834,1637
85.4956,27.597826,1637
85.495625,27.59781,1637
85.495648,27.59779,1637
85.495668,27.597766,1637
85.495688,27.597738,1637
85.495708,27.597705,1637
85.495724,27.597675,1637
85.495743,27.59765,1637
85.495768,27.597624,1637
85.495784,27.597611,1637
85.495804,27.597602,1637
85.495838,27.597592,1637
85.495871,27.597582,1637
85.495902,27.597572,1637
85.49593,27.597562,1637
85.495957,27.597549,1637
85.495981,27.597533,1634
85.496004,27.597517,1630
85.496026,27.597505,1628
85.496051,27.59749,1624
85.496073,27.597478,1623
85.496099,27.59747,1623
85.496123,27.597459,1623
85.496151,27.597451,1623
85.496171,27.597444,1623
85.496195,27.597444,1622
85.496213,27.597456,1622
85.496235,27.597464,1622
85.496261,27.597473,1622
85.496287,27.597489,1622
85.496319,27.597491,1621
85.496343,27.597486,1621
85.49637,27.597481,1621
85.496398,27.597483,1621
85.496427,27.597483,1620
85.496463,27.597494,1620
85.496491,27.597495,1620
85.496521,27.597507,1620
85.496547,27.597521,1619
85.496577,27.597534,1619
85.496601,27.597551,1619
85.496628,27.597566,1619
85.496648,27.597586,1618
85.496665,27.597606,1618
85.496686,27.597633,1618
85.496694,27.597651,1618
85.496697,27.597676,1617
85.4967,27.597703,1617
85.496707,27.597726,1617
85.49671,27.597746,1617
85.496712,27.597773,1617
85.496718,27.597797,1616
85.496723,27.597822,1616
85.496731,27.59785,1616
85.496738,27.597876,1616
85.49674,27.597896,1615
85.496746,27.597925,1615
85.496747,27.597953,1615
85.496762,27.597978,1615
85.49678,27.598002,1614
85.496795,27.598028,1614
85.496811,27.598051,1614
85.496828,27.598072,1614
85.496853,27.598088,1613
85.496878,27.5981,1613
85.496905,27.59812,1613
85.496929,27.598134,1613
85.496958,27.598148,1612
85.496984,27.598159,1612
85.497007,27.598173,1612
85.497041,27.598184,1612
85.497065,27.598196,1612
85.497086,27.598209,1611
85.497102,27.598225,1611
85.497118,27.598238,1611
85.497134,27.598254,1611
85.497144,27.598276,1611
85.497154,27.598294,1610
85.497164,27.59831,1610
85.497172,27.598329,1610
85.497177,27.598353,1610
85.497188,27.598369,1610
85.4972,27.598391,1609
85.497214,27.598409,1609
85.497229,27.598431,1609
85.497251,27.598456,1609
85.497272,27.59847,1609
85.497298,27.598479,1608
85.49732,27.598488,1608
85.497346,27.598495,1608
85.497383,27.598495,1608
85.497416,27.598496,1607
85.497454,27.598501,1607
85.497482,27.598489,1607
85.497505,27.598471,1607
85.497532,27.598454,1606
85.497555,27.598441,1606
85.497573,27.598423,1606
85.497588,27.598398,1606
85.497605,27.598379,1606
85.49762,27.598364,1605
85.497638,27.59835,1605
85.497658,27.598337,1605
85.497679,27.598329,1605
85.497706,27.598321,1605
85.49773,27.598317,1604
85.497759,27.598307,1604
85.497783,27.598299,1604
85.497807,27.598288,1604
85.497823,27.598271,1604
85.497845,27.598266,1604
85.497865,27.598254,1603
85.497888,27.598236,1603
85.497908,27.598221,1603
85.497933,27.598202,1603
85.49795,27.598181,1603
85.497971,27.598164,1602
85.497993,27.598146,1602
85.49801,27.598127,1602
85.498032,27.598114,1602
85.498053,27.598091,1601
85.498069,27.598067,1601
85.498088,27.598049,1601
85.498104,27.598025,1601
85.498115,27.598003,1601
85.498131,27.597985,1600
85.498148,27.597968,1600
85.498166,27.597946,1600
85.498189,27.597932,1600
85.498212,27.597913,1600
85.498238,27.597893,1599
85.498268,27.597879,1599
85.498301,27.59787,1599
85.498325,27.597863,1599
85.49835,27.597858,1598
85.498378,27.597864,1598
85.498405,27.59786,1598
85.498431,27.597859,1598
85.49846,27.597866,1598
85.498492,27.597873,1597
85.498521,27.597881,1597
85.498548,27.597902,1597
85.498569,27.597923,1597
85.49859,27.59795,1596
85.498615,27.597973,1596
85.498644,27.597978,1596
85.498671,27.597963,1596
85.498691,27.597943,1596
85.49871,27.597919,1595
85.498731,27.597899,1595
85.498746,27.597881,1595
85.498771,27.597855,1595
85.498792,27.597836,1594
85.498813,27.597814,1594
85.49884,27.597798,1594
85.498867,27.597785,1594
85.498896,27.597768,1594
85.498925,27.597751,1593
85.498952,27.597737,1593
85.498975,27.597719,1593
85.499,27.597708,1593
85.499027,27.597697,1592
85.499053,27.597687,1592
85.499082,27.597677,1592
85.499108,27.59766,1592
85.499128,27.597638,1592
85.49915,27.597621,1591
85.499176,27.597601,1591
85.4992,27.597579,1591
85.499225,27.597561,1591
85.499239,27.597539,1590
85.499254,27.597518,1590
85.49927,27.597495,1590
85.499281,27.597475,1590
85.499307,27.597459,1590
85.499329,27.597449,1589
85.499359,27.597443,1589
85.499389,27.597442,1589
85.499412,27.597451,1589
85.499427,27.597469,1589
85.499432,27.597493,1589
85.499447,27.597515,1589
85.499465,27.597539,1589
85.499486,27.597556,1589
85.499512,27.597564,1588
85.499534,27.597567,1588
85.499556,27.59757,1588
85.499582,27.597567,1588
85.499613,27.597572,1588
85.499637,27.597569,1588
85.499662,27.597561,1588
85.499688,27.597543,1588
85.499712,27.597521,1588
85.499732,27.597495,1587
85.499749,27.597471,1587
85.499762,27.597446,1587
85.499779,27.597418,1587
85.499796,27.597389,1587
85.499817,27.597363,1587
85.499832,27.597342,1587
85.499847,27.597323,1587
85.499863,27.5973,1586
85.499884,27.597278,1586
85.4999,27.597266,1586
85.49992,27.597239,1586
85.499947,27.597216,1586
85.499965,27.597196,1586
85.499974,27.597176,1586
85.499982,27.597156,1586
85.499993,27.597132,1586
85.500006,27.597107,1585
85.500019,27.597086,1585
85.500044,27.597064,1585
85.500058,27.59704,1585
85.500072,27.597022,1585
85.500089,27.597006,1585
85.500103,27.596988,1585
85.500124,27.596973,1585
85.500148,27.596958,1584
85.500174,27.596947,1584
85.500193,27.596933,1584
85.500218,27.596916,1584
85.500246,27.596902,1583
85.500274,27.596892,1583
85.5003,27.596879,1583
85.500333,27.596872,1583
85.50036,27.596861,1582
85.500389,27.596849,1582
85.500416,27.596842,1582
85.500446,27.596836,1581
85.500473,27.596835,1581
85.500493,27.596832,1581
85.500516,27.596824,1581
85.500541,27.596821,1581
85.500567,27.596831,1580
85.500593,27.596833,1580
85.500621,27.596836,1580
85.500641,27.59684,1580
85.500664,27.596851,1580
85.500685,27.596847,1579
85.500709,27.596834,1579
85.500739,27.596817,1579
85.500767,27.596801,1578
85.500781,27.596789,1578
85.500812,27.596764,1578
85.500828,27.596753,1578
85.500853,27.596729,1577
85.500877,27.596705,1577
85.500896,27.596682,1577
85.500917,27.59666,1577
85.500939,27.596643,1576
85.500968,27.596629,1576
85.500997,27.596624,1576
85.501025,27.596631,1576
85.501046,27.596637,1575
85.50107,27.59664,1575
85.501095,27.596642,1575
85.501115,27.596643,1575
85.501138,27.596652,1574
85.50116,27.596662,1574
85.501184,27.596679,1574
85.501198,27.596692,1574
85.501226,27.596714,1573
85.501249,27.596738,1573
85.501271,27.59675,1573
85.501301,27.596768,1573
85.501319,27.596778,1572
85.501348,27.596792,1572
85.501373,27.596815,1572
85.501392,27.596831,1572
85.50142,27.596841,1571
85.501444,27.596853,1571
85.501474,27.59685,1571
85.501498,27.596853,1571
85.501522,27.596857,1570
85.501558,27.596861,1570
85.501585,27.596868,1570
85.501609,27.596869,1570
85.50163,27.59687,1569
85.501664,27.596859,1569
85.501687,27.596839,1569
85.501698,27.596823,1569
85.501707,27.596793,1568
85.501708,27.596761,1568
85.501701,27.596731,1568
85.501697,27.596706,1568
85.501701,27.596682,1567
85.501705,27.596651,1567
85.501705,27.596619,1567
85.50171,27.596588,1566
85.501716,27.596557,1566
85.501722,27.596522,1566
85.501732,27.596496,1565
85.501742,27.596468,1565
85.501755,27.59644,1565
85.501779,27.596425,1565
85.501801,27.596404,1564
85.501823,27.596382,1564
85.501841,27.596358,1563
85.501852,27.596337,1562
85.501855,27.596313,1562
85.50186,27.596282,1561
85.501864,27.596256,1561
85.501865,27.596232,1560
85.501873,27.596208,1560
85.501884,27.596191,1559
85.501896,27.596171,1559
85.501906,27.596148,1558
85.501924,27.596128,1558
85.501933,27.596107,1557
85.501945,27.596078,1556
85.501958,27.596059,1556
85.501969,27.596043,1555
85.501976,27.596018,1555
85.501985,27.595987,1554
85.501989,27.595959,1554
85.501993,27.595939,1553
85.502004,27.59592,1553
85.502015,27.595898,1552
85.502025,27.595875,1552
85.502034,27.595851,1551
85.502051,27.595829,1550
85.502073,27.595807,1550
85.502095,27.595794,1549
85.502113,27.59578,1549
85.502126,27.595762,1548
85.50214,27.595746,1548
85.502152,27.595728,1547
85.502158,27.595707,1547
85.502168,27.595687,1547
85.502158,27.595711,1545
85.502149,27.595731,1545
85.502154,27.59575,1544
85.502162,27.595772,1544
85.502183,27.595788,1544
85.502201,27.595772,1543
85.502219,27.595751,1543
85.502227,27.595731,1542
85.502225,27.595708,1542
85.502229,27.59569,1542
85.502236,27.595668,1541
85.502255,27.595647,1541
85.502269,27.595629,1540
85.502284,27.595611,1540
85.502304,27.595598,1540
85.502325,27.595585,1539
85.50234,27.595572,1539
85.502351,27.595555,1538
85.502366,27.595533,1538
85.502383,27.595513,1538
85.5024,27.595491,1537
85.502418,27.595473,1537
85.502437,27.59546,1536
85.502453,27.595443,1536
85.502471,27.595424,1535
85.502495,27.595405,1535
85.502516,27.595385,1534
85.502529,27.595366,1534
85.502543,27.59535,1534
85.502556,27.595333,1533
85.502569,27.595316,1533
85.502588,27.595296,1532
85.502608,27.595277,1532
85.502627,27.595258,1532
85.502645,27.595239,1531
85.502664,27.595219,1531
85.502684,27.595196,1530
85.502703,27.595171,1530
85.502723,27.595152,1529
85.502736,27.595132,1529
85.502754,27.595107,1528
85.502777,27.595096,1528
85.5028,27.595081,1527
85.502823,27.595066,1527
85.502842,27.595042,1526
85.502854,27.595023,1526
85.50286,27.595002,1526
85.502868,27.59498,1525
85.502881,27.594961,1525
85.502892,27.59494,1524
85.502902,27.594921,1524
85.502908,27.594897,1523
85.502917,27.594876,1523
85.502923,27.594849,1523
85.50293,27.594824,1522
85.502936,27.5948,1522
85.502937,27.594776,1521
85.502948,27.594748,1521
85.50296,27.594725,1520
85.502977,27.594701,1520
85.502996,27.594679,1519
85.503002,27.594661,1519
85.503009,27.594644,1519
85.503017,27.594621,1518
85.503021,27.594599,1518
85.503032,27.594576,1517
85.503042,27.59455,1517
85.503046,27.594521,1517
85.503044,27.594496,1516
85.503042,27.594472,1516
85.503033,27.594445,1516
85.503028,27.594424,1516
85.503028,27.594399,1516
85.503034,27.594375,1516
85.503045,27.594351,1516
85.503055,27.594328,1516
85.503067,27.594306,1516
85.503073,27.594284,1516
85.503081,27.594262,1516
85.50309,27.594233,1516
85.503096,27.594206,1516
85.503098,27.594178,1516
85.503093,27.594157,1516
85.503087,27.594129,1516
85.50308,27.594102,1516
85.503066,27.594074,1516
85.503058,27.594044,1515
85.50305,27.594022,1515
85.50304,27.593999,1515
85.503032,27.593977,1515
85.503029,27.593954,1515
85.503014,27.593933,1515
85.502998,27.593905,1515
85.502981,27.593874,1515
85.502974,27.593856,1515
85.502975,27.593832,1515
85.502976,27.593806,1515
85.502974,27.593779,1515
85.502968,27.59376,1515
85.502966,27.593737,1515
85.502962,27.593709,1515
85.502963,27.593681,1515
85.502967,27.593656,1514
85.502968,27.593633,1514
85.502974,27.593615,1514
85.50298,27.593595,1514
85.502982,27.593566,1514
85.502984,27.593541,1513
85.502986,27.593519,1513
85.502987,27.593487,1513
85.502985,27.593458,1512
85.502987,27.593428,1512
85.502986,27.593398,1512
85.502992,27.59337,1512
85.502996,27.593346,1511
85.502998,27.593315,1511
85.502996,27.593296,1511
85.502993,27.593266,1511
85.502993,27.593239,1510
85.502982,27.593216,1510
85.502975,27.593193,1510
85.502963,27.59317,1510
85.502945,27.593159,1509
85.502928,27.593139,1509
85.502908,27.593114,1509
85.502897,27.593089,1509
85.502888,27.593068,1508
85.502879,27.593047,1508
85.502874,27.59303,1508
85.502864,27.593012,1508
85.502862,27.592982,1508
85.502859,27.592954,1507
85.502863,27.59293,1507
85.502868,27.592908,1507
85.502873,27.592886,1507
85.502881,27.59286,1506
85.502888,27.592835,1506
85.502899,27.592809,1506
85.502903,27.592783,1506
85.502914,27.592757,1505
85.502929,27.592728,1505
85.502932,27.592705,1505
85.502936,27.592682,1505
85.502951,27.592661,1504
85.502959,27.592636,1504
85.502963,27.592611,1504
85.502959,27.592587,1504
85.502965,27.592556,1503
85.502975,27.592536,1503
85.502984,27.592516,1503
85.502992,27.592495,1503
85.503011,27.592473,1502
85.503028,27.592449,1502
85.503045,27.592418,1502
85.50306,27.592393,1501
85.503069,27.59237,1501
85.503094,27.592352,1501
85.503115,27.592325,1501
85.50314,27.592302,1500
85.503164,27.592276,1500
85.503189,27.592253,1500
85.503205,27.592229,1499
85.50322,27.592207,1499
85.503239,27.592184,1499
85.503255,27.59216,1499
85.50327,27.592139,1498
85.503282,27.59212,1498
85.503294,27.592102,1498
85.503306,27.592081,1498
85.50332,27.592059,1498
85.503334,27.592037,1497
85.503347,27.592015,1497
85.503366,27.591994,1497
85.503383,27.591977,1497
85.5034,27.591961,1496
85.503423,27.591943,1496
85.503447,27.591925,1496
85.503472,27.591905,1496
85.503499,27.591889,1495
85.503526,27.591874,1495
85.503553,27.591865,1495
85.503575,27.591858,1495
85.503599,27.591857,1494
85.503622,27.591859,1494
85.503648,27.591874,1494
85.50368,27.591888,1494
85.503711,27.591898,1493
85.503739,27.591902,1493
85.503768,27.591913,1493
85.503794,27.591923,1492
85.503813,27.591936,1492
85.50384,27.591951,1492
85.503867,27.591962,1492
85.503891,27.59197,1492
85.503916,27.591972,1491
85.503943,27.591971,1491
85.50397,27.591971,1491
85.503997,27.591963,1491
85.504025,27.591948,1491
85.504053,27.591936,1491
85.504081,27.591925,1491
85.504111,27.591912,1491
85.504136,27.591907,1491
85.504161,27.591894,1491
85.504188,27.59188,1491
85.504211,27.59187,1491
85.504235,27.591859,1490
85.504261,27.591845,1490
85.504284,27.59183,1490
85.504306,27.591812,1490
85.504326,27.591792,1490
85.504346,27.591771,1490
85.504369,27.591751,1490
85.504381,27.591733,1490
85.504395,27.591715,1490
85.504413,27.591697,1490
85.504432,27.591675,1490
85.504449,27.591651,1489
85.504458,27.591625,1489
85.504466,27.591601,1489
85.504472,27.591583,1489
85.504477,27.591556,1489
85.504478,27.59153,1489
85.504475,27.591508,1489
85.504473,27.591483,1489
85.504478,27.591461,1489
85.504481,27.591436,1489
85.504486,27.591413,1489
85.504491,27.591384,1489
85.504502,27.591354,1488
85.504508,27.591329,1488
85.504515,27.591302,1488
85.504525,27.591274,1488
85.504531,27.59125,1488
85.504533,27.591223,1488
85.504541,27.591196,1488
85.504548,27.591171,1488
85.504554,27.591153,1488
85.504573,27.591132,1488
85.504592,27.591112,1488
85.504612,27.591089,1488
85.504637,27.59107,1487
85.504662,27.591055,1487
85.504688,27.591036,1487
85.504715,27.591021,1487
85.504744,27.591007,1487
85.504775,27.591001,1487
85.504805,27.590991,1487
85.504833,27.590987,1487
85.504857,27.590979,1487
85.504881,27.590964,1487
85.504907,27.590952,1487
85.504934,27.590939,1486
85.504962,27.590929,1486
85.504986,27.59092,1486
85.505014,27.590914,1486
85.505048,27.590906,1486
85.505073,27.590894,1486
85.505098,27.590883,1486
85.505124,27.59087,1486
85.505147,27.590859,1486
85.50517,27.590848,1486
85.505197,27.590836,1486
85.505225,27.590825,1486
85.505252,27.590814,1485
85.505276,27.590802,1485
85.505298,27.590792,1485
85.505322,27.590779,1485
85.505346,27.590761,1485
85.505371,27.590744,1485
85.5054,27.590723,1485
85.50543,27.590706,1485
85.505455,27.59069,1485
85.505481,27.590675,1485
85.505495,27.590661,1485
85.505516,27.590647,1484
85.505542,27.590633,1484
85.505566,27.59062,1484
85.505584,27.590604,1484
85.505607,27.590591,1484
85.505627,27.590578,1484
85.505644,27.590557,1484
85.505668,27.590537,1484
85.50569,27.590522,1484
85.505715,27.590504,1484
85.505736,27.590488,1484
85.505754,27.590469,1484
85.505769,27.59045,1483
85.505781,27.590426,1483
85.505796,27.590402,1483
85.505811,27.590379,1483
85.505828,27.590354,1483
85.505842,27.590332,1483
85.505848,27.590312,1483
85.505857,27.590294,1483
85.505868,27.590273,1483
85.505881,27.59025,1483
85.505892,27.590226,1483
85.505906,27.590198,1483
85.505921,27.590173,1483
85.505939,27.590149,1482
85.505957,27.590124,1482
85.505973,27.5901,1482
85.505989,27.59007,1482
85.505998,27.590046,1482
85.50601,27.590022,1482
85.506024,27.589997,1482
85.506035,27.589979,1482
85.506049,27.589957,1482
85.506064,27.589935,1482
85.506079,27.589911,1481
85.50609,27.589891,1480
85.506082,27.589873,1479
85.506104,27.589857,1478
85.506133,27.58984,1476
85.50616,27.58983,1475
85.506189,27.589821,1475
85.506213,27.589812,1475
85.506244,27.589804,1475
85.506275,27.589793,1475
85.506304,27.589787,1475
85.506327,27.589775,1475
85.506336,27.589771,1475
85.506346,27.589766,1475
85.506366,27.589753,1475
85.506385,27.589741,1475
85.506406,27.589731,1475
85.50643,27.589721,1475
85.506456,27.589709,1475
85.50648,27.589699,1475
85.506504,27.589692,1475
85.506533,27.58968,1475
85.506562,27.58967,1475
85.506592,27.58966,1475
85.506614,27.589649,1475
</coordinates>
</LineString>
</Placemark>
</Folder>
</Document>
</kml>
