<?xml version="1.0" encoding="UTF-8"?>
<kml xmlns="http://www.opengis.net/kml/2.2">
<Document>
<name>WNW_40.Gosaainkunda</name>
<description/>
<Style id="icon-1899-DB4436-nodesc-normal">
<IconStyle>
<color>ff3644db</color>
<scale>1</scale>
<Icon>
<href>https://www.gstatic.com/mapspro/images/stock/503-wht-blank_maps.png</href>
</Icon>
<hotSpot x="32" xunits="pixels" y="64" yunits="insetPixels"/>
</IconStyle>
<LabelStyle>
<scale>0</scale>
</LabelStyle>
<BalloonStyle>
<text><![CDATA[<h3>$[name]</h3>]]></text>
</BalloonStyle>
</Style>
<Style id="icon-1899-DB4436-nodesc-highlight">
<IconStyle>
<color>ff3644db</color>
<scale>1</scale>
<Icon>
<href>https://www.gstatic.com/mapspro/images/stock/503-wht-blank_maps.png</href>
</Icon>
<hotSpot x="32" xunits="pixels" y="64" yunits="insetPixels"/>
</IconStyle>
<LabelStyle>
<scale>1</scale>
</LabelStyle>
<BalloonStyle>
<text><![CDATA[<h3>$[name]</h3>]]></text>
</BalloonStyle>
</Style>
<StyleMap id="icon-1899-DB4436-nodesc">
<Pair>
<key>normal</key>
<styleUrl>#icon-1899-DB4436-nodesc-normal</styleUrl>
</Pair>
<Pair>
<key>highlight</key>
<styleUrl>#icon-1899-DB4436-nodesc-highlight</styleUrl>
</Pair>
</StyleMap>
<Style id="line-FF0000-2000-nodesc-normal">
<LineStyle>
<color>ff0000ff</color>
<width>2</width>
</LineStyle>
<BalloonStyle>
<text><![CDATA[<h3>$[name]</h3>]]></text>
</BalloonStyle>
</Style>
<Style id="line-FF0000-2000-nodesc-highlight">
<LineStyle>
<color>ff0000ff</color>
<width>3</width>
</LineStyle>
<BalloonStyle>
<text><![CDATA[<h3>$[name]</h3>]]></text>
</BalloonStyle>
</Style>
<StyleMap id="line-FF0000-2000-nodesc">
<Pair>
<key>normal</key>
<styleUrl>#line-FF0000-2000-nodesc-normal</styleUrl>
</Pair>
<Pair>
<key>highlight</key>
<styleUrl>#line-FF0000-2000-nodesc-highlight</styleUrl>
</Pair>
</StyleMap>
<Folder>
<name>Points</name>
<Placemark>
<name>km19</name>
<styleUrl>#icon-1899-DB4436-nodesc</styleUrl>
<Point>
<coordinates>
85.328705,28.100116,0
</coordinates>
</Point>
</Placemark>
<Placemark>
<name>km23</name>
<styleUrl>#icon-1899-DB4436-nodesc</styleUrl>
<Point>
<coordinates>
85.308708,28.104955,0
</coordinates>
</Point>
</Placemark>
<Placemark>
<name>km18</name>
<styleUrl>#icon-1899-DB4436-nodesc</styleUrl>
<Point>
<coordinates>
85.324387,28.104118,0
</coordinates>
</Point>
</Placemark>
<Placemark>
<name>km17</name>
<styleUrl>#icon-1899-DB4436-nodesc</styleUrl>
<Point>
<coordinates>
85.328627,28.106995,0
</coordinates>
</Point>
</Placemark>
<Placemark>
<name>km22</name>
<styleUrl>#icon-1899-DB4436-nodesc</styleUrl>
<Point>
<coordinates>
85.315133,28.099444,0
</coordinates>
</Point>
</Placemark>
<Placemark>
<name>km06</name>
<styleUrl>#icon-1899-DB4436-nodesc</styleUrl>
<Point>
<coordinates>
85.40212,28.084977,0
</coordinates>
</Point>
</Placemark>
<Placemark>
<name>km11</name>
<styleUrl>#icon-1899-DB4436-nodesc</styleUrl>
<Point>
<coordinates>
85.371974,28.099118,0
</coordinates>
</Point>
</Placemark>
<Placemark>
<name>km00</name>
<styleUrl>#icon-1899-DB4436-nodesc</styleUrl>
<Point>
<coordinates>
85.40992,28.083865,0
</coordinates>
</Point>
</Placemark>
<Placemark>
<name>km16</name>
<styleUrl>#icon-1899-DB4436-nodesc</styleUrl>
<Point>
<coordinates>
85.33361,28.110202,0
</coordinates>
</Point>
</Placemark>
<Placemark>
<name>km13</name>
<styleUrl>#icon-1899-DB4436-nodesc</styleUrl>
<Point>
<coordinates>
85.35701,28.105264,0
</coordinates>
</Point>
</Placemark>
<Placemark>
<name>km15</name>
<styleUrl>#icon-1899-DB4436-nodesc</styleUrl>
<Point>
<coordinates>
85.341548,28.110783,0
</coordinates>
</Point>
</Placemark>
<Placemark>
<name>km12</name>
<styleUrl>#icon-1899-DB4436-nodesc</styleUrl>
<Point>
<coordinates>
85.365429,28.103366,0
</coordinates>
</Point>
</Placemark>
<Placemark>
<name>km09</name>
<styleUrl>#icon-1899-DB4436-nodesc</styleUrl>
<Point>
<coordinates>
85.382732,28.091203,0
</coordinates>
</Point>
</Placemark>
<Placemark>
<name>km21</name>
<styleUrl>#icon-1899-DB4436-nodesc</styleUrl>
<Point>
<coordinates>
85.321292,28.097945,0
</coordinates>
</Point>
</Placemark>
<Placemark>
<name>km10</name>
<styleUrl>#icon-1899-DB4436-nodesc</styleUrl>
<Point>
<coordinates>
85.376642,28.09361,0
</coordinates>
</Point>
</Placemark>
<Placemark>
<name>km02</name>
<styleUrl>#icon-1899-DB4436-nodesc</styleUrl>
<Point>
<coordinates>
85.420628,28.079876,0
</coordinates>
</Point>
</Placemark>
<Placemark>
<name>km25</name>
<styleUrl>#icon-1899-DB4436-nodesc</styleUrl>
<Point>
<coordinates>
85.299493,28.11139,0
</coordinates>
</Point>
</Placemark>
<Placemark>
<name>km05</name>
<styleUrl>#icon-1899-DB4436-nodesc</styleUrl>
<Point>
<coordinates>
85.409691,28.083787,0
</coordinates>
</Point>
</Placemark>
<Placemark>
<name>km04</name>
<styleUrl>#icon-1899-DB4436-nodesc</styleUrl>
<Point>
<coordinates>
85.409118,28.086733,0
</coordinates>
</Point>
</Placemark>
<Placemark>
<name>km01</name>
<styleUrl>#icon-1899-DB4436-nodesc</styleUrl>
<Point>
<coordinates>
85.416578,28.083505,0
</coordinates>
</Point>
</Placemark>
<Placemark>
<name>km14</name>
<styleUrl>#icon-1899-DB4436-nodesc</styleUrl>
<Point>
<coordinates>
85.347901,28.106054,0
</coordinates>
</Point>
</Placemark>
<Placemark>
<name>km08</name>
<styleUrl>#icon-1899-DB4436-nodesc</styleUrl>
<Point>
<coordinates>
85.389493,28.087521,0
</coordinates>
</Point>
</Placemark>
<Placemark>
<name>km20</name>
<styleUrl>#icon-1899-DB4436-nodesc</styleUrl>
<Point>
<coordinates>
85.326061,28.0973,0
</coordinates>
</Point>
</Placemark>
<Placemark>
<name>km24</name>
<styleUrl>#icon-1899-DB4436-nodesc</styleUrl>
<Point>
<coordinates>
85.301092,28.110289,0
</coordinates>
</Point>
</Placemark>
<Placemark>
<name>km07</name>
<styleUrl>#icon-1899-DB4436-nodesc</styleUrl>
<Point>
<coordinates>
85.396361,28.085533,0
</coordinates>
</Point>
</Placemark>
<Placemark>
<name>km03</name>
<styleUrl>#icon-1899-DB4436-nodesc</styleUrl>
<Point>
<coordinates>
85.413059,28.084225,0
</coordinates>
</Point>
</Placemark>
</Folder>
<Folder>
<name>LineStrings</name>
<Placemark>
<name>Surya kunda</name>
<styleUrl>#line-FF0000-2000-nodesc</styleUrl>
<LineString>
<tessellate>1</tessellate>
<coordinates>
85.409928,28.08387,4413
85.409929,28.083872,4413
85.409924,28.083882,4413
85.40992,28.083896,4413
85.409917,28.083911,4413
85.409914,28.083926,4413
85.409916,28.083935,4413
85.409918,28.083941,4413
85.409922,28.083946,4413
85.409926,28.083949,4413
85.409934,28.083951,4413
85.409941,28.083952,4413
85.409951,28.083953,4413
85.409959,28.083955,4412
85.409966,28.083957,4412
85.40997,28.083963,4412
85.409974,28.083971,4412
85.409979,28.083976,4412
85.409985,28.083981,4412
85.40999,28.083985,4412
85.409996,28.083988,4412
85.410003,28.083989,4412
85.41001,28.083991,4412
85.410018,28.083991,4412
85.410025,28.083991,4412
85.410032,28.083991,4412
85.41004,28.08399,4412
85.410047,28.083989,4412
85.410053,28.083988,4412
85.410061,28.083987,4412
85.410068,28.083986,4412
85.410075,28.083984,4412
85.410082,28.083981,4412
85.410089,28.083979,4412
85.410096,28.083977,4412
85.410103,28.083976,4412
85.410109,28.083975,4412
85.410116,28.083975,4412
85.41012,28.083977,4412
85.410126,28.083978,4412
85.410131,28.083978,4412
85.410138,28.083976,4412
85.410146,28.083974,4412
85.410154,28.08397,4412
85.410162,28.083967,4412
85.410171,28.083961,4412
85.41018,28.083955,4412
85.410191,28.083949,4412
85.410201,28.083946,4412
85.410211,28.083944,4412
85.410222,28.083941,4412
85.410231,28.083937,4412
85.410241,28.083934,4412
85.410252,28.08393,4412
85.410262,28.083927,4412
85.410272,28.083924,4412
85.410281,28.083921,4412
85.410291,28.08392,4412
85.4103,28.083919,4412
85.410308,28.083918,4412
85.410325,28.08391,4412
85.410324,28.083909,4412
85.410321,28.083906,4412
85.410318,28.083902,4412
85.410315,28.083898,4412
85.410312,28.083894,4412
85.410312,28.08389,4412
85.410313,28.083887,4412
85.410315,28.083886,4412
85.410333,28.083882,4412
85.410339,28.083882,4412
85.410348,28.083882,4412
85.41036,28.083883,4412
85.410375,28.083884,4412
85.410392,28.083886,4411
85.410411,28.08389,4411
85.410429,28.083894,4411
85.410447,28.083899,4411
85.410465,28.083903,4411
85.41048,28.083907,4411
85.410493,28.083911,4411
85.410506,28.083915,4411
85.410518,28.083918,4411
85.410529,28.083922,4411
85.410539,28.083926,4411
85.410549,28.083928,4410
85.410558,28.083931,4410
85.410568,28.083933,4410
85.410578,28.083935,4410
85.410588,28.083938,4410
85.410597,28.08394,4410
85.410603,28.083944,4410
85.410611,28.083949,4410
85.410619,28.083953,4410
85.410626,28.083957,4410
85.410632,28.083958,4410
85.410639,28.083959,4410
85.410646,28.083959,4410
85.410653,28.083958,4410
85.410659,28.083956,4409
85.410667,28.083953,4409
85.410677,28.083951,4409
85.410686,28.083948,4409
85.410693,28.083946,4409
85.4107,28.083943,4409
85.410707,28.083943,4409
85.410714,28.083944,4409
85.41072,28.083946,4409
85.410724,28.083948,4409
85.410728,28.083951,4408
85.410732,28.083953,4408
85.410739,28.083957,4408
85.410748,28.083963,4408
85.410762,28.083975,4408
85.410763,28.083974,4408
85.410767,28.083974,4408
85.41077,28.083973,4407
85.410773,28.083971,4407
85.410776,28.083969,4407
85.410778,28.083966,4407
85.410778,28.083964,4407
85.410777,28.083961,4407
85.410776,28.083959,4407
85.410774,28.083956,4407
85.410772,28.083952,4407
85.410772,28.083948,4407
85.410785,28.083937,4406
85.410788,28.083936,4406
85.410795,28.083936,4406
85.410803,28.083933,4406
85.410811,28.08393,4406
85.410819,28.083926,4406
85.410827,28.083921,4406
85.410834,28.083915,4406
85.41084,28.08391,4406
85.410847,28.083905,4406
85.410851,28.0839,4406
85.410854,28.083895,4406
85.410857,28.083891,4406
85.410862,28.08389,4406
85.410865,28.083891,4406
85.410864,28.08389,4406
85.410863,28.083889,4406
85.41086,28.083888,4406
85.410853,28.08388,4406
85.410852,28.083877,4406
85.41085,28.083871,4406
85.41085,28.083869,4406
85.410849,28.083867,4406
85.410848,28.083856,4406
85.410847,28.083851,4406
85.410837,28.083851,4406
85.410832,28.083851,4406
85.41083,28.083837,4406
85.41083,28.083836,4406
85.410849,28.083832,4406
85.410853,28.083833,4406
85.410865,28.083834,4406
85.41088,28.083835,4406
85.410893,28.083838,4406
85.410907,28.08384,4406
85.410924,28.083841,4406
85.41094,28.083842,4406
85.410955,28.083842,4406
85.41097,28.083842,4406
85.410982,28.083841,4406
85.410993,28.083841,4406
85.411003,28.08384,4406
85.411012,28.083839,4406
85.411021,28.083837,4406
85.411029,28.083836,4406
85.411035,28.083837,4406
85.411044,28.083838,4406
85.411055,28.08384,4406
85.411065,28.083844,4406
85.411073,28.083845,4406
85.411082,28.083846,4406
85.411092,28.083846,4406
85.4111,28.083843,4406
85.411103,28.08384,4406
85.411109,28.083835,4406
85.411117,28.083831,4406
85.411123,28.083828,4406
85.411129,28.083823,4406
85.411135,28.083818,4406
85.411138,28.083812,4406
85.41114,28.083808,4406
85.411143,28.083804,4406
85.411146,28.083801,4406
85.411149,28.083798,4406
85.411151,28.083795,4406
85.411154,28.083791,4406
85.411156,28.083786,4406
85.411159,28.083783,4406
85.411162,28.08378,4406
85.411174,28.083776,4406
85.411175,28.083776,4406
85.411179,28.083778,4406
85.411184,28.08378,4406
85.4112,28.083786,4406
85.411203,28.083786,4406
85.411206,28.083787,4406
85.411212,28.083789,4406
85.411218,28.08379,4406
85.411225,28.083792,4406
85.411232,28.083793,4406
85.411239,28.083794,4406
85.411245,28.083794,4406
85.41125,28.083795,4406
85.411254,28.083794,4406
85.411258,28.083794,4406
85.411262,28.083791,4406
85.411265,28.083787,4406
85.411267,28.083783,4406
85.411268,28.083779,4406
85.411269,28.083778,4406
85.411272,28.083779,4406
85.411277,28.08378,4406
85.411282,28.083782,4406
85.411287,28.083782,4406
85.411293,28.083782,4406
85.4113,28.08378,4406
85.411308,28.083778,4406
85.411316,28.083777,4406
85.411324,28.083777,4406
85.411332,28.083778,4406
85.411341,28.083778,4406
85.411351,28.083781,4406
85.411361,28.083784,4406
85.411369,28.083788,4406
85.411378,28.08379,4406
85.411386,28.083793,4406
85.411394,28.083797,4406
85.411402,28.0838,4406
85.411411,28.083804,4406
85.41142,28.083808,4406
85.411429,28.083811,4406
85.411439,28.083816,4406
85.411448,28.083821,4406
85.411457,28.083826,4406
85.411466,28.08383,4406
85.411475,28.083837,4406
85.411484,28.083841,4406
85.411493,28.083845,4406
85.411501,28.083848,4406
85.411509,28.083851,4406
85.411516,28.083856,4406
85.411524,28.083861,4406
85.411533,28.083867,4406
85.411542,28.083874,4406
85.411551,28.08388,4406
85.411559,28.083886,4406
85.411568,28.083893,4406
85.411575,28.083899,4406
85.411582,28.083906,4406
85.411589,28.083914,4406
85.411596,28.083921,4406
85.411601,28.083928,4406
85.411607,28.083936,4406
85.411612,28.083942,4406
85.411618,28.083948,4406
85.411622,28.083954,4406
85.411628,28.083961,4406
85.411634,28.083969,4406
85.411642,28.083976,4406
85.41165,28.083984,4406
85.411657,28.083991,4406
85.411663,28.083999,4406
85.411671,28.084006,4406
85.411679,28.084013,4406
85.411688,28.084019,4406
85.411696,28.084025,4406
85.411704,28.084029,4406
85.411712,28.084033,4406
85.41172,28.084038,4406
85.411728,28.084043,4406
85.411735,28.084049,4406
85.411741,28.084055,4406
85.411745,28.08406,4406
85.411749,28.084065,4406
85.411753,28.08407,4406
85.411756,28.084074,4406
85.411758,28.084079,4406
85.411761,28.084085,4406
85.411765,28.08409,4406
85.411771,28.084097,4406
85.411777,28.084101,4406
85.411785,28.084105,4406
85.411794,28.084108,4406
85.411803,28.084111,4406
85.411812,28.084114,4406
85.411823,28.084116,4406
85.411831,28.084118,4406
85.411837,28.084119,4406
85.411862,28.084121,4406
85.411863,28.084121,4406
85.411868,28.084123,4406
85.411874,28.084126,4406
85.411881,28.084129,4406
85.411889,28.084133,4406
85.411899,28.084137,4406
85.41191,28.084141,4406
85.411921,28.084144,4406
85.411932,28.084148,4406
85.411942,28.084151,4406
85.411952,28.084155,4406
85.411962,28.084159,4406
85.411973,28.084163,4406
85.411984,28.084168,4406
85.411994,28.084173,4406
85.412003,28.084178,4406
85.412012,28.084182,4406
85.412022,28.084186,4406
85.412031,28.08419,4406
85.41204,28.084192,4406
85.412049,28.084194,4406
85.412058,28.084197,4406
85.412065,28.084201,4406
85.412072,28.084206,4406
85.412079,28.084212,4406
85.412087,28.084219,4406
85.412095,28.084225,4406
85.412105,28.08423,4406
85.412113,28.084234,4406
85.412123,28.084237,4406
85.412133,28.08424,4406
85.412144,28.084243,4406
85.412155,28.084245,4406
85.412165,28.084247,4406
85.412175,28.084248,4406
85.412184,28.084248,4406
85.412194,28.084248,4406
85.412204,28.08425,4406
85.412216,28.084252,4406
85.412229,28.084254,4406
85.412241,28.084258,4406
85.412254,28.084261,4406
85.412267,28.084263,4406
85.412281,28.084266,4406
85.412294,28.084267,4406
85.412305,28.084268,4406
85.412316,28.084268,4406
85.412326,28.084267,4406
85.412333,28.084266,4406
85.412355,28.084269,4406
85.412358,28.08427,4406
85.412364,28.084272,4406
85.412373,28.084273,4406
85.412382,28.084274,4406
85.412392,28.084274,4406
85.412402,28.084274,4406
85.412413,28.084275,4406
85.412423,28.084275,4406
85.412434,28.084275,4406
85.412444,28.084275,4406
85.412455,28.084275,4406
85.412467,28.084274,4406
85.412478,28.084273,4406
85.41249,28.084272,4406
85.4125,28.08427,4406
85.41251,28.084268,4406
85.41252,28.084265,4406
85.41253,28.084263,4406
85.412542,28.084262,4406
85.412552,28.084261,4406
85.412562,28.084259,4406
85.412573,28.084258,4406
85.412585,28.08426,4406
85.412599,28.084261,4406
85.412613,28.084263,4406
85.412624,28.084266,4406
85.412635,28.084268,4406
85.412647,28.084269,4406
85.412659,28.084271,4406
85.412673,28.084272,4406
85.412684,28.084273,4406
85.412695,28.084273,4406
85.412704,28.084272,4406
85.412714,28.08427,4406
85.412724,28.084269,4406
85.412733,28.084267,4406
85.412742,28.084266,4406
85.412751,28.084266,4406
85.412761,28.084266,4406
85.41277,28.084267,4406
85.412779,28.084267,4406
85.412789,28.084267,4406
85.412799,28.084266,4406
85.41281,28.084266,4406
85.41282,28.084264,4406
85.412832,28.084262,4406
85.412842,28.084261,4406
85.41285,28.084259,4406
85.412859,28.084257,4406
85.412868,28.084255,4406
85.412876,28.084253,4406
85.412883,28.084251,4406
85.41289,28.084248,4406
85.412897,28.084247,4406
85.412904,28.084246,4406
85.412912,28.084246,4406
85.41292,28.084245,4406
85.412929,28.084245,4406
85.412938,28.084245,4406
85.412946,28.084244,4406
85.412956,28.084243,4406
85.412965,28.08424,4406
85.412974,28.084237,4406
85.412983,28.084235,4406
85.412993,28.084234,4406
85.413002,28.084233,4406
85.41301,28.084232,4406
85.413019,28.08423,4406
85.413029,28.084228,4406
85.413038,28.084227,4406
85.413048,28.084226,4406
85.413059,28.084225,4406
85.41307,28.084223,4406
85.41308,28.08422,4406
85.413092,28.084219,4406
85.413103,28.084218,4406
85.413113,28.084217,4406
85.413123,28.084216,4406
85.413133,28.084214,4406
85.413142,28.084211,4406
85.413152,28.084208,4406
85.413161,28.084205,4406
85.413172,28.084203,4406
85.413182,28.084203,4406
85.413192,28.084202,4406
85.413202,28.084203,4406
85.413212,28.084205,4406
85.413223,28.084207,4406
85.413233,28.084209,4406
85.413243,28.084211,4406
85.413254,28.084211,4406
85.413267,28.084212,4406
85.413278,28.084211,4406
85.413288,28.084209,4406
85.413298,28.084206,4406
85.413308,28.084203,4406
85.413318,28.0842,4406
85.413326,28.084198,4406
85.413335,28.084195,4406
85.413343,28.084194,4406
85.41335,28.084193,4406
85.413375,28.08419,4406
85.413377,28.08419,4406
85.413381,28.08419,4406
85.413388,28.084188,4406
85.413395,28.084188,4406
85.413403,28.084189,4406
85.413411,28.08419,4406
85.413419,28.084192,4406
85.413429,28.084193,4406
85.413438,28.084194,4406
85.413448,28.084195,4406
85.413457,28.084197,4406
85.413467,28.084198,4406
85.413477,28.084198,4406
85.413487,28.084197,4406
85.413497,28.084198,4406
85.413508,28.084197,4406
85.413518,28.084197,4406
85.413529,28.084197,4406
85.41354,28.084198,4406
85.413552,28.084198,4406
85.413563,28.084199,4406
85.413573,28.084199,4406
85.413583,28.084199,4406
85.413595,28.084198,4406
85.413606,28.084198,4406
85.413619,28.084196,4406
85.41363,28.084195,4406
85.413642,28.084193,4406
85.413654,28.084191,4406
85.413665,28.084189,4406
85.413677,28.084187,4406
85.413688,28.084186,4406
85.4137,28.084186,4406
85.413711,28.084187,4406
85.413722,28.084187,4406
85.413733,28.084186,4406
85.413744,28.084185,4406
85.413752,28.084183,4406
85.413759,28.084181,4406
85.413775,28.084178,4406
85.413778,28.084179,4406
85.413783,28.084179,4406
85.41379,28.084178,4406
85.413798,28.084177,4406
85.413808,28.084176,4406
85.413818,28.084176,4406
85.413829,28.084176,4406
85.413841,28.084176,4406
85.413853,28.084176,4406
85.413865,28.084175,4406
85.413876,28.084173,4406
85.413888,28.084171,4406
85.413901,28.084169,4406
85.413914,28.084167,4406
85.413926,28.084165,4406
85.413937,28.084164,4406
85.413949,28.084164,4406
85.413962,28.084164,4406
85.413974,28.084161,4406
85.413985,28.084158,4406
85.413996,28.084155,4406
85.414005,28.084153,4406
85.414017,28.08415,4406
85.414028,28.084148,4406
85.414039,28.084146,4406
85.414049,28.084144,4406
85.414059,28.084141,4406
85.414069,28.084139,4406
85.414079,28.084136,4406
85.414091,28.084134,4406
85.414103,28.084132,4406
85.414115,28.08413,4406
85.414126,28.084127,4406
85.414139,28.084124,4406
85.414151,28.084121,4406
85.414162,28.084119,4406
85.414174,28.084117,4406
85.414185,28.084115,4406
85.414198,28.084113,4406
85.41421,28.084111,4406
85.414222,28.084108,4406
85.414232,28.084107,4406
85.414243,28.084104,4406
85.414254,28.084102,4406
85.414265,28.0841,4406
85.414275,28.084098,4406
85.414286,28.084096,4406
85.414298,28.084094,4406
85.414309,28.084092,4406
85.414321,28.084089,4406
85.414333,28.084087,4406
85.414345,28.084085,4406
85.414356,28.084082,4406
85.414367,28.084082,4406
85.414376,28.08408,4406
85.414382,28.084079,4406
85.414392,28.084075,4406
85.414392,28.084072,4406
85.414392,28.08407,4406
85.414392,28.084069,4406
85.414395,28.08406,4406
85.4144,28.084055,4406
85.414405,28.084053,4406
85.414414,28.084049,4406
85.414426,28.084044,4406
85.414439,28.084039,4406
85.414456,28.084034,4406
85.414472,28.08403,4406
85.414488,28.084024,4406
85.414504,28.08402,4406
85.41452,28.084017,4406
85.414535,28.084017,4406
85.414551,28.084017,4406
85.414565,28.084017,4406
85.414577,28.08402,4406
85.414589,28.084024,4406
85.414601,28.084028,4406
85.414613,28.084031,4406
85.414624,28.084033,4406
85.414636,28.084034,4406
85.414647,28.084035,4406
85.414659,28.084037,4406
85.41467,28.084038,4406
85.414681,28.084041,4406
85.414692,28.084042,4406
85.414703,28.084043,4406
85.414713,28.084042,4406
85.414725,28.084042,4406
85.414738,28.084042,4406
85.41475,28.084042,4406
85.414762,28.084044,4406
85.414775,28.084047,4406
85.414788,28.084051,4406
85.414801,28.084055,4406
85.414813,28.084058,4406
85.414823,28.084061,4406
85.414835,28.084063,4406
85.414847,28.084064,4406
85.414858,28.084062,4406
85.414869,28.084061,4406
85.414881,28.084059,4406
85.414892,28.084059,4406
85.414904,28.084061,4406
85.414915,28.084063,4406
85.414926,28.084065,4406
85.414937,28.084068,4406
85.414948,28.084071,4406
85.41496,28.084074,4406
85.414972,28.084078,4406
85.414984,28.084082,4406
85.414997,28.084085,4406
85.41501,28.084086,4406
85.415023,28.084087,4406
85.415035,28.084088,4406
85.415048,28.084089,4406
85.41506,28.084089,4406
85.415072,28.084089,4406
85.415083,28.084089,4406
85.415094,28.084091,4406
85.415105,28.084093,4406
85.415117,28.084095,4406
85.415129,28.084096,4406
85.41514,28.084095,4406
85.41515,28.084095,4406
85.41516,28.084095,4406
85.41517,28.084096,4406
85.415181,28.084097,4406
85.41519,28.084098,4406
85.415201,28.0841,4406
85.415211,28.084101,4406
85.415222,28.084102,4406
85.415231,28.084102,4406
85.415239,28.084104,4406
85.415246,28.084105,4406
85.415251,28.084105,4407
85.415256,28.084104,4407
85.415259,28.084103,4407
85.41526,28.084102,4407
85.415263,28.084101,4407
85.415271,28.084099,4407
85.415281,28.084096,4407
85.415294,28.084093,4407
85.415307,28.08409,4408
85.415321,28.084086,4408
85.415334,28.084083,4408
85.415348,28.084079,4408
85.41536,28.084075,4409
85.41537,28.084069,4409
85.415381,28.084066,4409
85.415391,28.084062,4409
85.415402,28.084059,4409
85.415412,28.084055,4409
85.415423,28.084053,4410
85.415433,28.084049,4410
85.415442,28.084045,4410
85.415449,28.08404,4410
85.415457,28.084035,4410
85.415465,28.084028,4411
85.415471,28.084022,4411
85.415477,28.084017,4411
85.415483,28.084013,4411
85.41549,28.084009,4411
85.415496,28.084006,4411
85.415503,28.084004,4411
85.415508,28.084002,4411
85.415512,28.084,4412
85.415517,28.083996,4412
85.415517,28.083995,4412
85.41552,28.083994,4412
85.415526,28.083993,4412
85.415532,28.083991,4412
85.415539,28.083988,4412
85.415547,28.083984,4412
85.415554,28.08398,4412
85.415561,28.083976,4413
85.415567,28.083973,4413
85.415573,28.083969,4413
85.415579,28.083964,4413
85.415586,28.083959,4413
85.415593,28.083954,4413
85.4156,28.083949,4413
85.415606,28.083945,4413
85.415624,28.083932,4414
85.415625,28.083931,4414
85.415629,28.08393,4414
85.415634,28.083927,4414
85.41564,28.083925,4414
85.415645,28.083923,4414
85.415649,28.083922,4414
85.415653,28.083921,4414
85.415658,28.083921,4415
85.415662,28.083921,4415
85.415667,28.083921,4415
85.415672,28.083919,4415
85.415677,28.083917,4415
85.415682,28.083915,4415
85.415686,28.083913,4415
85.41569,28.083911,4415
85.415694,28.083909,4415
85.415699,28.083907,4415
85.415702,28.083904,4415
85.415703,28.083903,4415
85.415706,28.083903,4415
85.41571,28.083902,4415
85.415714,28.083901,4416
85.415719,28.083902,4416
85.415724,28.083902,4416
85.415729,28.083902,4416
85.415735,28.083903,4416
85.415739,28.083904,4416
85.415744,28.083904,4416
85.415752,28.083904,4416
85.415755,28.083901,4416
85.415756,28.0839,4416
85.415756,28.083899,4416
85.415756,28.083897,4416
85.41576,28.083891,4417
85.415765,28.08389,4417
85.415773,28.083887,4417
85.415783,28.083884,4417
85.415796,28.083879,4417
85.415809,28.083875,4417
85.415823,28.083871,4418
85.415837,28.083867,4418
85.415851,28.083864,4418
85.415866,28.083861,4418
85.415879,28.083859,4419
85.41589,28.083857,4419
85.4159,28.083855,4419
85.415907,28.083852,4419
85.415914,28.08385,4419
85.41592,28.083847,4419
85.415926,28.083846,4419
85.415931,28.083844,4420
85.415936,28.083843,4420
85.415949,28.083841,4420
85.415953,28.083842,4420
85.415958,28.083842,4420
85.415964,28.083842,4420
85.415969,28.083842,4420
85.415975,28.083842,4420
85.415982,28.08384,4420
85.415988,28.083838,4421
85.415993,28.083836,4421
85.415997,28.083833,4421
85.416002,28.08383,4421
85.416005,28.083827,4421
85.416008,28.083822,4421
85.416011,28.08382,4421
85.416015,28.083817,4421
85.416018,28.083813,4421
85.416022,28.083808,4421
85.416027,28.083802,4422
85.416033,28.083797,4422
85.416038,28.083793,4422
85.416042,28.08379,4422
85.416046,28.083787,4422
85.41605,28.083779,4422
85.416062,28.083776,4422
85.416064,28.083774,4422
85.416069,28.083769,4423
85.416076,28.083764,4423
85.416084,28.083759,4423
85.416093,28.083754,4423
85.416102,28.083749,4423
85.416111,28.083745,4423
85.41612,28.083742,4424
85.416129,28.083738,4424
85.416149,28.083729,4424
85.41616,28.083731,4424
85.416162,28.083733,4424
85.416162,28.083735,4424
85.416165,28.083746,4425
85.416166,28.083746,4425
85.416167,28.083746,4425
85.416177,28.083748,4425
85.416178,28.083748,4425
85.416177,28.083754,4425
85.416177,28.083744,4425
85.41618,28.083738,4425
85.416181,28.083738,4425
85.416183,28.083738,4425
85.416186,28.083738,4425
85.416189,28.083738,4425
85.4162,28.083739,4426
85.416204,28.083743,4426
85.416207,28.083738,4426
85.416209,28.083719,4426
85.416212,28.083716,4426
85.416215,28.083715,4426
85.416224,28.083713,4426
85.416227,28.083712,4427
85.416234,28.083711,4427
85.416243,28.083707,4427
85.416253,28.083704,4427
85.416262,28.0837,4427
85.416271,28.083696,4427
85.41628,28.083693,4428
85.416288,28.08369,4428
85.416296,28.083688,4428
85.416319,28.083683,4428
85.41632,28.083683,4428
85.416329,28.083676,4428
85.416332,28.083671,4429
85.416332,28.08367,4429
85.416332,28.083669,4429
85.416332,28.083666,4429
85.416335,28.083653,4429
85.416336,28.083652,4429
85.416336,28.08365,4429
85.416339,28.083633,4429
85.416341,28.08363,4429
85.416344,28.083625,4429
85.416349,28.083619,4430
85.416355,28.083612,4430
85.416363,28.083605,4430
85.41637,28.083599,4430
85.416377,28.083594,4430
85.416385,28.083589,4430
85.416391,28.083585,4431
85.416396,28.083581,4431
85.41641,28.083573,4431
85.416411,28.083572,4431
85.416414,28.083572,4431
85.416418,28.083569,4431
85.416421,28.083565,4431
85.416426,28.083562,4431
85.416431,28.083558,4431
85.416437,28.083554,4432
85.416444,28.083551,4432
85.416449,28.083548,4432
85.416453,28.083546,4432
85.416457,28.083544,4432
85.416474,28.083538,4432
85.416474,28.083537,4432
85.416475,28.083536,4432
85.416476,28.083534,4432
85.416478,28.083532,4432
85.41648,28.083526,4433
85.416495,28.08352,4433
85.416498,28.083518,4433
85.416503,28.083517,4433
85.41651,28.083514,4433
85.416518,28.083512,4433
85.416528,28.083509,4433
85.416538,28.083504,4434
85.416547,28.083499,4434
85.416557,28.083495,4434
85.416567,28.083491,4434
85.416574,28.083488,4434
85.41658,28.083485,4434
85.416585,28.083482,4435
85.416597,28.083473,4435
85.4166,28.083475,4435
85.416602,28.083472,4435
85.416603,28.083471,4435
85.416604,28.08347,4435
85.416605,28.083468,4435
85.416617,28.083465,4435
85.416618,28.083465,4435
85.416619,28.083465,4435
85.41663,28.083465,4435
85.416637,28.083465,4436
85.416644,28.083468,4436
85.416644,28.083469,4436
85.416645,28.08347,4436
85.41666,28.083475,4436
85.41666,28.08347,4436
85.41666,28.083467,4436
85.416657,28.083432,4437
85.416662,28.083425,4437
85.416667,28.083423,4437
85.416668,28.083421,4437
85.416672,28.083417,4437
85.416677,28.08341,4437
85.416683,28.083403,4438
85.41669,28.083396,4438
85.416698,28.083388,4438
85.416706,28.083379,4438
85.416714,28.08337,4438
85.416721,28.083361,4439
85.416727,28.083354,4439
85.416733,28.083348,4439
85.416739,28.083344,4439
85.416744,28.08334,4439
85.41675,28.083337,4439
85.416756,28.083334,4439
85.416761,28.083333,4440
85.416765,28.083333,4440
85.416779,28.083332,4440
85.416784,28.083328,4440
85.416786,28.083327,4440
85.416792,28.083323,4440
85.416799,28.083318,4440
85.416808,28.083311,4440
85.416818,28.083304,4441
85.416828,28.083298,4441
85.416839,28.083293,4441
85.416848,28.083287,4441
85.416858,28.083282,4441
85.416868,28.083278,4442
85.416877,28.083275,4442
85.416886,28.083271,4442
85.416895,28.083269,4442
85.416903,28.083266,4442
85.41691,28.083265,4442
85.416917,28.083264,4443
85.416925,28.083262,4443
85.416933,28.08326,4443
85.416941,28.083259,4443
85.416948,28.083257,4443
85.416955,28.083255,4443
85.416961,28.083253,4443
85.416967,28.08325,4443
85.416972,28.083248,4444
85.416977,28.083246,4444
85.416982,28.083243,4444
85.416995,28.083235,4444
85.416997,28.083234,4444
85.417002,28.08323,4444
85.417009,28.083227,4444
85.417018,28.083222,4444
85.417028,28.083216,4445
85.417037,28.083209,4445
85.417046,28.083201,4445
85.417055,28.083194,4445
85.417064,28.083189,4445
85.417073,28.083185,4446
85.417081,28.083181,4446
85.417087,28.083177,4446
85.417094,28.083174,4446
85.417101,28.08317,4446
85.417107,28.083165,4446
85.417112,28.08316,4446
85.417116,28.083155,4447
85.41712,28.083151,4447
85.417124,28.083149,4447
85.41713,28.083148,4447
85.417135,28.083146,4447
85.417141,28.083145,4447
85.417147,28.083142,4447
85.417153,28.083139,4447
85.417159,28.083137,4447
85.417166,28.083134,4448
85.417173,28.08313,4448
85.417178,28.083127,4448
85.417185,28.083122,4448
85.417189,28.083118,4448
85.417193,28.083112,4448
85.417197,28.083105,4448
85.417201,28.0831,4448
85.417204,28.083095,4449
85.417208,28.083091,4449
85.417212,28.083088,4449
85.417216,28.083082,4449
85.41722,28.083076,4449
85.417225,28.083071,4449
85.417229,28.083064,4449
85.417232,28.083058,4449
85.417236,28.083053,4450
85.417238,28.083048,4450
85.417245,28.083034,4450
85.417247,28.083033,4450
85.417252,28.08303,4450
85.417259,28.083024,4450
85.417267,28.083017,4450
85.417277,28.083011,4451
85.417288,28.083004,4451
85.417299,28.082998,4451
85.41731,28.08299,4451
85.417321,28.082981,4452
85.417329,28.082971,4452
85.417335,28.082962,4452
85.417341,28.082953,4452
85.417345,28.082943,4452
85.417349,28.082934,4453
85.417352,28.082925,4453
85.417355,28.082916,4453
85.417358,28.082908,4453
85.417361,28.082899,4453
85.417365,28.082892,4454
85.417369,28.082884,4454
85.417372,28.082877,4454
85.417377,28.08287,4454
85.41738,28.082865,4454
85.417384,28.082861,4454
85.417389,28.082858,4454
85.417395,28.082856,4454
85.417401,28.082855,4455
85.417407,28.082855,4455
85.417413,28.082854,4455
85.417418,28.082851,4455
85.417421,28.082849,4455
85.417425,28.082847,4455
85.417429,28.082845,4455
85.417434,28.082844,4455
85.417442,28.082842,4455
85.417448,28.08284,4455
85.417455,28.082837,4456
85.417461,28.082834,4456
85.417467,28.08283,4456
85.417473,28.082825,4456
85.417477,28.08282,4456
85.41748,28.082815,4456
85.417483,28.08281,4456
85.417486,28.082805,4456
85.417491,28.0828,4456
85.417496,28.082796,4457
85.4175,28.082792,4457
85.417505,28.082788,4457
85.41751,28.082784,4457
85.417516,28.08278,4457
85.417521,28.082776,4457
85.417526,28.08277,4457
85.417532,28.082765,4457
85.417538,28.082758,4458
85.417544,28.082752,4458
85.41755,28.082745,4458
85.417556,28.082738,4458
85.417562,28.082732,4458
85.417569,28.082725,4458
85.417575,28.082719,4459
85.417581,28.082713,4459
85.417587,28.082707,4459
85.417591,28.082701,4459
85.417596,28.082696,4459
85.4176,28.082693,4459
85.417605,28.08269,4459
85.417611,28.082686,4459
85.417615,28.082683,4460
85.417618,28.082682,4460
85.417622,28.082681,4460
85.417624,28.082679,4460
85.41762,28.082674,4460
85.41762,28.082673,4460
85.417622,28.08267,4460
85.417626,28.082667,4460
85.417631,28.082663,4460
85.417639,28.082657,4460
85.417648,28.082651,4461
85.417658,28.082645,4461
85.41767,28.082639,4461
85.417683,28.082632,4461
85.417697,28.082627,4461
85.417708,28.08262,4462
85.417719,28.082614,4462
85.417727,28.082607,4462
85.417735,28.082599,4462
85.417741,28.082593,4462
85.417747,28.082587,4463
85.417754,28.08258,4463
85.417761,28.082572,4463
85.417767,28.082565,4463
85.417772,28.082559,4463
85.417775,28.082554,4463
85.41778,28.082549,4464
85.417785,28.082545,4464
85.41779,28.08254,4464
85.417795,28.082537,4464
85.417801,28.082534,4464
85.417808,28.08253,4464
85.417813,28.082527,4464
85.417817,28.082524,4464
85.41783,28.082521,4465
85.417833,28.082521,4465
85.417838,28.082521,4465
85.417845,28.082519,4465
85.417852,28.082518,4465
85.417858,28.082515,4465
85.417863,28.082512,4465
85.41787,28.082509,4465
85.417877,28.082505,4465
85.417887,28.082503,4466
85.417893,28.0825,4466
85.417899,28.082498,4466
85.417904,28.082495,4466
85.41791,28.082492,4466
85.417915,28.082487,4466
85.417918,28.082483,4466
85.417919,28.082477,4466
85.41792,28.082471,4467
85.417919,28.082465,4467
85.417919,28.082458,4467
85.417921,28.08245,4467
85.417923,28.082442,4467
85.417926,28.082434,4467
85.417929,28.082427,4467
85.417933,28.08242,4468
85.417938,28.082413,4468
85.417942,28.082407,4468
85.417946,28.082399,4468
85.41795,28.082392,4468
85.417953,28.082384,4468
85.417956,28.082378,4468
85.417961,28.082372,4469
85.417966,28.082365,4469
85.417972,28.082359,4469
85.417977,28.082353,4469
85.417981,28.082347,4469
85.417985,28.082341,4469
85.417989,28.082335,4469
85.417992,28.08233,4470
85.417995,28.082327,4470
85.418,28.082324,4470
85.418004,28.08232,4470
85.418009,28.082316,4470
85.418012,28.082311,4470
85.418014,28.082305,4470
85.418016,28.0823,4470
85.418017,28.082294,4470
85.418018,28.082288,4471
85.41802,28.082281,4471
85.418021,28.082275,4471
85.418022,28.082269,4471
85.418023,28.082263,4471
85.418025,28.082257,4471
85.418027,28.082252,4471
85.41803,28.082248,4471
85.418033,28.082244,4471
85.418035,28.08224,4472
85.418039,28.082236,4472
85.418043,28.082231,4472
85.418049,28.082226,4472
85.418054,28.082221,4472
85.418059,28.082216,4472
85.418063,28.08221,4472
85.418066,28.082203,4472
85.41807,28.082197,4473
85.418074,28.082191,4473
85.418079,28.082186,4473
85.418083,28.082181,4473
85.418087,28.082175,4473
85.41809,28.082165,4473
85.418087,28.082163,4473
85.418084,28.082163,4473
85.418077,28.082155,4474
85.418078,28.082152,4474
85.418081,28.082147,4474
85.418084,28.08214,4474
85.418089,28.082132,4474
85.418094,28.082124,4474
85.418098,28.082116,4474
85.418104,28.08211,4475
85.418111,28.082106,4475
85.418118,28.082104,4475
85.418124,28.082104,4475
85.41813,28.082107,4475
85.418136,28.082112,4475
85.418143,28.082117,4475
85.418149,28.082123,4476
85.418156,28.08213,4476
85.418163,28.082136,4476
85.418171,28.082139,4476
85.418178,28.082141,4476
85.418184,28.082141,4476
85.418189,28.082138,4476
85.418195,28.082135,4476
85.418201,28.082131,4476
85.418207,28.082126,4477
85.418213,28.082121,4477
85.418218,28.082115,4477
85.418223,28.08211,4477
85.418228,28.082105,4477
85.418231,28.0821,4477
85.418234,28.082093,4477
85.418234,28.082087,4477
85.418234,28.08208,4478
85.418234,28.082074,4478
85.418236,28.082068,4478
85.41824,28.082062,4478
85.418244,28.082056,4478
85.418249,28.082051,4478
85.418253,28.082046,4478
85.418269,28.08204,4478
85.418271,28.082039,4479
85.418274,28.082036,4479
85.418278,28.082031,4479
85.418281,28.082026,4479
85.418284,28.08202,4479
85.418287,28.082014,4479
85.418291,28.082007,4479
85.418297,28.082002,4479
85.418302,28.081997,4479
85.418307,28.081993,4479
85.418311,28.08199,4479
85.418316,28.081986,4480
85.41832,28.081982,4480
85.418324,28.081977,4480
85.418326,28.081973,4480
85.418329,28.081968,4480
85.418331,28.081964,4480
85.418334,28.081952,4480
85.41834,28.081949,4480
85.418342,28.081945,4480
85.418346,28.081939,4480
85.418353,28.081931,4481
85.41836,28.081923,4481
85.41837,28.081915,4481
85.418381,28.081907,4481
85.418393,28.0819,4481
85.418404,28.081893,4482
85.418415,28.081885,4482
85.418425,28.081879,4482
85.418433,28.081874,4482
85.418439,28.08187,4482
85.418443,28.081866,4482
85.418447,28.081863,4482
85.41845,28.081859,4482
85.418453,28.081854,4483
85.418456,28.08185,4483
85.418457,28.081845,4483
85.418458,28.081841,4483
85.418465,28.081831,4483
85.418466,28.08183,4483
85.41847,28.08183,4483
85.418476,28.081829,4483
85.418483,28.081829,4483
85.418491,28.081828,4483
85.418498,28.081826,4484
85.418505,28.081823,4484
85.418512,28.08182,4484
85.418516,28.081816,4484
85.41852,28.081811,4484
85.418522,28.081806,4484
85.418524,28.0818,4484
85.418526,28.081795,4484
85.418527,28.08179,4484
85.41853,28.081785,4484
85.418534,28.08178,4485
85.41854,28.081778,4485
85.418545,28.081775,4485
85.41855,28.081773,4485
85.418556,28.081771,4485
85.41856,28.081768,4485
85.418562,28.081762,4485
85.418554,28.081774,4485
85.418557,28.081771,4485
85.418564,28.081767,4486
85.418575,28.081762,4486
85.418586,28.081754,4486
85.418599,28.081746,4486
85.418614,28.081737,4487
85.418629,28.081728,4487
85.418642,28.081717,4487
85.418655,28.081705,4487
85.418666,28.081694,4488
85.418676,28.081683,4488
85.418686,28.081676,4488
85.418695,28.081669,4488
85.418704,28.081664,4489
85.418714,28.081659,4489
85.418724,28.081654,4489
85.418735,28.08165,4489
85.418745,28.081645,4489
85.418755,28.081639,4489
85.418762,28.081633,4490
85.418768,28.081626,4490
85.418773,28.081619,4490
85.418777,28.081612,4490
85.418783,28.081606,4490
85.418788,28.0816,4490
85.418795,28.081595,4490
85.418802,28.08159,4491
85.41881,28.081585,4491
85.418818,28.081581,4491
85.418824,28.081578,4491
85.418829,28.081574,4491
85.418835,28.081571,4491
85.41884,28.081568,4491
85.418844,28.081565,4491
85.41885,28.081563,4491
85.418857,28.081559,4492
85.418862,28.081554,4492
85.418866,28.081549,4492
85.418869,28.081545,4492
85.418872,28.081541,4492
85.418875,28.081538,4492
85.41888,28.081535,4492
85.418885,28.081532,4492
85.418889,28.081529,4492
85.418894,28.081526,4492
85.418898,28.081522,4493
85.418902,28.081518,4493
85.418906,28.081515,4493
85.41891,28.081511,4493
85.418914,28.081508,4493
85.418917,28.081507,4493
85.418922,28.081505,4493
85.418926,28.081503,4493
85.418931,28.081502,4493
85.418934,28.081499,4493
85.418938,28.081497,4493
85.418942,28.081494,4493
85.418946,28.081491,4493
85.41895,28.081488,4494
85.418952,28.081485,4494
85.418954,28.081482,4494
85.418955,28.081477,4494
85.418955,28.081473,4494
85.418957,28.081469,4494
85.418959,28.081465,4494
85.418962,28.081461,4494
85.418964,28.081457,4494
85.418966,28.081453,4494
85.418969,28.081449,4494
85.418975,28.081441,4495
85.418976,28.081441,4495
85.418972,28.081436,4495
85.41897,28.081435,4495
85.418965,28.081428,4495
85.418964,28.081426,4495
85.41897,28.08142,4495
85.418974,28.081418,4495
85.418981,28.081413,4495
85.41899,28.081406,4495
85.419,28.081397,4496
85.41901,28.081387,4496
85.419019,28.081378,4496
85.419027,28.081368,4496
85.419036,28.081358,4497
85.419046,28.081348,4497
85.419053,28.08134,4497
85.41906,28.081333,4497
85.419068,28.081329,4497
85.419076,28.081327,4497
85.419085,28.081325,4498
85.419094,28.081324,4498
85.419103,28.081323,4498
85.41911,28.081321,4498
85.419117,28.081319,4498
85.419123,28.081316,4498
85.419128,28.081313,4498
85.419132,28.08131,4498
85.419136,28.081307,4498
85.419139,28.081303,4498
85.419143,28.0813,4499
85.419147,28.081297,4499
85.419152,28.081295,4499
85.419158,28.081292,4499
85.419163,28.08129,4499
85.419168,28.081289,4499
85.419173,28.081288,4499
85.419178,28.081287,4499
85.419183,28.081286,4499
85.419188,28.081285,4499
85.419194,28.081282,4499
85.4192,28.081278,4500
85.419205,28.081274,4500
85.419209,28.08127,4500
85.419213,28.081267,4500
85.419218,28.081265,4500
85.419224,28.081261,4500
85.41923,28.081258,4500
85.419235,28.081254,4500
85.419241,28.08125,4500
85.419247,28.081246,4501
85.419253,28.081242,4501
85.419258,28.081237,4501
85.419262,28.081233,4501
85.419267,28.081229,4501
85.419272,28.081223,4501
85.419276,28.081219,4501
85.419292,28.081205,4502
85.419295,28.081204,4502
85.419301,28.081201,4502
85.419309,28.081197,4502
85.419318,28.081192,4502
85.419328,28.081186,4502
85.419339,28.081179,4502
85.419348,28.081172,4503
85.419357,28.081165,4503
85.419364,28.081158,4503
85.419369,28.081152,4503
85.41938,28.081142,4503
85.419384,28.081143,4503
85.419392,28.08114,4504
85.419396,28.08114,4504
85.419404,28.08114,4504
85.419415,28.081141,4504
85.419427,28.08114,4504
85.41944,28.081139,4504
85.419453,28.081137,4504
85.419467,28.081136,4505
85.419481,28.081136,4505
85.419496,28.081135,4505
85.419508,28.081134,4505
85.419519,28.08113,4506
85.419528,28.081123,4506
85.419535,28.081115,4506
85.419541,28.081107,4506
85.419547,28.081099,4506
85.419554,28.081091,4506
85.419561,28.081083,4507
85.419569,28.081075,4507
85.419578,28.081067,4507
85.419587,28.081058,4507
85.419597,28.08105,4507
85.419608,28.081042,4508
85.419618,28.081035,4508
85.419627,28.081027,4508
85.419635,28.081016,4508
85.419641,28.081005,4508
85.419647,28.080994,4509
85.419652,28.080983,4509
85.419657,28.080972,4509
85.419662,28.080962,4509
85.419667,28.080953,4509
85.419673,28.080946,4510
85.41968,28.08094,4510
85.419686,28.080935,4510
85.419691,28.08093,4510
85.419695,28.080925,4510
85.419698,28.08092,4510
85.419702,28.080915,4510
85.419705,28.080911,4510
85.419709,28.080899,4511
85.41971,28.0809,4511
85.419714,28.080904,4511
85.419719,28.080895,4511
85.419724,28.08089,4511
85.419726,28.08089,4511
85.419729,28.08089,4511
85.419733,28.080888,4511
85.419737,28.080886,4511
85.419749,28.08088,4512
85.419745,28.080879,4512
85.41975,28.08085,4512
85.419753,28.080848,4512
85.419759,28.080843,4512
85.419767,28.080835,4512
85.419776,28.080826,4513
85.419784,28.080815,4513
85.419792,28.080803,4513
85.4198,28.080792,4513
85.419809,28.08078,4514
85.419819,28.080769,4514
85.419826,28.08076,4514
85.419834,28.080752,4514
85.41984,28.080744,4514
85.419846,28.080737,4515
85.41985,28.080732,4515
85.419856,28.080726,4515
85.41986,28.080722,4515
85.419865,28.080718,4515
85.41987,28.080715,4515
85.419876,28.080714,4515
85.41988,28.080713,4515
85.419885,28.080712,4515
85.419889,28.080709,4516
85.419892,28.080706,4516
85.419895,28.080703,4516
85.419898,28.080699,4516
85.4199,28.080695,4516
85.419901,28.080691,4516
85.419903,28.080686,4516
85.419904,28.080681,4516
85.419905,28.080676,4516
85.419906,28.08067,4516
85.419908,28.080665,4516
85.41991,28.080661,4516
85.419912,28.080657,4517
85.419915,28.080652,4517
85.419918,28.080647,4517
85.41992,28.080642,4517
85.419922,28.080638,4517
85.419924,28.080635,4517
85.419927,28.080632,4517
85.419931,28.080629,4517
85.419934,28.080627,4517
85.419937,28.080624,4517
85.419942,28.080622,4517
85.419948,28.080619,4517
85.419955,28.080617,4518
85.419961,28.080614,4518
85.419967,28.080611,4518
85.419972,28.080609,4518
85.419977,28.080607,4518
85.419981,28.080605,4518
85.419985,28.080603,4518
85.419989,28.080601,4518
85.419993,28.0806,4518
85.419998,28.080599,4518
85.420003,28.080597,4518
85.420008,28.080596,4518
85.420013,28.080595,4519
85.420018,28.080594,4519
85.420023,28.080593,4519
85.420032,28.080599,4519
85.420035,28.080597,4519
85.420042,28.080592,4519
85.420051,28.080585,4519
85.420061,28.080577,4519
85.420071,28.080568,4520
85.420083,28.080559,4520
85.420094,28.08055,4520
85.420105,28.080542,4520
85.420117,28.080532,4521
85.420126,28.080523,4521
85.420132,28.080515,4521
85.420139,28.080509,4521
85.420146,28.080503,4521
85.420153,28.080498,4522
85.42016,28.080493,4522
85.420166,28.080487,4522
85.42017,28.080481,4522
85.420175,28.080475,4522
85.42018,28.08047,4522
85.420185,28.080465,4522
85.42019,28.08046,4522
85.420196,28.080457,4523
85.420201,28.080453,4523
85.420207,28.080449,4523
85.420213,28.080445,4523
85.42022,28.080442,4523
85.420226,28.080438,4523
85.420231,28.080435,4523
85.420235,28.080431,4523
85.420238,28.080426,4523
85.42024,28.080422,4523
85.420241,28.080417,4524
85.420242,28.080412,4524
85.420244,28.080407,4524
85.420247,28.080401,4524
85.42025,28.080396,4524
85.420253,28.080391,4524
85.420258,28.080386,4524
85.420262,28.08038,4524
85.420267,28.080373,4524
85.420272,28.080367,4525
85.420276,28.080361,4525
85.420279,28.080355,4525
85.420284,28.08035,4525
85.420288,28.080345,4525
85.420292,28.08034,4525
85.420297,28.080336,4525
85.420302,28.08033,4525
85.420306,28.080325,4525
85.42032,28.080313,4526
85.420321,28.080311,4526
85.420322,28.080308,4526
85.420324,28.080304,4526
85.420326,28.0803,4526
85.420327,28.080296,4526
85.420328,28.080293,4526
85.420328,28.08029,4526
85.420328,28.080288,4526
85.42033,28.080278,4526
85.420337,28.080273,4527
85.420337,28.080272,4527
85.420339,28.080269,4527
85.42034,28.080265,4527
85.420341,28.08026,4527
85.420341,28.080255,4527
85.420343,28.080249,4527
85.420345,28.080242,4527
85.420347,28.080236,4527
85.420351,28.08023,4527
85.420357,28.080223,4528
85.420365,28.080216,4528
85.420373,28.080209,4528
85.42038,28.080205,4528
85.420386,28.080201,4528
85.420394,28.080196,4528
85.4204,28.080191,4528
85.420404,28.080184,4529
85.420407,28.080178,4529
85.42041,28.080172,4529
85.420412,28.080166,4529
85.420413,28.08016,4529
85.420413,28.080154,4529
85.420413,28.080149,4529
85.420412,28.080145,4529
85.420411,28.080141,4529
85.420412,28.080137,4529
85.420412,28.080133,4530
85.420411,28.08013,4530
85.42041,28.080127,4530
85.420407,28.08012,4530
85.420409,28.080115,4530
85.420409,28.080113,4530
85.42041,28.080109,4530
85.420412,28.080103,4530
85.420415,28.080096,4530
85.420418,28.080088,4530
85.420421,28.080079,4531
85.420424,28.08007,4531
85.420427,28.080061,4531
85.42043,28.080052,4531
85.420433,28.080042,4531
85.420436,28.080035,4531
85.420439,28.080029,4531
85.420441,28.080024,4532
85.420443,28.080019,4532
85.420445,28.080015,4532
85.420446,28.080012,4532
85.420448,28.080008,4532
85.420455,28.079996,4532
85.420459,28.079986,4532
85.42046,28.079984,4532
85.420461,28.079982,4532
85.420463,28.07998,4532
85.420465,28.079978,4532
85.420467,28.079976,4533
85.420475,28.07997,4533
85.420476,28.079969,4533
85.420478,28.079967,4533
85.420479,28.079966,4533
85.42048,28.079965,4533
85.420482,28.079962,4533
85.420484,28.07996,4533
85.420489,28.07995,4533
85.420489,28.079949,4533
85.42049,28.079947,4533
85.420492,28.079945,4533
85.420494,28.079942,4533
85.420496,28.079939,4533
85.420498,28.079936,4533
85.4205,28.079933,4533
85.420502,28.07993,4534
85.420504,28.079928,4534
85.420507,28.079925,4534
85.420514,28.079917,4534
85.420522,28.079917,4534
85.420524,28.079916,4534
85.42053,28.079914,4534
85.420537,28.079911,4534
85.420544,28.079908,4534
85.420552,28.079904,4534
85.420561,28.079901,4535
85.42057,28.079897,4535
85.420579,28.079893,4535
85.420587,28.079889,4535
85.420593,28.079885,4535
85.420597,28.079882,4535
85.420602,28.07988,4535
85.420605,28.079878,4535
85.42061,28.079876,4535
85.420614,28.079876,4536
85.420617,28.079876,4536
85.420622,28.079877,4536
85.420626,28.079877,4536
85.420629,28.079876,4536
85.420632,28.079875,4536
85.420634,28.079873,4536
85.420634,28.07987,4536
85.420635,28.079867,4536
85.420638,28.079865,4536
85.42064,28.079863,4536
85.420643,28.07986,4536
85.420646,28.079858,4536
85.420657,28.079855,4536
85.42066,28.079857,4536
85.420664,28.079854,4537
85.420665,28.079854,4537
85.420667,28.079854,4537
85.42067,28.079854,4537
85.420682,28.079854,4537
85.420683,28.079854,4537
85.420686,28.079853,4537
85.420689,28.079852,4537
85.420691,28.07985,4537
85.420695,28.079849,4537
85.420702,28.079846,4537
85.420711,28.079843,4537
85.420721,28.079839,4538
85.420732,28.079835,4538
85.420743,28.079829,4538
85.420754,28.079823,4538
85.420765,28.079816,4538
85.420775,28.079808,4539
85.420786,28.079801,4539
85.420794,28.079794,4539
85.4208,28.079788,4539
85.420804,28.079783,4539
85.420808,28.079778,4539
85.420812,28.079774,4539
85.420816,28.07977,4539
85.42082,28.079767,4540
85.420824,28.079763,4540
85.420829,28.079759,4540
85.420835,28.079755,4540
85.420841,28.079751,4540
85.420846,28.079748,4540
85.420851,28.079745,4540
85.420857,28.079742,4540
85.420861,28.079737,4540
85.420865,28.079733,4540
85.420867,28.07973,4541
85.420869,28.079726,4541
85.420872,28.079721,4541
85.420874,28.079717,4541
85.420876,28.079712,4541
85.420878,28.079709,4541
85.420881,28.079705,4541
85.420884,28.079701,4541
85.420887,28.079698,4541
85.420891,28.079694,4541
85.420895,28.079691,4541
85.420899,28.079688,4541
85.420903,28.079685,4542
85.420907,28.079682,4542
85.420911,28.079678,4542
85.420914,28.079675,4542
85.420917,28.079671,4542
85.42092,28.079667,4542
85.420923,28.079663,4542
85.420926,28.079658,4542
85.42093,28.079654,4542
85.420933,28.07965,4542
85.420937,28.079645,4542
85.420941,28.079641,4543
85.420944,28.079637,4543
85.420959,28.079621,4543
85.420961,28.079618,4543
85.420964,28.079612,4543
85.42097,28.079604,4543
85.420978,28.079595,4544
85.420986,28.079585,4544
85.420994,28.079574,4544
85.421004,28.079563,4544
85.421014,28.079552,4545
85.421026,28.07954,4545
85.421035,28.07953,4545
85.421043,28.079521,4546
85.421049,28.079513,4546
85.421056,28.079505,4546
85.421061,28.079498,4546
85.421066,28.07949,4546
85.421069,28.079483,4547
85.421074,28.079476,4547
85.421077,28.07947,4547
85.421081,28.079463,4547
85.421084,28.079459,4547
85.421089,28.079449,4548
85.421085,28.079449,4548
85.42108,28.079447,4548
85.421075,28.079451,4548
85.421074,28.079451,4548
85.421071,28.079451,4548
85.421068,28.079451,4548
85.42106,28.079451,4548
85.421061,28.079448,4548
85.421063,28.079443,4549
85.421066,28.079437,4549
85.421069,28.079428,4549
85.421073,28.079419,4549
85.421076,28.07941,4549
85.421078,28.0794,4550
85.421081,28.07939,4550
85.421083,28.07938,4550
85.421085,28.079371,4550
85.421088,28.079363,4550
85.42109,28.079357,4550
85.421092,28.079346,4551
85.421091,28.079348,4551
85.421089,28.079352,4551
85.421087,28.079358,4551
85.421085,28.079366,4551
85.421085,28.079374,4551
85.421085,28.079383,4551
85.421085,28.079392,4552
85.421084,28.079401,4552
85.421083,28.079409,4552
85.421081,28.079418,4552
85.421079,28.079426,4552
85.421075,28.079432,4552
85.421071,28.079438,4553
85.421069,28.079446,4553
85.421071,28.079443,4553
85.421077,28.079438,4553
85.421083,28.079431,4553
85.421089,28.079422,4553
85.421095,28.079413,4553
85.4211,28.079404,4553
85.421104,28.079393,4554
85.421109,28.079383,4554
85.421111,28.079373,4554
85.421113,28.079363,4554
85.421116,28.079354,4554
85.421117,28.079345,4554
85.42112,28.079336,4555
85.421122,28.079328,4555
85.421123,28.079319,4555
85.421123,28.079312,4555
85.421125,28.079303,4555
85.421126,28.079295,4555
85.421127,28.079286,4555
85.421128,28.079279,4555
85.421128,28.079271,4555
85.421129,28.079263,4556
85.42113,28.079257,4556
85.421134,28.079243,4556
85.421132,28.079246,4556
85.421132,28.079239,4556
85.421132,28.079238,4556
85.421132,28.079233,4556
85.421131,28.079226,4556
85.42113,28.07922,4556
85.421129,28.079211,4556
85.42113,28.079202,4557
85.42113,28.079194,4557
85.42113,28.079187,4557
85.421122,28.079173,4557
85.421121,28.079164,4557
85.421121,28.079163,4557
85.421121,28.079161,4557
85.421121,28.079158,4557
85.421121,28.07916,4557
85.421122,28.079164,4557
85.421124,28.079169,4557
85.421125,28.079174,4558
85.421127,28.079179,4558
85.421127,28.079184,4558
85.421128,28.079188,4558
85.421128,28.079191,4558
85.421119,28.079193,4558
85.421117,28.079192,4558
85.421114,28.07919,4558
85.421109,28.079187,4558
85.421103,28.079184,4558
85.421097,28.07918,4558
85.42109,28.079176,4558
85.421083,28.079172,4558
85.421077,28.079168,4559
85.421071,28.079165,4559
85.421054,28.079154,4559
85.421053,28.079154,4559
85.421051,28.079149,4559
85.421047,28.079154,4559
85.421042,28.079156,4559
85.421041,28.079156,4559
85.421038,28.079156,4559
85.421034,28.079156,4559
85.421029,28.079156,4559
85.421025,28.079156,4559
85.421017,28.079154,4560
85.421019,28.079148,4560
85.421019,28.079147,4560
85.421034,28.079143,4560
85.421041,28.079139,4560
85.421045,28.079138,4560
85.421052,28.079135,4560
85.421062,28.079131,4560
85.421072,28.079125,4560
85.421084,28.079117,4561
85.421097,28.079108,4561
85.42111,28.079099,4561
85.421122,28.079089,4561
85.421134,28.079079,4561
85.421145,28.079069,4562
85.421153,28.079058,4562
85.421159,28.079046,4562
85.421165,28.079034,4562
85.421167,28.07902,4562
85.421167,28.079004,4563
85.421169,28.078988,4563
85.421171,28.078973,4563
85.421174,28.078959,4563
85.421177,28.078947,4564
85.42118,28.078936,4564
85.421184,28.078925,4564
85.421186,28.078914,4564
85.421189,28.078904,4564
85.421192,28.078893,4564
85.421196,28.078884,4565
85.4212,28.078875,4565
85.421203,28.078867,4565
85.421205,28.078858,4565
85.421205,28.07885,4565
85.421204,28.078842,4565
85.421199,28.078821,4565
85.421199,28.07882,4566
85.4212,28.078816,4566
85.4212,28.078812,4566
85.421198,28.078807,4566
85.421196,28.078801,4566
85.421194,28.078794,4566
85.421192,28.078787,4566
85.42119,28.078779,4566
85.421187,28.07877,4566
85.421186,28.078763,4566
85.421184,28.078756,4566
85.421183,28.078748,4567
85.421183,28.078741,4567
85.421184,28.078733,4567
85.421187,28.078726,4567
85.421189,28.078718,4567
85.421191,28.078712,4567
85.421192,28.078704,4567
85.421194,28.078697,4567
85.421196,28.078689,4567
85.421197,28.078681,4568
85.421197,28.078674,4568
85.421196,28.078667,4568
85.421194,28.07866,4568
85.421192,28.078653,4568
85.421192,28.078647,4568
85.421191,28.078639,4568
85.421189,28.078632,4568
85.421187,28.078626,4568
85.421183,28.078621,4569
85.421178,28.078616,4569
85.421172,28.078611,4569
85.421166,28.078607,4569
85.421161,28.078603,4569
85.421158,28.078599,4569
85.421155,28.078596,4569
85.421148,28.07859,4568
85.421141,28.078588,4568
85.421142,28.078592,4568
85.421145,28.078599,4568
85.421148,28.078608,4568
85.42115,28.078618,4568
85.421152,28.078628,4567
85.421152,28.078636,4567
85.421154,28.078643,4567
85.421156,28.07865,4567
85.421158,28.078655,4567
85.421158,28.078663,4567
85.421157,28.078663,4567
85.421154,28.078678,4566
85.421156,28.078681,4566
85.421159,28.078689,4566
85.421164,28.078698,4566
85.421169,28.078709,4566
85.421175,28.078721,4566
85.421181,28.078734,4565
85.421187,28.078749,4565
85.421192,28.078765,4565
85.421197,28.078783,4564
85.4212,28.078799,4564
85.421201,28.078814,4564
85.421201,28.078828,4564
85.421202,28.07884,4563
85.421201,28.078853,4563
85.421202,28.078866,4563
85.421201,28.078878,4563
85.421201,28.078891,4562
85.421201,28.078904,4562
85.4212,28.078918,4562
85.421199,28.07893,4562
85.421199,28.078943,4561
85.421198,28.078955,4561
85.421199,28.078966,4561
85.421199,28.078976,4561
85.421197,28.078987,4561
85.421195,28.078997,4560
85.421193,28.079008,4560
85.421191,28.07902,4560
85.42119,28.079031,4560
85.421189,28.079043,4559
85.421188,28.079054,4559
85.421186,28.079065,4559
85.421184,28.079075,4559
85.421181,28.079086,4559
85.421179,28.079098,4558
85.421176,28.079109,4558
85.421174,28.07912,4558
85.421172,28.079131,4558
85.42117,28.079142,4558
85.421167,28.079153,4557
85.421166,28.079163,4557
85.421163,28.079174,4557
85.421161,28.079185,4557
85.421159,28.079197,4557
85.421158,28.079206,4556
85.421155,28.079228,4556
85.421154,28.079229,4556
85.421152,28.079231,4556
85.421149,28.079236,4556
85.421146,28.079242,4556
85.421142,28.079249,4555
85.421138,28.079257,4555
85.421134,28.079265,4555
85.42113,28.079273,4555
85.421127,28.079282,4555
85.421124,28.079291,4555
85.42112,28.079301,4554
85.421116,28.079312,4554
85.421113,28.079323,4554
85.42111,28.079334,4554
85.421107,28.079345,4554
85.421106,28.079354,4553
85.421103,28.079378,4553
85.4211,28.079381,4553
85.421095,28.079387,4553
85.421089,28.079397,4553
85.421082,28.079409,4552
85.421074,28.079421,4552
85.421068,28.079434,4552
85.42106,28.079446,4552
85.421051,28.079458,4551
85.421039,28.079469,4551
85.421029,28.079478,4551
85.42102,28.079486,4551
85.421011,28.079495,4550
85.421004,28.079503,4550
85.420997,28.079512,4550
85.420991,28.07952,4550
85.420985,28.079529,4550
85.420979,28.079537,4549
85.420973,28.079544,4549
85.420967,28.079551,4549
85.420961,28.079558,4549
85.420957,28.079566,4549
85.420952,28.079573,4549
85.420947,28.07958,4548
85.420944,28.079588,4548
85.42094,28.079596,4548
85.420936,28.079603,4548
85.420931,28.079611,4548
85.420928,28.079619,4548
85.420923,28.079626,4547
85.420919,28.079633,4547
85.420915,28.079639,4547
85.42091,28.079645,4547
85.420905,28.079651,4547
85.420901,28.079658,4547
85.420896,28.079665,4547
85.420891,28.079673,4546
85.420886,28.079679,4546
85.420881,28.079686,4546
85.420875,28.079692,4546
85.420869,28.079697,4546
85.420863,28.079702,4546
85.420858,28.079708,4546
85.420852,28.079714,4545
85.420846,28.07972,4545
85.420839,28.079725,4545
85.420832,28.079731,4545
85.420826,28.079735,4545
85.42082,28.07974,4545
85.420815,28.079745,4545
85.420808,28.07975,4544
85.420801,28.079754,4544
85.420783,28.079763,4544
85.420782,28.079764,4544
85.420779,28.079764,4544
85.420776,28.079766,4544
85.420772,28.079767,4544
85.420767,28.079769,4544
85.420761,28.079772,4543
85.420757,28.079776,4543
85.420754,28.079779,4543
85.420751,28.079782,4543
85.420739,28.079792,4543
85.420737,28.079792,4543
85.420736,28.079792,4543
85.420733,28.079794,4543
85.420731,28.079795,4543
85.420722,28.079803,4543
85.420725,28.079812,4542
85.420715,28.079812,4542
85.420714,28.079812,4542
85.420713,28.079813,4542
85.420711,28.079815,4542
85.4207,28.07982,4542
85.420699,28.07982,4542
85.420698,28.07982,4542
85.420684,28.079823,4542
85.420683,28.079823,4542
85.420681,28.079823,4542
85.420677,28.079823,4542
85.420674,28.079823,4542
85.420671,28.079824,4541
85.420668,28.079825,4541
85.420665,28.079828,4541
85.420663,28.079832,4541
85.420662,28.079836,4541
85.420659,28.07984,4541
85.420658,28.079843,4541
85.420656,28.079846,4541
85.420653,28.079848,4541
85.420644,28.079855,4541
85.420632,28.079858,4540
85.420631,28.079859,4540
85.42063,28.079859,4540
85.420628,28.079861,4540
85.420627,28.079862,4540
85.42062,28.07987,4540
85.420622,28.079872,4540
85.420627,28.079877,4540
85.420615,28.079877,4540
85.420612,28.079878,4540
85.420605,28.07988,4540
85.420595,28.079882,4539
85.420583,28.079886,4539
85.420571,28.079891,4539
85.420559,28.079896,4539
85.420546,28.079901,4539
85.420533,28.079906,4538
85.42052,28.079911,4538
85.420511,28.079916,4538
85.420503,28.079921,4538
85.420496,28.079926,4538
85.420489,28.07993,4537
85.420483,28.079933,4537
85.420478,28.079935,4537
85.420464,28.079948,4537
85.420463,28.079951,4537
85.420461,28.079959,4537
85.420459,28.07997,4537
85.420456,28.079982,4536
85.420452,28.079994,4536
85.420448,28.080005,4536
85.420443,28.080014,4536
85.420439,28.080022,4535
85.420435,28.080029,4535
85.420426,28.08005,4535
85.420425,28.080052,4535
85.420424,28.080057,4535
85.420423,28.080063,4535
85.420423,28.08007,4535
85.420422,28.080079,4534
85.420423,28.080086,4534
85.420423,28.080094,4534
85.420422,28.080105,4534
85.420421,28.080117,4534
85.420423,28.080126,4533
85.420426,28.080132,4533
85.420427,28.080138,4533
85.420428,28.080145,4533
85.420428,28.080151,4533
85.420425,28.080155,4533
85.420421,28.080158,4533
85.420418,28.080162,4533
85.420415,28.080164,4533
85.420413,28.080167,4533
85.420404,28.080173,4532
85.420402,28.080182,4532
85.420402,28.080185,4532
85.4204,28.080192,4532
85.420398,28.080201,4532
85.420394,28.080211,4532
85.42039,28.080223,4531
85.420386,28.080235,4531
85.420381,28.080248,4531
85.420376,28.080263,4531
85.420371,28.080278,4530
85.420368,28.08029,4530
85.420366,28.080301,4530
85.420364,28.08031,4530
85.420361,28.080318,4530
85.420359,28.080325,4529
85.420356,28.080331,4529
85.420351,28.080337,4529
85.420346,28.080342,4529
85.420342,28.080347,4529
85.420336,28.080352,4529
85.420331,28.080356,4529
85.420326,28.080361,4529
85.42032,28.080366,4528
85.420316,28.08037,4528
85.420312,28.080375,4528
85.42031,28.080379,4528
85.420306,28.080384,4528
85.420303,28.080389,4528
85.4203,28.080395,4528
85.420298,28.080401,4528
85.420294,28.080407,4528
85.420291,28.080413,4527
85.420288,28.080419,4527
85.420284,28.080424,4527
85.42028,28.080427,4527
85.420276,28.08043,4527
85.420263,28.080433,4527
85.42026,28.080434,4527
85.420257,28.080434,4527
85.420252,28.080436,4527
85.420246,28.080437,4526
85.420239,28.080438,4526
85.420232,28.080441,4526
85.420225,28.080444,4526
85.420219,28.080449,4526
85.420213,28.080454,4526
85.420208,28.080459,4526
85.420201,28.080464,4526
85.420194,28.08047,4525
85.420188,28.080473,4525
85.420181,28.080478,4525
85.420174,28.080482,4525
85.420169,28.080487,4525
85.420165,28.080492,4525
85.420161,28.080498,4525
85.420156,28.080504,4524
85.42015,28.08051,4524
85.420145,28.080516,4524
85.420141,28.080522,4524
85.420137,28.080528,4524
85.420133,28.080534,4524
85.420131,28.08054,4524
85.420127,28.080545,4524
85.420123,28.08055,4523
85.42012,28.080555,4523
85.420117,28.08056,4523
85.420112,28.080564,4523
85.420105,28.080567,4523
85.420098,28.08057,4523
85.420092,28.080572,4523
85.420085,28.080574,4523
85.420063,28.080582,4522
85.420061,28.080583,4522
85.420059,28.080586,4522
85.420056,28.080589,4522
85.420053,28.080593,4522
85.420049,28.080596,4522
85.420045,28.080599,4522
85.420031,28.08061,4522
85.42003,28.08061,4521
85.420027,28.080611,4521
85.420023,28.080613,4521
85.420018,28.080614,4521
85.420012,28.080616,4521
85.420007,28.080617,4521
85.420002,28.080618,4521
85.419986,28.080622,4521
85.419981,28.080627,4521
85.41998,28.080629,4521
85.419979,28.080632,4520
85.419978,28.080634,4520
85.419977,28.080637,4520
85.419965,28.08065,4520
85.419963,28.080653,4520
85.419961,28.080659,4520
85.419958,28.080668,4520
85.419955,28.080678,4520
85.41995,28.080687,4519
85.419944,28.080697,4519
85.419936,28.080706,4519
85.419928,28.080716,4519
85.419919,28.080726,4518
85.41991,28.080733,4518
85.419903,28.08074,4518
85.419898,28.080745,4518
85.419885,28.08076,4518
85.419884,28.080761,4518
85.419882,28.080765,4517
85.419879,28.08077,4517
85.419876,28.080776,4517
85.419873,28.080783,4517
85.419871,28.08079,4517
85.419868,28.080798,4517
85.419865,28.080807,4517
85.419862,28.080816,4516
85.419858,28.080827,4516
85.419856,28.080836,4516
85.419855,28.080844,4516
85.419854,28.080851,4516
85.419851,28.080857,4516
85.419846,28.080862,4516
85.419842,28.080866,4515
85.419838,28.080869,4515
85.419832,28.080871,4515
85.419827,28.080873,4515
85.419821,28.080876,4515
85.419814,28.08088,4515
85.419809,28.080884,4515
85.419804,28.080888,4515
85.4198,28.080892,4515
85.419795,28.080894,4514
85.41979,28.080898,4514
85.419785,28.080902,4514
85.41978,28.080907,4514
85.419776,28.080912,4514
85.419772,28.080917,4514
85.419768,28.08092,4514
85.419763,28.080922,4514
85.419758,28.080925,4514
85.419754,28.080927,4514
85.419751,28.08093,4513
85.419747,28.080933,4513
85.419744,28.080937,4513
85.419739,28.080941,4513
85.419734,28.080944,4513
85.419728,28.080949,4513
85.419723,28.080954,4513
85.419718,28.080959,4513
85.419712,28.080965,4513
85.419706,28.080971,4512
85.419701,28.080976,4512
85.419698,28.080984,4512
85.419695,28.080992,4512
85.419694,28.081,4512
85.419691,28.081007,4512
85.419689,28.081015,4512
85.419687,28.081021,4511
85.419685,28.081027,4511
85.419682,28.081033,4511
85.419678,28.081038,4511
85.419675,28.081042,4511
85.419672,28.081046,4511
85.419669,28.08105,4511
85.419665,28.081053,4511
85.419663,28.081056,4511
85.419655,28.081063,4511
85.419655,28.081067,4510
85.419654,28.081069,4510
85.419651,28.081073,4510
85.419646,28.081078,4510
85.41964,28.081085,4510
85.419634,28.081092,4510
85.419627,28.0811,4510
85.41962,28.081108,4510
85.419614,28.081115,4509
85.419608,28.081122,4509
85.419604,28.081127,4509
85.419601,28.081131,4509
85.419598,28.081137,4509
85.419594,28.081143,4509
85.41959,28.081148,4509
85.419586,28.081154,4509
85.41958,28.081158,4508
85.419574,28.081163,4508
85.419567,28.081167,4508
85.419561,28.08117,4508
85.419555,28.081175,4508
85.419548,28.081178,4508
85.419541,28.081181,4508
85.419536,28.081183,4508
85.419531,28.081184,4508
85.419528,28.081185,4507
85.419511,28.081188,4507
85.419507,28.081189,4507
85.419499,28.081192,4507
85.419489,28.081195,4507
85.419478,28.081199,4507
85.419466,28.081202,4506
85.419453,28.081207,4506
85.41944,28.081211,4506
85.419426,28.081216,4506
85.41941,28.081221,4505
85.419398,28.081225,4505
85.419388,28.081229,4505
85.419378,28.081234,4505
85.419369,28.081237,4505
85.419361,28.081241,4504
85.419354,28.081247,4504
85.419348,28.081253,4504
85.419343,28.081259,4504
85.419337,28.081265,4504
85.419332,28.08127,4504
85.419326,28.081274,4504
85.419322,28.081278,4503
85.419311,28.081288,4503
85.419309,28.081289,4503
85.419307,28.081291,4503
85.419304,28.081295,4503
85.419301,28.081299,4503
85.419298,28.081303,4503
85.419295,28.081307,4503
85.419291,28.081311,4503
85.419287,28.081315,4502
85.419282,28.081319,4502
85.419278,28.081322,4502
85.419275,28.081326,4502
85.419263,28.081335,4502
85.419262,28.081335,4502
85.419259,28.081337,4502
85.419253,28.081338,4502
85.419243,28.081341,4502
85.419231,28.081344,4501
85.419218,28.081348,4501
85.419204,28.081354,4501
85.419189,28.081361,4501
85.419174,28.081369,4500
85.41916,28.081378,4500
85.419145,28.081388,4500
85.419135,28.081399,4499
85.419129,28.08141,4499
85.419124,28.081419,4499
85.41912,28.081427,4499
85.419115,28.081434,4499
85.41911,28.08144,4498
85.419104,28.081444,4498
85.419098,28.081449,4498
85.419092,28.081453,4498
85.419085,28.081457,4498
85.41908,28.081462,4498
85.419075,28.081467,4498
85.419071,28.081473,4497
85.419066,28.081479,4497
85.419061,28.081484,4497
85.419055,28.081487,4497
85.41905,28.081489,4497
85.419045,28.08149,4497
85.419038,28.08149,4497
85.419032,28.08149,4497
85.419026,28.081493,4496
85.419022,28.081497,4496
85.419018,28.081503,4496
85.419015,28.081508,4496
85.419012,28.081513,4496
85.419009,28.081519,4496
85.419008,28.081525,4496
85.419007,28.081531,4496
85.419007,28.081536,4496
85.419005,28.081542,4495
85.419002,28.081547,4495
85.418998,28.081552,4495
85.418994,28.081555,4495
85.418983,28.081563,4495
85.418978,28.081567,4495
85.418977,28.081567,4495
85.418974,28.081567,4495
85.41897,28.081567,4495
85.418967,28.081568,4495
85.418965,28.08157,4495
85.418962,28.081573,4494
85.418958,28.081576,4494
85.418954,28.081579,4494
85.418948,28.081582,4494
85.418943,28.081584,4494
85.418939,28.081587,4494
85.418935,28.081589,4494
85.41893,28.08159,4494
85.418925,28.081592,4494
85.41892,28.081596,4494
85.418919,28.0816,4493
85.418918,28.081606,4493
85.418917,28.08161,4493
85.418914,28.081615,4493
85.41891,28.081619,4493
85.418904,28.081621,4493
85.418898,28.081623,4493
85.418893,28.081624,4493
85.418887,28.081626,4493
85.418883,28.08163,4493
85.418879,28.081634,4492
85.418872,28.081637,4492
85.418865,28.081639,4492
85.418858,28.081641,4492
85.41885,28.081644,4492
85.418842,28.081648,4492
85.418835,28.081654,4492
85.418828,28.08166,4491
85.418823,28.081667,4491
85.418818,28.081674,4491
85.418813,28.081681,4491
85.418807,28.081687,4491
85.418802,28.081693,4491
85.418797,28.081699,4490
85.418792,28.081704,4490
85.418786,28.081707,4490
85.418781,28.081708,4490
85.418765,28.081712,4490
85.418764,28.081712,4490
85.418761,28.081713,4490
85.418756,28.081716,4490
85.41875,28.08172,4489
85.418745,28.081727,4489
85.41874,28.081734,4489
85.418734,28.081741,4489
85.418729,28.081749,4489
85.418723,28.081754,4489
85.418717,28.081759,4489
85.41871,28.081762,4488
85.418702,28.081765,4488
85.418696,28.081768,4488
85.418689,28.081771,4488
85.418683,28.081774,4488
85.418676,28.081777,4488
85.418668,28.081779,4488
85.41866,28.081781,4487
85.418651,28.081783,4487
85.418641,28.081784,4487
85.418632,28.081786,4487
85.418625,28.081788,4487
85.418603,28.081797,4486
85.418603,28.081798,4486
85.418602,28.081801,4486
85.418601,28.081803,4486
85.4186,28.081808,4486
85.418603,28.081807,4486
85.41861,28.081805,4486
85.41861,28.08181,4486
85.418609,28.08181,4486
85.418598,28.081823,4486
85.418596,28.081826,4485
85.41859,28.081831,4485
85.418582,28.081838,4485
85.418573,28.081846,4485
85.418563,28.081855,4485
85.418554,28.081864,4484
85.418545,28.081871,4484
85.418536,28.081878,4484
85.418528,28.081887,4484
85.418523,28.081893,4484
85.418519,28.081899,4484
85.418516,28.081904,4483
85.418513,28.08191,4483
85.418511,28.081915,4483
85.418508,28.08192,4483
85.418504,28.081924,4483
85.418499,28.081927,4483
85.418493,28.081929,4483
85.418489,28.081931,4483
85.418483,28.081934,4483
85.418477,28.081939,4482
85.418472,28.081945,4482
85.418468,28.081951,4482
85.418466,28.081956,4482
85.418465,28.081961,4482
85.418465,28.081967,4482
85.418462,28.081972,4482
85.418459,28.081976,4482
85.418454,28.08198,4481
85.418449,28.081984,4481
85.418442,28.081987,4481
85.418436,28.081991,4481
85.41843,28.081995,4481
85.418424,28.082,4481
85.418419,28.082003,4481
85.418414,28.082008,4481
85.418409,28.082012,4480
85.418404,28.082016,4480
85.418399,28.082021,4480
85.418394,28.082024,4480
85.418388,28.082028,4480
85.418382,28.082031,4480
85.418377,28.082034,4480
85.418371,28.082037,4480
85.418363,28.082041,4479
85.418356,28.082043,4479
85.418351,28.082045,4479
85.418334,28.082052,4479
85.418333,28.082052,4479
85.418332,28.082054,4479
85.418329,28.082057,4479
85.418326,28.082061,4479
85.418323,28.082064,4479
85.418321,28.082068,4478
85.418318,28.082073,4478
85.418316,28.082077,4478
85.418312,28.082081,4478
85.418306,28.082085,4478
85.418301,28.082087,4478
85.418295,28.082088,4478
85.41829,28.08209,4478
85.418285,28.082092,4478
85.41828,28.082093,4478
85.418274,28.082096,4477
85.418269,28.082099,4477
85.418263,28.082101,4477
85.418258,28.082104,4477
85.418252,28.082106,4477
85.418247,28.08211,4477
85.418242,28.082114,4477
85.418236,28.082119,4477
85.418232,28.082122,4477
85.418228,28.082124,4476
85.418222,28.082126,4476
85.418217,28.082126,4476
85.418212,28.082126,4476
85.418208,28.082127,4476
85.418203,28.082128,4476
85.418197,28.08213,4476
85.418191,28.082133,4476
85.418186,28.082135,4476
85.418166,28.082148,4475
85.418164,28.082151,4475
85.418162,28.082155,4475
85.418159,28.082162,4475
85.418154,28.082171,4475
85.418147,28.082182,4475
85.418139,28.082195,4474
85.418132,28.082208,4474
85.418125,28.082223,4474
85.418118,28.082236,4473
85.418112,28.082247,4473
85.418106,28.082256,4473
85.418101,28.082265,4473
85.418096,28.082272,4473
85.418091,28.082279,4472
85.418087,28.082287,4472
85.418082,28.082297,4472
85.418078,28.082306,4472
85.418076,28.082316,4472
85.418074,28.082328,4471
85.418072,28.082339,4471
85.41807,28.08235,4471
85.418067,28.082359,4471
85.418062,28.082365,4471
85.41806,28.08237,4470
85.418054,28.082375,4470
85.41805,28.082381,4470
85.418045,28.082385,4470
85.418042,28.08239,4470
85.418041,28.082394,4470
85.41804,28.082398,4470
85.418036,28.082404,4470
85.41803,28.082411,4469
85.418025,28.082418,4469
85.418021,28.082424,4469
85.418018,28.082433,4469
85.418015,28.082442,4469
85.418013,28.082451,4469
85.418011,28.082459,4468
85.41801,28.082465,4468
85.418007,28.082471,4468
85.418004,28.082478,4468
85.418,28.082484,4468
85.417996,28.08249,4468
85.417994,28.082496,4468
85.417988,28.082512,4467
85.417989,28.082515,4467
85.41799,28.082519,4467
85.417992,28.082524,4467
85.417991,28.082528,4467
85.41799,28.082533,4467
85.417988,28.082536,4467
85.417985,28.08254,4467
85.417981,28.082543,4467
85.417976,28.082546,4467
85.417972,28.08255,4466
85.417968,28.082555,4466
85.417965,28.082562,4466
85.417963,28.082571,4466
85.417962,28.082579,4466
85.41796,28.082586,4466
85.417957,28.082592,4466
85.417955,28.082597,4465
85.417951,28.082598,4465
85.417947,28.082597,4465
85.417942,28.082595,4465
85.417937,28.082593,4465
85.417933,28.082592,4465
85.417923,28.082588,4465
85.417922,28.082588,4465
85.417919,28.082586,4465
85.417916,28.082585,4465
85.417911,28.082585,4465
85.417904,28.082584,4465
85.417897,28.082584,4464
85.417889,28.082586,4464
85.417882,28.082588,4464
85.417874,28.08259,4464
85.417867,28.082593,4464
85.417861,28.082597,4464
85.417857,28.082601,4464
85.417853,28.082606,4463
85.417849,28.082611,4463
85.417845,28.082616,4463
85.417839,28.08262,4463
85.417832,28.082626,4463
85.417826,28.082632,4463
85.417822,28.082639,4463
85.417819,28.082647,4462
85.417815,28.082654,4462
85.417811,28.082661,4462
85.417805,28.082666,4462
85.417799,28.082672,4462
85.417793,28.082676,4462
85.417786,28.08268,4462
85.41778,28.082682,4461
85.417774,28.082684,4461
85.417767,28.082687,4461
85.417761,28.08269,4461
85.417756,28.082694,4461
85.41775,28.082698,4461
85.417745,28.0827,4461
85.417739,28.082703,4461
85.417732,28.082706,4461
85.417725,28.08271,4460
85.417718,28.082712,4460
85.417711,28.082714,4460
85.417704,28.082715,4460
85.417697,28.082716,4460
85.41769,28.082718,4460
85.417684,28.082721,4460
85.417679,28.082725,4459
85.417675,28.082729,4459
85.417671,28.082733,4459
85.417666,28.082737,4459
85.417659,28.08274,4459
85.417652,28.082744,4459
85.417646,28.082749,4459
85.417639,28.082755,4459
85.417632,28.082762,4458
85.417625,28.08277,4458
85.417618,28.082776,4458
85.417611,28.082782,4458
85.417605,28.082787,4458
85.417599,28.082793,4458
85.417594,28.082799,4457
85.417589,28.082804,4457
85.417585,28.082811,4457
85.417582,28.082818,4457
85.417578,28.082825,4457
85.417575,28.082832,4457
85.417572,28.082839,4457
85.417568,28.082845,4456
85.417565,28.082849,4456
85.417561,28.082853,4456
85.417555,28.082856,4456
85.41755,28.08286,4456
85.417545,28.082863,4456
85.417539,28.082866,4456
85.417534,28.082869,4456
85.417528,28.08287,4455
85.417523,28.082871,4455
85.417509,28.082878,4455
85.417507,28.082879,4455
85.417504,28.08288,4455
85.4175,28.082881,4455
85.417496,28.082881,4455
85.41749,28.082883,4455
85.417485,28.082885,4455
85.41748,28.082887,4455
85.417475,28.082889,4454
85.417471,28.082891,4454
85.417459,28.082893,4454
85.417456,28.082893,4454
85.417452,28.082895,4454
85.417449,28.082897,4454
85.417446,28.082902,4454
85.417441,28.082907,4454
85.417436,28.082913,4454
85.417431,28.082921,4453
85.417426,28.082929,4453
85.417421,28.082937,4453
85.417416,28.082946,4453
85.417413,28.082955,4453
85.41741,28.082964,4453
85.417406,28.082974,4452
85.417402,28.082983,4452
85.417396,28.082991,4452
85.417391,28.082999,4452
85.417385,28.083007,4452
85.417378,28.083014,4451
85.41737,28.083021,4451
85.417363,28.083027,4451
85.417354,28.083032,4451
85.417346,28.083037,4451
85.417338,28.083043,4450
85.417329,28.083049,4450
85.41732,28.083055,4450
85.417311,28.08306,4450
85.417304,28.083066,4450
85.417297,28.083073,4450
85.41729,28.083079,4449
85.417284,28.083087,4449
85.417278,28.083096,4449
85.417273,28.083104,4449
85.417268,28.083113,4449
85.417263,28.08312,4448
85.417257,28.083126,4448
85.417251,28.083132,4448
85.417246,28.083138,4448
85.417242,28.083144,4448
85.417238,28.083151,4448
85.417235,28.083157,4448
85.417231,28.083161,4447
85.417227,28.083165,4447
85.417222,28.083168,4447
85.417216,28.083171,4447
85.417209,28.083174,4447
85.417203,28.083177,4447
85.417196,28.083178,4447
85.417181,28.083178,4446
85.417177,28.083182,4446
85.417176,28.083183,4446
85.417174,28.083187,4446
85.417171,28.08319,4446
85.417167,28.083192,4446
85.417162,28.083195,4446
85.417157,28.083198,4446
85.417152,28.083202,4446
85.417146,28.083204,4446
85.41714,28.083206,4446
85.417135,28.083209,4445
85.41713,28.083212,4445
85.417126,28.083214,4445
85.417121,28.083217,4445
85.417117,28.083221,4445
85.417112,28.083226,4445
85.417107,28.083231,4445
85.417101,28.083235,4445
85.417094,28.08324,4444
85.417087,28.083245,4444
85.417082,28.083249,4444
85.417077,28.083252,4444
85.417067,28.08326,4444
85.417062,28.08326,4444
85.417061,28.08326,4444
85.417058,28.08326,4444
85.417055,28.083261,4444
85.417051,28.083262,4444
85.417045,28.083264,4443
85.417039,28.083267,4443
85.417032,28.083268,4443
85.417026,28.083269,4443
85.417021,28.083271,4443
85.417015,28.083273,4443
85.417008,28.083274,4443
85.417002,28.083274,4443
85.416995,28.083276,4443
85.41699,28.083278,4442
85.416983,28.08328,4442
85.416978,28.083282,4442
85.416973,28.083284,4442
85.416958,28.08329,4442
85.416957,28.08329,4442
85.416955,28.083291,4442
85.416951,28.083293,4442
85.416945,28.083295,4442
85.41694,28.083298,4441
85.416933,28.0833,4441
85.416927,28.083304,4441
85.416922,28.083306,4441
85.416908,28.083315,4441
85.416904,28.083317,4441
85.416903,28.083318,4441
85.416896,28.08332,4441
85.416895,28.083319,4441
85.416893,28.08332,4441
85.416888,28.08332,4440
85.416884,28.083319,4440
85.416873,28.083317,4440
85.416866,28.08332,4440
85.416861,28.083325,4440
85.416858,28.083326,4440
85.416853,28.08333,4440
85.416845,28.083334,4440
85.416836,28.08334,4439
85.416826,28.083346,4439
85.416817,28.083352,4439
85.416809,28.083359,4439
85.416802,28.083367,4439
85.416795,28.083375,4438
85.416789,28.083381,4438
85.416784,28.083385,4438
85.416777,28.083388,4438
85.41677,28.083391,4438
85.416766,28.083396,4438
85.416762,28.0834,4438
85.416759,28.083406,4437
85.416757,28.083411,4437
85.416754,28.083416,4437
85.416751,28.083419,4437
85.416747,28.083423,4437
85.416742,28.083427,4437
85.416737,28.083432,4437
85.416733,28.083436,4437
85.416729,28.08344,4437
85.416727,28.083443,4437
85.416718,28.083453,4436
85.416718,28.083454,4436
85.416717,28.083456,4436
85.416716,28.08346,4436
85.416714,28.083463,4436
85.416713,28.083467,4436
85.416711,28.08347,4436
85.416708,28.083473,4436
85.416705,28.083476,4436
85.416698,28.083478,4436
85.416697,28.083477,4436
85.416696,28.083476,4436
85.416694,28.083475,4436
85.416692,28.083474,4436
85.416689,28.083472,4436
85.416685,28.08347,4436
85.416681,28.083469,4436
85.416677,28.083468,4436
85.416663,28.083468,4435
85.416661,28.083469,4435
85.416658,28.083471,4435
85.416653,28.083473,4435
85.416648,28.083476,4435
85.416641,28.083478,4435
85.416634,28.08348,4435
85.416624,28.083482,4435
85.416614,28.083485,4435
85.416605,28.083488,4434
85.416599,28.08349,4434
85.41658,28.083502,4434
85.416578,28.083505,4434
85.416576,28.083512,4434
85.416574,28.083521,4434
85.416572,28.08353,4433
85.41657,28.08354,4433
85.416568,28.083549,4433
85.416565,28.083558,4433
85.416561,28.083567,4433
85.416556,28.083575,4433
85.416551,28.083582,4432
85.416547,28.083587,4432
85.416544,28.08359,4432
85.416535,28.083598,4432
85.416534,28.083599,4432
85.416533,28.0836,4432
85.416532,28.083603,4432
85.41653,28.083608,4432
85.416526,28.083613,4432
85.416523,28.083618,4432
85.41652,28.083622,4432
85.416517,28.083626,4432
85.416507,28.083635,4431
85.416506,28.083636,4431
85.416504,28.083637,4431
85.416501,28.083639,4431
85.416498,28.083642,4431
85.416495,28.083645,4431
85.416491,28.083648,4431
85.416487,28.08365,4431
85.416483,28.083652,4431
85.416477,28.083655,4431
85.416471,28.083657,4431
85.416465,28.08366,4431
85.416461,28.083662,4431
85.416457,28.083664,4430
85.41644,28.08367,4430
85.416438,28.08367,4430
85.416435,28.083671,4430
85.416431,28.083672,4430
85.416399,28.083685,4429
85.416398,28.083685,4429
85.416396,28.083685,4429
85.41638,28.083687,4429
85.416377,28.083687,4429
85.416369,28.083687,4429
85.416359,28.083689,4429
85.416346,28.08369,4428
85.416331,28.083692,4428
85.416316,28.083693,4428
85.416301,28.083695,4428
85.416286,28.083696,4427
85.416272,28.083697,4427
85.41624,28.0837,4427
85.416239,28.083701,4426
85.416236,28.083702,4426
85.416232,28.083703,4426
85.416227,28.083705,4426
85.416221,28.083708,4426
85.416216,28.08371,4426
85.416209,28.083713,4426
85.416204,28.083716,4426
85.416199,28.083721,4426
85.416195,28.083725,4426
85.41619,28.083729,4425
85.416185,28.083732,4425
85.416179,28.083735,4425
85.416174,28.083738,4425
85.416168,28.083741,4425
85.416162,28.083743,4425
85.416158,28.083745,4425
85.416145,28.083752,4424
85.416144,28.083754,4424
85.416142,28.083757,4424
85.416139,28.08376,4424
85.416137,28.083764,4424
85.416134,28.083767,4424
85.416131,28.083769,4424
85.416126,28.083773,4424
85.41612,28.083777,4424
85.416114,28.083781,4424
85.416107,28.083785,4424
85.4161,28.083788,4423
85.416093,28.08379,4423
85.416085,28.083793,4423
85.416078,28.083796,4423
85.416071,28.083799,4423
85.416064,28.083803,4423
85.416059,28.083807,4423
85.416054,28.08381,4422
85.416049,28.083813,4422
85.416046,28.083816,4422
85.416042,28.08382,4422
85.416038,28.083822,4422
85.416033,28.083823,4422
85.416029,28.083824,4422
85.416014,28.083828,4422
85.416012,28.083828,4422
85.416007,28.083829,4422
85.416,28.08383,4421
85.415989,28.083833,4421
85.415978,28.083835,4421
85.415966,28.083837,4421
85.415953,28.083839,4421
85.415941,28.083841,4420
85.415928,28.083843,4420
85.415918,28.083844,4420
85.41591,28.083845,4420
85.415901,28.083847,4420
85.415893,28.08385,4419
85.415885,28.083851,4419
85.415877,28.083853,4419
85.415868,28.083855,4419
85.415859,28.083857,4419
85.415851,28.083858,4419
85.415842,28.08386,4419
85.415834,28.083862,4418
85.415828,28.083864,4418
85.415821,28.083867,4418
85.415815,28.08387,4418
85.415809,28.083873,4418
85.415805,28.083875,4418
85.415789,28.083883,4417
85.415786,28.083884,4417
85.41578,28.083886,4417
85.415772,28.083889,4417
85.415761,28.083892,4417
85.41575,28.083895,4417
85.415738,28.083898,4417
85.415725,28.083902,4416
85.415714,28.083904,4416
85.415703,28.083907,4416
85.415679,28.083913,4415
85.415678,28.083913,4415
85.415675,28.083913,4415
85.415671,28.083914,4415
85.415665,28.083916,4415
85.415658,28.083918,4415
85.41565,28.083922,4415
85.415642,28.083925,4415
85.415635,28.083929,4415
85.415629,28.083933,4414
85.415623,28.083936,4414
85.415617,28.08394,4414
85.415611,28.083944,4414
85.415605,28.083949,4414
85.415601,28.083954,4414
85.415596,28.08396,4414
85.415591,28.083964,4413
85.415585,28.083968,4413
85.415578,28.083971,4413
85.41557,28.083974,4413
85.415563,28.083978,4413
85.415555,28.083981,4413
85.415547,28.083985,4413
85.41554,28.083988,4412
85.415534,28.083991,4412
85.415529,28.083995,4412
85.415524,28.083997,4412
85.41552,28.084,4412
85.415515,28.084004,4412
85.41551,28.084009,4412
85.415504,28.084014,4412
85.415498,28.084019,4411
85.415491,28.084024,4411
85.415482,28.084028,4411
85.415474,28.084032,4411
85.415466,28.084036,4411
85.415457,28.084039,4411
85.415447,28.084043,4410
85.415437,28.084046,4410
85.415429,28.084049,4410
85.41542,28.084052,4410
85.415411,28.084055,4410
85.415402,28.084057,4410
85.415392,28.08406,4409
85.415383,28.084063,4409
85.415372,28.084066,4409
85.415362,28.084069,4409
85.415352,28.084072,4409
85.415341,28.084075,4408
85.415329,28.084079,4408
85.415316,28.084082,4408
85.415304,28.084085,4408
85.415292,28.084087,4408
85.41528,28.084088,4407
85.415268,28.08409,4407
85.415256,28.084091,4407
85.415245,28.084091,4407
85.415234,28.08409,4407
85.415223,28.084088,4406
85.415212,28.084087,4406
85.415201,28.084086,4406
85.415191,28.084086,4406
85.415181,28.084086,4406
85.41517,28.084087,4406
85.41516,28.084088,4406
85.41515,28.084088,4406
85.415139,28.084088,4406
85.415129,28.084088,4406
85.415119,28.084088,4406
85.415112,28.084087,4406
85.415106,28.084086,4406
85.415103,28.084085,4406
85.415095,28.084082,4406
85.415093,28.084082,4406
85.415089,28.084083,4406
85.415083,28.084085,4406
85.415074,28.084087,4406
85.415064,28.084089,4406
85.415052,28.084091,4406
85.41504,28.084093,4406
85.415027,28.084094,4406
85.415014,28.084095,4406
85.415,28.084095,4406
85.414987,28.084095,4406
85.414975,28.084093,4406
85.414964,28.084091,4406
85.414953,28.084089,4406
85.414943,28.084085,4406
85.414931,28.084081,4406
85.41492,28.084078,4406
85.414908,28.084076,4406
85.414896,28.084074,4406
85.414884,28.084072,4406
85.414872,28.084071,4406
85.41486,28.08407,4406
85.414848,28.084069,4406
85.414837,28.084068,4406
85.414826,28.084067,4406
85.414815,28.084066,4406
85.414803,28.084065,4406
85.414791,28.084064,4406
85.414779,28.084063,4406
85.414769,28.084062,4406
85.414758,28.084062,4406
85.414748,28.084061,4406
85.414736,28.08406,4406
85.414724,28.084058,4406
85.414712,28.084057,4406
85.414701,28.084056,4406
85.41469,28.084054,4406
85.414679,28.084053,4406
85.414667,28.084052,4406
85.414655,28.084051,4406
85.414644,28.084049,4406
85.414632,28.084047,4406
85.41462,28.084046,4406
85.414608,28.084045,4406
85.414596,28.084044,4406
85.414583,28.084043,4406
85.414571,28.084043,4406
85.41456,28.084042,4406
85.414549,28.084043,4406
85.414539,28.084044,4406
85.414529,28.084046,4406
85.414519,28.084048,4406
85.414509,28.08405,4406
85.414498,28.084054,4406
85.414488,28.084058,4406
85.414477,28.084063,4406
85.414467,28.084067,4406
85.414456,28.084072,4406
85.414446,28.084075,4406
85.414434,28.084079,4406
85.414422,28.084082,4406
85.41441,28.084084,4406
85.414399,28.084086,4406
85.414387,28.084088,4406
85.414374,28.08409,4406
85.414361,28.084093,4406
85.414349,28.084095,4406
85.414338,28.084098,4406
85.414326,28.0841,4406
85.414315,28.084102,4406
85.414304,28.084105,4406
85.414293,28.084108,4406
85.414283,28.084111,4406
85.414271,28.084114,4406
85.414261,28.084117,4406
85.41425,28.084121,4406
85.414239,28.084124,4406
85.414227,28.084129,4406
85.414216,28.084133,4406
85.414206,28.084137,4406
85.414195,28.084142,4406
85.414184,28.084145,4406
85.414173,28.084148,4406
85.414161,28.084152,4406
85.41415,28.084154,4406
85.414139,28.084156,4406
85.414128,28.084157,4406
85.414117,28.084158,4406
85.414106,28.084158,4406
85.414095,28.08416,4406
85.414084,28.084161,4406
85.414074,28.084162,4406
85.414064,28.084163,4406
85.414053,28.084163,4406
85.414042,28.084164,4406
85.414032,28.084166,4406
85.414021,28.084167,4406
85.41401,28.084169,4406
85.413999,28.084169,4406
85.413988,28.08417,4406
85.413976,28.084172,4406
85.413965,28.084173,4406
85.413953,28.084176,4406
85.413942,28.084178,4406
85.413932,28.08418,4406
85.413922,28.084182,4406
85.413912,28.084183,4406
85.4139,28.084184,4406
85.413889,28.084185,4406
85.413877,28.084186,4406
85.413867,28.084186,4406
85.413856,28.084186,4406
85.413846,28.084186,4406
85.413835,28.084187,4406
85.413824,28.084188,4406
85.413813,28.084189,4406
85.413802,28.084191,4406
85.413792,28.084192,4406
85.413781,28.084194,4406
85.41377,28.084195,4406
85.413759,28.084196,4406
85.413748,28.084198,4406
85.413737,28.084198,4406
85.413725,28.0842,4406
85.413713,28.084202,4406
85.413701,28.084203,4406
85.413689,28.084204,4406
85.413676,28.084205,4406
85.413664,28.084206,4406
85.413653,28.084207,4406
85.413642,28.084207,4406
85.413632,28.084208,4406
85.413621,28.084209,4406
85.413609,28.08421,4406
85.413599,28.084211,4406
85.41359,28.084211,4406
85.413582,28.084211,4406
85.413566,28.084207,4406
85.413562,28.084209,4406
85.413561,28.084209,4406
85.413558,28.084209,4406
85.413553,28.084209,4406
85.413546,28.084209,4406
85.413539,28.08421,4406
85.41353,28.08421,4406
85.413521,28.08421,4406
85.413512,28.08421,4406
85.413503,28.084211,4406
85.413494,28.084212,4406
85.413484,28.084213,4406
85.413475,28.084213,4406
85.413465,28.084213,4406
85.413455,28.084211,4406
85.413444,28.08421,4406
85.413432,28.084209,4406
85.413422,28.084209,4406
85.413412,28.084209,4406
85.413403,28.08421,4406
85.413394,28.084211,4406
85.413384,28.084212,4406
85.413374,28.084214,4406
85.413365,28.084217,4406
85.413355,28.084219,4406
85.413345,28.084221,4406
85.413336,28.084223,4406
85.413326,28.084227,4406
85.413315,28.084229,4406
85.413304,28.084232,4406
85.413293,28.084234,4406
85.413282,28.084236,4406
85.413271,28.084237,4406
85.41326,28.084238,4406
85.41325,28.084237,4406
85.413239,28.084237,4406
85.413228,28.084237,4406
85.413218,28.084237,4406
85.413207,28.084238,4406
85.413198,28.08424,4406
85.413188,28.084242,4406
85.413179,28.084245,4406
85.413169,28.084247,4406
85.413159,28.084248,4406
85.413151,28.084249,4406
85.413142,28.084249,4406
85.413134,28.084251,4406
85.413125,28.084252,4406
85.413115,28.084253,4406
85.413105,28.084254,4406
85.413095,28.084254,4406
85.413085,28.084254,4406
85.413075,28.084253,4406
85.413065,28.084252,4406
85.413055,28.084252,4406
85.413045,28.084253,4406
85.413034,28.084253,4406
85.413024,28.084253,4406
85.413014,28.084253,4406
85.413004,28.084253,4406
85.412994,28.084252,4406
85.412983,28.084252,4406
85.412973,28.084252,4406
85.412962,28.084252,4406
85.412951,28.084253,4406
85.412939,28.084254,4406
85.412928,28.084253,4406
85.412918,28.084252,4406
85.412907,28.084252,4406
85.412897,28.084252,4406
85.412887,28.084252,4406
85.412877,28.084253,4406
85.412866,28.084254,4406
85.412855,28.084256,4406
85.412845,28.084257,4406
85.412835,28.084259,4406
85.412825,28.084261,4406
85.412815,28.084263,4406
85.412805,28.084265,4406
85.412795,28.084266,4406
85.412785,28.084267,4406
85.412776,28.084267,4406
85.412765,28.084267,4406
85.412756,28.084268,4406
85.412746,28.084269,4406
85.412736,28.084268,4406
85.412726,28.084268,4406
85.412717,28.084267,4406
85.412707,28.084267,4406
85.412699,28.084267,4406
85.412691,28.084266,4406
85.412685,28.084265,4406
85.412668,28.084266,4406
85.412666,28.084265,4406
85.412662,28.084265,4406
85.412655,28.084265,4406
85.412646,28.084265,4406
85.412637,28.084265,4406
85.412627,28.084265,4406
85.412618,28.084265,4406
85.412608,28.084263,4406
85.412599,28.084262,4406
85.41259,28.084261,4406
85.41258,28.08426,4406
85.41257,28.084259,4406
85.412559,28.084258,4406
85.412549,28.084258,4406
85.41254,28.084259,4406
85.412532,28.084259,4406
85.412523,28.084259,4406
85.412515,28.08426,4406
85.412505,28.084261,4406
85.412495,28.084262,4406
85.412485,28.084265,4406
85.412474,28.084266,4406
85.412464,28.084266,4406
85.412454,28.084267,4406
85.412443,28.084267,4406
85.412433,28.084267,4406
85.412422,28.084268,4406
85.41241,28.084269,4406
85.412399,28.084269,4406
85.412387,28.08427,4406
85.412375,28.08427,4406
85.412364,28.08427,4406
85.412353,28.084269,4406
85.412341,28.08427,4406
85.41233,28.084271,4406
85.412319,28.084271,4406
85.412309,28.084271,4406
85.4123,28.08427,4406
85.41229,28.084269,4406
85.41228,28.084268,4406
85.41227,28.084267,4406
85.412259,28.084266,4406
85.412248,28.084265,4406
85.412237,28.084263,4406
85.412226,28.084261,4406
85.412215,28.08426,4406
85.412204,28.084259,4406
85.412194,28.084257,4406
85.412184,28.084256,4406
85.412174,28.084255,4406
85.412165,28.084252,4406
85.412144,28.084244,4406
85.412142,28.084243,4406
85.41214,28.084241,4406
85.412137,28.084239,4406
85.412133,28.084236,4406
85.412129,28.084234,4406
85.412124,28.084231,4406
85.412118,28.084228,4406
85.41211,28.084226,4406
85.412103,28.084223,4406
85.412095,28.084221,4406
85.412088,28.084216,4406
85.412081,28.084212,4406
85.412073,28.084208,4406
85.412065,28.084205,4406
85.412057,28.084201,4406
85.412047,28.084197,4406
85.412038,28.084191,4406
85.412029,28.084186,4406
85.412019,28.084182,4406
85.412009,28.084178,4406
85.412,28.084174,4406
85.41199,28.084171,4406
85.41198,28.084168,4406
85.411972,28.084166,4406
85.411964,28.084163,4406
85.411958,28.084161,4406
85.411939,28.084156,4406
85.411937,28.084156,4406
85.411933,28.084156,4406
85.411927,28.084155,4406
85.411919,28.084152,4406
85.411911,28.08415,4406
85.411903,28.084147,4406
85.411893,28.084145,4406
85.411885,28.084142,4406
85.411877,28.084139,4406
85.411869,28.084136,4406
85.41186,28.084133,4406
85.411851,28.084131,4406
85.411843,28.084129,4406
85.411834,28.084126,4406
85.411826,28.084123,4406
85.411819,28.084118,4406
85.411812,28.084114,4406
85.411806,28.08411,4406
85.411801,28.084106,4406
85.411796,28.084102,4406
85.411791,28.084096,4406
85.411785,28.084091,4406
85.411779,28.084086,4406
85.411774,28.08408,4406
85.411768,28.084074,4406
85.411761,28.084068,4406
85.411753,28.084062,4406
85.411743,28.084054,4406
85.411735,28.084048,4406
85.411726,28.084041,4406
85.411718,28.084035,4406
85.41171,28.084029,4406
85.411704,28.084023,4406
85.411698,28.084016,4406
85.411692,28.08401,4406
85.411685,28.084004,4406
85.411679,28.083998,4406
85.411672,28.08399,4406
85.411666,28.083985,4406
85.411661,28.08398,4406
85.411654,28.083974,4406
85.411647,28.083966,4406
85.411641,28.083959,4406
85.411635,28.083951,4406
85.411628,28.083942,4406
85.411621,28.083934,4406
85.411615,28.083926,4406
85.411607,28.083918,4406
85.411599,28.08391,4406
85.411591,28.083902,4406
85.411584,28.083894,4406
85.411575,28.083887,4406
85.411566,28.083879,4406
85.411557,28.083872,4406
85.411548,28.083864,4406
85.411538,28.083858,4406
85.411528,28.083852,4406
85.411519,28.083846,4406
85.411509,28.08384,4406
85.411499,28.083833,4406
85.411489,28.083825,4406
85.411477,28.083819,4406
85.411465,28.083814,4406
85.411452,28.083808,4406
85.411439,28.083804,4407
85.411429,28.083801,4407
85.411419,28.083798,4407
85.41141,28.083796,4407
85.411398,28.083793,4407
85.411388,28.083791,4407
85.411378,28.083789,4407
85.411368,28.083787,4407
85.411357,28.083785,4407
85.411344,28.083781,4407
85.411331,28.083777,4407
85.411319,28.083772,4407
85.411308,28.083769,4407
85.411298,28.083766,4407
85.411289,28.083764,4407
85.41128,28.083762,4407
85.41127,28.083761,4408
85.411262,28.083761,4408
85.411253,28.08376,4408
85.411243,28.083759,4408
85.411235,28.08376,4408
85.411224,28.083761,4408
85.411213,28.083761,4408
85.411202,28.08376,4408
85.411191,28.08376,4408
85.411179,28.083759,4408
85.411167,28.083758,4408
85.411154,28.083756,4407
85.411144,28.083754,4408
85.411135,28.083751,4408
85.411127,28.083748,4408
85.411118,28.083744,4408
85.411109,28.083741,4408
85.411101,28.083738,4408
85.411092,28.083735,4408
85.411084,28.083732,4408
85.411075,28.083727,4408
85.411066,28.083723,4408
85.411059,28.083718,4408
85.411051,28.083712,4408
85.411042,28.083706,4408
85.411033,28.083701,4408
85.411026,28.083695,4408
85.41102,28.083691,4408
85.411013,28.083687,4409
85.411006,28.083683,4409
85.410998,28.08368,4408
85.410992,28.083678,4408
85.410985,28.083676,4408
85.410978,28.083676,4408
85.410968,28.083675,4409
85.410958,28.083673,4409
85.410948,28.083669,4409
85.410938,28.083665,4409
85.410928,28.083661,4410
85.410919,28.083657,4410
85.41091,28.083653,4410
85.410903,28.083648,4410
85.410894,28.083645,4410
85.410887,28.08364,4410
85.410879,28.083637,4410
85.410873,28.083633,4410
85.410868,28.083629,4410
85.410863,28.083625,4410
85.410856,28.083621,4410
85.41085,28.083617,4410
85.410844,28.083613,4411
85.410839,28.083608,4411
85.410832,28.083602,4410
85.410825,28.083595,4410
85.410817,28.083588,4410
85.410809,28.083581,4410
85.4108,28.083574,4411
85.410792,28.083567,4411
85.410784,28.083562,4410
85.410776,28.083557,4410
85.410768,28.083552,4410
85.410759,28.083546,4411
85.410751,28.083541,4411
85.410742,28.083535,4411
85.410734,28.083529,4410
85.410727,28.083522,4410
85.41072,28.083517,4410
85.410711,28.083511,4410
85.410703,28.083504,4410
85.410694,28.083497,4410
85.410685,28.08349,4409
85.410678,28.083483,4409
85.410672,28.083475,4410
85.410665,28.083467,4410
85.410659,28.083458,4410
85.410651,28.08345,4409
85.410644,28.083443,4409
85.410636,28.083436,4409
85.410628,28.08343,4409
85.410619,28.083423,4409
85.410612,28.083417,4409
85.410604,28.083411,4409
85.410596,28.083406,4409
85.410587,28.083402,4409
85.410578,28.083399,4409
85.410569,28.083397,4409
85.410559,28.083396,4409
85.41055,28.083394,4409
85.410541,28.083392,4409
85.410531,28.083391,4409
85.410521,28.083389,4409
85.410511,28.083388,4409
85.4105,28.083386,4409
85.41049,28.083385,4409
85.410479,28.083383,4409
85.410469,28.083381,4409
85.41046,28.08338,4409
85.410451,28.083378,4409
85.410442,28.083377,4409
85.410433,28.083377,4409
85.410424,28.083377,4409
85.410416,28.083376,4409
85.410408,28.083374,4409
85.410399,28.083372,4409
85.41039,28.08337,4409
85.41038,28.083369,4409
85.410371,28.083368,4409
85.410362,28.083366,4409
85.410353,28.083365,4409
85.410343,28.083364,4409
85.410334,28.083364,4409
85.410327,28.083363,4409
85.410318,28.083361,4409
85.410309,28.083358,4409
85.410302,28.083356,4409
85.410295,28.083351,4409
85.410291,28.083345,4409
85.410287,28.083338,4409
85.410285,28.083331,4409
85.410283,28.083324,4409
85.410283,28.083317,4409
85.410284,28.083309,4409
85.410284,28.0833,4408
85.410284,28.083291,4408
85.410285,28.083283,4408
85.410284,28.083274,4408
85.410283,28.083266,4408
85.410282,28.083258,4408
85.410282,28.08325,4408
85.410283,28.083243,4408
85.410285,28.083235,4408
85.410288,28.083227,4408
85.410291,28.08322,4408
85.410295,28.083212,4408
85.410299,28.083204,4408
85.410302,28.083196,4408
85.410306,28.083187,4408
85.410309,28.083178,4408
85.410313,28.083169,4408
85.410315,28.083159,4408
85.410318,28.083152,4408
85.410321,28.083144,4407
85.410324,28.083136,4407
85.410329,28.08313,4407
85.410335,28.083123,4408
85.41034,28.083117,4408
85.410346,28.08311,4407
85.410352,28.083104,4407
85.410358,28.083098,4407
85.410366,28.083094,4407
85.410374,28.083092,4407
85.410383,28.083091,4407
85.41039,28.083091,4407
85.410399,28.083093,4407
85.410407,28.083095,4407
85.410413,28.083097,4407
85.410418,28.0831,4407
85.41043,28.083109,4407
85.41042,28.083086,4407
85.41042,28.083085,4407
85.41042,28.083083,4407
85.410412,28.083077,4407
85.41041,28.083078,4407
85.410407,28.083078,4407
85.410403,28.083079,4407
85.410399,28.08308,4407
85.410382,28.083082,4407
85.41038,28.083082,4407
85.410379,28.083081,4407
85.410382,28.083083,4407
85.410389,28.083088,4407
85.410396,28.083095,4407
85.410405,28.083104,4407
85.410412,28.083112,4407
85.410419,28.083119,4407
85.410426,28.083125,4407
85.410432,28.083129,4407
85.410438,28.083132,4407
85.410441,28.083133,4407
85.410444,28.083131,4407
85.410443,28.08313,4407
85.410439,28.083122,4407
85.410436,28.083119,4407
85.410431,28.083113,4407
85.410425,28.083107,4407
85.410417,28.083102,4407
85.410408,28.083097,4407
85.410397,28.083093,4407
85.410386,28.08309,4407
85.410377,28.083087,4407
85.41037,28.083084,4407
85.410356,28.083076,4407
85.410352,28.083066,4407
85.410351,28.083063,4407
85.410348,28.083057,4407
85.410345,28.083049,4407
85.410342,28.083041,4407
85.410338,28.083032,4407
85.410335,28.083022,4407
85.410332,28.083011,4406
85.410328,28.083001,4406
85.410324,28.08299,4406
85.410321,28.082979,4406
85.410318,28.082969,4406
85.410316,28.082961,4405
85.410316,28.082952,4405
85.410317,28.082944,4405
85.410319,28.082936,4405
85.410321,28.08293,4405
85.410323,28.082925,4405
85.410326,28.08292,4404
85.41033,28.082917,4404
85.410334,28.082914,4405
85.410339,28.082911,4405
85.410342,28.082906,4405
85.410344,28.0829,4405
85.410343,28.082893,4405
85.41034,28.082887,4405
85.410335,28.082882,4405
85.410331,28.082877,4404
85.410328,28.08287,4404
85.410321,28.082865,4404
85.410313,28.082862,4404
85.410307,28.082858,4404
85.410303,28.082855,4404
85.410299,28.082851,4404
85.410297,28.082845,4402
85.410296,28.082839,4402
85.410293,28.082833,4402
85.410291,28.082827,4402
85.410289,28.082822,4401
85.410282,28.082809,4400
85.410277,28.082809,4400
85.410273,28.082808,4400
85.410266,28.082805,4400
85.410257,28.082801,4400
85.410246,28.082797,4398
85.410235,28.082791,4398
85.410223,28.082784,4398
85.41021,28.082776,4398
85.410196,28.082767,4394
85.410183,28.082759,4394
85.41017,28.082752,4394
85.410159,28.082746,4391
85.410149,28.082741,4391
85.410142,28.082736,4391
85.410137,28.082732,4390
85.410121,28.08273,4390
85.41012,28.08273,4390
85.410116,28.082741,4388
85.410118,28.082745,4388
85.410114,28.082746,4388
85.410118,28.082751,4388
85.41012,28.082754,4391
85.410123,28.082761,4391
85.410128,28.082769,4391
85.410135,28.082777,4392
85.41014,28.082786,4392
85.410146,28.082795,4392
85.410153,28.082804,4392
85.41016,28.082813,4394
85.410169,28.08282,4396
85.410177,28.082826,4396
85.410185,28.082831,4396
85.410193,28.082835,4396
85.410201,28.08284,4396
85.410209,28.082844,4399
85.410216,28.082848,4400
85.410233,28.082861,4400
85.410234,28.082862,4400
85.410238,28.082864,4400
85.410243,28.082867,4400
85.410252,28.08287,4402
85.410261,28.082872,4402
85.41027,28.082874,4402
85.41028,28.082877,4402
85.410289,28.08288,4402
85.410298,28.082883,4404
85.410305,28.082887,4404
85.410311,28.082892,4404
85.410316,28.082897,4404
85.410321,28.082902,4404
85.410327,28.082906,4404
85.410333,28.082909,4405
85.410338,28.082912,4405
85.410342,28.082915,4405
85.410343,28.082918,4405
85.410342,28.082919,4405
85.41034,28.082921,4405
85.410336,28.082923,4405
85.410333,28.082926,4406
85.41033,28.08293,4405
85.410319,28.082941,4405
85.410318,28.082942,4405
85.410315,28.082942,4405
85.410312,28.082942,4405
85.41031,28.082945,4405
85.41031,28.08295,4405
85.410313,28.082958,4405
85.410317,28.082969,4406
85.410322,28.08298,4406
85.410326,28.082991,4406
85.410329,28.083003,4406
85.410332,28.083016,4406
85.410335,28.083029,4407
85.410338,28.083042,4407
85.41034,28.083052,4407
85.410343,28.083061,4407
85.410343,28.083069,4407
85.410341,28.083075,4407
85.410337,28.083082,4407
85.410329,28.083089,4407
85.410322,28.083096,4407
85.410314,28.083103,4407
85.410308,28.08311,4407
85.410302,28.083116,4407
85.410296,28.083123,4407
85.410291,28.083129,4407
85.410287,28.083136,4407
85.410282,28.083143,4407
85.410277,28.083149,4407
85.410274,28.083156,4407
85.41027,28.083164,4407
85.410266,28.083173,4407
85.410262,28.083181,4407
85.410258,28.083189,4408
85.410255,28.083196,4408
85.410252,28.083203,4408
85.410249,28.083211,4408
85.410249,28.083219,4408
85.41025,28.083228,4408
85.410252,28.083239,4408
85.410254,28.083248,4408
85.410258,28.083256,4408
85.410261,28.083266,4408
85.410264,28.083274,4408
85.410266,28.083282,4408
85.410266,28.08329,4408
85.410265,28.083299,4408
85.410263,28.083308,4409
85.410261,28.083316,4409
85.410257,28.083322,4409
85.410252,28.083326,4409
85.410247,28.083328,4409
85.410242,28.083329,4408
85.410238,28.083329,4408
85.410235,28.083328,4408
85.410218,28.08333,4408
85.410214,28.083331,4408
85.410205,28.083334,4408
85.410195,28.083338,4408
85.410183,28.083342,4409
85.410172,28.083345,4409
85.410161,28.083347,4409
85.410149,28.08335,4409
85.410136,28.083352,4409
85.410124,28.083355,4409
85.410115,28.083357,4409
85.410108,28.083358,4409
85.410101,28.08336,4409
85.410095,28.083362,4409
85.410089,28.083365,4409
85.410083,28.083367,4409
85.410078,28.083369,4409
85.410075,28.083372,4409
85.410072,28.083374,4409
85.410067,28.083376,4409
85.410062,28.08338,4410
85.410057,28.083384,4410
85.410052,28.083388,4410
85.410047,28.083392,4410
85.410043,28.083395,4410
85.410038,28.083396,4410
85.410033,28.083398,4410
85.410028,28.083402,4410
85.410024,28.083404,4410
85.41002,28.083407,4410
85.410016,28.083409,4410
85.410012,28.083411,4410
85.410007,28.083413,4410
85.410003,28.083416,4411
85.409998,28.08342,4411
85.409994,28.083424,4411
85.409991,28.083427,4411
85.40999,28.083431,4411
85.40998,28.083436,4411
85.409986,28.08344,4411
85.409989,28.083441,4411
85.409993,28.083443,4411
85.409998,28.083447,4411
85.410004,28.083452,4411
85.410009,28.083458,4413
85.410015,28.083465,4413
85.410023,28.083472,4413
85.410031,28.083478,4413
85.41004,28.083485,4413
85.410046,28.083489,4413
85.410051,28.083494,4414
85.410054,28.0835,4414
85.410056,28.083505,4414
85.410056,28.08351,4414
85.410057,28.083514,4414
85.41006,28.083519,4414
85.410063,28.083523,4414
85.410067,28.083528,4414
85.41007,28.083532,4416
85.410074,28.083535,4416
85.410077,28.083539,4415
85.41008,28.083542,4415
85.410083,28.083546,4415
85.410085,28.083551,4415
85.410087,28.083555,4415
85.410089,28.083559,4415
85.410092,28.083562,4415
85.410096,28.083565,4415
85.410102,28.083568,4416
85.410107,28.08357,4416
85.410114,28.083573,4416
85.41012,28.083576,4416
85.410127,28.083579,4416
85.410135,28.083581,4416
85.410142,28.083583,4416
85.410149,28.083585,4416
85.410157,28.083587,4416
85.410164,28.083589,4415
85.410172,28.083591,4415
85.410179,28.083592,4415
85.410187,28.083593,4415
85.410193,28.083595,4415
85.410199,28.083596,4415
85.410205,28.083598,4415
85.410209,28.083599,4415
85.410218,28.083608,4416
85.410217,28.083609,4416
85.410215,28.083616,4416
85.410215,28.083617,4416
85.410215,28.083618,4416
85.410216,28.08362,4416
85.410217,28.083622,4416
85.410219,28.083625,4416
85.410221,28.083628,4416
85.410223,28.08363,4416
85.410231,28.083625,4416
85.410236,28.083623,4416
85.410236,28.083628,4416
85.410235,28.083629,4416
85.410229,28.083631,4416
85.410221,28.083634,4416
85.41021,28.083637,4416
85.4102,28.083642,4417
85.410189,28.083646,4418
85.410179,28.083651,4418
85.410169,28.083656,4418
85.410157,28.083661,4418
85.410145,28.083667,4418
85.410134,28.083671,4418
85.410126,28.083674,4418
85.410119,28.083678,4418
85.410112,28.08368,4418
85.410106,28.083683,4419
85.410102,28.083686,4419
85.410097,28.083689,4419
85.410093,28.083692,4419
85.410089,28.083696,4419
85.410087,28.083701,4419
85.410087,28.083706,4419
85.410088,28.08371,4419
85.410088,28.083726,4420
85.410088,28.083727,4420
85.410086,28.083729,4420
85.410084,28.083733,4420
85.410082,28.083737,4420
85.41008,28.083741,4420
85.410077,28.083744,4420
85.410075,28.083745,4420
85.410062,28.083751,4420
85.410057,28.083751,4420
85.41005,28.083751,4420
85.410049,28.083751,4420
85.410047,28.083751,4420
85.410044,28.083752,4420
85.410027,28.083753,4420
85.410026,28.083753,4420
85.410017,28.083755,4420
85.410016,28.083755,4420
85.410014,28.083757,4421
85.410014,28.083763,4421
85.410014,28.08377,4421
85.410015,28.083778,4421
85.410016,28.083788,4421
85.410016,28.0838,4421
85.410017,28.08381,4421
85.410018,28.08382,4421
85.410019,28.08383,4421
85.41002,28.08384,4422
85.410021,28.083847,4422
85.410021,28.083854,4422
85.41002,28.083868,4422
85.410018,28.083868,4422
85.410015,28.083868,4422
85.410012,28.083869,4422
85.410009,28.083871,4423
85.410006,28.083875,4423
85.410003,28.083879,4423
85.409995,28.083888,4423
85.409994,28.083889,4423
85.409993,28.08389,4423
85.409992,28.083893,4423
85.409989,28.083895,4422
85.409986,28.083897,4422
85.409982,28.083899,4422
85.409976,28.083898,4422
85.409969,28.083897,4422
85.409964,28.083894,4422
85.409958,28.083892,4422
85.409951,28.083889,4422
85.409944,28.083886,4422
85.409937,28.083882,4422
85.409932,28.083877,4422
85.409926,28.083872,4422
85.40992,28.083865,4422
</coordinates>
</LineString>
</Placemark>
<Placemark>
<name>Afternoon Run</name>
<styleUrl>#line-FF0000-2000-nodesc</styleUrl>
<LineString>
<tessellate>1</tessellate>
<coordinates>
85.299493,28.11139,0
85.299492,28.111386,0
85.299492,28.111355,0
85.299491,28.111327,0
85.299487,28.111303,0
85.299485,28.111286,0
85.299484,28.111275,0
85.299485,28.111267,0
85.299486,28.11126,0
85.299488,28.111256,0
85.299493,28.111253,0
85.299501,28.111251,0
85.299511,28.11125,0
85.29952,28.111251,0
85.299529,28.111252,0
85.29954,28.111252,0
85.29955,28.111251,0
85.299557,28.111249,0
85.299564,28.111245,0
85.299571,28.11124,0
85.29958,28.111235,0
85.299591,28.111228,0
85.299602,28.11122,0
85.299615,28.111214,0
85.299628,28.111206,0
85.299641,28.111201,0
85.299656,28.111195,0
85.299672,28.111187,0
85.299686,28.111177,0
85.2997,28.111168,0
85.299715,28.111162,0
85.299729,28.111157,0
85.29974,28.111152,0
85.299742,28.111149,0
85.299747,28.111145,0
85.299753,28.111141,0
85.29976,28.11114,0
85.299767,28.111138,0
85.299776,28.111135,0
85.299785,28.111134,0
85.299792,28.111128,0
85.2998,28.111122,0
85.299809,28.111116,0
85.299818,28.111109,0
85.299826,28.111101,0
85.299836,28.111091,0
85.299845,28.111081,0
85.299855,28.111071,0
85.299864,28.111061,0
85.299874,28.111052,0
85.299883,28.111044,0
85.299893,28.111035,0
85.299901,28.111027,0
85.29991,28.111018,0
85.299919,28.111007,0
85.299929,28.110996,0
85.299939,28.110983,0
85.299949,28.110972,0
85.29996,28.11096,0
85.29997,28.110949,0
85.299978,28.11094,0
85.299986,28.11093,0
85.299991,28.110919,0
85.299997,28.110908,0
85.300004,28.110897,0
85.300011,28.110886,0
85.300021,28.110873,0
85.300029,28.11086,0
85.300037,28.110849,0
85.300045,28.110838,0
85.300053,28.110827,0
85.30006,28.110817,0
85.300068,28.110806,0
85.300075,28.110797,0
85.300081,28.110787,0
85.300088,28.110777,0
85.300097,28.110767,0
85.300104,28.110758,0
85.300113,28.110749,0
85.30012,28.11074,0
85.300126,28.110732,0
85.300132,28.110723,0
85.30014,28.110715,0
85.300147,28.110706,0
85.300154,28.110695,0
85.300163,28.110685,0
85.30017,28.110675,0
85.300178,28.110667,0
85.300186,28.110659,0
85.300194,28.11065,0
85.300202,28.110643,0
85.300211,28.110637,0
85.30022,28.110631,0
85.300229,28.110626,0
85.300239,28.11062,0
85.30025,28.110614,0
85.300259,28.110609,0
85.300267,28.110604,0
85.300273,28.110602,0
85.300279,28.1106,0
85.300284,28.110598,0
85.300289,28.110595,0
85.300303,28.110589,0
85.300306,28.110588,0
85.300311,28.110584,0
85.300318,28.110578,0
85.300327,28.110571,0
85.300336,28.110564,0
85.300344,28.110555,0
85.300351,28.110545,0
85.300359,28.110535,0
85.300369,28.110525,0
85.300379,28.110516,0
85.300392,28.110507,0
85.300405,28.110499,0
85.300418,28.11049,0
85.300431,28.110481,0
85.300444,28.110472,0
85.300459,28.110464,0
85.300473,28.110456,0
85.300488,28.110448,0
85.300501,28.110439,0
85.300514,28.110431,0
85.300527,28.110423,0
85.300539,28.110414,0
85.300552,28.110405,0
85.300566,28.110397,0
85.300578,28.11039,0
85.300591,28.110383,0
85.300605,28.110377,0
85.300618,28.11037,0
85.300633,28.110364,0
85.300648,28.110357,0
85.300662,28.11035,0
85.300677,28.110344,0
85.300692,28.110339,0
85.300708,28.110335,0
85.300723,28.110333,0
85.300738,28.110332,0
85.300753,28.110332,0
85.300769,28.110332,0
85.300787,28.110331,0
85.30081,28.110331,0
85.300832,28.110331,0
85.300853,28.11033,0
85.300872,28.110329,0
85.300886,28.110328,0
85.300897,28.110326,0
85.300927,28.110324,0
85.300929,28.110323,0
85.300932,28.110322,0
85.300934,28.110321,0
85.300945,28.110323,0
85.300948,28.110323,0
85.300952,28.110322,0
85.300961,28.110321,0
85.300972,28.11032,0
85.300985,28.110317,0
85.301,28.110313,0
85.301014,28.110309,0
85.30103,28.110304,0
85.301046,28.110301,0
85.301062,28.110297,0
85.301078,28.110293,0
85.301092,28.110289,0
85.301107,28.110285,0
85.301121,28.110279,0
85.301136,28.110273,0
85.301148,28.110265,0
85.301158,28.110258,0
85.301167,28.110252,0
85.301175,28.110248,0
85.301184,28.110244,0
85.301192,28.110241,0
85.301201,28.110238,0
85.301208,28.110232,0
85.301215,28.110225,0
85.301223,28.110218,0
85.301229,28.11021,0
85.301237,28.110201,0
85.30124,28.110189,0
85.301241,28.110176,0
85.301242,28.110162,0
85.301246,28.110151,0
85.30125,28.11014,0
85.301259,28.110132,0
85.301267,28.110123,0
85.301275,28.110114,0
85.301284,28.110104,0
85.301294,28.110095,0
85.301305,28.110088,0
85.301315,28.110082,0
85.301325,28.110075,0
85.301335,28.110069,0
85.301344,28.110062,0
85.301353,28.110054,0
85.301362,28.110045,0
85.301372,28.110037,0
85.301382,28.110029,0
85.301392,28.110021,0
85.301402,28.110014,0
85.301412,28.110008,0
85.301422,28.110001,0
85.301432,28.109995,0
85.301442,28.109989,0
85.301453,28.109983,0
85.301464,28.109978,0
85.301475,28.109973,0
85.301485,28.109967,0
85.301494,28.109961,0
85.301501,28.109954,0
85.301509,28.109946,0
85.301517,28.109938,0
85.301526,28.109931,0
85.301535,28.109924,0
85.301547,28.109917,0
85.301557,28.10991,0
85.301566,28.109901,0
85.301573,28.109895,0
85.301579,28.109889,0
85.301583,28.109883,0
85.301588,28.109876,0
85.301594,28.109869,0
85.301602,28.109862,0
85.301611,28.109855,0
85.301622,28.109849,0
85.301635,28.109842,0
85.301648,28.109837,0
85.301662,28.109832,0
85.301676,28.109824,0
85.301687,28.109817,0
85.301698,28.109809,0
85.301709,28.109803,0
85.301719,28.109795,0
85.301729,28.109788,0
85.301739,28.10978,0
85.301749,28.109772,0
85.301759,28.109765,0
85.301767,28.109758,0
85.301778,28.10975,0
85.301788,28.109743,0
85.301799,28.109736,0
85.301812,28.10973,0
85.301824,28.109725,0
85.301834,28.10972,0
85.301845,28.109715,0
85.301857,28.109709,0
85.30187,28.109704,0
85.301882,28.109698,0
85.301894,28.10969,0
85.301906,28.109683,0
85.301916,28.109675,0
85.301926,28.109667,0
85.301935,28.109657,0
85.301943,28.109649,0
85.301952,28.109641,0
85.301961,28.109633,0
85.30197,28.109625,0
85.301979,28.109618,0
85.301988,28.109611,0
85.301997,28.109605,0
85.302005,28.109599,0
85.302013,28.109593,0
85.302021,28.109586,0
85.302028,28.109581,0
85.302033,28.109576,0
85.302048,28.109565,0
85.302048,28.109564,0
85.30205,28.10956,0
85.302052,28.109556,0
85.302057,28.109549,0
85.302064,28.109538,0
85.302072,28.109527,0
85.302082,28.109516,0
85.302095,28.109506,0
85.302108,28.109496,0
85.30212,28.109486,0
85.302132,28.109477,0
85.302143,28.109468,0
85.302153,28.109461,0
85.302162,28.109453,0
85.302172,28.109446,0
85.302182,28.109438,0
85.302191,28.10943,0
85.302202,28.109422,0
85.302213,28.109413,0
85.302222,28.109403,0
85.302231,28.109393,0
85.302239,28.109383,0
85.302246,28.109375,0
85.302254,28.109369,0
85.302262,28.109363,0
85.30227,28.109356,0
85.302279,28.109348,0
85.302287,28.10934,0
85.302296,28.109331,0
85.302305,28.109322,0
85.302313,28.109314,0
85.302321,28.109305,0
85.302329,28.109296,0
85.302336,28.109286,0
85.302346,28.109276,0
85.302356,28.109267,0
85.302368,28.109259,0
85.302379,28.109251,0
85.302389,28.109243,0
85.302399,28.109235,0
85.302408,28.109226,0
85.302416,28.109217,0
85.302424,28.10921,0
85.302433,28.109203,0
85.302443,28.109197,0
85.302451,28.109191,0
85.302458,28.109184,0
85.302464,28.109176,0
85.302472,28.109169,0
85.302481,28.109162,0
85.30249,28.109155,0
85.302498,28.109148,0
85.302505,28.109142,0
85.302513,28.109135,0
85.302523,28.10913,0
85.302532,28.109125,0
85.302541,28.109119,0
85.30255,28.109114,0
85.30256,28.109109,0
85.302569,28.109102,0
85.302579,28.109095,0
85.302588,28.109087,0
85.302598,28.109081,0
85.302607,28.109075,0
85.302617,28.109069,0
85.302626,28.109063,0
85.302636,28.109056,0
85.302646,28.109049,0
85.302656,28.109043,0
85.302665,28.109036,0
85.302674,28.109029,0
85.302682,28.109023,0
85.302691,28.109017,0
85.302701,28.109011,0
85.302712,28.109005,0
85.302722,28.108999,0
85.302731,28.108992,0
85.302739,28.108986,0
85.302746,28.10898,0
85.302753,28.108974,0
85.302759,28.108968,0
85.302764,28.108962,0
85.302769,28.108955,0
85.302775,28.108949,0
85.302783,28.108945,0
85.302792,28.108941,0
85.3028,28.108939,0
85.302807,28.108936,0
85.302813,28.108933,0
85.302818,28.108929,0
85.302824,28.108923,0
85.30283,28.108918,0
85.302836,28.108911,0
85.302843,28.108904,0
85.302851,28.108896,0
85.302859,28.108889,0
85.302868,28.108881,0
85.302874,28.108872,0
85.302881,28.108864,0
85.302886,28.108855,0
85.302892,28.108846,0
85.302899,28.108838,0
85.302908,28.108829,0
85.302914,28.108819,0
85.30292,28.10881,0
85.302928,28.108801,0
85.302939,28.108793,0
85.302949,28.108785,0
85.302958,28.108778,0
85.302968,28.108772,0
85.302979,28.108765,0
85.302989,28.108758,0
85.302999,28.10875,0
85.303008,28.108742,0
85.303018,28.108733,0
85.303028,28.108725,0
85.303039,28.108717,0
85.30305,28.10871,0
85.303061,28.108702,0
85.303073,28.108694,0
85.303085,28.108686,0
85.303095,28.108678,0
85.303104,28.108669,0
85.303112,28.108659,0
85.303118,28.108647,0
85.303126,28.108639,0
85.303136,28.10863,0
85.303146,28.108622,0
85.303154,28.108613,0
85.303162,28.108604,0
85.303171,28.108598,0
85.303177,28.10859,0
85.303183,28.108582,0
85.303192,28.108575,0
85.303202,28.108569,0
85.303213,28.108563,0
85.303224,28.108557,0
85.303234,28.10855,0
85.303244,28.108544,0
85.303253,28.108538,0
85.303262,28.108534,0
85.303271,28.108531,0
85.303281,28.108528,0
85.30329,28.108525,0
85.303301,28.108521,0
85.303311,28.108518,0
85.30332,28.108513,0
85.303329,28.108506,0
85.303338,28.108499,0
85.303345,28.108491,0
85.303353,28.108482,0
85.303361,28.108471,0
85.303368,28.10846,0
85.303375,28.10845,0
85.303383,28.10844,0
85.303392,28.10843,0
85.303403,28.108421,0
85.303413,28.108412,0
85.303424,28.108402,0
85.303434,28.108394,0
85.303445,28.108386,0
85.303456,28.108379,0
85.303467,28.108371,0
85.303476,28.108365,0
85.303486,28.108358,0
85.303497,28.10835,0
85.303506,28.108341,0
85.303514,28.108332,0
85.303521,28.108322,0
85.30353,28.10831,0
85.303537,28.108298,0
85.303544,28.108285,0
85.303549,28.108271,0
85.303554,28.108258,0
85.303558,28.108245,0
85.303562,28.10823,0
85.303566,28.108215,0
85.30357,28.108201,0
85.303576,28.108186,0
85.303581,28.108172,0
85.303587,28.108159,0
85.303594,28.108146,0
85.3036,28.108133,0
85.303606,28.108121,0
85.303611,28.108108,0
85.303615,28.108097,0
85.303621,28.108086,0
85.303628,28.108075,0
85.303635,28.108064,0
85.303641,28.108053,0
85.303648,28.108042,0
85.303655,28.108032,0
85.303662,28.108024,0
85.303668,28.108015,0
85.303675,28.108007,0
85.303681,28.107998,0
85.303687,28.107989,0
85.303693,28.107979,0
85.3037,28.10797,0
85.303709,28.107962,0
85.303718,28.107954,0
85.303728,28.107945,0
85.303738,28.107936,0
85.303749,28.107928,0
85.303761,28.107921,0
85.303774,28.107915,0
85.303787,28.107908,0
85.303799,28.1079,0
85.303811,28.107891,0
85.303823,28.107883,0
85.303835,28.107876,0
85.303848,28.107868,0
85.30386,28.107861,0
85.303873,28.107854,0
85.303885,28.107847,0
85.303897,28.10784,0
85.30391,28.107833,0
85.303923,28.107827,0
85.303936,28.107821,0
85.303948,28.107814,0
85.30396,28.107809,0
85.303973,28.107803,0
85.303986,28.107797,0
85.303998,28.107792,0
85.304011,28.107787,0
85.304024,28.107783,0
85.304037,28.107778,0
85.30405,28.107773,0
85.304064,28.10777,0
85.304078,28.107767,0
85.304092,28.107763,0
85.304106,28.107759,0
85.304119,28.107754,0
85.304133,28.10775,0
85.304147,28.107747,0
85.304162,28.107743,0
85.304176,28.10774,0
85.30419,28.107737,0
85.304203,28.107733,0
85.304218,28.10773,0
85.304232,28.107727,0
85.304247,28.107723,0
85.304261,28.107719,0
85.304274,28.107716,0
85.304287,28.107713,0
85.3043,28.107709,0
85.304312,28.107704,0
85.304325,28.107699,0
85.304337,28.107693,0
85.30435,28.107688,0
85.304361,28.107682,0
85.30437,28.107675,0
85.304379,28.107667,0
85.304387,28.10766,0
85.304396,28.107653,0
85.304404,28.107647,0
85.304413,28.10764,0
85.304422,28.107633,0
85.30443,28.107626,0
85.30444,28.107619,0
85.30445,28.107613,0
85.304461,28.107607,0
85.304471,28.107602,0
85.304481,28.107596,0
85.304492,28.107591,0
85.304501,28.107585,0
85.304511,28.10758,0
85.304521,28.107573,0
85.30453,28.107566,0
85.304537,28.107559,0
85.304545,28.107552,0
85.304552,28.107544,0
85.304561,28.107537,0
85.304571,28.10753,0
85.304581,28.107523,0
85.304591,28.107515,0
85.304601,28.107507,0
85.30461,28.107499,0
85.304618,28.107492,0
85.304626,28.107485,0
85.304634,28.107478,0
85.304643,28.107472,0
85.304653,28.107464,0
85.304664,28.107456,0
85.304674,28.10745,0
85.304684,28.107445,0
85.304693,28.107442,0
85.3047,28.10744,0
85.304706,28.107439,0
85.304725,28.107439,0
85.304727,28.107436,0
85.304732,28.107429,0
85.30474,28.107422,0
85.304749,28.107413,0
85.304759,28.107403,0
85.304769,28.107392,0
85.304781,28.107381,0
85.304792,28.107369,0
85.304804,28.107358,0
85.304815,28.107349,0
85.304826,28.107339,0
85.304836,28.107329,0
85.304845,28.107318,0
85.304856,28.107309,0
85.304866,28.107299,0
85.304875,28.10729,0
85.304885,28.107281,0
85.304895,28.107272,0
85.304905,28.107263,0
85.304916,28.107253,0
85.304926,28.107244,0
85.304937,28.107233,0
85.304948,28.107223,0
85.304958,28.107211,0
85.304969,28.107201,0
85.30498,28.107191,0
85.304991,28.107181,0
85.305003,28.107173,0
85.305015,28.107166,0
85.305028,28.107159,0
85.305041,28.107154,0
85.305054,28.107151,0
85.305068,28.107148,0
85.305082,28.107148,0
85.305096,28.107148,0
85.305109,28.107149,0
85.305123,28.10715,0
85.305136,28.10715,0
85.305151,28.10715,0
85.305165,28.107149,0
85.30518,28.107147,0
85.305195,28.107144,0
85.30521,28.10714,0
85.305224,28.107135,0
85.305237,28.107128,0
85.30525,28.107121,0
85.305262,28.107113,0
85.305274,28.107104,0
85.305285,28.107095,0
85.305295,28.107084,0
85.305305,28.107074,0
85.305315,28.107062,0
85.305324,28.10705,0
85.305334,28.107039,0
85.305344,28.107027,0
85.305355,28.107016,0
85.305365,28.107007,0
85.305374,28.106999,0
85.30538,28.106992,0
85.305386,28.106987,0
85.305402,28.106976,0
85.305404,28.106975,0
85.30541,28.106973,0
85.305418,28.106971,0
85.305428,28.106969,0
85.305437,28.106966,0
85.305447,28.106963,0
85.305457,28.10696,0
85.305468,28.106957,0
85.305479,28.106952,0
85.30549,28.106947,0
85.305501,28.106941,0
85.305511,28.106935,0
85.305522,28.10693,0
85.305533,28.106925,0
85.305545,28.106919,0
85.305556,28.106913,0
85.305567,28.106907,0
85.305578,28.1069,0
85.305589,28.106893,0
85.3056,28.106887,0
85.305611,28.10688,0
85.305622,28.106873,0
85.305633,28.106865,0
85.305643,28.106857,0
85.305654,28.106848,0
85.305664,28.106838,0
85.305673,28.106828,0
85.305683,28.106819,0
85.30569,28.106808,0
85.305698,28.106796,0
85.305705,28.106785,0
85.305712,28.106772,0
85.305719,28.106759,0
85.305727,28.106746,0
85.305734,28.106735,0
85.305741,28.106724,0
85.305749,28.106712,0
85.305756,28.1067,0
85.305763,28.106687,0
85.305772,28.106675,0
85.30578,28.106663,0
85.305789,28.106652,0
85.305798,28.10664,0
85.305806,28.106629,0
85.305814,28.106618,0
85.305823,28.106608,0
85.305833,28.106597,0
85.305844,28.106588,0
85.305856,28.10658,0
85.305867,28.106574,0
85.305881,28.106568,0
85.305896,28.106564,0
85.30591,28.106562,0
85.305924,28.106561,0
85.305939,28.106561,0
85.305954,28.106559,0
85.30597,28.106558,0
85.305986,28.106558,0
85.306002,28.106557,0
85.306018,28.106555,0
85.306035,28.106554,0
85.306051,28.106553,0
85.306067,28.106551,0
85.306083,28.106549,0
85.306098,28.106547,0
85.306113,28.106544,0
85.306129,28.106541,0
85.306143,28.106537,0
85.306157,28.106534,0
85.306171,28.10653,0
85.306185,28.106526,0
85.306199,28.106522,0
85.306212,28.106518,0
85.306226,28.106515,0
85.306239,28.106512,0
85.306253,28.106508,0
85.306267,28.106504,0
85.30628,28.106499,0
85.306293,28.106494,0
85.306306,28.106491,0
85.306319,28.106487,0
85.306332,28.106484,0
85.306345,28.106481,0
85.306358,28.106478,0
85.306372,28.106476,0
85.306385,28.106475,0
85.306399,28.106475,0
85.306412,28.106472,0
85.306424,28.106469,0
85.306436,28.106464,0
85.306447,28.106457,0
85.306459,28.106452,0
85.306472,28.106446,0
85.306485,28.106441,0
85.306498,28.106436,0
85.306511,28.10643,0
85.306523,28.106425,0
85.306536,28.106419,0
85.306549,28.106415,0
85.306562,28.10641,0
85.306575,28.106406,0
85.306587,28.106403,0
85.306599,28.1064,0
85.306611,28.106397,0
85.306622,28.106394,0
85.306634,28.106391,0
85.306646,28.106387,0
85.306657,28.106383,0
85.306668,28.106378,0
85.306678,28.106372,0
85.306688,28.106366,0
85.306698,28.10636,0
85.306707,28.106356,0
85.306717,28.106353,0
85.306727,28.10635,0
85.306739,28.106346,0
85.306749,28.106343,0
85.306757,28.106338,0
85.306765,28.106333,0
85.306772,28.106328,0
85.306778,28.106321,0
85.306785,28.106314,0
85.306791,28.106308,0
85.306796,28.106301,0
85.306799,28.106294,0
85.306802,28.106287,0
85.306804,28.106279,0
85.306806,28.106271,0
85.306807,28.106262,0
85.306809,28.106254,0
85.306812,28.106245,0
85.306814,28.106238,0
85.306816,28.10623,0
85.306818,28.106222,0
85.306821,28.106214,0
85.306822,28.106206,0
85.306824,28.106199,0
85.306826,28.106192,0
85.306827,28.106185,0
85.306827,28.106179,0
85.306827,28.106171,0
85.306828,28.106164,0
85.306829,28.106157,0
85.306832,28.106149,0
85.306835,28.106141,0
85.306838,28.106133,0
85.306842,28.106125,0
85.306846,28.106116,0
85.30685,28.106108,0
85.306855,28.106099,0
85.30686,28.106091,0
85.306866,28.106084,0
85.306871,28.106077,0
85.306876,28.106069,0
85.306883,28.106062,0
85.30689,28.106052,0
85.306898,28.106042,0
85.306905,28.106033,0
85.306912,28.106024,0
85.306919,28.106016,0
85.306926,28.106007,0
85.306933,28.105997,0
85.306939,28.105987,0
85.306945,28.105977,0
85.30695,28.105966,0
85.306956,28.105954,0
85.306961,28.105942,0
85.306967,28.10593,0
85.306971,28.105918,0
85.306975,28.105907,0
85.306978,28.105898,0
85.306983,28.105891,0
85.306987,28.105885,0
85.306991,28.10588,0
85.306997,28.105874,0
85.307005,28.105867,0
85.307012,28.105859,0
85.307018,28.105849,0
85.307024,28.105838,0
85.307031,28.105828,0
85.307039,28.105818,0
85.307047,28.105807,0
85.307054,28.105798,0
85.307061,28.105788,0
85.307068,28.105779,0
85.307075,28.10577,0
85.307083,28.105762,0
85.307091,28.105754,0
85.3071,28.105747,0
85.307108,28.105741,0
85.307118,28.105735,0
85.307128,28.10573,0
85.307137,28.105723,0
85.307146,28.105716,0
85.307156,28.10571,0
85.307166,28.105704,0
85.307177,28.105697,0
85.307189,28.105691,0
85.307201,28.105683,0
85.307212,28.105676,0
85.307225,28.105669,0
85.307236,28.105663,0
85.307246,28.105657,0
85.307253,28.105653,0
85.307277,28.105642,0
85.30728,28.105641,0
85.307286,28.105638,0
85.307295,28.105634,0
85.307307,28.105627,0
85.30732,28.10562,0
85.307335,28.105611,0
85.307348,28.105601,0
85.307362,28.105591,0
85.307377,28.10558,0
85.307391,28.105571,0
85.307405,28.105561,0
85.307418,28.105553,0
85.30743,28.105546,0
85.307443,28.105539,0
85.307455,28.105531,0
85.307468,28.105523,0
85.307479,28.105514,0
85.30749,28.105505,0
85.307502,28.105495,0
85.307514,28.105485,0
85.307525,28.105477,0
85.307536,28.105468,0
85.307547,28.105459,0
85.307558,28.10545,0
85.307567,28.10544,0
85.307577,28.10543,0
85.307586,28.105421,0
85.307595,28.105411,0
85.307604,28.1054,0
85.307612,28.105391,0
85.307621,28.105382,0
85.30763,28.105372,0
85.307673,28.105333,0
85.307676,28.105331,0
85.30768,28.105329,0
85.307687,28.105325,0
85.307696,28.105321,0
85.307706,28.105315,0
85.307716,28.105309,0
85.307727,28.105304,0
85.307737,28.1053,0
85.307747,28.105296,0
85.307757,28.105293,0
85.307768,28.105291,0
85.307778,28.105291,0
85.307789,28.10529,0
85.3078,28.105289,0
85.307812,28.105289,0
85.307824,28.105289,0
85.307836,28.105289,0
85.307849,28.10529,0
85.307862,28.10529,0
85.307875,28.10529,0
85.307889,28.105288,0
85.307903,28.105287,0
85.307917,28.105286,0
85.30793,28.105284,0
85.307945,28.105283,0
85.307961,28.105282,0
85.307977,28.105281,0
85.307991,28.105278,0
85.308005,28.105275,0
85.308019,28.105271,0
85.308032,28.105266,0
85.308046,28.105262,0
85.308061,28.105258,0
85.308076,28.105253,0
85.308091,28.105246,0
85.308106,28.105238,0
85.308122,28.10523,0
85.308135,28.105222,0
85.308148,28.105214,0
85.308161,28.105207,0
85.308173,28.105201,0
85.308184,28.105195,0
85.308193,28.105189,0
85.308217,28.105176,0
85.308218,28.105175,0
85.308221,28.105173,0
85.308226,28.105172,0
85.30824,28.10517,0
85.308245,28.10517,0
85.308249,28.105168,0
85.308256,28.105165,0
85.308266,28.10516,0
85.308277,28.105154,0
85.308288,28.105149,0
85.3083,28.105144,0
85.308312,28.105142,0
85.308325,28.105138,0
85.308338,28.105134,0
85.308349,28.10513,0
85.308359,28.105126,0
85.308369,28.105122,0
85.308378,28.105119,0
85.308386,28.105115,0
85.308393,28.105112,0
85.3084,28.105108,0
85.308408,28.105105,0
85.308416,28.105103,0
85.308426,28.105099,0
85.308435,28.105095,0
85.308445,28.105091,0
85.308455,28.105088,0
85.308464,28.105085,0
85.308474,28.105083,0
85.308484,28.105082,0
85.308493,28.10508,0
85.308503,28.105078,0
85.308513,28.105076,0
85.308523,28.105074,0
85.308534,28.105071,0
85.308545,28.105067,0
85.308555,28.10506,0
85.308566,28.105054,0
85.308578,28.105046,0
85.30859,28.10504,0
85.308603,28.105035,0
85.308614,28.10503,0
85.308624,28.105026,0
85.308631,28.105023,0
85.308647,28.105013,0
85.308648,28.105012,0
85.30865,28.105009,0
85.308653,28.105005,0
85.308659,28.104999,0
85.308666,28.104992,0
85.308673,28.104985,0
85.308682,28.104978,0
85.30869,28.104972,0
85.308696,28.104966,0
85.308702,28.104959,0
85.308709,28.104954,0
85.308714,28.104947,0
85.308721,28.10494,0
85.308726,28.104934,0
85.308734,28.104927,0
85.308741,28.104923,0
85.30875,28.104918,0
85.308759,28.104914,0
85.308768,28.104909,0
85.308777,28.104904,0
85.308786,28.104897,0
85.308794,28.10489,0
85.308802,28.104882,0
85.308808,28.104874,0
85.308815,28.104864,0
85.308821,28.104855,0
85.308827,28.104846,0
85.308834,28.104837,0
85.308841,28.104829,0
85.308846,28.104819,0
85.308852,28.10481,0
85.308859,28.1048,0
85.308867,28.104791,0
85.308875,28.104783,0
85.308883,28.104773,0
85.308891,28.104766,0
85.3089,28.104759,0
85.308909,28.104752,0
85.308918,28.104745,0
85.308927,28.104737,0
85.308934,28.104728,0
85.308942,28.104721,0
85.308951,28.104715,0
85.308961,28.10471,0
85.308972,28.104706,0
85.308983,28.104701,0
85.308992,28.104695,0
85.309003,28.10469,0
85.309013,28.104684,0
85.309024,28.104678,0
85.309036,28.104671,0
85.309049,28.104665,0
85.309063,28.10466,0
85.309077,28.104654,0
85.30909,28.104647,0
85.309104,28.104641,0
85.309119,28.104635,0
85.309136,28.104629,0
85.309152,28.104624,0
85.309168,28.104621,0
85.309184,28.104617,0
85.3092,28.104614,0
85.309213,28.104612,0
85.309226,28.10461,0
85.309238,28.104609,0
85.309249,28.104606,0
85.309259,28.104603,0
85.309271,28.104599,0
85.309283,28.104595,0
85.309295,28.104593,0
85.309306,28.104592,0
85.309314,28.104591,0
85.30934,28.104589,0
85.309342,28.104588,0
85.309348,28.104586,0
85.309357,28.104584,0
85.309366,28.104581,0
85.309378,28.104578,0
85.309392,28.104575,0
85.309406,28.104574,0
85.309421,28.104574,0
85.309435,28.104574,0
85.309449,28.104573,0
85.309466,28.104571,0
85.309482,28.104568,0
85.309499,28.104564,0
85.309513,28.10456,0
85.309526,28.104556,0
85.309538,28.104553,0
85.30955,28.104548,0
85.309561,28.104543,0
85.309573,28.104537,0
85.309586,28.104533,0
85.309599,28.104527,0
85.309609,28.104521,0
85.309619,28.104516,0
85.309629,28.104511,0
85.309638,28.104505,0
85.309647,28.1045,0
85.309656,28.104493,0
85.309665,28.104487,0
85.309674,28.10448,0
85.309684,28.104473,0
85.309694,28.104466,0
85.309704,28.104459,0
85.309714,28.104452,0
85.309724,28.104445,0
85.309734,28.104439,0
85.309745,28.104433,0
85.309755,28.104427,0
85.309766,28.104421,0
85.309778,28.104415,0
85.30979,28.10441,0
85.309801,28.104405,0
85.30981,28.104398,0
85.309817,28.104392,0
85.309826,28.104386,0
85.309837,28.104381,0
85.309849,28.104375,0
85.309859,28.10437,0
85.309869,28.104365,0
85.309877,28.104359,0
85.309884,28.104352,0
85.309892,28.104345,0
85.309899,28.104339,0
85.309906,28.104334,0
85.309912,28.104328,0
85.309921,28.104322,0
85.309928,28.104317,0
85.309936,28.104311,0
85.309943,28.104305,0
85.30995,28.104299,0
85.309958,28.104293,0
85.309967,28.104288,0
85.309976,28.104282,0
85.309985,28.104276,0
85.309994,28.104269,0
85.310004,28.104263,0
85.310014,28.104257,0
85.310024,28.104252,0
85.310033,28.104247,0
85.310041,28.10424,0
85.31005,28.104233,0
85.310059,28.104226,0
85.310069,28.104219,0
85.310078,28.104212,0
85.310087,28.104205,0
85.310095,28.104198,0
85.310103,28.104191,0
85.310113,28.104183,0
85.310122,28.104175,0
85.31013,28.104168,0
85.310139,28.104161,0
85.310145,28.104156,0
85.310151,28.104151,0
85.310155,28.104148,0
85.310167,28.104137,0
85.310168,28.104136,0
85.310171,28.104135,0
85.310177,28.104131,0
85.310185,28.104126,0
85.310192,28.10412,0
85.3102,28.104114,0
85.310208,28.104108,0
85.310215,28.1041,0
85.310222,28.104091,0
85.310228,28.104081,0
85.310233,28.10407,0
85.310237,28.10406,0
85.31024,28.104051,0
85.310243,28.104041,0
85.310245,28.104032,0
85.310249,28.104024,0
85.310254,28.104015,0
85.310261,28.104005,0
85.310266,28.103996,0
85.310269,28.103986,0
85.310273,28.103977,0
85.310278,28.103969,0
85.310284,28.10396,0
85.31029,28.103951,0
85.310296,28.103942,0
85.310302,28.103932,0
85.310307,28.103922,0
85.310312,28.103913,0
85.310317,28.103903,0
85.310322,28.103893,0
85.310326,28.103882,0
85.310331,28.103871,0
85.310334,28.103864,0
85.310338,28.103843,0
85.310339,28.103841,0
85.310339,28.103838,0
85.310341,28.103833,0
85.310343,28.103826,0
85.310347,28.10382,0
85.31035,28.103814,0
85.310353,28.103813,0
85.310353,28.103811,0
85.310353,28.103809,0
85.310357,28.103808,0
85.310353,28.103804,0
85.310353,28.103801,0
85.310352,28.103794,0
85.31035,28.103784,0
85.310348,28.10377,0
85.310346,28.103756,0
85.310344,28.103741,0
85.310343,28.103727,0
85.310341,28.103711,0
85.310338,28.103695,0
85.310334,28.103682,0
85.310329,28.103669,0
85.310324,28.103658,0
85.310319,28.103647,0
85.310313,28.103635,0
85.310308,28.103622,0
85.310304,28.103611,0
85.3103,28.103601,0
85.310298,28.10359,0
85.310297,28.103578,0
85.310296,28.103565,0
85.310296,28.103554,0
85.310298,28.103543,0
85.3103,28.103533,0
85.310303,28.103523,0
85.310305,28.103514,0
85.310306,28.103504,0
85.310309,28.103493,0
85.310313,28.103485,0
85.310318,28.103476,0
85.310325,28.103468,0
85.310333,28.103461,0
85.310343,28.103455,0
85.310354,28.10345,0
85.310366,28.103445,0
85.310381,28.103441,0
85.310395,28.103437,0
85.310409,28.103434,0
85.310423,28.103433,0
85.310438,28.103432,0
85.310452,28.10343,0
85.310467,28.103427,0
85.310479,28.103423,0
85.310492,28.103419,0
85.310503,28.103415,0
85.310514,28.103411,0
85.310524,28.103405,0
85.310534,28.103398,0
85.310543,28.10339,0
85.310551,28.103381,0
85.310558,28.103373,0
85.310564,28.103363,0
85.310569,28.103354,0
85.310574,28.103344,0
85.310577,28.103334,0
85.310581,28.103324,0
85.310583,28.103314,0
85.310585,28.103304,0
85.310586,28.103293,0
85.310586,28.103285,0
85.310587,28.103276,0
85.310587,28.103267,0
85.310587,28.103258,0
85.310586,28.10325,0
85.310586,28.103242,0
85.310588,28.103233,0
85.310587,28.103225,0
85.310587,28.103216,0
85.310587,28.103208,0
85.310587,28.103199,0
85.310588,28.10319,0
85.310589,28.10318,0
85.31059,28.103171,0
85.31059,28.103161,0
85.31059,28.103151,0
85.31059,28.103142,0
85.310591,28.103133,0
85.310592,28.103122,0
85.310593,28.103112,0
85.310596,28.103102,0
85.310599,28.103093,0
85.310602,28.103085,0
85.310605,28.103076,0
85.31061,28.103067,0
85.310615,28.103058,0
85.310619,28.103049,0
85.310623,28.103041,0
85.310628,28.103032,0
85.310631,28.103024,0
85.310635,28.103016,0
85.310638,28.103009,0
85.310642,28.103001,0
85.310646,28.102995,0
85.310651,28.102988,0
85.310658,28.10298,0
85.310666,28.102973,0
85.310675,28.102965,0
85.310685,28.102958,0
85.310696,28.102951,0
85.310707,28.102943,0
85.310718,28.102935,0
85.310728,28.102928,0
85.310739,28.102922,0
85.310751,28.102916,0
85.310761,28.10291,0
85.310772,28.102904,0
85.310782,28.102897,0
85.310792,28.102891,0
85.310803,28.102885,0
85.310813,28.10288,0
85.310822,28.102874,0
85.310831,28.102868,0
85.310839,28.102861,0
85.310848,28.102855,0
85.310857,28.102848,0
85.310868,28.102841,0
85.310879,28.102834,0
85.310888,28.102826,0
85.310895,28.102818,0
85.310902,28.102809,0
85.310909,28.102801,0
85.310919,28.102791,0
85.310928,28.102783,0
85.310937,28.102775,0
85.310946,28.102769,0
85.310956,28.102762,0
85.310965,28.102755,0
85.310974,28.102748,0
85.310983,28.102741,0
85.310992,28.102733,0
85.311001,28.102726,0
85.311008,28.102719,0
85.311015,28.102711,0
85.311022,28.102701,0
85.311029,28.10269,0
85.311035,28.102679,0
85.31104,28.102668,0
85.311046,28.102657,0
85.311053,28.102646,0
85.311061,28.102635,0
85.311071,28.102625,0
85.311082,28.102617,0
85.311093,28.10261,0
85.311105,28.102605,0
85.311116,28.1026,0
85.311126,28.102595,0
85.311135,28.102589,0
85.311143,28.102584,0
85.311151,28.102577,0
85.311159,28.10257,0
85.311167,28.102563,0
85.311176,28.102554,0
85.311184,28.102545,0
85.311193,28.102536,0
85.311202,28.102526,0
85.31121,28.102517,0
85.311218,28.102509,0
85.311227,28.1025,0
85.311237,28.102492,0
85.311246,28.102484,0
85.311255,28.102478,0
85.311264,28.102471,0
85.311271,28.102464,0
85.311279,28.102457,0
85.311286,28.102451,0
85.311292,28.102444,0
85.311299,28.102437,0
85.311307,28.10243,0
85.311314,28.102422,0
85.31132,28.102413,0
85.311328,28.102404,0
85.311337,28.102394,0
85.311346,28.102384,0
85.311354,28.102375,0
85.311363,28.102365,0
85.311371,28.102356,0
85.31138,28.102348,0
85.311388,28.102341,0
85.311396,28.102333,0
85.311404,28.102326,0
85.311412,28.102318,0
85.311421,28.10231,0
85.311429,28.102303,0
85.311438,28.102295,0
85.311447,28.102288,0
85.311456,28.102281,0
85.311466,28.102273,0
85.311475,28.102266,0
85.311485,28.102259,0
85.311495,28.102252,0
85.311504,28.102245,0
85.311514,28.102239,0
85.311523,28.102234,0
85.311532,28.102228,0
85.311541,28.102221,0
85.31155,28.102215,0
85.31156,28.102209,0
85.311571,28.102204,0
85.311581,28.102197,0
85.311591,28.102191,0
85.311602,28.102185,0
85.311613,28.102181,0
85.311624,28.102177,0
85.311635,28.102173,0
85.311647,28.102169,0
85.311658,28.102166,0
85.311668,28.102161,0
85.311679,28.102156,0
85.311689,28.102151,0
85.3117,28.102145,0
85.311712,28.102139,0
85.311724,28.102132,0
85.311736,28.102126,0
85.311747,28.10212,0
85.311758,28.102115,0
85.311768,28.10211,0
85.311778,28.102105,0
85.311788,28.102101,0
85.311798,28.102097,0
85.311809,28.102091,0
85.311819,28.102085,0
85.311829,28.10208,0
85.311839,28.102075,0
85.311849,28.102071,0
85.311859,28.102066,0
85.31187,28.102062,0
85.311881,28.102059,0
85.311893,28.102055,0
85.311905,28.102051,0
85.311918,28.102049,0
85.31193,28.102045,0
85.311941,28.102041,0
85.311952,28.102038,0
85.311962,28.102034,0
85.311972,28.102029,0
85.311981,28.102024,0
85.31199,28.10202,0
85.311999,28.102016,0
85.312009,28.102012,0
85.31202,28.102008,0
85.31203,28.102006,0
85.31204,28.102004,0
85.312057,28.101994,0
85.31206,28.101991,0
85.312063,28.101988,0
85.312068,28.101983,0
85.312076,28.101976,0
85.312085,28.101967,0
85.312096,28.101957,0
85.312107,28.101946,0
85.312118,28.101935,0
85.31213,28.101922,0
85.312142,28.10191,0
85.312152,28.101899,0
85.31216,28.101889,0
85.312168,28.101879,0
85.312175,28.10187,0
85.312182,28.101862,0
85.312189,28.101854,0
85.312195,28.101846,0
85.312201,28.101837,0
85.312205,28.101827,0
85.31221,28.101819,0
85.312215,28.101812,0
85.312221,28.101806,0
85.312227,28.1018,0
85.312234,28.101793,0
85.312241,28.101786,0
85.312248,28.101779,0
85.312254,28.101773,0
85.312259,28.101769,0
85.312264,28.101755,0
85.312265,28.101753,0
85.312271,28.101749,0
85.31228,28.101742,0
85.312292,28.101733,0
85.312305,28.101722,0
85.31232,28.101709,0
85.312334,28.101697,0
85.312348,28.101685,0
85.312361,28.101674,0
85.312375,28.101663,0
85.312388,28.101653,0
85.3124,28.101644,0
85.312411,28.101635,0
85.312421,28.101625,0
85.312429,28.101616,0
85.312436,28.101606,0
85.312445,28.101595,0
85.312452,28.101585,0
85.312461,28.101576,0
85.312468,28.101566,0
85.312474,28.101557,0
85.312479,28.101548,0
85.312485,28.101539,0
85.312491,28.101531,0
85.312499,28.101523,0
85.312506,28.101516,0
85.312514,28.101509,0
85.312521,28.101501,0
85.312529,28.101493,0
85.312535,28.101484,0
85.31254,28.101476,0
85.312545,28.101467,0
85.312551,28.101458,0
85.312555,28.101449,0
85.31256,28.10144,0
85.312564,28.101432,0
85.312568,28.101423,0
85.312573,28.101412,0
85.312577,28.101402,0
85.312581,28.101391,0
85.312585,28.10138,0
85.312588,28.10137,0
85.31259,28.10136,0
85.312593,28.101352,0
85.312594,28.101341,0
85.312597,28.10133,0
85.3126,28.101321,0
85.312602,28.101313,0
85.312604,28.101306,0
85.312606,28.101302,0
85.31261,28.101288,0
85.312609,28.101282,0
85.31261,28.101279,0
85.312614,28.101273,0
85.312618,28.101264,0
85.312624,28.101253,0
85.31263,28.101242,0
85.312637,28.101231,0
85.312646,28.101218,0
85.312655,28.101204,0
85.312665,28.10119,0
85.312676,28.101179,0
85.312687,28.101169,0
85.312697,28.101161,0
85.312709,28.101152,0
85.31272,28.101144,0
85.312732,28.101136,0
85.312743,28.101128,0
85.312754,28.101121,0
85.312763,28.101114,0
85.312774,28.101106,0
85.312786,28.101098,0
85.312796,28.10109,0
85.312806,28.101081,0
85.312814,28.101072,0
85.312823,28.101063,0
85.312832,28.101052,0
85.31284,28.101042,0
85.312846,28.101032,0
85.312853,28.101022,0
85.31286,28.101012,0
85.312866,28.101002,0
85.312872,28.100991,0
85.312879,28.100981,0
85.312884,28.100972,0
85.312889,28.100963,0
85.312894,28.100955,0
85.312899,28.100948,0
85.312904,28.100942,0
85.312909,28.100937,0
85.312914,28.10093,0
85.312918,28.100922,0
85.312922,28.100915,0
85.312928,28.100909,0
85.312933,28.100901,0
85.312939,28.100896,0
85.312947,28.10089,0
85.312956,28.100884,0
85.312964,28.100876,0
85.312973,28.100869,0
85.312982,28.100859,0
85.31299,28.10085,0
85.312998,28.100839,0
85.313006,28.100827,0
85.313014,28.100815,0
85.313022,28.100803,0
85.313032,28.100791,0
85.313043,28.100781,0
85.313055,28.100771,0
85.313067,28.100762,0
85.313079,28.100753,0
85.313089,28.100746,0
85.313099,28.100738,0
85.313106,28.100729,0
85.313111,28.10072,0
85.313115,28.100711,0
85.31312,28.100702,0
85.313125,28.100692,0
85.31313,28.100681,0
85.313136,28.100672,0
85.313141,28.100664,0
85.313146,28.100656,0
85.313152,28.100648,0
85.313158,28.100639,0
85.313164,28.100631,0
85.31317,28.100624,0
85.313174,28.100615,0
85.313178,28.100607,0
85.313185,28.100599,0
85.313192,28.100592,0
85.3132,28.100584,0
85.31321,28.100576,0
85.31322,28.100569,0
85.313231,28.100561,0
85.31324,28.100553,0
85.31325,28.100544,0
85.31326,28.100535,0
85.313269,28.100527,0
85.313278,28.100519,0
85.313287,28.10051,0
85.313295,28.100502,0
85.313303,28.100492,0
85.31331,28.100483,0
85.313316,28.100474,0
85.313324,28.100467,0
85.313331,28.100458,0
85.313337,28.10045,0
85.313342,28.100441,0
85.313345,28.100431,0
85.313348,28.100423,0
85.313349,28.100414,0
85.313348,28.100405,0
85.313348,28.100395,0
85.313348,28.100386,0
85.313347,28.100375,0
85.313347,28.100365,0
85.313347,28.100353,0
85.313349,28.100341,0
85.313351,28.100332,0
85.313356,28.100324,0
85.313362,28.100316,0
85.313371,28.100309,0
85.313382,28.100301,0
85.313391,28.100295,0
85.313401,28.100291,0
85.313409,28.100285,0
85.313417,28.100279,0
85.313424,28.100273,0
85.313431,28.100267,0
85.313439,28.100261,0
85.313448,28.100256,0
85.313457,28.100252,0
85.313466,28.100251,0
85.313475,28.100249,0
85.313484,28.100247,0
85.313492,28.100245,0
85.3135,28.100244,0
85.313509,28.100244,0
85.313518,28.100243,0
85.313528,28.100241,0
85.313538,28.100239,0
85.313549,28.100237,0
85.313561,28.100235,0
85.313571,28.100233,0
85.313582,28.100232,0
85.313594,28.100231,0
85.313605,28.100231,0
85.313616,28.100231,0
85.313626,28.100228,0
85.313635,28.100224,0
85.313642,28.10022,0
85.313649,28.100216,0
85.313656,28.100213,0
85.313664,28.100209,0
85.313672,28.100205,0
85.31368,28.1002,0
85.313688,28.100194,0
85.313699,28.100184,0
85.313708,28.100173,0
85.313717,28.100162,0
85.313725,28.100151,0
85.313733,28.100142,0
85.313739,28.100133,0
85.313752,28.100118,0
85.313754,28.100121,0
85.31375,28.100119,0
85.313749,28.100119,0
85.313748,28.100117,0
85.313745,28.100116,0
85.313742,28.100114,0
85.313737,28.100111,0
85.313738,28.10011,0
85.313742,28.100108,0
85.313747,28.100105,0
85.313756,28.100102,0
85.313766,28.100096,0
85.313775,28.100091,0
85.313785,28.100085,0
85.313795,28.100079,0
85.313806,28.100073,0
85.313817,28.100068,0
85.313828,28.100065,0
85.313841,28.100066,0
85.313854,28.100066,0
85.313867,28.100067,0
85.313879,28.100067,0
85.313893,28.100067,0
85.313907,28.100067,0
85.31392,28.100066,0
85.313932,28.100064,0
85.313944,28.100062,0
85.313954,28.100059,0
85.313963,28.100055,0
85.313971,28.100051,0
85.313978,28.100049,0
85.313985,28.100045,0
85.313991,28.10004,0
85.313998,28.100036,0
85.314005,28.100032,0
85.314011,28.100028,0
85.314017,28.100023,0
85.314023,28.100019,0
85.31403,28.100015,0
85.314037,28.10001,0
85.314043,28.100005,0
85.314049,28.1,0
85.314055,28.099994,0
85.314061,28.099988,0
85.314068,28.099981,0
85.314073,28.099974,0
85.314079,28.099968,0
85.314085,28.099961,0
85.31409,28.099955,0
85.314096,28.099948,0
85.314102,28.099939,0
85.314109,28.09993,0
85.314117,28.099922,0
85.314123,28.099914,0
85.31413,28.099906,0
85.314138,28.099898,0
85.314145,28.09989,0
85.314153,28.099882,0
85.314161,28.099873,0
85.314168,28.099866,0
85.314174,28.099857,0
85.31418,28.099849,0
85.314186,28.09984,0
85.314191,28.099831,0
85.314199,28.099822,0
85.314207,28.099814,0
85.314217,28.099806,0
85.314228,28.099798,0
85.31424,28.099792,0
85.314253,28.099785,0
85.314266,28.099779,0
85.314281,28.099775,0
85.314297,28.099771,0
85.314312,28.099768,0
85.314326,28.099764,0
85.314339,28.099761,0
85.31435,28.099758,0
85.314361,28.099753,0
85.314371,28.099749,0
85.314381,28.099745,0
85.31439,28.099742,0
85.314399,28.099739,0
85.314407,28.099737,0
85.314415,28.099735,0
85.314423,28.099734,0
85.314431,28.099735,0
85.314439,28.099736,0
85.314447,28.099738,0
85.314455,28.099741,0
85.314463,28.099743,0
85.314472,28.099745,0
85.31448,28.099748,0
85.314489,28.09975,0
85.314497,28.099752,0
85.314506,28.099753,0
85.314515,28.099753,0
85.314525,28.099753,0
85.314535,28.099753,0
85.314545,28.099752,0
85.314556,28.099752,0
85.314565,28.099752,0
85.314571,28.09975,0
85.314577,28.099745,0
85.314576,28.099744,0
85.314569,28.099735,0
85.31457,28.099738,0
85.314574,28.099742,0
85.314575,28.09974,0
85.314578,28.099737,0
85.314583,28.099731,0
85.314591,28.099723,0
85.314601,28.099713,0
85.314612,28.099704,0
85.314623,28.099693,0
85.314635,28.09968,0
85.314647,28.099668,0
85.314659,28.099655,0
85.31467,28.099644,0
85.31468,28.099635,0
85.314691,28.099626,0
85.314701,28.099617,0
85.31471,28.099609,0
85.314719,28.0996,0
85.314728,28.099593,0
85.314737,28.099585,0
85.314747,28.099578,0
85.314757,28.099572,0
85.314767,28.099567,0
85.314778,28.099563,0
85.314788,28.099559,0
85.314796,28.099556,0
85.314804,28.099553,0
85.314812,28.099551,0
85.314819,28.099549,0
85.314826,28.099546,0
85.314833,28.099545,0
85.314839,28.099545,0
85.314844,28.099543,0
85.314851,28.099542,0
85.314858,28.099543,0
85.314866,28.099546,0
85.314874,28.099548,0
85.314883,28.099549,0
85.314894,28.099551,0
85.314905,28.099552,0
85.314916,28.099552,0
85.314927,28.09955,0
85.314938,28.099546,0
85.314949,28.099543,0
85.31496,28.099537,0
85.31497,28.09953,0
85.314981,28.099523,0
85.314992,28.099515,0
85.315003,28.099506,0
85.315016,28.099497,0
85.315029,28.099489,0
85.315043,28.099482,0
85.315057,28.099476,0
85.31507,28.099472,0
85.315081,28.099469,0
85.31509,28.099467,0
85.315096,28.099463,0
85.315105,28.099454,0
85.315104,28.099453,0
85.315102,28.099453,0
85.315095,28.099454,0
85.315089,28.099454,0
85.315089,28.099453,0
85.315085,28.099449,0
85.315087,28.099452,0
85.315089,28.099462,0
85.315089,28.099469,0
85.315089,28.09947,0
85.315089,28.099472,0
85.315095,28.099489,0
85.315096,28.099489,0
85.315095,28.099485,0
85.315092,28.099482,0
85.31509,28.099464,0
85.31509,28.099462,0
85.315089,28.09946,0
85.315089,28.099457,0
85.315087,28.099454,0
85.315085,28.099451,0
85.315084,28.099449,0
85.315082,28.099446,0
85.315077,28.099439,0
85.315076,28.099438,0
85.315076,28.099436,0
85.315067,28.099425,0
85.31507,28.099425,0
85.315073,28.099427,0
85.31508,28.099429,0
85.31509,28.099431,0
85.315102,28.099435,0
85.315115,28.099438,0
85.315128,28.099441,0
85.315142,28.099444,0
85.315156,28.099447,0
85.315171,28.099449,0
85.315185,28.09945,0
85.3152,28.099453,0
85.315215,28.099456,0
85.315229,28.099459,0
85.315239,28.099461,0
85.315246,28.099461,0
85.315247,28.09946,0
85.315243,28.099458,0
85.315236,28.099455,0
85.315225,28.09945,0
85.315214,28.099445,0
85.315202,28.099442,0
85.315189,28.099441,0
85.315177,28.09944,0
85.315166,28.09944,0
85.315155,28.099442,0
85.315144,28.099443,0
85.315132,28.099444,0
85.315121,28.099444,0
85.315109,28.099444,0
85.315098,28.099446,0
85.315088,28.099446,0
85.315069,28.099445,0
85.315076,28.09944,0
85.31508,28.099441,0
85.315089,28.099443,0
85.315101,28.099445,0
85.315113,28.099448,0
85.315126,28.09945,0
85.31514,28.099453,0
85.315154,28.099457,0
85.315168,28.099462,0
85.315184,28.099467,0
85.315199,28.099469,0
85.315215,28.099471,0
85.315232,28.099472,0
85.315249,28.099474,0
85.315262,28.099475,0
85.315277,28.099477,0
85.315291,28.099477,0
85.315304,28.099475,0
85.315318,28.099473,0
85.315332,28.09947,0
85.315348,28.099469,0
85.315364,28.099469,0
85.31538,28.099467,0
85.315395,28.099464,0
85.31541,28.09946,0
85.315425,28.099457,0
85.315441,28.099456,0
85.315455,28.099456,0
85.315469,28.099455,0
85.315481,28.099455,0
85.315492,28.099454,0
85.315502,28.099452,0
85.315511,28.099448,0
85.31552,28.099444,0
85.315529,28.09944,0
85.315539,28.099435,0
85.31555,28.099428,0
85.315561,28.099421,0
85.31557,28.099414,0
85.315579,28.099407,0
85.315588,28.0994,0
85.315598,28.099395,0
85.315606,28.099391,0
85.315614,28.099385,0
85.315623,28.09938,0
85.31563,28.099373,0
85.315636,28.099367,0
85.315641,28.099361,0
85.315647,28.099358,0
85.315653,28.099355,0
85.315659,28.099354,0
85.315666,28.099351,0
85.315672,28.099349,0
85.315678,28.099346,0
85.315683,28.099341,0
85.315687,28.099337,0
85.315693,28.099331,0
85.315697,28.099326,0
85.315703,28.09932,0
85.315709,28.099314,0
85.315716,28.099308,0
85.315723,28.099302,0
85.315729,28.099295,0
85.315735,28.099288,0
85.315741,28.09928,0
85.315748,28.099272,0
85.315756,28.099265,0
85.315764,28.099258,0
85.315772,28.09925,0
85.315778,28.099242,0
85.315785,28.099235,0
85.315791,28.099229,0
85.315795,28.099225,0
85.315806,28.099212,0
85.315807,28.099211,0
85.315809,28.099208,0
85.315813,28.099204,0
85.315817,28.099199,0
85.315821,28.099192,0
85.315826,28.099186,0
85.315832,28.09918,0
85.315839,28.099173,0
85.315848,28.099167,0
85.315858,28.099161,0
85.315867,28.099155,0
85.315876,28.099151,0
85.315884,28.099148,0
85.315892,28.099146,0
85.315898,28.099144,0
85.315906,28.099142,0
85.315915,28.09914,0
85.315923,28.099139,0
85.315932,28.099139,0
85.315943,28.09914,0
85.315954,28.099139,0
85.315965,28.09914,0
85.315974,28.099139,0
85.315984,28.099137,0
85.315994,28.099135,0
85.316003,28.099132,0
85.31601,28.099131,0
85.316022,28.099124,0
85.316017,28.099123,0
85.316017,28.099118,0
85.316012,28.099116,0
85.316011,28.099116,0
85.316008,28.099115,0
85.315999,28.099113,0
85.315994,28.099108,0
85.315991,28.099106,0
85.31599,28.099105,0
85.315987,28.099101,0
85.315986,28.099096,0
85.315986,28.099095,0
85.315982,28.099093,0
85.315978,28.099093,0
85.315972,28.099093,0
85.315962,28.099094,0
85.315951,28.099099,0
85.315937,28.099103,0
85.315922,28.099108,0
85.315907,28.099112,0
85.315891,28.099116,0
85.315876,28.099122,0
85.315861,28.099127,0
85.315846,28.099133,0
85.315832,28.099137,0
85.31582,28.099141,0
85.315807,28.099144,0
85.315796,28.099148,0
85.315787,28.09915,0
85.315783,28.099152,0
85.315782,28.099154,0
85.315785,28.099155,0
85.315789,28.099154,0
85.315796,28.099153,0
85.315804,28.099152,0
85.315814,28.099153,0
85.315821,28.099151,0
85.31583,28.099148,0
85.315843,28.099144,0
85.315856,28.099138,0
85.315869,28.099131,0
85.315882,28.099125,0
85.315897,28.099121,0
85.315911,28.099117,0
85.315923,28.099114,0
85.315935,28.099112,0
85.315947,28.099111,0
85.315957,28.099109,0
85.315966,28.099108,0
85.315973,28.099107,0
85.315979,28.099107,0
85.315986,28.099105,0
85.315984,28.099105,0
85.315983,28.099103,0
85.315976,28.099095,0
85.315971,28.099091,0
85.315969,28.099083,0
85.315974,28.099083,0
85.315983,28.099085,0
85.315996,28.099085,0
85.316013,28.099084,0
85.316032,28.099084,0
85.316053,28.099084,0
85.316073,28.099082,0
85.316092,28.099079,0
85.31611,28.099077,0
85.316127,28.099075,0
85.316144,28.099073,0
85.31616,28.099072,0
85.316177,28.09907,0
85.316192,28.099068,0
85.316208,28.099065,0
85.316224,28.099061,0
85.316241,28.099058,0
85.316254,28.099055,0
85.316265,28.099052,0
85.316275,28.099048,0
85.316286,28.099045,0
85.3163,28.099042,0
85.316313,28.099042,0
85.316328,28.09904,0
85.316342,28.099037,0
85.316357,28.099034,0
85.316373,28.099031,0
85.316388,28.099029,0
85.316403,28.099028,0
85.316418,28.099028,0
85.316434,28.099029,0
85.316448,28.09903,0
85.316461,28.09903,0
85.316473,28.09903,0
85.316484,28.099029,0
85.316496,28.099028,0
85.316507,28.099027,0
85.316519,28.099026,0
85.316531,28.099024,0
85.316543,28.099021,0
85.316554,28.099018,0
85.316565,28.099015,0
85.316576,28.09901,0
85.316586,28.099005,0
85.316597,28.098999,0
85.316608,28.098994,0
85.316618,28.098987,0
85.316628,28.098981,0
85.316636,28.098975,0
85.316644,28.098967,0
85.316651,28.09896,0
85.316658,28.098953,0
85.316666,28.098945,0
85.316673,28.098938,0
85.316681,28.098931,0
85.316689,28.098923,0
85.316698,28.098915,0
85.316706,28.098906,0
85.316716,28.098898,0
85.316724,28.09889,0
85.316732,28.098884,0
85.316739,28.09888,0
85.316746,28.098879,0
85.316754,28.098882,0
85.316762,28.098885,0
85.316771,28.098889,0
85.31678,28.098891,0
85.316788,28.098891,0
85.316794,28.098891,0
85.316799,28.09889,0
85.316802,28.098888,0
85.316801,28.098884,0
85.316798,28.098881,0
85.316794,28.098879,0
85.316791,28.098876,0
85.316788,28.098867,0
85.316787,28.098865,0
85.316786,28.098862,0
85.316785,28.098857,0
85.316786,28.098852,0
85.316789,28.098845,0
85.316793,28.098839,0
85.316798,28.098832,0
85.316804,28.098826,0
85.31681,28.098819,0
85.316817,28.098812,0
85.316824,28.098804,0
85.31683,28.098796,0
85.316838,28.098786,0
85.316845,28.098776,0
85.316852,28.098767,0
85.31686,28.098758,0
85.316869,28.098749,0
85.316876,28.098742,0
85.316883,28.098734,0
85.316889,28.098728,0
85.316899,28.098708,0
85.316901,28.098713,0
85.316899,28.098712,0
85.316898,28.098719,0
85.316903,28.098717,0
85.316907,28.098716,0
85.316914,28.098714,0
85.316924,28.09871,0
85.316938,28.098706,0
85.316953,28.098701,0
85.31697,28.098697,0
85.316986,28.098691,0
85.317001,28.098686,0
85.317016,28.09868,0
85.317028,28.098674,0
85.31704,28.098668,0
85.317052,28.098662,0
85.317064,28.098656,0
85.317075,28.098651,0
85.317085,28.098645,0
85.317095,28.09864,0
85.317104,28.098634,0
85.317113,28.098628,0
85.317121,28.098622,0
85.317128,28.098616,0
85.317137,28.098609,0
85.317147,28.098602,0
85.317158,28.098594,0
85.317169,28.098586,0
85.31718,28.098577,0
85.317192,28.098567,0
85.317203,28.098557,0
85.317215,28.098548,0
85.317225,28.098541,0
85.317235,28.098537,0
85.317243,28.098532,0
85.317251,28.098529,0
85.317259,28.098528,0
85.317267,28.098527,0
85.317275,28.098527,0
85.317282,28.098526,0
85.317289,28.098526,0
85.317298,28.098525,0
85.317306,28.098522,0
85.317314,28.098519,0
85.317322,28.098516,0
85.31733,28.098511,0
85.317337,28.098507,0
85.317354,28.0985,0
85.317356,28.098505,0
85.317355,28.098504,0
85.317351,28.098501,0
85.317348,28.098499,0
85.317343,28.098496,0
85.317336,28.098493,0
85.317329,28.098492,0
85.317322,28.098491,0
85.317315,28.098493,0
85.317308,28.098496,0
85.317286,28.098504,0
85.317283,28.098501,0
85.317285,28.098501,0
85.317289,28.098501,0
85.317297,28.098501,0
85.317308,28.0985,0
85.317319,28.098499,0
85.317332,28.098496,0
85.317348,28.098494,0
85.317364,28.09849,0
85.317381,28.098485,0
85.317397,28.09848,0
85.317414,28.098477,0
85.317431,28.098475,0
85.317446,28.098476,0
85.317462,28.098476,0
85.317473,28.098471,0
85.317478,28.098465,0
85.317479,28.098463,0
85.317477,28.098463,0
85.317471,28.098464,0
85.317464,28.098467,0
85.317456,28.09847,0
85.317444,28.098468,0
85.31743,28.098464,0
85.317417,28.098459,0
85.317405,28.098456,0
85.317394,28.098454,0
85.317383,28.098452,0
85.317372,28.098449,0
85.317362,28.098447,0
85.317354,28.098447,0
85.317346,28.098448,0
85.31734,28.098451,0
85.317337,28.098454,0
85.317333,28.098461,0
85.317336,28.098464,0
85.317336,28.098463,0
85.317338,28.098464,0
85.317345,28.098468,0
85.317354,28.098473,0
85.317367,28.098478,0
85.31738,28.098483,0
85.317393,28.098486,0
85.317406,28.098489,0
85.31742,28.098491,0
85.317433,28.098492,0
85.317444,28.098491,0
85.317457,28.09849,0
85.317471,28.098488,0
85.317485,28.098486,0
85.317499,28.098482,0
85.317513,28.098478,0
85.317526,28.098474,0
85.317541,28.098471,0
85.317557,28.098468,0
85.317574,28.098467,0
85.317591,28.098467,0
85.317606,28.098466,0
85.31762,28.098463,0
85.317633,28.09846,0
85.317645,28.098456,0
85.317658,28.098452,0
85.317668,28.098445,0
85.317678,28.098438,0
85.317687,28.098431,0
85.317697,28.098426,0
85.317707,28.098422,0
85.317718,28.098421,0
85.317728,28.09842,0
85.31774,28.09842,0
85.317752,28.09842,0
85.317762,28.098416,0
85.317769,28.098409,0
85.317777,28.098402,0
85.317785,28.098397,0
85.317795,28.098392,0
85.317805,28.098386,0
85.317816,28.098381,0
85.317826,28.098375,0
85.317837,28.098371,0
85.317848,28.098367,0
85.317858,28.098363,0
85.317868,28.09836,0
85.317878,28.098358,0
85.317886,28.098356,0
85.317896,28.098354,0
85.317905,28.09835,0
85.317913,28.098346,0
85.317921,28.098341,0
85.317928,28.098337,0
85.31793,28.098334,0
85.317938,28.098331,0
85.317938,28.098333,0
85.317939,28.098334,0
85.317944,28.098334,0
85.317945,28.098335,0
85.317949,28.098338,0
85.317954,28.098333,0
85.317956,28.098331,0
85.317964,28.098331,0
85.317967,28.09833,0
85.317973,28.098329,0
85.317982,28.098325,0
85.317993,28.098322,0
85.318006,28.09832,0
85.318019,28.098317,0
85.318033,28.098314,0
85.318047,28.098311,0
85.31806,28.098308,0
85.318069,28.098304,0
85.318074,28.0983,0
85.318079,28.098297,0
85.318083,28.098296,0
85.318086,28.098294,0
85.318088,28.098289,0
85.318091,28.098285,0
85.318093,28.09828,0
85.318097,28.098276,0
85.318099,28.098271,0
85.318101,28.098266,0
85.318104,28.098263,0
85.318106,28.098259,0
85.318109,28.098255,0
85.318113,28.098252,0
85.318115,28.098247,0
85.318118,28.098242,0
85.318121,28.098237,0
85.318125,28.098233,0
85.318129,28.098229,0
85.31813,28.098226,0
85.31813,28.098223,0
85.318131,28.098221,0
85.318133,28.098211,0
85.318134,28.098211,0
85.318135,28.098211,0
85.318136,28.098211,0
85.318138,28.098211,0
85.318141,28.098208,0
85.318143,28.098209,0
85.318149,28.098213,0
85.318158,28.098217,0
85.318167,28.098221,0
85.318177,28.098227,0
85.31819,28.098235,0
85.318205,28.098244,0
85.31822,28.098252,0
85.318233,28.098259,0
85.318273,28.098281,0
85.318274,28.098283,0
85.318276,28.098284,0
85.318279,28.098285,0
85.31828,28.098282,0
85.318278,28.098279,0
85.318275,28.098274,0
85.318269,28.098266,0
85.318263,28.09826,0
85.318255,28.098252,0
85.318248,28.098244,0
85.318241,28.098238,0
85.318234,28.098234,0
85.318228,28.09823,0
85.318221,28.098224,0
85.318212,28.098219,0
85.318204,28.098213,0
85.318196,28.098208,0
85.318185,28.098196,0
85.318176,28.098187,0
85.318169,28.09818,0
85.318157,28.098169,0
85.318147,28.098159,0
85.318139,28.098152,0
85.318132,28.098145,0
85.318125,28.098141,0
85.318119,28.098137,0
85.318116,28.098137,0
85.318114,28.098138,0
85.318114,28.098139,0
85.318115,28.098141,0
85.318123,28.098151,0
85.318124,28.098152,0
85.318128,28.098154,0
85.318133,28.098157,0
85.318139,28.098159,0
85.318145,28.098163,0
85.318149,28.098163,0
85.318153,28.098165,0
85.31816,28.098169,0
85.318169,28.098174,0
85.318177,28.098179,0
85.318187,28.098185,0
85.318195,28.09819,0
85.318202,28.098195,0
85.31821,28.098201,0
85.318218,28.098206,0
85.318226,28.098211,0
85.318236,28.098217,0
85.318248,28.098223,0
85.318258,28.098229,0
85.318268,28.098234,0
85.318279,28.098241,0
85.318308,28.098266,0
85.318312,28.09827,0
85.318319,28.098278,0
85.318328,28.098287,0
85.318337,28.098295,0
85.318345,28.098302,0
85.318354,28.098309,0
85.318364,28.098315,0
85.318371,28.098321,0
85.318379,28.098328,0
85.318386,28.098334,0
85.318393,28.098341,0
85.3184,28.098346,0
85.318406,28.09835,0
85.318413,28.098355,0
85.31842,28.098359,0
85.318425,28.098363,0
85.318429,28.098366,0
85.318435,28.098372,0
85.318444,28.098379,0
85.318453,28.098386,0
85.318462,28.098394,0
85.31847,28.098401,0
85.318478,28.098407,0
85.318487,28.09841,0
85.318497,28.09841,0
85.318505,28.098408,0
85.318512,28.098402,0
85.318519,28.098395,0
85.318526,28.09839,0
85.318533,28.098387,0
85.318542,28.098384,0
85.318553,28.098384,0
85.318563,28.098383,0
85.318573,28.098383,0
85.318582,28.098384,0
85.318592,28.098387,0
85.3186,28.098389,0
85.318607,28.098391,0
85.318613,28.098393,0
85.318616,28.09839,0
85.31862,28.098387,0
85.318624,28.098385,0
85.31863,28.098385,0
85.318639,28.098385,0
85.318648,28.098385,0
85.318658,28.098383,0
85.318668,28.098382,0
85.31868,28.098381,0
85.318689,28.098378,0
85.3187,28.098376,0
85.318707,28.098373,0
85.318713,28.098369,0
85.31872,28.098366,0
85.318727,28.098362,0
85.318731,28.098357,0
85.318737,28.098351,0
85.318745,28.098346,0
85.318753,28.098342,0
85.318761,28.098338,0
85.318774,28.098338,0
85.318784,28.098337,0
85.318794,28.098333,0
85.318804,28.098331,0
85.318813,28.098328,0
85.318822,28.098324,0
85.318831,28.09832,0
85.318838,28.098315,0
85.318844,28.09831,0
85.31885,28.098304,0
85.318856,28.098297,0
85.318861,28.09829,0
85.318866,28.098282,0
85.318872,28.098275,0
85.318878,28.09827,0
85.318886,28.098264,0
85.318894,28.098258,0
85.318903,28.098251,0
85.318914,28.098244,0
85.318922,28.098238,0
85.318929,28.098232,0
85.318937,28.098229,0
85.318948,28.098227,0
85.318959,28.098226,0
85.318972,28.098226,0
85.318982,28.098225,0
85.318993,28.098222,0
85.319001,28.098217,0
85.319008,28.098211,0
85.319015,28.098206,0
85.319022,28.098203,0
85.319028,28.0982,0
85.319032,28.098198,0
85.319046,28.098195,0
85.319047,28.098194,0
85.319052,28.098196,0
85.319059,28.098201,0
85.319067,28.098204,0
85.319075,28.098207,0
85.319082,28.09821,0
85.3191,28.098213,0
85.319101,28.098212,0
85.319105,28.098211,0
85.31911,28.098208,0
85.319116,28.098205,0
85.319124,28.098201,0
85.319131,28.098198,0
85.319136,28.098193,0
85.319142,28.098189,0
85.319148,28.098185,0
85.319155,28.09818,0
85.319162,28.098178,0
85.31917,28.098175,0
85.319179,28.098173,0
85.319189,28.098172,0
85.319199,28.098171,0
85.319209,28.098171,0
85.319219,28.09817,0
85.319229,28.098168,0
85.319239,28.098167,0
85.319249,28.098163,0
85.319258,28.098159,0
85.319267,28.098154,0
85.319275,28.098148,0
85.319283,28.098142,0
85.319291,28.098135,0
85.3193,28.098128,0
85.319309,28.098122,0
85.319317,28.098117,0
85.319325,28.09811,0
85.319332,28.098103,0
85.319337,28.098094,0
85.319343,28.098086,0
85.319347,28.098078,0
85.319351,28.098071,0
85.319356,28.098063,0
85.31936,28.098055,0
85.319363,28.098046,0
85.319366,28.098038,0
85.319369,28.09803,0
85.319373,28.098022,0
85.319378,28.098016,0
85.319381,28.098011,0
85.319386,28.097995,0
85.319385,28.097994,0
85.319383,28.097985,0
85.319385,28.097986,0
85.319388,28.097985,0
85.319392,28.097983,0
85.319397,28.097979,0
85.319403,28.097974,0
85.319408,28.097969,0
85.319414,28.097963,0
85.319421,28.097958,0
85.319429,28.097952,0
85.319436,28.097947,0
85.319443,28.097941,0
85.319449,28.097935,0
85.319455,28.097929,0
85.319462,28.097923,0
85.319469,28.097917,0
85.319478,28.097911,0
85.319486,28.097907,0
85.319495,28.097904,0
85.319505,28.097901,0
85.319515,28.097899,0
85.319526,28.097895,0
85.319536,28.097892,0
85.319545,28.097889,0
85.319555,28.097887,0
85.319565,28.097884,0
85.319576,28.097881,0
85.319587,28.097878,0
85.319597,28.097875,0
85.319608,28.097873,0
85.319619,28.097871,0
85.319629,28.097869,0
85.319639,28.097866,0
85.31965,28.097863,0
85.319661,28.097861,0
85.319672,28.097858,0
85.319683,28.097855,0
85.319695,28.097854,0
85.319706,28.097852,0
85.319716,28.097849,0
85.319725,28.097843,0
85.319734,28.097838,0
85.319742,28.097832,0
85.319752,28.097827,0
85.319761,28.097823,0
85.31977,28.097819,0
85.319779,28.097815,0
85.319787,28.097811,0
85.319796,28.097806,0
85.319804,28.097802,0
85.319813,28.097799,0
85.319823,28.097796,0
85.319833,28.097794,0
85.319842,28.097792,0
85.319851,28.097792,0
85.31986,28.097791,0
85.319868,28.09779,0
85.319876,28.097789,0
85.319884,28.097789,0
85.319891,28.097789,0
85.319899,28.09779,0
85.319906,28.097791,0
85.319915,28.097791,0
85.319923,28.097791,0
85.319931,28.097791,0
85.31994,28.097791,0
85.319948,28.09779,0
85.319958,28.09779,0
85.319968,28.097789,0
85.319979,28.097789,0
85.319989,28.097791,0
85.319999,28.09779,0
85.320007,28.097788,0
85.320015,28.097787,0
85.320023,28.097786,0
85.320031,28.097784,0
85.320037,28.09778,0
85.320044,28.097777,0
85.320052,28.097775,0
85.320063,28.097774,0
85.320073,28.097774,0
85.320085,28.097774,0
85.320095,28.097773,0
85.320102,28.09777,0
85.320108,28.097768,0
85.320114,28.097767,0
85.320118,28.097766,0
85.320121,28.097764,0
85.320123,28.097761,0
85.320126,28.097758,0
85.320126,28.097751,0
85.320126,28.09775,0
85.320125,28.097747,0
85.320121,28.097736,0
85.320121,28.097735,0
85.32012,28.097734,0
85.32012,28.097733,0
85.320122,28.097732,0
85.320122,28.097731,0
85.320123,28.097729,0
85.320123,28.097727,0
85.320125,28.097724,0
85.320125,28.097725,0
85.320128,28.097728,0
85.320132,28.097727,0
85.32014,28.097725,0
85.32015,28.097724,0
85.320162,28.097721,0
85.320175,28.097717,0
85.320192,28.097717,0
85.320207,28.097715,0
85.320222,28.097712,0
85.320237,28.097709,0
85.320248,28.097705,0
85.320259,28.097701,0
85.320267,28.097697,0
85.320275,28.097697,0
85.320282,28.097696,0
85.320291,28.097699,0
85.320285,28.097696,0
85.320282,28.097696,0
85.320275,28.097695,0
85.320265,28.097694,0
85.320252,28.097695,0
85.320238,28.097698,0
85.320224,28.0977,0
85.32021,28.097703,0
85.320198,28.097706,0
85.320186,28.09771,0
85.320176,28.097713,0
85.320166,28.097716,0
85.320157,28.097719,0
85.320149,28.097721,0
85.320143,28.097724,0
85.320138,28.097727,0
85.320131,28.09773,0
85.320123,28.097731,0
85.320115,28.097732,0
85.320108,28.097731,0
85.320103,28.097731,0
85.3201,28.097729,0
85.320098,28.097726,0
85.320098,28.097722,0
85.320092,28.097716,0
85.320089,28.097717,0
85.320086,28.097718,0
85.320083,28.097719,0
85.320081,28.097719,0
85.320082,28.097719,0
85.320086,28.097719,0
85.32009,28.097719,0
85.320095,28.097718,0
85.3201,28.097718,0
85.320107,28.097718,0
85.320115,28.097718,0
85.320122,28.097717,0
85.320131,28.097717,0
85.320139,28.097715,0
85.320148,28.097711,0
85.320155,28.097707,0
85.320164,28.097703,0
85.320174,28.097701,0
85.320182,28.097697,0
85.32019,28.097692,0
85.320198,28.097688,0
85.320206,28.097683,0
85.320216,28.09768,0
85.320227,28.097677,0
85.320241,28.097674,0
85.320255,28.097672,0
85.320268,28.09767,0
85.320281,28.097668,0
85.320294,28.097667,0
85.320308,28.097667,0
85.320322,28.097668,0
85.320335,28.097668,0
85.320351,28.097668,0
85.320367,28.097668,0
85.320382,28.09767,0
85.320397,28.097673,0
85.320414,28.097676,0
85.32043,28.097677,0
85.320445,28.097678,0
85.320459,28.097679,0
85.320475,28.097683,0
85.320493,28.097688,0
85.320508,28.097694,0
85.32052,28.097697,0
85.320532,28.097699,0
85.320544,28.097698,0
85.320558,28.0977,0
85.320572,28.097703,0
85.320588,28.097708,0
85.320603,28.097716,0
85.320618,28.097727,0
85.320632,28.097733,0
85.320644,28.09774,0
85.320655,28.097744,0
85.320663,28.097746,0
85.320683,28.097753,0
85.320684,28.097752,0
85.320687,28.097751,0
85.320692,28.097751,0
85.320699,28.097753,0
85.320709,28.097759,0
85.32072,28.097767,0
85.320731,28.097772,0
85.320741,28.097775,0
85.320751,28.097775,0
85.32076,28.097775,0
85.320768,28.097777,0
85.320776,28.09778,0
85.320784,28.097785,0
85.320791,28.09779,0
85.320796,28.097792,0
85.320802,28.097794,0
85.320809,28.097796,0
85.320816,28.097798,0
85.320823,28.097798,0
85.320829,28.097796,0
85.320836,28.097794,0
85.320843,28.097791,0
85.320848,28.097789,0
85.320853,28.097792,0
85.320858,28.097796,0
85.320865,28.0978,0
85.320874,28.097802,0
85.320881,28.097803,0
85.320888,28.097805,0
85.320897,28.097805,0
85.320906,28.097806,0
85.320918,28.097807,0
85.32093,28.097808,0
85.320943,28.097809,0
85.320957,28.097812,0
85.320969,28.097814,0
85.32098,28.097817,0
85.320991,28.097817,0
85.320999,28.097817,0
85.321007,28.097819,0
85.321016,28.09782,0
85.321024,28.097823,0
85.321031,28.097825,0
85.321038,28.097828,0
85.321043,28.097831,0
85.321049,28.097835,0
85.321053,28.097838,0
85.321058,28.097843,0
85.321064,28.097844,0
85.321068,28.097846,0
85.321072,28.097849,0
85.321074,28.097849,0
85.321072,28.097848,0
85.321067,28.097844,0
85.321061,28.097839,0
85.321054,28.097836,0
85.321047,28.097832,0
85.321039,28.097829,0
85.321032,28.097825,0
85.321027,28.097821,0
85.321022,28.097817,0
85.321021,28.097815,0
85.321021,28.09781,0
85.321032,28.097803,0
85.321035,28.097803,0
85.321042,28.097801,0
85.321048,28.0978,0
85.321049,28.0978,0
85.321051,28.0978,0
85.32106,28.097798,0
85.321063,28.097796,0
85.321063,28.097788,0
85.321058,28.097785,0
85.321055,28.097785,0
85.321054,28.097785,0
85.321051,28.097784,0
85.321042,28.09778,0
85.321041,28.097779,0
85.321047,28.097768,0
85.321053,28.097767,0
85.321056,28.097769,0
85.321064,28.097776,0
85.321073,28.097783,0
85.321083,28.097792,0
85.321094,28.097802,0
85.321106,28.097812,0
85.321119,28.097824,0
85.321131,28.097837,0
85.321144,28.09785,0
85.321155,28.097865,0
85.321166,28.09788,0
85.321177,28.097893,0
85.321189,28.097906,0
85.321202,28.097918,0
85.321216,28.097929,0
85.321228,28.097938,0
85.321241,28.097948,0
85.321253,28.097954,0
85.321263,28.097959,0
85.321269,28.097961,0
85.321273,28.09796,0
85.321273,28.097957,0
85.321271,28.097952,0
85.321267,28.097946,0
85.321261,28.097938,0
85.321254,28.09793,0
85.321248,28.097923,0
85.321242,28.097916,0
85.321234,28.09791,0
85.321227,28.097903,0
85.321218,28.097897,0
85.321209,28.09789,0
85.3212,28.097883,0
85.321192,28.097876,0
85.321184,28.097868,0
85.321175,28.097859,0
85.321166,28.097853,0
85.321157,28.097848,0
85.321149,28.097844,0
85.32114,28.097838,0
85.321131,28.097835,0
85.321123,28.097834,0
85.321084,28.097835,0
85.321083,28.097837,0
85.321082,28.097843,0
85.321082,28.097851,0
85.321085,28.097868,0
85.321088,28.097884,0
85.321093,28.097896,0
85.321101,28.097903,0
85.32111,28.097909,0
85.32112,28.097914,0
85.321129,28.09792,0
85.321137,28.097926,0
85.321145,28.097933,0
85.321154,28.097939,0
85.321164,28.097944,0
85.321173,28.097947,0
85.321183,28.097948,0
85.321191,28.09795,0
85.321198,28.097953,0
85.321204,28.097956,0
85.321211,28.097959,0
85.321218,28.097963,0
85.321224,28.097967,0
85.321231,28.097969,0
85.321239,28.097972,0
85.321246,28.097972,0
85.321253,28.097971,0
85.321261,28.097971,0
85.321268,28.09797,0
85.321275,28.097969,0
85.32128,28.09797,0
85.321294,28.097953,0
85.321293,28.09795,0
85.321291,28.097942,0
85.321457,28.097678,0
85.32146,28.097681,0
85.321466,28.097684,0
85.32147,28.097681,0
85.321473,28.097676,0
85.321476,28.097661,0
85.321477,28.097645,0
85.321475,28.097626,0
85.32147,28.097601,0
85.321464,28.097547,0
85.321466,28.097547,0
85.321468,28.097546,0
85.321471,28.097546,0
85.321475,28.097547,0
85.321477,28.097549,0
85.321481,28.09755,0
85.321485,28.097551,0
85.321492,28.097553,0
85.3215,28.097558,0
85.32151,28.097566,0
85.321521,28.097575,0
85.321535,28.097585,0
85.321547,28.097595,0
85.321558,28.097603,0
85.321572,28.097609,0
85.321587,28.097618,0
85.321604,28.097629,0
85.321621,28.09764,0
85.321638,28.097651,0
85.321653,28.097663,0
85.321664,28.097673,0
85.321669,28.097676,0
85.32167,28.097676,0
85.321667,28.097673,0
85.321663,28.097671,0
85.321655,28.097668,0
85.321646,28.097662,0
85.321636,28.097658,0
85.321627,28.097653,0
85.321616,28.09765,0
85.321606,28.097651,0
85.321597,28.097652,0
85.32159,28.097655,0
85.321583,28.097662,0
85.321583,28.097675,0
85.321584,28.097693,0
85.321589,28.097706,0
85.321596,28.097721,0
85.321606,28.097733,0
85.321615,28.097747,0
85.321626,28.097755,0
85.321635,28.097761,0
85.321643,28.097765,0
85.321651,28.097769,0
85.321658,28.097777,0
85.321665,28.097774,0
85.321669,28.097766,0
85.321673,28.097753,0
85.321678,28.097749,0
85.321684,28.097761,0
85.321689,28.097773,0
85.321693,28.097785,0
85.321698,28.097792,0
85.321702,28.097799,0
85.321704,28.097802,0
85.321703,28.097807,0
85.321701,28.09781,0
85.321704,28.097814,0
85.321708,28.097816,0
85.321712,28.097821,0
85.321717,28.097826,0
85.321722,28.097831,0
85.321726,28.097828,0
85.321729,28.097826,0
85.321729,28.097816,0
85.321725,28.097805,0
85.321717,28.097795,0
85.321705,28.097786,0
85.321692,28.09778,0
85.32168,28.097775,0
85.321671,28.097774,0
85.321665,28.097774,0
85.321665,28.097777,0
85.321674,28.097784,0
85.321677,28.097784,0
85.321683,28.097783,0
85.32169,28.097784,0
85.321699,28.097787,0
85.321706,28.097792,0
85.32171,28.097799,0
85.321716,28.097805,0
85.321725,28.097814,0
85.321734,28.097823,0
85.321745,28.097832,0
85.321755,28.097841,0
85.321768,28.09785,0
85.321781,28.097859,0
85.321793,28.097868,0
85.321804,28.097876,0
85.321814,28.097882,0
85.321824,28.097883,0
85.321831,28.097885,0
85.321838,28.097887,0
85.321842,28.097887,0
85.321846,28.097888,0
85.321852,28.097887,0
85.321857,28.097887,0
85.321863,28.097887,0
85.321867,28.097888,0
85.321872,28.097887,0
85.321871,28.097886,0
85.32187,28.097885,0
85.321872,28.097882,0
85.321873,28.097883,0
85.321875,28.097883,0
85.321887,28.097877,0
85.321891,28.097876,0
85.321897,28.097875,0
85.321905,28.097873,0
85.321914,28.097868,0
85.321924,28.097862,0
85.321934,28.097857,0
85.321944,28.097854,0
85.321956,28.097852,0
85.321969,28.09785,0
85.32198,28.097847,0
85.321989,28.097843,0
85.321996,28.097841,0
85.322004,28.097837,0
85.322009,28.097832,0
85.322015,28.09783,0
85.322021,28.097831,0
85.322027,28.097831,0
85.322032,28.097833,0
85.322036,28.097835,0
85.32204,28.097838,0
85.322042,28.097842,0
85.322044,28.097846,0
85.322054,28.097859,0
85.322054,28.097858,0
85.322056,28.097859,0
85.322059,28.097862,0
85.322063,28.097863,0
85.322067,28.097864,0
85.32207,28.097864,0
85.322071,28.097863,0
85.322073,28.097861,0
85.322074,28.097859,0
85.322074,28.097856,0
85.322075,28.097852,0
85.322077,28.097849,0
85.32208,28.097846,0
85.322083,28.097843,0
85.322086,28.09784,0
85.322089,28.097837,0
85.322091,28.097832,0
85.322091,28.097833,0
85.322092,28.097835,0
85.322094,28.097841,0
85.322094,28.097847,0
85.322093,28.097853,0
85.322093,28.097858,0
85.322095,28.097864,0
85.322096,28.09787,0
85.322096,28.097875,0
85.322094,28.097875,0
85.32209,28.097875,0
85.32209,28.097876,0
85.322094,28.097879,0
85.322101,28.097884,0
85.322108,28.09789,0
85.322117,28.097893,0
85.322125,28.097894,0
85.322134,28.097895,0
85.322142,28.097894,0
85.32215,28.097894,0
85.322155,28.097891,0
85.32216,28.097887,0
85.322163,28.097881,0
85.322167,28.097874,0
85.322172,28.097868,0
85.322176,28.097861,0
85.322182,28.097857,0
85.322191,28.097851,0
85.322199,28.097846,0
85.32221,28.097841,0
85.32222,28.097835,0
85.322228,28.097828,0
85.322232,28.097818,0
85.322234,28.097808,0
85.322234,28.097796,0
85.322236,28.097786,0
85.322236,28.097778,0
85.322236,28.097761,0
85.322232,28.097762,0
85.322224,28.097751,0
85.322223,28.09775,0
85.322222,28.09775,0
85.32222,28.09775,0
85.322216,28.09775,0
85.322211,28.097749,0
85.322205,28.097749,0
85.3222,28.097749,0
85.322196,28.097749,0
85.322192,28.097748,0
85.322189,28.097747,0
85.322186,28.097746,0
85.322183,28.097744,0
85.32218,28.097743,0
85.322177,28.09774,0
85.322175,28.097738,0
85.322173,28.097736,0
85.322167,28.097729,0
85.322167,28.097728,0
85.322169,28.097727,0
85.322171,28.09773,0
85.322177,28.097738,0
85.322184,28.097745,0
85.322191,28.097751,0
85.322198,28.097756,0
85.322206,28.097758,0
85.322213,28.097758,0
85.322222,28.097758,0
85.32223,28.097758,0
85.322236,28.097757,0
85.322252,28.097766,0
85.322253,28.097766,0
85.322254,28.097768,0
85.322256,28.09777,0
85.322256,28.097774,0
85.322255,28.097777,0
85.322252,28.097782,0
85.322249,28.097788,0
85.322243,28.09779,0
85.322237,28.09779,0
85.322234,28.097791,0
85.322234,28.097792,0
85.322235,28.097792,0
85.322236,28.097789,0
85.322241,28.097789,0
85.322249,28.097788,0
85.322257,28.097786,0
85.322264,28.097783,0
85.322274,28.097782,0
85.322283,28.09778,0
85.322294,28.097781,0
85.322305,28.097783,0
85.322314,28.097783,0
85.322326,28.097785,0
85.322335,28.097783,0
85.322343,28.09778,0
85.322351,28.097775,0
85.322354,28.097767,0
85.322354,28.09776,0
85.322354,28.097754,0
85.322354,28.097739,0
85.322356,28.097731,0
85.322356,28.097729,0
85.322361,28.097727,0
85.322366,28.097726,0
85.322368,28.097722,0
85.322371,28.097718,0
85.322371,28.097715,0
85.322372,28.097711,0
85.322373,28.097712,0
85.322371,28.097716,0
85.32237,28.097715,0
85.322369,28.097714,0
85.322367,28.097716,0
85.322359,28.097719,0
85.322358,28.097719,0
85.322355,28.09772,0
85.322352,28.097721,0
85.32235,28.097722,0
85.322347,28.097724,0
85.322344,28.097733,0
85.322343,28.097735,0
85.322341,28.097737,0
85.322337,28.097738,0
85.322333,28.097737,0
85.322329,28.097736,0
85.322325,28.097734,0
85.32232,28.097733,0
85.322316,28.097732,0
85.322304,28.097728,0
85.322303,28.097728,0
85.322301,28.097728,0
85.322302,28.09773,0
85.322304,28.097733,0
85.322307,28.097736,0
85.322306,28.097736,0
85.322304,28.097735,0
85.322302,28.097732,0
85.3223,28.09773,0
85.322299,28.097727,0
85.3223,28.097727,0
85.322294,28.097724,0
85.322293,28.097725,0
85.322292,28.097725,0
85.322289,28.097725,0
85.322285,28.097722,0
85.322276,28.097718,0
85.322278,28.097714,0
85.322279,28.097713,0
85.32228,28.097706,0
85.322281,28.0977,0
85.322282,28.097695,0
85.322283,28.097689,0
85.322285,28.097684,0
85.322285,28.097679,0
85.322284,28.097674,0
85.322283,28.09767,0
85.322284,28.097666,0
85.322283,28.097663,0
85.322282,28.097659,0
85.322293,28.097663,0
85.322295,28.097665,0
85.322298,28.097668,0
85.322301,28.097672,0
85.322303,28.097674,0
85.322302,28.097673,0
85.322302,28.097672,0
85.322304,28.097672,0
85.322307,28.097673,0
85.322309,28.097675,0
85.32231,28.097674,0
85.32231,28.097673,0
85.322311,28.097674,0
85.322323,28.097686,0
85.322323,28.097687,0
85.322323,28.097689,0
85.322319,28.097693,0
85.322313,28.097693,0
85.322311,28.097694,0
85.32231,28.097696,0
85.322305,28.097699,0
85.322298,28.097702,0
85.322291,28.097706,0
85.322284,28.097707,0
85.322263,28.097706,0
85.322262,28.097706,0
85.322258,28.0977,0
85.322258,28.097698,0
85.32226,28.097698,0
85.322259,28.0977,0
85.322257,28.097704,0
85.322254,28.097709,0
85.322251,28.097714,0
85.322246,28.097719,0
85.322242,28.097725,0
85.322237,28.097728,0
85.322231,28.097731,0
85.322223,28.097736,0
85.322214,28.097742,0
85.322206,28.097746,0
85.322198,28.09775,0
85.322193,28.09775,0
85.322187,28.097746,0
85.322181,28.09774,0
85.322175,28.097735,0
85.322169,28.097732,0
85.322163,28.097732,0
85.322158,28.097734,0
85.322153,28.097739,0
85.322148,28.097744,0
85.322143,28.097747,0
85.322139,28.097755,0
85.322133,28.097763,0
85.322126,28.097769,0
85.322117,28.097774,0
85.322106,28.097776,0
85.322094,28.097777,0
85.322082,28.097778,0
85.32207,28.097779,0
85.322059,28.097781,0
85.322051,28.097786,0
85.322043,28.097794,0
85.322036,28.097802,0
85.322032,28.097812,0
85.322031,28.097822,0
85.322031,28.097833,0
85.32203,28.097842,0
85.322029,28.097848,0
85.322026,28.097851,0
85.322024,28.097853,0
85.322021,28.097858,0
85.322017,28.097861,0
85.322011,28.097865,0
85.322003,28.097867,0
85.321997,28.097871,0
85.321992,28.097876,0
85.321989,28.097884,0
85.321985,28.097891,0
85.321983,28.097899,0
85.321982,28.097907,0
85.321981,28.097914,0
85.321982,28.097923,0
85.321985,28.097931,0
85.321987,28.097939,0
85.321988,28.097944,0
85.321987,28.097949,0
85.321983,28.097953,0
85.321978,28.097958,0
85.321973,28.09796,0
85.321968,28.097961,0
85.321964,28.097962,0
85.32196,28.097964,0
85.321956,28.097965,0
85.321953,28.097966,0
85.321954,28.097968,0
85.321953,28.09797,0
85.321951,28.097972,0
85.321947,28.097975,0
85.321943,28.097978,0
85.321939,28.097983,0
85.321936,28.097987,0
85.321928,28.097996,0
85.321928,28.097997,0
85.321929,28.098001,0
85.321933,28.098005,0
85.321942,28.098021,0
85.321944,28.098022,0
85.32195,28.098025,0
85.321959,28.098031,0
85.321971,28.098036,0
85.321984,28.098041,0
85.321998,28.098045,0
85.32201,28.098047,0
85.322023,28.098049,0
85.322036,28.098051,0
85.322046,28.098051,0
85.322056,28.098049,0
85.322083,28.09805,0
85.322084,28.09805,0
85.322085,28.098052,0
85.322087,28.098061,0
85.322087,28.098062,0
85.322087,28.098068,0
85.32209,28.098071,0
85.322095,28.098074,0
85.322099,28.098077,0
85.322103,28.09808,0
85.322106,28.098083,0
85.322108,28.098086,0
85.322112,28.098091,0
85.32212,28.098096,0
85.32213,28.0981,0
85.322139,28.098104,0
85.322155,28.098116,0
85.322154,28.098117,0
85.322151,28.098117,0
85.32215,28.098118,0
85.322148,28.09812,0
85.322147,28.098123,0
85.32215,28.098126,0
85.322157,28.098129,0
85.322163,28.098131,0
85.322167,28.098133,0
85.322173,28.098137,0
85.322179,28.09814,0
85.322185,28.09814,0
85.322205,28.098141,0
85.322206,28.098141,0
85.322209,28.098138,0
85.322212,28.098136,0
85.322215,28.098135,0
85.32222,28.098137,0
85.322228,28.098141,0
85.322238,28.09815,0
85.322237,28.098148,0
85.322234,28.098148,0
85.32223,28.098148,0
85.322229,28.098151,0
85.322228,28.098157,0
85.322227,28.098163,0
85.322237,28.098173,0
85.322239,28.098172,0
85.322242,28.098169,0
85.32225,28.098163,0
85.32225,28.098168,0
85.322252,28.098175,0
85.322252,28.098185,0
85.322247,28.098193,0
85.322246,28.098194,0
85.322245,28.098196,0
85.322243,28.0982,0
85.322241,28.098203,0
85.322238,28.098207,0
85.322236,28.098212,0
85.322233,28.098219,0
85.322228,28.098226,0
85.322223,28.098233,0
85.322222,28.098236,0
85.322225,28.098236,0
85.322229,28.098233,0
85.322233,28.098233,0
85.322236,28.098236,0
85.322239,28.098238,0
85.322244,28.098238,0
85.322246,28.098237,0
85.322259,28.098228,0
85.322261,28.098228,0
85.322264,28.098229,0
85.322267,28.09823,0
85.322282,28.098233,0
85.322284,28.098236,0
85.322283,28.098236,0
85.322282,28.098237,0
85.322284,28.098239,0
85.322287,28.09825,0
85.322287,28.098251,0
85.32229,28.098252,0
85.322295,28.098258,0
85.322296,28.098258,0
85.322297,28.098258,0
85.322302,28.098261,0
85.322305,28.098263,0
85.322306,28.098266,0
85.322308,28.098268,0
85.322306,28.098272,0
85.322303,28.098276,0
85.322299,28.098282,0
85.322293,28.098289,0
85.322287,28.098295,0
85.322283,28.098302,0
85.32228,28.098308,0
85.322279,28.098313,0
85.322284,28.098315,0
85.322289,28.098315,0
85.322293,28.098316,0
85.32231,28.098306,0
85.322312,28.098298,0
85.322313,28.098297,0
85.322332,28.098291,0
85.322336,28.09829,0
85.322341,28.098289,0
85.322346,28.098286,0
85.322349,28.098283,0
85.322352,28.098281,0
85.322355,28.09828,0
85.322359,28.098279,0
85.322361,28.098278,0
85.322363,28.098278,0
85.322365,28.098278,0
85.322367,28.098277,0
85.32237,28.098276,0
85.322372,28.098274,0
85.322373,28.098272,0
85.32238,28.098266,0
85.322381,28.098266,0
85.322383,28.098265,0
85.322386,28.098263,0
85.322389,28.09826,0
85.322392,28.098257,0
85.322397,28.098255,0
85.322405,28.098256,0
85.322414,28.098259,0
85.322422,28.098262,0
85.322429,28.098262,0
85.322438,28.098261,0
85.322447,28.098261,0
85.322454,28.098261,0
85.322462,28.098258,0
85.322469,28.098253,0
85.322475,28.098248,0
85.322486,28.098244,0
85.322496,28.09824,0
85.322507,28.098235,0
85.322515,28.098233,0
85.322521,28.098232,0
85.322526,28.098229,0
85.32253,28.098224,0
85.322532,28.098218,0
85.322533,28.098213,0
85.322534,28.098208,0
85.322537,28.098204,0
85.322539,28.098199,0
85.322542,28.098195,0
85.322545,28.09819,0
85.322548,28.098186,0
85.322553,28.098181,0
85.322559,28.098177,0
85.322563,28.098173,0
85.322567,28.098167,0
85.32257,28.098163,0
85.32258,28.098155,0
85.322581,28.098155,0
85.322583,28.098154,0
85.322586,28.098154,0
85.322589,28.098153,0
85.322592,28.098152,0
85.322593,28.098151,0
85.322602,28.098148,0
85.322605,28.098148,0
85.322611,28.098148,0
85.322619,28.098146,0
85.32263,28.098145,0
85.322643,28.098144,0
85.322655,28.098143,0
85.32267,28.098142,0
85.322683,28.098139,0
85.322696,28.098138,0
85.322727,28.098143,0
85.322725,28.098145,0
85.322724,28.098144,0
85.322724,28.098145,0
85.322727,28.098148,0
85.322734,28.09815,0
85.322739,28.09815,0
85.322751,28.098151,0
85.322765,28.098154,0
85.32278,28.098161,0
85.322796,28.098168,0
85.322809,28.098175,0
85.322819,28.09818,0
85.322827,28.098185,0
85.322835,28.098189,0
85.322837,28.098191,0
85.322835,28.098192,0
85.322832,28.098192,0
85.322829,28.098193,0
85.322826,28.098194,0
85.322824,28.098195,0
85.32281,28.098197,0
85.322809,28.098197,0
85.322808,28.098199,0
85.322807,28.098205,0
85.322808,28.098205,0
85.322807,28.098205,0
85.322807,28.098208,0
85.322811,28.098212,0
85.322817,28.098215,0
85.322823,28.098216,0
85.32283,28.098217,0
85.322837,28.098217,0
85.322845,28.098217,0
85.322851,28.098216,0
85.322857,28.098215,0
85.322867,28.098217,0
85.322865,28.098222,0
85.322855,28.098223,0
85.322854,28.098224,0
85.322852,28.098227,0
85.322851,28.09823,0
85.322851,28.098232,0
85.322851,28.098235,0
85.322851,28.098238,0
85.322853,28.098242,0
85.322855,28.098244,0
85.32286,28.098247,0
85.322864,28.098249,0
85.322869,28.09825,0
85.322887,28.098253,0
85.322888,28.098253,0
85.322891,28.098252,0
85.322894,28.098252,0
85.322898,28.098254,0
85.322902,28.098256,0
85.322907,28.098257,0
85.32291,28.098256,0
85.322913,28.098254,0
85.322913,28.098247,0
85.322913,28.09824,0
85.322917,28.098236,0
85.322923,28.098233,0
85.322928,28.09823,0
85.322935,28.098228,0
85.322941,28.098226,0
85.322947,28.098223,0
85.322952,28.09822,0
85.322957,28.098217,0
85.322962,28.098214,0
85.322966,28.098211,0
85.322971,28.098208,0
85.322975,28.098205,0
85.322979,28.098204,0
85.322983,28.098204,0
85.322986,28.098204,0
85.32299,28.098204,0
85.322995,28.098204,0
85.322997,28.098203,0
85.323,28.098203,0
85.323002,28.098205,0
85.323006,28.098207,0
85.323011,28.098208,0
85.323018,28.098209,0
85.323025,28.098211,0
85.323032,28.098212,0
85.32304,28.098214,0
85.323047,28.098217,0
85.323056,28.09822,0
85.323063,28.09822,0
85.323071,28.098218,0
85.323078,28.098217,0
85.323084,28.098215,0
85.323089,28.098211,0
85.323094,28.098207,0
85.3231,28.098202,0
85.323107,28.098198,0
85.323113,28.098195,0
85.32312,28.098195,0
85.323129,28.098195,0
85.323137,28.098194,0
85.323145,28.098192,0
85.323152,28.098191,0
85.323159,28.098192,0
85.323172,28.098198,0
85.323183,28.098203,0
85.323192,28.098207,0
85.323199,28.098208,0
85.323208,28.098213,0
85.323214,28.098216,0
85.323221,28.098218,0
85.323225,28.098219,0
85.32323,28.098217,0
85.323234,28.098216,0
85.323239,28.098217,0
85.323244,28.098218,0
85.32325,28.09822,0
85.323256,28.098222,0
85.32326,28.098222,0
85.323265,28.098223,0
85.323269,28.098224,0
85.32328,28.098225,0
85.323287,28.098222,0
85.323288,28.098222,0
85.32329,28.098221,0
85.323293,28.098219,0
85.323296,28.098217,0
85.3233,28.098214,0
85.323303,28.098211,0
85.323309,28.098208,0
85.323315,28.098206,0
85.32332,28.098202,0
85.323325,28.098198,0
85.323329,28.098193,0
85.323332,28.098189,0
85.323336,28.098186,0
85.32334,28.098182,0
85.323346,28.098179,0
85.323351,28.098179,0
85.323356,28.098179,0
85.323362,28.09818,0
85.323369,28.098182,0
85.323374,28.098182,0
85.323379,28.098182,0
85.323382,28.098181,0
85.323392,28.098185,0
85.323392,28.098186,0
85.323399,28.098189,0
85.323403,28.09819,0
85.32341,28.098193,0
85.323419,28.098197,0
85.323431,28.098204,0
85.323443,28.09821,0
85.323454,28.098215,0
85.323466,28.098219,0
85.323479,28.098224,0
85.323492,28.09823,0
85.323502,28.098235,0
85.32351,28.098236,0
85.323517,28.098237,0
85.323525,28.098239,0
85.323531,28.09824,0
85.323537,28.09824,0
85.323543,28.098238,0
85.323549,28.098237,0
85.323553,28.098236,0
85.323559,28.098235,0
85.323565,28.098233,0
85.323571,28.098231,0
85.323575,28.098229,0
85.323581,28.098228,0
85.323588,28.098226,0
85.323593,28.098225,0
85.32361,28.098221,0
85.323611,28.09822,0
85.323613,28.098219,0
85.323616,28.098218,0
85.323618,28.098216,0
85.323622,28.098209,0
85.323627,28.098212,0
85.323627,28.098217,0
85.323634,28.098217,0
85.323639,28.098219,0
85.323647,28.098219,0
85.323648,28.098219,0
85.323655,28.098217,0
85.323664,28.098217,0
85.323665,28.098216,0
85.323684,28.098217,0
85.323695,28.098216,0
85.323697,28.098206,0
85.323696,28.098204,0
85.323696,28.098201,0
85.323699,28.098197,0
85.323702,28.098192,0
85.323705,28.098192,0
85.323708,28.098191,0
85.323711,28.09819,0
85.323713,28.098188,0
85.323717,28.098183,0
85.323722,28.098164,0
85.323722,28.098163,0
85.323723,28.098162,0
85.323723,28.098161,0
85.323722,28.098162,0
85.323721,28.098164,0
85.323716,28.098169,0
85.323707,28.098172,0
85.323706,28.098173,0
85.323701,28.098176,0
85.323699,28.098186,0
85.323699,28.098188,0
85.323697,28.098202,0
85.323694,28.098207,0
85.323689,28.098199,0
85.323688,28.098199,0
85.323681,28.098201,0
85.32368,28.098201,0
85.323679,28.098189,0
85.323674,28.098187,0
85.323675,28.098189,0
85.323677,28.098191,0
85.32368,28.098195,0
85.323684,28.098199,0
85.323688,28.098202,0
85.323691,28.098207,0
85.323694,28.098212,0
85.323698,28.098217,0
85.323703,28.098222,0
85.323717,28.098236,0
85.323718,28.098236,0
85.323722,28.098239,0
85.323727,28.098242,0
85.323732,28.098243,0
85.323736,28.098245,0
85.323747,28.098251,0
85.323748,28.098251,0
85.323751,28.098251,0
85.323755,28.098251,0
85.323759,28.098252,0
85.323764,28.098254,0
85.323767,28.098257,0
85.323772,28.098259,0
85.323776,28.09826,0
85.32378,28.098261,0
85.323784,28.098264,0
85.323786,28.098267,0
85.32379,28.098272,0
85.323795,28.098275,0
85.3238,28.098277,0
85.323804,28.098279,0
85.32381,28.098281,0
85.323815,28.098283,0
85.323821,28.098284,0
85.323826,28.098285,0
85.323839,28.098287,0
85.323839,28.098288,0
85.323842,28.098289,0
85.323845,28.09829,0
85.323851,28.098291,0
85.323857,28.098294,0
85.323862,28.098296,0
85.323867,28.098298,0
85.323873,28.0983,0
85.323879,28.0983,0
85.323885,28.0983,0
85.323891,28.098302,0
85.323898,28.098305,0
85.323905,28.098308,0
85.323912,28.09831,0
85.323918,28.098311,0
85.323923,28.098312,0
85.323928,28.098313,0
85.323933,28.098315,0
85.323937,28.098316,0
85.323942,28.098317,0
85.323949,28.098316,0
85.323959,28.098326,0
85.32396,28.098327,0
85.323964,28.09833,0
85.323969,28.098334,0
85.323976,28.09834,0
85.323984,28.098345,0
85.323992,28.09835,0
85.324,28.098355,0
85.324007,28.098359,0
85.324013,28.098363,0
85.324027,28.098369,0
85.324039,28.098362,0
85.324041,28.098359,0
85.324046,28.098353,0
85.324054,28.098349,0
85.324065,28.098346,0
85.324076,28.098342,0
85.324088,28.098338,0
85.324101,28.098333,0
85.324115,28.098328,0
85.324131,28.098325,0
85.324145,28.098324,0
85.324158,28.098324,0
85.324168,28.098324,0
85.324176,28.098323,0
85.324184,28.098323,0
85.32419,28.098322,0
85.324195,28.09832,0
85.324201,28.098317,0
85.324207,28.098314,0
85.32421,28.098308,0
85.324213,28.098305,0
85.324218,28.098303,0
85.324224,28.098301,0
85.324231,28.098301,0
85.324238,28.098297,0
85.324244,28.098293,0
85.324247,28.098288,0
85.324249,28.098282,0
85.324254,28.098279,0
85.324257,28.098275,0
85.324261,28.098271,0
85.324267,28.098267,0
85.324272,28.098262,0
85.324277,28.098256,0
85.324282,28.098249,0
85.324288,28.098241,0
85.324295,28.098233,0
85.324302,28.098227,0
85.324307,28.09822,0
85.324313,28.098214,0
85.324317,28.098208,0
85.324318,28.098201,0
85.324319,28.098194,0
85.324321,28.098188,0
85.324324,28.098183,0
85.324325,28.098178,0
85.324326,28.098173,0
85.324328,28.098168,0
85.324328,28.098161,0
85.324328,28.098154,0
85.324327,28.098148,0
85.324327,28.098143,0
85.324328,28.098138,0
85.324331,28.098135,0
85.324333,28.09813,0
85.324333,28.098123,0
85.324334,28.098117,0
85.324335,28.098112,0
85.324336,28.098106,0
85.324337,28.0981,0
85.324341,28.098083,0
85.324341,28.098081,0
85.324342,28.098078,0
85.324342,28.098074,0
85.324341,28.098068,0
85.324338,28.098061,0
85.324333,28.098053,0
85.324329,28.098044,0
85.324326,28.098036,0
85.324323,28.098029,0
85.32432,28.098022,0
85.324317,28.098015,0
85.324314,28.098009,0
85.324311,28.098004,0
85.324308,28.097998,0
85.324306,28.097993,0
85.324304,28.097988,0
85.324302,28.097984,0
85.324306,28.097973,0
85.324306,28.097972,0
85.324308,28.097971,0
85.324309,28.097969,0
85.324312,28.097968,0
85.324316,28.097966,0
85.324319,28.097964,0
85.324322,28.097962,0
85.324314,28.09796,0
85.324319,28.097958,0
85.324322,28.097958,0
85.324329,28.097959,0
85.324339,28.097961,0
85.32435,28.097965,0
85.324361,28.097969,0
85.324373,28.09797,0
85.324382,28.09797,0
85.324392,28.09797,0
85.324402,28.097972,0
85.324413,28.097975,0
85.324423,28.097979,0
85.324432,28.097981,0
85.32444,28.097982,0
85.324448,28.097981,0
85.324456,28.09798,0
85.324463,28.097978,0
85.324471,28.097977,0
85.324479,28.097976,0
85.324487,28.097975,0
85.324496,28.097976,0
85.324506,28.097978,0
85.324516,28.09798,0
85.324524,28.097982,0
85.324531,28.097983,0
85.324539,28.097983,0
85.324545,28.097983,0
85.324552,28.097983,0
85.324563,28.097983,0
85.324575,28.097983,0
85.324587,28.097981,0
85.324602,28.097978,0
85.324616,28.097975,0
85.32463,28.097974,0
85.324645,28.097975,0
85.324658,28.097977,0
85.324669,28.097979,0
85.324678,28.097981,0
85.324686,28.09798,0
85.324695,28.097979,0
85.324704,28.097979,0
85.324715,28.097978,0
85.324728,28.097977,0
85.324741,28.097976,0
85.324752,28.097976,0
85.324765,28.097975,0
85.324778,28.097975,0
85.324791,28.097974,0
85.3248,28.097972,0
85.32481,28.097968,0
85.324819,28.097965,0
85.324828,28.097962,0
85.324837,28.097959,0
85.324845,28.097955,0
85.324853,28.097952,0
85.324862,28.097951,0
85.324871,28.09795,0
85.324879,28.097949,0
85.324887,28.097948,0
85.324896,28.097947,0
85.324908,28.097947,0
85.324918,28.097947,0
85.324927,28.097949,0
85.324936,28.097952,0
85.324945,28.097956,0
85.324952,28.097959,0
85.324957,28.09796,0
85.32496,28.09796,0
85.324961,28.097957,0
85.32496,28.097954,0
85.324959,28.097951,0
85.324959,28.097949,0
85.324961,28.097948,0
85.324962,28.097946,0
85.324964,28.097942,0
85.324966,28.097939,0
85.324966,28.097935,0
85.324967,28.097932,0
85.324966,28.097929,0
85.324962,28.097925,0
85.324963,28.097927,0
85.324962,28.09793,0
85.324956,28.09794,0
85.324955,28.09794,0
85.324962,28.097947,0
85.324963,28.097946,0
85.324964,28.097944,0
85.324963,28.097943,0
85.324961,28.097943,0
85.324964,28.09794,0
85.324965,28.097941,0
85.324967,28.097944,0
85.32497,28.097949,0
85.324972,28.097954,0
85.324973,28.097959,0
85.324974,28.097963,0
85.324975,28.097968,0
85.324974,28.097971,0
85.324973,28.097973,0
85.324972,28.097976,0
85.324976,28.09798,0
85.324975,28.097979,0
85.324966,28.097977,0
85.324964,28.097977,0
85.324961,28.097978,0
85.324961,28.097982,0
85.324963,28.097987,0
85.324968,28.097993,0
85.324969,28.097994,0
85.324973,28.097999,0
85.32498,28.098006,0
85.324988,28.098013,0
85.324997,28.098018,0
85.325005,28.098022,0
85.325013,28.098025,0
85.32502,28.098025,0
85.325027,28.098025,0
85.325033,28.098024,0
85.325035,28.098022,0
85.325038,28.098019,0
85.325036,28.098018,0
85.325035,28.098019,0
85.325033,28.098017,0
85.325033,28.098016,0
85.325035,28.098019,0
85.325035,28.098025,0
85.325035,28.098033,0
85.325035,28.09804,0
85.325039,28.098045,0
85.325042,28.098042,0
85.325047,28.098034,0
85.325055,28.098024,0
85.325064,28.098015,0
85.325074,28.098006,0
85.325083,28.097998,0
85.325093,28.097993,0
85.325102,28.097988,0
85.325111,28.097985,0
85.325118,28.097984,0
85.325136,28.097975,0
85.325136,28.097974,0
85.325136,28.097971,0
85.325137,28.097966,0
85.325146,28.097957,0
85.325147,28.097956,0
85.32515,28.097956,0
85.325154,28.097955,0
85.325158,28.097954,0
85.325162,28.097953,0
85.325165,28.09795,0
85.325168,28.097948,0
85.325174,28.097942,0
85.32518,28.097935,0
85.325185,28.097924,0
85.325189,28.097914,0
85.325194,28.097906,0
85.325199,28.097899,0
85.325205,28.097891,0
85.325209,28.097882,0
85.325214,28.097871,0
85.32522,28.097861,0
85.325227,28.097855,0
85.325236,28.097849,0
85.325244,28.097844,0
85.325253,28.097839,0
85.325262,28.097834,0
85.325271,28.097829,0
85.32528,28.097823,0
85.325287,28.097818,0
85.325294,28.097813,0
85.325301,28.097806,0
85.325306,28.097798,0
85.325311,28.09779,0
85.325315,28.097783,0
85.32532,28.097777,0
85.325325,28.097771,0
85.325329,28.097766,0
85.325333,28.097761,0
85.325336,28.097755,0
85.325341,28.097748,0
85.325347,28.097742,0
85.32535,28.097736,0
85.325351,28.097732,0
85.325366,28.097727,0
85.325369,28.097728,0
85.325373,28.097729,0
85.325376,28.097729,0
85.325386,28.097724,0
85.325386,28.097723,0
85.325388,28.097722,0
85.32539,28.09772,0
85.325393,28.097719,0
85.325397,28.097719,0
85.325401,28.097719,0
85.325405,28.097717,0
85.325408,28.097715,0
85.325419,28.097709,0
85.325421,28.097709,0
85.325424,28.097708,0
85.325428,28.097709,0
85.325433,28.097708,0
85.325437,28.097706,0
85.32544,28.097704,0
85.325442,28.097701,0
85.325446,28.097699,0
85.325448,28.097697,0
85.325451,28.097693,0
85.325454,28.097684,0
85.325456,28.097682,0
85.325457,28.097682,0
85.325461,28.097679,0
85.325456,28.097679,0
85.325455,28.097679,0
85.325454,28.09768,0
85.325453,28.097681,0
85.325456,28.097686,0
85.325453,28.097667,0
85.325446,28.097666,0
85.325449,28.097674,0
85.325451,28.097675,0
85.325456,28.09768,0
85.325465,28.097689,0
85.325476,28.097699,0
85.325488,28.097711,0
85.325501,28.097721,0
85.325514,28.09773,0
85.325526,28.097738,0
85.325537,28.097744,0
85.325547,28.097748,0
85.325553,28.09775,0
85.325568,28.097751,0
85.325567,28.09775,0
85.325563,28.097747,0
85.325562,28.097747,0
85.325563,28.097747,0
85.325564,28.097749,0
85.325564,28.097747,0
85.325564,28.097746,0
85.325564,28.097745,0
85.325561,28.097731,0
85.325569,28.097731,0
85.325576,28.097734,0
85.32558,28.097734,0
85.325588,28.097735,0
85.325599,28.097737,0
85.32561,28.097737,0
85.325621,28.097737,0
85.325633,28.097737,0
85.325643,28.097737,0
85.325652,28.097737,0
85.32566,28.097737,0
85.325684,28.097739,0
85.325684,28.097738,0
85.325683,28.097737,0
85.32568,28.097735,0
85.325676,28.097734,0
85.325671,28.097734,0
85.325665,28.097735,0
85.32566,28.097736,0
85.325653,28.097737,0
85.325647,28.097735,0
85.325641,28.097735,0
85.325637,28.097736,0
85.325634,28.097737,0
85.325636,28.097746,0
85.325637,28.097746,0
85.32564,28.097746,0
85.325643,28.097744,0
85.325646,28.097743,0
85.325647,28.09774,0
85.325647,28.097741,0
85.325649,28.097745,0
85.325649,28.097746,0
85.32565,28.097744,0
85.325652,28.097741,0
85.325656,28.097739,0
85.325661,28.097737,0
85.325667,28.097735,0
85.325696,28.097732,0
85.325697,28.097731,0
85.3257,28.09773,0
85.325704,28.09773,0
85.325706,28.097729,0
85.32571,28.097728,0
85.325715,28.097728,0
85.325721,28.097728,0
85.325727,28.097727,0
85.325736,28.097725,0
85.325744,28.097722,0
85.325752,28.097721,0
85.32576,28.097719,0
85.325767,28.097719,0
85.325776,28.097718,0
85.325783,28.097716,0
85.32579,28.097713,0
85.325796,28.09771,0
85.325802,28.097709,0
85.325809,28.097708,0
85.325817,28.097708,0
85.325824,28.09771,0
85.325831,28.097712,0
85.325838,28.097714,0
85.325843,28.097716,0
85.325849,28.097718,0
85.325857,28.09772,0
85.325865,28.097722,0
85.325872,28.09772,0
85.325884,28.097721,0
85.325886,28.097718,0
85.325887,28.097716,0
85.325889,28.097714,0
85.325893,28.09771,0
85.325898,28.097706,0
85.325904,28.0977,0
85.325909,28.097694,0
85.325913,28.097689,0
85.325917,28.097685,0
85.325923,28.097676,0
85.325919,28.097664,0
85.325918,28.097661,0
85.325917,28.097656,0
85.325916,28.097643,0
85.325917,28.097642,0
85.325918,28.097641,0
85.325919,28.097638,0
85.325919,28.097634,0
85.32592,28.09763,0
85.325921,28.097624,0
85.325922,28.09762,0
85.325925,28.097616,0
85.325929,28.097612,0
85.325934,28.097606,0
85.325939,28.097598,0
85.325943,28.097588,0
85.325949,28.097579,0
85.325955,28.097572,0
85.325959,28.097564,0
85.325961,28.097553,0
85.325962,28.097544,0
85.325962,28.097538,0
85.325963,28.097531,0
85.325965,28.097525,0
85.325968,28.097522,0
85.325976,28.097513,0
85.325977,28.097512,0
85.325983,28.097513,0
85.325983,28.097511,0
85.325983,28.097507,0
85.325985,28.097502,0
85.325986,28.097496,0
85.325988,28.097491,0
85.325994,28.097487,0
85.326003,28.097487,0
85.326012,28.097487,0
85.32602,28.097486,0
85.326041,28.097481,0
85.326042,28.097481,0
85.326045,28.09748,0
85.326048,28.097478,0
85.326058,28.097468,0
85.326063,28.097465,0
85.326063,28.097463,0
85.326063,28.097461,0
85.326063,28.097457,0
85.326064,28.097452,0
85.326066,28.097446,0
85.326067,28.09744,0
85.326068,28.097434,0
85.326068,28.097429,0
85.326069,28.097423,0
85.326069,28.097422,0
85.326068,28.09742,0
85.326066,28.097411,0
85.326067,28.09741,0
85.326069,28.097412,0
85.32607,28.097414,0
85.32607,28.097415,0
85.326072,28.097416,0
85.326074,28.097411,0
85.326074,28.097406,0
85.326075,28.097405,0
85.326075,28.097403,0
85.326077,28.097401,0
85.326079,28.09739,0
85.326077,28.097388,0
85.326074,28.097385,0
85.32607,28.09738,0
85.326067,28.097374,0
85.326064,28.097367,0
85.326061,28.097362,0
85.326058,28.097357,0
85.326056,28.097352,0
85.326058,28.097348,0
85.326061,28.097344,0
85.326061,28.097341,0
85.326059,28.097335,0
85.326061,28.097328,0
85.326062,28.097327,0
85.326066,28.097317,0
85.326065,28.097316,0
85.326065,28.097314,0
85.326064,28.097312,0
85.326063,28.097305,0
85.326061,28.097302,0
85.326061,28.097301,0
85.326061,28.0973,0
85.326062,28.097299,0
85.326063,28.097296,0
85.326064,28.097292,0
85.326065,28.097289,0
85.326065,28.097285,0
85.326065,28.097273,0
85.326065,28.097274,0
85.32607,28.09727,0
85.326075,28.097267,0
85.326074,28.097265,0
85.326073,28.097262,0
85.326073,28.097259,0
85.326068,28.097248,0
85.326068,28.097249,0
85.326063,28.097247,0
85.326062,28.097244,0
85.32606,28.097241,0
85.326056,28.097238,0
85.326054,28.097234,0
85.326051,28.097229,0
85.326047,28.097224,0
85.326043,28.097221,0
85.32604,28.097217,0
85.326037,28.097212,0
85.326034,28.097207,0
85.326033,28.097203,0
85.326031,28.097199,0
85.326028,28.097192,0
85.326026,28.09719,0
85.326026,28.097185,0
85.326027,28.097184,0
85.326028,28.097184,0
85.326031,28.097182,0
85.32604,28.097182,0
85.326038,28.097173,0
85.326037,28.097172,0
85.326037,28.097169,0
85.326036,28.097155,0
85.326036,28.097153,0
85.326036,28.097149,0
85.326035,28.097143,0
85.326034,28.097136,0
85.326034,28.09713,0
85.326037,28.097124,0
85.326041,28.097118,0
85.326048,28.097112,0
85.326052,28.097105,0
85.32607,28.09709,0
85.326071,28.097089,0
85.326073,28.097088,0
85.326075,28.097087,0
85.326079,28.097087,0
85.326082,28.097086,0
85.326084,28.097085,0
85.326087,28.097084,0
85.326091,28.097083,0
85.326094,28.097082,0
85.326098,28.097077,0
85.326096,28.09707,0
85.326096,28.097069,0
85.326091,28.097065,0
85.32609,28.097065,0
85.326085,28.097064,0
85.326076,28.097059,0
85.326075,28.097058,0
85.326066,28.097055,0
85.326061,28.097052,0
85.32606,28.09705,0
85.32606,28.097045,0
85.32606,28.097044,0
85.32606,28.097043,0
85.326058,28.097041,0
85.326057,28.097039,0
85.326048,28.097035,0
85.326033,28.097035,0
85.326032,28.097035,0
85.326031,28.097036,0
85.326023,28.097042,0
85.326022,28.097042,0
85.326013,28.09705,0
85.326013,28.097051,0
85.326013,28.097053,0
85.326013,28.097064,0
85.326014,28.097064,0
85.32602,28.097069,0
85.32602,28.09707,0
85.326013,28.097069,0
85.326012,28.097067,0
85.326011,28.097066,0
85.326009,28.097066,0
85.326002,28.097065,0
85.326001,28.097064,0
85.325999,28.097063,0
85.325996,28.097062,0
85.325993,28.097061,0
85.325982,28.097057,0
85.325972,28.097055,0
85.325967,28.097052,0
85.325968,28.097051,0
85.32597,28.097051,0
85.325973,28.097051,0
85.325983,28.097054,0
85.325984,28.097054,0
85.325988,28.097055,0
85.325988,28.097059,0
85.32599,28.097058,0
85.325992,28.097058,0
85.325992,28.097057,0
85.325985,28.097047,0
85.325986,28.097045,0
85.325987,28.097041,0
85.325993,28.097032,0
85.325993,28.097031,0
85.325991,28.09703,0
85.325992,28.097029,0
85.325997,28.097029,0
85.326002,28.09703,0
85.326011,28.097031,0
85.326032,28.097034,0
85.326034,28.097033,0
85.326038,28.097033,0
85.326044,28.097032,0
85.326047,28.097031,0
85.32605,28.097032,0
85.326054,28.097031,0
85.326057,28.09703,0
85.32606,28.09703,0
85.326061,28.097029,0
85.326062,28.097024,0
85.32606,28.097022,0
85.326057,28.097019,0
85.326053,28.097015,0
85.326047,28.097007,0
85.32605,28.097014,0
85.32605,28.097015,0
85.32605,28.097017,0
85.32605,28.09702,0
85.32605,28.097022,0
85.326052,28.097026,0
85.326058,28.097028,0
85.326067,28.097031,0
85.326078,28.097033,0
85.326089,28.097037,0
85.326103,28.097041,0
85.326117,28.097044,0
85.326132,28.097047,0
85.326148,28.09705,0
85.326163,28.097054,0
85.326175,28.097059,0
85.326184,28.097061,0
85.326192,28.097063,0
85.326215,28.097066,0
85.326217,28.097066,0
85.326223,28.097066,0
85.326232,28.097067,0
85.326242,28.097068,0
85.326252,28.097069,0
85.326263,28.09707,0
85.326273,28.09707,0
85.326281,28.097068,0
85.326285,28.097065,0
85.326286,28.097057,0
85.326288,28.097052,0
85.32629,28.097048,0
85.326293,28.097046,0
85.326298,28.097043,0
85.326302,28.097039,0
85.326306,28.097035,0
85.326311,28.097031,0
85.326316,28.097029,0
85.326322,28.097028,0
85.326327,28.097026,0
85.326332,28.097024,0
85.326337,28.097021,0
85.326343,28.09702,0
85.326348,28.097019,0
85.326355,28.097018,0
85.326361,28.097017,0
85.326366,28.097015,0
85.326371,28.097012,0
85.326376,28.09701,0
85.326382,28.097009,0
85.326388,28.097006,0
85.326395,28.097006,0
85.326401,28.097006,0
85.326406,28.097006,0
85.326412,28.097008,0
85.326417,28.097009,0
85.32642,28.097008,0
85.326423,28.097007,0
85.326432,28.097009,0
85.326433,28.097008,0
85.326435,28.097007,0
85.326438,28.097004,0
85.326442,28.097002,0
85.326449,28.097003,0
85.326455,28.097005,0
85.326457,28.097007,0
85.326457,28.097008,0
85.326457,28.097012,0
85.326457,28.097013,0
85.326459,28.097014,0
85.326463,28.097015,0
85.326468,28.097015,0
85.326472,28.097014,0
85.326487,28.097012,0
85.326488,28.097012,0
85.326491,28.09701,0
85.326495,28.097005,0
85.326499,28.096998,0
85.326501,28.096987,0
85.326503,28.096975,0
85.326506,28.096961,0
85.326512,28.096949,0
85.326518,28.096938,0
85.326524,28.096928,0
85.32653,28.096919,0
85.326536,28.096913,0
85.326541,28.096907,0
85.326546,28.096902,0
85.326551,28.096897,0
85.326558,28.096895,0
85.326564,28.096893,0
85.326571,28.096892,0
85.326578,28.09689,0
85.326582,28.096888,0
85.326584,28.096885,0
85.326587,28.096882,0
85.326592,28.096881,0
85.326599,28.096879,0
85.326606,28.096878,0
85.326614,28.096877,0
85.326621,28.096874,0
85.326625,28.09687,0
85.326629,28.096865,0
85.326633,28.096862,0
85.32664,28.09686,0
85.326647,28.096858,0
85.326652,28.096853,0
85.326656,28.096848,0
85.326659,28.096844,0
85.326663,28.096841,0
85.326668,28.096839,0
85.326671,28.096836,0
85.326673,28.096833,0
85.326675,28.096829,0
85.326678,28.096826,0
85.32668,28.096824,0
85.326682,28.096822,0
85.326685,28.096821,0
85.326687,28.096818,0
85.32669,28.096814,0
85.326691,28.096809,0
85.326694,28.096804,0
85.326697,28.096794,0
85.326696,28.096795,0
85.326692,28.096791,0
85.326692,28.09679,0
85.326693,28.096789,0
85.326694,28.09679,0
85.326696,28.096791,0
85.326698,28.096791,0
85.326699,28.096788,0
85.326699,28.096785,0
85.326698,28.09678,0
85.3267,28.096763,0
85.326699,28.096762,0
85.3267,28.09676,0
85.326703,28.096761,0
85.326708,28.096761,0
85.326713,28.09676,0
85.326718,28.096759,0
85.326728,28.096748,0
85.326729,28.096746,0
85.326731,28.096743,0
85.326734,28.096741,0
85.326738,28.096736,0
85.32674,28.09673,0
85.326742,28.096723,0
85.326744,28.096716,0
85.326745,28.096706,0
85.326744,28.096696,0
85.326744,28.096688,0
85.326744,28.096681,0
85.326744,28.096676,0
85.326745,28.096673,0
85.326746,28.096669,0
85.326747,28.096667,0
85.326749,28.096665,0
85.326751,28.096664,0
85.326753,28.096664,0
85.32675,28.096653,0
85.326749,28.096652,0
85.32675,28.096648,0
85.326751,28.096647,0
85.326755,28.096644,0
85.32676,28.096639,0
85.326763,28.096633,0
85.326765,28.096627,0
85.326767,28.096623,0
85.326769,28.096619,0
85.326771,28.096614,0
85.326772,28.096608,0
85.326772,28.096603,0
85.326773,28.096602,0
85.32678,28.096595,0
85.326781,28.096593,0
85.326783,28.096591,0
85.326785,28.096588,0
85.326798,28.096578,0
85.326805,28.096576,0
85.326806,28.096577,0
85.326808,28.096579,0
85.326811,28.096579,0
85.326813,28.096579,0
85.326808,28.096578,0
85.326807,28.09658,0
85.326812,28.096586,0
85.326812,28.096588,0
85.326812,28.09659,0
85.326812,28.096594,0
85.326817,28.096605,0
85.326827,28.096605,0
85.326829,28.096605,0
85.326833,28.096605,0
85.326837,28.096603,0
85.326841,28.0966,0
85.326846,28.096594,0
85.326848,28.096586,0
85.326851,28.096578,0
85.326856,28.096571,0
85.326861,28.096563,0
85.326867,28.096556,0
85.326873,28.09655,0
85.32688,28.096543,0
85.326893,28.096528,0
85.326894,28.096528,0
85.326897,28.09653,0
85.3269,28.096529,0
85.326904,28.096525,0
85.326906,28.096519,0
85.32691,28.096514,0
85.326913,28.096509,0
85.326915,28.096504,0
85.326917,28.096501,0
85.32692,28.096499,0
85.326923,28.096497,0
85.326928,28.096498,0
85.326935,28.096498,0
85.32694,28.096498,0
85.326945,28.096498,0
85.326962,28.096497,0
85.326962,28.096496,0
85.326963,28.096493,0
85.326963,28.096482,0
85.326964,28.096481,0
85.326965,28.09648,0
85.326967,28.096476,0
85.32697,28.096463,0
85.326977,28.096465,0
85.326978,28.096466,0
85.326979,28.096466,0
85.326981,28.096467,0
85.326992,28.096473,0
85.326993,28.096474,0
85.326996,28.096474,0
85.326999,28.096474,0
85.327004,28.096473,0
85.32701,28.096472,0
85.327014,28.09647,0
85.327017,28.096466,0
85.327019,28.096461,0
85.327023,28.096457,0
85.327027,28.096456,0
85.327031,28.096455,0
85.327035,28.096453,0
85.327037,28.096451,0
85.327038,28.096448,0
85.32704,28.096445,0
85.327042,28.096443,0
85.327044,28.096439,0
85.327048,28.096436,0
85.32705,28.096431,0
85.327053,28.096426,0
85.327057,28.096419,0
85.32706,28.096414,0
85.327063,28.096408,0
85.327065,28.096393,0
85.327064,28.096392,0
85.327063,28.096389,0
85.327061,28.096385,0
85.32706,28.09638,0
85.327059,28.096375,0
85.327058,28.096369,0
85.327057,28.096365,0
85.327055,28.096362,0
85.327054,28.09636,0
85.327055,28.096365,0
85.327056,28.096366,0
85.32706,28.096367,0
85.327059,28.096364,0
85.327064,28.096367,0
85.327065,28.096367,0
85.327067,28.096369,0
85.327071,28.096372,0
85.327075,28.096376,0
85.327079,28.096379,0
85.327104,28.096389,0
85.327102,28.096389,0
85.3271,28.09638,0
85.327099,28.096374,0
85.327097,28.096372,0
85.327095,28.096375,0
85.327094,28.096379,0
85.327095,28.096389,0
85.327099,28.09639,0
85.327104,28.096394,0
85.327107,28.096402,0
85.327106,28.096404,0
85.327106,28.09641,0
85.327106,28.096418,0
85.327107,28.096427,0
85.327109,28.096436,0
85.327112,28.096445,0
85.327115,28.096453,0
85.327117,28.096461,0
85.327119,28.096469,0
85.32712,28.096485,0
85.327127,28.096487,0
85.327128,28.096488,0
85.327129,28.096489,0
85.32713,28.09649,0
85.32713,28.096492,0
85.327129,28.096495,0
85.327127,28.096502,0
85.327125,28.096504,0
85.327121,28.096504,0
85.327113,28.096505,0
85.327104,28.096507,0
85.327097,28.096509,0
85.327093,28.09651,0
85.327091,28.096513,0
85.327088,28.096516,0
85.327086,28.096519,0
85.327085,28.096524,0
85.327085,28.096529,0
85.327085,28.096534,0
85.327085,28.096541,0
85.327085,28.096547,0
85.327089,28.096553,0
85.327096,28.096559,0
85.327103,28.096562,0
85.327108,28.096563,0
85.327112,28.096563,0
85.327117,28.096563,0
85.327124,28.096564,0
85.327129,28.096564,0
85.327134,28.096564,0
85.327139,28.096564,0
85.327144,28.096564,0
85.327148,28.096564,0
85.327153,28.096564,0
85.327157,28.096565,0
85.32717,28.09657,0
85.327171,28.09657,0
85.327173,28.09657,0
85.327176,28.096569,0
85.327177,28.096566,0
85.327178,28.096562,0
85.327179,28.096556,0
85.327181,28.096552,0
85.327183,28.096547,0
85.327184,28.096542,0
85.327185,28.096538,0
85.327186,28.096535,0
85.327192,28.096529,0
85.32719,28.096529,0
85.327189,28.096527,0
85.327188,28.096526,0
85.327184,28.096522,0
85.327183,28.096521,0
85.327182,28.096522,0
85.327182,28.096524,0
85.327183,28.096528,0
85.327182,28.096533,0
85.327182,28.096539,0
85.327183,28.096545,0
85.327187,28.09655,0
85.327191,28.096554,0
85.327194,28.096556,0
85.327204,28.096564,0
85.327204,28.096565,0
85.327206,28.096569,0
85.327209,28.096575,0
85.327214,28.09658,0
85.327221,28.096586,0
85.327226,28.096591,0
85.327232,28.096598,0
85.327237,28.096604,0
85.327242,28.096612,0
85.327246,28.096619,0
85.327248,28.096626,0
85.327247,28.09663,0
85.327247,28.096635,0
85.327247,28.096641,0
85.327249,28.096648,0
85.327253,28.096654,0
85.32726,28.096672,0
85.327258,28.096675,0
85.327254,28.09668,0
85.327251,28.096685,0
85.327249,28.096693,0
85.327249,28.096699,0
85.327249,28.096706,0
85.32725,28.096713,0
85.327252,28.096723,0
85.327253,28.096731,0
85.327253,28.09674,0
85.327252,28.096748,0
85.32725,28.096755,0
85.327248,28.096761,0
85.327248,28.096768,0
85.32725,28.096775,0
85.327253,28.09678,0
85.327254,28.096795,0
85.327253,28.096796,0
85.327251,28.096797,0
85.327241,28.096809,0
85.327239,28.096809,0
85.327236,28.096811,0
85.327232,28.096814,0
85.32723,28.096817,0
85.327228,28.096821,0
85.327228,28.096825,0
85.327227,28.09683,0
85.327226,28.096833,0
85.327226,28.09684,0
85.327227,28.096842,0
85.327229,28.096843,0
85.327231,28.096845,0
85.327235,28.096848,0
85.327241,28.096852,0
85.327248,28.096853,0
85.327255,28.096853,0
85.327261,28.096852,0
85.327267,28.096847,0
85.327272,28.09684,0
85.327278,28.096836,0
85.327285,28.096833,0
85.32729,28.096831,0
85.327294,28.096829,0
85.327299,28.096829,0
85.327305,28.096829,0
85.32731,28.096829,0
85.327315,28.09683,0
85.327319,28.096831,0
85.327321,28.096834,0
85.327322,28.096837,0
85.327321,28.096842,0
85.32732,28.096845,0
85.327321,28.09685,0
85.327324,28.096855,0
85.327328,28.09686,0
85.327337,28.096875,0
85.327338,28.096877,0
85.327339,28.096887,0
85.327342,28.096889,0
85.327349,28.096892,0
85.327362,28.096897,0
85.327378,28.096902,0
85.327396,28.096909,0
85.327414,28.096917,0
85.327431,28.096927,0
85.327448,28.096938,0
85.327463,28.096949,0
85.327476,28.09696,0
85.327486,28.096969,0
85.327495,28.096978,0
85.327505,28.096987,0
85.327515,28.096993,0
85.327526,28.096996,0
85.327536,28.096999,0
85.327561,28.097009,0
85.327562,28.097011,0
85.327564,28.097014,0
85.327567,28.097018,0
85.327567,28.097021,0
85.327564,28.097032,0
85.327565,28.097032,0
85.327567,28.097034,0
85.32757,28.097037,0
85.327574,28.09704,0
85.327581,28.09705,0
85.327579,28.097051,0
85.327578,28.097053,0
85.327577,28.097058,0
85.327577,28.097063,0
85.327578,28.09707,0
85.327579,28.097076,0
85.327581,28.097081,0
85.327584,28.097085,0
85.327589,28.097088,0
85.327593,28.09709,0
85.327604,28.097097,0
85.327603,28.097097,0
85.327602,28.0971,0
85.3276,28.097103,0
85.327598,28.097106,0
85.3276,28.097111,0
85.327602,28.097115,0
85.327606,28.097118,0
85.327611,28.09712,0
85.327617,28.097121,0
85.327623,28.097119,0
85.32763,28.097117,0
85.327636,28.097114,0
85.32764,28.097112,0
85.327646,28.09711,0
85.327654,28.097109,0
85.327661,28.097109,0
85.327669,28.097109,0
85.327674,28.09711,0
85.327679,28.097114,0
85.327677,28.097114,0
85.327675,28.097115,0
85.327672,28.097117,0
85.32767,28.09712,0
85.32767,28.097125,0
85.327669,28.09713,0
85.327669,28.097134,0
85.327667,28.097137,0
85.327666,28.09714,0
85.327665,28.097143,0
85.327664,28.097147,0
85.327661,28.097159,0
85.32766,28.097161,0
85.327658,28.097164,0
85.327655,28.097168,0
85.32765,28.097171,0
85.327645,28.097174,0
85.32764,28.097177,0
85.327636,28.097178,0
85.327624,28.097182,0
85.327624,28.097185,0
85.327625,28.097186,0
85.327627,28.097189,0
85.32763,28.097192,0
85.327633,28.097196,0
85.327636,28.097201,0
85.32764,28.097205,0
85.327645,28.097208,0
85.327652,28.097212,0
85.32766,28.097215,0
85.327668,28.097218,0
85.327674,28.09722,0
85.327681,28.097221,0
85.327686,28.097221,0
85.327692,28.097222,0
85.327697,28.097223,0
85.327701,28.097224,0
85.327707,28.097225,0
85.327712,28.097226,0
85.327716,28.097226,0
85.32772,28.097225,0
85.327729,28.09722,0
85.327723,28.097224,0
85.327724,28.097225,0
85.327728,28.097226,0
85.327733,28.097228,0
85.327739,28.09723,0
85.327745,28.097233,0
85.327752,28.097236,0
85.327759,28.09724,0
85.327766,28.097244,0
85.327775,28.09725,0
85.327785,28.097256,0
85.327793,28.097261,0
85.327798,28.097266,0
85.3278,28.09727,0
85.3278,28.097274,0
85.327801,28.09728,0
85.327802,28.097284,0
85.327802,28.097289,0
85.327804,28.097294,0
85.327806,28.0973,0
85.327811,28.097307,0
85.327817,28.097315,0
85.327824,28.097324,0
85.327832,28.097332,0
85.32784,28.097339,0
85.327847,28.097345,0
85.327854,28.097349,0
85.327863,28.097354,0
85.327871,28.097358,0
85.327879,28.097361,0
85.327884,28.097364,0
85.32789,28.097368,0
85.327897,28.097373,0
85.327907,28.097378,0
85.327915,28.09738,0
85.327934,28.097387,0
85.327935,28.097388,0
85.327936,28.097392,0
85.32794,28.097397,0
85.327944,28.097401,0
85.327948,28.097404,0
85.327951,28.097406,0
85.327953,28.097417,0
85.327951,28.097418,0
85.32795,28.097422,0
85.327949,28.097428,0
85.327948,28.097435,0
85.327949,28.09744,0
85.327951,28.097444,0
85.327954,28.097446,0
85.327956,28.097448,0
85.327963,28.097447,0
85.327964,28.097455,0
85.327965,28.097458,0
85.327968,28.097463,0
85.327971,28.097467,0
85.327974,28.097471,0
85.327977,28.097475,0
85.327981,28.09748,0
85.327985,28.097483,0
85.32799,28.097485,0
85.328003,28.097487,0
85.328002,28.097487,0
85.327999,28.097494,0
85.327999,28.097496,0
85.328001,28.0975,0
85.328004,28.097504,0
85.328007,28.097508,0
85.32801,28.097512,0
85.328019,28.097522,0
85.32802,28.097522,0
85.328022,28.09752,0
85.328025,28.097518,0
85.328026,28.097515,0
85.328027,28.097511,0
85.328028,28.097507,0
85.32803,28.097503,0
85.328032,28.097501,0
85.328036,28.097499,0
85.328037,28.097501,0
85.328041,28.097506,0
85.328046,28.097512,0
85.328052,28.09752,0
85.32806,28.097529,0
85.328067,28.097539,0
85.328075,28.097549,0
85.328083,28.09756,0
85.328092,28.097574,0
85.328098,28.097586,0
85.328102,28.097598,0
85.328103,28.097609,0
85.328104,28.097621,0
85.328105,28.097633,0
85.328109,28.097645,0
85.328114,28.097656,0
85.32812,28.097667,0
85.328127,28.097674,0
85.328134,28.097681,0
85.32814,28.097686,0
85.328146,28.097692,0
85.32815,28.097699,0
85.328151,28.097705,0
85.32815,28.09771,0
85.32815,28.097717,0
85.32815,28.097725,0
85.328151,28.097733,0
85.328153,28.09774,0
85.328155,28.097747,0
85.328155,28.097753,0
85.328155,28.097759,0
85.328156,28.097764,0
85.328157,28.097769,0
85.328159,28.097773,0
85.328161,28.097778,0
85.328163,28.097783,0
85.328167,28.097789,0
85.328171,28.097793,0
85.328176,28.097796,0
85.328181,28.0978,0
85.328185,28.097803,0
85.328187,28.097806,0
85.328187,28.09781,0
85.328188,28.097814,0
85.328188,28.097818,0
85.328189,28.097824,0
85.328189,28.097829,0
85.328189,28.097834,0
85.328188,28.097839,0
85.328188,28.097843,0
85.328189,28.097846,0
85.328191,28.097849,0
85.328191,28.097852,0
85.32819,28.097855,0
85.328188,28.097858,0
85.328187,28.097862,0
85.328188,28.097866,0
85.328189,28.097869,0
85.328186,28.097879,0
85.328184,28.097879,0
85.328181,28.09788,0
85.328177,28.097883,0
85.328175,28.097885,0
85.328174,28.097887,0
85.328179,28.097899,0
85.32818,28.0979,0
85.328181,28.097902,0
85.328185,28.097905,0
85.328189,28.097908,0
85.328192,28.097911,0
85.328194,28.097914,0
85.328191,28.097917,0
85.328186,28.097922,0
85.328184,28.09793,0
85.328184,28.097935,0
85.328184,28.097939,0
85.328184,28.097943,0
85.328181,28.097952,0
85.328176,28.097957,0
85.328176,28.097958,0
85.328178,28.09797,0
85.328177,28.097971,0
85.328175,28.097974,0
85.328172,28.097977,0
85.328168,28.09798,0
85.328164,28.097982,0
85.32816,28.097986,0
85.328156,28.097988,0
85.328153,28.09799,0
85.328148,28.097999,0
85.328148,28.098001,0
85.328149,28.098003,0
85.328146,28.098012,0
85.328147,28.098012,0
85.32815,28.098012,0
85.328159,28.09801,0
85.328161,28.098011,0
85.328164,28.098014,0
85.328167,28.098017,0
85.328172,28.098019,0
85.328176,28.09802,0
85.328179,28.09802,0
85.328189,28.098019,0
85.32819,28.098019,0
85.328192,28.098017,0
85.328194,28.098013,0
85.328196,28.098009,0
85.3282,28.098006,0
85.328204,28.098002,0
85.328208,28.097997,0
85.328213,28.097994,0
85.328218,28.097991,0
85.328222,28.09799,0
85.328226,28.09799,0
85.32823,28.097992,0
85.328231,28.097995,0
85.328231,28.097998,0
85.328229,28.098002,0
85.328227,28.098006,0
85.328224,28.09801,0
85.328221,28.098014,0
85.328219,28.098019,0
85.328218,28.098023,0
85.328219,28.098027,0
85.32822,28.09803,0
85.328221,28.098033,0
85.328222,28.098036,0
85.328223,28.098039,0
85.328224,28.098043,0
85.328223,28.098048,0
85.328222,28.098053,0
85.328221,28.098058,0
85.32822,28.098063,0
85.32822,28.098067,0
85.328219,28.098071,0
85.328218,28.098073,0
85.328216,28.098076,0
85.328214,28.098079,0
85.328213,28.098082,0
85.328213,28.098092,0
85.328214,28.098093,0
85.328216,28.098095,0
85.32822,28.098096,0
85.328226,28.098096,0
85.328232,28.098096,0
85.328238,28.098092,0
85.328243,28.098089,0
85.328258,28.098082,0
85.328266,28.098086,0
85.328269,28.098086,0
85.328275,28.098085,0
85.328283,28.098085,0
85.328291,28.098085,0
85.3283,28.098086,0
85.328309,28.098087,0
85.328318,28.098087,0
85.328326,28.098088,0
85.328334,28.098089,0
85.328341,28.098092,0
85.328341,28.098093,0
85.32834,28.098095,0
85.328336,28.0981,0
85.328329,28.098106,0
85.328321,28.098114,0
85.328313,28.098123,0
85.328304,28.098132,0
85.328293,28.098142,0
85.328283,28.098152,0
85.328272,28.098161,0
85.328263,28.098171,0
85.328255,28.098178,0
85.328248,28.098185,0
85.328242,28.098191,0
85.328239,28.098196,0
85.328238,28.0982,0
85.328243,28.098214,0
85.328244,28.098215,0
85.328247,28.098216,0
85.328252,28.098217,0
85.328258,28.098218,0
85.328264,28.098218,0
85.32827,28.098219,0
85.328276,28.098221,0
85.328293,28.098224,0
85.328294,28.098224,0
85.328295,28.098225,0
85.328298,28.098224,0
85.328303,28.098223,0
85.328307,28.098222,0
85.328312,28.09822,0
85.328317,28.098218,0
85.32833,28.098216,0
85.328332,28.098217,0
85.328335,28.098218,0
85.328338,28.09822,0
85.328341,28.098221,0
85.328346,28.098221,0
85.328352,28.098219,0
85.328357,28.098218,0
85.328363,28.098217,0
85.328369,28.098216,0
85.328374,28.098216,0
85.328378,28.098216,0
85.328384,28.098215,0
85.32839,28.098214,0
85.328395,28.098212,0
85.328398,28.098211,0
85.328402,28.098209,0
85.328415,28.098211,0
85.328417,28.098212,0
85.328422,28.098214,0
85.328428,28.098216,0
85.328436,28.098219,0
85.328443,28.098222,0
85.32845,28.098226,0
85.328457,28.098229,0
85.328464,28.098233,0
85.328471,28.098237,0
85.328486,28.098247,0
85.328487,28.098247,0
85.328489,28.098248,0
85.328493,28.098249,0
85.328496,28.09825,0
85.3285,28.098251,0
85.328531,28.098257,0
85.328538,28.098261,0
85.328541,28.098266,0
85.328542,28.098266,0
85.328551,28.098271,0
85.328554,28.098271,0
85.328559,28.098273,0
85.328566,28.098274,0
85.328574,28.098276,0
85.328582,28.098277,0
85.328591,28.098279,0
85.328598,28.09828,0
85.328606,28.098282,0
85.328628,28.098287,0
85.328638,28.098291,0
85.328642,28.098291,0
85.328649,28.098292,0
85.328658,28.098295,0
85.328669,28.098298,0
85.328683,28.098301,0
85.328696,28.098304,0
85.32871,28.098306,0
85.328726,28.098308,0
85.328743,28.098311,0
85.328756,28.098312,0
85.328766,28.098312,0
85.328774,28.098311,0
85.328788,28.098309,0
85.328793,28.098307,0
85.328794,28.098308,0
85.328793,28.098316,0
85.328792,28.098316,0
85.328792,28.098317,0
85.328789,28.098318,0
85.328786,28.098319,0
85.328782,28.09832,0
85.328778,28.098319,0
85.328774,28.098319,0
85.328769,28.098321,0
85.328765,28.098324,0
85.328762,28.098326,0
85.328758,28.098327,0
85.328755,28.098328,0
85.328751,28.098329,0
85.328747,28.09833,0
85.328744,28.098332,0
85.328741,28.098334,0
85.328738,28.098336,0
85.328734,28.098339,0
85.328733,28.098343,0
85.328732,28.098347,0
85.328727,28.098357,0
85.328727,28.098358,0
85.328718,28.098362,0
85.328717,28.098363,0
85.328714,28.098363,0
85.328709,28.098365,0
85.328704,28.098366,0
85.328698,28.098368,0
85.32869,28.098371,0
85.328681,28.098373,0
85.328672,28.098377,0
85.328664,28.098383,0
85.328657,28.098387,0
85.328649,28.098392,0
85.328642,28.098394,0
85.328636,28.098395,0
85.328629,28.098395,0
85.328624,28.098395,0
85.328617,28.098395,0
85.328611,28.098396,0
85.328606,28.098397,0
85.328601,28.0984,0
85.328595,28.098402,0
85.328589,28.098405,0
85.328585,28.09841,0
85.328584,28.098415,0
85.328585,28.098419,0
85.328588,28.098422,0
85.328592,28.098425,0
85.328594,28.098427,0
85.328598,28.098429,0
85.328612,28.098432,0
85.328618,28.098432,0
85.328619,28.098432,0
85.328622,28.098432,0
85.328626,28.09843,0
85.328631,28.098429,0
85.328636,28.098427,0
85.32864,28.098426,0
85.328644,28.098424,0
85.328653,28.098427,0
85.328653,28.098428,0
85.328653,28.098437,0
85.32865,28.098442,0
85.328649,28.098443,0
85.328648,28.098444,0
85.328645,28.098445,0
85.328632,28.098449,0
85.328631,28.098449,0
85.328629,28.09845,0
85.328627,28.098451,0
85.328625,28.098452,0
85.328623,28.098454,0
85.328621,28.098455,0
85.32861,28.098459,0
85.328599,28.098461,0
85.328598,28.098461,0
85.328596,28.098463,0
85.328595,28.098465,0
85.328594,28.098468,0
85.328593,28.098471,0
85.328592,28.098474,0
85.328591,28.098477,0
85.32859,28.098479,0
85.328585,28.098494,0
85.328585,28.098495,0
85.328585,28.098497,0
85.328585,28.0985,0
85.328586,28.098502,0
85.328587,28.098506,0
85.328587,28.098509,0
85.32859,28.098522,0
85.328591,28.098522,0
85.328593,28.098522,0
85.328595,28.098522,0
85.328597,28.098523,0
85.328599,28.098524,0
85.328602,28.098525,0
85.328604,28.098526,0
85.328607,28.098527,0
85.328611,28.098528,0
85.328614,28.098528,0
85.328618,28.098528,0
85.32863,28.098537,0
85.32863,28.098538,0
85.328627,28.098538,0
85.328623,28.09854,0
85.328618,28.098541,0
85.328612,28.098542,0
85.328606,28.098545,0
85.3286,28.098546,0
85.328594,28.098547,0
85.328569,28.098552,0
85.328567,28.098553,0
85.32856,28.098556,0
85.328555,28.098556,0
85.328554,28.098556,0
85.328551,28.098556,0
85.328546,28.098557,0
85.328543,28.098559,0
85.328537,28.098572,0
85.328537,28.098573,0
85.328536,28.098576,0
85.328535,28.098578,0
85.328533,28.098581,0
85.328531,28.098584,0
85.32853,28.098586,0
85.328528,28.098589,0
85.328527,28.098592,0
85.32852,28.098599,0
85.32851,28.098602,0
85.328507,28.098603,0
85.328501,28.098607,0
85.328494,28.098613,0
85.328487,28.098618,0
85.328479,28.098625,0
85.328472,28.098632,0
85.328463,28.098637,0
85.328455,28.098642,0
85.328446,28.098645,0
85.328439,28.098647,0
85.328433,28.09865,0
85.328427,28.098653,0
85.328422,28.098656,0
85.328419,28.098659,0
85.328407,28.098671,0
85.328406,28.098674,0
85.328404,28.098679,0
85.328404,28.098686,0
85.328405,28.098695,0
85.328407,28.098702,0
85.32841,28.09871,0
85.328412,28.098719,0
85.328411,28.098727,0
85.32841,28.098735,0
85.328409,28.098742,0
85.328404,28.098759,0
85.328403,28.09876,0
85.328402,28.098763,0
85.328401,28.098766,0
85.328402,28.09877,0
85.328402,28.098773,0
85.328403,28.098776,0
85.328406,28.098786,0
85.328407,28.098786,0
85.328411,28.098786,0
85.328416,28.098787,0
85.328421,28.098787,0
85.328425,28.098788,0
85.328431,28.098789,0
85.328436,28.09879,0
85.328442,28.098791,0
85.328447,28.098793,0
85.328453,28.098794,0
85.328458,28.098798,0
85.328461,28.098799,0
85.328461,28.098798,0
85.328454,28.098799,0
85.328453,28.098798,0
85.328451,28.098798,0
85.328447,28.098796,0
85.328442,28.098796,0
85.328438,28.098796,0
85.328435,28.098797,0
85.328424,28.098804,0
85.328423,28.098806,0
85.328421,28.098811,0
85.328418,28.098817,0
85.328414,28.098826,0
85.328411,28.098834,0
85.328406,28.098843,0
85.328401,28.09885,0
85.328396,28.098858,0
85.32839,28.098865,0
85.328384,28.098871,0
85.328382,28.098877,0
85.328382,28.098882,0
85.328384,28.098887,0
85.328386,28.098892,0
85.328389,28.098898,0
85.328394,28.098904,0
85.328399,28.09891,0
85.328404,28.098913,0
85.328408,28.098917,0
85.328413,28.098922,0
85.328416,28.098926,0
85.328422,28.098939,0
85.328422,28.09894,0
85.328423,28.098942,0
85.328422,28.098949,0
85.328432,28.098956,0
85.328436,28.098957,0
85.328445,28.098959,0
85.328455,28.098962,0
85.328466,28.098965,0
85.328477,28.09897,0
85.328488,28.098975,0
85.328499,28.09898,0
85.328512,28.098985,0
85.328526,28.098989,0
85.328537,28.098991,0
85.328545,28.098994,0
85.328553,28.098996,0
85.328559,28.098999,0
85.328564,28.099001,0
85.32857,28.099004,0
85.328574,28.099007,0
85.32858,28.099009,0
85.328585,28.09901,0
85.328587,28.099014,0
85.328584,28.099015,0
85.328578,28.099017,0
85.328568,28.09902,0
85.328558,28.099024,0
85.328547,28.09903,0
85.328536,28.099036,0
85.328526,28.099043,0
85.328515,28.09905,0
85.328503,28.099056,0
85.328493,28.099061,0
85.328484,28.099064,0
85.328475,28.099067,0
85.328467,28.099069,0
85.32846,28.099072,0
85.328454,28.099077,0
85.328451,28.099081,0
85.328449,28.099084,0
85.328445,28.099087,0
85.328441,28.09909,0
85.328436,28.099092,0
85.328431,28.099094,0
85.328426,28.099097,0
85.32842,28.0991,0
85.328414,28.099103,0
85.328409,28.099106,0
85.328404,28.099109,0
85.328399,28.099112,0
85.328394,28.099115,0
85.328388,28.099119,0
85.328383,28.099123,0
85.328379,28.099128,0
85.328377,28.099133,0
85.328377,28.099139,0
85.328379,28.099144,0
85.32838,28.099149,0
85.328384,28.099154,0
85.328389,28.099157,0
85.328394,28.099158,0
85.328398,28.099159,0
85.328402,28.09916,0
85.328405,28.099162,0
85.328409,28.099166,0
85.328413,28.099168,0
85.328417,28.099169,0
85.328421,28.099168,0
85.328425,28.099168,0
85.328429,28.099167,0
85.328433,28.099166,0
85.328435,28.099167,0
85.328439,28.09917,0
85.328443,28.099172,0
85.328447,28.099174,0
85.328449,28.099178,0
85.328448,28.099178,0
85.328438,28.099183,0
85.328437,28.099185,0
85.328435,28.099188,0
85.328434,28.099192,0
85.328431,28.099197,0
85.328428,28.099203,0
85.328427,28.099209,0
85.328427,28.099216,0
85.328427,28.099225,0
85.328429,28.099235,0
85.328432,28.099241,0
85.328436,28.099247,0
85.32844,28.099251,0
85.328447,28.099253,0
85.328453,28.099254,0
85.328459,28.099254,0
85.328465,28.099253,0
85.328471,28.099253,0
85.328476,28.099253,0
85.328482,28.099253,0
85.328486,28.099253,0
85.328491,28.099255,0
85.328495,28.099258,0
85.328499,28.099261,0
85.328501,28.099265,0
85.328503,28.09927,0
85.328503,28.099273,0
85.328502,28.099276,0
85.3285,28.099278,0
85.328497,28.09928,0
85.328493,28.099281,0
85.328487,28.099283,0
85.328482,28.099285,0
85.328477,28.099287,0
85.328472,28.099288,0
85.328468,28.099288,0
85.328463,28.099289,0
85.32845,28.099289,0
85.328438,28.099281,0
85.328437,28.099283,0
85.328435,28.099288,0
85.328433,28.099294,0
85.328429,28.099303,0
85.328424,28.099311,0
85.328418,28.09932,0
85.328412,28.099328,0
85.328403,28.099336,0
85.328394,28.099344,0
85.328387,28.099351,0
85.328383,28.099359,0
85.328381,28.099366,0
85.328381,28.099373,0
85.328383,28.09938,0
85.328386,28.099385,0
85.328391,28.099388,0
85.328397,28.09939,0
85.328403,28.099391,0
85.328408,28.099393,0
85.328414,28.099396,0
85.32842,28.099398,0
85.328425,28.0994,0
85.32843,28.099401,0
85.328436,28.099402,0
85.328441,28.099404,0
85.328447,28.099406,0
85.328453,28.099407,0
85.328459,28.099408,0
85.328464,28.099408,0
85.32847,28.099407,0
85.328476,28.099407,0
85.328483,28.099407,0
85.328488,28.099407,0
85.328494,28.099409,0
85.328499,28.099411,0
85.328505,28.099414,0
85.32852,28.099416,0
85.328523,28.099413,0
85.328524,28.099412,0
85.328535,28.099413,0
85.328535,28.099414,0
85.328537,28.099416,0
85.328539,28.099418,0
85.328542,28.09942,0
85.328544,28.099422,0
85.328546,28.099425,0
85.328546,28.09943,0
85.328545,28.099435,0
85.328542,28.09944,0
85.328539,28.099442,0
85.328534,28.099444,0
85.32853,28.099445,0
85.328524,28.099445,0
85.328517,28.099445,0
85.328511,28.099444,0
85.328506,28.099444,0
85.328493,28.099448,0
85.328486,28.099453,0
85.328483,28.099455,0
85.328477,28.099459,0
85.328469,28.099464,0
85.32846,28.099471,0
85.328449,28.099479,0
85.328437,28.099487,0
85.328425,28.099495,0
85.328416,28.099504,0
85.328408,28.099512,0
85.328402,28.099519,0
85.3284,28.099524,0
85.328401,28.099529,0
85.328404,28.099534,0
85.328408,28.099536,0
85.328414,28.099539,0
85.32842,28.099542,0
85.328426,28.099545,0
85.328433,28.099547,0
85.32844,28.099547,0
85.328447,28.099546,0
85.328455,28.099544,0
85.328462,28.099541,0
85.328467,28.099539,0
85.328472,28.099537,0
85.328477,28.099535,0
85.328488,28.099529,0
85.328489,28.099529,0
85.32849,28.099529,0
85.328491,28.099526,0
85.32849,28.099524,0
85.328482,28.099524,0
85.328485,28.099523,0
85.328484,28.099523,0
85.32848,28.099528,0
85.328472,28.099519,0
85.328463,28.099506,0
85.328463,28.099499,0
85.328463,28.099498,0
85.32846,28.099494,0
85.328463,28.099489,0
85.328465,28.099488,0
85.328468,28.099487,0
85.328473,28.099486,0
85.328477,28.099484,0
85.328503,28.099471,0
85.328507,28.099469,0
85.328505,28.099471,0
85.328502,28.099483,0
85.328502,28.099484,0
85.328502,28.099487,0
85.328502,28.099492,0
85.328502,28.099497,0
85.328502,28.099501,0
85.3285,28.099514,0
85.328497,28.099519,0
85.328493,28.099523,0
85.328487,28.099531,0
85.328487,28.099534,0
85.328488,28.09954,0
85.32849,28.099547,0
85.328494,28.099555,0
85.328498,28.099562,0
85.328502,28.09957,0
85.328505,28.099578,0
85.328507,28.099584,0
85.328507,28.09959,0
85.32851,28.099601,0
85.328507,28.099603,0
85.32851,28.099609,0
85.328512,28.099612,0
85.328515,28.099617,0
85.328519,28.099625,0
85.328523,28.099633,0
85.328528,28.099643,0
85.328534,28.09965,0
85.328542,28.099657,0
85.328549,28.099665,0
85.328555,28.099674,0
85.328562,28.099681,0
85.328567,28.099686,0
85.328572,28.099689,0
85.328583,28.099699,0
85.328584,28.0997,0
85.328584,28.099702,0
85.328585,28.099705,0
85.328587,28.09971,0
85.328589,28.099713,0
85.328593,28.099723,0
85.328595,28.099728,0
85.328595,28.099739,0
85.328595,28.09974,0
85.328595,28.099742,0
85.328598,28.099748,0
85.328605,28.099754,0
85.328607,28.099757,0
85.328611,28.099764,0
85.328616,28.099772,0
85.328623,28.099782,0
85.32863,28.099792,0
85.328637,28.099802,0
85.328644,28.09981,0
85.32865,28.099817,0
85.328655,28.099824,0
85.328662,28.099836,0
85.328667,28.099846,0
85.328668,28.099848,0
85.328671,28.099853,0
85.328673,28.09986,0
85.328676,28.099868,0
85.32868,28.099877,0
85.328685,28.099886,0
85.328691,28.099895,0
85.328698,28.099905,0
85.328707,28.099915,0
85.328716,28.099923,0
85.328722,28.099928,0
85.328726,28.099933,0
85.328729,28.099938,0
85.328731,28.099942,0
85.328734,28.099948,0
85.328736,28.099953,0
85.328738,28.099957,0
85.328739,28.099961,0
85.328737,28.099965,0
85.328735,28.099968,0
85.328732,28.09997,0
85.328729,28.09997,0
85.328726,28.099969,0
85.328723,28.099966,0
85.328719,28.099964,0
85.328714,28.099962,0
85.32871,28.099961,0
85.328698,28.099959,0
85.328697,28.099959,0
85.328693,28.099959,0
85.328688,28.099959,0
85.328684,28.099961,0
85.32868,28.099963,0
85.328676,28.099965,0
85.328672,28.099968,0
85.328667,28.099971,0
85.328657,28.099983,0
85.328657,28.099986,0
85.328657,28.099987,0
85.328657,28.09999,0
85.328657,28.099993,0
85.328657,28.099996,0
85.328657,28.099999,0
85.328655,28.100013,0
85.328653,28.100019,0
85.328652,28.100021,0
85.328648,28.100026,0
85.328648,28.100027,0
85.328648,28.100029,0
85.328648,28.100032,0
85.328647,28.100037,0
85.328647,28.100041,0
85.328647,28.100046,0
85.328647,28.100063,0
85.328647,28.100068,0
85.328655,28.100074,0
85.328658,28.100076,0
85.328664,28.100079,0
85.328671,28.100084,0
85.328678,28.10009,0
85.328686,28.100098,0
85.328695,28.100107,0
85.328705,28.100116,0
85.328716,28.100125,0
85.328728,28.100133,0
85.328738,28.10014,0
85.328762,28.100151,0
85.328762,28.100148,0
85.328762,28.100147,0
85.328759,28.100148,0
85.328765,28.100138,0
85.328784,28.100138,0
85.328786,28.100139,0
85.328792,28.100143,0
85.328798,28.100149,0
85.328803,28.100155,0
85.328809,28.100161,0
85.328817,28.100169,0
85.328825,28.100177,0
85.328837,28.100184,0
85.328848,28.100191,0
85.328869,28.100211,0
85.32886,28.100214,0
85.328859,28.100215,0
85.328856,28.100215,0
85.328851,28.100216,0
85.328844,28.100216,0
85.328835,28.100217,0
85.328824,28.100218,0
85.328813,28.10022,0
85.328801,28.100223,0
85.32879,28.100226,0
85.328783,28.10023,0
85.328779,28.100233,0
85.328765,28.100246,0
85.328766,28.100247,0
85.328767,28.100248,0
85.328768,28.100251,0
85.328769,28.100253,0
85.328769,28.100257,0
85.328769,28.100269,0
85.328765,28.100274,0
85.328762,28.100273,0
85.328761,28.100272,0
85.32876,28.100272,0
85.328757,28.100271,0
85.328754,28.100272,0
85.328751,28.100275,0
85.328747,28.100277,0
85.328743,28.10028,0
85.328739,28.100282,0
85.328735,28.100285,0
85.328732,28.100288,0
85.328729,28.100291,0
85.328717,28.100298,0
85.328717,28.100304,0
85.328717,28.100314,0
85.328717,28.100316,0
85.328717,28.100319,0
85.328725,28.100331,0
85.328728,28.100332,0
85.328733,28.100336,0
85.32874,28.10034,0
85.328749,28.100345,0
85.328759,28.100351,0
85.328771,28.100357,0
85.328783,28.100363,0
85.328793,28.100368,0
85.328803,28.100373,0
85.328822,28.100384,0
85.328817,28.100391,0
85.328816,28.100392,0
85.328814,28.100394,0
85.32881,28.100398,0
85.328805,28.100401,0
85.328801,28.100405,0
85.328797,28.100409,0
85.328793,28.100413,0
85.328789,28.100417,0
85.328785,28.10042,0
85.328777,28.100428,0
85.328775,28.100429,0
85.328773,28.10043,0
85.32877,28.100433,0
85.328766,28.100437,0
85.328763,28.100443,0
85.328759,28.100449,0
85.328754,28.100454,0
85.328751,28.100459,0
85.328741,28.100473,0
85.328731,28.100478,0
85.328729,28.100478,0
85.328727,28.10048,0
85.328726,28.100483,0
85.328723,28.100487,0
85.32872,28.100491,0
85.328715,28.100493,0
85.328709,28.100496,0
85.328703,28.100499,0
85.328698,28.100501,0
85.328691,28.100502,0
85.328686,28.100503,0
85.32868,28.100503,0
85.328673,28.100504,0
85.328667,28.100506,0
85.328662,28.100507,0
85.328657,28.100509,0
85.328653,28.100511,0
85.32865,28.100512,0
85.328641,28.100521,0
85.328639,28.100521,0
85.328636,28.100522,0
85.328627,28.100524,0
85.328627,28.100525,0
85.328629,28.100528,0
85.328631,28.10053,0
85.328633,28.100532,0
85.328637,28.100534,0
85.328642,28.100537,0
85.328648,28.100539,0
85.328661,28.100549,0
85.32866,28.10055,0
85.328659,28.100552,0
85.328657,28.100554,0
85.328652,28.100557,0
85.328645,28.100559,0
85.328639,28.100561,0
85.328634,28.100563,0
85.328629,28.100566,0
85.328624,28.100571,0
85.328621,28.100575,0
85.328617,28.100579,0
85.328615,28.100583,0
85.328613,28.100587,0
85.328611,28.10059,0
85.328599,28.100599,0
85.328598,28.1006,0
85.328595,28.1006,0
85.328592,28.100602,0
85.328588,28.100604,0
85.328585,28.100606,0
85.328583,28.100609,0
85.328583,28.100611,0
85.328585,28.100614,0
85.328588,28.100628,0
85.328588,28.100629,0
85.32859,28.100632,0
85.328591,28.100635,0
85.328593,28.10064,0
85.328593,28.100644,0
85.328591,28.100647,0
85.328589,28.100649,0
85.328576,28.100653,0
85.328575,28.100653,0
85.328573,28.100653,0
85.328572,28.100656,0
85.32857,28.100658,0
85.328567,28.100661,0
85.328562,28.100664,0
85.328558,28.100666,0
85.328553,28.100668,0
85.328547,28.10067,0
85.328542,28.100672,0
85.328536,28.100675,0
85.32853,28.100677,0
85.328524,28.100681,0
85.328518,28.100683,0
85.328512,28.100685,0
85.328507,28.100687,0
85.328503,28.100689,0
85.3285,28.100692,0
85.328496,28.100693,0
85.328493,28.100695,0
85.32849,28.100697,0
85.328489,28.100699,0
85.328484,28.100713,0
85.328484,28.100714,0
85.328483,28.100716,0
85.328483,28.100719,0
85.328482,28.100724,0
85.328481,28.100729,0
85.32848,28.100733,0
85.328479,28.100738,0
85.328478,28.100742,0
85.328473,28.100751,0
85.328466,28.100758,0
85.328467,28.100759,0
85.328468,28.100762,0
85.32847,28.100767,0
85.328474,28.100772,0
85.328476,28.100778,0
85.328478,28.100784,0
85.328478,28.10079,0
85.328475,28.100798,0
85.32847,28.100806,0
85.328467,28.100812,0
85.328466,28.100834,0
85.328467,28.100835,0
85.328458,28.100843,0
85.328455,28.100845,0
85.328449,28.100849,0
85.32844,28.100855,0
85.32843,28.100861,0
85.32842,28.100868,0
85.328411,28.100876,0
85.3284,28.100884,0
85.328388,28.100893,0
85.328377,28.100902,0
85.328368,28.10091,0
85.328362,28.100919,0
85.328358,28.100926,0
85.328356,28.100932,0
85.328353,28.100938,0
85.328351,28.100944,0
85.32835,28.10095,0
85.32835,28.100957,0
85.32835,28.100964,0
85.328348,28.10097,0
85.328346,28.100975,0
85.328343,28.100979,0
85.328339,28.10098,0
85.328334,28.100982,0
85.32833,28.100984,0
85.328325,28.100986,0
85.32832,28.10099,0
85.328315,28.100995,0
85.328309,28.100999,0
85.328302,28.101003,0
85.328295,28.101007,0
85.328289,28.10101,0
85.328282,28.101014,0
85.328276,28.101018,0
85.328269,28.101023,0
85.328262,28.101028,0
85.328257,28.101034,0
85.328251,28.101041,0
85.328246,28.101048,0
85.32824,28.101055,0
85.328233,28.101062,0
85.328227,28.101067,0
85.32822,28.101074,0
85.328213,28.101079,0
85.328207,28.101085,0
85.328202,28.10109,0
85.328198,28.101094,0
85.328194,28.101097,0
85.328192,28.101098,0
85.328185,28.101103,0
85.328184,28.101103,0
85.32818,28.101104,0
85.328174,28.101106,0
85.328168,28.101108,0
85.328162,28.10111,0
85.328155,28.101112,0
85.328148,28.101115,0
85.328142,28.101119,0
85.328136,28.101124,0
85.32813,28.10113,0
85.328126,28.101135,0
85.328121,28.101141,0
85.328115,28.101147,0
85.328109,28.101153,0
85.328103,28.101158,0
85.328096,28.101162,0
85.328089,28.101166,0
85.328082,28.101168,0
85.328075,28.101171,0
85.328067,28.101172,0
85.328058,28.101174,0
85.328051,28.101176,0
85.328045,28.101176,0
85.328041,28.101177,0
85.328027,28.101184,0
85.328025,28.101185,0
85.328023,28.101188,0
85.32802,28.101193,0
85.328016,28.101199,0
85.328011,28.101204,0
85.328007,28.10121,0
85.328002,28.101216,0
85.327997,28.101221,0
85.327992,28.101227,0
85.327987,28.101233,0
85.32798,28.101239,0
85.327974,28.101244,0
85.327967,28.101248,0
85.32796,28.101253,0
85.327955,28.101257,0
85.327949,28.10126,0
85.327944,28.101262,0
85.327937,28.101263,0
85.327931,28.101263,0
85.327925,28.101262,0
85.32792,28.10126,0
85.327914,28.101258,0
85.327907,28.101255,0
85.327899,28.101252,0
85.327891,28.101249,0
85.327884,28.101246,0
85.327877,28.101245,0
85.327868,28.101245,0
85.32786,28.101245,0
85.327851,28.101247,0
85.327842,28.101249,0
85.327833,28.101253,0
85.327824,28.101256,0
85.327816,28.101259,0
85.327808,28.101261,0
85.327801,28.101263,0
85.327795,28.101265,0
85.32779,28.101267,0
85.327785,28.10127,0
85.327782,28.101274,0
85.327779,28.101277,0
85.327776,28.101281,0
85.327773,28.101285,0
85.327759,28.101296,0
85.327757,28.101297,0
85.327755,28.101299,0
85.327751,28.101302,0
85.327747,28.101306,0
85.327743,28.10131,0
85.32774,28.101313,0
85.327736,28.101317,0
85.327732,28.101319,0
85.327728,28.101323,0
85.327725,28.101325,0
85.327722,28.101328,0
85.327719,28.101336,0
85.327719,28.101337,0
85.327718,28.101339,0
85.327719,28.101341,0
85.327719,28.101344,0
85.327719,28.101348,0
85.327719,28.101351,0
85.327718,28.101355,0
85.327717,28.101368,0
85.327717,28.101375,0
85.327712,28.10138,0
85.32771,28.101382,0
85.327705,28.101385,0
85.327698,28.101391,0
85.32769,28.101396,0
85.327681,28.101403,0
85.327671,28.10141,0
85.327662,28.101418,0
85.327652,28.101426,0
85.327641,28.101434,0
85.327631,28.10144,0
85.327623,28.101444,0
85.327615,28.101448,0
85.327608,28.10145,0
85.3276,28.101451,0
85.327593,28.101452,0
85.327586,28.101453,0
85.327579,28.101451,0
85.327572,28.101448,0
85.327566,28.101443,0
85.32756,28.101439,0
85.327554,28.101436,0
85.327547,28.101432,0
85.327539,28.101429,0
85.327531,28.101427,0
85.327523,28.101426,0
85.327514,28.101424,0
85.327505,28.101423,0
85.327496,28.101423,0
85.327487,28.101423,0
85.327478,28.101425,0
85.32747,28.101428,0
85.327463,28.10143,0
85.327455,28.101433,0
85.327447,28.101435,0
85.32744,28.101437,0
85.327433,28.10144,0
85.327426,28.101442,0
85.327419,28.101445,0
85.327413,28.101448,0
85.327407,28.10145,0
85.327402,28.101452,0
85.327397,28.101455,0
85.327392,28.101458,0
85.327388,28.101461,0
85.327383,28.101464,0
85.327379,28.101466,0
85.327375,28.101467,0
85.327364,28.10147,0
85.327363,28.10147,0
85.327361,28.101472,0
85.327358,28.101475,0
85.327356,28.101478,0
85.327353,28.10148,0
85.327349,28.101484,0
85.327345,28.101488,0
85.32734,28.101493,0
85.327336,28.101499,0
85.327336,28.101505,0
85.327337,28.101508,0
85.327342,28.101512,0
85.327349,28.101513,0
85.327356,28.101514,0
85.327362,28.101515,0
85.327369,28.101515,0
85.327376,28.101514,0
85.327382,28.101514,0
85.327388,28.101513,0
85.327394,28.101513,0
85.3274,28.101514,0
85.327406,28.101514,0
85.327412,28.101514,0
85.327418,28.101514,0
85.327424,28.101515,0
85.327429,28.101517,0
85.327435,28.101519,0
85.327441,28.101521,0
85.327449,28.101523,0
85.327455,28.101524,0
85.32746,28.101524,0
85.327476,28.101525,0
85.327475,28.101527,0
85.327474,28.101529,0
85.327472,28.10153,0
85.327468,28.101532,0
85.327463,28.101533,0
85.327458,28.101536,0
85.327454,28.101539,0
85.32745,28.101543,0
85.327448,28.101546,0
85.327447,28.101549,0
85.327439,28.101558,0
85.327439,28.101559,0
85.327436,28.10156,0
85.327432,28.101563,0
85.327428,28.101565,0
85.327426,28.101568,0
85.327418,28.101581,0
85.327417,28.101584,0
85.327415,28.101589,0
85.327412,28.101597,0
85.327407,28.101604,0
85.327403,28.101611,0
85.327399,28.101617,0
85.327393,28.101623,0
85.327387,28.101628,0
85.327382,28.101635,0
85.327377,28.10164,0
85.327372,28.101642,0
85.327368,28.101644,0
85.327362,28.101645,0
85.327357,28.101645,0
85.327346,28.101653,0
85.327347,28.101654,0
85.327348,28.101657,0
85.32735,28.10166,0
85.327351,28.101665,0
85.327352,28.101669,0
85.327355,28.101696,0
85.327355,28.101697,0
85.327353,28.101715,0
85.327354,28.101717,0
85.327355,28.101723,0
85.327356,28.101731,0
85.327356,28.101739,0
85.327355,28.101748,0
85.327354,28.101758,0
85.327353,28.101768,0
85.327352,28.101778,0
85.327351,28.101787,0
85.327348,28.101803,0
85.32735,28.101798,0
85.327358,28.101796,0
85.327375,28.10179,0
85.327388,28.10179,0
85.327383,28.101801,0
85.327385,28.101802,0
85.32739,28.101805,0
85.327395,28.101808,0
85.327401,28.101814,0
85.327408,28.101819,0
85.327414,28.101825,0
85.327419,28.101831,0
85.327423,28.101838,0
85.327428,28.101846,0
85.327431,28.101851,0
85.327434,28.101856,0
85.327443,28.10187,0
85.327444,28.10187,0
85.327447,28.101871,0
85.32745,28.101875,0
85.327454,28.101879,0
85.327459,28.101883,0
85.327465,28.101887,0
85.327473,28.10189,0
85.327481,28.101893,0
85.32749,28.101895,0
85.327498,28.101898,0
85.327528,28.101905,0
85.327533,28.101905,0
85.327542,28.101905,0
85.327553,28.101904,0
85.327567,28.101905,0
85.327583,28.101905,0
85.327599,28.101906,0
85.327616,28.101907,0
85.327631,28.101908,0
85.327642,28.101909,0
85.327648,28.101911,0
85.327651,28.101914,0
85.32765,28.101918,0
85.327648,28.101921,0
85.327644,28.101923,0
85.327639,28.101925,0
85.327633,28.101928,0
85.327625,28.101931,0
85.327617,28.101935,0
85.327611,28.101941,0
85.327604,28.101947,0
85.3276,28.101954,0
85.327596,28.101962,0
85.327591,28.10197,0
85.327586,28.101977,0
85.32758,28.101985,0
85.327574,28.101993,0
85.327567,28.102,0
85.327559,28.102007,0
85.327551,28.102012,0
85.327544,28.102018,0
85.327536,28.102023,0
85.327528,28.102029,0
85.327521,28.102033,0
85.327514,28.102038,0
85.327508,28.102042,0
85.3275,28.102045,0
85.327492,28.102048,0
85.327484,28.102052,0
85.327476,28.102057,0
85.327469,28.102063,0
85.327465,28.10207,0
85.327464,28.102077,0
85.327465,28.102083,0
85.327468,28.102088,0
85.327472,28.10209,0
85.327477,28.102092,0
85.327483,28.102093,0
85.327488,28.102094,0
85.327498,28.1021,0
85.327505,28.1021,0
85.327506,28.1021,0
85.327508,28.102101,0
85.327513,28.102101,0
85.327517,28.102102,0
85.327521,28.102102,0
85.327526,28.102103,0
85.327532,28.102106,0
85.327539,28.102108,0
85.327544,28.10211,0
85.327549,28.102111,0
85.327554,28.102112,0
85.327559,28.102114,0
85.327565,28.102114,0
85.327571,28.102114,0
85.327576,28.102114,0
85.32759,28.102118,0
85.32759,28.102119,0
85.32759,28.102121,0
85.32759,28.102124,0
85.327589,28.102126,0
85.327582,28.102138,0
85.327581,28.10214,0
85.327581,28.102144,0
85.327579,28.10215,0
85.327577,28.102156,0
85.327572,28.102164,0
85.327566,28.102174,0
85.327559,28.102184,0
85.327551,28.102194,0
85.327541,28.102203,0
85.327532,28.102212,0
85.327525,28.10222,0
85.327517,28.102226,0
85.32751,28.102232,0
85.327503,28.102237,0
85.327498,28.102241,0
85.327493,28.102246,0
85.327489,28.10225,0
85.327486,28.102253,0
85.327478,28.102261,0
85.327474,28.102268,0
85.327472,28.102269,0
85.327468,28.102273,0
85.327464,28.102277,0
85.32746,28.102281,0
85.327455,28.102287,0
85.327449,28.102293,0
85.327444,28.102299,0
85.327438,28.102304,0
85.327431,28.10231,0
85.327423,28.102317,0
85.327415,28.102325,0
85.327408,28.102332,0
85.327402,28.10234,0
85.327395,28.102348,0
85.327389,28.102356,0
85.327382,28.102365,0
85.327375,28.102374,0
85.327366,28.102381,0
85.327356,28.102389,0
85.327348,28.102396,0
85.32734,28.102402,0
85.327334,28.102407,0
85.327327,28.102412,0
85.327322,28.102417,0
85.327319,28.102424,0
85.327317,28.10243,0
85.327315,28.102436,0
85.327312,28.102441,0
85.327307,28.102446,0
85.327301,28.102452,0
85.327295,28.102458,0
85.327289,28.102463,0
85.327282,28.102468,0
85.327276,28.102472,0
85.32727,28.102477,0
85.327265,28.102483,0
85.327261,28.102489,0
85.327257,28.102494,0
85.327245,28.102505,0
85.32724,28.102505,0
85.327239,28.102505,0
85.327236,28.102504,0
85.327232,28.102505,0
85.327228,28.102507,0
85.327224,28.102509,0
85.32722,28.10251,0
85.327216,28.102512,0
85.327211,28.102515,0
85.327207,28.102517,0
85.327192,28.102525,0
85.327191,28.102527,0
85.32719,28.102528,0
85.327187,28.102529,0
85.327184,28.10253,0
85.327171,28.102533,0
85.32717,28.102532,0
85.327169,28.102531,0
85.327171,28.102531,0
85.327169,28.102532,0
85.327169,28.102533,0
85.327162,28.102538,0
85.327161,28.102538,0
85.32716,28.10254,0
85.327152,28.10255,0
85.32715,28.102552,0
85.327144,28.102556,0
85.327137,28.102561,0
85.327128,28.102567,0
85.327118,28.102574,0
85.327108,28.102583,0
85.327098,28.102593,0
85.327087,28.102602,0
85.327077,28.10261,0
85.32707,28.102616,0
85.327062,28.10262,0
85.327055,28.102624,0
85.327049,28.102627,0
85.327044,28.102629,0
85.327039,28.10263,0
85.327034,28.102631,0
85.327029,28.102632,0
85.327017,28.102643,0
85.327016,28.102647,0
85.327013,28.102653,0
85.327009,28.102661,0
85.327002,28.102669,0
85.326994,28.102677,0
85.326987,28.102685,0
85.326979,28.102693,0
85.326969,28.1027,0
85.326959,28.102709,0
85.326951,28.102716,0
85.326943,28.10272,0
85.326936,28.102723,0
85.326929,28.102725,0
85.326922,28.102727,0
85.326915,28.102729,0
85.326906,28.10273,0
85.326898,28.102731,0
85.32689,28.102733,0
85.326883,28.102736,0
85.326874,28.102737,0
85.326866,28.102738,0
85.326857,28.102739,0
85.326847,28.102739,0
85.326837,28.102741,0
85.326826,28.102743,0
85.326817,28.102744,0
85.326808,28.102747,0
85.3268,28.102749,0
85.326792,28.102751,0
85.326784,28.102752,0
85.326777,28.102753,0
85.326769,28.102755,0
85.326761,28.102759,0
85.326754,28.102763,0
85.326747,28.102767,0
85.326739,28.10277,0
85.326733,28.102771,0
85.326726,28.102773,0
85.326719,28.102773,0
85.326709,28.102772,0
85.326698,28.10277,0
85.326689,28.102772,0
85.326681,28.102775,0
85.326674,28.102778,0
85.326667,28.10278,0
85.326661,28.102782,0
85.326654,28.102783,0
85.326646,28.102785,0
85.32664,28.102786,0
85.326634,28.102787,0
85.326629,28.102787,0
85.326623,28.102788,0
85.326618,28.102789,0
85.326614,28.102791,0
85.326609,28.102793,0
85.326605,28.102794,0
85.326601,28.102795,0
85.326597,28.102796,0
85.326593,28.102797,0
85.326589,28.102798,0
85.326584,28.102801,0
85.326579,28.102804,0
85.326572,28.102808,0
85.326566,28.102812,0
85.32656,28.102816,0
85.326554,28.102819,0
85.326548,28.102823,0
85.326544,28.102827,0
85.32654,28.10283,0
85.326536,28.102833,0
85.326531,28.102836,0
85.326527,28.102838,0
85.326523,28.102842,0
85.326518,28.102845,0
85.326514,28.102849,0
85.326511,28.102853,0
85.326507,28.102856,0
85.326504,28.102858,0
85.3265,28.10286,0
85.326495,28.102861,0
85.326491,28.102863,0
85.326487,28.102865,0
85.326483,28.102867,0
85.326479,28.102869,0
85.326478,28.102872,0
85.326477,28.102876,0
85.326471,28.102885,0
85.32647,28.102885,0
85.326461,28.102888,0
85.326461,28.102889,0
85.326462,28.102891,0
85.326463,28.102894,0
85.326465,28.102896,0
85.326467,28.102897,0
85.32647,28.102897,0
85.326476,28.102895,0
85.326498,28.102886,0
85.326498,28.102887,0
85.326499,28.102888,0
85.326501,28.102888,0
85.326508,28.102888,0
85.326516,28.10289,0
85.326526,28.102883,0
85.326531,28.102883,0
85.326532,28.102882,0
85.326534,28.102882,0
85.326538,28.102881,0
85.326543,28.10288,0
85.32655,28.102879,0
85.326555,28.102877,0
85.32656,28.102876,0
85.326571,28.102871,0
85.326578,28.102868,0
85.326585,28.102866,0
85.326593,28.102866,0
85.326594,28.102866,0
85.326599,28.102867,0
85.326604,28.102868,0
85.32662,28.102873,0
85.32662,28.102874,0
85.326623,28.102877,0
85.326628,28.10288,0
85.326635,28.102883,0
85.326641,28.102887,0
85.326647,28.102892,0
85.326651,28.102896,0
85.326656,28.102901,0
85.326662,28.102905,0
85.326668,28.102908,0
85.326674,28.102911,0
85.326678,28.102913,0
85.326682,28.102915,0
85.326687,28.102917,0
85.326692,28.10292,0
85.326696,28.102922,0
85.326699,28.102924,0
85.326702,28.102928,0
85.326702,28.102933,0
85.326699,28.102943,0
85.326692,28.102954,0
85.326687,28.102963,0
85.326682,28.102969,0
85.326676,28.102972,0
85.326669,28.102977,0
85.326661,28.102983,0
85.326655,28.102988,0
85.326648,28.102993,0
85.326642,28.102998,0
85.326637,28.103002,0
85.326632,28.103004,0
85.326628,28.103005,0
85.326622,28.103007,0
85.326617,28.103009,0
85.326611,28.103013,0
85.326605,28.103018,0
85.326602,28.103023,0
85.326599,28.103028,0
85.326595,28.103033,0
85.326591,28.103037,0
85.326586,28.10304,0
85.326579,28.103042,0
85.326574,28.103044,0
85.326569,28.103046,0
85.326564,28.103048,0
85.32656,28.10305,0
85.326558,28.103052,0
85.326555,28.103056,0
85.326553,28.103059,0
85.326549,28.103062,0
85.326543,28.103065,0
85.326537,28.103066,0
85.326531,28.103067,0
85.326526,28.103069,0
85.326521,28.103072,0
85.326517,28.103078,0
85.326515,28.103083,0
85.326512,28.103088,0
85.326508,28.103092,0
85.326505,28.103095,0
85.326502,28.103098,0
85.326499,28.103101,0
85.326496,28.103102,0
85.326493,28.103103,0
85.32649,28.103104,0
85.326486,28.103106,0
85.326474,28.103108,0
85.326472,28.103108,0
85.326467,28.103111,0
85.326466,28.103111,0
85.326464,28.103111,0
85.326462,28.103112,0
85.326459,28.103113,0
85.326456,28.103116,0
85.326454,28.10312,0
85.326442,28.10313,0
85.326441,28.10313,0
85.326438,28.10313,0
85.326427,28.103133,0
85.326426,28.103133,0
85.326415,28.103131,0
85.326415,28.10313,0
85.326416,28.103127,0
85.326414,28.103125,0
85.326412,28.103124,0
85.326409,28.103122,0
85.326406,28.103121,0
85.3264,28.103121,0
85.326394,28.103119,0
85.326389,28.10312,0
85.326385,28.103121,0
85.32638,28.103121,0
85.326375,28.10312,0
85.326369,28.103118,0
85.326364,28.103115,0
85.326357,28.103112,0
85.326351,28.103109,0
85.326346,28.103105,0
85.326341,28.103103,0
85.326337,28.103101,0
85.326332,28.103098,0
85.326326,28.103096,0
85.32632,28.103095,0
85.326314,28.103094,0
85.326309,28.103093,0
85.326302,28.103093,0
85.326297,28.103092,0
85.326292,28.103091,0
85.326286,28.10309,0
85.32628,28.10309,0
85.326275,28.103091,0
85.326271,28.103092,0
85.326265,28.103094,0
85.32626,28.103095,0
85.326255,28.103095,0
85.326249,28.103095,0
85.326242,28.103095,0
85.326236,28.103095,0
85.32623,28.103096,0
85.326224,28.103097,0
85.326218,28.103097,0
85.326211,28.103097,0
85.326205,28.103098,0
85.326199,28.103098,0
85.326194,28.103099,0
85.326188,28.1031,0
85.326183,28.103102,0
85.326178,28.103103,0
85.326173,28.103107,0
85.326169,28.10311,0
85.326166,28.103113,0
85.326162,28.103133,0
85.326164,28.103136,0
85.326167,28.10314,0
85.32617,28.103144,0
85.326174,28.103148,0
85.326178,28.10315,0
85.326181,28.103152,0
85.326182,28.103151,0
85.326179,28.10315,0
85.326178,28.103151,0
85.326176,28.103151,0
85.326172,28.10315,0
85.326168,28.103149,0
85.326156,28.103148,0
85.326155,28.103149,0
85.326156,28.103152,0
85.326159,28.103156,0
85.326162,28.10316,0
85.326166,28.103175,0
85.326165,28.103175,0
85.326162,28.103175,0
85.326158,28.103174,0
85.326153,28.103173,0
85.326149,28.103173,0
85.326145,28.103173,0
85.326139,28.103175,0
85.326133,28.103175,0
85.326127,28.103176,0
85.326121,28.103176,0
85.326115,28.103176,0
85.32611,28.103176,0
85.326093,28.103177,0
85.326091,28.103176,0
85.326089,28.103175,0
85.326086,28.103174,0
85.326083,28.103171,0
85.32608,28.103169,0
85.326077,28.103165,0
85.326075,28.10316,0
85.326074,28.103154,0
85.326074,28.103147,0
85.326073,28.10314,0
85.326071,28.103133,0
85.326067,28.103126,0
85.326062,28.103121,0
85.326055,28.103118,0
85.32605,28.103117,0
85.326046,28.103117,0
85.326043,28.103119,0
85.326039,28.10312,0
85.326037,28.103122,0
85.326034,28.103124,0
85.326028,28.103125,0
85.326027,28.103126,0
85.326025,28.103127,0
85.326023,28.103128,0
85.326011,28.103132,0
85.32601,28.103132,0
85.326008,28.103131,0
85.326004,28.10313,0
85.326001,28.10313,0
85.325997,28.103128,0
85.325992,28.103126,0
85.325987,28.103123,0
85.325982,28.103121,0
85.325968,28.103115,0
85.325967,28.103115,0
85.325966,28.103116,0
85.325962,28.103115,0
85.325955,28.103114,0
85.325948,28.103113,0
85.325942,28.103111,0
85.325937,28.103109,0
85.325933,28.103106,0
85.325929,28.103102,0
85.325926,28.103099,0
85.325921,28.103094,0
85.325919,28.10309,0
85.325917,28.103084,0
85.325914,28.103079,0
85.32591,28.103074,0
85.325907,28.103071,0
85.325903,28.103068,0
85.325901,28.103066,0
85.325902,28.103062,0
85.325901,28.103058,0
85.3259,28.103055,0
85.325897,28.103053,0
85.325893,28.10305,0
85.32589,28.103047,0
85.325886,28.103044,0
85.325881,28.103042,0
85.325874,28.103041,0
85.325865,28.10304,0
85.32585,28.103035,0
85.325846,28.103035,0
85.325845,28.103036,0
85.325843,28.103037,0
85.325839,28.103038,0
85.325834,28.103039,0
85.325829,28.103041,0
85.325823,28.103044,0
85.325816,28.103047,0
85.325811,28.103053,0
85.325809,28.10306,0
85.325809,28.103068,0
85.325812,28.103075,0
85.325815,28.103082,0
85.325818,28.103087,0
85.32582,28.103091,0
85.325821,28.103095,0
85.325824,28.1031,0
85.325825,28.103104,0
85.325827,28.10311,0
85.325828,28.103116,0
85.325829,28.103121,0
85.325829,28.103124,0
85.325827,28.103125,0
85.325826,28.103125,0
85.325824,28.103125,0
85.325813,28.103127,0
85.325812,28.103128,0
85.325809,28.103128,0
85.325807,28.10313,0
85.325805,28.103132,0
85.325803,28.103135,0
85.325802,28.10314,0
85.325802,28.103144,0
85.325804,28.103147,0
85.325807,28.103151,0
85.32581,28.103153,0
85.325811,28.103155,0
85.32581,28.103158,0
85.325809,28.103161,0
85.325808,28.103165,0
85.325807,28.103169,0
85.325813,28.10318,0
85.325813,28.103181,0
85.325817,28.103194,0
85.325819,28.103195,0
85.32582,28.103196,0
85.325822,28.103198,0
85.325827,28.103207,0
85.325818,28.103207,0
85.325817,28.103206,0
85.325813,28.103206,0
85.325807,28.103205,0
85.325799,28.103206,0
85.325788,28.103207,0
85.325776,28.103209,0
85.325764,28.103211,0
85.325752,28.103214,0
85.32574,28.103216,0
85.325731,28.103222,0
85.325725,28.103228,0
85.325721,28.103233,0
85.325717,28.103238,0
85.325715,28.103242,0
85.325715,28.103248,0
85.325717,28.103252,0
85.325717,28.103262,0
85.325715,28.103262,0
85.325712,28.103264,0
85.325711,28.103267,0
85.32571,28.10327,0
85.325713,28.103282,0
85.325714,28.103282,0
85.325714,28.103284,0
85.32572,28.103289,0
85.325719,28.103289,0
85.325717,28.103289,0
85.325715,28.10329,0
85.325713,28.103295,0
85.325702,28.103292,0
85.325696,28.103292,0
85.325686,28.103291,0
85.325674,28.103289,0
85.325661,28.103287,0
85.325646,28.103286,0
85.325634,28.103283,0
85.325623,28.103278,0
85.325613,28.103272,0
85.325603,28.103266,0
85.325595,28.10326,0
85.325589,28.103254,0
85.325583,28.103248,0
85.325578,28.103242,0
85.325572,28.103237,0
85.325566,28.103232,0
85.32556,28.103228,0
85.325554,28.103224,0
85.325549,28.10322,0
85.325544,28.103214,0
85.325539,28.103209,0
85.325535,28.103203,0
85.325531,28.103198,0
85.325526,28.103192,0
85.325521,28.103188,0
85.325514,28.103185,0
85.325507,28.103184,0
85.3255,28.103184,0
85.325495,28.103185,0
85.325491,28.103187,0
85.325489,28.103191,0
85.325486,28.103194,0
85.325485,28.103197,0
85.325485,28.103201,0
85.325482,28.103206,0
85.325479,28.103204,0
85.325475,28.103201,0
85.325469,28.103198,0
85.325463,28.103193,0
85.325457,28.103189,0
85.325449,28.103185,0
85.325441,28.103184,0
85.325433,28.103183,0
85.325426,28.103182,0
85.32542,28.10318,0
85.325407,28.103171,0
85.325406,28.10317,0
85.325404,28.103169,0
85.325401,28.103168,0
85.325397,28.103167,0
85.325393,28.103165,0
85.325389,28.103163,0
85.325385,28.103161,0
85.325382,28.103159,0
85.325374,28.103151,0
85.325374,28.10315,0
85.325375,28.103148,0
85.325374,28.103145,0
85.325374,28.103141,0
85.325374,28.103138,0
85.325372,28.103134,0
85.32537,28.10313,0
85.325369,28.103126,0
85.325367,28.103122,0
85.325364,28.103119,0
85.325362,28.103117,0
85.325352,28.103114,0
85.32535,28.103114,0
85.325346,28.103114,0
85.32534,28.103115,0
85.325333,28.103115,0
85.325326,28.103116,0
85.325318,28.103116,0
85.32531,28.103116,0
85.325299,28.103117,0
85.325286,28.103118,0
85.325275,28.103119,0
85.325265,28.103119,0
85.325255,28.103121,0
85.325245,28.103123,0
85.325238,28.103127,0
85.325232,28.103132,0
85.325228,28.103137,0
85.325226,28.103144,0
85.325225,28.103151,0
85.325225,28.103158,0
85.325226,28.103164,0
85.325224,28.103176,0
85.325223,28.103175,0
85.325221,28.103174,0
85.325218,28.103172,0
85.325215,28.10317,0
85.325211,28.103168,0
85.325207,28.103167,0
85.325202,28.103166,0
85.325197,28.103166,0
85.325192,28.103168,0
85.325189,28.103171,0
85.325188,28.103174,0
85.325189,28.103176,0
85.32519,28.103179,0
85.325192,28.103183,0
85.325192,28.103185,0
85.325191,28.103186,0
85.325188,28.103187,0
85.325185,28.103189,0
85.325183,28.103192,0
85.325181,28.103194,0
85.32518,28.103196,0
85.325177,28.103198,0
85.325175,28.1032,0
85.325171,28.103202,0
85.325168,28.103205,0
85.325165,28.103208,0
85.325163,28.103211,0
85.325162,28.103215,0
85.325162,28.103218,0
85.325163,28.103231,0
85.325163,28.103232,0
85.325165,28.103233,0
85.325167,28.103236,0
85.325168,28.103238,0
85.325166,28.103246,0
85.325165,28.103246,0
85.325164,28.103245,0
85.325162,28.103243,0
85.32516,28.10324,0
85.325157,28.103237,0
85.325153,28.103234,0
85.325148,28.103232,0
85.325142,28.103232,0
85.325137,28.103231,0
85.325134,28.103231,0
85.325116,28.103232,0
85.325114,28.103234,0
85.325111,28.103237,0
85.325105,28.10324,0
85.325098,28.103245,0
85.325091,28.103251,0
85.325086,28.103259,0
85.32508,28.103265,0
85.325073,28.103271,0
85.325067,28.103277,0
85.325061,28.103291,0
85.325061,28.103297,0
85.325061,28.1033,0
85.32506,28.103305,0
85.325059,28.103312,0
85.325058,28.10332,0
85.325058,28.10333,0
85.325055,28.10334,0
85.325049,28.10335,0
85.325042,28.103361,0
85.325037,28.103371,0
85.325035,28.103383,0
85.325035,28.103392,0
85.325036,28.1034,0
85.325035,28.103419,0
85.325032,28.103419,0
85.325026,28.103421,0
85.325021,28.103425,0
85.325016,28.103431,0
85.325013,28.103437,0
85.325009,28.103441,0
85.325005,28.103443,0
85.325003,28.103443,0
85.325,28.103441,0
85.324997,28.103438,0
85.324994,28.103435,0
85.32499,28.103432,0
85.324989,28.103429,0
85.324986,28.103425,0
85.324984,28.103419,0
85.32498,28.103414,0
85.324978,28.103408,0
85.324974,28.103403,0
85.324972,28.103398,0
85.324969,28.103394,0
85.324965,28.103391,0
85.324962,28.10339,0
85.324959,28.103391,0
85.324953,28.103391,0
85.324946,28.103391,0
85.324943,28.103391,0
85.32494,28.103391,0
85.324933,28.103398,0
85.32493,28.103404,0
85.324927,28.103404,0
85.324923,28.103403,0
85.324918,28.1034,0
85.324911,28.103397,0
85.324903,28.103394,0
85.324896,28.103391,0
85.324888,28.103388,0
85.32488,28.103384,0
85.324871,28.103381,0
85.324864,28.103378,0
85.324858,28.103377,0
85.324853,28.103376,0
85.324848,28.103375,0
85.324842,28.103373,0
85.324835,28.103372,0
85.324828,28.103371,0
85.32482,28.103371,0
85.324811,28.103371,0
85.324802,28.103372,0
85.324794,28.103373,0
85.324787,28.103373,0
85.32478,28.103373,0
85.324773,28.103375,0
85.324765,28.103376,0
85.324757,28.103378,0
85.324751,28.103379,0
85.324746,28.103382,0
85.324741,28.103387,0
85.324739,28.103391,0
85.324738,28.103397,0
85.324738,28.103402,0
85.324738,28.103416,0
85.324732,28.103421,0
85.324731,28.103423,0
85.32473,28.103427,0
85.324728,28.103432,0
85.324726,28.103438,0
85.324724,28.103444,0
85.32472,28.103449,0
85.324716,28.103455,0
85.324711,28.10346,0
85.324706,28.103464,0
85.324703,28.103468,0
85.324697,28.103479,0
85.324697,28.103468,0
85.32467,28.103481,0
85.32467,28.103482,0
85.324669,28.103484,0
85.324669,28.103486,0
85.324668,28.103489,0
85.324666,28.103492,0
85.324665,28.103495,0
85.324659,28.103503,0
85.324658,28.103503,0
85.324656,28.103503,0
85.324654,28.103504,0
85.324653,28.103506,0
85.324652,28.103509,0
85.324653,28.103513,0
85.324654,28.103517,0
85.324654,28.103521,0
85.324654,28.103525,0
85.324652,28.103527,0
85.324648,28.103528,0
85.324645,28.103528,0
85.324642,28.103528,0
85.324639,28.103529,0
85.324636,28.103532,0
85.324635,28.103535,0
85.324635,28.103538,0
85.324632,28.103544,0
85.324633,28.103545,0
85.324632,28.103545,0
85.324631,28.103546,0
85.324629,28.103547,0
85.324624,28.103551,0
85.324624,28.103552,0
85.324623,28.103553,0
85.324622,28.103556,0
85.324621,28.103559,0
85.32462,28.103562,0
85.324619,28.103566,0
85.324618,28.103569,0
85.324617,28.103572,0
85.32461,28.103581,0
85.32461,28.103582,0
85.324609,28.103583,0
85.324608,28.103586,0
85.324604,28.103598,0
85.324602,28.103608,0
85.324601,28.103611,0
85.3246,28.103611,0
85.324598,28.103612,0
85.324595,28.103612,0
85.324591,28.103613,0
85.324587,28.103613,0
85.324577,28.103621,0
85.324577,28.103626,0
85.324576,28.103629,0
85.324575,28.10363,0
85.324574,28.10363,0
85.324572,28.103631,0
85.324568,28.103632,0
85.324563,28.103633,0
85.324547,28.103638,0
85.324542,28.103643,0
85.32454,28.103643,0
85.324535,28.103646,0
85.324529,28.103651,0
85.324523,28.103658,0
85.324516,28.103664,0
85.324507,28.10367,0
85.324497,28.103675,0
85.324485,28.103681,0
85.324474,28.103687,0
85.324464,28.103693,0
85.324455,28.103699,0
85.324448,28.103704,0
85.324441,28.103708,0
85.324435,28.103711,0
85.324429,28.103715,0
85.324425,28.10372,0
85.32442,28.103725,0
85.324416,28.103729,0
85.324412,28.103733,0
85.324406,28.103736,0
85.324399,28.103739,0
85.324393,28.103741,0
85.324386,28.103741,0
85.324382,28.103742,0
85.324378,28.103745,0
85.324375,28.103749,0
85.324374,28.103754,0
85.324375,28.10376,0
85.324378,28.103763,0
85.324382,28.103765,0
85.324386,28.103767,0
85.324399,28.103771,0
85.324399,28.103774,0
85.324399,28.103775,0
85.324399,28.103783,0
85.324399,28.103784,0
85.324399,28.103786,0
85.3244,28.103789,0
85.324401,28.103794,0
85.324402,28.103798,0
85.324402,28.103801,0
85.324403,28.103806,0
85.324402,28.10381,0
85.3244,28.103815,0
85.324396,28.103819,0
85.324392,28.103825,0
85.324388,28.103831,0
85.324383,28.103837,0
85.324379,28.103842,0
85.324374,28.103847,0
85.32437,28.103853,0
85.324353,28.103868,0
85.324351,28.103869,0
85.324348,28.103872,0
85.324344,28.103876,0
85.32434,28.10388,0
85.324335,28.103884,0
85.32433,28.103889,0
85.324324,28.103893,0
85.324318,28.103897,0
85.324311,28.103901,0
85.324303,28.103916,0
85.324304,28.103918,0
85.324306,28.103922,0
85.32431,28.103927,0
85.324313,28.103933,0
85.324317,28.10394,0
85.32432,28.103948,0
85.324323,28.103956,0
85.324326,28.103967,0
85.324329,28.103978,0
85.324332,28.103988,0
85.324337,28.103995,0
85.324341,28.104001,0
85.324344,28.104014,0
85.324344,28.104015,0
85.324345,28.104017,0
85.324347,28.104018,0
85.324346,28.104024,0
85.324346,28.104025,0
85.324346,28.104028,0
85.324346,28.104032,0
85.324346,28.104036,0
85.324346,28.104039,0
85.324351,28.104054,0
85.324353,28.104058,0
85.324357,28.104065,0
85.324362,28.104076,0
85.324367,28.104088,0
85.324375,28.104101,0
85.324385,28.104115,0
85.324395,28.104129,0
85.324405,28.104143,0
85.324415,28.104157,0
85.324424,28.104168,0
85.324432,28.104179,0
85.32444,28.104187,0
85.324447,28.104196,0
85.324452,28.104204,0
85.324457,28.104212,0
85.324461,28.10422,0
85.324465,28.104228,0
85.324469,28.104236,0
85.324476,28.104243,0
85.324483,28.10425,0
85.324489,28.104257,0
85.324494,28.104264,0
85.324498,28.104271,0
85.324504,28.104277,0
85.324509,28.104283,0
85.324514,28.10429,0
85.324518,28.104297,0
85.324522,28.104304,0
85.324525,28.10431,0
85.324526,28.104317,0
85.324527,28.104323,0
85.324528,28.104329,0
85.324528,28.104336,0
85.324527,28.104341,0
85.324524,28.104346,0
85.32452,28.104351,0
85.324516,28.104355,0
85.324511,28.104358,0
85.324506,28.10436,0
85.324501,28.104361,0
85.324495,28.104362,0
85.32449,28.104365,0
85.324484,28.104368,0
85.324479,28.104373,0
85.324473,28.104378,0
85.324468,28.104383,0
85.324463,28.104388,0
85.324456,28.104393,0
85.32445,28.1044,0
85.324443,28.104407,0
85.324436,28.104414,0
85.32443,28.104421,0
85.324423,28.104428,0
85.324416,28.104433,0
85.324409,28.104438,0
85.324404,28.104443,0
85.324401,28.104447,0
85.324401,28.104451,0
85.324402,28.104455,0
85.324403,28.104456,0
85.3244,28.104461,0
85.3244,28.104462,0
85.324393,28.104464,0
85.324391,28.104464,0
85.324387,28.104463,0
85.324381,28.104461,0
85.324376,28.10446,0
85.324365,28.104454,0
85.324365,28.104451,0
85.324365,28.104445,0
85.324364,28.104437,0
85.324361,28.104428,0
85.324359,28.104419,0
85.324401,28.104406,0
85.324401,28.104407,0
85.3244,28.104407,0
85.324399,28.104409,0
85.324399,28.104414,0
85.3244,28.104429,0
85.324395,28.104424,0
85.324394,28.104424,0
85.324395,28.104426,0
85.324395,28.104427,0
85.324396,28.104428,0
85.324397,28.104432,0
85.3244,28.104437,0
85.324404,28.104442,0
85.324409,28.104447,0
85.324413,28.104451,0
85.324416,28.104454,0
85.32442,28.104464,0
85.32442,28.104467,0
85.324422,28.104473,0
85.324427,28.104482,0
85.324431,28.104491,0
85.324436,28.104502,0
85.324439,28.104512,0
85.324441,28.104521,0
85.324443,28.104528,0
85.324444,28.104535,0
85.324451,28.104548,0
85.324456,28.104544,0
85.324457,28.104544,0
85.324458,28.104538,0
85.324456,28.104535,0
85.324454,28.104529,0
85.324451,28.104521,0
85.324449,28.104511,0
85.324446,28.104501,0
85.324443,28.104492,0
85.32444,28.104483,0
85.324438,28.104475,0
85.324437,28.104468,0
85.32444,28.104455,0
85.324453,28.104445,0
85.324446,28.104445,0
85.324449,28.104448,0
85.324454,28.104455,0
85.324461,28.104465,0
85.324469,28.104477,0
85.324478,28.10449,0
85.324486,28.104504,0
85.324492,28.104518,0
85.324496,28.104534,0
85.324501,28.10455,0
85.324504,28.104565,0
85.324505,28.10458,0
85.324505,28.104593,0
85.324505,28.104606,0
85.324503,28.104619,0
85.324502,28.104631,0
85.324502,28.104642,0
85.324501,28.104652,0
85.3245,28.104661,0
85.324498,28.10467,0
85.324496,28.10468,0
85.324495,28.104691,0
85.324495,28.1047,0
85.324495,28.10471,0
85.324497,28.10472,0
85.3245,28.10473,0
85.324505,28.104738,0
85.324511,28.104743,0
85.324517,28.104746,0
85.324523,28.104747,0
85.324528,28.104746,0
85.324535,28.104748,0
85.324542,28.10475,0
85.324549,28.104752,0
85.324556,28.104754,0
85.324563,28.104755,0
85.324571,28.104754,0
85.32458,28.104754,0
85.324588,28.104753,0
85.324597,28.104754,0
85.324606,28.104755,0
85.324613,28.104757,0
85.324619,28.10476,0
85.324626,28.104764,0
85.324631,28.104768,0
85.324643,28.104785,0
85.324644,28.104785,0
85.324645,28.104787,0
85.324648,28.104787,0
85.324653,28.104789,0
85.324659,28.104793,0
85.324666,28.104797,0
85.324673,28.104802,0
85.324682,28.104807,0
85.32469,28.104811,0
85.324697,28.104815,0
85.324703,28.10482,0
85.324707,28.104826,0
85.324708,28.104832,0
85.324707,28.104838,0
85.324704,28.104843,0
85.3247,28.10485,0
85.324697,28.104856,0
85.324694,28.104863,0
85.324694,28.10487,0
85.324696,28.104876,0
85.324701,28.104881,0
85.324707,28.104887,0
85.324715,28.10489,0
85.324723,28.104892,0
85.324729,28.104892,0
85.324735,28.104893,0
85.324741,28.104893,0
85.324744,28.104895,0
85.324746,28.104897,0
85.324749,28.1049,0
85.324752,28.104903,0
85.324759,28.104907,0
85.324764,28.10491,0
85.32477,28.104913,0
85.324775,28.104916,0
85.324779,28.104919,0
85.324783,28.104923,0
85.324788,28.104926,0
85.324793,28.104928,0
85.324799,28.10493,0
85.324804,28.104933,0
85.32481,28.104936,0
85.324816,28.104939,0
85.32482,28.104942,0
85.324823,28.104946,0
85.324823,28.104951,0
85.324823,28.104957,0
85.324824,28.104963,0
85.324827,28.10497,0
85.324832,28.104975,0
85.324838,28.104979,0
85.324845,28.104981,0
85.324851,28.104982,0
85.324856,28.104983,0
85.324862,28.104983,0
85.324866,28.104984,0
85.324875,28.10499,0
85.324873,28.10499,0
85.324869,28.104993,0
85.324866,28.104996,0
85.324864,28.105,0
85.324864,28.105005,0
85.324864,28.10501,0
85.324867,28.105014,0
85.324871,28.105019,0
85.324875,28.105022,0
85.32489,28.105028,0
85.324891,28.105028,0
85.324893,28.105028,0
85.324895,28.105029,0
85.324898,28.105031,0
85.324901,28.105032,0
85.324904,28.105034,0
85.324907,28.105036,0
85.32491,28.105037,0
85.324913,28.105036,0
85.32492,28.105038,0
85.32492,28.105039,0
85.324921,28.105044,0
85.324923,28.10505,0
85.324926,28.105056,0
85.32493,28.105062,0
85.324936,28.105069,0
85.324943,28.105076,0
85.324952,28.105082,0
85.324961,28.105089,0
85.324972,28.105096,0
85.324981,28.105102,0
85.324988,28.105109,0
85.324992,28.105116,0
85.324995,28.105119,0
85.324999,28.10512,0
85.325003,28.105121,0
85.325006,28.105123,0
85.32501,28.105126,0
85.325015,28.105129,0
85.32502,28.105132,0
85.325026,28.105136,0
85.325031,28.105139,0
85.325035,28.105143,0
85.325036,28.105147,0
85.325035,28.105151,0
85.325036,28.105156,0
85.325039,28.105159,0
85.325043,28.105161,0
85.325046,28.105164,0
85.325048,28.105166,0
85.325048,28.105169,0
85.325047,28.105174,0
85.325047,28.10518,0
85.325049,28.105186,0
85.325053,28.105191,0
85.325057,28.105195,0
85.325067,28.105206,0
85.325067,28.105207,0
85.325068,28.105209,0
85.325073,28.105212,0
85.325079,28.105216,0
85.325087,28.105217,0
85.325094,28.105219,0
85.325102,28.105218,0
85.325109,28.105218,0
85.325115,28.105217,0
85.325123,28.105225,0
85.325122,28.105225,0
85.325122,28.105227,0
85.325124,28.105227,0
85.325127,28.105228,0
85.325132,28.10523,0
85.325137,28.105232,0
85.32514,28.105234,0
85.325142,28.105236,0
85.325143,28.10524,0
85.325143,28.105243,0
85.32514,28.105247,0
85.325137,28.105251,0
85.325134,28.105255,0
85.325131,28.105258,0
85.325127,28.105261,0
85.325124,28.105264,0
85.32512,28.105268,0
85.325116,28.105271,0
85.325107,28.105275,0
85.325107,28.105283,0
85.325107,28.105284,0
85.325107,28.105287,0
85.325107,28.10529,0
85.325108,28.105294,0
85.32511,28.1053,0
85.325114,28.105308,0
85.32512,28.105316,0
85.325126,28.105321,0
85.325133,28.105327,0
85.325139,28.105331,0
85.325146,28.105336,0
85.325154,28.105341,0
85.325162,28.105345,0
85.325182,28.105358,0
85.325182,28.105359,0
85.325184,28.105361,0
85.325187,28.105361,0
85.325213,28.105365,0
85.325216,28.105365,0
85.325222,28.105366,0
85.325231,28.105367,0
85.325243,28.105369,0
85.325256,28.105371,0
85.325268,28.105375,0
85.325279,28.105378,0
85.325287,28.105383,0
85.325293,28.105388,0
85.325298,28.105392,0
85.3253,28.105396,0
85.325298,28.105399,0
85.325294,28.105403,0
85.325289,28.105407,0
85.325285,28.105412,0
85.325281,28.105418,0
85.325276,28.105423,0
85.325272,28.105428,0
85.325266,28.105434,0
85.32526,28.10544,0
85.325257,28.105446,0
85.325256,28.105451,0
85.325256,28.105455,0
85.325258,28.105459,0
85.32526,28.105463,0
85.325265,28.105466,0
85.325269,28.105466,0
85.325272,28.105466,0
85.325277,28.105461,0
85.325282,28.105461,0
85.325287,28.105466,0
85.325288,28.105467,0
85.32529,28.105466,0
85.325293,28.105466,0
85.325298,28.105465,0
85.325302,28.105464,0
85.325306,28.105463,0
85.32531,28.105462,0
85.325314,28.105463,0
85.325317,28.105466,0
85.32532,28.105469,0
85.325321,28.105472,0
85.325319,28.105475,0
85.325317,28.105477,0
85.325314,28.10548,0
85.32531,28.105484,0
85.325308,28.10549,0
85.325307,28.105496,0
85.325307,28.105503,0
85.325309,28.105509,0
85.325312,28.105515,0
85.325312,28.105521,0
85.325311,28.105526,0
85.32531,28.105532,0
85.32531,28.105538,0
85.325309,28.105545,0
85.32531,28.105551,0
85.32531,28.105556,0
85.325312,28.105559,0
85.325323,28.105583,0
85.325323,28.105586,0
85.325322,28.105593,0
85.325321,28.105602,0
85.32532,28.105614,0
85.325318,28.105626,0
85.325317,28.105638,0
85.325317,28.105651,0
85.325321,28.105664,0
85.325327,28.105674,0
85.325333,28.105681,0
85.32534,28.105684,0
85.325347,28.105684,0
85.325355,28.105681,0
85.325362,28.105678,0
85.325368,28.105674,0
85.325372,28.105669,0
85.325376,28.105665,0
85.325379,28.105661,0
85.325387,28.105662,0
85.325396,28.105661,0
85.325402,28.10566,0
85.325406,28.105657,0
85.32541,28.105655,0
85.325412,28.105651,0
85.325415,28.105648,0
85.325423,28.105641,0
85.325424,28.105642,0
85.325423,28.105646,0
85.325423,28.105647,0
85.325423,28.105649,0
85.325424,28.105651,0
85.325425,28.105652,0
85.325428,28.105652,0
85.325431,28.105649,0
85.325435,28.105647,0
85.32544,28.105646,0
85.325445,28.105644,0
85.32545,28.105639,0
85.325455,28.105633,0
85.325459,28.105629,0
85.325468,28.105625,0
85.325467,28.105627,0
85.325465,28.105632,0
85.325464,28.105639,0
85.325463,28.105648,0
85.325463,28.105656,0
85.325464,28.105666,0
85.325465,28.105675,0
85.325466,28.105684,0
85.32547,28.105691,0
85.325477,28.105697,0
85.325485,28.1057,0
85.325492,28.1057,0
85.325497,28.105696,0
85.325504,28.10569,0
85.325511,28.105682,0
85.32552,28.105673,0
85.325528,28.105665,0
85.325535,28.105658,0
85.325541,28.10565,0
85.325546,28.105644,0
85.325555,28.105631,0
85.325557,28.105631,0
85.325557,28.105633,0
85.325556,28.105635,0
85.325555,28.10564,0
85.325555,28.105646,0
85.325556,28.105653,0
85.325555,28.10566,0
85.325553,28.105667,0
85.32555,28.105676,0
85.32555,28.105686,0
85.32555,28.105696,0
85.325553,28.105704,0
85.325558,28.105709,0
85.325565,28.10571,0
85.325573,28.105709,0
85.325579,28.105706,0
85.325586,28.105703,0
85.325592,28.105701,0
85.3256,28.105698,0
85.325609,28.105696,0
85.325616,28.105695,0
85.325634,28.105693,0
85.325631,28.105693,0
85.325629,28.105695,0
85.325628,28.105696,0
85.32563,28.1057,0
85.325632,28.105702,0
85.325636,28.105703,0
85.32564,28.105705,0
85.325646,28.105705,0
85.325652,28.105705,0
85.325657,28.105704,0
85.32566,28.105702,0
85.32568,28.105693,0
85.325683,28.105693,0
85.325687,28.105693,0
85.325692,28.105692,0
85.325697,28.105692,0
85.325703,28.10569,0
85.325708,28.10569,0
85.325713,28.105689,0
85.325717,28.105689,0
85.325722,28.105689,0
85.325739,28.105687,0
85.325747,28.105683,0
85.325748,28.105683,0
85.325754,28.10568,0
85.325759,28.10568,0
85.32576,28.10568,0
85.325763,28.105679,0
85.325766,28.105678,0
85.325769,28.105677,0
85.325772,28.105675,0
85.325773,28.105672,0
85.325784,28.105665,0
85.325785,28.105665,0
85.325787,28.105665,0
85.325799,28.105665,0
85.3258,28.105668,0
85.325803,28.105669,0
85.325809,28.10567,0
85.325816,28.105673,0
85.325822,28.105676,0
85.32583,28.105679,0
85.325838,28.105683,0
85.325843,28.105689,0
85.325845,28.105695,0
85.325845,28.105703,0
85.325842,28.10571,0
85.325839,28.105717,0
85.325837,28.105723,0
85.325836,28.105729,0
85.325834,28.105734,0
85.325834,28.105739,0
85.325836,28.105743,0
85.325838,28.105744,0
85.325841,28.105746,0
85.325846,28.105746,0
85.325851,28.105746,0
85.325856,28.105745,0
85.325862,28.105743,0
85.325869,28.105742,0
85.325878,28.105742,0
85.325887,28.105741,0
85.325895,28.10574,0
85.325902,28.105735,0
85.325912,28.105728,0
85.325919,28.105721,0
85.325926,28.105716,0
85.325934,28.10571,0
85.32594,28.105703,0
85.325954,28.105687,0
85.325955,28.105689,0
85.325959,28.105694,0
85.325965,28.105699,0
85.325971,28.105704,0
85.325978,28.105709,0
85.325984,28.105714,0
85.325996,28.105719,0
85.326009,28.105724,0
85.326022,28.105728,0
85.326033,28.105729,0
85.326043,28.10573,0
85.326052,28.105731,0
85.32606,28.105732,0
85.326065,28.105731,0
85.32607,28.10573,0
85.326082,28.105728,0
85.326087,28.105727,0
85.32609,28.105727,0
85.326091,28.105727,0
85.326093,28.105726,0
85.326097,28.105725,0
85.326101,28.105724,0
85.326114,28.105718,0
85.326116,28.105718,0
85.326119,28.105718,0
85.326125,28.105722,0
85.326124,28.105724,0
85.326124,28.105727,0
85.326123,28.10573,0
85.326124,28.105734,0
85.326125,28.105738,0
85.326129,28.105742,0
85.326134,28.105744,0
85.32614,28.105744,0
85.326145,28.105743,0
85.326148,28.10574,0
85.326153,28.105735,0
85.326159,28.105729,0
85.326166,28.105724,0
85.326174,28.105719,0
85.326183,28.105716,0
85.326191,28.105713,0
85.326198,28.105712,0
85.326203,28.105712,0
85.326208,28.105712,0
85.326213,28.105714,0
85.326216,28.105716,0
85.326219,28.105718,0
85.326222,28.105721,0
85.326228,28.105725,0
85.326233,28.105728,0
85.326239,28.105731,0
85.326245,28.105732,0
85.326249,28.105734,0
85.326255,28.105737,0
85.326261,28.105738,0
85.326266,28.105737,0
85.326271,28.105736,0
85.326274,28.105734,0
85.32628,28.105747,0
85.326289,28.105753,0
85.326293,28.105754,0
85.3263,28.105756,0
85.326309,28.105759,0
85.326318,28.105764,0
85.326327,28.105769,0
85.326337,28.105772,0
85.32635,28.105775,0
85.326364,28.105777,0
85.326381,28.10578,0
85.326395,28.105781,0
85.326407,28.105783,0
85.326417,28.105781,0
85.326428,28.10578,0
85.326438,28.10578,0
85.326447,28.105779,0
85.326456,28.105779,0
85.326464,28.10578,0
85.326473,28.105782,0
85.326482,28.105783,0
85.326491,28.105783,0
85.326498,28.105783,0
85.326504,28.105782,0
85.32651,28.105782,0
85.326515,28.105782,0
85.326521,28.105784,0
85.326527,28.105783,0
85.326534,28.105782,0
85.32654,28.10578,0
85.326545,28.105779,0
85.326549,28.105778,0
85.326554,28.105778,0
85.326559,28.105778,0
85.326564,28.105776,0
85.326571,28.105773,0
85.326579,28.10577,0
85.326599,28.105765,0
85.326599,28.105766,0
85.326598,28.105768,0
85.326596,28.105772,0
85.326592,28.105773,0
85.326586,28.105773,0
85.326582,28.105775,0
85.32658,28.105778,0
85.326581,28.105782,0
85.326583,28.105785,0
85.326583,28.105787,0
85.326579,28.10579,0
85.326574,28.105794,0
85.326569,28.105799,0
85.326565,28.105804,0
85.326563,28.105807,0
85.326563,28.105811,0
85.32656,28.105813,0
85.326556,28.105817,0
85.326549,28.10582,0
85.326544,28.105823,0
85.326539,28.105827,0
85.326532,28.105837,0
85.32653,28.105839,0
85.326532,28.105845,0
85.326533,28.105847,0
85.326536,28.10585,0
85.32654,28.105855,0
85.326545,28.10586,0
85.326553,28.105868,0
85.326561,28.105875,0
85.326569,28.105882,0
85.326576,28.105889,0
85.326585,28.105896,0
85.326593,28.105901,0
85.326603,28.105903,0
85.326613,28.105901,0
85.326622,28.105898,0
85.326628,28.105893,0
85.326634,28.105888,0
85.326642,28.105883,0
85.32665,28.105879,0
85.326659,28.105876,0
85.326669,28.105874,0
85.32668,28.105871,0
85.32669,28.105868,0
85.326697,28.105864,0
85.326703,28.10586,0
85.326708,28.105855,0
85.326714,28.105852,0
85.326719,28.10585,0
85.326724,28.10585,0
85.326729,28.10585,0
85.326732,28.10585,0
85.326733,28.105851,0
85.326733,28.105853,0
85.326731,28.105856,0
85.32673,28.10586,0
85.326729,28.105864,0
85.326729,28.105867,0
85.32673,28.105871,0
85.326731,28.105877,0
85.326731,28.105883,0
85.326731,28.105889,0
85.326731,28.105895,0
85.326733,28.105899,0
85.326735,28.105901,0
85.326741,28.105903,0
85.326747,28.105904,0
85.326753,28.105903,0
85.326756,28.1059,0
85.32676,28.105895,0
85.326765,28.105892,0
85.32677,28.105889,0
85.326774,28.105888,0
85.326778,28.105889,0
85.326782,28.105889,0
85.326786,28.105889,0
85.32679,28.105888,0
85.326795,28.105888,0
85.326802,28.105889,0
85.326803,28.105889,0
85.326803,28.105891,0
85.326802,28.105894,0
85.326799,28.105898,0
85.326798,28.105902,0
85.326794,28.10591,0
85.326794,28.105909,0
85.326795,28.105908,0
85.326797,28.105907,0
85.326804,28.105904,0
85.326806,28.105902,0
85.326806,28.105903,0
85.326804,28.105907,0
85.3268,28.105914,0
85.326797,28.105922,0
85.326795,28.105931,0
85.326794,28.10594,0
85.326794,28.105949,0
85.326796,28.105958,0
85.326799,28.105968,0
85.3268,28.105977,0
85.326803,28.105985,0
85.326805,28.10599,0
85.326808,28.105995,0
85.32681,28.105998,0
85.326815,28.105999,0
85.326822,28.105999,0
85.326827,28.105996,0
85.326833,28.105991,0
85.326839,28.105987,0
85.326846,28.105983,0
85.326855,28.105983,0
85.326863,28.105983,0
85.32687,28.105986,0
85.326874,28.10599,0
85.326877,28.105995,0
85.326878,28.105999,0
85.326879,28.106002,0
85.326879,28.106005,0
85.326878,28.106007,0
85.326875,28.106012,0
85.326873,28.106017,0
85.32687,28.106022,0
85.326866,28.106029,0
85.326862,28.106036,0
85.326858,28.106044,0
85.326855,28.10605,0
85.326853,28.106056,0
85.326854,28.106059,0
85.326855,28.106061,0
85.326857,28.106063,0
85.326857,28.106066,0
85.326855,28.106072,0
85.326852,28.106077,0
85.326847,28.10608,0
85.326844,28.106086,0
85.326842,28.106092,0
85.32684,28.106098,0
85.326838,28.106103,0
85.326837,28.106108,0
85.326838,28.106112,0
85.32684,28.106116,0
85.326845,28.106118,0
85.32685,28.106117,0
85.326855,28.106115,0
85.326861,28.106111,0
85.326865,28.106107,0
85.326868,28.106103,0
85.32687,28.106098,0
85.326872,28.106094,0
85.326882,28.106084,0
85.326885,28.106086,0
85.326888,28.106091,0
85.326893,28.106096,0
85.326899,28.1061,0
85.326904,28.106106,0
85.32691,28.106111,0
85.326916,28.106117,0
85.326922,28.10612,0
85.326927,28.106124,0
85.32693,28.106127,0
85.326934,28.106132,0
85.326937,28.106137,0
85.32694,28.106142,0
85.326942,28.106147,0
85.326943,28.10615,0
85.326941,28.106155,0
85.326939,28.106159,0
85.326937,28.106164,0
85.326932,28.106168,0
85.326927,28.106172,0
85.326922,28.106176,0
85.326919,28.106179,0
85.326923,28.106182,0
85.326926,28.106184,0
85.32693,28.106185,0
85.326933,28.106188,0
85.326936,28.10619,0
85.326938,28.106193,0
85.326939,28.106198,0
85.326939,28.106202,0
85.326938,28.106207,0
85.326939,28.106212,0
85.326941,28.106218,0
85.326944,28.106222,0
85.326947,28.106227,0
85.326949,28.106231,0
85.326951,28.106235,0
85.326954,28.10624,0
85.326957,28.106245,0
85.326961,28.106249,0
85.326965,28.106252,0
85.326967,28.106255,0
85.326969,28.106259,0
85.326968,28.106264,0
85.326966,28.106269,0
85.326966,28.106273,0
85.326963,28.106279,0
85.326961,28.106285,0
85.326958,28.10629,0
85.326956,28.106296,0
85.326954,28.106302,0
85.326951,28.106308,0
85.326948,28.106315,0
85.326945,28.10632,0
85.326944,28.106324,0
85.326945,28.106326,0
85.326945,28.106329,0
85.326944,28.106337,0
85.326945,28.106338,0
85.326945,28.106341,0
85.326945,28.106345,0
85.326945,28.10635,0
85.326943,28.106355,0
85.32694,28.10636,0
85.326935,28.106365,0
85.326932,28.106369,0
85.326929,28.106374,0
85.326928,28.106379,0
85.326924,28.106383,0
85.326919,28.106387,0
85.326914,28.10639,0
85.32691,28.106393,0
85.326906,28.106396,0
85.326903,28.106399,0
85.326901,28.106402,0
85.326898,28.106403,0
85.326894,28.106406,0
85.326892,28.106409,0
85.326891,28.106413,0
85.32689,28.106417,0
85.32689,28.106421,0
85.326889,28.106425,0
85.326888,28.106428,0
85.326889,28.106433,0
85.326889,28.106437,0
85.326889,28.106444,0
85.326888,28.106452,0
85.326887,28.106459,0
85.326885,28.106464,0
85.326886,28.106469,0
85.326887,28.106473,0
85.326889,28.106482,0
85.326888,28.106483,0
85.326887,28.106485,0
85.326886,28.106488,0
85.326884,28.106491,0
85.326884,28.106494,0
85.326881,28.106506,0
85.32688,28.106506,0
85.326878,28.106506,0
85.326874,28.106507,0
85.32687,28.106509,0
85.326865,28.106512,0
85.326865,28.106516,0
85.326864,28.106521,0
85.326873,28.106526,0
85.326881,28.106524,0
85.326886,28.106523,0
85.326893,28.106522,0
85.326903,28.106518,0
85.326915,28.106512,0
85.326926,28.106505,0
85.326938,28.106499,0
85.326948,28.106495,0
85.326959,28.106491,0
85.326973,28.106492,0
85.326987,28.106492,0
85.326997,28.106492,0
85.327007,28.106492,0
85.327016,28.106492,0
85.327025,28.106493,0
85.327033,28.106494,0
85.327039,28.106494,0
85.327045,28.106493,0
85.327049,28.106491,0
85.327053,28.106489,0
85.327058,28.106489,0
85.327064,28.106489,0
85.32707,28.106489,0
85.327077,28.106488,0
85.327084,28.106488,0
85.32709,28.106487,0
85.327101,28.106481,0
85.327101,28.106479,0
85.327101,28.106476,0
85.327104,28.106472,0
85.327107,28.106468,0
85.327111,28.106465,0
85.327115,28.106462,0
85.327119,28.106461,0
85.327123,28.106466,0
85.327124,28.106466,0
85.327125,28.106467,0
85.327124,28.106469,0
85.327121,28.106472,0
85.327117,28.106475,0
85.327112,28.106477,0
85.327105,28.106478,0
85.327099,28.10648,0
85.327093,28.106483,0
85.327087,28.106486,0
85.327084,28.106491,0
85.327083,28.106496,0
85.327082,28.106501,0
85.327082,28.106505,0
85.327082,28.106509,0
85.327078,28.106513,0
85.327075,28.106517,0
85.327073,28.106521,0
85.327073,28.106525,0
85.327075,28.106531,0
85.327079,28.106534,0
85.32708,28.106539,0
85.327079,28.106543,0
85.327073,28.106545,0
85.327067,28.106548,0
85.327061,28.106551,0
85.327055,28.106555,0
85.32705,28.106558,0
85.327043,28.106571,0
85.327042,28.106572,0
85.32704,28.106572,0
85.327038,28.106573,0
85.327035,28.106575,0
85.327033,28.106577,0
85.32703,28.10658,0
85.327025,28.106583,0
85.327021,28.106587,0
85.32702,28.106591,0
85.327018,28.106595,0
85.327018,28.106598,0
85.32702,28.106602,0
85.32703,28.106602,0
85.327031,28.106603,0
85.327034,28.106603,0
85.327036,28.106603,0
85.327043,28.106611,0
85.327043,28.106612,0
85.327043,28.106614,0
85.327043,28.106617,0
85.327043,28.10662,0
85.327043,28.106631,0
85.327043,28.106641,0
85.327041,28.106642,0
85.327041,28.106643,0
85.327041,28.106656,0
85.327041,28.106657,0
85.327041,28.106667,0
85.327042,28.106668,0
85.327042,28.10667,0
85.327043,28.106681,0
85.327045,28.106687,0
85.327046,28.106688,0
85.327049,28.106691,0
85.327053,28.106694,0
85.327058,28.106698,0
85.327061,28.106702,0
85.327068,28.106732,0
85.327063,28.106746,0
85.327062,28.106749,0
85.327061,28.106757,0
85.32706,28.106766,0
85.327058,28.106778,0
85.327053,28.106791,0
85.327045,28.106805,0
85.327036,28.106819,0
85.327024,28.106833,0
85.327013,28.106847,0
85.327005,28.106859,0
85.327,28.106869,0
85.326996,28.106878,0
85.326994,28.106886,0
85.326991,28.106894,0
85.326987,28.106902,0
85.326985,28.106911,0
85.326982,28.106921,0
85.326981,28.106931,0
85.326977,28.10694,0
85.326972,28.10695,0
85.326966,28.106959,0
85.326958,28.106967,0
85.32695,28.106975,0
85.32694,28.106983,0
85.326934,28.10699,0
85.326929,28.106996,0
85.326925,28.107002,0
85.326923,28.107007,0
85.326919,28.107011,0
85.326918,28.107016,0
85.326914,28.10702,0
85.326908,28.107024,0
85.326902,28.107028,0
85.326896,28.10703,0
85.326892,28.107034,0
85.326891,28.10704,0
85.32689,28.107047,0
85.326888,28.107054,0
85.326884,28.107061,0
85.326883,28.107068,0
85.326883,28.107075,0
85.326884,28.107081,0
85.326885,28.107088,0
85.326886,28.107093,0
85.326888,28.107098,0
85.326893,28.107102,0
85.326897,28.107104,0
85.326902,28.107105,0
85.326906,28.107106,0
85.326909,28.107108,0
85.326912,28.107111,0
85.326916,28.107115,0
85.32692,28.10712,0
85.326933,28.107139,0
85.326934,28.107141,0
85.326935,28.107144,0
85.326939,28.107148,0
85.326944,28.107151,0
85.326949,28.107153,0
85.326953,28.107155,0
85.326957,28.107158,0
85.326961,28.107161,0
85.326965,28.107167,0
85.326973,28.107171,0
85.32698,28.107173,0
85.326988,28.107176,0
85.326995,28.107176,0
85.327002,28.107176,0
85.327007,28.107178,0
85.327011,28.107179,0
85.327015,28.10718,0
85.327019,28.107181,0
85.327024,28.107183,0
85.327028,28.107187,0
85.327031,28.107191,0
85.327034,28.107194,0
85.327037,28.107198,0
85.327039,28.1072,0
85.327043,28.107202,0
85.327047,28.107204,0
85.327051,28.107206,0
85.327062,28.107214,0
85.327063,28.107215,0
85.327064,28.107217,0
85.327066,28.107219,0
85.327075,28.107227,0
85.327076,28.107227,0
85.327079,28.107226,0
85.327083,28.107224,0
85.327087,28.107219,0
85.32709,28.107215,0
85.327093,28.10721,0
85.327094,28.107205,0
85.327094,28.107201,0
85.327094,28.107196,0
85.327093,28.107191,0
85.327102,28.107176,0
85.327102,28.107173,0
85.327103,28.10717,0
85.327103,28.107167,0
85.327104,28.107163,0
85.327108,28.107154,0
85.327112,28.107152,0
85.327116,28.107151,0
85.327126,28.10715,0
85.327138,28.107148,0
85.327151,28.107145,0
85.327164,28.107142,0
85.327178,28.107138,0
85.327193,28.107135,0
85.32721,28.107132,0
85.327227,28.10713,0
85.327239,28.10713,0
85.327272,28.107136,0
85.327273,28.107136,0
85.327276,28.107138,0
85.32728,28.107141,0
85.327283,28.107144,0
85.327287,28.107148,0
85.32729,28.107151,0
85.327296,28.107153,0
85.327305,28.107157,0
85.327317,28.107161,0
85.327328,28.107163,0
85.327337,28.107166,0
85.327344,28.107168,0
85.327351,28.107168,0
85.327359,28.107167,0
85.327365,28.107165,0
85.32737,28.107164,0
85.327375,28.107164,0
85.327381,28.107165,0
85.327387,28.107164,0
85.327389,28.107161,0
85.32739,28.107158,0
85.32739,28.107155,0
85.327391,28.107153,0
85.327393,28.107151,0
85.327395,28.107149,0
85.327395,28.107146,0
85.327395,28.107142,0
85.327395,28.107138,0
85.327398,28.107132,0
85.327401,28.107126,0
85.327402,28.107121,0
85.327402,28.107115,0
85.327402,28.107109,0
85.327401,28.107103,0
85.327402,28.107099,0
85.327405,28.107084,0
85.327406,28.107084,0
85.327408,28.107083,0
85.327409,28.107081,0
85.32741,28.10708,0
85.327412,28.107078,0
85.327413,28.107076,0
85.327417,28.107074,0
85.327422,28.107073,0
85.32744,28.107063,0
85.327443,28.107062,0
85.32745,28.10706,0
85.327461,28.107057,0
85.327474,28.107052,0
85.327486,28.107047,0
85.327498,28.107042,0
85.327508,28.107038,0
85.327519,28.107035,0
85.327529,28.107032,0
85.327537,28.10703,0
85.327545,28.107028,0
85.327552,28.107026,0
85.327556,28.107024,0
85.327558,28.107021,0
85.327568,28.107013,0
85.32757,28.107011,0
85.327574,28.10701,0
85.32758,28.107008,0
85.327586,28.107006,0
85.327593,28.107004,0
85.327599,28.107001,0
85.327605,28.106999,0
85.327609,28.106995,0
85.327612,28.10699,0
85.327616,28.106986,0
85.327619,28.106983,0
85.327623,28.106982,0
85.327628,28.106981,0
85.327633,28.106981,0
85.32764,28.10698,0
85.327646,28.106978,0
85.327651,28.106976,0
85.327656,28.106973,0
85.327663,28.106972,0
85.32767,28.106972,0
85.327678,28.106971,0
85.327685,28.106969,0
85.327691,28.106967,0
85.327695,28.106965,0
85.327698,28.106962,0
85.327702,28.106959,0
85.327706,28.106956,0
85.327711,28.106952,0
85.327716,28.106948,0
85.327721,28.106944,0
85.327725,28.106941,0
85.32773,28.10694,0
85.327742,28.10694,0
85.327742,28.106939,0
85.327744,28.106939,0
85.327753,28.10694,0
85.327754,28.106939,0
85.327756,28.106939,0
85.327759,28.10694,0
85.327762,28.10694,0
85.327765,28.106941,0
85.327769,28.10694,0
85.327774,28.10694,0
85.327778,28.10694,0
85.327783,28.10694,0
85.327788,28.106939,0
85.327792,28.106936,0
85.327796,28.106934,0
85.327799,28.106931,0
85.3278,28.106927,0
85.327801,28.106924,0
85.327801,28.106919,0
85.327798,28.106914,0
85.327797,28.106909,0
85.327795,28.106905,0
85.327793,28.106893,0
85.327795,28.10689,0
85.327797,28.106891,0
85.327798,28.106893,0
85.327808,28.106901,0
85.327809,28.1069,0
85.327812,28.106899,0
85.327815,28.106899,0
85.327817,28.1069,0
85.327819,28.106901,0
85.327821,28.106902,0
85.327824,28.106902,0
85.327835,28.106901,0
85.327836,28.106901,0
85.327838,28.1069,0
85.327841,28.106898,0
85.327844,28.106894,0
85.327846,28.106891,0
85.327848,28.106888,0
85.327851,28.106887,0
85.327854,28.106887,0
85.327858,28.106887,0
85.327863,28.106887,0
85.327867,28.106886,0
85.32787,28.106885,0
85.327873,28.106883,0
85.327877,28.10688,0
85.32788,28.106877,0
85.327882,28.106874,0
85.327883,28.106872,0
85.327883,28.106869,0
85.327882,28.10686,0
85.327881,28.106861,0
85.32788,28.106863,0
85.327879,28.106865,0
85.327878,28.106868,0
85.327876,28.106871,0
85.327874,28.106874,0
85.327874,28.106879,0
85.327876,28.106885,0
85.327877,28.106891,0
85.327878,28.106897,0
85.327877,28.1069,0
85.327877,28.106904,0
85.327878,28.106905,0
85.327879,28.106906,0
85.327881,28.106906,0
85.327887,28.106907,0
85.327892,28.106906,0
85.327899,28.106905,0
85.327907,28.106906,0
85.327913,28.106906,0
85.327919,28.106907,0
85.327924,28.106907,0
85.327929,28.106907,0
85.327932,28.106908,0
85.327934,28.10691,0
85.327937,28.106911,0
85.327939,28.106913,0
85.327941,28.106915,0
85.327943,28.106916,0
85.327944,28.106918,0
85.327947,28.10692,0
85.327947,28.106921,0
85.327943,28.106928,0
85.327942,28.106929,0
85.327938,28.106931,0
85.327935,28.106933,0
85.327933,28.106935,0
85.32793,28.106943,0
85.327931,28.106944,0
85.327933,28.106946,0
85.327937,28.106958,0
85.327936,28.106959,0
85.327935,28.10696,0
85.32793,28.106962,0
85.327926,28.106964,0
85.327923,28.106966,0
85.327921,28.106968,0
85.327918,28.106973,0
85.327915,28.106978,0
85.327913,28.106984,0
85.327914,28.106995,0
85.32791,28.106991,0
85.327922,28.10699,0
85.327924,28.106989,0
85.32793,28.106987,0
85.327936,28.106983,0
85.327943,28.10698,0
85.32795,28.106977,0
85.327956,28.106975,0
85.327961,28.106974,0
85.327966,28.106974,0
85.327972,28.106976,0
85.327976,28.106978,0
85.327978,28.106981,0
85.327978,28.106984,0
85.327978,28.106988,0
85.327979,28.106992,0
85.327981,28.106995,0
85.327984,28.107003,0
85.327982,28.107003,0
85.327981,28.107005,0
85.32798,28.107009,0
85.327978,28.107014,0
85.327982,28.107028,0
85.327982,28.107029,0
85.327992,28.107032,0
85.327999,28.107038,0
85.327999,28.107039,0
85.327999,28.10704,0
85.327998,28.107044,0
85.327997,28.107048,0
85.327995,28.107052,0
85.327994,28.107057,0
85.327992,28.107087,0
85.327992,28.107093,0
85.327992,28.1071,0
85.327992,28.107105,0
85.327992,28.107106,0
85.327992,28.107107,0
85.327992,28.10711,0
85.327992,28.107114,0
85.327992,28.107118,0
85.327992,28.107123,0
85.328002,28.107137,0
85.328007,28.10714,0
85.328007,28.107145,0
85.328007,28.107146,0
85.328007,28.107148,0
85.328007,28.107151,0
85.328007,28.10716,0
85.328007,28.107177,0
85.328007,28.107178,0
85.328007,28.10718,0
85.328007,28.107183,0
85.328007,28.107186,0
85.328015,28.107202,0
85.328018,28.1072,0
85.328025,28.107199,0
85.328034,28.107198,0
85.328045,28.107195,0
85.328058,28.107193,0
85.328072,28.107192,0
85.328084,28.107191,0
85.328098,28.107192,0
85.328111,28.107197,0
85.328121,28.107201,0
85.32814,28.107215,0
85.328139,28.107216,0
85.328142,28.107225,0
85.328143,28.107225,0
85.328146,28.107226,0
85.32815,28.107225,0
85.328156,28.107223,0
85.328161,28.107221,0
85.328166,28.107218,0
85.32817,28.107216,0
85.328172,28.107212,0
85.328174,28.107207,0
85.328176,28.107202,0
85.328178,28.107195,0
85.328181,28.107188,0
85.328183,28.10718,0
85.328186,28.107174,0
85.32819,28.107168,0
85.328194,28.107163,0
85.328198,28.10716,0
85.328204,28.107162,0
85.328211,28.107166,0
85.328219,28.107169,0
85.328225,28.10717,0
85.32823,28.107168,0
85.328235,28.107166,0
85.328241,28.107165,0
85.328247,28.107164,0
85.328253,28.107163,0
85.328259,28.107164,0
85.328265,28.107164,0
85.32827,28.107164,0
85.328275,28.107163,0
85.328281,28.10716,0
85.328287,28.107157,0
85.328291,28.107151,0
85.328295,28.107145,0
85.328299,28.107138,0
85.328302,28.107132,0
85.328307,28.107126,0
85.328312,28.107122,0
85.328319,28.107118,0
85.328328,28.107115,0
85.328336,28.107113,0
85.328343,28.107111,0
85.328351,28.10711,0
85.328359,28.10711,0
85.328368,28.107111,0
85.328375,28.107112,0
85.328382,28.107112,0
85.328389,28.107111,0
85.328396,28.107107,0
85.328402,28.107104,0
85.328406,28.1071,0
85.328411,28.107098,0
85.328416,28.107095,0
85.328421,28.107093,0
85.328427,28.10709,0
85.328434,28.107089,0
85.32844,28.107089,0
85.328448,28.107087,0
85.328456,28.107084,0
85.328463,28.107081,0
85.328471,28.107077,0
85.328476,28.107072,0
85.328483,28.107068,0
85.328489,28.107064,0
85.328494,28.10706,0
85.328512,28.107054,0
85.328513,28.107053,0
85.328515,28.107052,0
85.328518,28.107049,0
85.32852,28.107046,0
85.328524,28.107044,0
85.32853,28.107044,0
85.328536,28.107042,0
85.328544,28.107044,0
85.32855,28.107045,0
85.328556,28.107044,0
85.32856,28.107041,0
85.328565,28.107038,0
85.328569,28.107036,0
85.328572,28.107032,0
85.328577,28.107029,0
85.328581,28.107025,0
85.328583,28.107019,0
85.328584,28.107014,0
85.328575,28.106997,0
85.328575,28.106996,0
85.328577,28.106999,0
85.32858,28.107004,0
85.328584,28.107007,0
85.328584,28.107008,0
85.328592,28.107015,0
85.328595,28.107014,0
85.328603,28.10701,0
85.328613,28.107004,0
85.328624,28.106997,0
85.328634,28.10699,0
85.328645,28.106983,0
85.328657,28.106977,0
85.328671,28.106972,0
85.328682,28.106965,0
85.328692,28.106959,0
85.328701,28.106953,0
85.32871,28.106948,0
85.328718,28.106943,0
85.328727,28.10694,0
85.328735,28.106936,0
85.328743,28.106932,0
85.328751,28.106928,0
85.32876,28.106925,0
85.328767,28.106922,0
85.328774,28.106922,0
85.328781,28.106924,0
85.328788,28.106924,0
85.328796,28.106922,0
85.328805,28.10692,0
85.328815,28.106918,0
85.328823,28.106916,0
85.328831,28.106915,0
85.32884,28.106914,0
85.328847,28.106914,0
85.328855,28.106914,0
85.328862,28.106914,0
85.32887,28.106913,0
85.328876,28.106912,0
85.328882,28.106911,0
85.32889,28.106912,0
85.328896,28.106913,0
85.328903,28.106913,0
85.328908,28.106914,0
85.328912,28.106916,0
85.328914,28.106919,0
85.328915,28.106925,0
85.328916,28.106932,0
85.328916,28.106939,0
85.328918,28.106946,0
85.32892,28.106953,0
85.328925,28.106958,0
85.32893,28.106964,0
85.328935,28.106969,0
85.328939,28.106973,0
85.328946,28.106977,0
85.328952,28.106981,0
85.328959,28.106983,0
85.328967,28.106984,0
85.328974,28.106982,0
85.328982,28.10698,0
85.328991,28.106978,0
85.329001,28.106977,0
85.32901,28.106976,0
85.32902,28.106975,0
85.329029,28.106974,0
85.329039,28.106973,0
85.32905,28.106972,0
85.32906,28.10697,0
85.32907,28.106968,0
85.329078,28.106966,0
85.329087,28.106964,0
85.329095,28.106961,0
85.329103,28.106958,0
85.32911,28.106956,0
85.329118,28.106953,0
85.329126,28.106951,0
85.329134,28.106951,0
85.329142,28.106951,0
85.32915,28.106953,0
85.329158,28.106955,0
85.329167,28.106957,0
85.329174,28.106959,0
85.329181,28.106961,0
85.329186,28.106964,0
85.32919,28.106969,0
85.329193,28.106974,0
85.329197,28.106979,0
85.329201,28.106982,0
85.329204,28.106984,0
85.329208,28.106986,0
85.329213,28.106989,0
85.329216,28.106993,0
85.329219,28.106998,0
85.329224,28.107003,0
85.329229,28.107007,0
85.329234,28.107012,0
85.32924,28.107016,0
85.329245,28.107019,0
85.32925,28.107021,0
85.329256,28.107024,0
85.329261,28.107026,0
85.329266,28.107028,0
85.32927,28.107029,0
85.329275,28.10703,0
85.32928,28.107031,0
85.329284,28.107032,0
85.329288,28.107033,0
85.329293,28.107035,0
85.329298,28.107037,0
85.329303,28.107036,0
85.329309,28.107035,0
85.329314,28.107035,0
85.329319,28.107035,0
85.329323,28.107036,0
85.329326,28.107038,0
85.329331,28.107042,0
85.329336,28.107045,0
85.329343,28.107047,0
85.32935,28.10705,0
85.329356,28.107051,0
85.329363,28.107053,0
85.329371,28.107057,0
85.329378,28.107059,0
85.329387,28.107062,0
85.329397,28.107064,0
85.329408,28.107067,0
85.329417,28.107071,0
85.329427,28.107075,0
85.329435,28.10708,0
85.32944,28.107085,0
85.329448,28.10709,0
85.329457,28.107097,0
85.329466,28.107105,0
85.329475,28.107113,0
85.329481,28.107122,0
85.329488,28.10713,0
85.329494,28.107137,0
85.329501,28.107145,0
85.329508,28.107154,0
85.329516,28.107163,0
85.329524,28.107171,0
85.329532,28.107179,0
85.329541,28.107185,0
85.32955,28.10719,0
85.329558,28.107196,0
85.329567,28.107201,0
85.329575,28.107205,0
85.329584,28.107207,0
85.329591,28.107209,0
85.329599,28.107212,0
85.329607,28.107215,0
85.329615,28.107217,0
85.329623,28.107218,0
85.329631,28.107218,0
85.329639,28.107218,0
85.329646,28.10722,0
85.329653,28.107222,0
85.329661,28.107224,0
85.32967,28.107225,0
85.329681,28.107226,0
85.329691,28.107226,0
85.329698,28.107227,0
85.329703,28.107229,0
85.329715,28.107237,0
85.329715,28.107238,0
85.329713,28.107243,0
85.329712,28.107249,0
85.329712,28.107258,0
85.329711,28.107265,0
85.329709,28.107272,0
85.329706,28.107278,0
85.329701,28.107284,0
85.329698,28.107291,0
85.3297,28.107301,0
85.329702,28.107312,0
85.329709,28.107321,0
85.329715,28.10733,0
85.32972,28.107337,0
85.329725,28.107341,0
85.329731,28.107347,0
85.329745,28.107354,0
85.329746,28.107353,0
85.329747,28.10735,0
85.329749,28.107344,0
85.32975,28.107338,0
85.329754,28.107333,0
85.329756,28.10733,0
85.329759,28.107327,0
85.329761,28.107324,0
85.329764,28.107322,0
85.329767,28.10732,0
85.32977,28.107318,0
85.329774,28.107315,0
85.329778,28.107313,0
85.329782,28.107312,0
85.329785,28.107312,0
85.329787,28.107313,0
85.329792,28.107323,0
85.329792,28.107324,0
85.329791,28.107326,0
85.329791,28.10733,0
85.329792,28.107333,0
85.329793,28.107335,0
85.329796,28.107339,0
85.329798,28.107341,0
85.3298,28.107344,0
85.329804,28.107346,0
85.329808,28.107348,0
85.329813,28.107348,0
85.329817,28.107347,0
85.329822,28.107345,0
85.329827,28.107343,0
85.329833,28.107339,0
85.32984,28.107336,0
85.329845,28.107333,0
85.32985,28.107329,0
85.329864,28.107324,0
85.329864,28.107325,0
85.329866,28.107328,0
85.329868,28.107331,0
85.32987,28.107333,0
85.329873,28.107335,0
85.329884,28.107341,0
85.329902,28.107343,0
85.329903,28.107343,0
85.329906,28.107343,0
85.329915,28.107346,0
85.329925,28.107348,0
85.329936,28.107351,0
85.329948,28.107354,0
85.329961,28.107358,0
85.329972,28.10736,0
85.329985,28.107362,0
85.329998,28.107363,0
85.33001,28.107366,0
85.330019,28.107369,0
85.330028,28.107371,0
85.330035,28.107373,0
85.330041,28.107375,0
85.330046,28.107377,0
85.33005,28.10738,0
85.330054,28.107384,0
85.330057,28.107387,0
85.330065,28.107398,0
85.330072,28.107399,0
85.330073,28.107399,0
85.330075,28.107399,0
85.330079,28.1074,0
85.330084,28.1074,0
85.330089,28.107399,0
85.330094,28.107398,0
85.330099,28.107397,0
85.330105,28.107395,0
85.330109,28.107394,0
85.330113,28.107394,0
85.330117,28.107395,0
85.330119,28.107396,0
85.330119,28.107399,0
85.330117,28.107403,0
85.330115,28.107406,0
85.330113,28.107409,0
85.330111,28.107412,0
85.33011,28.107417,0
85.330109,28.107422,0
85.330107,28.107427,0
85.330105,28.107432,0
85.330105,28.107438,0
85.330105,28.107444,0
85.330105,28.10745,0
85.330107,28.107456,0
85.33011,28.10746,0
85.330113,28.107464,0
85.330115,28.107468,0
85.330119,28.107473,0
85.330125,28.107478,0
85.330131,28.107481,0
85.330135,28.107484,0
85.330139,28.107488,0
85.330143,28.107494,0
85.330148,28.1075,0
85.330153,28.107506,0
85.330158,28.10751,0
85.330163,28.107513,0
85.330166,28.107516,0
85.330169,28.10752,0
85.330172,28.107524,0
85.330174,28.107527,0
85.330179,28.107538,0
85.330181,28.107539,0
85.330185,28.107541,0
85.33019,28.107542,0
85.330196,28.107543,0
85.3302,28.107544,0
85.330204,28.107546,0
85.330209,28.107548,0
85.330215,28.10755,0
85.330219,28.107552,0
85.330222,28.107555,0
85.330237,28.107559,0
85.330238,28.10756,0
85.33024,28.107562,0
85.330243,28.107564,0
85.330248,28.107567,0
85.330253,28.10757,0
85.330258,28.107573,0
85.330262,28.107576,0
85.330266,28.107579,0
85.33027,28.107583,0
85.330274,28.107587,0
85.330277,28.107591,0
85.33028,28.107595,0
85.330284,28.1076,0
85.330288,28.107605,0
85.330292,28.10761,0
85.330297,28.107613,0
85.330299,28.107615,0
85.330304,28.107624,0
85.330304,28.107626,0
85.330306,28.107631,0
85.33031,28.107636,0
85.330316,28.107643,0
85.330323,28.10765,0
85.330331,28.107657,0
85.330337,28.107664,0
85.330343,28.107671,0
85.330348,28.107679,0
85.330353,28.107687,0
85.330357,28.107692,0
85.330363,28.107698,0
85.330367,28.107705,0
85.330371,28.107711,0
85.330375,28.107719,0
85.330379,28.107725,0
85.330382,28.107743,0
85.330381,28.107743,0
85.330379,28.107744,0
85.330374,28.107743,0
85.330374,28.107742,0
85.330374,28.10774,0
85.330377,28.107736,0
85.33038,28.107738,0
85.330387,28.107743,0
85.330396,28.10775,0
85.330404,28.107758,0
85.330412,28.107767,0
85.330421,28.107777,0
85.330435,28.107786,0
85.330452,28.107796,0
85.330467,28.107805,0
85.330481,28.107813,0
85.330493,28.10782,0
85.330503,28.107826,0
85.330511,28.107831,0
85.33052,28.107836,0
85.330528,28.107843,0
85.330538,28.107849,0
85.330547,28.107854,0
85.330557,28.107858,0
85.330567,28.107861,0
85.330575,28.107865,0
85.330583,28.10787,0
85.33059,28.107877,0
85.330596,28.107882,0
85.330603,28.107886,0
85.330609,28.10789,0
85.330613,28.107893,0
85.330618,28.107897,0
85.330624,28.107905,0
85.330629,28.107912,0
85.330634,28.107917,0
85.33064,28.107924,0
85.330646,28.107931,0
85.330656,28.10794,0
85.330665,28.107946,0
85.330675,28.107951,0
85.330683,28.107954,0
85.330694,28.107961,0
85.330703,28.107969,0
85.330713,28.107978,0
85.330722,28.107985,0
85.330731,28.107991,0
85.330741,28.107995,0
85.330748,28.107997,0
85.330756,28.107998,0
85.330762,28.107999,0
85.330767,28.108,0
85.330773,28.108003,0
85.330779,28.108006,0
85.330785,28.108009,0
85.330793,28.108012,0
85.330802,28.108017,0
85.33081,28.108019,0
85.330817,28.10802,0
85.330824,28.108021,0
85.33083,28.108022,0
85.330834,28.108025,0
85.330838,28.108028,0
85.330846,28.108031,0
85.330849,28.108031,0
85.33085,28.108029,0
85.330853,28.108025,0
85.330856,28.108021,0
85.33086,28.108019,0
85.330867,28.10802,0
85.330875,28.108023,0
85.330883,28.108027,0
85.330892,28.108029,0
85.330902,28.108031,0
85.330912,28.108032,0
85.330921,28.108033,0
85.330929,28.108032,0
85.330938,28.10803,0
85.330948,28.108029,0
85.33096,28.108029,0
85.330972,28.10803,0
85.330982,28.108031,0
85.330992,28.108032,0
85.331002,28.108033,0
85.331011,28.108034,0
85.331018,28.108032,0
85.331024,28.108031,0
85.331028,28.108027,0
85.33103,28.108024,0
85.331034,28.108021,0
85.331036,28.108018,0
85.33104,28.108016,0
85.331044,28.108015,0
85.331047,28.108013,0
85.331057,28.108013,0
85.331058,28.108013,0
85.331061,28.108011,0
85.331066,28.108004,0
85.33107,28.108,0
85.331073,28.107995,0
85.331077,28.107989,0
85.331079,28.107983,0
85.33108,28.107976,0
85.33108,28.107967,0
85.33108,28.107958,0
85.331081,28.107949,0
85.331083,28.107942,0
85.331085,28.107935,0
85.331087,28.107929,0
85.331088,28.107924,0
85.33109,28.10792,0
85.331092,28.107917,0
85.331095,28.107914,0
85.331104,28.107905,0
85.331105,28.107903,0
85.331107,28.107898,0
85.331108,28.107893,0
85.331108,28.107888,0
85.331108,28.107884,0
85.331109,28.10788,0
85.331108,28.107875,0
85.331107,28.107861,0
85.331107,28.107859,0
85.331106,28.107855,0
85.331105,28.10785,0
85.331104,28.107846,0
85.331102,28.107843,0
85.331101,28.107838,0
85.331101,28.107831,0
85.3311,28.107831,0
85.331098,28.10783,0
85.331096,28.107829,0
85.331094,28.107827,0
85.331092,28.107824,0
85.331086,28.10781,0
85.331086,28.107808,0
85.331086,28.107804,0
85.331087,28.1078,0
85.331087,28.107795,0
85.331089,28.107783,0
85.331089,28.107782,0
85.33109,28.107778,0
85.331093,28.107773,0
85.331097,28.107769,0
85.3311,28.107764,0
85.331103,28.107761,0
85.331107,28.107758,0
85.331111,28.107755,0
85.331119,28.107746,0
85.331121,28.107744,0
85.331123,28.107742,0
85.331125,28.10774,0
85.331128,28.107738,0
85.331132,28.107737,0
85.331134,28.107735,0
85.331138,28.107734,0
85.33114,28.10773,0
85.331142,28.107724,0
85.331144,28.107718,0
85.331146,28.107711,0
85.331148,28.107703,0
85.331147,28.107695,0
85.331148,28.107685,0
85.331152,28.107655,0
85.331153,28.107654,0
85.331153,28.107653,0
85.331155,28.107649,0
85.331156,28.107645,0
85.331158,28.107641,0
85.33116,28.107636,0
85.331163,28.107631,0
85.331166,28.107626,0
85.331169,28.107621,0
85.331172,28.107616,0
85.331175,28.107611,0
85.331178,28.107605,0
85.331181,28.1076,0
85.331184,28.107594,0
85.331188,28.10759,0
85.331193,28.107587,0
85.331198,28.107583,0
85.331203,28.107577,0
85.331207,28.107572,0
85.33121,28.107565,0
85.331214,28.107552,0
85.331213,28.107552,0
85.331214,28.107553,0
85.331216,28.107545,0
85.331219,28.10754,0
85.331221,28.107542,0
85.331227,28.107547,0
85.331236,28.107553,0
85.331245,28.10756,0
85.331256,28.107566,0
85.331267,28.107573,0
85.331277,28.107579,0
85.331287,28.107587,0
85.331295,28.107595,0
85.331302,28.107601,0
85.331306,28.107608,0
85.33131,28.107614,0
85.331313,28.107621,0
85.331315,28.107627,0
85.33132,28.107634,0
85.331325,28.10764,0
85.331331,28.107645,0
85.331338,28.107649,0
85.331345,28.107652,0
85.331351,28.107655,0
85.331359,28.107659,0
85.331367,28.107663,0
85.331376,28.107667,0
85.331383,28.107671,0
85.33139,28.107675,0
85.331396,28.107678,0
85.331402,28.107681,0
85.331408,28.107683,0
85.331415,28.107684,0
85.331421,28.107685,0
85.331426,28.107687,0
85.331432,28.107687,0
85.331436,28.107689,0
85.331442,28.107688,0
85.331448,28.107686,0
85.331453,28.107684,0
85.331456,28.10768,0
85.33146,28.107676,0
85.331465,28.107671,0
85.331469,28.107667,0
85.331472,28.107662,0
85.331475,28.107659,0
85.331478,28.107656,0
85.331481,28.107653,0
85.331486,28.107651,0
85.331491,28.10765,0
85.331497,28.107649,0
85.331502,28.107647,0
85.331508,28.107647,0
85.331514,28.107647,0
85.331519,28.107649,0
85.331524,28.107653,0
85.331529,28.107657,0
85.331533,28.107663,0
85.331538,28.107669,0
85.331543,28.107673,0
85.331546,28.107678,0
85.331549,28.107682,0
85.331551,28.107685,0
85.331552,28.107689,0
85.331553,28.107692,0
85.331554,28.107697,0
85.331554,28.107701,0
85.331555,28.107705,0
85.331556,28.107708,0
85.331558,28.107711,0
85.33156,28.107713,0
85.331562,28.107716,0
85.331565,28.107718,0
85.331567,28.107722,0
85.331568,28.107727,0
85.33157,28.107733,0
85.33157,28.107739,0
85.331572,28.107746,0
85.331573,28.107752,0
85.331575,28.107757,0
85.331577,28.107762,0
85.331579,28.107766,0
85.331581,28.107769,0
85.331584,28.107771,0
85.331586,28.107775,0
85.331588,28.107779,0
85.33159,28.107784,0
85.331593,28.107789,0
85.331595,28.107794,0
85.331599,28.107801,0
85.331604,28.107808,0
85.33161,28.107814,0
85.331617,28.10782,0
85.331622,28.107824,0
85.331628,28.107828,0
85.331633,28.107831,0
85.331637,28.107835,0
85.331642,28.107838,0
85.331646,28.107841,0
85.331649,28.107843,0
85.331652,28.107845,0
85.331655,28.107847,0
85.331658,28.107848,0
85.331662,28.107849,0
85.331666,28.10785,0
85.331671,28.107851,0
85.331676,28.10785,0
85.331682,28.10785,0
85.331689,28.107851,0
85.331696,28.107852,0
85.331704,28.107852,0
85.331713,28.107853,0
85.33172,28.107853,0
85.331726,28.107853,0
85.331732,28.107853,0
85.331751,28.107852,0
85.331753,28.107852,0
85.331756,28.107852,0
85.331762,28.107852,0
85.331768,28.107852,0
85.331774,28.107851,0
85.33178,28.10785,0
85.331787,28.107845,0
85.33168,28.108183,0
85.331698,28.108187,0
85.331727,28.108188,0
85.331751,28.108184,0
85.331764,28.108178,0
85.33177,28.108169,0
85.331777,28.10816,0
85.331782,28.108152,0
85.331788,28.108143,0
85.331794,28.108135,0
85.331802,28.108131,0
85.331811,28.108128,0
85.331824,28.108126,0
85.331838,28.108124,0
85.33185,28.108124,0
85.33186,28.108125,0
85.331868,28.108126,0
85.33188,28.108129,0
85.331895,28.108129,0
85.33191,28.108128,0
85.331922,28.108131,0
85.331934,28.108137,0
85.331945,28.108143,0
85.331955,28.108152,0
85.331961,28.10816,0
85.331966,28.108167,0
85.331973,28.108183,0
85.331974,28.108185,0
85.331977,28.108187,0
85.331981,28.10819,0
85.331986,28.108193,0
85.331994,28.108195,0
85.332002,28.108194,0
85.332013,28.108203,0
85.332013,28.108205,0
85.332012,28.108208,0
85.332014,28.108207,0
85.332017,28.108206,0
85.33202,28.108209,0
85.332023,28.108215,0
85.332024,28.108222,0
85.332027,28.108223,0
85.33203,28.108225,0
85.332032,28.10823,0
85.332033,28.108236,0
85.332033,28.108244,0
85.332034,28.108249,0
85.332035,28.108256,0
85.332037,28.108272,0
85.332037,28.108274,0
85.332039,28.108277,0
85.332043,28.108281,0
85.332046,28.108285,0
85.332047,28.10829,0
85.332049,28.108295,0
85.332051,28.108301,0
85.332053,28.108306,0
85.332056,28.108309,0
85.332061,28.10831,0
85.332066,28.10831,0
85.332071,28.108309,0
85.332078,28.108309,0
85.332085,28.108308,0
85.332093,28.108306,0
85.332101,28.108304,0
85.332108,28.108303,0
85.332114,28.108303,0
85.332119,28.108303,0
85.332124,28.108306,0
85.332127,28.10831,0
85.332129,28.108315,0
85.332131,28.108318,0
85.332133,28.108321,0
85.332135,28.108324,0
85.332139,28.108328,0
85.332144,28.108332,0
85.332149,28.108337,0
85.332153,28.108343,0
85.332156,28.108349,0
85.332158,28.108355,0
85.33216,28.108361,0
85.332163,28.108366,0
85.332167,28.108371,0
85.332172,28.108375,0
85.332176,28.108379,0
85.332178,28.108382,0
85.332179,28.108386,0
85.33218,28.108389,0
85.332182,28.108393,0
85.332185,28.108396,0
85.332198,28.108403,0
85.332198,28.108408,0
85.332199,28.108409,0
85.332199,28.108411,0
85.332203,28.108418,0
85.332202,28.108417,0
85.332201,28.108416,0
85.332201,28.108414,0
85.332202,28.108412,0
85.332202,28.108414,0
85.332203,28.10842,0
85.332204,28.108421,0
85.332204,28.108422,0
85.332205,28.108425,0
85.332205,28.108427,0
85.332208,28.108437,0
85.332209,28.108437,0
85.332209,28.108439,0
85.33221,28.108441,0
85.332215,28.108452,0
85.332218,28.108455,0
85.332223,28.108455,0
85.332224,28.108456,0
85.332229,28.10846,0
85.332237,28.108466,0
85.332247,28.108475,0
85.332258,28.108484,0
85.332268,28.108494,0
85.332277,28.108504,0
85.332284,28.108515,0
85.33229,28.108525,0
85.332293,28.108535,0
85.332293,28.108543,0
85.332292,28.10855,0
85.332291,28.108556,0
85.33229,28.10856,0
85.332288,28.108563,0
85.332285,28.108566,0
85.332281,28.108568,0
85.332276,28.10857,0
85.332273,28.108573,0
85.332272,28.108576,0
85.332272,28.108579,0
85.332273,28.108583,0
85.332273,28.108588,0
85.332273,28.108593,0
85.332273,28.108598,0
85.332273,28.108613,0
85.332272,28.108615,0
85.33227,28.108618,0
85.332267,28.108621,0
85.332264,28.108625,0
85.332261,28.108628,0
85.33226,28.108631,0
85.33226,28.108635,0
85.332261,28.108636,0
85.332263,28.108648,0
85.332264,28.108649,0
85.332265,28.108651,0
85.332267,28.108654,0
85.332271,28.108657,0
85.332275,28.108658,0
85.332282,28.108659,0
85.332289,28.108659,0
85.332295,28.108659,0
85.332312,28.108665,0
85.332312,28.108666,0
85.332313,28.108668,0
85.332314,28.108671,0
85.332316,28.108674,0
85.33232,28.108679,0
85.332323,28.108683,0
85.332327,28.108688,0
85.33233,28.108689,0
85.332331,28.108691,0
85.33233,28.108692,0
85.332327,28.108693,0
85.332325,28.108696,0
85.332321,28.108699,0
85.332307,28.108708,0
85.332305,28.108709,0
85.332302,28.108711,0
85.332294,28.108723,0
85.332294,28.108724,0
85.332295,28.108732,0
85.332299,28.108735,0
85.332301,28.108736,0
85.332312,28.108742,0
85.332314,28.108742,0
85.332319,28.108742,0
85.332326,28.108745,0
85.332334,28.108747,0
85.332343,28.108751,0
85.332352,28.108754,0
85.332362,28.108758,0
85.332371,28.108762,0
85.33238,28.108766,0
85.332385,28.108769,0
85.332387,28.108772,0
85.332387,28.108774,0
85.332385,28.108775,0
85.332384,28.108776,0
85.332384,28.108778,0
85.332385,28.10878,0
85.332387,28.108781,0
85.332391,28.108781,0
85.332394,28.10878,0
85.3324,28.108783,0
85.332405,28.108786,0
85.332411,28.108788,0
85.332417,28.10879,0
85.332422,28.108793,0
85.332425,28.108798,0
85.332428,28.108802,0
85.33243,28.108806,0
85.332433,28.10881,0
85.332436,28.108813,0
85.332447,28.108818,0
85.332448,28.108818,0
85.33245,28.108818,0
85.332452,28.108817,0
85.332455,28.108815,0
85.332458,28.108813,0
85.332459,28.108811,0
85.332464,28.108817,0
85.332462,28.108819,0
85.33246,28.108822,0
85.332457,28.108828,0
85.332454,28.108836,0
85.332453,28.108845,0
85.332451,28.108854,0
85.332449,28.108863,0
85.332447,28.10887,0
85.332445,28.108879,0
85.332445,28.108885,0
85.332446,28.108889,0
85.332445,28.108898,0
85.332447,28.1089,0
85.332448,28.108899,0
85.332448,28.108898,0
85.332447,28.108895,0
85.332445,28.108898,0
85.332443,28.108903,0
85.332441,28.108904,0
85.332441,28.108903,0
85.332444,28.108902,0
85.332447,28.108902,0
85.332452,28.108903,0
85.332456,28.108905,0
85.332461,28.108908,0
85.332466,28.108912,0
85.332471,28.108917,0
85.332476,28.108923,0
85.332482,28.108928,0
85.332487,28.108934,0
85.332492,28.108939,0
85.332496,28.108943,0
85.332501,28.108947,0
85.332505,28.10895,0
85.332508,28.108955,0
85.332512,28.108958,0
85.332518,28.108961,0
85.332523,28.108964,0
85.332529,28.108967,0
85.332536,28.108971,0
85.332542,28.108974,0
85.332549,28.108978,0
85.332557,28.108981,0
85.332564,28.108984,0
85.332572,28.108987,0
85.332581,28.10899,0
85.332589,28.108994,0
85.332596,28.108996,0
85.332603,28.108998,0
85.332609,28.109002,0
85.332614,28.109007,0
85.332619,28.109011,0
85.332624,28.109016,0
85.332629,28.10902,0
85.332635,28.109024,0
85.332641,28.109029,0
85.332647,28.109034,0
85.332651,28.109038,0
85.332655,28.109043,0
85.332658,28.109047,0
85.332662,28.109051,0
85.332669,28.109051,0
85.332675,28.109053,0
85.33268,28.109054,0
85.332689,28.109062,0
85.332688,28.109063,0
85.332686,28.109067,0
85.332685,28.109071,0
85.332686,28.109076,0
85.332687,28.109079,0
85.332688,28.109083,0
85.33269,28.109085,0
85.3327,28.109094,0
85.332699,28.109092,0
85.332697,28.109092,0
85.332695,28.109093,0
85.332694,28.109095,0
85.332694,28.109097,0
85.332697,28.109101,0
85.3327,28.109104,0
85.332705,28.109115,0
85.332707,28.109115,0
85.332709,28.109116,0
85.332711,28.109117,0
85.332722,28.109122,0
85.332723,28.109123,0
85.332725,28.109125,0
85.332728,28.109128,0
85.332731,28.109131,0
85.332734,28.109133,0
85.332736,28.109135,0
85.33274,28.109138,0
85.332744,28.10914,0
85.332749,28.10914,0
85.332754,28.109143,0
85.332759,28.109144,0
85.332763,28.109146,0
85.332766,28.10915,0
85.33277,28.109155,0
85.332774,28.10916,0
85.33278,28.109165,0
85.332787,28.109171,0
85.332793,28.109175,0
85.3328,28.10918,0
85.332806,28.109185,0
85.332813,28.109191,0
85.332819,28.109195,0
85.332825,28.109199,0
85.332831,28.109203,0
85.332838,28.109208,0
85.332843,28.109212,0
85.332848,28.109218,0
85.332851,28.109222,0
85.332854,28.109227,0
85.332855,28.109232,0
85.332856,28.109237,0
85.332856,28.109241,0
85.332856,28.109247,0
85.332857,28.109251,0
85.332859,28.109255,0
85.332864,28.109265,0
85.332864,28.109266,0
85.332865,28.109268,0
85.332865,28.109269,0
85.332864,28.109267,0
85.332855,28.109267,0
85.332853,28.109267,0
85.332847,28.109268,0
85.332839,28.109272,0
85.33283,28.109276,0
85.332819,28.109281,0
85.332807,28.109287,0
85.332796,28.109292,0
85.332785,28.109297,0
85.332774,28.1093,0
85.332765,28.109303,0
85.332757,28.109305,0
85.332751,28.109306,0
85.332745,28.109306,0
85.332738,28.109307,0
85.332731,28.109309,0
85.332723,28.10931,0
85.332716,28.109312,0
85.332709,28.109314,0
85.332703,28.109316,0
85.332697,28.109317,0
85.332692,28.109319,0
85.332686,28.109322,0
85.332682,28.109324,0
85.332678,28.109328,0
85.332674,28.10933,0
85.332669,28.109332,0
85.332663,28.109333,0
85.332657,28.109334,0
85.332652,28.109336,0
85.332648,28.109337,0
85.332643,28.109339,0
85.332637,28.109341,0
85.332632,28.109343,0
85.332628,28.109347,0
85.332624,28.109351,0
85.332621,28.109356,0
85.332619,28.10936,0
85.332617,28.109364,0
85.332617,28.109368,0
85.332617,28.109371,0
85.332617,28.109379,0
85.332619,28.109382,0
85.332622,28.109392,0
85.332623,28.109392,0
85.332627,28.109397,0
85.332628,28.109397,0
85.332634,28.1094,0
85.332641,28.109412,0
85.332651,28.109414,0
85.332652,28.109397,0
85.332652,28.109382,0
85.332651,28.109377,0
85.332649,28.109374,0
85.332647,28.109382,0
85.332639,28.109385,0
85.332632,28.109384,0
85.332629,28.109385,0
85.332627,28.10938,0
85.332628,28.109379,0
85.332628,28.109378,0
85.332629,28.109376,0
85.332627,28.109373,0
85.332623,28.109368,0
85.332619,28.109365,0
85.332618,28.109363,0
85.332617,28.10936,0
85.332615,28.10936,0
85.332616,28.10936,0
85.332614,28.109362,0
85.332615,28.109361,0
85.332614,28.109362,0
85.332616,28.10936,0
85.332608,28.109369,0
85.332614,28.109385,0
85.332616,28.109386,0
85.33262,28.10939,0
85.332626,28.109395,0
85.332633,28.109402,0
85.33264,28.109409,0
85.332649,28.109416,0
85.332657,28.109423,0
85.332667,28.109431,0
85.332679,28.109439,0
85.33269,28.109446,0
85.3327,28.109451,0
85.332707,28.109455,0
85.332713,28.109459,0
85.332716,28.109463,0
85.332718,28.109467,0
85.33272,28.109471,0
85.332724,28.109474,0
85.332729,28.109477,0
85.332735,28.10948,0
85.332742,28.109482,0
85.332752,28.109485,0
85.332762,28.109487,0
85.332774,28.109487,0
85.332785,28.109489,0
85.332795,28.109493,0
85.332801,28.109497,0
85.332806,28.109501,0
85.33281,28.109505,0
85.332813,28.109509,0
85.332818,28.109513,0
85.332824,28.109516,0
85.33283,28.109518,0
85.332837,28.10952,0
85.332845,28.109523,0
85.332854,28.109525,0
85.332861,28.109528,0
85.332869,28.109531,0
85.332876,28.109536,0
85.332885,28.109541,0
85.332893,28.109545,0
85.332902,28.109546,0
85.332909,28.109546,0
85.332924,28.10955,0
85.332926,28.109551,0
85.33293,28.109552,0
85.332935,28.109553,0
85.33294,28.109556,0
85.332944,28.10956,0
85.332947,28.109565,0
85.332951,28.10957,0
85.332955,28.109574,0
85.332958,28.109579,0
85.332961,28.109584,0
85.332965,28.109588,0
85.332968,28.109592,0
85.332972,28.109596,0
85.332977,28.109599,0
85.332982,28.1096,0
85.332988,28.1096,0
85.332995,28.109601,0
85.333001,28.109601,0
85.333007,28.109602,0
85.333013,28.109604,0
85.333019,28.109606,0
85.333025,28.109608,0
85.333031,28.109609,0
85.333037,28.109609,0
85.333054,28.109607,0
85.333055,28.109606,0
85.333059,28.109604,0
85.333063,28.10961,0
85.333066,28.109612,0
85.333073,28.109616,0
85.333084,28.10962,0
85.333096,28.109624,0
85.333108,28.109628,0
85.33312,28.109633,0
85.333133,28.109637,0
85.333145,28.109643,0
85.333158,28.10965,0
85.33317,28.109654,0
85.33318,28.109656,0
85.333188,28.109658,0
85.333196,28.109661,0
85.333202,28.109664,0
85.333207,28.109668,0
85.333212,28.109671,0
85.333217,28.109673,0
85.33322,28.109675,0
85.333224,28.109684,0
85.333223,28.109685,0
85.333223,28.109688,0
85.333224,28.109692,0
85.333227,28.109694,0
85.333231,28.109698,0
85.333235,28.109702,0
85.333239,28.109705,0
85.333242,28.109708,0
85.333253,28.109714,0
85.333251,28.10971,0
85.333248,28.109709,0
85.333247,28.109708,0
85.333245,28.109707,0
85.333242,28.109705,0
85.333237,28.109703,0
85.333231,28.109703,0
85.333224,28.109703,0
85.333215,28.109703,0
85.333206,28.109704,0
85.333197,28.109705,0
85.333189,28.109707,0
85.333181,28.109708,0
85.333173,28.10971,0
85.333165,28.109711,0
85.333157,28.109712,0
85.33315,28.109713,0
85.333143,28.109715,0
85.333137,28.109716,0
85.333131,28.109717,0
85.333126,28.109718,0
85.333122,28.109719,0
85.333118,28.109719,0
85.333113,28.109721,0
85.333108,28.109724,0
85.333089,28.109729,0
85.333088,28.109729,0
85.333084,28.109729,0
85.33308,28.10973,0
85.333075,28.109732,0
85.333071,28.109734,0
85.333066,28.109735,0
85.333059,28.109737,0
85.333053,28.109739,0
85.333046,28.109742,0
85.33304,28.109747,0
85.333034,28.10975,0
85.333029,28.109754,0
85.333023,28.109759,0
85.333019,28.109763,0
85.333016,28.109767,0
85.333011,28.109768,0
85.333006,28.109767,0
85.333002,28.109768,0
85.332997,28.10977,0
85.332991,28.109773,0
85.332984,28.109776,0
85.332978,28.109778,0
85.332971,28.10978,0
85.332965,28.109782,0
85.332957,28.109783,0
85.332951,28.109784,0
85.332945,28.109787,0
85.332939,28.10979,0
85.332933,28.109792,0
85.332927,28.109792,0
85.332922,28.109793,0
85.33291,28.109799,0
85.332908,28.109799,0
85.332903,28.109809,0
85.3329,28.10981,0
85.332893,28.109814,0
85.332882,28.109822,0
85.332872,28.109832,0
85.33286,28.109845,0
85.332848,28.109856,0
85.332836,28.109866,0
85.332826,28.109876,0
85.332817,28.109886,0
85.332811,28.109894,0
85.332807,28.109901,0
85.332806,28.109907,0
85.332807,28.109914,0
85.33281,28.109921,0
85.332813,28.109926,0
85.332818,28.109931,0
85.332824,28.109933,0
85.332831,28.109933,0
85.332851,28.109934,0
85.332852,28.109934,0
85.332868,28.109939,0
85.332871,28.109939,0
85.332878,28.109939,0
85.332888,28.10994,0
85.332901,28.109942,0
85.332917,28.109944,0
85.332934,28.109946,0
85.33295,28.109948,0
85.332967,28.109949,0
85.332984,28.10995,0
85.332998,28.109952,0
85.33301,28.109953,0
85.333018,28.109956,0
85.333026,28.109958,0
85.333032,28.10996,0
85.333038,28.109962,0
85.333045,28.109967,0
85.333053,28.109972,0
85.33306,28.109978,0
85.333067,28.109982,0
85.333073,28.109985,0
85.33308,28.109988,0
85.333087,28.10999,0
85.333094,28.109991,0
85.333099,28.109991,0
85.333104,28.109991,0
85.333108,28.109992,0
85.333112,28.109995,0
85.333117,28.109999,0
85.333121,28.110004,0
85.333124,28.110008,0
85.333128,28.110012,0
85.333134,28.110015,0
85.333139,28.110017,0
85.333144,28.110019,0
85.333149,28.110021,0
85.333152,28.110023,0
85.333156,28.110025,0
85.333161,28.110028,0
85.333166,28.11003,0
85.333171,28.11003,0
85.333176,28.110031,0
85.333179,28.110032,0
85.333183,28.110036,0
85.333187,28.110039,0
85.333192,28.110041,0
85.333198,28.110042,0
85.333213,28.110047,0
85.333213,28.110048,0
85.333216,28.110051,0
85.33322,28.110054,0
85.333225,28.110057,0
85.333232,28.110059,0
85.33324,28.11006,0
85.33325,28.110057,0
85.333259,28.110055,0
85.333268,28.110054,0
85.333277,28.110054,0
85.333286,28.110054,0
85.333295,28.110056,0
85.333304,28.110055,0
85.333313,28.110055,0
85.333321,28.110053,0
85.333329,28.110052,0
85.333336,28.110052,0
85.333342,28.110051,0
85.333348,28.110051,0
85.333353,28.110053,0
85.333357,28.110055,0
85.33336,28.110058,0
85.333363,28.110062,0
85.333365,28.110065,0
85.333366,28.110068,0
85.333367,28.110072,0
85.333369,28.110072,0
85.333376,28.110075,0
85.333375,28.110079,0
85.333373,28.110082,0
85.333376,28.110082,0
85.333368,28.110072,0
85.33337,28.11007,0
85.333371,28.110067,0
85.333372,28.110067,0
85.333368,28.110059,0
85.333398,28.110065,0
85.333397,28.110065,0
85.333396,28.110066,0
85.333395,28.110066,0
85.333392,28.110067,0
85.333388,28.110066,0
85.333384,28.110066,0
85.333379,28.110065,0
85.333367,28.110062,0
85.333357,28.110056,0
85.333363,28.110071,0
85.333364,28.110071,0
85.333366,28.110071,0
85.333369,28.110071,0
85.333372,28.110071,0
85.333382,28.110069,0
85.333387,28.110071,0
85.333388,28.110071,0
85.333391,28.110073,0
85.333394,28.110076,0
85.3334,28.110081,0
85.333408,28.110089,0
85.333418,28.110095,0
85.333429,28.110101,0
85.33344,28.110107,0
85.333451,28.110111,0
85.33346,28.110114,0
85.333468,28.110118,0
85.333477,28.110123,0
85.333485,28.110127,0
85.333493,28.11013,0
85.333499,28.110134,0
85.333504,28.110139,0
85.333508,28.110144,0
85.333514,28.110148,0
85.33352,28.110151,0
85.333527,28.110154,0
85.333534,28.110158,0
85.33354,28.110161,0
85.333547,28.110165,0
85.333555,28.110168,0
85.333561,28.110172,0
85.333566,28.110174,0
85.333572,28.110178,0
85.333578,28.110181,0
85.333583,28.110184,0
85.333588,28.110186,0
85.333593,28.110189,0
85.333598,28.110191,0
85.333603,28.110194,0
85.333607,28.110196,0
85.333609,28.1102,0
85.333611,28.110204,0
85.33361,28.110207,0
85.333608,28.11021,0
85.333606,28.110213,0
85.333603,28.110215,0
85.333599,28.110216,0
85.333594,28.110217,0
85.33359,28.110217,0
85.333586,28.110219,0
85.333582,28.110221,0
85.333578,28.110224,0
85.333575,28.110225,0
85.333571,28.110228,0
85.333568,28.11023,0
85.333564,28.110232,0
85.333559,28.110234,0
85.333554,28.110238,0
85.33355,28.11024,0
85.333548,28.110243,0
85.333544,28.110246,0
85.333541,28.110249,0
85.333538,28.110251,0
85.333534,28.110252,0
85.33353,28.110254,0
85.333525,28.110257,0
85.333522,28.11026,0
85.333521,28.110263,0
85.333522,28.110266,0
85.333524,28.110269,0
85.333526,28.110273,0
85.33353,28.110276,0
85.333535,28.110277,0
85.33354,28.110277,0
85.333544,28.110277,0
85.333548,28.110276,0
85.333554,28.110275,0
85.333561,28.110275,0
85.333568,28.110274,0
85.333576,28.110273,0
85.333584,28.110273,0
85.333591,28.110273,0
85.333597,28.110274,0
85.333602,28.110275,0
85.333608,28.110277,0
85.333614,28.110277,0
85.333619,28.110278,0
85.333624,28.110279,0
85.333629,28.110281,0
85.333635,28.110284,0
85.333641,28.110287,0
85.333646,28.110289,0
85.33365,28.11029,0
85.333655,28.110294,0
85.333662,28.110294,0
85.333664,28.110294,0
85.333669,28.110297,0
85.333677,28.110299,0
85.333685,28.110302,0
85.333694,28.110306,0
85.333703,28.110308,0
85.333712,28.11031,0
85.333722,28.110314,0
85.333733,28.110318,0
85.333742,28.11032,0
85.333751,28.110321,0
85.333759,28.110321,0
85.333765,28.11032,0
85.333769,28.110319,0
85.333773,28.110326,0
85.333772,28.110328,0
85.333768,28.110334,0
85.333763,28.110343,0
85.333756,28.110352,0
85.333749,28.110361,0
85.33374,28.110368,0
85.333732,28.110377,0
85.333722,28.110386,0
85.333712,28.110397,0
85.333705,28.110406,0
85.333699,28.110412,0
85.333693,28.110417,0
85.333687,28.110421,0
85.33368,28.110424,0
85.333674,28.110425,0
85.333668,28.110428,0
85.333663,28.110431,0
85.333657,28.110434,0
85.333653,28.110438,0
85.33365,28.110441,0
85.333646,28.110443,0
85.333642,28.110446,0
85.333638,28.110448,0
85.333633,28.11045,0
85.333628,28.110452,0
85.333624,28.110454,0
85.333619,28.110457,0
85.333614,28.110459,0
85.333609,28.110462,0
85.333604,28.110465,0
85.333602,28.11047,0
85.333603,28.110475,0
85.333606,28.110479,0
85.333611,28.110482,0
85.333616,28.110483,0
85.333622,28.110485,0
85.333628,28.110485,0
85.333636,28.110485,0
85.333643,28.110484,0
85.333651,28.110485,0
85.333658,28.110485,0
85.333665,28.110485,0
85.333672,28.110483,0
85.333678,28.110482,0
85.333685,28.110482,0
85.333691,28.110481,0
85.333698,28.11048,0
85.333705,28.110478,0
85.333711,28.110478,0
85.333717,28.110478,0
85.333724,28.110477,0
85.33373,28.110476,0
85.333736,28.110475,0
85.333741,28.110473,0
85.333746,28.110472,0
85.33375,28.110471,0
85.333762,28.110469,0
85.333763,28.110469,0
85.333766,28.11047,0
85.33377,28.110472,0
85.333774,28.110474,0
85.33378,28.110478,0
85.333786,28.11048,0
85.333793,28.110483,0
85.333799,28.110484,0
85.333806,28.110485,0
85.333813,28.110486,0
85.33382,28.110487,0
85.333826,28.110489,0
85.333834,28.110492,0
85.333842,28.110496,0
85.333851,28.110498,0
85.33386,28.1105,0
85.333869,28.110502,0
85.333877,28.110505,0
85.333885,28.110506,0
85.333891,28.110508,0
85.333898,28.110509,0
85.333904,28.110509,0
85.333911,28.11051,0
85.333917,28.110511,0
85.333924,28.110511,0
85.333931,28.110511,0
85.333938,28.110512,0
85.333946,28.110514,0
85.333953,28.110516,0
85.333959,28.110517,0
85.333966,28.110519,0
85.333972,28.110521,0
85.333978,28.110523,0
85.333984,28.110526,0
85.33399,28.110528,0
85.333995,28.110529,0
85.334001,28.11053,0
85.334008,28.110531,0
85.334015,28.110532,0
85.334022,28.110532,0
85.334029,28.110533,0
85.334036,28.110535,0
85.334043,28.110536,0
85.33405,28.110538,0
85.334056,28.110539,0
85.334063,28.110539,0
85.33407,28.110538,0
85.334077,28.110538,0
85.334085,28.110538,0
85.334093,28.110538,0
85.334101,28.110539,0
85.334108,28.110538,0
85.334115,28.110538,0
85.334123,28.110538,0
85.33413,28.110537,0
85.334137,28.110536,0
85.334142,28.110536,0
85.334157,28.110542,0
85.33416,28.110544,0
85.334166,28.110546,0
85.334173,28.11055,0
85.33418,28.110555,0
85.334187,28.110562,0
85.334195,28.110571,0
85.334205,28.110579,0
85.334216,28.110587,0
85.334227,28.110594,0
85.334237,28.110599,0
85.334245,28.110603,0
85.33425,28.110607,0
85.334255,28.110611,0
85.334261,28.110614,0
85.334266,28.110615,0
85.334271,28.110617,0
85.334276,28.110619,0
85.334281,28.110621,0
85.334286,28.110623,0
85.33429,28.110625,0
85.334293,28.110627,0
85.334304,28.110632,0
85.334304,28.110633,0
85.334305,28.110633,0
85.334307,28.110636,0
85.33431,28.110638,0
85.334313,28.11064,0
85.334317,28.110641,0
85.334321,28.110642,0
85.334324,28.110643,0
85.334329,28.110652,0
85.334331,28.110654,0
85.334336,28.110657,0
85.334341,28.110662,0
85.334346,28.110668,0
85.33435,28.110674,0
85.334354,28.110681,0
85.334355,28.110686,0
85.334355,28.110691,0
85.334354,28.110694,0
85.33435,28.110697,0
85.334344,28.110698,0
85.334339,28.110698,0
85.334334,28.110698,0
85.334329,28.110699,0
85.334323,28.1107,0
85.334317,28.110701,0
85.334311,28.110701,0
85.334304,28.110702,0
85.334297,28.110702,0
85.33429,28.110704,0
85.334283,28.110706,0
85.334277,28.110708,0
85.334273,28.110712,0
85.33427,28.110717,0
85.334269,28.110722,0
85.334269,28.110727,0
85.334272,28.110731,0
85.334276,28.110734,0
85.334281,28.110737,0
85.334287,28.11074,0
85.334293,28.110742,0
85.3343,28.110744,0
85.334306,28.110746,0
85.334312,28.110747,0
85.334318,28.110748,0
85.334324,28.11075,0
85.334331,28.110751,0
85.334337,28.110751,0
85.334343,28.110752,0
85.334349,28.110755,0
85.334354,28.110758,0
85.33436,28.110763,0
85.334366,28.110768,0
85.334373,28.110771,0
85.33438,28.110774,0
85.334388,28.110777,0
85.334395,28.11078,0
85.334401,28.110783,0
85.334407,28.110785,0
85.334412,28.110787,0
85.334417,28.11079,0
85.334421,28.110792,0
85.334425,28.110795,0
85.33443,28.110798,0
85.334434,28.110802,0
85.334439,28.110804,0
85.334445,28.110804,0
85.334452,28.110803,0
85.334458,28.110804,0
85.334465,28.110805,0
85.334472,28.110807,0
85.334478,28.110811,0
85.334484,28.110815,0
85.334489,28.110819,0
85.334494,28.110822,0
85.3345,28.110824,0
85.334504,28.110826,0
85.33451,28.110836,0
85.334515,28.110837,0
85.33452,28.110839,0
85.334521,28.11084,0
85.334523,28.110842,0
85.334526,28.110845,0
85.334529,28.110849,0
85.334533,28.110853,0
85.334538,28.110855,0
85.334543,28.110857,0
85.334547,28.110859,0
85.334557,28.110864,0
85.33456,28.110867,0
85.334563,28.110868,0
85.334569,28.110868,0
85.334577,28.11087,0
85.334586,28.110871,0
85.334594,28.110872,0
85.334601,28.110875,0
85.334608,28.11088,0
85.334616,28.110885,0
85.334622,28.110891,0
85.334628,28.110897,0
85.334634,28.110901,0
85.334638,28.110903,0
85.334642,28.110904,0
85.334647,28.110906,0
85.334651,28.110907,0
85.334655,28.110909,0
85.33466,28.11091,0
85.334672,28.110909,0
85.334673,28.110909,0
85.334675,28.110908,0
85.334678,28.110908,0
85.334681,28.110907,0
85.334685,28.110907,0
85.334704,28.110909,0
85.334707,28.110914,0
85.334707,28.110915,0
85.334709,28.110918,0
85.33471,28.110922,0
85.334712,28.110926,0
85.33472,28.110954,0
85.334721,28.110955,0
85.334723,28.110956,0
85.334725,28.110957,0
85.334734,28.110962,0
85.334735,28.110962,0
85.334736,28.110963,0
85.334737,28.110965,0
85.334738,28.110968,0
85.334739,28.110972,0
85.334739,28.110977,0
85.33474,28.110981,0
85.334741,28.110985,0
85.334741,28.110989,0
85.334752,28.111009,0
85.334755,28.11101,0
85.33476,28.111014,0
85.334767,28.111018,0
85.334777,28.111023,0
85.334787,28.111027,0
85.334797,28.111032,0
85.334806,28.111036,0
85.334816,28.111042,0
85.334825,28.111049,0
85.334831,28.111054,0
85.334835,28.11106,0
85.334839,28.111066,0
85.334843,28.111071,0
85.334849,28.111076,0
85.334865,28.111086,0
85.334866,28.111086,0
85.334868,28.111087,0
85.33487,28.111089,0
85.334873,28.111091,0
85.334876,28.111092,0
85.33488,28.111094,0
85.334884,28.111097,0
85.334888,28.111101,0
85.334892,28.111103,0
85.334896,28.111105,0
85.3349,28.111106,0
85.334904,28.111112,0
85.334904,28.111113,0
85.334905,28.111114,0
85.334914,28.111122,0
85.334916,28.111124,0
85.33492,28.111127,0
85.334925,28.11113,0
85.334931,28.111136,0
85.334937,28.111141,0
85.334944,28.111145,0
85.33495,28.11115,0
85.334956,28.111154,0
85.334963,28.111158,0
85.33497,28.111162,0
85.334976,28.111165,0
85.334981,28.111167,0
85.334999,28.111169,0
85.335005,28.111171,0
85.335012,28.111171,0
85.335013,28.111171,0
85.335015,28.111171,0
85.33502,28.111171,0
85.335025,28.111171,0
85.335039,28.111172,0
85.335045,28.111174,0
85.335059,28.111174,0
85.335063,28.111174,0
85.335071,28.111173,0
85.335081,28.111171,0
85.33509,28.111169,0
85.335099,28.111166,0
85.335107,28.111165,0
85.335115,28.111164,0
85.335123,28.111163,0
85.33513,28.111162,0
85.335142,28.111154,0
85.335144,28.111153,0
85.335143,28.111152,0
85.33514,28.111151,0
85.335145,28.111151,0
85.335149,28.11115,0
85.335157,28.111151,0
85.335168,28.111151,0
85.33518,28.111152,0
85.335193,28.111151,0
85.335206,28.111151,0
85.335218,28.11115,0
85.335232,28.111149,0
85.335247,28.111147,0
85.335258,28.111145,0
85.335267,28.111144,0
85.335275,28.111144,0
85.335283,28.111145,0
85.335291,28.111146,0
85.335298,28.111147,0
85.335305,28.111146,0
85.335312,28.111145,0
85.335317,28.111143,0
85.335322,28.111141,0
85.335327,28.111139,0
85.335332,28.111137,0
85.335338,28.111136,0
85.335344,28.111134,0
85.335351,28.111132,0
85.335359,28.11113,0
85.335367,28.111127,0
85.335375,28.111125,0
85.335383,28.111123,0
85.33539,28.111121,0
85.335399,28.111119,0
85.335406,28.111117,0
85.335413,28.111115,0
85.33543,28.111116,0
85.33544,28.111118,0
85.335443,28.111118,0
85.33545,28.111118,0
85.335459,28.111119,0
85.335469,28.111118,0
85.33548,28.111115,0
85.335489,28.111112,0
85.335498,28.111109,0
85.335509,28.111106,0
85.335522,28.111104,0
85.335533,28.111103,0
85.335543,28.111102,0
85.335552,28.111101,0
85.335562,28.111099,0
85.33557,28.111097,0
85.335577,28.111096,0
85.335585,28.111096,0
85.335593,28.111096,0
85.3356,28.111095,0
85.335606,28.111093,0
85.335613,28.111093,0
85.33562,28.111093,0
85.335626,28.111092,0
85.335632,28.111092,0
85.335635,28.111091,0
85.335639,28.111088,0
85.335642,28.111085,0
85.335644,28.111082,0
85.335648,28.11108,0
85.335652,28.111079,0
85.335657,28.111078,0
85.335662,28.111077,0
85.335667,28.111076,0
85.335673,28.111073,0
85.335678,28.111069,0
85.335681,28.111066,0
85.335685,28.111064,0
85.335689,28.111063,0
85.335694,28.111062,0
85.335698,28.11106,0
85.335703,28.111059,0
85.335709,28.111058,0
85.335715,28.111058,0
85.33572,28.111058,0
85.335726,28.111058,0
85.335734,28.111057,0
85.335742,28.111057,0
85.33575,28.111057,0
85.335757,28.111055,0
85.335765,28.111051,0
85.335772,28.111048,0
85.335779,28.111045,0
85.335786,28.111041,0
85.335792,28.111037,0
85.335798,28.111033,0
85.335804,28.111028,0
85.335808,28.111024,0
85.335814,28.11102,0
85.33582,28.111017,0
85.335826,28.111012,0
85.335832,28.111008,0
85.335839,28.111004,0
85.335846,28.111001,0
85.335852,28.110998,0
85.335858,28.110995,0
85.335874,28.110993,0
85.335875,28.110993,0
85.335878,28.110993,0
85.335881,28.110992,0
85.335885,28.110991,0
85.335889,28.110989,0
85.335893,28.110987,0
85.335899,28.110985,0
85.335905,28.110982,0
85.335909,28.110979,0
85.335913,28.110977,0
85.335917,28.110975,0
85.335929,28.11097,0
85.335929,28.110966,0
85.335934,28.110966,0
85.335937,28.110966,0
85.335943,28.110965,0
85.335951,28.110964,0
85.335962,28.110961,0
85.335973,28.110957,0
85.335985,28.110951,0
85.335997,28.110946,0
85.336009,28.110942,0
85.336021,28.110938,0
85.336032,28.110934,0
85.336042,28.110931,0
85.336052,28.110929,0
85.336061,28.110928,0
85.336068,28.110928,0
85.336074,28.110927,0
85.336085,28.110926,0
85.336085,28.110927,0
85.336085,28.110926,0
85.336084,28.110926,0
85.336072,28.11093,0
85.336074,28.110931,0
85.336074,28.110925,0
85.336075,28.11092,0
85.33608,28.11092,0
85.336082,28.110922,0
85.336072,28.110917,0
85.336076,28.110925,0
85.336077,28.110924,0
85.336082,28.110922,0
85.336089,28.110919,0
85.336098,28.110918,0
85.336139,28.110918,0
85.33614,28.110918,0
85.336143,28.110918,0
85.336152,28.110922,0
85.336156,28.110925,0
85.336157,28.110925,0
85.336159,28.110926,0
85.336161,28.110925,0
85.336162,28.110925,0
85.336161,28.11092,0
85.336161,28.110919,0
85.336163,28.110918,0
85.336167,28.110916,0
85.336173,28.110912,0
85.336178,28.110908,0
85.336185,28.110903,0
85.336191,28.110899,0
85.3362,28.110896,0
85.336209,28.110894,0
85.336219,28.110893,0
85.336228,28.110891,0
85.336237,28.11089,0
85.336244,28.110889,0
85.336266,28.110885,0
85.336266,28.110884,0
85.336267,28.110883,0
85.336268,28.11088,0
85.336269,28.110876,0
85.336271,28.110874,0
85.336275,28.110873,0
85.336281,28.110872,0
85.336286,28.110871,0
85.33629,28.110869,0
85.336297,28.110869,0
85.336305,28.11087,0
85.336312,28.110871,0
85.336318,28.11087,0
85.336322,28.110868,0
85.336326,28.110866,0
85.336332,28.110862,0
85.336338,28.110858,0
85.336343,28.110856,0
85.336349,28.110853,0
85.336355,28.11085,0
85.33636,28.110848,0
85.336367,28.110847,0
85.336374,28.110844,0
85.336381,28.110842,0
85.336386,28.11084,0
85.336391,28.110837,0
85.336404,28.11083,0
85.336406,28.110829,0
85.33641,28.110829,0
85.336414,28.110828,0
85.336419,28.110827,0
85.336426,28.110826,0
85.336432,28.110824,0
85.336438,28.110822,0
85.336445,28.11082,0
85.336453,28.110817,0
85.336462,28.110814,0
85.336469,28.110809,0
85.336475,28.110801,0
85.33648,28.110794,0
85.336492,28.110777,0
85.336491,28.110774,0
85.336493,28.11077,0
85.336495,28.110763,0
85.336498,28.110752,0
85.336502,28.110739,0
85.336504,28.110727,0
85.336506,28.110715,0
85.336509,28.110704,0
85.336511,28.110692,0
85.336514,28.110679,0
85.336516,28.110667,0
85.33652,28.110654,0
85.336524,28.110642,0
85.336528,28.110631,0
85.336534,28.11062,0
85.33654,28.110609,0
85.336546,28.1106,0
85.336552,28.110591,0
85.336559,28.110583,0
85.336566,28.110575,0
85.336571,28.110567,0
85.336575,28.110559,0
85.336578,28.110552,0
85.33658,28.110545,0
85.336579,28.110535,0
85.336581,28.11054,0
85.336581,28.110541,0
85.336583,28.11054,0
85.336587,28.110538,0
85.336591,28.110535,0
85.336598,28.110532,0
85.336604,28.110531,0
85.33661,28.110529,0
85.336616,28.110528,0
85.336622,28.110528,0
85.336627,28.110529,0
85.336634,28.110532,0
85.336641,28.110534,0
85.336649,28.110535,0
85.336656,28.110536,0
85.336664,28.110537,0
85.336671,28.110536,0
85.336678,28.110534,0
85.336685,28.110532,0
85.336693,28.11053,0
85.336702,28.110528,0
85.336711,28.110525,0
85.336721,28.110523,0
85.33673,28.110522,0
85.336739,28.11052,0
85.336748,28.110518,0
85.336758,28.110517,0
85.336766,28.110513,0
85.336786,28.110502,0
85.336786,28.110511,0
85.33679,28.110513,0
85.336798,28.110517,0
85.336808,28.110522,0
85.336819,28.110527,0
85.336832,28.110531,0
85.336845,28.110535,0
85.336861,28.110538,0
85.336875,28.110542,0
85.336891,28.110546,0
85.336905,28.110548,0
85.33692,28.11055,0
85.336935,28.110551,0
85.336949,28.110552,0
85.336961,28.110553,0
85.336973,28.110554,0
85.336984,28.110553,0
85.336996,28.110553,0
85.337008,28.110553,0
85.337019,28.110553,0
85.337031,28.110554,0
85.337043,28.110557,0
85.337056,28.110561,0
85.33707,28.110564,0
85.337083,28.110566,0
85.337096,28.110568,0
85.337107,28.110568,0
85.337116,28.110569,0
85.337124,28.110569,0
85.337133,28.110569,0
85.337141,28.110569,0
85.33715,28.11057,0
85.337159,28.110569,0
85.337169,28.11057,0
85.337179,28.110569,0
85.337191,28.110567,0
85.337204,28.110564,0
85.337218,28.110561,0
85.337231,28.110558,0
85.337244,28.110555,0
85.337259,28.110555,0
85.337275,28.110556,0
85.337289,28.110556,0
85.337304,28.110556,0
85.337318,28.110556,0
85.337331,28.110557,0
85.337345,28.110558,0
85.337358,28.110559,0
85.337371,28.11056,0
85.337384,28.110561,0
85.337395,28.110561,0
85.337406,28.110561,0
85.337416,28.110561,0
85.337425,28.11056,0
85.337432,28.110558,0
85.337441,28.110557,0
85.337451,28.110555,0
85.337459,28.110554,0
85.33747,28.110554,0
85.337481,28.110553,0
85.337492,28.110552,0
85.337502,28.11055,0
85.337511,28.11055,0
85.337518,28.110551,0
85.337526,28.110552,0
85.337534,28.110552,0
85.337541,28.110551,0
85.33755,28.110551,0
85.33756,28.110551,0
85.337572,28.11055,0
85.337631,28.110541,0
85.337639,28.110538,0
85.337652,28.110532,0
85.337668,28.110528,0
85.337684,28.110526,0
85.337757,28.110521,0
85.33776,28.110522,0
85.337764,28.110524,0
85.33777,28.110527,0
85.337778,28.110527,0
85.33779,28.110526,0
85.337803,28.110523,0
85.337815,28.11052,0
85.337825,28.110518,0
85.337833,28.110514,0
85.33784,28.11051,0
85.337847,28.110505,0
85.337854,28.110501,0
85.337862,28.110499,0
85.337873,28.110497,0
85.337884,28.110496,0
85.337896,28.110496,0
85.337908,28.110498,0
85.33792,28.1105,0
85.337931,28.110501,0
85.337942,28.110503,0
85.337952,28.110505,0
85.337962,28.110506,0
85.33797,28.110507,0
85.337976,28.110506,0
85.337983,28.110505,0
85.337992,28.110505,0
85.338001,28.110504,0
85.338009,28.110503,0
85.338017,28.110502,0
85.338023,28.110502,0
85.338029,28.1105,0
85.338036,28.110496,0
85.338037,28.110494,0
85.33804,28.110492,0
85.338046,28.110491,0
85.338053,28.110491,0
85.33806,28.110493,0
85.338069,28.110495,0
85.338078,28.110496,0
85.338087,28.110496,0
85.338097,28.110496,0
85.338108,28.110495,0
85.338117,28.110493,0
85.338127,28.110488,0
85.338137,28.110483,0
85.33815,28.110479,0
85.338163,28.110477,0
85.338174,28.110475,0
85.338184,28.110472,0
85.338193,28.110468,0
85.338202,28.110465,0
85.338207,28.110461,0
85.338214,28.110459,0
85.338222,28.110457,0
85.33823,28.110454,0
85.338238,28.110451,0
85.338245,28.110447,0
85.338253,28.110443,0
85.33826,28.110439,0
85.338266,28.110436,0
85.338274,28.110432,0
85.338283,28.110426,0
85.338291,28.110422,0
85.338298,28.11042,0
85.338304,28.11042,0
85.33831,28.110421,0
85.338316,28.110421,0
85.338324,28.110421,0
85.338331,28.11042,0
85.338337,28.11042,0
85.338352,28.110424,0
85.338351,28.110428,0
85.338351,28.11043,0
85.338351,28.110432,0
85.338351,28.110435,0
85.338352,28.110443,0
85.338351,28.110443,0
85.338349,28.110439,0
85.33835,28.110438,0
85.338352,28.110436,0
85.338372,28.110424,0
85.338373,28.110426,0
85.338377,28.110428,0
85.338383,28.11043,0
85.338389,28.110432,0
85.338398,28.110434,0
85.338406,28.110435,0
85.338414,28.110436,0
85.338421,28.110437,0
85.338428,28.110438,0
85.338446,28.110439,0
85.338447,28.110436,0
85.338454,28.110434,0
85.338455,28.110434,0
85.338459,28.110434,0
85.338466,28.110432,0
85.338475,28.11043,0
85.338486,28.110428,0
85.338498,28.110426,0
85.338513,28.110425,0
85.338528,28.110423,0
85.338545,28.110421,0
85.338562,28.110421,0
85.338579,28.11042,0
85.338593,28.110421,0
85.338606,28.110421,0
85.338618,28.110423,0
85.338631,28.110424,0
85.338641,28.110423,0
85.338652,28.110422,0
85.33866,28.110421,0
85.338667,28.110421,0
85.338672,28.110422,0
85.338678,28.110424,0
85.338684,28.110425,0
85.338692,28.110425,0
85.3387,28.110425,0
85.338708,28.110425,0
85.338716,28.110424,0
85.338723,28.110424,0
85.338744,28.110426,0
85.338746,28.11043,0
85.338748,28.110432,0
85.338749,28.110436,0
85.338751,28.110441,0
85.338755,28.110447,0
85.338759,28.110453,0
85.338762,28.110458,0
85.338764,28.110463,0
85.338764,28.110467,0
85.338764,28.110471,0
85.338761,28.110473,0
85.338758,28.110476,0
85.338754,28.110479,0
85.33875,28.110482,0
85.338742,28.110495,0
85.338741,28.110497,0
85.33874,28.110503,0
85.33874,28.110509,0
85.338742,28.110515,0
85.338744,28.110522,0
85.338748,28.110529,0
85.338751,28.110535,0
85.338755,28.110541,0
85.338758,28.110546,0
85.33876,28.110549,0
85.338761,28.110558,0
85.33876,28.110559,0
85.338757,28.11056,0
85.338754,28.110563,0
85.338751,28.110566,0
85.338748,28.110571,0
85.338746,28.110576,0
85.338746,28.110581,0
85.338747,28.110588,0
85.338751,28.110595,0
85.338755,28.110601,0
85.338759,28.110605,0
85.338765,28.110608,0
85.338772,28.110611,0
85.33878,28.110611,0
85.338789,28.110611,0
85.338796,28.110612,0
85.338802,28.110614,0
85.338806,28.110617,0
85.338809,28.11062,0
85.338809,28.110624,0
85.338811,28.110628,0
85.338815,28.110632,0
85.338818,28.110636,0
85.338821,28.11064,0
85.338823,28.110645,0
85.338823,28.110649,0
85.338822,28.110653,0
85.338819,28.110657,0
85.338816,28.11066,0
85.338812,28.110662,0
85.338805,28.110665,0
85.338799,28.110667,0
85.338794,28.110672,0
85.338791,28.110677,0
85.338792,28.110683,0
85.338795,28.110689,0
85.3388,28.110693,0
85.338805,28.110696,0
85.33881,28.110697,0
85.338815,28.110696,0
85.338822,28.110693,0
85.338827,28.110693,0
85.338829,28.110693,0
85.338832,28.110695,0
85.338837,28.110698,0
85.338843,28.110701,0
85.33885,28.110705,0
85.338857,28.110709,0
85.338865,28.110712,0
85.338873,28.110714,0
85.338881,28.110716,0
85.338888,28.110717,0
85.338894,28.110716,0
85.3389,28.110716,0
85.338905,28.110717,0
85.338911,28.110719,0
85.338917,28.110721,0
85.338923,28.110724,0
85.338929,28.110725,0
85.338934,28.110725,0
85.338938,28.110724,0
85.338942,28.110723,0
85.338945,28.110722,0
85.338957,28.110716,0
85.338959,28.110716,0
85.338963,28.110717,0
85.338968,28.110718,0
85.338974,28.110718,0
85.33898,28.110719,0
85.338985,28.110719,0
85.338989,28.110718,0
85.338994,28.110717,0
85.338998,28.110716,0
85.339001,28.110715,0
85.339017,28.110715,0
85.339022,28.110715,0
85.339031,28.110715,0
85.339044,28.110714,0
85.339112,28.110713,0
85.339117,28.110712,0
85.339172,28.110706,0
85.339177,28.110705,0
85.339185,28.110702,0
85.339196,28.1107,0
85.339208,28.110698,0
85.339221,28.110695,0
85.339233,28.110693,0
85.339244,28.110692,0
85.339256,28.110692,0
85.339268,28.110693,0
85.339279,28.110694,0
85.339289,28.110694,0
85.339299,28.110692,0
85.339306,28.11069,0
85.339312,28.110689,0
85.339318,28.110687,0
85.339324,28.110684,0
85.339332,28.110683,0
85.339339,28.110682,0
85.339346,28.11068,0
85.339354,28.110678,0
85.339363,28.110675,0
85.339372,28.110672,0
85.339381,28.110668,0
85.339389,28.110663,0
85.339397,28.110659,0
85.339406,28.110656,0
85.339414,28.110654,0
85.339422,28.110651,0
85.339431,28.110649,0
85.33944,28.110646,0
85.339446,28.110643,0
85.339451,28.11064,0
85.339455,28.11064,0
85.33946,28.11064,0
85.339466,28.11064,0
85.339473,28.110639,0
85.339481,28.110638,0
85.339489,28.110636,0
85.339498,28.110634,0
85.339507,28.110632,0
85.339517,28.11063,0
85.339527,28.110628,0
85.339536,28.110626,0
85.339544,28.110624,0
85.339551,28.110622,0
85.339569,28.110617,0
85.33957,28.110617,0
85.339573,28.110616,0
85.339578,28.110614,0
85.339584,28.110613,0
85.33959,28.110612,0
85.339598,28.110612,0
85.339606,28.110612,0
85.339614,28.110612,0
85.339622,28.110613,0
85.339629,28.110613,0
85.339638,28.110614,0
85.339648,28.110615,0
85.339658,28.110614,0
85.339669,28.110614,0
85.339681,28.110613,0
85.339692,28.110613,0
85.339704,28.110612,0
85.339715,28.110611,0
85.339727,28.110611,0
85.339738,28.110611,0
85.339749,28.11061,0
85.33976,28.11061,0
85.33977,28.11061,0
85.339781,28.110609,0
85.339791,28.110609,0
85.339801,28.110609,0
85.339813,28.110608,0
85.339824,28.110607,0
85.339836,28.110606,0
85.339848,28.110605,0
85.339858,28.110604,0
85.339869,28.110604,0
85.33988,28.110604,0
85.339891,28.110604,0
85.339902,28.110605,0
85.339914,28.110605,0
85.339927,28.110605,0
85.339939,28.110605,0
85.33995,28.110604,0
85.33996,28.110602,0
85.33997,28.110602,0
85.33998,28.110602,0
85.33999,28.110602,0
85.34,28.110601,0
85.340011,28.1106,0
85.340021,28.1106,0
85.340033,28.110599,0
85.340045,28.110599,0
85.340059,28.110598,0
85.340072,28.110598,0
85.340085,28.110598,0
85.340098,28.110599,0
85.34011,28.110601,0
85.340122,28.110604,0
85.340132,28.110607,0
85.340142,28.110609,0
85.340151,28.110613,0
85.340158,28.110616,0
85.340165,28.110618,0
85.34017,28.110619,0
85.340176,28.11062,0
85.340182,28.11062,0
85.340188,28.110619,0
85.340194,28.11062,0
85.340202,28.11062,0
85.34021,28.11062,0
85.340218,28.11062,0
85.340227,28.11062,0
85.340237,28.110618,0
85.340248,28.110617,0
85.340259,28.110614,0
85.34027,28.110611,0
85.34028,28.110608,0
85.34029,28.110605,0
85.3403,28.110604,0
85.340311,28.110603,0
85.34032,28.110602,0
85.34033,28.110602,0
85.34034,28.110603,0
85.340351,28.110604,0
85.340361,28.110605,0
85.340372,28.110604,0
85.340384,28.110604,0
85.340395,28.110604,0
85.340405,28.110606,0
85.340415,28.110607,0
85.340424,28.110608,0
85.340433,28.110608,0
85.34044,28.110608,0
85.340461,28.110604,0
85.340465,28.110604,0
85.340473,28.110604,0
85.340483,28.110606,0
85.340494,28.110609,0
85.340507,28.110612,0
85.34052,28.110616,0
85.340533,28.110622,0
85.340546,28.110628,0
85.340559,28.110633,0
85.340569,28.110639,0
85.340579,28.110645,0
85.340587,28.110652,0
85.340595,28.11066,0
85.340603,28.110667,0
85.34061,28.110674,0
85.340615,28.110681,0
85.340621,28.110688,0
85.340627,28.110696,0
85.340633,28.110704,0
85.34064,28.110711,0
85.340645,28.110718,0
85.340652,28.110725,0
85.340657,28.110732,0
85.340663,28.110739,0
85.34067,28.110744,0
85.340676,28.110749,0
85.340683,28.110752,0
85.340692,28.110756,0
85.3407,28.110759,0
85.340707,28.110762,0
85.340714,28.110765,0
85.340722,28.110769,0
85.340729,28.110772,0
85.340735,28.110775,0
85.34074,28.110777,0
85.340746,28.110779,0
85.340752,28.110781,0
85.340758,28.110783,0
85.340765,28.110786,0
85.340771,28.110789,0
85.340776,28.110792,0
85.340781,28.110794,0
85.340785,28.110796,0
85.340789,28.110798,0
85.340792,28.110802,0
85.340792,28.110803,0
85.340792,28.110807,0
85.340794,28.11081,0
85.340797,28.110814,0
85.340801,28.110818,0
85.340806,28.110821,0
85.340822,28.110832,0
85.340825,28.110833,0
85.340832,28.110837,0
85.340841,28.110841,0
85.340853,28.110846,0
85.340865,28.110852,0
85.340878,28.110858,0
85.340891,28.110863,0
85.340904,28.110868,0
85.340918,28.110871,0
85.340931,28.110874,0
85.340942,28.110876,0
85.340954,28.110879,0
85.340964,28.110882,0
85.340974,28.110887,0
85.340983,28.11089,0
85.340993,28.110892,0
85.341003,28.110895,0
85.341012,28.110897,0
85.341022,28.110898,0
85.341033,28.110901,0
85.341043,28.110904,0
85.341053,28.110906,0
85.341062,28.110908,0
85.341071,28.110909,0
85.34108,28.110909,0
85.341089,28.11091,0
85.341099,28.11091,0
85.341107,28.110911,0
85.341117,28.110911,0
85.341126,28.11091,0
85.341134,28.110909,0
85.341143,28.110907,0
85.341151,28.110903,0
85.341159,28.110899,0
85.341167,28.110894,0
85.341175,28.11089,0
85.341184,28.110886,0
85.341193,28.110884,0
85.341201,28.110881,0
85.341209,28.110877,0
85.341217,28.110875,0
85.341226,28.110871,0
85.341234,28.110869,0
85.341242,28.110866,0
85.341249,28.110863,0
85.341257,28.11086,0
85.341265,28.110859,0
85.341274,28.110858,0
85.341283,28.110858,0
85.341291,28.110858,0
85.341298,28.110856,0
85.341305,28.110855,0
85.341312,28.110853,0
85.34132,28.110853,0
85.341328,28.110854,0
85.341334,28.110855,0
85.341341,28.110858,0
85.341349,28.11086,0
85.341355,28.11086,0
85.341362,28.11086,0
85.341368,28.110859,0
85.341372,28.110857,0
85.341382,28.110854,0
85.341391,28.11085,0
85.341394,28.11085,0
85.3414,28.110849,0
85.341409,28.110848,0
85.341419,28.110845,0
85.341429,28.11084,0
85.341439,28.110835,0
85.34145,28.11083,0
85.34146,28.110824,0
85.34147,28.11082,0
85.341496,28.110809,0
85.341496,28.110807,0
85.341498,28.110804,0
85.341501,28.1108,0
85.341506,28.110797,0
85.341512,28.110794,0
85.341519,28.110791,0
85.341526,28.110789,0
85.341533,28.110787,0
85.341541,28.110786,0
85.341549,28.110782,0
85.341557,28.110778,0
85.341564,28.110773,0
85.341571,28.110766,0
85.341578,28.11076,0
85.341584,28.110755,0
85.341591,28.110751,0
85.341597,28.110749,0
85.341604,28.110746,0
85.341613,28.110743,0
85.34162,28.110738,0
85.341626,28.110733,0
85.341633,28.110729,0
85.34164,28.110725,0
85.341648,28.110722,0
85.341656,28.11072,0
85.341664,28.110717,0
85.341674,28.110714,0
85.341681,28.11071,0
85.341688,28.110705,0
85.341695,28.110701,0
85.341702,28.110699,0
85.341707,28.110699,0
85.341714,28.1107,0
85.341721,28.110699,0
85.341726,28.110697,0
85.34173,28.110694,0
85.341734,28.110691,0
85.341739,28.110688,0
85.341744,28.110685,0
85.34175,28.110682,0
85.341755,28.110679,0
85.341762,28.110677,0
85.341768,28.110673,0
85.341773,28.110669,0
85.341778,28.110664,0
85.341782,28.110659,0
85.341787,28.110654,0
85.34179,28.11065,0
85.341793,28.110647,0
85.341802,28.110637,0
85.341803,28.110638,0
85.341805,28.110637,0
85.341809,28.110636,0
85.341814,28.110634,0
85.341819,28.110633,0
85.341826,28.110632,0
85.341833,28.110631,0
85.341841,28.110632,0
85.341849,28.110632,0
85.341858,28.110632,0
85.341866,28.110631,0
85.341874,28.110629,0
85.341882,28.110625,0
85.34189,28.110622,0
85.341898,28.110617,0
85.341905,28.110614,0
85.341914,28.110611,0
85.341921,28.110609,0
85.341928,28.110607,0
85.341946,28.110604,0
85.341946,28.110603,0
85.341948,28.110602,0
85.341952,28.1106,0
85.341957,28.110599,0
85.341963,28.110598,0
85.341969,28.110599,0
85.341982,28.110598,0
85.341985,28.110598,0
85.341992,28.110596,0
85.342001,28.110595,0
85.342012,28.110594,0
85.342026,28.110593,0
85.342041,28.110593,0
85.342056,28.110594,0
85.342072,28.110596,0
85.342088,28.110598,0
85.342102,28.110599,0
85.342115,28.1106,0
85.342128,28.110601,0
85.342139,28.1106,0
85.342148,28.1106,0
85.342162,28.110599,0
85.342167,28.110594,0
85.34217,28.110593,0
85.342176,28.11059,0
85.342185,28.110586,0
85.342196,28.110584,0
85.342207,28.110581,0
85.34222,28.110579,0
85.342234,28.110575,0
85.342247,28.110571,0
85.342259,28.110566,0
85.342271,28.110561,0
85.34228,28.110556,0
85.342288,28.110551,0
85.342294,28.110547,0
85.342299,28.110538,0
85.342297,28.110538,0
85.342293,28.11054,0
85.342286,28.110542,0
85.342277,28.110545,0
85.342267,28.110545,0
85.342257,28.110547,0
85.342246,28.110549,0
85.342235,28.110552,0
85.342225,28.110554,0
85.342214,28.110558,0
85.342202,28.110559,0
85.342194,28.11056,0
85.342176,28.110559,0
85.342177,28.110559,0
85.342181,28.11056,0
85.342187,28.110561,0
85.342193,28.110562,0
85.342201,28.110562,0
85.342208,28.110562,0
85.342216,28.11056,0
85.342225,28.110559,0
85.342234,28.110559,0
85.342244,28.110558,0
85.342254,28.110556,0
85.342263,28.110553,0
85.342272,28.110549,0
85.342283,28.110546,0
85.342293,28.110544,0
85.342303,28.110543,0
85.342312,28.110542,0
85.342321,28.110541,0
85.342329,28.110538,0
85.342338,28.110534,0
85.342346,28.11053,0
85.342354,28.110523,0
85.34236,28.110514,0
85.342366,28.110506,0
85.342371,28.1105,0
85.342377,28.110495,0
85.342384,28.110492,0
85.342391,28.11049,0
85.342399,28.110487,0
85.342407,28.110483,0
85.342414,28.11048,0
85.342421,28.110477,0
85.342429,28.110473,0
85.342437,28.110468,0
85.342443,28.110464,0
85.342449,28.110461,0
85.342455,28.110458,0
85.342464,28.110457,0
85.342472,28.110456,0
85.34248,28.110456,0
85.342488,28.110454,0
85.342497,28.110452,0
85.342504,28.110448,0
85.342511,28.110443,0
85.342517,28.110438,0
85.342522,28.110434,0
85.342527,28.110429,0
85.342532,28.110423,0
85.342537,28.110419,0
85.342543,28.110417,0
85.342549,28.110415,0
85.342555,28.110414,0
85.342563,28.110414,0
85.342571,28.110415,0
85.342579,28.110414,0
85.342587,28.110413,0
85.342594,28.110411,0
85.3426,28.110408,0
85.342606,28.110404,0
85.342611,28.110402,0
85.342617,28.110401,0
85.342622,28.110401,0
85.342628,28.1104,0
85.342633,28.110401,0
85.342639,28.110402,0
85.342644,28.110404,0
85.342649,28.110404,0
85.342655,28.110406,0
85.342661,28.110406,0
85.342666,28.110405,0
85.342672,28.110405,0
85.342677,28.110405,0
85.342683,28.110405,0
85.34269,28.110405,0
85.342697,28.110404,0
85.342703,28.110404,0
85.342709,28.110404,0
85.342716,28.110404,0
85.342722,28.110405,0
85.34273,28.110405,0
85.342737,28.110404,0
85.342744,28.110403,0
85.342751,28.110402,0
85.342758,28.1104,0
85.342764,28.110396,0
85.34277,28.110394,0
85.342776,28.110391,0
85.342781,28.110388,0
85.342796,28.110382,0
85.342798,28.110383,0
85.342803,28.110382,0
85.342804,28.110383,0
85.342806,28.110384,0
85.34281,28.110385,0
85.342815,28.110385,0
85.342822,28.110386,0
85.342829,28.110386,0
85.342836,28.110385,0
85.342843,28.110382,0
85.342851,28.110379,0
85.342859,28.110377,0
85.342867,28.110373,0
85.342874,28.110369,0
85.34288,28.110366,0
85.342887,28.110365,0
85.342894,28.110363,0
85.3429,28.11036,0
85.342907,28.110356,0
85.342911,28.110351,0
85.342915,28.110345,0
85.342919,28.11034,0
85.342924,28.110336,0
85.342929,28.110332,0
85.342936,28.110328,0
85.342942,28.110325,0
85.342951,28.110323,0
85.342958,28.110322,0
85.342965,28.110321,0
85.342973,28.110322,0
85.34298,28.110324,0
85.342987,28.110327,0
85.342994,28.110328,0
85.343,28.11033,0
85.343006,28.110331,0
85.343012,28.110332,0
85.343017,28.110331,0
85.343024,28.110328,0
85.34303,28.110324,0
85.343036,28.11032,0
85.343043,28.110318,0
85.34305,28.110316,0
85.343057,28.110314,0
85.343064,28.110313,0
85.343072,28.110313,0
85.34308,28.110314,0
85.343089,28.110314,0
85.343097,28.110314,0
85.343105,28.110313,0
85.343111,28.110311,0
85.343116,28.110307,0
85.343134,28.110287,0
85.343136,28.110284,0
85.34314,28.110278,0
85.343146,28.11027,0
85.343152,28.110259,0
85.343157,28.110248,0
85.343162,28.110236,0
85.343168,28.110225,0
85.343174,28.110215,0
85.343181,28.110204,0
85.343186,28.110196,0
85.343193,28.110177,0
85.343193,28.110176,0
85.343195,28.110174,0
85.343199,28.11017,0
85.343204,28.110165,0
85.343209,28.110159,0
85.343214,28.110154,0
85.343219,28.11015,0
85.343224,28.110146,0
85.34323,28.110141,0
85.343235,28.110135,0
85.34324,28.11013,0
85.343245,28.110124,0
85.343251,28.11012,0
85.343257,28.110116,0
85.343263,28.110113,0
85.343267,28.11011,0
85.343272,28.110108,0
85.343277,28.110106,0
85.343282,28.110105,0
85.343287,28.110103,0
85.343291,28.1101,0
85.343296,28.110098,0
85.343302,28.110095,0
85.343308,28.110091,0
85.343315,28.110086,0
85.343322,28.110082,0
85.343329,28.110076,0
85.343337,28.11007,0
85.343344,28.110065,0
85.34335,28.110061,0
85.343356,28.110057,0
85.343363,28.110052,0
85.343369,28.110048,0
85.343374,28.110045,0
85.343381,28.110043,0
85.343389,28.110042,0
85.343397,28.11004,0
85.343404,28.110038,0
85.343411,28.110035,0
85.343417,28.110031,0
85.343423,28.110026,0
85.343429,28.110022,0
85.343435,28.110017,0
85.343442,28.110012,0
85.343448,28.110007,0
85.343453,28.110002,0
85.343458,28.109997,0
85.343462,28.109992,0
85.343467,28.109988,0
85.343471,28.109983,0
85.343475,28.109979,0
85.343479,28.109974,0
85.343482,28.10997,0
85.343494,28.109959,0
85.343497,28.109957,0
85.343504,28.109953,0
85.343513,28.109946,0
85.343523,28.109938,0
85.343531,28.109929,0
85.343539,28.10992,0
85.343548,28.109913,0
85.343558,28.109905,0
85.343567,28.109899,0
85.343576,28.109895,0
85.343583,28.10989,0
85.343589,28.109887,0
85.343593,28.109882,0
85.343597,28.109879,0
85.3436,28.109875,0
85.343603,28.109871,0
85.343607,28.109867,0
85.343611,28.109864,0
85.343616,28.10986,0
85.34362,28.109856,0
85.343624,28.109852,0
85.343628,28.109849,0
85.343633,28.109846,0
85.343639,28.109844,0
85.343645,28.109841,0
85.34365,28.109837,0
85.343654,28.109832,0
85.343658,28.109825,0
85.343662,28.109819,0
85.343665,28.109813,0
85.343667,28.109807,0
85.343673,28.109792,0
85.343675,28.10979,0
85.343676,28.109788,0
85.343679,28.109786,0
85.343684,28.109782,0
85.343688,28.109779,0
85.343692,28.109775,0
85.343697,28.10977,0
85.3437,28.109763,0
85.343703,28.109757,0
85.343706,28.109751,0
85.343709,28.109743,0
85.343711,28.109735,0
85.343712,28.109728,0
85.343713,28.109723,0
85.343714,28.109718,0
85.343721,28.109701,0
85.343724,28.109698,0
85.34373,28.109691,0
85.343737,28.109683,0
85.343745,28.109674,0
85.343751,28.109662,0
85.343758,28.109652,0
85.343764,28.109641,0
85.343769,28.109631,0
85.343775,28.10962,0
85.343779,28.109611,0
85.343783,28.109602,0
85.343785,28.109594,0
85.343786,28.109586,0
85.343788,28.109577,0
85.343789,28.10957,0
85.343791,28.109562,0
85.343793,28.109554,0
85.343795,28.109549,0
85.343799,28.109546,0
85.343803,28.109544,0
85.343808,28.109541,0
85.343813,28.109538,0
85.343817,28.109535,0
85.343822,28.109531,0
85.343827,28.109526,0
85.343832,28.109521,0
85.343839,28.109517,0
85.343846,28.109512,0
85.343853,28.109507,0
85.34386,28.109503,0
85.343865,28.109499,0
85.34387,28.109496,0
85.343875,28.109493,0
85.343881,28.109489,0
85.343888,28.109486,0
85.343894,28.109482,0
85.343899,28.109477,0
85.343905,28.109471,0
85.343908,28.109465,0
85.343911,28.10946,0
85.343919,28.109446,0
85.34392,28.109445,0
85.343924,28.109442,0
85.343929,28.109438,0
85.343933,28.109433,0
85.343937,28.109427,0
85.343942,28.109422,0
85.343948,28.109417,0
85.343953,28.109413,0
85.343958,28.109409,0
85.343966,28.109398,0
85.343968,28.109398,0
85.343969,28.109397,0
85.343972,28.109397,0
85.343976,28.109396,0
85.343981,28.109395,0
85.343986,28.109393,0
85.343991,28.109391,0
85.343998,28.109388,0
85.344006,28.109385,0
85.344013,28.10938,0
85.344022,28.109375,0
85.344029,28.109369,0
85.344035,28.109365,0
85.34404,28.109362,0
85.344053,28.109353,0
85.344054,28.109353,0
85.344056,28.109352,0
85.34406,28.10935,0
85.344065,28.109345,0
85.344071,28.10934,0
85.344078,28.109333,0
85.344085,28.109327,0
85.344092,28.109321,0
85.3441,28.109315,0
85.344107,28.109308,0
85.344115,28.109301,0
85.344122,28.109293,0
85.34413,28.109285,0
85.344136,28.109278,0
85.344142,28.109271,0
85.344148,28.109263,0
85.344153,28.109255,0
85.344158,28.109248,0
85.344162,28.109242,0
85.344167,28.109236,0
85.34417,28.10923,0
85.344173,28.109224,0
85.344176,28.109218,0
85.344177,28.109212,0
85.344178,28.109206,0
85.344178,28.1092,0
85.344179,28.109196,0
85.344181,28.109185,0
85.344183,28.109181,0
85.344184,28.10918,0
85.344187,28.109176,0
85.34419,28.109172,0
85.344201,28.109157,0
85.344201,28.109156,0
85.344202,28.109155,0
85.344203,28.109153,0
85.344211,28.109147,0
85.344214,28.109145,0
85.344213,28.109148,0
85.344211,28.109151,0
85.344207,28.109155,0
85.344203,28.109161,0
85.344199,28.109167,0
85.344195,28.109171,0
85.344191,28.109177,0
85.344188,28.109182,0
85.344185,28.109187,0
85.344169,28.109195,0
85.344166,28.1092,0
85.344159,28.109198,0
85.344156,28.109205,0
85.344173,28.109197,0
85.344175,28.109195,0
85.34418,28.109191,0
85.344185,28.109185,0
85.344189,28.109179,0
85.344194,28.109174,0
85.344198,28.109169,0
85.344203,28.109166,0
85.344208,28.109162,0
85.344215,28.109159,0
85.344222,28.109157,0
85.344229,28.109154,0
85.344237,28.109152,0
85.344244,28.109148,0
85.34425,28.109144,0
85.344256,28.109139,0
85.344262,28.109134,0
85.344269,28.109129,0
85.344276,28.109124,0
85.344283,28.109119,0
85.344289,28.109115,0
85.344295,28.109112,0
85.344301,28.109108,0
85.344307,28.109106,0
85.344311,28.109105,0
85.344315,28.109104,0
85.344317,28.109103,0
85.344321,28.1091,0
85.344324,28.109097,0
85.344326,28.109095,0
85.344331,28.10909,0
85.344337,28.109083,0
85.344343,28.109074,0
85.344351,28.109066,0
85.344358,28.109057,0
85.344365,28.109047,0
85.344373,28.109038,0
85.344382,28.109029,0
85.34439,28.109022,0
85.344396,28.109015,0
85.344402,28.10901,0
85.344408,28.109004,0
85.344414,28.108997,0
85.344421,28.108991,0
85.344426,28.108986,0
85.344431,28.108979,0
85.344435,28.108973,0
85.344437,28.108968,0
85.344438,28.108963,0
85.344446,28.10895,0
85.344448,28.108947,0
85.344452,28.108941,0
85.344459,28.108932,0
85.344467,28.108922,0
85.344478,28.108911,0
85.344489,28.108899,0
85.344501,28.108887,0
85.344512,28.108873,0
85.344523,28.108859,0
85.344532,28.108844,0
85.344539,28.108832,0
85.344546,28.108819,0
85.344552,28.108806,0
85.344558,28.108793,0
85.344565,28.108781,0
85.344572,28.10877,0
85.34458,28.108758,0
85.344587,28.108747,0
85.344596,28.108737,0
85.344604,28.108728,0
85.344612,28.10872,0
85.34462,28.108711,0
85.344628,28.108703,0
85.344636,28.108694,0
85.344645,28.108687,0
85.344654,28.10868,0
85.344665,28.108673,0
85.344676,28.108666,0
85.344686,28.10866,0
85.344695,28.108655,0
85.344703,28.10865,0
85.344711,28.108645,0
85.344721,28.108641,0
85.34473,28.108637,0
85.34474,28.108633,0
85.34475,28.108629,0
85.344761,28.108625,0
85.344772,28.108621,0
85.344784,28.108616,0
85.344794,28.10861,0
85.344804,28.108604,0
85.344813,28.108598,0
85.344821,28.108593,0
85.344828,28.108589,0
85.344835,28.108582,0
85.34484,28.108573,0
85.344845,28.108564,0
85.34485,28.108555,0
85.344857,28.108546,0
85.344863,28.108536,0
85.344868,28.108527,0
85.344873,28.10852,0
85.344877,28.108511,0
85.344881,28.108502,0
85.344886,28.108491,0
85.344889,28.10848,0
85.344891,28.10847,0
85.344894,28.108461,0
85.344897,28.108452,0
85.3449,28.108444,0
85.344904,28.108437,0
85.344909,28.10843,0
85.344915,28.108422,0
85.34492,28.108415,0
85.344925,28.108407,0
85.34493,28.1084,0
85.344935,28.108393,0
85.344941,28.108387,0
85.344946,28.108379,0
85.344951,28.108372,0
85.344954,28.108366,0
85.344956,28.108362,0
85.344966,28.108346,0
85.344967,28.108343,0
85.344967,28.108338,0
85.344968,28.108333,0
85.344971,28.108326,0
85.344974,28.108318,0
85.344975,28.108309,0
85.344977,28.1083,0
85.344979,28.108292,0
85.344981,28.108283,0
85.344982,28.108273,0
85.344984,28.108264,0
85.344987,28.108254,0
85.34499,28.108244,0
85.344993,28.108236,0
85.344998,28.108229,0
85.345002,28.108224,0
85.345008,28.108219,0
85.345016,28.108214,0
85.345024,28.108209,0
85.345032,28.108205,0
85.345039,28.1082,0
85.345044,28.108195,0
85.34505,28.108189,0
85.345056,28.108182,0
85.345061,28.108174,0
85.345064,28.108166,0
85.345065,28.108158,0
85.345066,28.108151,0
85.345066,28.108144,0
85.345067,28.108139,0
85.345073,28.108126,0
85.345074,28.108126,0
85.345075,28.108125,0
85.345078,28.108124,0
85.34508,28.108122,0
85.345094,28.108109,0
85.345095,28.108108,0
85.345098,28.108105,0
85.345101,28.108102,0
85.345109,28.108091,0
85.345111,28.108074,0
85.345114,28.108071,0
85.345118,28.108069,0
85.345123,28.108068,0
85.345126,28.108067,0
85.345133,28.108064,0
85.345142,28.10806,0
85.345151,28.108056,0
85.345162,28.108053,0
85.345173,28.108049,0
85.345184,28.108045,0
85.345197,28.108041,0
85.34521,28.108036,0
85.345221,28.108031,0
85.345232,28.108024,0
85.345243,28.108018,0
85.345253,28.108012,0
85.345262,28.108005,0
85.345269,28.107998,0
85.345276,28.107992,0
85.345284,28.107985,0
85.345292,28.107977,0
85.345299,28.107969,0
85.345305,28.107961,0
85.345311,28.107953,0
85.345318,28.107945,0
85.345324,28.107937,0
85.345328,28.107927,0
85.345333,28.107918,0
85.345338,28.10791,0
85.345346,28.107903,0
85.345353,28.107899,0
85.345361,28.107894,0
85.345367,28.10789,0
85.345373,28.107886,0
85.345388,28.107873,0
85.345389,28.10787,0
85.345389,28.107865,0
85.345388,28.107859,0
85.34539,28.107852,0
85.345394,28.107844,0
85.345398,28.107837,0
85.345402,28.107829,0
85.345404,28.107823,0
85.345406,28.107818,0
85.34541,28.107813,0
85.345423,28.107798,0
85.345424,28.107797,0
85.345428,28.107796,0
85.345433,28.107794,0
85.345439,28.107789,0
85.345444,28.107784,0
85.345449,28.107777,0
85.345453,28.107771,0
85.345458,28.107764,0
85.345463,28.107757,0
85.345468,28.107751,0
85.345473,28.107744,0
85.345478,28.107736,0
85.345482,28.107728,0
85.345486,28.107719,0
85.345488,28.10771,0
85.34549,28.1077,0
85.345492,28.107691,0
85.345494,28.107682,0
85.345497,28.107672,0
85.345499,28.107663,0
85.345502,28.107654,0
85.345505,28.107647,0
85.34551,28.107641,0
85.345514,28.107635,0
85.345519,28.107629,0
85.345524,28.107623,0
85.345531,28.107619,0
85.345536,28.107613,0
85.345539,28.107606,0
85.345541,28.107598,0
85.345542,28.10759,0
85.345542,28.10758,0
85.345544,28.10757,0
85.345546,28.10756,0
85.345549,28.107552,0
85.34555,28.107544,0
85.345551,28.107537,0
85.345552,28.10753,0
85.345554,28.107524,0
85.345556,28.107519,0
85.345566,28.107507,0
85.345569,28.107505,0
85.345574,28.107502,0
85.345582,28.107498,0
85.345593,28.107491,0
85.345605,28.107483,0
85.345619,28.107475,0
85.345631,28.107468,0
85.345644,28.10746,0
85.345657,28.107452,0
85.345667,28.107447,0
85.345674,28.107441,0
85.345679,28.107436,0
85.345683,28.107433,0
85.345694,28.107425,0
85.345693,28.107424,0
85.345692,28.107424,0
85.345693,28.107422,0
85.345696,28.107421,0
85.345703,28.107419,0
85.345709,28.107417,0
85.345716,28.107415,0
85.345724,28.107413,0
85.345732,28.107411,0
85.34574,28.107408,0
85.345749,28.107405,0
85.345757,28.107402,0
85.345766,28.107398,0
85.345773,28.107391,0
85.34578,28.107383,0
85.345786,28.107376,0
85.345792,28.107368,0
85.345797,28.107361,0
85.345802,28.107356,0
85.345807,28.107351,0
85.345814,28.107346,0
85.345821,28.107339,0
85.345826,28.107332,0
85.345832,28.107326,0
85.345838,28.107319,0
85.345844,28.107311,0
85.345849,28.107304,0
85.345854,28.107299,0
85.345861,28.107293,0
85.345867,28.10729,0
85.345873,28.107287,0
85.345879,28.107284,0
85.345884,28.107279,0
85.345888,28.107272,0
85.34589,28.107266,0
85.345892,28.10726,0
85.345894,28.107253,0
85.345895,28.107245,0
85.345895,28.107239,0
85.345895,28.107233,0
85.345893,28.107222,0
85.345892,28.107221,0
85.345901,28.107215,0
85.345902,28.107213,0
85.345905,28.107208,0
85.345909,28.107203,0
85.345915,28.107196,0
85.345921,28.10719,0
85.345929,28.107182,0
85.345938,28.107175,0
85.345948,28.107168,0
85.345957,28.107162,0
85.345963,28.107155,0
85.34597,28.107148,0
85.345978,28.107141,0
85.345984,28.107133,0
85.34599,28.107125,0
85.345994,28.107118,0
85.345999,28.107112,0
85.346002,28.107105,0
85.346006,28.1071,0
85.34601,28.107096,0
85.346013,28.107093,0
85.346014,28.107086,0
85.346016,28.107079,0
85.346018,28.107073,0
85.34602,28.107067,0
85.346025,28.107061,0
85.34603,28.107055,0
85.346035,28.107048,0
85.34604,28.107042,0
85.346044,28.107036,0
85.346048,28.10703,0
85.346052,28.107024,0
85.346056,28.107018,0
85.346061,28.107011,0
85.346066,28.107002,0
85.346069,28.106994,0
85.346071,28.106985,0
85.346071,28.106977,0
85.34607,28.106969,0
85.346071,28.106962,0
85.346072,28.106956,0
85.346081,28.106936,0
85.346056,28.106939,0
85.346058,28.106934,0
85.346058,28.10693,0
85.346058,28.106922,0
85.346061,28.106911,0
85.346062,28.1069,0
85.346066,28.106888,0
85.346071,28.106876,0
85.346079,28.106864,0
85.346088,28.106852,0
85.346096,28.106839,0
85.346101,28.106828,0
85.346105,28.106818,0
85.346106,28.106809,0
85.34611,28.1068,0
85.346116,28.106791,0
85.346122,28.106781,0
85.346128,28.106772,0
85.346133,28.106762,0
85.346137,28.106755,0
85.346143,28.106747,0
85.346148,28.106739,0
85.346152,28.106729,0
85.346155,28.10672,0
85.346159,28.106711,0
85.346163,28.106702,0
85.346166,28.106692,0
85.346167,28.106683,0
85.346166,28.106674,0
85.346166,28.106666,0
85.346167,28.106658,0
85.346166,28.10665,0
85.346167,28.106641,0
85.346168,28.106631,0
85.346171,28.106622,0
85.346176,28.106613,0
85.346181,28.106603,0
85.346185,28.106594,0
85.346189,28.106585,0
85.346194,28.106577,0
85.346199,28.106569,0
85.346203,28.106562,0
85.346216,28.106547,0
85.346217,28.106547,0
85.346221,28.106545,0
85.346225,28.106543,0
85.346229,28.10654,0
85.346243,28.106536,0
85.346244,28.106536,0
85.346245,28.106537,0
85.346248,28.106538,0
85.346251,28.106539,0
85.346252,28.106538,0
85.346253,28.106536,0
85.346255,28.106535,0
85.346261,28.106538,0
85.346262,28.106538,0
85.346269,28.106539,0
85.346276,28.106541,0
85.346277,28.106541,0
85.346283,28.106544,0
85.346283,28.106545,0
85.346283,28.106548,0
85.346283,28.106549,0
85.346291,28.106534,0
85.346293,28.106532,0
85.346298,28.106527,0
85.346304,28.10652,0
85.346311,28.106513,0
85.346319,28.106506,0
85.346327,28.106501,0
85.346334,28.106496,0
85.346338,28.106489,0
85.34634,28.106482,0
85.346344,28.106466,0
85.346336,28.106464,0
85.346333,28.106465,0
85.346326,28.106466,0
85.346318,28.106468,0
85.346307,28.106472,0
85.346294,28.106477,0
85.346282,28.106483,0
85.346271,28.10649,0
85.346259,28.106499,0
85.346248,28.106507,0
85.346239,28.106516,0
85.346233,28.106524,0
85.346231,28.106531,0
85.34623,28.106536,0
85.346232,28.106541,0
85.346233,28.106542,0
85.346234,28.106541,0
85.346238,28.106538,0
85.346244,28.106533,0
85.346251,28.106528,0
85.34626,28.106521,0
85.346267,28.106514,0
85.346274,28.106507,0
85.346281,28.106499,0
85.346289,28.106492,0
85.346299,28.106485,0
85.346306,28.106476,0
85.346313,28.106467,0
85.34632,28.106458,0
85.346327,28.106447,0
85.346333,28.106438,0
85.346341,28.106429,0
85.346348,28.106422,0
85.346356,28.106416,0
85.346364,28.106412,0
85.346372,28.106407,0
85.346379,28.106402,0
85.346387,28.106396,0
85.346394,28.106389,0
85.346401,28.106381,0
85.346407,28.106373,0
85.346413,28.106365,0
85.346419,28.106357,0
85.346425,28.10635,0
85.346432,28.106342,0
85.346439,28.106333,0
85.346448,28.106323,0
85.346457,28.106314,0
85.346465,28.106305,0
85.346474,28.106296,0
85.346482,28.106288,0
85.34649,28.106279,0
85.346499,28.106272,0
85.346509,28.106264,0
85.346519,28.106258,0
85.346528,28.106253,0
85.346537,28.106247,0
85.346546,28.106242,0
85.346554,28.106236,0
85.346563,28.106229,0
85.346571,28.106221,0
85.346579,28.106213,0
85.346587,28.106205,0
85.346595,28.106196,0
85.346602,28.106187,0
85.346608,28.106178,0
85.346614,28.106169,0
85.346619,28.10616,0
85.346623,28.106149,0
85.346627,28.106137,0
85.346629,28.106126,0
85.346631,28.106115,0
85.346633,28.106106,0
85.346635,28.106097,0
85.346637,28.106089,0
85.346639,28.10608,0
85.346641,28.106072,0
85.346645,28.106066,0
85.346651,28.10606,0
85.346657,28.106055,0
85.346665,28.106051,0
85.346672,28.106047,0
85.346679,28.106044,0
85.346685,28.106041,0
85.346689,28.106038,0
85.346701,28.106028,0
85.346703,28.106028,0
85.346708,28.106028,0
85.346714,28.106029,0
85.346722,28.106032,0
85.346731,28.106036,0
85.346741,28.10604,0
85.346751,28.106046,0
85.346762,28.106051,0
85.346773,28.106055,0
85.346783,28.10606,0
85.346793,28.106065,0
85.346802,28.106069,0
85.346812,28.106074,0
85.346823,28.106079,0
85.346834,28.106083,0
85.346846,28.106088,0
85.346856,28.106092,0
85.346866,28.106095,0
85.346876,28.1061,0
85.346887,28.106103,0
85.346898,28.106105,0
85.346909,28.106106,0
85.34692,28.106106,0
85.346931,28.106104,0
85.346941,28.106102,0
85.346951,28.106099,0
85.34696,28.106096,0
85.34697,28.106093,0
85.346979,28.106092,0
85.346989,28.106091,0
85.346999,28.106091,0
85.347008,28.106092,0
85.347018,28.106093,0
85.347029,28.106095,0
85.34704,28.106097,0
85.347052,28.106099,0
85.347063,28.1061,0
85.347074,28.106101,0
85.347083,28.106101,0
85.347091,28.106101,0
85.347111,28.106093,0
85.347115,28.106094,0
85.347122,28.106096,0
85.347132,28.106099,0
85.347142,28.106101,0
85.347154,28.106105,0
85.347167,28.106109,0
85.34718,28.106113,0
85.347193,28.106117,0
85.347207,28.106122,0
85.34722,28.106127,0
85.347233,28.106131,0
85.347245,28.106135,0
85.347257,28.106139,0
85.347269,28.106141,0
85.347281,28.106144,0
85.347294,28.106146,0
85.347307,28.106148,0
85.347319,28.106151,0
85.34733,28.106153,0
85.347342,28.106154,0
85.347353,28.106154,0
85.347364,28.106154,0
85.347375,28.106152,0
85.347384,28.106149,0
85.347394,28.106147,0
85.347405,28.106146,0
85.347415,28.106144,0
85.347426,28.106142,0
85.347435,28.10614,0
85.347445,28.106138,0
85.347455,28.106137,0
85.347466,28.106137,0
85.347476,28.106137,0
85.347487,28.106136,0
85.347496,28.106136,0
85.347505,28.106136,0
85.347515,28.106138,0
85.347524,28.106138,0
85.347533,28.106138,0
85.347541,28.106138,0
85.34755,28.106139,0
85.347558,28.106138,0
85.347565,28.106136,0
85.347571,28.106133,0
85.347575,28.106131,0
85.347588,28.10612,0
85.347589,28.106119,0
85.347592,28.106119,0
85.347598,28.106119,0
85.347605,28.106118,0
85.347612,28.106117,0
85.34762,28.106116,0
85.347628,28.106115,0
85.347635,28.106114,0
85.347642,28.106112,0
85.347648,28.106109,0
85.347655,28.106107,0
85.347664,28.106105,0
85.347673,28.106104,0
85.347683,28.106104,0
85.347691,28.106103,0
85.347699,28.106102,0
85.347707,28.106098,0
85.347714,28.106095,0
85.347721,28.106093,0
85.347728,28.106092,0
85.347736,28.106093,0
85.347744,28.106094,0
85.347749,28.106094,0
85.347763,28.106092,0
85.347763,28.106089,0
85.347765,28.106089,0
85.347771,28.106093,0
85.347777,28.106098,0
85.347783,28.106102,0
85.347788,28.106105,0
85.347793,28.106105,0
85.347797,28.106103,0
85.347798,28.106101,0
85.347803,28.106093,0
85.347805,28.106094,0
85.347809,28.106094,0
85.347815,28.106094,0
85.347821,28.106092,0
85.347826,28.10609,0
85.347838,28.106082,0
85.347838,28.10608,0
85.34784,28.106077,0
85.347841,28.106075,0
85.347844,28.106074,0
85.347849,28.106074,0
85.347855,28.106075,0
85.347862,28.106075,0
85.347868,28.106076,0
85.347872,28.106075,0
85.347878,28.106075,0
85.347884,28.106073,0
85.34789,28.106069,0
85.347895,28.106065,0
85.347899,28.10606,0
85.3479,28.106057,0
85.347901,28.106054,0
85.347904,28.106045,0
85.347903,28.10604,0
85.347906,28.106042,0
85.347898,28.106024,0
85.347896,28.106019,0
85.347893,28.106002,0
85.347898,28.105995,0
85.347902,28.105996,0
85.347912,28.105997,0
85.347924,28.105998,0
85.347937,28.106,0
85.347953,28.106004,0
85.347967,28.106008,0
85.347984,28.106012,0
85.348001,28.106015,0
85.348019,28.106017,0
85.348033,28.106017,0
85.348046,28.106017,0
85.348058,28.106017,0
85.348068,28.106017,0
85.348076,28.106018,0
85.348083,28.106021,0
85.348092,28.106024,0
85.348101,28.106027,0
85.348111,28.10603,0
85.34812,28.106034,0
85.348129,28.106039,0
85.348141,28.106043,0
85.348154,28.106048,0
85.348169,28.106052,0
85.348184,28.106056,0
85.348198,28.106059,0
85.348211,28.106061,0
85.348222,28.106062,0
85.348232,28.106061,0
85.348241,28.106059,0
85.348249,28.106055,0
85.348257,28.106053,0
85.348264,28.106052,0
85.348273,28.106052,0
85.348284,28.106053,0
85.348293,28.106054,0
85.3483,28.106055,0
85.348308,28.106055,0
85.348315,28.106054,0
85.34832,28.106055,0
85.348325,28.106055,0
85.348328,28.106056,0
85.348331,28.106058,0
85.348336,28.106064,0
85.348338,28.106064,0
85.348341,28.106065,0
85.348346,28.106063,0
85.348351,28.106059,0
85.348356,28.106054,0
85.348361,28.10605,0
85.348367,28.106046,0
85.348373,28.106044,0
85.34838,28.106042,0
85.348388,28.10604,0
85.348394,28.106038,0
85.3484,28.106036,0
85.348405,28.106035,0
85.34841,28.106033,0
85.348414,28.106031,0
85.348418,28.106029,0
85.348426,28.106024,0
85.348431,28.10602,0
85.348434,28.106019,0
85.34844,28.106018,0
85.34845,28.106018,0
85.348461,28.106018,0
85.348473,28.106015,0
85.348485,28.106012,0
85.348498,28.10601,0
85.348511,28.106006,0
85.348523,28.106001,0
85.348533,28.105997,0
85.348541,28.105991,0
85.348548,28.105984,0
85.348554,28.105978,0
85.348559,28.105971,0
85.348564,28.105966,0
85.348568,28.105959,0
85.348571,28.10595,0
85.348572,28.105941,0
85.348573,28.105932,0
85.348572,28.105924,0
85.348569,28.105917,0
85.348565,28.10591,0
85.348562,28.105903,0
85.348546,28.105892,0
85.348553,28.105904,0
85.348556,28.105905,0
85.348564,28.105908,0
85.348574,28.105911,0
85.348586,28.105914,0
85.348599,28.105917,0
85.348611,28.105921,0
85.348624,28.105923,0
85.348636,28.105925,0
85.348648,28.105929,0
85.348658,28.105931,0
85.348667,28.105932,0
85.348674,28.105933,0
85.348682,28.105932,0
85.348689,28.10593,0
85.348695,28.105927,0
85.348703,28.105924,0
85.348711,28.105922,0
85.348719,28.105921,0
85.348727,28.105917,0
85.348734,28.105914,0
85.348742,28.105911,0
85.348749,28.105908,0
85.348756,28.105905,0
85.348763,28.105903,0
85.34877,28.105899,0
85.348779,28.105897,0
85.348787,28.105895,0
85.348796,28.105892,0
85.348803,28.105889,0
85.348809,28.105885,0
85.348814,28.105882,0
85.348819,28.105879,0
85.348822,28.105878,0
85.348826,28.105877,0
85.348832,28.105875,0
85.348837,28.105874,0
85.348844,28.105872,0
85.348851,28.105871,0
85.348858,28.105872,0
85.348865,28.105873,0
85.348872,28.105874,0
85.348877,28.105875,0
85.348884,28.105875,0
85.348889,28.105875,0
85.348895,28.105874,0
85.348902,28.105873,0
85.348909,28.105871,0
85.348915,28.10587,0
85.348922,28.105869,0
85.348929,28.105867,0
85.348937,28.105865,0
85.348943,28.105864,0
85.348949,28.105864,0
85.348955,28.105864,0
85.348962,28.105864,0
85.348969,28.105864,0
85.348976,28.105863,0
85.348982,28.105862,0
85.348987,28.105861,0
85.349,28.105857,0
85.349003,28.105857,0
85.349011,28.105856,0
85.349022,28.105854,0
85.349035,28.105852,0
85.349048,28.10585,0
85.349062,28.105848,0
85.349076,28.105847,0
85.34909,28.105848,0
85.349105,28.105849,0
85.349118,28.10585,0
85.34913,28.10585,0
85.349142,28.10585,0
85.349152,28.105849,0
85.349162,28.105848,0
85.349171,28.105847,0
85.349178,28.105846,0
85.3492,28.105839,0
85.349202,28.105839,0
85.349206,28.105839,0
85.349212,28.105838,0
85.349221,28.105836,0
85.34923,28.105832,0
85.349241,28.105828,0
85.34925,28.105824,0
85.34926,28.105819,0
85.349269,28.105815,0
85.349279,28.105811,0
85.349289,28.105806,0
85.349299,28.105802,0
85.34931,28.105799,0
85.349321,28.105797,0
85.349332,28.105795,0
85.349343,28.105793,0
85.349355,28.105791,0
85.349366,28.105789,0
85.349377,28.105786,0
85.349386,28.105782,0
85.349395,28.105778,0
85.349403,28.105775,0
85.349411,28.105773,0
85.34942,28.105772,0
85.349428,28.105772,0
85.349435,28.105773,0
85.349441,28.105774,0
85.349466,28.105779,0
85.349469,28.10578,0
85.349474,28.105782,0
85.349481,28.105784,0
85.34949,28.105786,0
85.3495,28.105788,0
85.34951,28.10579,0
85.349521,28.105791,0
85.349532,28.105792,0
85.349544,28.105793,0
85.349558,28.105794,0
85.34957,28.105796,0
85.349581,28.105799,0
85.349592,28.105801,0
85.349603,28.105803,0
85.349613,28.105805,0
85.349623,28.105806,0
85.349632,28.105806,0
85.349644,28.105807,0
85.349654,28.105807,0
85.349664,28.105808,0
85.349673,28.10581,0
85.349682,28.105811,0
85.349689,28.105812,0
85.349696,28.105814,0
85.349704,28.105816,0
85.349711,28.105817,0
85.349717,28.105818,0
85.349738,28.105818,0
85.34974,28.105818,0
85.349746,28.105819,0
85.349755,28.10582,0
85.349766,28.105821,0
85.349777,28.105821,0
85.349789,28.105823,0
85.349801,28.105825,0
85.349814,28.105828,0
85.349826,28.105832,0
85.349837,28.105835,0
85.349848,28.105837,0
85.349856,28.105838,0
85.349866,28.105838,0
85.349875,28.105837,0
85.349885,28.105836,0
85.349894,28.105833,0
85.349904,28.105832,0
85.349912,28.105831,0
85.349919,28.105832,0
85.349926,28.105832,0
85.349932,28.105834,0
85.349938,28.105836,0
85.349945,28.105839,0
85.349953,28.105842,0
85.34996,28.105846,0
85.349967,28.105849,0
85.349973,28.105852,0
85.34998,28.105855,0
85.349987,28.105859,0
85.350008,28.105869,0
85.350009,28.10587,0
85.350013,28.105871,0
85.350018,28.105872,0
85.350024,28.105874,0
85.35003,28.105876,0
85.350037,28.10588,0
85.350046,28.105882,0
85.350054,28.105884,0
85.350062,28.105888,0
85.350071,28.10589,0
85.350079,28.105893,0
85.350086,28.105896,0
85.350095,28.105898,0
85.350103,28.105899,0
85.35011,28.1059,0
85.350116,28.105901,0
85.35013,28.105896,0
85.35013,28.105895,0
85.35014,28.105893,0
85.350142,28.105892,0
85.350145,28.105893,0
85.35015,28.105895,0
85.350156,28.105899,0
85.350164,28.105901,0
85.350173,28.105903,0
85.350182,28.105904,0
85.35019,28.105904,0
85.350196,28.105905,0
85.350218,28.105909,0
85.350219,28.105909,0
85.350223,28.105909,0
85.350228,28.10591,0
85.350234,28.105912,0
85.350242,28.105916,0
85.350249,28.10592,0
85.350257,28.105925,0
85.350264,28.105929,0
85.350273,28.105933,0
85.350281,28.105938,0
85.35029,28.10594,0
85.3503,28.105942,0
85.350311,28.105942,0
85.350321,28.105944,0
85.35033,28.105944,0
85.350339,28.105945,0
85.350348,28.105948,0
85.350357,28.105951,0
85.350367,28.105956,0
85.350377,28.105961,0
85.350386,28.105965,0
85.350396,28.105968,0
85.350406,28.10597,0
85.350416,28.105971,0
85.350426,28.105972,0
85.350435,28.105973,0
85.350443,28.105974,0
85.350452,28.105975,0
85.350463,28.105976,0
85.350474,28.105978,0
85.350485,28.105981,0
85.350497,28.105983,0
85.350509,28.105984,0
85.35052,28.105985,0
85.350531,28.105985,0
85.350542,28.105985,0
85.350553,28.105985,0
85.350564,28.105985,0
85.350575,28.105985,0
85.350586,28.105985,0
85.350595,28.105986,0
85.350616,28.105986,0
85.350621,28.105983,0
85.350623,28.105982,0
85.350627,28.105982,0
85.350635,28.105983,0
85.350644,28.105985,0
85.350655,28.105988,0
85.350665,28.105991,0
85.350675,28.105995,0
85.350686,28.105999,0
85.350698,28.106001,0
85.35071,28.106004,0
85.350724,28.106007,0
85.350736,28.106009,0
85.350748,28.106011,0
85.35076,28.106013,0
85.350772,28.106015,0
85.350784,28.106016,0
85.350795,28.106017,0
85.350807,28.106019,0
85.350818,28.106021,0
85.350828,28.106023,0
85.350838,28.106026,0
85.350849,28.106028,0
85.350859,28.10603,0
85.350869,28.106032,0
85.35088,28.106034,0
85.350892,28.106036,0
85.350902,28.106038,0
85.350911,28.10604,0
85.350921,28.10604,0
85.35093,28.106039,0
85.350938,28.106039,0
85.350947,28.106038,0
85.350956,28.106039,0
85.350965,28.106039,0
85.350975,28.106039,0
85.350984,28.106038,0
85.350994,28.106037,0
85.351004,28.106035,0
85.351014,28.106033,0
85.351023,28.106032,0
85.351033,28.106032,0
85.351042,28.106031,0
85.351053,28.10603,0
85.351063,28.106028,0
85.351072,28.106026,0
85.35108,28.106023,0
85.351088,28.106022,0
85.351096,28.10602,0
85.351103,28.106019,0
85.351123,28.10602,0
85.351125,28.10602,0
85.351131,28.106021,0
85.351138,28.106021,0
85.351147,28.106021,0
85.351157,28.106019,0
85.351168,28.106017,0
85.351179,28.106015,0
85.35119,28.106014,0
85.351201,28.106014,0
85.351213,28.106013,0
85.351224,28.106013,0
85.351235,28.106013,0
85.351246,28.106012,0
85.351258,28.106012,0
85.351269,28.106013,0
85.351279,28.106014,0
85.351289,28.106016,0
85.351299,28.106017,0
85.351308,28.106016,0
85.351316,28.106014,0
85.351326,28.106013,0
85.351337,28.106011,0
85.351346,28.106009,0
85.351356,28.106007,0
85.351366,28.106007,0
85.351376,28.106007,0
85.351386,28.106007,0
85.351397,28.106008,0
85.351406,28.106009,0
85.351416,28.106009,0
85.351425,28.106009,0
85.351434,28.10601,0
85.351443,28.106012,0
85.35145,28.106014,0
85.351456,28.106018,0
85.351462,28.106022,0
85.351466,28.106027,0
85.351471,28.106031,0
85.351476,28.106034,0
85.351479,28.106037,0
85.351482,28.10604,0
85.351491,28.106046,0
85.351492,28.106046,0
85.351493,28.106045,0
85.351493,28.106041,0
85.351493,28.106038,0
85.351493,28.106037,0
85.3515,28.106036,0
85.351501,28.106035,0
85.351501,28.10602,0
85.35151,28.106013,0
85.351513,28.106008,0
85.351514,28.106007,0
85.351515,28.106004,0
85.351517,28.106001,0
85.351519,28.105997,0
85.351538,28.105971,0
85.35154,28.105968,0
85.351541,28.105966,0
85.351538,28.105968,0
85.351537,28.105968,0
85.351537,28.10597,0
85.351535,28.105972,0
85.351535,28.105975,0
85.35153,28.105986,0
85.351529,28.105987,0
85.351526,28.10599,0
85.35153,28.105991,0
85.351531,28.105988,0
85.351532,28.105987,0
85.351535,28.105978,0
85.351546,28.10598,0
85.35155,28.105983,0
85.351551,28.105984,0
85.35156,28.105986,0
85.351548,28.105986,0
85.35155,28.105988,0
85.351555,28.105991,0
85.351563,28.105996,0
85.351572,28.106002,0
85.351582,28.106008,0
85.351593,28.106015,0
85.351603,28.106022,0
85.351613,28.106029,0
85.351623,28.106037,0
85.351632,28.106044,0
85.35164,28.10605,0
85.351646,28.106055,0
85.351665,28.106066,0
85.351666,28.106067,0
85.351669,28.106071,0
85.351673,28.106076,0
85.351677,28.106081,0
85.351682,28.106087,0
85.351688,28.106092,0
85.351694,28.106097,0
85.3517,28.106102,0
85.351704,28.106107,0
85.35171,28.106113,0
85.351716,28.106119,0
85.351723,28.106124,0
85.351731,28.106128,0
85.351738,28.106133,0
85.351746,28.106137,0
85.351753,28.106141,0
85.351759,28.106146,0
85.351764,28.106152,0
85.351768,28.106158,0
85.351773,28.106163,0
85.351778,28.106169,0
85.351783,28.106173,0
85.351789,28.106177,0
85.351797,28.106182,0
85.351806,28.106187,0
85.351813,28.106191,0
85.351819,28.106195,0
85.351846,28.106208,0
85.351848,28.106208,0
85.351851,28.10621,0
85.351856,28.106212,0
85.351861,28.106215,0
85.351867,28.106219,0
85.351875,28.106222,0
85.351883,28.106226,0
85.351891,28.106229,0
85.351899,28.106233,0
85.351907,28.106238,0
85.351914,28.106242,0
85.351923,28.106245,0
85.351931,28.106247,0
85.35194,28.106249,0
85.351948,28.106252,0
85.351956,28.106253,0
85.351964,28.106255,0
85.351973,28.106258,0
85.351982,28.10626,0
85.351992,28.106263,0
85.352002,28.106265,0
85.352011,28.106267,0
85.352019,28.106269,0
85.352026,28.106269,0
85.352046,28.10627,0
85.35205,28.106271,0
85.352057,28.106273,0
85.352065,28.106275,0
85.352074,28.106276,0
85.352085,28.106276,0
85.352097,28.106278,0
85.35211,28.106281,0
85.352121,28.106284,0
85.352134,28.106287,0
85.352146,28.10629,0
85.352159,28.106292,0
85.352171,28.106293,0
85.352181,28.106293,0
85.352192,28.106292,0
85.352203,28.106291,0
85.352214,28.10629,0
85.352227,28.106289,0
85.352239,28.106288,0
85.352249,28.106287,0
85.35226,28.106285,0
85.35227,28.106283,0
85.352279,28.10628,0
85.352288,28.106277,0
85.352296,28.106273,0
85.352305,28.10627,0
85.352314,28.106267,0
85.352323,28.106262,0
85.352332,28.106258,0
85.352341,28.106254,0
85.352351,28.10625,0
85.352359,28.106248,0
85.352368,28.106246,0
85.352378,28.106244,0
85.352387,28.106243,0
85.352396,28.106242,0
85.352404,28.106241,0
85.352413,28.106241,0
85.352421,28.106241,0
85.352431,28.106241,0
85.352439,28.106241,0
85.352447,28.10624,0
85.352455,28.106242,0
85.352464,28.106243,0
85.352473,28.106245,0
85.352483,28.106248,0
85.352492,28.106251,0
85.352502,28.106253,0
85.352512,28.106256,0
85.352522,28.106258,0
85.352532,28.10626,0
85.352541,28.106261,0
85.352551,28.106264,0
85.352562,28.106266,0
85.352573,28.106269,0
85.352585,28.106272,0
85.352598,28.106275,0
85.35261,28.106276,0
85.352623,28.106278,0
85.352636,28.106279,0
85.352648,28.10628,0
85.35266,28.106282,0
85.352673,28.106283,0
85.352685,28.106286,0
85.352698,28.106289,0
85.352711,28.106292,0
85.352722,28.106294,0
85.352734,28.106296,0
85.352746,28.106298,0
85.352756,28.106299,0
85.352767,28.106301,0
85.352779,28.106301,0
85.352792,28.106301,0
85.352804,28.1063,0
85.352816,28.1063,0
85.352828,28.1063,0
85.35284,28.1063,0
85.352853,28.1063,0
85.352864,28.1063,0
85.352876,28.106301,0
85.352887,28.106301,0
85.352899,28.106301,0
85.35291,28.106299,0
85.352923,28.106298,0
85.352933,28.106297,0
85.352943,28.106296,0
85.352953,28.106296,0
85.352963,28.106297,0
85.352974,28.106297,0
85.352986,28.106296,0
85.352997,28.106296,0
85.353007,28.106296,0
85.353018,28.106295,0
85.353029,28.106295,0
85.35304,28.106296,0
85.353051,28.106297,0
85.353062,28.106299,0
85.353073,28.106302,0
85.353084,28.106304,0
85.353095,28.106306,0
85.353106,28.106307,0
85.353118,28.106308,0
85.353131,28.106311,0
85.353144,28.106314,0
85.353156,28.106316,0
85.353167,28.106319,0
85.353178,28.106321,0
85.353188,28.106322,0
85.353199,28.106323,0
85.353209,28.106324,0
85.353221,28.106324,0
85.353233,28.106324,0
85.353245,28.106324,0
85.353257,28.106324,0
85.353268,28.106323,0
85.353277,28.106322,0
85.353285,28.10632,0
85.353295,28.10632,0
85.353305,28.106323,0
85.353316,28.106327,0
85.353326,28.106333,0
85.353381,28.106378,0
85.353384,28.106379,0
85.353391,28.106379,0
85.353401,28.10638,0
85.353412,28.106381,0
85.353455,28.106397,0
85.353457,28.106398,0
85.353463,28.106399,0
85.353469,28.1064,0
85.353472,28.106402,0
85.3535,28.106398,0
85.353502,28.106397,0
85.353508,28.106394,0
85.353516,28.106391,0
85.353526,28.106389,0
85.35357,28.10639,0
85.353573,28.10639,0
85.353579,28.106392,0
85.353586,28.106393,0
85.353595,28.106394,0
85.353641,28.106395,0
85.35366,28.106398,0
85.353662,28.106397,0
85.353665,28.106396,0
85.35367,28.106394,0
85.353675,28.106393,0
85.353682,28.106391,0
85.353688,28.10639,0
85.353696,28.106388,0
85.353706,28.106386,0
85.353719,28.106386,0
85.353733,28.106389,0
85.353746,28.10639,0
85.353759,28.106389,0
85.353774,28.106389,0
85.353788,28.106387,0
85.353802,28.106385,0
85.353814,28.106383,0
85.353825,28.106382,0
85.353835,28.106384,0
85.353845,28.106387,0
85.3539,28.106395,0
85.353946,28.106395,0
85.353949,28.106394,0
85.353955,28.10639,0
85.353963,28.106387,0
85.35401,28.106375,0
85.354041,28.106375,0
85.35409,28.106392,0
85.354092,28.106392,0
85.354096,28.106393,0
85.354136,28.106387,0
85.354138,28.106384,0
85.354161,28.106352,0
85.354163,28.10635,0
85.354167,28.106348,0
85.354173,28.106343,0
85.35418,28.10634,0
85.354192,28.106338,0
85.354205,28.106339,0
85.354253,28.106344,0
85.354254,28.106343,0
85.354264,28.106343,0
85.354273,28.10634,0
85.35428,28.106335,0
85.354287,28.10633,0
85.354308,28.106317,0
85.354355,28.106309,0
85.354358,28.106308,0
85.354364,28.106305,0
85.354373,28.106302,0
85.354384,28.106299,0
85.354397,28.106296,0
85.35441,28.106293,0
85.354424,28.106292,0
85.354435,28.10629,0
85.354446,28.106285,0
85.354457,28.106281,0
85.35447,28.106279,0
85.354483,28.106279,0
85.354496,28.10628,0
85.354508,28.106281,0
85.35452,28.10628,0
85.354531,28.106279,0
85.354542,28.106277,0
85.354554,28.106274,0
85.354567,28.106272,0
85.354578,28.10627,0
85.354589,28.106269,0
85.3546,28.106266,0
85.35461,28.106264,0
85.35462,28.106259,0
85.354655,28.106236,0
85.354658,28.106231,0
85.354686,28.106206,0
85.354689,28.106203,0
85.354694,28.1062,0
85.354702,28.106197,0
85.35471,28.106193,0
85.35472,28.10619,0
85.354729,28.106184,0
85.354738,28.106177,0
85.354748,28.106171,0
85.354758,28.106167,0
85.354766,28.106164,0
85.354774,28.106162,0
85.354783,28.106161,0
85.354792,28.106159,0
85.354802,28.106155,0
85.354812,28.106151,0
85.354822,28.106146,0
85.35483,28.106139,0
85.354839,28.106134,0
85.35488,28.106117,0
85.354882,28.106117,0
85.354887,28.106113,0
85.354893,28.106107,0
85.3549,28.1061,0
85.354908,28.106094,0
85.354916,28.106087,0
85.35495,28.106062,0
85.354952,28.106061,0
85.354956,28.106059,0
85.354963,28.106057,0
85.354971,28.106056,0
85.354979,28.106055,0
85.354987,28.106053,0
85.35504,28.106034,0
85.355041,28.106033,0
85.355045,28.106031,0
85.355075,28.106031,0
85.355076,28.106031,0
85.355079,28.106031,0
85.355082,28.106031,0
85.355086,28.106027,0
85.355092,28.106023,0
85.355101,28.10602,0
85.355111,28.106014,0
85.355123,28.106006,0
85.35516,28.105973,0
85.355162,28.105971,0
85.355168,28.105971,0
85.355174,28.105971,0
85.35518,28.105971,0
85.355216,28.105976,0
85.355218,28.105975,0
85.355222,28.105973,0
85.355251,28.105964,0
85.355254,28.105964,0
85.355315,28.105938,0
85.355319,28.105937,0
85.355327,28.105935,0
85.355366,28.105916,0
85.355369,28.105915,0
85.355378,28.105914,0
85.355389,28.105913,0
85.355401,28.105914,0
85.355461,28.105903,0
85.355464,28.105902,0
85.35547,28.1059,0
85.355476,28.105899,0
85.355482,28.105895,0
85.355488,28.105896,0
85.355493,28.105896,0
85.355499,28.105895,0
85.355505,28.105894,0
85.355512,28.10589,0
85.355522,28.105885,0
85.355533,28.10588,0
85.355546,28.105874,0
85.355558,28.105869,0
85.35557,28.105865,0
85.355601,28.105856,0
85.355602,28.105856,0
85.355606,28.105856,0
85.355614,28.105856,0
85.355623,28.105855,0
85.355633,28.105853,0
85.355642,28.105848,0
85.355653,28.105844,0
85.355664,28.105838,0
85.355676,28.10583,0
85.355689,28.105822,0
85.355702,28.105814,0
85.355716,28.105806,0
85.355728,28.105801,0
85.355739,28.105797,0
85.355749,28.105792,0
85.35576,28.105788,0
85.35577,28.105784,0
85.355781,28.105782,0
85.355825,28.105774,0
85.355826,28.105772,0
85.35583,28.105768,0
85.355837,28.105764,0
85.355846,28.105761,0
85.355855,28.105759,0
85.355864,28.105756,0
85.355873,28.105754,0
85.355886,28.105749,0
85.355899,28.105741,0
85.355912,28.105732,0
85.355923,28.105721,0
85.355934,28.105713,0
85.355947,28.105706,0
85.355961,28.105699,0
85.355974,28.105694,0
85.355984,28.105688,0
85.355996,28.10568,0
85.356007,28.105673,0
85.356046,28.105648,0
85.35605,28.105647,0
85.356056,28.105646,0
85.356067,28.105645,0
85.356078,28.105643,0
85.356089,28.10564,0
85.356101,28.105635,0
85.356153,28.105611,0
85.356156,28.10561,0
85.356161,28.105607,0
85.356168,28.105603,0
85.356176,28.105598,0
85.356182,28.105594,0
85.356185,28.10559,0
85.356191,28.105576,0
85.356193,28.105571,0
85.3562,28.10557,0
85.356203,28.105568,0
85.356211,28.105566,0
85.356222,28.105562,0
85.356236,28.105558,0
85.356251,28.105553,0
85.356268,28.105547,0
85.356282,28.105541,0
85.356299,28.105536,0
85.356316,28.105532,0
85.356333,28.105527,0
85.356349,28.105523,0
85.356365,28.10552,0
85.356381,28.105517,0
85.356394,28.105514,0
85.356407,28.105511,0
85.35642,28.105508,0
85.356432,28.105505,0
85.356446,28.105503,0
85.35646,28.105501,0
85.356473,28.105498,0
85.356485,28.105495,0
85.356496,28.10549,0
85.356508,28.105485,0
85.356519,28.10548,0
85.35653,28.105474,0
85.356541,28.105468,0
85.356552,28.105463,0
85.356562,28.105456,0
85.356574,28.105449,0
85.356585,28.105441,0
85.356596,28.105434,0
85.356606,28.105426,0
85.356616,28.105418,0
85.356626,28.105412,0
85.356636,28.105407,0
85.356649,28.105402,0
85.35666,28.105396,0
85.356671,28.105391,0
85.356681,28.105386,0
85.35669,28.105383,0
85.356699,28.105379,0
85.35671,28.105373,0
85.356721,28.105365,0
85.356733,28.105359,0
85.356745,28.105354,0
85.356757,28.10535,0
85.356769,28.105346,0
85.356781,28.105342,0
85.356793,28.105338,0
85.356805,28.105335,0
85.356818,28.10533,0
85.356833,28.105327,0
85.356847,28.105323,0
85.356861,28.105319,0
85.356873,28.105314,0
85.356885,28.105309,0
85.356899,28.105305,0
85.356912,28.1053,0
85.356925,28.105295,0
85.356936,28.105289,0
85.356947,28.105285,0
85.356958,28.105283,0
85.35697,28.105279,0
85.35698,28.105276,0
85.356991,28.105273,0
85.357002,28.105268,0
85.357013,28.105263,0
85.357026,28.105258,0
85.357037,28.105255,0
85.357048,28.105252,0
85.357059,28.105249,0
85.35707,28.105246,0
85.357081,28.105243,0
85.357093,28.10524,0
85.357104,28.105236,0
85.35712,28.105232,0
85.357173,28.105217,0
85.357176,28.105216,0
85.357183,28.105214,0
85.357192,28.105212,0
85.357202,28.105208,0
85.357243,28.105192,0
85.357246,28.105191,0
85.357253,28.105191,0
85.357262,28.10519,0
85.357272,28.10519,0
85.357282,28.105188,0
85.357293,28.105185,0
85.357305,28.105183,0
85.357317,28.105182,0
85.357328,28.10518,0
85.357339,28.105179,0
85.35735,28.105177,0
85.357361,28.105175,0
85.357372,28.105175,0
85.357384,28.105174,0
85.357393,28.105173,0
85.357416,28.10517,0
85.357421,28.10517,0
85.357423,28.10517,0
85.357428,28.10517,0
85.357435,28.10517,0
85.357444,28.105169,0
85.357453,28.105168,0
85.357464,28.105166,0
85.357474,28.105164,0
85.357516,28.10515,0
85.357519,28.105149,0
85.357525,28.105147,0
85.357533,28.105146,0
85.357543,28.105144,0
85.357554,28.105143,0
85.357566,28.105142,0
85.357579,28.105139,0
85.35759,28.105136,0
85.357658,28.105112,0
85.357664,28.10511,0
85.357688,28.1051,0
85.357691,28.105102,0
85.357726,28.105114,0
85.357729,28.105114,0
85.357736,28.105114,0
85.357745,28.105116,0
85.357756,28.105118,0
85.357768,28.10512,0
85.35783,28.105124,0
85.357835,28.105123,0
85.357844,28.105124,0
85.357854,28.105125,0
85.357865,28.105126,0
85.357878,28.105127,0
85.357891,28.105127,0
85.357905,28.105128,0
85.357919,28.105129,0
85.357932,28.105129,0
85.357945,28.105127,0
85.357957,28.105124,0
85.357969,28.10512,0
85.357981,28.105118,0
85.357994,28.105117,0
85.358005,28.105117,0
85.358016,28.105118,0
85.358026,28.10512,0
85.358037,28.105121,0
85.358048,28.105123,0
85.358058,28.105124,0
85.35807,28.105126,0
85.358082,28.105127,0
85.358095,28.105128,0
85.358108,28.105128,0
85.358121,28.105128,0
85.358134,28.10513,0
85.358145,28.105131,0
85.358155,28.105132,0
85.358163,28.105133,0
85.358171,28.105134,0
85.35821,28.105137,0
85.358212,28.105138,0
85.358218,28.105138,0
85.358226,28.10514,0
85.358236,28.10514,0
85.358246,28.10514,0
85.35829,28.105134,0
85.358292,28.105134,0
85.358333,28.105131,0
85.358336,28.105131,0
85.358342,28.105132,0
85.358351,28.105133,0
85.358361,28.105135,0
85.358373,28.105135,0
85.358384,28.105138,0
85.358395,28.105139,0
85.358406,28.10514,0
85.358415,28.10514,0
85.358438,28.105136,0
85.358436,28.105131,0
85.358436,28.10513,0
85.358436,28.105128,0
85.358439,28.105127,0
85.358444,28.105125,0
85.358452,28.105124,0
85.358461,28.105122,0
85.358469,28.105118,0
85.358477,28.105114,0
85.358487,28.105111,0
85.358498,28.10511,0
85.358509,28.10511,0
85.358521,28.10511,0
85.358532,28.10511,0
85.358541,28.10511,0
85.358549,28.10511,0
85.358556,28.10511,0
85.358561,28.105108,0
85.358567,28.105107,0
85.358575,28.105106,0
85.358585,28.105104,0
85.35864,28.105087,0
85.358644,28.105086,0
85.35865,28.105082,0
85.358658,28.105079,0
85.358665,28.105076,0
85.358674,28.105073,0
85.358684,28.10507,0
85.358695,28.105066,0
85.358708,28.10506,0
85.35872,28.105055,0
85.358733,28.10505,0
85.358746,28.105043,0
85.358759,28.105038,0
85.358772,28.105033,0
85.358785,28.105029,0
85.358835,28.105019,0
85.358838,28.105018,0
85.358844,28.105018,0
85.358851,28.105017,0
85.358876,28.105011,0
85.358879,28.105009,0
85.358887,28.105006,0
85.358897,28.105003,0
85.35891,28.104999,0
85.358925,28.104994,0
85.35894,28.104989,0
85.358956,28.104984,0
85.358969,28.10498,0
85.358982,28.104977,0
85.358992,28.104978,0
85.359002,28.10498,0
85.359012,28.104982,0
85.359022,28.104983,0
85.359035,28.104981,0
85.359052,28.104977,0
85.359066,28.104966,0
85.35908,28.104956,0
85.359095,28.104946,0
85.359108,28.104937,0
85.35912,28.104929,0
85.359133,28.104921,0
85.359146,28.104915,0
85.359161,28.10491,0
85.359174,28.104906,0
85.359187,28.104902,0
85.359199,28.104897,0
85.359211,28.104891,0
85.359222,28.104884,0
85.359234,28.104877,0
85.359245,28.104871,0
85.359255,28.104867,0
85.359263,28.104864,0
85.359271,28.104858,0
85.359279,28.104852,0
85.359287,28.104846,0
85.359295,28.104841,0
85.359304,28.104837,0
85.359314,28.104833,0
85.359325,28.104828,0
85.359338,28.10482,0
85.359349,28.104813,0
85.359361,28.104808,0
85.359372,28.104804,0
85.359381,28.1048,0
85.359389,28.104797,0
85.359397,28.104796,0
85.359406,28.104796,0
85.359415,28.104798,0
85.359424,28.1048,0
85.35943,28.1048,0
85.359436,28.104799,0
85.359444,28.104802,0
85.359451,28.104807,0
85.359458,28.104814,0
85.359463,28.104819,0
85.359476,28.104831,0
85.359478,28.104829,0
85.359477,28.10483,0
85.359478,28.104823,0
85.359478,28.104822,0
85.359479,28.104821,0
85.359481,28.104819,0
85.359486,28.104817,0
85.35949,28.104815,0
85.359496,28.104812,0
85.359503,28.104809,0
85.35951,28.104804,0
85.359518,28.1048,0
85.359527,28.104797,0
85.359537,28.104794,0
85.359546,28.104792,0
85.359554,28.104788,0
85.359563,28.104783,0
85.359574,28.104779,0
85.359584,28.104774,0
85.359597,28.10477,0
85.359607,28.104767,0
85.359625,28.104758,0
85.359624,28.104758,0
85.35962,28.104761,0
85.359619,28.104762,0
85.35962,28.104768,0
85.359625,28.104761,0
85.359626,28.104761,0
85.35963,28.10476,0
85.359637,28.104759,0
85.359647,28.104757,0
85.359656,28.104754,0
85.359665,28.10475,0
85.359676,28.104746,0
85.359687,28.104742,0
85.359697,28.104737,0
85.359707,28.10473,0
85.359718,28.104723,0
85.359729,28.104717,0
85.359741,28.10471,0
85.359752,28.104703,0
85.359763,28.104696,0
85.359773,28.104688,0
85.359782,28.104681,0
85.35979,28.104674,0
85.359825,28.104646,0
85.359825,28.104644,0
85.359825,28.104639,0
85.359829,28.104634,0
85.359834,28.104629,0
85.359841,28.104624,0
85.359848,28.10462,0
85.359853,28.104616,0
85.359856,28.104612,0
85.359858,28.104609,0
85.35986,28.104608,0
85.359861,28.104608,0
85.359873,28.104605,0
85.359875,28.104604,0
85.359879,28.104602,0
85.359886,28.104599,0
85.359894,28.104597,0
85.359901,28.104593,0
85.359908,28.10459,0
85.359915,28.104588,0
85.359921,28.104586,0
85.359926,28.104585,0
85.35993,28.104582,0
85.359941,28.104578,0
85.35994,28.104583,0
85.359958,28.104575,0
85.359961,28.104573,0
85.359967,28.104569,0
85.360035,28.104548,0
85.360038,28.104547,0
85.360045,28.104545,0
85.360053,28.104542,0
85.36008,28.104533,0
85.360082,28.104533,0
85.360087,28.104531,0
85.360094,28.104528,0
85.360102,28.104525,0
85.360109,28.104523,0
85.360114,28.10452,0
85.360119,28.104516,0
85.360124,28.104511,0
85.360128,28.104505,0
85.360134,28.104498,0
85.360141,28.104488,0
85.360148,28.10448,0
85.360156,28.104472,0
85.360165,28.104466,0
85.360176,28.104461,0
85.360186,28.104457,0
85.360194,28.104454,0
85.360213,28.104452,0
85.360213,28.104447,0
85.360214,28.104447,0
85.360215,28.104449,0
85.360211,28.104447,0
85.360211,28.104446,0
85.360212,28.104444,0
85.360216,28.104438,0
85.360218,28.104439,0
85.360222,28.10444,0
85.360226,28.104442,0
85.360233,28.104444,0
85.36024,28.104447,0
85.360249,28.104449,0
85.360258,28.10445,0
85.360266,28.10445,0
85.360274,28.104449,0
85.360282,28.104446,0
85.360289,28.104443,0
85.360296,28.104438,0
85.360305,28.104435,0
85.360315,28.104433,0
85.360326,28.104432,0
85.360338,28.104431,0
85.360348,28.104429,0
85.360359,28.104427,0
85.36037,28.104425,0
85.36038,28.104422,0
85.36039,28.104418,0
85.3604,28.104413,0
85.36041,28.104407,0
85.360419,28.104402,0
85.360425,28.104397,0
85.36043,28.104393,0
85.360435,28.104391,0
85.360439,28.104388,0
85.360451,28.104385,0
85.360452,28.104385,0
85.360456,28.104392,0
85.360461,28.104391,0
85.360469,28.10439,0
85.360479,28.104388,0
85.360491,28.104387,0
85.3606,28.104385,0
85.360601,28.104385,0
85.360606,28.104383,0
85.360614,28.104383,0
85.360626,28.104385,0
85.360637,28.104387,0
85.360648,28.104388,0
85.360657,28.10439,0
85.360665,28.10439,0
85.360674,28.104391,0
85.360681,28.104391,0
85.360689,28.104391,0
85.360697,28.104392,0
85.360708,28.104392,0
85.360719,28.104389,0
85.360731,28.104385,0
85.360742,28.104379,0
85.360753,28.104374,0
85.360763,28.10437,0
85.360774,28.104367,0
85.36081,28.104359,0
85.360811,28.104358,0
85.360813,28.104357,0
85.360817,28.104356,0
85.360823,28.104359,0
85.360832,28.10436,0
85.360842,28.10436,0
85.360852,28.104358,0
85.360861,28.104354,0
85.360891,28.10433,0
85.360893,28.104328,0
85.360897,28.104323,0
85.360903,28.104317,0
85.360915,28.10431,0
85.360935,28.104296,0
85.360951,28.104286,0
85.360964,28.104279,0
85.360974,28.104275,0
85.360981,28.104272,0
85.360987,28.104271,0
85.360994,28.104271,0
85.361,28.104271,0
85.361006,28.10427,0
85.361011,28.104268,0
85.361016,28.104269,0
85.361022,28.104271,0
85.361027,28.104274,0
85.361032,28.104276,0
85.361038,28.104279,0
85.361044,28.104282,0
85.361051,28.104285,0
85.361058,28.104289,0
85.361064,28.104293,0
85.361071,28.104297,0
85.361077,28.104299,0
85.361095,28.104304,0
85.3611,28.104307,0
85.361105,28.104299,0
85.361109,28.104297,0
85.361118,28.104296,0
85.36113,28.104293,0
85.361144,28.10429,0
85.361159,28.104289,0
85.361171,28.104287,0
85.36118,28.104284,0
85.361184,28.10428,0
85.361185,28.104279,0
85.361182,28.104277,0
85.361178,28.104275,0
85.361172,28.104273,0
85.361166,28.104272,0
85.361159,28.104272,0
85.361152,28.104271,0
85.361147,28.104272,0
85.361141,28.104272,0
85.361143,28.104273,0
85.361147,28.104275,0
85.361154,28.104278,0
85.361161,28.104281,0
85.36117,28.104283,0
85.361179,28.104283,0
85.361188,28.10428,0
85.3612,28.104277,0
85.36121,28.104275,0
85.361221,28.104273,0
85.361231,28.104272,0
85.361243,28.104272,0
85.361256,28.104271,0
85.361268,28.104269,0
85.361279,28.104267,0
85.361289,28.104266,0
85.361299,28.104264,0
85.361309,28.104264,0
85.361319,28.104262,0
85.361327,28.104259,0
85.36135,28.104251,0
85.36135,28.104249,0
85.36135,28.104248,0
85.361353,28.104247,0
85.361357,28.104248,0
85.361361,28.104249,0
85.361366,28.104249,0
85.361373,28.104244,0
85.361376,28.104241,0
85.361381,28.104238,0
85.361388,28.104234,0
85.361397,28.104228,0
85.361405,28.104222,0
85.361412,28.104217,0
85.36142,28.104212,0
85.361426,28.104208,0
85.361432,28.104204,0
85.361443,28.104194,0
85.361443,28.104193,0
85.361441,28.104192,0
85.361438,28.104192,0
85.361435,28.104191,0
85.36143,28.10419,0
85.361426,28.10419,0
85.36142,28.104191,0
85.361415,28.104193,0
85.361411,28.104196,0
85.361407,28.1042,0
85.361403,28.104204,0
85.361399,28.104209,0
85.361396,28.104212,0
85.36139,28.104217,0
85.361392,28.104212,0
85.361392,28.104211,0
85.361394,28.10421,0
85.361396,28.104206,0
85.361396,28.104201,0
85.361397,28.104197,0
85.361397,28.104194,0
85.361402,28.104183,0
85.361402,28.104178,0
85.361402,28.104168,0
85.361403,28.104164,0
85.361404,28.104164,0
85.361405,28.104163,0
85.361412,28.104159,0
85.36142,28.104158,0
85.361421,28.104158,0
85.361427,28.104156,0
85.361433,28.104154,0
85.361436,28.104154,0
85.361442,28.104154,0
85.36145,28.104153,0
85.361461,28.104154,0
85.361472,28.104155,0
85.361483,28.104156,0
85.361494,28.104155,0
85.361506,28.104154,0
85.361521,28.104151,0
85.361532,28.104149,0
85.361542,28.104147,0
85.361551,28.104146,0
85.361559,28.104145,0
85.361566,28.104144,0
85.361573,28.104142,0
85.361578,28.10414,0
85.361581,28.104137,0
85.361585,28.104135,0
85.36159,28.104134,0
85.361595,28.104132,0
85.361601,28.104129,0
85.361605,28.104124,0
85.361609,28.104121,0
85.361612,28.104119,0
85.361616,28.104119,0
85.361622,28.104118,0
85.361627,28.104118,0
85.361633,28.104116,0
85.361638,28.104115,0
85.361642,28.104114,0
85.361648,28.104114,0
85.361656,28.104114,0
85.361662,28.104114,0
85.361667,28.104113,0
85.361682,28.104106,0
85.361682,28.104105,0
85.361684,28.104103,0
85.361687,28.104102,0
85.361689,28.104103,0
85.361693,28.104105,0
85.361697,28.104107,0
85.361701,28.104111,0
85.361706,28.104115,0
85.361711,28.104121,0
85.361717,28.104126,0
85.361722,28.104131,0
85.361727,28.104137,0
85.36173,28.104144,0
85.361733,28.104149,0
85.361737,28.104154,0
85.361767,28.104171,0
85.361771,28.104173,0
85.361777,28.104176,0
85.361784,28.10418,0
85.361797,28.104188,0
85.36189,28.104249,0
85.361891,28.104251,0
85.36189,28.104254,0
85.361896,28.104255,0
85.361901,28.104254,0
85.361905,28.104252,0
85.361905,28.104245,0
85.361903,28.104234,0
85.361903,28.104226,0
85.361902,28.104217,0
85.361902,28.10421,0
85.361905,28.104204,0
85.361909,28.104213,0
85.361911,28.104229,0
85.361914,28.104239,0
85.361917,28.104242,0
85.36192,28.104244,0
85.361927,28.104242,0
85.361977,28.104233,0
85.361995,28.104236,0
85.361996,28.104237,0
85.362,28.104236,0
85.362005,28.104234,0
85.362162,28.104138,0
85.362163,28.104134,0
85.362162,28.104127,0
85.36216,28.104121,0
85.362159,28.104115,0
85.362159,28.10411,0
85.362159,28.104108,0
85.362159,28.104106,0
85.362162,28.1041,0
85.362163,28.104096,0
85.362158,28.104096,0
85.362152,28.104095,0
85.362145,28.104093,0
85.362143,28.104092,0
85.36214,28.104089,0
85.362136,28.104084,0
85.362131,28.10408,0
85.362126,28.104074,0
85.362121,28.104068,0
85.362117,28.104063,0
85.362109,28.104057,0
85.3621,28.104051,0
85.362093,28.104045,0
85.362089,28.104042,0
85.362073,28.104033,0
85.362072,28.104033,0
85.36207,28.10403,0
85.362073,28.104025,0
85.362073,28.104024,0
85.362073,28.10402,0
85.362078,28.104015,0
85.362079,28.104015,0
85.362092,28.104011,0
85.362095,28.104011,0
85.362102,28.104009,0
85.362111,28.104008,0
85.362122,28.104007,0
85.362134,28.104006,0
85.362147,28.104005,0
85.36216,28.104005,0
85.362172,28.104004,0
85.362185,28.104002,0
85.362196,28.103998,0
85.362206,28.103997,0
85.362215,28.103996,0
85.362222,28.103995,0
85.362233,28.103987,0
85.362238,28.103987,0
85.36224,28.103986,0
85.362244,28.103985,0
85.36225,28.103987,0
85.362254,28.103989,0
85.36226,28.103993,0
85.362267,28.103997,0
85.362273,28.104001,0
85.362279,28.104003,0
85.362285,28.104005,0
85.362293,28.104007,0
85.362299,28.104009,0
85.362306,28.104011,0
85.362312,28.104012,0
85.362319,28.104014,0
85.362325,28.104016,0
85.362331,28.104016,0
85.362339,28.104016,0
85.362363,28.104022,0
85.362364,28.104022,0
85.362367,28.104023,0
85.362371,28.104025,0
85.362376,28.104027,0
85.362388,28.104033,0
85.362389,28.104034,0
85.36239,28.104034,0
85.362393,28.104035,0
85.362396,28.104037,0
85.362401,28.10404,0
85.362406,28.104044,0
85.362412,28.104049,0
85.362417,28.104053,0
85.362422,28.104058,0
85.362429,28.104063,0
85.362436,28.104067,0
85.362442,28.104071,0
85.362447,28.104076,0
85.362452,28.10408,0
85.362457,28.104084,0
85.362463,28.104087,0
85.362467,28.104089,0
85.362468,28.104098,0
85.362469,28.104099,0
85.362472,28.1041,0
85.362476,28.104101,0
85.362483,28.104102,0
85.362489,28.104103,0
85.362495,28.104105,0
85.362502,28.104106,0
85.362508,28.104107,0
85.362514,28.104109,0
85.36252,28.104111,0
85.362526,28.104113,0
85.362532,28.104115,0
85.362538,28.104118,0
85.362544,28.104121,0
85.362552,28.104123,0
85.362559,28.104124,0
85.362566,28.104124,0
85.362572,28.104125,0
85.362579,28.104126,0
85.362585,28.104128,0
85.36259,28.104129,0
85.362594,28.104129,0
85.362597,28.104128,0
85.362601,28.104127,0
85.362605,28.104128,0
85.362609,28.104128,0
85.362614,28.10413,0
85.362619,28.104133,0
85.362625,28.104136,0
85.36263,28.104139,0
85.362638,28.104142,0
85.362645,28.104144,0
85.362654,28.104148,0
85.362664,28.104153,0
85.362675,28.104158,0
85.362686,28.104163,0
85.362695,28.104169,0
85.362703,28.104172,0
85.362725,28.104183,0
85.362727,28.104183,0
85.36273,28.104183,0
85.362735,28.104182,0
85.362741,28.104182,0
85.362749,28.104181,0
85.362759,28.104179,0
85.362768,28.104177,0
85.362779,28.104175,0
85.362789,28.104173,0
85.3628,28.104171,0
85.362811,28.104169,0
85.362822,28.104167,0
85.362832,28.104166,0
85.362842,28.104164,0
85.362851,28.104163,0
85.36286,28.104161,0
85.36287,28.104158,0
85.36288,28.104154,0
85.362889,28.104152,0
85.362898,28.104149,0
85.362906,28.104147,0
85.362914,28.104145,0
85.362921,28.104144,0
85.362929,28.104143,0
85.362936,28.104144,0
85.362943,28.104146,0
85.362951,28.104146,0
85.362959,28.104146,0
85.362967,28.104146,0
85.362973,28.104147,0
85.36298,28.104149,0
85.362987,28.104151,0
85.362994,28.104153,0
85.363002,28.104154,0
85.363008,28.104156,0
85.363013,28.104157,0
85.363019,28.104158,0
85.363023,28.104159,0
85.363028,28.104159,0
85.363033,28.10416,0
85.363039,28.104162,0
85.363046,28.104163,0
85.363052,28.104164,0
85.363058,28.104167,0
85.363063,28.104169,0
85.363069,28.104173,0
85.363074,28.104177,0
85.363081,28.104179,0
85.363088,28.10418,0
85.363095,28.104181,0
85.363104,28.104183,0
85.363113,28.104186,0
85.36312,28.104188,0
85.363125,28.104188,0
85.363129,28.104188,0
85.363133,28.104187,0
85.363142,28.10418,0
85.363144,28.104179,0
85.363133,28.10417,0
85.363132,28.104167,0
85.363135,28.104165,0
85.363137,28.104173,0
85.36314,28.10417,0
85.363143,28.104168,0
85.363144,28.104168,0
85.36315,28.104164,0
85.363158,28.104156,0
85.363167,28.104146,0
85.363178,28.104138,0
85.36319,28.104131,0
85.363201,28.104123,0
85.363213,28.104114,0
85.363223,28.104103,0
85.363233,28.104092,0
85.36324,28.104083,0
85.363248,28.104074,0
85.363254,28.104066,0
85.363262,28.104058,0
85.36327,28.104052,0
85.363277,28.104045,0
85.363284,28.104038,0
85.36329,28.104031,0
85.363295,28.104025,0
85.3633,28.104019,0
85.363304,28.104014,0
85.363315,28.104004,0
85.363318,28.104005,0
85.363319,28.104004,0
85.36332,28.104,0
85.363323,28.103998,0
85.363328,28.103995,0
85.363332,28.103994,0
85.363337,28.103995,0
85.363341,28.103997,0
85.363344,28.103998,0
85.363346,28.104,0
85.363349,28.104002,0
85.363358,28.104,0
85.363361,28.103997,0
85.363365,28.103992,0
85.363372,28.103985,0
85.363382,28.103977,0
85.363391,28.10397,0
85.3634,28.103959,0
85.36341,28.103948,0
85.363422,28.103937,0
85.363435,28.103927,0
85.363445,28.103918,0
85.363455,28.10391,0
85.363463,28.103903,0
85.36347,28.103896,0
85.363477,28.10389,0
85.363483,28.103883,0
85.363488,28.103877,0
85.363491,28.103871,0
85.363493,28.103866,0
85.363496,28.103862,0
85.363499,28.103859,0
85.363501,28.103856,0
85.363502,28.103854,0
85.363505,28.10385,0
85.363507,28.103849,0
85.363508,28.103846,0
85.363511,28.103843,0
85.363516,28.103837,0
85.363521,28.103829,0
85.363525,28.103821,0
85.363531,28.103813,0
85.363539,28.103807,0
85.363547,28.1038,0
85.363554,28.103793,0
85.363562,28.103786,0
85.363569,28.103779,0
85.363578,28.103772,0
85.363587,28.103766,0
85.363598,28.10376,0
85.363608,28.103755,0
85.363618,28.103749,0
85.363627,28.103742,0
85.363636,28.103736,0
85.363645,28.103732,0
85.363654,28.103728,0
85.363664,28.103725,0
85.363672,28.103722,0
85.363681,28.103719,0
85.363689,28.103718,0
85.363697,28.103715,0
85.363705,28.103714,0
85.363713,28.103713,0
85.363721,28.103711,0
85.36373,28.103708,0
85.363737,28.103704,0
85.363744,28.103701,0
85.363751,28.103696,0
85.363756,28.103692,0
85.363762,28.103689,0
85.363767,28.103686,0
85.363772,28.103684,0
85.363778,28.103683,0
85.363785,28.103683,0
85.363794,28.103683,0
85.363804,28.103684,0
85.363813,28.103684,0
85.363822,28.103685,0
85.363832,28.103686,0
85.363842,28.103686,0
85.363852,28.103688,0
85.363863,28.103689,0
85.363873,28.10369,0
85.363884,28.103692,0
85.363896,28.103693,0
85.363907,28.103692,0
85.363917,28.103689,0
85.363927,28.103685,0
85.363937,28.10368,0
85.363948,28.103675,0
85.363959,28.103672,0
85.36397,28.103667,0
85.36398,28.103664,0
85.363991,28.10366,0
85.364003,28.103656,0
85.364014,28.103653,0
85.364025,28.103649,0
85.364034,28.103644,0
85.364042,28.103638,0
85.36405,28.10363,0
85.364058,28.103626,0
85.364067,28.103624,0
85.364076,28.103625,0
85.364088,28.103625,0
85.364101,28.103624,0
85.364114,28.103622,0
85.364126,28.10362,0
85.364137,28.103619,0
85.364149,28.103617,0
85.364161,28.103615,0
85.364174,28.103613,0
85.364185,28.10361,0
85.364194,28.103605,0
85.364202,28.1036,0
85.36421,28.103595,0
85.364219,28.103592,0
85.364229,28.103589,0
85.364239,28.103586,0
85.36425,28.103584,0
85.364262,28.103582,0
85.364274,28.10358,0
85.364286,28.103579,0
85.364298,28.103577,0
85.364309,28.103575,0
85.364321,28.103574,0
85.364332,28.103571,0
85.364343,28.103569,0
85.364353,28.103567,0
85.364364,28.103566,0
85.364374,28.103564,0
85.364386,28.103562,0
85.364399,28.10356,0
85.364412,28.103556,0
85.364424,28.103552,0
85.364434,28.103548,0
85.364441,28.103545,0
85.364446,28.103543,0
85.364452,28.10354,0
85.364458,28.103538,0
85.364465,28.103535,0
85.364472,28.103531,0
85.364481,28.103526,0
85.364489,28.103519,0
85.364498,28.103514,0
85.364509,28.103511,0
85.364521,28.10351,0
85.364534,28.103511,0
85.364547,28.103511,0
85.364557,28.103511,0
85.364568,28.103511,0
85.364578,28.103509,0
85.364588,28.103508,0
85.364597,28.103505,0
85.364607,28.103504,0
85.364617,28.103502,0
85.364628,28.103501,0
85.364639,28.1035,0
85.36465,28.103497,0
85.364661,28.103492,0
85.364673,28.103487,0
85.364684,28.103482,0
85.364696,28.10348,0
85.364707,28.103479,0
85.364719,28.103479,0
85.364729,28.103478,0
85.364737,28.103477,0
85.364746,28.103474,0
85.364754,28.103471,0
85.364762,28.103468,0
85.364769,28.103464,0
85.364777,28.103459,0
85.364785,28.103454,0
85.364792,28.103448,0
85.3648,28.103443,0
85.364809,28.103437,0
85.364818,28.103433,0
85.364826,28.103429,0
85.364832,28.103426,0
85.364836,28.103425,0
85.364847,28.103423,0
85.364848,28.10342,0
85.36485,28.103415,0
85.364855,28.103416,0
85.364858,28.103417,0
85.364865,28.103417,0
85.364875,28.103415,0
85.364887,28.103413,0
85.364901,28.103412,0
85.364915,28.10341,0
85.364928,28.103408,0
85.364941,28.103407,0
85.364953,28.103405,0
85.364965,28.103403,0
85.364975,28.103402,0
85.364983,28.103401,0
85.364989,28.103399,0
85.364995,28.103399,0
85.365001,28.103398,0
85.365007,28.103396,0
85.365013,28.103394,0
85.365019,28.103392,0
85.365025,28.10339,0
85.36503,28.103387,0
85.365034,28.103385,0
85.36504,28.103383,0
85.36504,28.103382,0
85.365042,28.103381,0
85.365044,28.103377,0
85.365046,28.103372,0
85.365048,28.103367,0
85.365051,28.103362,0
85.365063,28.103341,0
85.365064,28.103341,0
85.365065,28.10334,0
85.365066,28.103338,0
85.365067,28.103336,0
85.365075,28.103335,0
85.365078,28.103336,0
85.365084,28.103337,0
85.365092,28.10334,0
85.3651,28.103342,0
85.365109,28.103346,0
85.365116,28.10335,0
85.365123,28.103354,0
85.36513,28.103358,0
85.365138,28.103362,0
85.365146,28.103367,0
85.365153,28.103371,0
85.365159,28.103375,0
85.365177,28.103385,0
85.365178,28.103385,0
85.365182,28.103387,0
85.365188,28.103388,0
85.365196,28.103388,0
85.365204,28.103389,0
85.365214,28.103389,0
85.365224,28.103387,0
85.365233,28.103386,0
85.365244,28.103384,0
85.365254,28.103383,0
85.365265,28.103382,0
85.365276,28.103382,0
85.365288,28.103382,0
85.365298,28.103381,0
85.365309,28.103378,0
85.365318,28.103374,0
85.365325,28.103369,0
85.365331,28.103365,0
85.365347,28.103357,0
85.365348,28.103357,0
85.365351,28.103357,0
85.365356,28.103358,0
85.365361,28.103359,0
85.365367,28.103361,0
85.365376,28.103362,0
85.365384,28.103362,0
85.365395,28.103362,0
85.365406,28.103363,0
85.365416,28.103364,0
85.365427,28.103366,0
85.365436,28.103368,0
85.365446,28.10337,0
85.365455,28.103373,0
85.365464,28.103376,0
85.365473,28.103377,0
85.365481,28.103378,0
85.365489,28.10338,0
85.365499,28.103381,0
85.36551,28.103382,0
85.365522,28.103383,0
85.365533,28.103382,0
85.365542,28.103382,0
85.36555,28.103382,0
85.365557,28.103382,0
85.365564,28.103382,0
85.365571,28.103382,0
85.365577,28.103382,0
85.365593,28.103383,0
85.365595,28.103384,0
85.365599,28.103385,0
85.365606,28.103387,0
85.365613,28.103389,0
85.365621,28.10339,0
85.36563,28.103391,0
85.365639,28.103392,0
85.365648,28.103393,0
85.365657,28.103394,0
85.365666,28.103396,0
85.365674,28.103398,0
85.365684,28.1034,0
85.365694,28.103402,0
85.365706,28.103403,0
85.365717,28.103404,0
85.365729,28.103403,0
85.365741,28.103402,0
85.365752,28.103401,0
85.365763,28.103401,0
85.365773,28.103399,0
85.365783,28.103398,0
85.365792,28.103398,0
85.365801,28.103398,0
85.365808,28.103399,0
85.365814,28.103399,0
85.365819,28.103399,0
85.365837,28.103402,0
85.365839,28.103402,0
85.365844,28.103403,0
85.36585,28.103404,0
85.365858,28.103404,0
85.365867,28.103404,0
85.365876,28.103403,0
85.365885,28.103403,0
85.365894,28.103404,0
85.365902,28.103404,0
85.36591,28.103402,0
85.365916,28.103402,0
85.365925,28.103402,0
85.365933,28.103402,0
85.36594,28.103401,0
85.365958,28.103388,0
85.365961,28.103387,0
85.365966,28.103384,0
85.365975,28.103382,0
85.365986,28.103379,0
85.365999,28.103375,0
85.366013,28.103372,0
85.366028,28.103369,0
85.366044,28.103365,0
85.366061,28.103362,0
85.366076,28.10336,0
85.366088,28.103358,0
85.366099,28.103357,0
85.366109,28.103358,0
85.366119,28.103358,0
85.36613,28.103358,0
85.366142,28.103358,0
85.366154,28.103358,0
85.366165,28.103358,0
85.366175,28.103357,0
85.366185,28.103356,0
85.366194,28.103355,0
85.366203,28.103354,0
85.366212,28.103354,0
85.36622,28.103354,0
85.366229,28.103354,0
85.366238,28.103355,0
85.366247,28.103356,0
85.366257,28.103357,0
85.366267,28.103359,0
85.366276,28.103361,0
85.366284,28.103362,0
85.366293,28.103364,0
85.366302,28.103366,0
85.366313,28.103367,0
85.366323,28.103367,0
85.366333,28.103366,0
85.366341,28.103363,0
85.366349,28.10336,0
85.366357,28.103358,0
85.366364,28.103356,0
85.366372,28.103353,0
85.366381,28.103351,0
85.366392,28.103348,0
85.366402,28.103345,0
85.366414,28.103343,0
85.366426,28.103341,0
85.366437,28.103338,0
85.366449,28.103335,0
85.36646,28.103331,0
85.366471,28.103327,0
85.366481,28.103323,0
85.366491,28.103319,0
85.366501,28.103316,0
85.366511,28.103312,0
85.366522,28.103307,0
85.366532,28.103303,0
85.366543,28.103301,0
85.366554,28.103298,0
85.366565,28.103295,0
85.366575,28.103292,0
85.366585,28.103289,0
85.366596,28.103287,0
85.366604,28.103286,0
85.366614,28.103287,0
85.366623,28.103288,0
85.366632,28.103289,0
85.366641,28.103289,0
85.366652,28.103289,0
85.366663,28.103287,0
85.366674,28.103285,0
85.366685,28.103284,0
85.366695,28.103284,0
85.366705,28.103284,0
85.366715,28.103285,0
85.366724,28.103284,0
85.366736,28.103284,0
85.36675,28.103283,0
85.366761,28.103281,0
85.366787,28.103279,0
85.366787,28.10328,0
85.366788,28.103279,0
85.36679,28.103278,0
85.366795,28.103276,0
85.366801,28.103275,0
85.366809,28.103274,0
85.366817,28.103272,0
85.366822,28.103269,0
85.366826,28.103266,0
85.366829,28.103264,0
85.366832,28.10326,0
85.366835,28.103257,0
85.366848,28.10325,0
85.366847,28.103242,0
85.366849,28.103241,0
85.366856,28.103238,0
85.366865,28.103233,0
85.366877,28.103227,0
85.366888,28.10322,0
85.366899,28.103214,0
85.366912,28.103209,0
85.366922,28.103205,0
85.366933,28.103199,0
85.366957,28.103189,0
85.366953,28.103187,0
85.366952,28.103186,0
85.366947,28.103185,0
85.366941,28.103185,0
85.366933,28.103188,0
85.366925,28.10319,0
85.366916,28.103192,0
85.366909,28.103194,0
85.3669,28.103195,0
85.366889,28.103196,0
85.366879,28.103198,0
85.366871,28.103202,0
85.366863,28.103205,0
85.366858,28.103209,0
85.366853,28.103212,0
85.366851,28.103213,0
85.366849,28.103212,0
85.366852,28.103212,0
85.366857,28.103211,0
85.366862,28.103209,0
85.366869,28.103205,0
85.366878,28.103199,0
85.366888,28.103193,0
85.3669,28.103188,0
85.366912,28.103183,0
85.366923,28.103178,0
85.366933,28.103174,0
85.366943,28.103171,0
85.366951,28.103169,0
85.366957,28.103169,0
85.366963,28.10317,0
85.366975,28.103169,0
85.366977,28.103167,0
85.366981,28.103163,0
85.366988,28.103156,0
85.366996,28.103147,0
85.367004,28.103137,0
85.367013,28.103128,0
85.367022,28.103119,0
85.36703,28.10311,0
85.367037,28.103102,0
85.367043,28.103093,0
85.367048,28.103084,0
85.367056,28.103075,0
85.367065,28.103067,0
85.367075,28.103059,0
85.367084,28.10305,0
85.367091,28.10304,0
85.367096,28.103031,0
85.367103,28.103021,0
85.36711,28.103012,0
85.367118,28.103004,0
85.367125,28.102995,0
85.367131,28.102986,0
85.367136,28.102978,0
85.367142,28.102969,0
85.367149,28.102962,0
85.367155,28.102956,0
85.367161,28.10295,0
85.367166,28.102944,0
85.36717,28.10294,0
85.367175,28.102937,0
85.367179,28.102935,0
85.367184,28.102932,0
85.36719,28.102928,0
85.367198,28.102924,0
85.367207,28.102919,0
85.367215,28.102914,0
85.367222,28.102909,0
85.36723,28.102903,0
85.367239,28.102897,0
85.367248,28.102891,0
85.367258,28.102884,0
85.367268,28.102878,0
85.367278,28.102872,0
85.367287,28.102866,0
85.367295,28.10286,0
85.367303,28.102852,0
85.36731,28.102846,0
85.367318,28.102841,0
85.367326,28.102837,0
85.367335,28.102833,0
85.367343,28.10283,0
85.367351,28.102828,0
85.36736,28.102827,0
85.367369,28.102826,0
85.367379,28.102826,0
85.367389,28.102828,0
85.3674,28.102831,0
85.367409,28.102834,0
85.367413,28.102837,0
85.367424,28.102841,0
85.367435,28.102845,0
85.367445,28.102849,0
85.367456,28.102854,0
85.367468,28.102857,0
85.36748,28.102859,0
85.367493,28.102861,0
85.367504,28.102862,0
85.367513,28.102863,0
85.367522,28.102864,0
85.367531,28.102866,0
85.367539,28.102868,0
85.367548,28.10287,0
85.367557,28.102874,0
85.367568,28.10288,0
85.36758,28.102885,0
85.367592,28.102893,0
85.367604,28.1029,0
85.367615,28.102906,0
85.367625,28.102911,0
85.367636,28.102917,0
85.367647,28.102923,0
85.367655,28.102927,0
85.367663,28.10293,0
85.367673,28.10293,0
85.367683,28.10293,0
85.367692,28.10293,0
85.367702,28.10293,0
85.367711,28.102931,0
85.36772,28.102932,0
85.367728,28.102931,0
85.367737,28.10293,0
85.367746,28.102929,0
85.367754,28.102929,0
85.367761,28.102928,0
85.367767,28.102927,0
85.367774,28.102926,0
85.367781,28.102926,0
85.367787,28.102927,0
85.367792,28.102928,0
85.367814,28.102936,0
85.367815,28.102936,0
85.36782,28.102937,0
85.367827,28.102939,0
85.367836,28.10294,0
85.367845,28.10294,0
85.367855,28.10294,0
85.367866,28.102939,0
85.367876,28.102937,0
85.367883,28.102937,0
85.367904,28.102934,0
85.367906,28.102935,0
85.367911,28.102936,0
85.367918,28.102939,0
85.367929,28.102942,0
85.367941,28.102942,0
85.367953,28.102941,0
85.367964,28.102941,0
85.367975,28.102942,0
85.367985,28.102941,0
85.367994,28.102939,0
85.368006,28.102939,0
85.368017,28.102938,0
85.368027,28.102938,0
85.368037,28.102938,0
85.368047,28.10294,0
85.368058,28.102943,0
85.36807,28.102947,0
85.368081,28.10295,0
85.368092,28.102951,0
85.368102,28.102952,0
85.368113,28.102954,0
85.368125,28.102956,0
85.368138,28.102957,0
85.368151,28.102958,0
85.368164,28.102958,0
85.368177,28.102958,0
85.368189,28.102958,0
85.3682,28.102957,0
85.368212,28.102956,0
85.368226,28.102956,0
85.368239,28.102958,0
85.368253,28.102959,0
85.368265,28.102959,0
85.368278,28.10296,0
85.368289,28.102961,0
85.368301,28.102963,0
85.368311,28.102966,0
85.368322,28.102967,0
85.368334,28.102968,0
85.368346,28.10297,0
85.368358,28.10297,0
85.36837,28.10297,0
85.368382,28.102971,0
85.368394,28.102971,0
85.368406,28.102971,0
85.368417,28.102971,0
85.368428,28.10297,0
85.368439,28.102968,0
85.368449,28.102964,0
85.36846,28.102961,0
85.36847,28.102958,0
85.36848,28.102957,0
85.36849,28.102957,0
85.3685,28.102958,0
85.36851,28.10296,0
85.368522,28.102962,0
85.368533,28.102966,0
85.368545,28.102969,0
85.368557,28.102971,0
85.36857,28.102975,0
85.368583,28.102977,0
85.368595,28.102979,0
85.368606,28.10298,0
85.368618,28.102981,0
85.368628,28.102984,0
85.368639,28.102986,0
85.36865,28.102987,0
85.368662,28.102987,0
85.368675,28.102987,0
85.368688,28.102987,0
85.3687,28.102987,0
85.368712,28.102987,0
85.368725,28.102987,0
85.368736,28.102987,0
85.368748,28.102987,0
85.36876,28.102987,0
85.368771,28.102985,0
85.368782,28.102982,0
85.368793,28.10298,0
85.368803,28.102978,0
85.368814,28.102975,0
85.368826,28.102972,0
85.368836,28.102969,0
85.368847,28.102966,0
85.368858,28.102962,0
85.368869,28.102959,0
85.368879,28.102955,0
85.36889,28.102949,0
85.368901,28.102942,0
85.368914,28.102936,0
85.368925,28.10293,0
85.368936,28.102923,0
85.368947,28.102917,0
85.368958,28.10291,0
85.368967,28.102901,0
85.368976,28.102895,0
85.368986,28.102889,0
85.368995,28.102882,0
85.369004,28.102875,0
85.369012,28.102867,0
85.369021,28.102859,0
85.369028,28.10285,0
85.369033,28.102842,0
85.36904,28.102834,0
85.369047,28.102826,0
85.369054,28.102816,0
85.36906,28.102807,0
85.369066,28.102797,0
85.369071,28.102788,0
85.369074,28.102778,0
85.369079,28.102768,0
85.369083,28.102758,0
85.369089,28.102747,0
85.369096,28.102736,0
85.369102,28.102725,0
85.369108,28.102714,0
85.369114,28.102705,0
85.369119,28.102696,0
85.369124,28.102687,0
85.369129,28.102677,0
85.369135,28.102668,0
85.369141,28.102659,0
85.369146,28.102652,0
85.369159,28.102638,0
85.36916,28.10264,0
85.369159,28.10264,0
85.369162,28.102638,0
85.369163,28.102635,0
85.369167,28.102631,0
85.369171,28.102624,0
85.369175,28.102615,0
85.369179,28.102604,0
85.369184,28.102592,0
85.369189,28.10258,0
85.369196,28.102568,0
85.369203,28.102554,0
85.369207,28.10254,0
85.36921,28.102527,0
85.369211,28.102514,0
85.369213,28.102502,0
85.369217,28.102489,0
85.369222,28.102477,0
85.369226,28.102465,0
85.36923,28.102454,0
85.369233,28.102441,0
85.369235,28.102428,0
85.369238,28.102415,0
85.36924,28.102403,0
85.369243,28.10239,0
85.369249,28.102379,0
85.369255,28.102367,0
85.369262,28.102356,0
85.36927,28.102345,0
85.369278,28.102334,0
85.369286,28.102322,0
85.369292,28.102311,0
85.369297,28.102299,0
85.369301,28.102287,0
85.369306,28.102275,0
85.369311,28.102265,0
85.369316,28.102254,0
85.36932,28.102243,0
85.369324,28.102231,0
85.369329,28.10222,0
85.369333,28.102208,0
85.369336,28.102197,0
85.36934,28.102185,0
85.369345,28.102174,0
85.36935,28.102163,0
85.369356,28.102152,0
85.369362,28.102142,0
85.369367,28.102132,0
85.369372,28.102121,0
85.369377,28.102109,0
85.369382,28.102098,0
85.369386,28.102087,0
85.369388,28.102077,0
85.369389,28.102066,0
85.36939,28.102056,0
85.369391,28.102045,0
85.369394,28.102035,0
85.369396,28.102024,0
85.369399,28.102014,0
85.369402,28.102004,0
85.369403,28.101996,0
85.369405,28.10199,0
85.369409,28.101974,0
85.369409,28.101972,0
85.36941,28.101968,0
85.369413,28.101961,0
85.369417,28.101953,0
85.36942,28.101943,0
85.369425,28.101933,0
85.36943,28.101922,0
85.369435,28.101912,0
85.36944,28.101901,0
85.369445,28.10189,0
85.369452,28.10188,0
85.369458,28.101868,0
85.369464,28.101858,0
85.36947,28.101846,0
85.369477,28.101834,0
85.369483,28.101822,0
85.369489,28.10181,0
85.369494,28.101797,0
85.369497,28.101785,0
85.369502,28.101773,0
85.369507,28.101761,0
85.369513,28.10175,0
85.369519,28.101739,0
85.369525,28.101729,0
85.36953,28.101719,0
85.369535,28.101711,0
85.369541,28.101702,0
85.369547,28.101694,0
85.369553,28.101686,0
85.369559,28.101678,0
85.369565,28.10167,0
85.36957,28.101662,0
85.369576,28.101652,0
85.369582,28.101644,0
85.369588,28.101634,0
85.369595,28.101625,0
85.369601,28.101616,0
85.369608,28.101606,0
85.369615,28.101597,0
85.369624,28.101587,0
85.369632,28.101578,0
85.369641,28.10157,0
85.369649,28.101561,0
85.369656,28.101552,0
85.369663,28.101543,0
85.36967,28.101533,0
85.369676,28.101523,0
85.369683,28.101513,0
85.36972,28.101464,0
85.369721,28.101462,0
85.369724,28.101457,0
85.369729,28.101449,0
85.369736,28.10144,0
85.369743,28.101431,0
85.369751,28.101422,0
85.36976,28.101413,0
85.36977,28.101405,0
85.369779,28.101395,0
85.369787,28.101385,0
85.369796,28.101374,0
85.369804,28.101363,0
85.369812,28.101352,0
85.36982,28.10134,0
85.369828,28.101329,0
85.369836,28.101318,0
85.369844,28.101308,0
85.369852,28.101295,0
85.369859,28.101283,0
85.369866,28.101272,0
85.369873,28.10126,0
85.369879,28.101249,0
85.369886,28.101238,0
85.369891,28.101227,0
85.369898,28.101215,0
85.369905,28.101204,0
85.369912,28.101194,0
85.36992,28.101183,0
85.369928,28.101173,0
85.369936,28.101163,0
85.369944,28.101153,0
85.369953,28.101143,0
85.369961,28.101132,0
85.369967,28.101121,0
85.369974,28.10111,0
85.369981,28.101097,0
85.369987,28.101086,0
85.369993,28.101075,0
85.369999,28.101064,0
85.370006,28.101053,0
85.370013,28.101042,0
85.37002,28.101033,0
85.370027,28.101023,0
85.370035,28.101012,0
85.370043,28.101002,0
85.37005,28.100991,0
85.370058,28.100981,0
85.370066,28.10097,0
85.370074,28.10096,0
85.370081,28.100948,0
85.370088,28.100937,0
85.370095,28.100925,0
85.370102,28.100913,0
85.370109,28.100901,0
85.370116,28.100889,0
85.370124,28.100877,0
85.370132,28.100865,0
85.37014,28.100854,0
85.370146,28.100843,0
85.370154,28.100831,0
85.37016,28.100819,0
85.370167,28.100808,0
85.370175,28.100797,0
85.370182,28.100786,0
85.37019,28.100775,0
85.370196,28.100762,0
85.370203,28.100752,0
85.370209,28.100742,0
85.370216,28.100732,0
85.370224,28.100722,0
85.370233,28.100712,0
85.370241,28.100702,0
85.37025,28.100692,0
85.370259,28.100683,0
85.37027,28.100674,0
85.370279,28.100665,0
85.370289,28.100655,0
85.370298,28.100645,0
85.370308,28.100634,0
85.370319,28.100624,0
85.37033,28.100615,0
85.370341,28.100607,0
85.370353,28.100598,0
85.370365,28.10059,0
85.370377,28.100583,0
85.370389,28.100575,0
85.370401,28.100567,0
85.370412,28.100558,0
85.370423,28.100549,0
85.370433,28.10054,0
85.370443,28.100532,0
85.370453,28.100523,0
85.370462,28.100514,0
85.370471,28.100504,0
85.37048,28.100496,0
85.37049,28.100487,0
85.370501,28.100479,0
85.370513,28.10047,0
85.370523,28.100462,0
85.370533,28.100454,0
85.370541,28.100446,0
85.370549,28.100438,0
85.370555,28.100429,0
85.37056,28.100421,0
85.370566,28.100412,0
85.370572,28.100403,0
85.370579,28.100394,0
85.370585,28.100386,0
85.370591,28.10038,0
85.370599,28.100373,0
85.370607,28.100365,0
85.370615,28.100358,0
85.370624,28.100352,0
85.370633,28.100345,0
85.370643,28.100339,0
85.370652,28.100332,0
85.370662,28.100325,0
85.370669,28.100317,0
85.370676,28.100309,0
85.370683,28.100299,0
85.37069,28.100289,0
85.370697,28.10028,0
85.370705,28.100272,0
85.370715,28.100264,0
85.370725,28.100258,0
85.370736,28.100251,0
85.370747,28.100244,0
85.370759,28.100236,0
85.370771,28.100228,0
85.370781,28.100221,0
85.37079,28.100215,0
85.370801,28.100209,0
85.370811,28.100203,0
85.370822,28.100196,0
85.370832,28.10019,0
85.370842,28.100185,0
85.37085,28.100179,0
85.370854,28.100173,0
85.370853,28.100167,0
85.37085,28.100164,0
85.370847,28.100161,0
85.370844,28.100158,0
85.370837,28.100155,0
85.370844,28.100157,0
85.370837,28.100157,0
85.370824,28.100135,0
85.370825,28.100135,0
85.370824,28.100143,0
85.370823,28.100142,0
85.37079,28.100118,0
85.37078,28.100117,0
85.370802,28.100162,0
85.370767,28.100183,0
85.370802,28.100173,0
85.370804,28.100172,0
85.37081,28.100171,0
85.370819,28.100167,0
85.37083,28.10016,0
85.370843,28.100152,0
85.370855,28.100142,0
85.370866,28.100132,0
85.370877,28.100124,0
85.370886,28.100118,0
85.370893,28.100117,0
85.370912,28.100118,0
85.370912,28.100119,0
85.370917,28.100117,0
85.370914,28.10012,0
85.370912,28.100122,0
85.370907,28.100127,0
85.370904,28.100132,0
85.370899,28.100133,0
85.370894,28.100133,0
85.370886,28.100134,0
85.370875,28.100137,0
85.370864,28.100143,0
85.370854,28.100149,0
85.370844,28.100154,0
85.370836,28.100157,0
85.370829,28.10016,0
85.370822,28.100163,0
85.370818,28.100164,0
85.370805,28.100163,0
85.370832,28.100168,0
85.370838,28.100169,0
85.370848,28.10017,0
85.370861,28.100172,0
85.370877,28.100173,0
85.370895,28.100172,0
85.370913,28.100171,0
85.37093,28.10017,0
85.370948,28.100167,0
85.370963,28.100164,0
85.370977,28.100159,0
85.37099,28.100154,0
85.371004,28.10015,0
85.371019,28.100146,0
85.371032,28.100142,0
85.371079,28.100118,0
85.371081,28.100116,0
85.371087,28.100112,0
85.371094,28.100108,0
85.371103,28.100102,0
85.371112,28.100093,0
85.371121,28.100085,0
85.371129,28.100078,0
85.371138,28.100072,0
85.371148,28.100065,0
85.371157,28.100058,0
85.371165,28.100052,0
85.371187,28.100023,0
85.371188,28.100022,0
85.371193,28.100018,0
85.371201,28.100014,0
85.371209,28.100008,0
85.371217,28.100003,0
85.371225,28.099998,0
85.371235,28.099992,0
85.371245,28.099985,0
85.371253,28.099978,0
85.37126,28.09997,0
85.371268,28.09996,0
85.371276,28.099952,0
85.371285,28.099943,0
85.371295,28.099935,0
85.371304,28.099927,0
85.371313,28.099919,0
85.371321,28.09991,0
85.371329,28.099902,0
85.371337,28.099896,0
85.371347,28.099889,0
85.371359,28.099884,0
85.371369,28.099876,0
85.371379,28.099868,0
85.371386,28.09986,0
85.371392,28.099852,0
85.371394,28.099844,0
85.371395,28.099838,0
85.371404,28.099824,0
85.371405,28.099823,0
85.371409,28.09982,0
85.371413,28.099815,0
85.371418,28.099808,0
85.371425,28.099801,0
85.371434,28.099794,0
85.371443,28.099787,0
85.371452,28.099781,0
85.371461,28.099775,0
85.37147,28.099768,0
85.371479,28.099762,0
85.371488,28.099756,0
85.371496,28.099749,0
85.371503,28.099741,0
85.371508,28.099734,0
85.371514,28.099726,0
85.371519,28.099719,0
85.371525,28.099712,0
85.371531,28.099704,0
85.371535,28.099697,0
85.371539,28.099689,0
85.371543,28.099681,0
85.371547,28.099673,0
85.371553,28.099667,0
85.371559,28.099662,0
85.371566,28.099658,0
85.371572,28.099654,0
85.371579,28.099651,0
85.371584,28.099646,0
85.371589,28.099641,0
85.371593,28.099637,0
85.371598,28.099633,0
85.371602,28.099629,0
85.371605,28.099626,0
85.371617,28.099617,0
85.371618,28.099616,0
85.371622,28.099613,0
85.371625,28.099609,0
85.371629,28.099605,0
85.37163,28.099599,0
85.371632,28.099594,0
85.371633,28.099588,0
85.371636,28.099582,0
85.371639,28.099575,0
85.371642,28.099567,0
85.371645,28.09956,0
85.371648,28.099554,0
85.371651,28.099549,0
85.371655,28.099544,0
85.37166,28.09954,0
85.371664,28.099534,0
85.371669,28.099529,0
85.371672,28.099523,0
85.371675,28.099519,0
85.371677,28.099514,0
85.371679,28.099509,0
85.371679,28.099505,0
85.371679,28.099497,0
85.371675,28.099497,0
85.371674,28.099497,0
85.371672,28.099498,0
85.371668,28.099497,0
85.371664,28.099497,0
85.37166,28.099496,0
85.371655,28.099495,0
85.371641,28.099489,0
85.371649,28.099487,0
85.371652,28.099485,0
85.37166,28.099481,0
85.371671,28.099476,0
85.371683,28.099471,0
85.371697,28.099467,0
85.371712,28.099461,0
85.371728,28.099456,0
85.371744,28.09945,0
85.371758,28.099442,0
85.37177,28.099435,0
85.371779,28.099428,0
85.371786,28.09942,0
85.371792,28.099411,0
85.371796,28.099403,0
85.3718,28.099395,0
85.371803,28.099386,0
85.371805,28.099377,0
85.371807,28.099369,0
85.37181,28.099362,0
85.371815,28.099356,0
85.37182,28.099351,0
85.371826,28.099347,0
85.371832,28.099342,0
85.371838,28.099337,0
85.371844,28.099332,0
85.37185,28.099326,0
85.371855,28.09932,0
85.371859,28.099314,0
85.371865,28.099309,0
85.37187,28.099304,0
85.371876,28.0993,0
85.371882,28.099295,0
85.371888,28.099292,0
85.371893,28.099287,0
85.371898,28.099281,0
85.371901,28.099274,0
85.371905,28.099268,0
85.371909,28.099262,0
85.371914,28.099256,0
85.371917,28.09925,0
85.371919,28.099244,0
85.371921,28.099237,0
85.371923,28.09923,0
85.371925,28.099224,0
85.371927,28.099209,0
85.371926,28.099208,0
85.371922,28.099201,0
85.371929,28.099199,0
85.371931,28.099193,0
85.371933,28.099189,0
85.371936,28.099183,0
85.371941,28.099175,0
85.371946,28.099166,0
85.371952,28.099155,0
85.371958,28.099143,0
85.371965,28.099132,0
85.371973,28.09912,0
85.37198,28.099108,0
85.371985,28.099097,0
85.371989,28.099086,0
85.371993,28.099078,0
85.371996,28.099069,0
85.372001,28.099062,0
85.372005,28.099056,0
85.372011,28.09905,0
85.372017,28.099044,0
85.372023,28.099037,0
85.372029,28.09903,0
85.372036,28.099024,0
85.372043,28.099017,0
85.372047,28.099011,0
85.372052,28.099004,0
85.372057,28.098998,0
85.372063,28.098991,0
85.372069,28.098985,0
85.372075,28.098979,0
85.372081,28.098973,0
85.372087,28.098968,0
85.372093,28.098963,0
85.372098,28.098959,0
85.372103,28.098956,0
85.372107,28.098952,0
85.372111,28.098948,0
85.372115,28.098946,0
85.372119,28.098944,0
85.372124,28.098942,0
85.372129,28.09894,0
85.372137,28.098938,0
85.372145,28.098934,0
85.372153,28.098932,0
85.37216,28.098929,0
85.372164,28.098926,0
85.372169,28.098923,0
85.372179,28.098913,0
85.37218,28.09891,0
85.372184,28.098904,0
85.37219,28.098896,0
85.372197,28.098887,0
85.372205,28.098877,0
85.372211,28.098866,0
85.372216,28.098854,0
85.372221,28.098841,0
85.372227,28.098828,0
85.372232,28.098816,0
85.372234,28.098805,0
85.372238,28.098795,0
85.372242,28.098787,0
85.372247,28.098781,0
85.372252,28.098777,0
85.372258,28.098773,0
85.372264,28.098769,0
85.372269,28.098765,0
85.372273,28.098759,0
85.372277,28.098754,0
85.372281,28.098747,0
85.372284,28.098741,0
85.372289,28.098734,0
85.372295,28.09873,0
85.372302,28.098725,0
85.372309,28.098721,0
85.372317,28.098716,0
85.372323,28.098711,0
85.372327,28.098706,0
85.37233,28.098701,0
85.372334,28.098696,0
85.372338,28.098691,0
85.372342,28.098687,0
85.372346,28.098681,0
85.372349,28.098675,0
85.372352,28.098669,0
85.372354,28.098661,0
85.372355,28.098654,0
85.372357,28.098648,0
85.37236,28.098644,0
85.372364,28.098639,0
85.372367,28.098635,0
85.372368,28.098631,0
85.37237,28.098627,0
85.372377,28.098617,0
85.372379,28.098616,0
85.372382,28.098614,0
85.372387,28.098612,0
85.372395,28.098609,0
85.372402,28.098605,0
85.372409,28.098602,0
85.372416,28.098597,0
85.372422,28.098592,0
85.372427,28.098588,0
85.37243,28.098583,0
85.372432,28.098579,0
85.372433,28.098575,0
85.372434,28.098571,0
85.372436,28.098566,0
85.372439,28.09856,0
85.372441,28.098554,0
85.372445,28.098549,0
85.372449,28.098544,0
85.372453,28.09854,0
85.372458,28.098537,0
85.372464,28.098534,0
85.37247,28.098532,0
85.372476,28.098528,0
85.372481,28.098524,0
85.372486,28.09852,0
85.37249,28.098515,0
85.372493,28.098513,0
85.372498,28.09851,0
85.372504,28.098507,0
85.372509,28.098504,0
85.372514,28.0985,0
85.37252,28.098496,0
85.372524,28.098493,0
85.372529,28.098491,0
85.372533,28.09849,0
85.372538,28.098491,0
85.372543,28.098491,0
85.372547,28.098491,0
85.372553,28.098491,0
85.372557,28.098491,0
85.372562,28.098491,0
85.372576,28.098489,0
85.372577,28.098489,0
85.37258,28.098489,0
85.372583,28.098489,0
85.372588,28.098489,0
85.372592,28.098487,0
85.372598,28.098485,0
85.372603,28.098482,0
85.372606,28.09848,0
85.372609,28.098477,0
85.372612,28.098475,0
85.372614,28.098473,0
85.372614,28.098455,0
85.372611,28.098453,0
85.372607,28.098448,0
85.372602,28.098442,0
85.372596,28.098434,0
85.372591,28.098424,0
85.372585,28.098413,0
85.372579,28.098403,0
85.372575,28.098393,0
85.372572,28.098383,0
85.372569,28.098376,0
85.372568,28.098369,0
85.372569,28.098362,0
85.372572,28.098355,0
85.372576,28.098348,0
85.37258,28.098342,0
85.372585,28.098335,0
85.372589,28.098327,0
85.372595,28.09832,0
85.3726,28.098311,0
85.372605,28.098302,0
85.372609,28.098293,0
85.372613,28.098285,0
85.372616,28.098277,0
85.372619,28.09827,0
85.372623,28.098264,0
85.372627,28.098259,0
85.372633,28.098255,0
85.372638,28.098251,0
85.372644,28.098246,0
85.37265,28.098241,0
85.372657,28.098235,0
85.372664,28.098231,0
85.37267,28.098229,0
85.372678,28.098229,0
85.372686,28.09823,0
85.372695,28.098233,0
85.372705,28.098237,0
85.372714,28.098243,0
85.372725,28.098246,0
85.372734,28.098249,0
85.372746,28.098252,0
85.372758,28.098254,0
85.372769,28.098254,0
85.372779,28.09825,0
85.372788,28.098243,0
85.372793,28.098234,0
85.372797,28.098225,0
85.372801,28.098216,0
85.372805,28.098207,0
85.37281,28.098199,0
85.372816,28.098192,0
85.372822,28.098183,0
85.372827,28.098174,0
85.372832,28.098166,0
85.372836,28.098158,0
85.37284,28.098151,0
85.372844,28.098144,0
85.37285,28.098138,0
85.372856,28.098132,0
85.372861,28.098127,0
85.372865,28.098122,0
85.372869,28.098119,0
85.372874,28.098115,0
85.372878,28.098112,0
85.372883,28.098106,0
85.372887,28.098099,0
85.372891,28.098092,0
85.372895,28.098085,0
85.372898,28.098077,0
85.3729,28.09807,0
85.3729,28.098063,0
85.3729,28.098056,0
85.372901,28.098051,0
85.372903,28.098046,0
85.372903,28.098041,0
85.372902,28.098037,0
85.372902,28.098033,0
85.372903,28.098029,0
85.372905,28.098025,0
85.372908,28.09802,0
85.37291,28.098014,0
85.372913,28.098007,0
85.37291,28.097999,0
85.372905,28.097992,0
85.3729,28.097984,0
85.372901,28.097981,0
85.372909,28.097976,0
85.372916,28.09797,0
85.372922,28.097963,0
85.372926,28.097957,0
85.372929,28.097952,0
85.372932,28.097946,0
85.372931,28.097937,0
85.372927,28.097925,0
85.372921,28.097913,0
85.372918,28.097901,0
85.372916,28.097891,0
85.372915,28.097881,0
85.372916,28.097874,0
85.372917,28.097867,0
85.37292,28.097862,0
85.372926,28.097858,0
85.372933,28.097852,0
85.37294,28.097847,0
85.372946,28.097841,0
85.372952,28.097834,0
85.372958,28.097828,0
85.372964,28.097822,0
85.372971,28.097817,0
85.372978,28.097813,0
85.372983,28.097809,0
85.372988,28.097803,0
85.37299,28.097796,0
85.372991,28.097788,0
85.372993,28.097782,0
85.372995,28.097776,0
85.372999,28.097771,0
85.373004,28.097767,0
85.37301,28.097763,0
85.373016,28.097758,0
85.373019,28.097752,0
85.373021,28.097747,0
85.373021,28.097742,0
85.373022,28.097737,0
85.373024,28.097735,0
85.373028,28.097733,0
85.373034,28.097733,0
85.373039,28.097732,0
85.373042,28.09773,0
85.373044,28.097726,0
85.373048,28.097723,0
85.373052,28.09772,0
85.373056,28.097717,0
85.373059,28.097714,0
85.373061,28.097711,0
85.373069,28.0977,0
85.37307,28.097699,0
85.373072,28.097697,0
85.373073,28.097692,0
85.373072,28.097686,0
85.373071,28.097681,0
85.373073,28.097675,0
85.373076,28.097671,0
85.373079,28.097667,0
85.373081,28.097661,0
85.373083,28.097655,0
85.373084,28.09765,0
85.373086,28.097646,0
85.37309,28.097643,0
85.373094,28.09764,0
85.373097,28.097635,0
85.373099,28.097628,0
85.373102,28.097622,0
85.373104,28.097616,0
85.373114,28.097605,0
85.373115,28.097604,0
85.373118,28.097601,0
85.373121,28.097597,0
85.373124,28.097592,0
85.373128,28.097586,0
85.373131,28.09758,0
85.373132,28.097572,0
85.373131,28.097564,0
85.373129,28.097557,0
85.373129,28.097543,0
85.37313,28.097542,0
85.37313,28.097538,0
85.373131,28.097534,0
85.373133,28.09753,0
85.373133,28.097525,0
85.373132,28.097521,0
85.373131,28.097519,0
85.373127,28.097518,0
85.373117,28.097517,0
85.373121,28.097502,0
85.373125,28.097498,0
85.373132,28.097492,0
85.373142,28.097485,0
85.373155,28.097477,0
85.373164,28.097468,0
85.37317,28.097461,0
85.373176,28.097454,0
85.373185,28.097447,0
85.373194,28.097439,0
85.373202,28.097432,0
85.373208,28.097427,0
85.373214,28.097423,0
85.37322,28.097417,0
85.373224,28.097409,0
85.373227,28.0974,0
85.373234,28.097392,0
85.373244,28.097384,0
85.373253,28.097377,0
85.373262,28.097373,0
85.37327,28.097371,0
85.37328,28.097369,0
85.37329,28.097367,0
85.373298,28.097365,0
85.373306,28.097363,0
85.37331,28.097359,0
85.373315,28.097355,0
85.373331,28.097342,0
85.373331,28.097339,0
85.37333,28.097336,0
85.373329,28.097331,0
85.37333,28.097328,0
85.373333,28.097324,0
85.373337,28.097319,0
85.373341,28.097314,0
85.373346,28.097308,0
85.37335,28.097301,0
85.373355,28.097294,0
85.373359,28.097288,0
85.373363,28.097282,0
85.373368,28.097274,0
85.373372,28.097268,0
85.373376,28.097262,0
85.37338,28.097257,0
85.37339,28.097257,0
85.373401,28.097258,0
85.37341,28.097258,0
85.373416,28.097255,0
85.373418,28.09725,0
85.373418,28.097242,0
85.37342,28.097235,0
85.373421,28.097227,0
85.37342,28.097219,0
85.373421,28.097212,0
85.373422,28.097206,0
85.373427,28.097192,0
85.373428,28.097192,0
85.373431,28.097193,0
85.373435,28.097192,0
85.373439,28.097191,0
85.373443,28.09719,0
85.373446,28.09719,0
85.373448,28.097189,0
85.373449,28.097186,0
85.373452,28.097185,0
85.373455,28.097184,0
85.37346,28.097182,0
85.373462,28.09718,0
85.373461,28.097176,0
85.373459,28.097172,0
85.373458,28.097167,0
85.37346,28.097161,0
85.373464,28.097155,0
85.373465,28.097146,0
85.373464,28.097135,0
85.373462,28.097126,0
85.373463,28.097119,0
85.373467,28.097113,0
85.373472,28.097108,0
85.373482,28.097094,0
85.373483,28.097092,0
85.373485,28.097089,0
85.373488,28.097086,0
85.373502,28.097082,0
85.373505,28.097082,0
85.37351,28.097082,0
85.373515,28.097079,0
85.373522,28.097072,0
85.373529,28.097065,0
85.373536,28.097059,0
85.373541,28.097053,0
85.373544,28.097046,0
85.373556,28.097032,0
85.373558,28.09703,0
85.37356,28.097026,0
85.373565,28.09702,0
85.373571,28.097014,0
85.373576,28.097008,0
85.373581,28.097004,0
85.373588,28.097002,0
85.373595,28.096999,0
85.3736,28.096996,0
85.373604,28.096992,0
85.373608,28.096988,0
85.373612,28.096984,0
85.373617,28.096979,0
85.373624,28.096975,0
85.373633,28.096971,0
85.373641,28.096967,0
85.373645,28.096961,0
85.373646,28.096956,0
85.373646,28.096951,0
85.373644,28.096945,0
85.373644,28.096942,0
85.373648,28.096942,0
85.373654,28.096942,0
85.37366,28.09694,0
85.373665,28.096938,0
85.373669,28.096935,0
85.373676,28.096919,0
85.373677,28.096918,0
85.373678,28.096917,0
85.37368,28.096915,0
85.373681,28.096911,0
85.37368,28.096905,0
85.373679,28.096897,0
85.37368,28.09689,0
85.373682,28.096883,0
85.373683,28.096877,0
85.373685,28.09687,0
85.373686,28.096864,0
85.373688,28.096858,0
85.373694,28.096842,0
85.373695,28.09684,0
85.373695,28.096836,0
85.373696,28.096828,0
85.373699,28.096821,0
85.3737,28.096813,0
85.3737,28.096808,0
85.373706,28.096794,0
85.373703,28.096797,0
85.373703,28.096796,0
85.373704,28.096792,0
85.373706,28.096788,0
85.373708,28.096783,0
85.373712,28.096776,0
85.373716,28.096769,0
85.37372,28.096763,0
85.373724,28.096756,0
85.373727,28.096748,0
85.373729,28.096739,0
85.373729,28.09673,0
85.373729,28.09672,0
85.37373,28.09671,0
85.373732,28.096699,0
85.373734,28.096687,0
85.373734,28.096676,0
85.373735,28.096666,0
85.373735,28.096657,0
85.373735,28.096649,0
85.373735,28.096641,0
85.373734,28.096634,0
85.373735,28.096628,0
85.373738,28.096622,0
85.37374,28.096615,0
85.373741,28.096608,0
85.37374,28.096602,0
85.373739,28.096597,0
85.37374,28.096593,0
85.373742,28.09659,0
85.373744,28.096586,0
85.373746,28.096582,0
85.373746,28.096577,0
85.373746,28.096572,0
85.373746,28.096567,0
85.373747,28.096563,0
85.373748,28.096559,0
85.373748,28.096554,0
85.373747,28.096549,0
85.373746,28.096543,0
85.373744,28.096538,0
85.373742,28.096534,0
85.373739,28.096526,0
85.373742,28.096525,0
85.373747,28.096523,0
85.373752,28.096522,0
85.373758,28.09652,0
85.373763,28.09652,0
85.373769,28.09652,0
85.373774,28.096519,0
85.373779,28.096517,0
85.373783,28.096515,0
85.373787,28.096513,0
85.373791,28.096513,0
85.373796,28.096514,0
85.373801,28.096513,0
85.373807,28.096511,0
85.373814,28.096508,0
85.373822,28.096505,0
85.37383,28.096503,0
85.373837,28.096502,0
85.373845,28.096501,0
85.373853,28.0965,0
85.37386,28.0965,0
85.373867,28.0965,0
85.373873,28.0965,0
85.373879,28.096499,0
85.373885,28.096498,0
85.373891,28.096497,0
85.373897,28.096495,0
85.373903,28.096494,0
85.373908,28.09649,0
85.373912,28.096486,0
85.373915,28.096482,0
85.37392,28.096478,0
85.373925,28.096473,0
85.37393,28.096468,0
85.373934,28.096462,0
85.373938,28.096455,0
85.373943,28.096448,0
85.373948,28.096442,0
85.373953,28.096436,0
85.373959,28.096431,0
85.373963,28.096426,0
85.373967,28.096422,0
85.373971,28.096418,0
85.373973,28.096413,0
85.373974,28.096408,0
85.373973,28.096404,0
85.373972,28.096399,0
85.373969,28.096393,0
85.373966,28.096388,0
85.373966,28.096383,0
85.373967,28.096377,0
85.373967,28.096371,0
85.37397,28.096365,0
85.373974,28.096359,0
85.373978,28.096353,0
85.373982,28.096346,0
85.373986,28.096338,0
85.37399,28.09633,0
85.373992,28.096323,0
85.373994,28.096315,0
85.373996,28.096309,0
85.373996,28.096302,0
85.373996,28.096295,0
85.373995,28.096288,0
85.373994,28.096282,0
85.373995,28.096277,0
85.373996,28.096272,0
85.373998,28.096266,0
85.374,28.09626,0
85.374001,28.096255,0
85.374003,28.096249,0
85.374006,28.096244,0
85.37401,28.096239,0
85.374014,28.096235,0
85.374017,28.096232,0
85.37402,28.096229,0
85.374024,28.096226,0
85.374027,28.096223,0
85.374029,28.096218,0
85.374031,28.096215,0
85.374032,28.096211,0
85.374039,28.096202,0
85.37404,28.096202,0
85.374043,28.096202,0
85.374046,28.096201,0
85.37405,28.096201,0
85.374054,28.096202,0
85.374059,28.096203,0
85.374063,28.096205,0
85.374068,28.096208,0
85.374073,28.096211,0
85.374077,28.096214,0
85.374081,28.096217,0
85.374083,28.09622,0
85.374093,28.096228,0
85.374091,28.09623,0
85.374091,28.096235,0
85.374091,28.096236,0
85.374091,28.096237,0
85.374099,28.096243,0
85.374102,28.096244,0
85.374108,28.096244,0
85.374116,28.096246,0
85.374125,28.096248,0
85.374134,28.096253,0
85.374144,28.096257,0
85.374155,28.096261,0
85.374167,28.096265,0
85.374179,28.096268,0
85.374189,28.096272,0
85.374197,28.096277,0
85.374205,28.096282,0
85.374212,28.096286,0
85.374219,28.096289,0
85.374226,28.09629,0
85.374234,28.096291,0
85.374242,28.096291,0
85.374249,28.096289,0
85.374255,28.096286,0
85.374261,28.096282,0
85.374268,28.096277,0
85.374274,28.096273,0
85.374278,28.096267,0
85.37428,28.096262,0
85.374282,28.096256,0
85.374283,28.096252,0
85.374286,28.096248,0
85.374288,28.096242,0
85.37429,28.096237,0
85.374292,28.096231,0
85.374292,28.096225,0
85.374292,28.096218,0
85.374291,28.096211,0
85.37429,28.096205,0
85.374291,28.096185,0
85.374292,28.096181,0
85.374293,28.096174,0
85.374296,28.096164,0
85.374299,28.096151,0
85.374302,28.096138,0
85.374307,28.096123,0
85.374312,28.096108,0
85.374318,28.096095,0
85.374324,28.096081,0
85.374328,28.09607,0
85.374331,28.096061,0
85.374334,28.096052,0
85.374335,28.096043,0
85.374336,28.096035,0
85.374337,28.096028,0
85.374336,28.096021,0
85.374334,28.096015,0
85.374331,28.096008,0
85.374327,28.096003,0
85.374324,28.095997,0
85.37432,28.095991,0
85.374316,28.095986,0
85.374314,28.09598,0
85.374312,28.095974,0
85.374309,28.095968,0
85.374306,28.095962,0
85.374302,28.095957,0
85.374296,28.095952,0
85.37429,28.095949,0
85.374283,28.095945,0
85.374275,28.095942,0
85.374267,28.095939,0
85.374259,28.095937,0
85.374253,28.095935,0
85.374247,28.095933,0
85.374241,28.09593,0
85.374235,28.095929,0
85.374229,28.095927,0
85.37422,28.095925,0
85.374221,28.095924,0
85.374221,28.095922,0
85.374221,28.095921,0
85.374218,28.095917,0
85.374213,28.095922,0
85.374209,28.095925,0
85.374203,28.095931,0
85.374196,28.095938,0
85.374188,28.095947,0
85.37418,28.095957,0
85.374172,28.095966,0
85.374164,28.095974,0
85.374157,28.095981,0
85.374149,28.095989,0
85.374144,28.095997,0
85.374141,28.096004,0
85.37414,28.09601,0
85.37414,28.096016,0
85.374142,28.096022,0
85.374144,28.096028,0
85.374146,28.096033,0
85.374156,28.096039,0
85.374156,28.096038,0
85.374156,28.096036,0
85.374156,28.096019,0
85.374158,28.096016,0
85.374162,28.096012,0
85.374168,28.096006,0
85.374175,28.095999,0
85.374183,28.095991,0
85.374191,28.095983,0
85.374198,28.095973,0
85.374204,28.095962,0
85.374209,28.09595,0
85.374209,28.095942,0
85.374209,28.095936,0
85.374207,28.095932,0
85.374206,28.095929,0
85.374203,28.095927,0
85.37421,28.095927,0
85.374213,28.095927,0
85.374219,28.095926,0
85.374227,28.095927,0
85.374236,28.095926,0
85.374245,28.095926,0
85.374253,28.095925,0
85.374262,28.095923,0
85.374273,28.095921,0
85.374283,28.095917,0
85.374292,28.095911,0
85.374298,28.095907,0
85.374306,28.095899,0
85.374303,28.095899,0
85.374302,28.095898,0
85.374302,28.095896,0
85.3743,28.095892,0
85.374298,28.095887,0
85.374298,28.095881,0
85.374297,28.095875,0
85.374295,28.095869,0
85.374293,28.095862,0
85.374291,28.095854,0
85.374289,28.095847,0
85.374287,28.09584,0
85.374286,28.095834,0
85.374285,28.095828,0
85.374287,28.095824,0
85.37429,28.09582,0
85.374294,28.095815,0
85.374298,28.09581,0
85.374303,28.095805,0
85.374307,28.095799,0
85.37431,28.095792,0
85.374311,28.095786,0
85.374312,28.095781,0
85.374314,28.095776,0
85.374318,28.095775,0
85.374324,28.095773,0
85.374331,28.095772,0
85.374337,28.095771,0
85.374342,28.095768,0
85.374347,28.095766,0
85.374352,28.095764,0
85.374356,28.09576,0
85.37436,28.095756,0
85.374364,28.095751,0
85.374367,28.095747,0
85.374371,28.095742,0
85.374375,28.095737,0
85.374377,28.095733,0
85.37438,28.09573,0
85.374383,28.095725,0
85.374385,28.09572,0
85.374387,28.095716,0
85.374389,28.095711,0
85.374392,28.095707,0
85.374394,28.095703,0
85.374397,28.0957,0
85.3744,28.095698,0
85.374403,28.095696,0
85.374406,28.095694,0
85.374411,28.095686,0
85.374416,28.095683,0
85.374419,28.095681,0
85.374423,28.095677,0
85.374429,28.095672,0
85.374434,28.095666,0
85.374439,28.095659,0
85.374445,28.095652,0
85.374452,28.095646,0
85.37446,28.09564,0
85.374469,28.095633,0
85.374475,28.095626,0
85.374481,28.095619,0
85.374485,28.095613,0
85.374488,28.095607,0
85.374491,28.0956,0
85.374493,28.095593,0
85.374492,28.095586,0
85.374491,28.095579,0
85.374489,28.095572,0
85.374487,28.095565,0
85.374486,28.095558,0
85.374486,28.095551,0
85.374486,28.095545,0
85.374487,28.095539,0
85.37449,28.095534,0
85.374492,28.09553,0
85.374495,28.095526,0
85.374499,28.095523,0
85.374503,28.095521,0
85.374509,28.095521,0
85.374514,28.095522,0
85.374521,28.095522,0
85.374528,28.095524,0
85.374534,28.095524,0
85.37454,28.095526,0
85.374546,28.095528,0
85.374551,28.095532,0
85.374556,28.095535,0
85.374568,28.095544,0
85.374575,28.095543,0
85.374577,28.095541,0
85.374581,28.095539,0
85.374586,28.095535,0
85.374591,28.095532,0
85.374597,28.095528,0
85.374602,28.095524,0
85.374607,28.095522,0
85.374612,28.095522,0
85.374618,28.095522,0
85.374625,28.095522,0
85.374633,28.095521,0
85.374641,28.095519,0
85.374649,28.095516,0
85.374656,28.095513,0
85.374663,28.095511,0
85.374669,28.095508,0
85.374675,28.095506,0
85.374681,28.095503,0
85.374687,28.0955,0
85.374693,28.095497,0
85.3747,28.095494,0
85.374705,28.09549,0
85.374709,28.095485,0
85.374712,28.095481,0
85.374717,28.095465,0
85.374717,28.095463,0
85.374718,28.095461,0
85.374719,28.095457,0
85.37472,28.095453,0
85.37472,28.095448,0
85.37472,28.095443,0
85.374719,28.095438,0
85.374718,28.095432,0
85.374717,28.095427,0
85.374716,28.095422,0
85.374714,28.095416,0
85.374713,28.09541,0
85.374711,28.095404,0
85.374709,28.095398,0
85.374709,28.095393,0
85.374709,28.095388,0
85.37471,28.095383,0
85.374712,28.095379,0
85.374714,28.095374,0
85.374715,28.095369,0
85.374716,28.095364,0
85.374716,28.09536,0
85.374719,28.095355,0
85.374721,28.095349,0
85.374724,28.095343,0
85.374727,28.095336,0
85.374729,28.095328,0
85.37473,28.095321,0
85.374731,28.095314,0
85.374731,28.095308,0
85.374733,28.095302,0
85.374736,28.095298,0
85.37474,28.095294,0
85.374745,28.09529,0
85.374748,28.095287,0
85.37476,28.095275,0
85.37476,28.095273,0
85.37476,28.09527,0
85.37476,28.095264,0
85.37476,28.095257,0
85.37476,28.09525,0
85.374761,28.095244,0
85.374763,28.095236,0
85.374768,28.095227,0
85.374773,28.095218,0
85.374778,28.095209,0
85.374784,28.095203,0
85.374791,28.095198,0
85.374798,28.095193,0
85.374805,28.095187,0
85.374811,28.095183,0
85.374817,28.095179,0
85.374823,28.095177,0
85.374828,28.095174,0
85.374834,28.095173,0
85.374839,28.095171,0
85.374843,28.095169,0
85.374846,28.095166,0
85.374848,28.095164,0
85.37485,28.095162,0
85.374853,28.09516,0
85.374857,28.095159,0
85.374859,28.095158,0
85.374867,28.095153,0
85.374873,28.095147,0
85.374875,28.095146,0
85.374879,28.095144,0
85.374886,28.095142,0
85.374895,28.095138,0
85.374904,28.095135,0
85.374914,28.095129,0
85.374923,28.095123,0
85.374931,28.095116,0
85.374937,28.09511,0
85.374942,28.095105,0
85.37496,28.09509,0
85.374962,28.095088,0
85.374967,28.095084,0
85.374974,28.09508,0
85.374984,28.095075,0
85.374995,28.09507,0
85.375007,28.095064,0
85.37502,28.095057,0
85.375033,28.095049,0
85.375045,28.09504,0
85.375055,28.095032,0
85.375064,28.095025,0
85.375071,28.095017,0
85.375077,28.095011,0
85.375083,28.095005,0
85.375088,28.094999,0
85.375092,28.094993,0
85.375097,28.094986,0
85.3751,28.09498,0
85.375103,28.094975,0
85.375107,28.094968,0
85.375111,28.094962,0
85.375116,28.094956,0
85.375121,28.09495,0
85.375126,28.094944,0
85.375132,28.094939,0
85.375138,28.094933,0
85.375143,28.094929,0
85.375148,28.094925,0
85.375154,28.09492,0
85.37516,28.094916,0
85.375166,28.094912,0
85.375172,28.094909,0
85.375178,28.094905,0
85.375183,28.0949,0
85.375187,28.094894,0
85.375192,28.094887,0
85.375195,28.094881,0
85.375199,28.094873,0
85.375203,28.094866,0
85.375207,28.094859,0
85.37521,28.094853,0
85.375213,28.094846,0
85.375216,28.09484,0
85.375217,28.094834,0
85.37522,28.09483,0
85.375223,28.094826,0
85.375227,28.094823,0
85.375233,28.094821,0
85.375237,28.094818,0
85.375241,28.094815,0
85.375243,28.094812,0
85.375243,28.094809,0
85.375244,28.094805,0
85.375245,28.094801,0
85.375247,28.094796,0
85.375249,28.09479,0
85.375252,28.094785,0
85.375255,28.09478,0
85.375259,28.094775,0
85.375263,28.09477,0
85.375267,28.094765,0
85.375271,28.094761,0
85.375275,28.094757,0
85.375279,28.094752,0
85.375281,28.094748,0
85.375282,28.094743,0
85.375282,28.094739,0
85.375283,28.094735,0
85.375284,28.094732,0
85.375285,28.094728,0
85.375287,28.094724,0
85.375289,28.094719,0
85.375291,28.094715,0
85.375292,28.094709,0
85.375294,28.094705,0
85.375297,28.094701,0
85.375299,28.094698,0
85.375303,28.094696,0
85.375307,28.094693,0
85.37531,28.094691,0
85.375314,28.094689,0
85.375318,28.094682,0
85.375317,28.094679,0
85.375317,28.094677,0
85.375317,28.094672,0
85.37532,28.094666,0
85.375323,28.094658,0
85.375326,28.094649,0
85.375328,28.094639,0
85.375329,28.09463,0
85.37533,28.094622,0
85.37533,28.094613,0
85.37533,28.094606,0
85.37533,28.0946,0
85.375331,28.094594,0
85.37533,28.094589,0
85.37533,28.094584,0
85.37533,28.09458,0
85.37533,28.094576,0
85.375332,28.094566,0
85.37533,28.094564,0
85.37533,28.094559,0
85.375331,28.094557,0
85.375333,28.094552,0
85.375335,28.094545,0
85.375336,28.094537,0
85.375338,28.094528,0
85.375341,28.094519,0
85.375344,28.09451,0
85.375348,28.094502,0
85.375352,28.094493,0
85.375356,28.094485,0
85.375359,28.094479,0
85.375362,28.094473,0
85.375366,28.094469,0
85.37537,28.094464,0
85.375373,28.094459,0
85.375376,28.094453,0
85.375379,28.094447,0
85.375381,28.094442,0
85.375383,28.094437,0
85.375385,28.094433,0
85.375388,28.09443,0
85.375393,28.094419,0
85.375394,28.094419,0
85.375397,28.094418,0
85.375401,28.094415,0
85.375405,28.094411,0
85.375408,28.094407,0
85.375411,28.094402,0
85.375415,28.094398,0
85.37542,28.094393,0
85.375425,28.094388,0
85.375431,28.094383,0
85.375436,28.094378,0
85.375441,28.094373,0
85.375446,28.094368,0
85.37545,28.094362,0
85.375453,28.094355,0
85.375456,28.094348,0
85.375457,28.094341,0
85.375456,28.094335,0
85.375457,28.094329,0
85.375458,28.094323,0
85.375459,28.094318,0
85.375461,28.094313,0
85.375463,28.094308,0
85.375466,28.094303,0
85.375468,28.094298,0
85.37547,28.094294,0
85.375472,28.094286,0
85.37547,28.094284,0
85.37547,28.094282,0
85.37547,28.09428,0
85.37547,28.094278,0
85.375471,28.094276,0
85.375473,28.094273,0
85.375475,28.09427,0
85.375476,28.094267,0
85.375477,28.094263,0
85.375477,28.094259,0
85.375476,28.094255,0
85.375475,28.09425,0
85.375472,28.094239,0
85.375473,28.094233,0
85.375474,28.09423,0
85.375476,28.094224,0
85.37548,28.094216,0
85.375483,28.094207,0
85.375486,28.094199,0
85.375491,28.09419,0
85.375495,28.09418,0
85.375501,28.094171,0
85.375506,28.094162,0
85.375513,28.094157,0
85.375521,28.094153,0
85.375529,28.094152,0
85.375536,28.094152,0
85.375543,28.094154,0
85.375549,28.094157,0
85.375554,28.094162,0
85.375558,28.094166,0
85.375562,28.094172,0
85.375566,28.094177,0
85.37557,28.094181,0
85.375574,28.094186,0
85.375578,28.094189,0
85.375583,28.094192,0
85.375587,28.094195,0
85.375592,28.094199,0
85.375599,28.094202,0
85.375605,28.094206,0
85.375612,28.094211,0
85.375618,28.094215,0
85.375624,28.094219,0
85.37563,28.094221,0
85.375635,28.094223,0
85.37564,28.094225,0
85.375646,28.094225,0
85.37565,28.094224,0
85.375653,28.094221,0
85.375654,28.094217,0
85.375654,28.094213,0
85.375654,28.094209,0
85.375653,28.094205,0
85.375655,28.094193,0
85.375656,28.094191,0
85.375657,28.094188,0
85.37566,28.094185,0
85.375662,28.094182,0
85.375666,28.09418,0
85.375669,28.094178,0
85.375673,28.094174,0
85.375682,28.094163,0
85.375681,28.094162,0
85.37568,28.09416,0
85.37568,28.094156,0
85.375682,28.094153,0
85.375688,28.094133,0
85.375689,28.09413,0
85.37569,28.094125,0
85.375692,28.094117,0
85.375696,28.094109,0
85.375701,28.094101,0
85.375708,28.094093,0
85.375715,28.094083,0
85.375721,28.094073,0
85.375725,28.094063,0
85.375728,28.094054,0
85.375735,28.094025,0
85.375736,28.094022,0
85.375737,28.094015,0
85.375738,28.094006,0
85.375739,28.093995,0
85.375741,28.093984,0
85.375744,28.093972,0
85.375748,28.09396,0
85.375754,28.093949,0
85.37576,28.093937,0
85.375765,28.093925,0
85.375767,28.093916,0
85.37577,28.093907,0
85.375771,28.0939,0
85.375775,28.093894,0
85.375781,28.09389,0
85.375786,28.093886,0
85.375791,28.093882,0
85.375795,28.093877,0
85.375796,28.093871,0
85.375799,28.093864,0
85.375801,28.09386,0
85.375805,28.093855,0
85.375808,28.093851,0
85.375813,28.093845,0
85.375817,28.093839,0
85.375817,28.093834,0
85.375817,28.093832,0
85.375813,28.093823,0
85.375815,28.09382,0
85.375817,28.093817,0
85.375822,28.093811,0
85.375828,28.093804,0
85.375836,28.093796,0
85.375844,28.093787,0
85.375852,28.093777,0
85.375859,28.093768,0
85.375868,28.09376,0
85.375877,28.093751,0
85.375885,28.093743,0
85.375893,28.093736,0
85.375898,28.093728,0
85.375902,28.093721,0
85.375906,28.093715,0
85.37591,28.093709,0
85.375915,28.093703,0
85.375921,28.093696,0
85.375926,28.09369,0
85.37593,28.093683,0
85.375933,28.093677,0
85.375936,28.093672,0
85.37594,28.093667,0
85.375942,28.093662,0
85.375945,28.093656,0
85.375947,28.09365,0
85.375948,28.093645,0
85.37595,28.093642,0
85.375954,28.093639,0
85.375958,28.093636,0
85.375964,28.093633,0
85.375969,28.093629,0
85.375974,28.093626,0
85.375979,28.093623,0
85.375983,28.093621,0
85.375989,28.09362,0
85.375996,28.09362,0
85.376002,28.093619,0
85.376007,28.093618,0
85.376023,28.093618,0
85.376024,28.09362,0
85.376027,28.093623,0
85.376029,28.093627,0
85.376032,28.093632,0
85.376033,28.093637,0
85.376034,28.093641,0
85.376036,28.093645,0
85.37604,28.093658,0
85.37604,28.093659,0
85.376042,28.093662,0
85.376044,28.093666,0
85.376046,28.09367,0
85.376048,28.093674,0
85.37605,28.093679,0
85.376053,28.093683,0
85.376056,28.093688,0
85.376059,28.093694,0
85.376064,28.093699,0
85.376068,28.093704,0
85.376072,28.093708,0
85.376075,28.093713,0
85.376078,28.093718,0
85.37608,28.093723,0
85.376082,28.093728,0
85.376083,28.093734,0
85.376083,28.09374,0
85.376085,28.093747,0
85.376087,28.093753,0
85.376087,28.093757,0
85.376088,28.093761,0
85.376088,28.09377,0
85.376088,28.093772,0
85.376095,28.093772,0
85.376097,28.09377,0
85.376102,28.093768,0
85.376109,28.093763,0
85.376118,28.093757,0
85.376128,28.093749,0
85.37614,28.093741,0
85.376152,28.093733,0
85.376165,28.093725,0
85.376177,28.093716,0
85.376186,28.093708,0
85.376194,28.093699,0
85.3762,28.093692,0
85.376205,28.093686,0
85.376209,28.09368,0
85.376213,28.093675,0
85.376215,28.09367,0
85.376215,28.093665,0
85.376216,28.09366,0
85.376217,28.093656,0
85.376219,28.093652,0
85.376221,28.093647,0
85.376223,28.093642,0
85.376224,28.093637,0
85.376224,28.093633,0
85.376223,28.093622,0
85.376227,28.093617,0
85.376229,28.093616,0
85.376232,28.093616,0
85.376236,28.093614,0
85.376241,28.093611,0
85.376247,28.093608,0
85.376252,28.093604,0
85.376256,28.093599,0
85.37626,28.093595,0
85.376264,28.09359,0
85.376268,28.093585,0
85.376272,28.093579,0
85.376277,28.093575,0
85.376282,28.09357,0
85.376288,28.093566,0
85.376294,28.093561,0
85.376299,28.093556,0
85.376304,28.093551,0
85.376307,28.093548,0
85.376311,28.093543,0
85.376314,28.09354,0
85.376317,28.093537,0
85.376319,28.093534,0
85.376321,28.093532,0
85.376324,28.093531,0
85.376327,28.093531,0
85.37634,28.093607,0
85.376341,28.093607,0
85.376342,28.093607,0
85.376343,28.093599,0
85.37635,28.093602,0
85.376352,28.093599,0
85.376357,28.0936,0
85.376775,28.093615,0
85.376743,28.093609,0
85.376742,28.093609,0
85.376742,28.09361,0
85.376743,28.093614,0
85.376738,28.093613,0
85.376735,28.093613,0
85.376728,28.093611,0
85.376719,28.093606,0
85.376707,28.0936,0
85.3767,28.093594,0
85.376695,28.093589,0
85.376692,28.093585,0
85.37669,28.09358,0
85.376689,28.093575,0
85.376688,28.093569,0
85.376689,28.093562,0
85.376689,28.093554,0
85.37669,28.093546,0
85.37669,28.09354,0
85.376691,28.093534,0
85.376693,28.093529,0
85.376693,28.093522,0
85.376695,28.093516,0
85.376693,28.09351,0
85.376689,28.093504,0
85.376683,28.093497,0
85.376674,28.093489,0
85.376669,28.093482,0
85.376665,28.093477,0
85.376663,28.093472,0
85.376662,28.093467,0
85.376661,28.093463,0
85.37666,28.093459,0
85.37666,28.093455,0
85.376659,28.093451,0
85.37666,28.093448,0
85.37666,28.093444,0
85.376662,28.093441,0
85.376665,28.093436,0
85.376667,28.093431,0
85.376668,28.093425,0
85.376668,28.093419,0
85.376667,28.093411,0
85.376664,28.093403,0
85.376661,28.093394,0
85.376658,28.093385,0
85.376653,28.093377,0
85.376646,28.093368,0
85.37664,28.09336,0
85.376636,28.093352,0
85.376632,28.093346,0
85.376629,28.093339,0
85.376627,28.093333,0
85.376626,28.093327,0
85.376625,28.093321,0
85.376625,28.093317,0
85.376626,28.093312,0
85.376625,28.093306,0
85.376624,28.0933,0
85.376621,28.093293,0
85.376618,28.093288,0
85.376615,28.093283,0
85.37661,28.093266,0
85.376611,28.093264,0
85.376613,28.09326,0
85.376616,28.093256,0
85.37662,28.093251,0
85.376623,28.093244,0
85.376626,28.093238,0
85.376629,28.093233,0
85.376632,28.093228,0
85.376636,28.093224,0
85.37664,28.09322,0
85.376643,28.093215,0
85.376645,28.09321,0
85.376647,28.093205,0
85.376647,28.0932,0
85.376646,28.093194,0
85.376644,28.093188,0
85.376644,28.093182,0
85.376643,28.093176,0
85.376643,28.09317,0
85.376643,28.093165,0
85.376644,28.09316,0
85.376645,28.093148,0
85.376657,28.093148,0
85.376658,28.093149,0
85.376662,28.093151,0
85.376666,28.093155,0
85.376671,28.093159,0
85.376677,28.093164,0
85.376684,28.09317,0
85.376693,28.093177,0
85.376702,28.093184,0
85.376711,28.093191,0
85.37672,28.093199,0
85.376727,28.093206,0
85.376732,28.093212,0
85.376736,28.093217,0
85.376739,28.093222,0
85.376742,28.093227,0
85.376745,28.093231,0
85.376748,28.093236,0
85.376752,28.093239,0
85.376755,28.093242,0
85.376758,28.093243,0
85.376765,28.093248,0
85.37677,28.093243,0
85.376772,28.09324,0
85.376777,28.093234,0
85.376784,28.093226,0
85.376792,28.093217,0
85.3768,28.093208,0
85.376808,28.093198,0
85.376814,28.093188,0
85.376819,28.093177,0
85.376824,28.093166,0
85.376827,28.093158,0
85.376837,28.093134,0
85.376838,28.093131,0
85.376842,28.093124,0
85.376846,28.093114,0
85.376851,28.093103,0
85.376856,28.093092,0
85.376862,28.093081,0
85.37687,28.093071,0
85.376877,28.093061,0
85.376884,28.093051,0
85.37689,28.093043,0
85.376894,28.093037,0
85.376898,28.093035,0
85.376902,28.093034,0
85.376906,28.093034,0
85.37691,28.093036,0
85.376915,28.093039,0
85.376921,28.093043,0
85.376928,28.093048,0
85.376935,28.093054,0
85.376941,28.09306,0
85.376948,28.093065,0
85.376955,28.093071,0
85.37696,28.093076,0
85.376965,28.09308,0
85.37697,28.093084,0
85.376974,28.093088,0
85.376979,28.093093,0
85.376983,28.093098,0
85.376986,28.093103,0
85.37699,28.093109,0
85.376995,28.093115,0
85.377,28.093121,0
85.377006,28.093127,0
85.377013,28.093132,0
85.37702,28.093137,0
85.377028,28.09314,0
85.377036,28.093142,0
85.377045,28.093141,0
85.377052,28.093139,0
85.377058,28.093136,0
85.377063,28.093134,0
85.377069,28.093131,0
85.377075,28.093129,0
85.377082,28.093126,0
85.377088,28.093121,0
85.377093,28.093115,0
85.377097,28.093109,0
85.3771,28.093104,0
85.377104,28.093098,0
85.377109,28.093093,0
85.377115,28.093087,0
85.377119,28.09308,0
85.377122,28.093073,0
85.377125,28.093067,0
85.377128,28.093062,0
85.377132,28.093056,0
85.377136,28.093049,0
85.377138,28.093041,0
85.37714,28.093034,0
85.377141,28.093028,0
85.377142,28.093022,0
85.377145,28.093016,0
85.377148,28.09301,0
85.37715,28.093004,0
85.377151,28.093,0
85.377151,28.092995,0
85.377151,28.09299,0
85.37715,28.092986,0
85.377149,28.092982,0
85.377159,28.092968,0
85.37716,28.092964,0
85.377163,28.092958,0
85.377167,28.092949,0
85.377172,28.092939,0
85.377178,28.092929,0
85.377185,28.092918,0
85.377193,28.092906,0
85.3772,28.092893,0
85.377206,28.092879,0
85.377211,28.092868,0
85.377217,28.092859,0
85.377221,28.092852,0
85.377224,28.092845,0
85.377228,28.092839,0
85.377231,28.092832,0
85.377233,28.092826,0
85.377234,28.092819,0
85.377236,28.092811,0
85.377238,28.092803,0
85.37724,28.092796,0
85.37724,28.092789,0
85.37724,28.092783,0
85.37724,28.092777,0
85.37724,28.092771,0
85.377239,28.092766,0
85.377239,28.092762,0
85.377237,28.092759,0
85.377235,28.092755,0
85.377231,28.092745,0
85.377229,28.092743,0
85.377227,28.092738,0
85.377223,28.092731,0
85.37722,28.092723,0
85.377216,28.092715,0
85.377212,28.092706,0
85.377208,28.092698,0
85.377205,28.092691,0
85.377197,28.092673,0
85.377199,28.09266,0
85.3772,28.09266,0
85.377201,28.09266,0
85.377204,28.09266,0
85.377208,28.09266,0
85.377211,28.09266,0
85.377216,28.092657,0
85.377216,28.092659,0
85.377218,28.092665,0
85.377221,28.092674,0
85.377224,28.092683,0
85.377228,28.092693,0
85.377232,28.092703,0
85.377236,28.092712,0
85.377239,28.09272,0
85.37724,28.092727,0
85.377242,28.092742,0
85.377256,28.092748,0
85.377289,28.092753,0
85.377292,28.092754,0
85.377299,28.092755,0
85.377309,28.092759,0
85.377322,28.092763,0
85.377337,28.092767,0
85.377352,28.092771,0
85.377367,28.092776,0
85.37738,28.09278,0
85.377391,28.092782,0
85.377399,28.092782,0
85.377407,28.092783,0
85.377413,28.092784,0
85.377419,28.092785,0
85.377425,28.092786,0
85.37743,28.092787,0
85.377436,28.092787,0
85.377442,28.092787,0
85.377447,28.092788,0
85.377453,28.092789,0
85.37746,28.09279,0
85.377467,28.092791,0
85.377473,28.092792,0
85.37748,28.092792,0
85.377499,28.092792,0
85.3775,28.092792,0
85.377502,28.092793,0
85.377505,28.092793,0
85.377509,28.092794,0
85.377515,28.092796,0
85.37752,28.092797,0
85.377524,28.092797,0
85.377536,28.0928,0
85.377535,28.092799,0
85.377536,28.092797,0
85.377537,28.092796,0
85.377537,28.092795,0
85.377538,28.092793,0
85.377539,28.092789,0
85.37754,28.092785,0
85.377542,28.092783,0
85.377545,28.092779,0
85.377549,28.092775,0
85.37755,28.09277,0
85.377552,28.092764,0
85.377552,28.092758,0
85.377554,28.092752,0
85.377557,28.092746,0
85.377559,28.09274,0
85.377561,28.092733,0
85.377562,28.092726,0
85.377561,28.092719,0
85.37756,28.092713,0
85.37756,28.092707,0
85.377562,28.092701,0
85.377565,28.092696,0
85.377568,28.092689,0
85.37757,28.092682,0
85.377572,28.092675,0
85.377574,28.092669,0
85.377577,28.092664,0
85.377578,28.092658,0
85.377579,28.092652,0
85.37758,28.092646,0
85.37758,28.092641,0
85.377579,28.092637,0
85.377579,28.09262,0
85.37758,28.09262,0
85.377582,28.092618,0
85.377585,28.092615,0
85.377586,28.092612,0
85.377586,28.092606,0
85.377586,28.0926,0
85.377586,28.092594,0
85.377586,28.092587,0
85.377586,28.092581,0
85.377586,28.092575,0
85.377586,28.09257,0
85.377585,28.092566,0
85.377581,28.092559,0
85.377584,28.092562,0
85.377587,28.092562,0
85.377594,28.092563,0
85.377603,28.092564,0
85.377614,28.092565,0
85.377625,28.092564,0
85.377637,28.092564,0
85.377648,28.092563,0
85.377659,28.092562,0
85.377669,28.09256,0
85.377677,28.092559,0
85.377685,28.092558,0
85.377694,28.092558,0
85.377702,28.092556,0
85.37771,28.092555,0
85.377718,28.092555,0
85.377726,28.092555,0
85.377733,28.092555,0
85.377741,28.092554,0
85.377749,28.092553,0
85.377757,28.092554,0
85.377765,28.092556,0
85.377773,28.092561,0
85.377781,28.092567,0
85.377788,28.092572,0
85.377796,28.092578,0
85.377804,28.092583,0
85.377812,28.092585,0
85.37782,28.092584,0
85.377829,28.092582,0
85.377836,28.09258,0
85.377845,28.09258,0
85.377854,28.092578,0
85.377862,28.092577,0
85.37787,28.092574,0
85.377877,28.092571,0
85.377884,28.092569,0
85.377892,28.092569,0
85.3779,28.092569,0
85.377907,28.092568,0
85.377914,28.092566,0
85.377922,28.092562,0
85.377928,28.092559,0
85.377935,28.092557,0
85.377941,28.092557,0
85.377948,28.092556,0
85.377953,28.092556,0
85.377966,28.092559,0
85.377968,28.09256,0
85.377979,28.092566,0
85.377982,28.092565,0
85.377989,28.092565,0
85.377997,28.092566,0
85.378007,28.092568,0
85.378018,28.092573,0
85.37803,28.092578,0
85.378043,28.092581,0
85.378055,28.092584,0
85.378067,28.092587,0
85.378075,28.09259,0
85.378082,28.092593,0
85.378088,28.092597,0
85.378094,28.0926,0
85.3781,28.092602,0
85.378105,28.092605,0
85.37811,28.092608,0
85.378116,28.092611,0
85.378122,28.092613,0
85.378127,28.092615,0
85.378131,28.092613,0
85.378135,28.092612,0
85.378156,28.092604,0
85.378158,28.092601,0
85.378165,28.092595,0
85.378173,28.092587,0
85.378181,28.092577,0
85.378189,28.092568,0
85.378196,28.09256,0
85.378202,28.092552,0
85.378209,28.092545,0
85.378216,28.092539,0
85.378227,28.092521,0
85.378228,28.09252,0
85.37823,28.092518,0
85.378234,28.092516,0
85.37824,28.092512,0
85.378245,28.092509,0
85.37825,28.092506,0
85.378254,28.092506,0
85.378258,28.092507,0
85.378262,28.092511,0
85.378268,28.092513,0
85.378274,28.092515,0
85.37828,28.092516,0
85.378286,28.092515,0
85.378292,28.092513,0
85.378297,28.092511,0
85.378301,28.092506,0
85.378303,28.0925,0
85.378306,28.092496,0
85.378309,28.092491,0
85.378314,28.092487,0
85.378318,28.092483,0
85.378321,28.092478,0
85.378323,28.092474,0
85.378329,28.092456,0
85.378328,28.092454,0
85.378328,28.092451,0
85.378328,28.092448,0
85.378329,28.092446,0
85.378331,28.092444,0
85.378332,28.092441,0
85.378334,28.092439,0
85.378334,28.092432,0
85.378334,28.092431,0
85.378334,28.09243,0
85.378334,28.092428,0
85.378336,28.092414,0
85.378336,28.092413,0
85.378338,28.092412,0
85.37834,28.09241,0
85.378344,28.092408,0
85.378354,28.092399,0
85.378355,28.092399,0
85.378356,28.092398,0
85.378361,28.092393,0
85.378361,28.092392,0
85.378363,28.09239,0
85.378366,28.092388,0
85.378369,28.092385,0
85.378372,28.092382,0
85.378374,28.092379,0
85.378382,28.092361,0
85.378384,28.09236,0
85.378389,28.092358,0
85.378395,28.092356,0
85.378402,28.092353,0
85.378409,28.092349,0
85.378416,28.092345,0
85.378422,28.09234,0
85.378429,28.092335,0
85.378435,28.092331,0
85.378456,28.092323,0
85.378459,28.092323,0
85.378465,28.092324,0
85.378473,28.092326,0
85.378483,28.092328,0
85.378494,28.09233,0
85.378504,28.092331,0
85.378514,28.092333,0
85.378523,28.092334,0
85.378532,28.092336,0
85.378557,28.092343,0
85.378561,28.092342,0
85.378567,28.09234,0
85.378575,28.09234,0
85.378583,28.092339,0
85.378592,28.09234,0
85.3786,28.092342,0
85.378609,28.092344,0
85.378617,28.092346,0
85.378625,28.092347,0
85.378647,28.092348,0
85.378649,28.092347,0
85.378654,28.092345,0
85.378662,28.092344,0
85.378673,28.092342,0
85.378684,28.092339,0
85.378696,28.092337,0
85.378709,28.092334,0
85.37872,28.092331,0
85.37873,28.092329,0
85.378752,28.092328,0
85.378753,28.092328,0
85.378755,28.09233,0
85.378759,28.092332,0
85.378763,28.092335,0
85.378767,28.092339,0
85.378771,28.092343,0
85.378776,28.092346,0
85.378781,28.092348,0
85.378786,28.09235,0
85.37879,28.092353,0
85.378794,28.092357,0
85.378797,28.09236,0
85.3788,28.092363,0
85.378804,28.092368,0
85.378809,28.092366,0
85.378814,28.092371,0
85.378817,28.092372,0
85.378822,28.092376,0
85.378829,28.09238,0
85.378837,28.092386,0
85.378845,28.092394,0
85.378854,28.092402,0
85.378862,28.092408,0
85.378871,28.092415,0
85.37888,28.092421,0
85.378888,28.092425,0
85.378895,28.092429,0
85.378903,28.092431,0
85.37891,28.092432,0
85.378916,28.092432,0
85.378923,28.092431,0
85.378929,28.09243,0
85.378934,28.09243,0
85.378939,28.092431,0
85.378946,28.092433,0
85.378953,28.092433,0
85.378959,28.092432,0
85.378965,28.092431,0
85.378969,28.092428,0
85.378973,28.092425,0
85.378977,28.09242,0
85.37898,28.092415,0
85.378983,28.092411,0
85.378986,28.092407,0
85.378989,28.092405,0
85.378994,28.092402,0
85.378999,28.092398,0
85.379003,28.092394,0
85.379008,28.09239,0
85.379013,28.092385,0
85.379019,28.092381,0
85.379025,28.092377,0
85.379031,28.092372,0
85.379038,28.092368,0
85.379044,28.092363,0
85.37905,28.092356,0
85.379055,28.09235,0
85.37906,28.092343,0
85.379063,28.092337,0
85.379064,28.092331,0
85.379063,28.092326,0
85.379062,28.092321,0
85.379063,28.092316,0
85.379064,28.092311,0
85.379066,28.092305,0
85.379067,28.092299,0
85.379067,28.092283,0
85.379076,28.092273,0
85.379079,28.092273,0
85.379085,28.092274,0
85.379094,28.092277,0
85.379106,28.09228,0
85.379118,28.092283,0
85.379131,28.092286,0
85.379145,28.092289,0
85.379158,28.092293,0
85.379171,28.092297,0
85.379183,28.092301,0
85.379191,28.092305,0
85.379199,28.092309,0
85.379206,28.092315,0
85.379212,28.09232,0
85.379218,28.092324,0
85.379223,28.092328,0
85.379237,28.092343,0
85.379238,28.092344,0
85.379239,28.092345,0
85.37924,28.092348,0
85.379243,28.09235,0
85.379245,28.092354,0
85.379249,28.092357,0
85.379252,28.09236,0
85.379255,28.092363,0
85.379259,28.092368,0
85.379262,28.092373,0
85.379266,28.092379,0
85.37927,28.092384,0
85.379274,28.09239,0
85.379279,28.092397,0
85.379283,28.092404,0
85.379288,28.09241,0
85.379292,28.092416,0
85.379297,28.092421,0
85.379301,28.092427,0
85.379306,28.092432,0
85.37931,28.092437,0
85.379315,28.092443,0
85.379319,28.092449,0
85.379324,28.092455,0
85.379327,28.09246,0
85.379331,28.092465,0
85.379336,28.092469,0
85.37934,28.092472,0
85.379345,28.092475,0
85.379349,28.092479,0
85.379355,28.092482,0
85.37936,28.092483,0
85.379366,28.092482,0
85.379373,28.092481,0
85.379378,28.092479,0
85.379383,28.092476,0
85.379387,28.092473,0
85.379391,28.092471,0
85.379395,28.092469,0
85.3794,28.092468,0
85.379404,28.092466,0
85.379416,28.092461,0
85.379424,28.092458,0
85.379428,28.092455,0
85.379435,28.092451,0
85.379444,28.092445,0
85.379455,28.092438,0
85.379467,28.09243,0
85.379479,28.092422,0
85.379491,28.092413,0
85.379502,28.092405,0
85.379514,28.092397,0
85.379524,28.092391,0
85.379532,28.092386,0
85.379539,28.092382,0
85.379557,28.09237,0
85.379562,28.092371,0
85.379564,28.092371,0
85.379567,28.092372,0
85.37957,28.092373,0
85.379574,28.092376,0
85.379576,28.09238,0
85.37958,28.092385,0
85.379584,28.092389,0
85.37959,28.092392,0
85.379594,28.092396,0
85.379598,28.092401,0
85.379601,28.092405,0
85.379605,28.09241,0
85.379611,28.092415,0
85.379618,28.092419,0
85.379623,28.092422,0
85.379629,28.092424,0
85.379634,28.092427,0
85.379637,28.092431,0
85.37964,28.092435,0
85.379642,28.092439,0
85.379644,28.092443,0
85.379648,28.092447,0
85.379653,28.092451,0
85.379657,28.092455,0
85.379661,28.092457,0
85.379665,28.092461,0
85.37967,28.092464,0
85.379674,28.092467,0
85.37968,28.092469,0
85.379685,28.092471,0
85.379691,28.092473,0
85.379696,28.092476,0
85.3797,28.09248,0
85.379705,28.092483,0
85.379709,28.092488,0
85.379714,28.092493,0
85.379719,28.092499,0
85.379723,28.092503,0
85.379728,28.092508,0
85.379733,28.092513,0
85.379737,28.092518,0
85.379742,28.092522,0
85.379747,28.092525,0
85.379752,28.092527,0
85.379756,28.092528,0
85.37976,28.092529,0
85.379765,28.09253,0
85.379769,28.09253,0
85.379774,28.092528,0
85.379778,28.092524,0
85.379782,28.092519,0
85.379785,28.092513,0
85.379787,28.092508,0
85.379789,28.092502,0
85.379792,28.092495,0
85.379794,28.092489,0
85.379796,28.092482,0
85.379799,28.092477,0
85.379802,28.092472,0
85.379805,28.092468,0
85.379808,28.092466,0
85.379812,28.092465,0
85.379816,28.092466,0
85.379821,28.092466,0
85.379826,28.092467,0
85.379832,28.092468,0
85.379837,28.092469,0
85.379843,28.092472,0
85.379848,28.092475,0
85.379853,28.092479,0
85.379857,28.092483,0
85.379861,28.092488,0
85.379863,28.092493,0
85.379865,28.092499,0
85.379865,28.092505,0
85.379865,28.092512,0
85.379864,28.092518,0
85.379863,28.092526,0
85.379861,28.092533,0
85.37986,28.092541,0
85.379859,28.092548,0
85.379856,28.092555,0
85.379854,28.092564,0
85.379852,28.092573,0
85.379849,28.092582,0
85.379846,28.09259,0
85.379843,28.092598,0
85.379839,28.092606,0
85.379835,28.092614,0
85.379831,28.092621,0
85.379827,28.092628,0
85.379824,28.092633,0
85.379821,28.092639,0
85.37982,28.092644,0
85.37982,28.092647,0
85.379821,28.092655,0
85.379819,28.092655,0
85.379818,28.092655,0
85.379815,28.092656,0
85.379813,28.092658,0
85.379811,28.092658,0
85.379816,28.092652,0
85.379816,28.09265,0
85.379816,28.092648,0
85.379816,28.092644,0
85.379816,28.092639,0
85.379816,28.092635,0
85.379816,28.09263,0
85.379816,28.092615,0
85.379813,28.092607,0
85.379813,28.092606,0
85.379803,28.092602,0
85.3798,28.092602,0
85.379794,28.092602,0
85.379786,28.092604,0
85.379778,28.092608,0
85.37977,28.092613,0
85.379763,28.092618,0
85.379757,28.092622,0
85.379751,28.092625,0
85.379746,28.092628,0
85.379743,28.09262,0
85.379749,28.092618,0
85.37975,28.092619,0
85.379753,28.092619,0
85.379755,28.092621,0
85.379758,28.092622,0
85.379764,28.092628,0
85.379763,28.092637,0
85.379761,28.092636,0
85.379759,28.092633,0
85.379756,28.09263,0
85.379753,28.092628,0
85.379749,28.092627,0
85.379733,28.092627,0
85.379731,28.092627,0
85.379729,28.092627,0
85.379728,28.092632,0
85.379729,28.092632,0
85.379734,28.09263,0
85.379733,28.09262,0
85.379739,28.092618,0
85.379742,28.092619,0
85.379748,28.09262,0
85.379757,28.092622,0
85.379766,28.092626,0
85.379777,28.09263,0
85.379787,28.092633,0
85.379795,28.092636,0
85.379802,28.092638,0
85.379808,28.092639,0
85.379826,28.092638,0
85.379824,28.092647,0
85.379829,28.092658,0
85.37983,28.092658,0
85.379839,28.092655,0
85.379844,28.092656,0
85.379853,28.092658,0
85.379867,28.092659,0
85.379883,28.09266,0
85.379899,28.092661,0
85.379917,28.092661,0
85.379934,28.092662,0
85.379951,28.092663,0
85.379968,28.092665,0
85.379986,28.092669,0
85.38,28.092673,0
85.380014,28.092676,0
85.380027,28.092678,0
85.380041,28.092678,0
85.380055,28.092676,0
85.380068,28.092675,0
85.380081,28.092673,0
85.380094,28.092669,0
85.380107,28.092666,0
85.38012,28.092663,0
85.380132,28.092657,0
85.380143,28.092652,0
85.380153,28.092646,0
85.380163,28.09264,0
85.380173,28.092635,0
85.380182,28.092631,0
85.380191,28.092627,0
85.380199,28.092622,0
85.380206,28.092616,0
85.380211,28.092609,0
85.380213,28.092602,0
85.380213,28.092595,0
85.380211,28.092589,0
85.380209,28.092583,0
85.380208,28.092578,0
85.380209,28.092575,0
85.380212,28.092571,0
85.380217,28.092568,0
85.380222,28.092563,0
85.380227,28.092559,0
85.380233,28.092554,0
85.380238,28.092548,0
85.380242,28.092542,0
85.380248,28.092536,0
85.380253,28.092532,0
85.380259,28.092529,0
85.380266,28.092528,0
85.380274,28.092528,0
85.380282,28.092528,0
85.380289,28.092527,0
85.380296,28.092525,0
85.380303,28.092522,0
85.380309,28.092518,0
85.380313,28.092513,0
85.380316,28.092508,0
85.380319,28.092503,0
85.380321,28.092499,0
85.380324,28.092497,0
85.380329,28.092497,0
85.380334,28.092496,0
85.380339,28.092494,0
85.380345,28.092491,0
85.380351,28.092488,0
85.380356,28.092484,0
85.380361,28.092479,0
85.380365,28.092474,0
85.380368,28.092469,0
85.380372,28.092466,0
85.380376,28.092463,0
85.380382,28.092462,0
85.380388,28.092461,0
85.380392,28.092459,0
85.380395,28.092455,0
85.380397,28.092449,0
85.380398,28.092443,0
85.380398,28.092438,0
85.380398,28.092432,0
85.380397,28.092426,0
85.380396,28.092422,0
85.380396,28.092418,0
85.380398,28.092415,0
85.3804,28.092413,0
85.380405,28.092413,0
85.38041,28.092412,0
85.380415,28.09241,0
85.380419,28.092408,0
85.380421,28.092404,0
85.380422,28.0924,0
85.380422,28.092395,0
85.380422,28.092392,0
85.380421,28.092387,0
85.380419,28.092381,0
85.380416,28.092376,0
85.380414,28.09237,0
85.380412,28.092365,0
85.38041,28.092362,0
85.380405,28.092356,0
85.380411,28.092349,0
85.380413,28.092347,0
85.380418,28.092345,0
85.380426,28.092341,0
85.380435,28.092336,0
85.380444,28.092329,0
85.380454,28.092323,0
85.380465,28.092316,0
85.380477,28.092309,0
85.380487,28.092301,0
85.380495,28.092294,0
85.380501,28.092288,0
85.380505,28.092283,0
85.38051,28.092279,0
85.380516,28.092277,0
85.380522,28.092275,0
85.380528,28.092272,0
85.380532,28.092269,0
85.380536,28.092265,0
85.380539,28.092261,0
85.380542,28.092258,0
85.380545,28.092255,0
85.380549,28.092254,0
85.380553,28.092254,0
85.380558,28.092251,0
85.380561,28.092246,0
85.380564,28.092242,0
85.380566,28.092237,0
85.380569,28.092233,0
85.380572,28.09223,0
85.380577,28.092227,0
85.380583,28.092224,0
85.380589,28.09222,0
85.380594,28.092217,0
85.3806,28.092213,0
85.380604,28.092208,0
85.380607,28.092202,0
85.38061,28.092198,0
85.380612,28.092193,0
85.380616,28.092189,0
85.380619,28.092183,0
85.380621,28.092177,0
85.380622,28.09217,0
85.380625,28.092164,0
85.380627,28.092157,0
85.380629,28.092151,0
85.380633,28.092146,0
85.380637,28.09214,0
85.38064,28.092134,0
85.380643,28.092127,0
85.380646,28.092121,0
85.380649,28.092114,0
85.380652,28.092107,0
85.380655,28.092101,0
85.380658,28.092096,0
85.380663,28.092091,0
85.380667,28.092086,0
85.380671,28.09208,0
85.380675,28.092074,0
85.380678,28.092069,0
85.380683,28.092063,0
85.380688,28.092058,0
85.380693,28.092053,0
85.380699,28.092048,0
85.380705,28.092044,0
85.380712,28.09204,0
85.380717,28.092036,0
85.380723,28.092032,0
85.380728,28.092029,0
85.380735,28.092028,0
85.380741,28.092027,0
85.380747,28.092026,0
85.380752,28.092024,0
85.380757,28.09202,0
85.380762,28.092017,0
85.380767,28.092014,0
85.380771,28.092012,0
85.380776,28.09201,0
85.380779,28.092008,0
85.380795,28.092001,0
85.380798,28.091999,0
85.380806,28.091995,0
85.380817,28.09199,0
85.38083,28.091984,0
85.380844,28.091977,0
85.380859,28.091969,0
85.380873,28.091962,0
85.380888,28.091955,0
85.380903,28.091948,0
85.380915,28.091941,0
85.380925,28.091935,0
85.380933,28.091931,0
85.38094,28.091926,0
85.380946,28.091922,0
85.380951,28.091917,0
85.380957,28.091913,0
85.380962,28.091909,0
85.380967,28.091905,0
85.380971,28.0919,0
85.380976,28.091894,0
85.380979,28.091889,0
85.380981,28.091885,0
85.380985,28.091875,0
85.380993,28.091871,0
85.380996,28.09187,0
85.381002,28.091866,0
85.381011,28.091861,0
85.381021,28.091855,0
85.381032,28.09185,0
85.381045,28.091844,0
85.381058,28.091836,0
85.38107,28.09183,0
85.381082,28.091825,0
85.38109,28.091822,0
85.381111,28.091816,0
85.381114,28.091815,0
85.381121,28.091811,0
85.381129,28.091805,0
85.381136,28.091799,0
85.381145,28.091791,0
85.381153,28.091784,0
85.381163,28.091777,0
85.381171,28.091773,0
85.381181,28.091769,0
85.381189,28.091768,0
85.381197,28.091769,0
85.381204,28.09177,0
85.381211,28.091771,0
85.381217,28.091771,0
85.381222,28.09177,0
85.381231,28.091765,0
85.38123,28.091763,0
85.381231,28.091765,0
85.38124,28.091768,0
85.381242,28.091769,0
85.381247,28.09177,0
85.381254,28.091773,0
85.381264,28.091776,0
85.381275,28.091779,0
85.381286,28.091782,0
85.381297,28.091785,0
85.381308,28.091788,0
85.381319,28.09179,0
85.381328,28.091792,0
85.381351,28.091798,0
85.381353,28.091799,0
85.381356,28.0918,0
85.38136,28.091802,0
85.381365,28.091804,0
85.381371,28.091806,0
85.381378,28.091809,0
85.381386,28.091813,0
85.381398,28.091817,0
85.381411,28.091821,0
85.381425,28.091824,0
85.381436,28.091825,0
85.381447,28.091825,0
85.381457,28.091826,0
85.381466,28.091827,0
85.381473,28.091828,0
85.38148,28.09183,0
85.381486,28.091832,0
85.381491,28.091834,0
85.381496,28.091836,0
85.381501,28.091838,0
85.381506,28.09184,0
85.381511,28.091842,0
85.381515,28.091843,0
85.38152,28.091844,0
85.381525,28.091844,0
85.38153,28.091843,0
85.381534,28.091843,0
85.381539,28.091843,0
85.381545,28.091843,0
85.381551,28.091843,0
85.381558,28.091843,0
85.381565,28.091844,0
85.381572,28.091846,0
85.381578,28.091849,0
85.381584,28.091853,0
85.38159,28.091857,0
85.381595,28.091862,0
85.3816,28.091866,0
85.381604,28.09187,0
85.381607,28.091876,0
85.38161,28.091883,0
85.381612,28.091889,0
85.381614,28.091896,0
85.381616,28.091904,0
85.381617,28.091911,0
85.381619,28.091919,0
85.381621,28.091926,0
85.381622,28.091932,0
85.381623,28.091937,0
85.381625,28.09194,0
85.38163,28.091946,0
85.381635,28.091948,0
85.38164,28.091943,0
85.381643,28.09194,0
85.381649,28.091935,0
85.381658,28.091927,0
85.381668,28.091919,0
85.381678,28.091911,0
85.381688,28.091901,0
85.381697,28.09189,0
85.381704,28.091878,0
85.381711,28.091867,0
85.381719,28.091859,0
85.381727,28.091854,0
85.381734,28.09185,0
85.381742,28.091845,0
85.381747,28.09184,0
85.381752,28.091834,0
85.381755,28.091826,0
85.381758,28.091818,0
85.381761,28.091811,0
85.381764,28.091803,0
85.381767,28.091795,0
85.381771,28.091787,0
85.381776,28.09178,0
85.381782,28.091774,0
85.381789,28.091768,0
85.381797,28.091762,0
85.381805,28.091756,0
85.381813,28.09175,0
85.381821,28.091745,0
85.38183,28.09174,0
85.381837,28.091736,0
85.381844,28.091731,0
85.381852,28.091726,0
85.381857,28.09172,0
85.381863,28.091713,0
85.381866,28.091707,0
85.381871,28.091703,0
85.381876,28.091699,0
85.381881,28.091696,0
85.381886,28.091692,0
85.381889,28.091687,0
85.381892,28.091681,0
85.381895,28.091676,0
85.381898,28.091673,0
85.381903,28.091672,0
85.381909,28.091669,0
85.381915,28.091666,0
85.38192,28.09166,0
85.381924,28.091654,0
85.381929,28.091648,0
85.381935,28.091642,0
85.381941,28.091638,0
85.381946,28.091633,0
85.381949,28.091627,0
85.381952,28.091621,0
85.381955,28.091615,0
85.381958,28.09161,0
85.38196,28.091605,0
85.381962,28.091602,0
85.381967,28.091599,0
85.381971,28.091597,0
85.381975,28.091593,0
85.381979,28.09159,0
85.381982,28.091585,0
85.381986,28.091581,0
85.381989,28.091577,0
85.381992,28.091575,0
85.381997,28.091574,0
85.382001,28.091574,0
85.382006,28.091574,0
85.38201,28.091574,0
85.382015,28.091573,0
85.382019,28.091572,0
85.382023,28.09157,0
85.382026,28.091568,0
85.382029,28.091567,0
85.382036,28.091555,0
85.382037,28.091554,0
85.382038,28.091553,0
85.382043,28.091549,0
85.38205,28.091543,0
85.382059,28.091537,0
85.382069,28.091529,0
85.38208,28.091521,0
85.382091,28.091512,0
85.382102,28.091503,0
85.382114,28.091495,0
85.382125,28.091486,0
85.382135,28.091479,0
85.382144,28.091472,0
85.382151,28.091466,0
85.382156,28.09146,0
85.382161,28.091453,0
85.382164,28.091445,0
85.382166,28.091439,0
85.382167,28.091434,0
85.382169,28.091429,0
85.382173,28.091426,0
85.382177,28.091422,0
85.382181,28.091417,0
85.382186,28.091412,0
85.38219,28.091407,0
85.382193,28.091402,0
85.382194,28.091397,0
85.382196,28.091393,0
85.382198,28.09139,0
85.3822,28.091384,0
85.38221,28.09138,0
85.382213,28.091379,0
85.38222,28.091377,0
85.382229,28.091376,0
85.382242,28.091375,0
85.382255,28.091371,0
85.382268,28.091366,0
85.382282,28.091362,0
85.382295,28.091357,0
85.382307,28.091353,0
85.382317,28.091351,0
85.382327,28.091351,0
85.382336,28.091352,0
85.382343,28.091351,0
85.38235,28.09135,0
85.382356,28.091349,0
85.382362,28.091348,0
85.382368,28.091346,0
85.382373,28.091343,0
85.382377,28.091341,0
85.382382,28.091338,0
85.382387,28.091337,0
85.382393,28.091335,0
85.3824,28.091334,0
85.382406,28.091332,0
85.382413,28.09133,0
85.382419,28.091328,0
85.382425,28.091326,0
85.38243,28.091323,0
85.382435,28.091322,0
85.382441,28.09132,0
85.382447,28.091318,0
85.382451,28.091315,0
85.382455,28.091311,0
85.382459,28.091308,0
85.382462,28.091305,0
85.382467,28.091304,0
85.382472,28.091304,0
85.382477,28.091304,0
85.382482,28.091303,0
85.382488,28.091302,0
85.382493,28.091302,0
85.382498,28.091301,0
85.382502,28.091299,0
85.382505,28.091296,0
85.382507,28.091293,0
85.382516,28.091287,0
85.382517,28.091287,0
85.38252,28.091287,0
85.382524,28.091285,0
85.382528,28.091283,0
85.382531,28.091281,0
85.38254,28.091271,0
85.382545,28.091267,0
85.382545,28.091266,0
85.382547,28.091265,0
85.382549,28.091262,0
85.382553,28.091259,0
85.382581,28.091238,0
85.382582,28.091237,0
85.382591,28.091228,0
85.382594,28.091226,0
85.382599,28.091222,0
85.382607,28.091218,0
85.382616,28.091214,0
85.382626,28.091211,0
85.382637,28.091208,0
85.382648,28.091204,0
85.38266,28.091201,0
85.382671,28.091198,0
85.38268,28.091195,0
85.382687,28.091194,0
85.382694,28.091195,0
85.382699,28.091196,0
85.382704,28.091199,0
85.38271,28.091202,0
85.382716,28.091204,0
85.382721,28.091205,0
85.382726,28.091204,0
85.382731,28.091203,0
85.382737,28.091202,0
85.382742,28.091199,0
85.382747,28.091195,0
85.382751,28.091192,0
85.382754,28.091189,0
85.382758,28.091188,0
85.382762,28.091186,0
85.382767,28.091185,0
85.382771,28.091184,0
85.382775,28.091183,0
85.382779,28.091182,0
85.382782,28.091183,0
85.382785,28.091184,0
85.382788,28.091185,0
85.382805,28.091183,0
85.382808,28.091183,0
85.382815,28.091183,0
85.382824,28.091183,0
85.382836,28.091183,0
85.382849,28.091182,0
85.382861,28.091181,0
85.382873,28.09118,0
85.382886,28.09118,0
85.3829,28.091181,0
85.38291,28.091183,0
85.382918,28.091188,0
85.382923,28.091193,0
85.382927,28.091199,0
85.382931,28.091205,0
85.382935,28.091211,0
85.382937,28.091217,0
85.38294,28.091223,0
85.382942,28.091229,0
85.382946,28.091234,0
85.38295,28.091239,0
85.382955,28.091242,0
85.382959,28.091245,0
85.382964,28.091247,0
85.38297,28.091248,0
85.382975,28.091249,0
85.382979,28.091249,0
85.383,28.091253,0
85.383,28.091252,0
85.383002,28.09125,0
85.383003,28.091247,0
85.383004,28.091244,0
85.383005,28.09124,0
85.383005,28.091237,0
85.383005,28.091223,0
85.383001,28.091213,0
85.383001,28.091212,0
85.382998,28.091209,0
85.382993,28.091201,0
85.382986,28.091201,0
85.382985,28.091201,0
85.382984,28.091201,0
85.382975,28.091211,0
85.382973,28.09121,0
85.38297,28.091216,0
85.38297,28.091217,0
85.382968,28.091223,0
85.382965,28.091223,0
85.382976,28.091211,0
85.382983,28.091213,0
85.382984,28.091213,0
85.382987,28.091215,0
85.38299,28.091219,0
85.382994,28.091222,0
85.383005,28.091231,0
85.383008,28.091223,0
85.383007,28.091222,0
85.383005,28.091222,0
85.383002,28.09122,0
85.382999,28.091219,0
85.382997,28.091217,0
85.382994,28.091214,0
85.382988,28.091205,0
85.383006,28.091186,0
85.383009,28.091185,0
85.383014,28.091182,0
85.38302,28.091179,0
85.383026,28.091176,0
85.383038,28.091176,0
85.383038,28.091177,0
85.38303,28.09119,0
85.383027,28.091191,0
85.383022,28.091194,0
85.383016,28.091198,0
85.383009,28.091203,0
85.383003,28.091206,0
85.382995,28.091215,0
85.382997,28.091214,0
85.383001,28.091212,0
85.383007,28.091208,0
85.383015,28.091204,0
85.383024,28.091199,0
85.383032,28.091194,0
85.38304,28.091188,0
85.383048,28.091182,0
85.383056,28.091176,0
85.383064,28.091171,0
85.383071,28.091167,0
85.383079,28.091163,0
85.383088,28.091158,0
85.383098,28.091153,0
85.383107,28.091147,0
85.383116,28.09114,0
85.383125,28.091134,0
85.383135,28.091127,0
85.383143,28.09112,0
85.38315,28.091112,0
85.383158,28.091104,0
85.383165,28.091098,0
85.383173,28.091092,0
85.383182,28.091087,0
85.38319,28.091083,0
85.383198,28.091079,0
85.383205,28.091077,0
85.383211,28.091074,0
85.383216,28.091071,0
85.383221,28.091069,0
85.383226,28.091065,0
85.383228,28.091062,0
85.383229,28.091057,0
85.383229,28.091051,0
85.383229,28.091046,0
85.38323,28.091041,0
85.383232,28.091036,0
85.383235,28.091032,0
85.383239,28.091028,0
85.383243,28.091026,0
85.383249,28.091024,0
85.383254,28.091021,0
85.383257,28.091018,0
85.383259,28.091015,0
85.383261,28.091011,0
85.383264,28.091008,0
85.383266,28.091005,0
85.383271,28.091003,0
85.383275,28.091001,0
85.38328,28.090998,0
85.383286,28.090997,0
85.383292,28.090996,0
85.383297,28.090995,0
85.383303,28.090994,0
85.383309,28.090993,0
85.383314,28.09099,0
85.383316,28.090987,0
85.383317,28.090983,0
85.383318,28.09098,0
85.383317,28.090976,0
85.383317,28.090972,0
85.383317,28.090968,0
85.383317,28.090965,0
85.383323,28.09096,0
85.383324,28.09096,0
85.383326,28.09096,0
85.383331,28.09096,0
85.383337,28.09096,0
85.383343,28.090959,0
85.383356,28.090955,0
85.383356,28.090954,0
85.383356,28.090952,0
85.383356,28.090949,0
85.383356,28.090946,0
85.383356,28.090932,0
85.383356,28.090931,0
85.383356,28.090929,0
85.383356,28.090926,0
85.383356,28.090923,0
85.383355,28.09092,0
85.383352,28.090908,0
85.383352,28.090907,0
85.383352,28.090906,0
85.383351,28.090903,0
85.383351,28.090901,0
85.38335,28.090888,0
85.383349,28.090887,0
85.383349,28.090886,0
85.383347,28.090884,0
85.38334,28.090873,0
85.383339,28.090872,0
85.383338,28.090869,0
85.383337,28.090865,0
85.383325,28.090837,0
85.383324,28.090836,0
85.383324,28.090834,0
85.38333,28.090818,0
85.383331,28.090815,0
85.383333,28.09081,0
85.383338,28.090805,0
85.383345,28.090799,0
85.383356,28.090792,0
85.383366,28.090784,0
85.383375,28.090773,0
85.383383,28.090762,0
85.383391,28.09075,0
85.383397,28.090741,0
85.383402,28.090733,0
85.383405,28.090726,0
85.383409,28.09072,0
85.383412,28.090715,0
85.383415,28.090711,0
85.383425,28.090702,0
85.383423,28.090699,0
85.383423,28.0907,0
85.383424,28.090701,0
85.383427,28.090702,0
85.383431,28.090702,0
85.383437,28.090701,0
85.383442,28.090698,0
85.383446,28.090695,0
85.38345,28.090691,0
85.383455,28.090687,0
85.38346,28.090683,0
85.383465,28.090679,0
85.383471,28.090675,0
85.383476,28.09067,0
85.383481,28.090665,0
85.383486,28.090661,0
85.38349,28.090657,0
85.383494,28.090652,0
85.383499,28.090648,0
85.383504,28.090643,0
85.38351,28.090639,0
85.383515,28.090635,0
85.38352,28.090632,0
85.38353,28.090624,0
85.38353,28.090625,0
85.383538,28.09062,0
85.383539,28.090619,0
85.383541,28.090618,0
85.383544,28.090616,0
85.383548,28.090615,0
85.383551,28.090614,0
85.383554,28.090613,0
85.383567,28.090612,0
85.38357,28.090609,0
85.383571,28.090607,0
85.383575,28.090604,0
85.383582,28.090599,0
85.38359,28.090592,0
85.383599,28.090584,0
85.383608,28.090576,0
85.383617,28.090568,0
85.383628,28.090561,0
85.383639,28.090554,0
85.383649,28.090545,0
85.383658,28.090539,0
85.383664,28.090532,0
85.383669,28.090527,0
85.383674,28.090522,0
85.383678,28.090518,0
85.383683,28.090515,0
85.383688,28.090512,0
85.383693,28.090508,0
85.383698,28.090505,0
85.383703,28.090501,0
85.383708,28.090498,0
85.383712,28.090494,0
85.383716,28.09049,0
85.383719,28.090486,0
85.383723,28.090474,0
85.38373,28.090472,0
85.383731,28.090471,0
85.383734,28.09047,0
85.383737,28.090469,0
85.383741,28.090468,0
85.383745,28.090466,0
85.383749,28.090464,0
85.383752,28.090463,0
85.383762,28.090459,0
85.383765,28.090456,0
85.383766,28.090456,0
85.383768,28.090456,0
85.383771,28.090455,0
85.383773,28.090454,0
85.383776,28.090453,0
85.383797,28.090442,0
85.383799,28.09044,0
85.383802,28.090435,0
85.383807,28.090429,0
85.383812,28.090421,0
85.383819,28.090412,0
85.383825,28.090403,0
85.383832,28.090394,0
85.38384,28.090386,0
85.383849,28.090379,0
85.383857,28.090374,0
85.383866,28.090371,0
85.383874,28.090368,0
85.383881,28.090365,0
85.383886,28.090362,0
85.383892,28.090359,0
85.383897,28.090356,0
85.383902,28.090352,0
85.383905,28.090348,0
85.383909,28.090344,0
85.383913,28.09034,0
85.383916,28.090336,0
85.38392,28.090332,0
85.383923,28.090328,0
85.383926,28.090325,0
85.383929,28.090323,0
85.383932,28.090323,0
85.383936,28.090322,0
85.38394,28.090321,0
85.383944,28.09032,0
85.383957,28.090314,0
85.383958,28.090313,0
85.38396,28.090312,0
85.383963,28.090309,0
85.383966,28.090307,0
85.38397,28.090304,0
85.383973,28.090303,0
85.383978,28.090302,0
85.383982,28.090302,0
85.383986,28.090303,0
85.38399,28.090304,0
85.384003,28.090304,0
85.384004,28.090304,0
85.384015,28.090303,0
85.384016,28.090302,0
85.384017,28.090301,0
85.38403,28.090294,0
85.384031,28.090294,0
85.384034,28.090294,0
85.384037,28.090293,0
85.38404,28.090293,0
85.384053,28.090293,0
85.384057,28.090291,0
85.384067,28.090288,0
85.384069,28.090285,0
85.384073,28.09028,0
85.384079,28.090274,0
85.384085,28.090266,0
85.384093,28.090258,0
85.384101,28.09025,0
85.38411,28.090243,0
85.384119,28.090236,0
85.384128,28.090229,0
85.384135,28.090224,0
85.38415,28.090216,0
85.384152,28.090214,0
85.384156,28.090211,0
85.384161,28.090207,0
85.384168,28.090203,0
85.384177,28.0902,0
85.384187,28.090196,0
85.384197,28.090192,0
85.384207,28.090187,0
85.384218,28.090182,0
85.384229,28.090176,0
85.384238,28.09017,0
85.384247,28.090165,0
85.384254,28.09016,0
85.384261,28.090155,0
85.384268,28.09015,0
85.384274,28.090146,0
85.384281,28.09014,0
85.384287,28.090135,0
85.384293,28.09013,0
85.384299,28.090126,0
85.384305,28.090123,0
85.384312,28.09012,0
85.384318,28.090116,0
85.384323,28.090111,0
85.384327,28.090105,0
85.38433,28.0901,0
85.384334,28.090095,0
85.384338,28.09009,0
85.384342,28.090086,0
85.384346,28.090083,0
85.384353,28.090079,0
85.384359,28.090076,0
85.384365,28.090073,0
85.384371,28.09007,0
85.384377,28.090066,0
85.384383,28.090062,0
85.384389,28.090058,0
85.384393,28.090054,0
85.384398,28.09005,0
85.384403,28.090045,0
85.384407,28.090042,0
85.384412,28.090039,0
85.384417,28.090038,0
85.384422,28.090038,0
85.384427,28.090038,0
85.384432,28.090037,0
85.384437,28.090035,0
85.384443,28.090032,0
85.384446,28.090028,0
85.384448,28.090025,0
85.384449,28.090021,0
85.384448,28.090019,0
85.384448,28.090013,0
85.384452,28.090006,0
85.384454,28.090004,0
85.38446,28.09,0
85.384467,28.089996,0
85.384477,28.089992,0
85.384487,28.089987,0
85.384498,28.089984,0
85.384508,28.08998,0
85.38452,28.089975,0
85.384531,28.089971,0
85.384541,28.089968,0
85.38455,28.089967,0
85.384558,28.089965,0
85.384583,28.089958,0
85.384586,28.089957,0
85.384592,28.089954,0
85.384601,28.089952,0
85.384612,28.08995,0
85.384624,28.089948,0
85.384636,28.089945,0
85.384648,28.089941,0
85.38466,28.089937,0
85.384672,28.089933,0
85.384683,28.089928,0
85.384692,28.089923,0
85.384701,28.089917,0
85.384709,28.089911,0
85.384716,28.089906,0
85.384724,28.089901,0
85.384731,28.089898,0
85.384739,28.089895,0
85.384746,28.089892,0
85.384753,28.089888,0
85.38476,28.089883,0
85.384764,28.089879,0
85.384767,28.089874,0
85.38477,28.08987,0
85.384773,28.089866,0
85.384777,28.089863,0
85.384782,28.08986,0
85.384787,28.089859,0
85.384792,28.089856,0
85.384796,28.089853,0
85.3848,28.089849,0
85.384804,28.089846,0
85.384808,28.089843,0
85.384812,28.089839,0
85.384816,28.089835,0
85.38482,28.08983,0
85.384824,28.089827,0
85.384827,28.089824,0
85.384832,28.089815,0
85.384835,28.089817,0
85.384839,28.089816,0
85.384846,28.089814,0
85.384855,28.089811,0
85.384865,28.089807,0
85.384877,28.089804,0
85.38489,28.089802,0
85.384904,28.0898,0
85.384919,28.089797,0
85.384933,28.089792,0
85.384945,28.089788,0
85.384956,28.089783,0
85.384966,28.089778,0
85.384975,28.089774,0
85.384983,28.089769,0
85.384989,28.089765,0
85.384993,28.08976,0
85.385005,28.089749,0
85.385006,28.089748,0
85.385008,28.089747,0
85.385011,28.089745,0
85.385015,28.089744,0
85.38502,28.089742,0
85.385026,28.089741,0
85.385032,28.08974,0
85.385039,28.08974,0
85.385045,28.089739,0
85.385051,28.089738,0
85.385057,28.089736,0
85.385063,28.089735,0
85.385068,28.089734,0
85.385073,28.089732,0
85.385078,28.08973,0
85.385082,28.089728,0
85.385085,28.089726,0
85.385092,28.08972,0
85.3851,28.089717,0
85.385103,28.089715,0
85.385108,28.089712,0
85.385115,28.089707,0
85.385123,28.089703,0
85.385133,28.089699,0
85.385145,28.089695,0
85.385156,28.089691,0
85.385168,28.089688,0
85.385179,28.089685,0
85.385188,28.089682,0
85.385196,28.08968,0
85.385204,28.08968,0
85.385211,28.089679,0
85.385218,28.08968,0
85.385225,28.08968,0
85.385231,28.08968,0
85.385239,28.089681,0
85.385245,28.089682,0
85.38525,28.089683,0
85.385256,28.089682,0
85.385261,28.089682,0
85.385265,28.08968,0
85.385266,28.089677,0
85.385278,28.089667,0
85.385281,28.089666,0
85.385287,28.089664,0
85.385296,28.089662,0
85.385307,28.08966,0
85.38532,28.089658,0
85.385331,28.089655,0
85.385342,28.089653,0
85.385353,28.08965,0
85.385363,28.089648,0
85.385383,28.089639,0
85.385383,28.089638,0
85.385383,28.089636,0
85.385387,28.089627,0
85.38539,28.089626,0
85.385397,28.089623,0
85.385407,28.089619,0
85.385418,28.089613,0
85.385429,28.089608,0
85.385441,28.089602,0
85.385453,28.089596,0
85.385464,28.08959,0
85.385477,28.089584,0
85.385488,28.089579,0
85.385499,28.089575,0
85.385509,28.08957,0
85.385515,28.089565,0
85.385519,28.089561,0
85.385523,28.089557,0
85.385528,28.089554,0
85.385533,28.08955,0
85.385538,28.089547,0
85.385544,28.089544,0
85.38555,28.089541,0
85.385555,28.089538,0
85.38556,28.089534,0
85.385564,28.08953,0
85.385567,28.089527,0
85.385572,28.089524,0
85.385576,28.089522,0
85.385581,28.089519,0
85.385585,28.089516,0
85.385591,28.089514,0
85.385596,28.089513,0
85.385602,28.089511,0
85.385608,28.089508,0
85.385613,28.089505,0
85.385619,28.089503,0
85.385626,28.089502,0
85.385632,28.089501,0
85.385637,28.089499,0
85.385641,28.089497,0
85.385658,28.089486,0
85.385661,28.089485,0
85.385666,28.089482,0
85.385674,28.089478,0
85.385682,28.089474,0
85.385691,28.089469,0
85.3857,28.089464,0
85.385711,28.089457,0
85.38572,28.089451,0
85.385729,28.089445,0
85.385735,28.08944,0
85.385739,28.089436,0
85.385741,28.089432,0
85.385747,28.089421,0
85.385747,28.089418,0
85.385747,28.089413,0
85.385747,28.089406,0
85.385745,28.089397,0
85.385744,28.089387,0
85.385742,28.089377,0
85.385741,28.089367,0
85.385739,28.089357,0
85.385737,28.089348,0
85.385735,28.08934,0
85.385734,28.089332,0
85.385734,28.089326,0
85.385734,28.08932,0
85.385734,28.089315,0
85.385735,28.089309,0
85.385736,28.089304,0
85.385738,28.089298,0
85.385739,28.089293,0
85.38574,28.089289,0
85.385747,28.089276,0
85.385747,28.089275,0
85.38575,28.089269,0
85.385751,28.089268,0
85.385754,28.089265,0
85.385757,28.089262,0
85.385761,28.089259,0
85.385766,28.089256,0
85.38577,28.089253,0
85.385773,28.089251,0
85.385782,28.089244,0
85.385778,28.089241,0
85.385777,28.089242,0
85.385773,28.089245,0
85.385768,28.089248,0
85.385764,28.08925,0
85.385753,28.089256,0
85.385752,28.089256,0
85.385749,28.089257,0
85.385737,28.089261,0
85.385737,28.08926,0
85.385737,28.089257,0
85.385737,28.089254,0
85.385736,28.089251,0
85.385733,28.089243,0
85.385728,28.089245,0
85.385728,28.089246,0
85.385728,28.089247,0
85.385722,28.08925,0
85.385718,28.089248,0
85.38572,28.089248,0
85.385724,28.089247,0
85.385733,28.089246,0
85.385746,28.089245,0
85.385761,28.089244,0
85.385778,28.089243,0
85.385795,28.089242,0
85.385813,28.089243,0
85.385829,28.089243,0
85.385845,28.089244,0
85.385859,28.089247,0
85.385871,28.08925,0
85.385883,28.089254,0
85.385894,28.089257,0
85.385904,28.08926,0
85.385913,28.089263,0
85.385921,28.089266,0
85.385929,28.089269,0
85.385938,28.089273,0
85.385948,28.089277,0
85.385957,28.08928,0
85.385965,28.089284,0
85.385974,28.089289,0
85.385983,28.089293,0
85.385991,28.089296,0
85.385999,28.089297,0
85.386006,28.0893,0
85.386013,28.089304,0
85.38602,28.089308,0
85.386027,28.089311,0
85.386033,28.089313,0
85.386039,28.089316,0
85.386043,28.089319,0
85.386049,28.089323,0
85.386055,28.089327,0
85.38606,28.08933,0
85.386066,28.089331,0
85.386071,28.089331,0
85.386077,28.089331,0
85.386082,28.089332,0
85.386089,28.089332,0
85.386096,28.089331,0
85.386103,28.089329,0
85.386108,28.089326,0
85.386112,28.089323,0
85.386128,28.089315,0
85.386129,28.089315,0
85.386131,28.089315,0
85.386135,28.089317,0
85.386139,28.089318,0
85.386144,28.089318,0
85.386148,28.089319,0
85.386153,28.08932,0
85.386156,28.089322,0
85.386163,28.08933,0
85.386168,28.08933,0
85.386169,28.08933,0
85.386171,28.08933,0
85.386174,28.08933,0
85.386178,28.089331,0
85.386183,28.089331,0
85.386188,28.089331,0
85.386192,28.089331,0
85.386197,28.089332,0
85.386201,28.089332,0
85.38622,28.089333,0
85.386223,28.089332,0
85.386229,28.08933,0
85.386238,28.089327,0
85.386249,28.089325,0
85.386261,28.089322,0
85.386273,28.089318,0
85.386282,28.089314,0
85.38629,28.089309,0
85.386297,28.089304,0
85.3863,28.089299,0
85.386302,28.089295,0
85.386304,28.089291,0
85.386307,28.089287,0
85.38631,28.089285,0
85.386313,28.089283,0
85.386322,28.089271,0
85.386322,28.08927,0
85.386323,28.089267,0
85.386324,28.089263,0
85.386325,28.089258,0
85.386327,28.089253,0
85.386335,28.089223,0
85.386335,28.089222,0
85.386338,28.089216,0
85.386339,28.089215,0
85.38634,28.089212,0
85.386342,28.089209,0
85.386344,28.089205,0
85.38636,28.089175,0
85.38636,28.089174,0
85.386363,28.089168,0
85.386367,28.089166,0
85.386369,28.089167,0
85.386374,28.089168,0
85.38638,28.08917,0
85.386388,28.089172,0
85.386397,28.089174,0
85.386407,28.089175,0
85.386417,28.089175,0
85.386427,28.089175,0
85.386436,28.089175,0
85.386445,28.089176,0
85.386452,28.089176,0
85.386459,28.089176,0
85.386466,28.089177,0
85.386471,28.089177,0
85.386476,28.089177,0
85.386481,28.089179,0
85.386486,28.089179,0
85.386491,28.089178,0
85.386496,28.089177,0
85.386499,28.089177,0
85.386504,28.089179,0
85.38651,28.08918,0
85.386515,28.089181,0
85.386519,28.08918,0
85.386523,28.089179,0
85.386537,28.089177,0
85.38654,28.089177,0
85.386547,28.089179,0
85.386556,28.089181,0
85.386568,28.089182,0
85.386579,28.089183,0
85.386591,28.089185,0
85.386604,28.089187,0
85.386617,28.08919,0
85.38663,28.089193,0
85.386658,28.0892,0
85.38666,28.089193,0
85.386661,28.089193,0
85.386663,28.089192,0
85.386665,28.089191,0
85.386668,28.089189,0
85.386677,28.089183,0
85.386682,28.089182,0
85.386684,28.089181,0
85.386687,28.08918,0
85.386688,28.089178,0
85.386689,28.089175,0
85.38669,28.089172,0
85.386691,28.08917,0
85.386693,28.08916,0
85.386694,28.089159,0
85.386696,28.089157,0
85.386699,28.089155,0
85.386701,28.089152,0
85.386703,28.089148,0
85.386705,28.089146,0
85.386707,28.089143,0
85.386715,28.089135,0
85.386716,28.089135,0
85.386719,28.089135,0
85.386722,28.089134,0
85.386724,28.089133,0
85.386727,28.089131,0
85.386731,28.089129,0
85.386736,28.089126,0
85.386742,28.08912,0
85.38675,28.089115,0
85.386759,28.089109,0
85.386769,28.089103,0
85.38678,28.089097,0
85.386792,28.089091,0
85.386804,28.089085,0
85.386815,28.089078,0
85.386824,28.089072,0
85.38683,28.089066,0
85.386835,28.089061,0
85.386853,28.089043,0
85.386856,28.08904,0
85.386862,28.089034,0
85.386871,28.089027,0
85.386883,28.089019,0
85.386894,28.08901,0
85.386904,28.089001,0
85.386914,28.088992,0
85.386925,28.088982,0
85.386935,28.08897,0
85.386943,28.08896,0
85.386949,28.088952,0
85.386953,28.088945,0
85.386955,28.088938,0
85.386957,28.088932,0
85.386957,28.088927,0
85.386958,28.088922,0
85.386959,28.088918,0
85.386962,28.088913,0
85.386966,28.088908,0
85.386969,28.088904,0
85.386973,28.088899,0
85.386978,28.088894,0
85.386982,28.08889,0
85.386986,28.088884,0
85.386989,28.08888,0
85.386992,28.088875,0
85.386996,28.088872,0
85.386999,28.088867,0
85.387001,28.088864,0
85.387004,28.088861,0
85.387005,28.088854,0
85.387003,28.08885,0
85.387002,28.088842,0
85.387003,28.088842,0
85.387007,28.088842,0
85.387011,28.088842,0
85.387017,28.088843,0
85.387021,28.088843,0
85.387026,28.088843,0
85.38704,28.088845,0
85.387043,28.088845,0
85.387047,28.088846,0
85.387054,28.088847,0
85.387065,28.088847,0
85.387077,28.088846,0
85.387088,28.088846,0
85.3871,28.088848,0
85.387111,28.088848,0
85.387123,28.088848,0
85.387136,28.088847,0
85.387146,28.088846,0
85.387155,28.088843,0
85.387162,28.088839,0
85.387171,28.088835,0
85.387179,28.088832,0
85.387187,28.088829,0
85.387194,28.088826,0
85.387201,28.088825,0
85.387209,28.088825,0
85.387216,28.088824,0
85.387223,28.088823,0
85.387231,28.088821,0
85.387239,28.088819,0
85.387246,28.088818,0
85.387253,28.088818,0
85.387259,28.088817,0
85.387266,28.088817,0
85.387272,28.088815,0
85.387276,28.088812,0
85.387281,28.088809,0
85.387285,28.088806,0
85.387289,28.088804,0
85.387294,28.088802,0
85.3873,28.0888,0
85.387306,28.088798,0
85.387311,28.088795,0
85.387317,28.088792,0
85.387322,28.088788,0
85.387326,28.088785,0
85.387345,28.088774,0
85.387349,28.088773,0
85.387355,28.088771,0
85.387365,28.088769,0
85.387377,28.088767,0
85.38739,28.088766,0
85.387404,28.088763,0
85.387418,28.088761,0
85.387433,28.088759,0
85.387448,28.088757,0
85.387461,28.088756,0
85.387473,28.088757,0
85.387483,28.088759,0
85.387492,28.088761,0
85.387502,28.088762,0
85.387511,28.088763,0
85.387519,28.088762,0
85.387527,28.08876,0
85.387533,28.088759,0
85.387539,28.088759,0
85.387546,28.088758,0
85.387552,28.088756,0
85.387558,28.088754,0
85.387563,28.088752,0
85.387567,28.088751,0
85.387573,28.088752,0
85.38758,28.088753,0
85.387585,28.088752,0
85.387589,28.088752,0
85.387603,28.088752,0
85.387605,28.088753,0
85.387607,28.088753,0
85.38761,28.088754,0
85.387613,28.088753,0
85.387616,28.088752,0
85.387625,28.088749,0
85.387626,28.088748,0
85.387627,28.088746,0
85.38763,28.088743,0
85.387633,28.08874,0
85.387636,28.088737,0
85.387639,28.088735,0
85.387642,28.088733,0
85.387646,28.088732,0
85.38765,28.08873,0
85.387656,28.088728,0
85.387663,28.088725,0
85.387671,28.088724,0
85.387679,28.088723,0
85.387688,28.088722,0
85.387698,28.088721,0
85.38771,28.088719,0
85.387721,28.088715,0
85.387731,28.08871,0
85.387738,28.088704,0
85.387743,28.088699,0
85.387746,28.088695,0
85.387749,28.088691,0
85.38775,28.088687,0
85.387752,28.088683,0
85.387753,28.088679,0
85.387755,28.088675,0
85.387762,28.088662,0
85.387775,28.088657,0
85.387778,28.088657,0
85.387784,28.088657,0
85.387792,28.088656,0
85.387801,28.088655,0
85.38781,28.088653,0
85.387819,28.088653,0
85.387828,28.088654,0
85.387837,28.088655,0
85.387846,28.088658,0
85.387852,28.08866,0
85.387858,28.088661,0
85.387872,28.088666,0
85.387877,28.088659,0
85.387881,28.088659,0
85.387888,28.088658,0
85.387897,28.088657,0
85.387908,28.088654,0
85.387919,28.08865,0
85.387929,28.088645,0
85.387941,28.088641,0
85.387952,28.088636,0
85.387964,28.08863,0
85.387972,28.088625,0
85.387979,28.088619,0
85.387983,28.088614,0
85.387986,28.088608,0
85.387988,28.088604,0
85.387991,28.0886,0
85.387994,28.088597,0
85.387998,28.088595,0
85.388001,28.088593,0
85.388003,28.088591,0
85.388005,28.088587,0
85.388007,28.088584,0
85.388009,28.088581,0
85.388012,28.088579,0
85.388015,28.088577,0
85.388019,28.088575,0
85.388023,28.088573,0
85.388027,28.088569,0
85.388029,28.088566,0
85.388032,28.088563,0
85.388034,28.088561,0
85.388038,28.088561,0
85.388042,28.08856,0
85.388045,28.088557,0
85.388048,28.088554,0
85.388049,28.088551,0
85.388052,28.088548,0
85.388055,28.088545,0
85.388058,28.088541,0
85.38806,28.088538,0
85.388063,28.088536,0
85.388066,28.088535,0
85.388071,28.088535,0
85.388077,28.088535,0
85.388083,28.088535,0
85.388088,28.088534,0
85.388093,28.088532,0
85.388097,28.088529,0
85.388108,28.088525,0
85.388109,28.088525,0
85.388115,28.08853,0
85.388115,28.088533,0
85.388117,28.088536,0
85.388113,28.08854,0
85.38813,28.088521,0
85.388131,28.088517,0
85.388134,28.088511,0
85.388137,28.088503,0
85.388142,28.088494,0
85.388148,28.088484,0
85.388154,28.088475,0
85.38816,28.088465,0
85.388167,28.088456,0
85.388172,28.088447,0
85.388175,28.088438,0
85.388178,28.08843,0
85.388182,28.088422,0
85.388186,28.088414,0
85.38819,28.088406,0
85.388195,28.0884,0
85.388197,28.088394,0
85.388199,28.088388,0
85.388207,28.088371,0
85.388208,28.08837,0
85.388211,28.088368,0
85.388214,28.088366,0
85.388218,28.088364,0
85.388222,28.088363,0
85.388225,28.088364,0
85.388229,28.088364,0
85.388233,28.088364,0
85.388238,28.088362,0
85.388242,28.08836,0
85.388246,28.088358,0
85.38825,28.088356,0
85.388253,28.088354,0
85.38827,28.088346,0
85.388271,28.088346,0
85.388275,28.088344,0
85.38828,28.088342,0
85.388284,28.088341,0
85.388289,28.088341,0
85.388294,28.088341,0
85.3883,28.088343,0
85.388307,28.088343,0
85.388313,28.088341,0
85.388319,28.08834,0
85.388324,28.088338,0
85.388327,28.088336,0
85.388333,28.08833,0
85.388342,28.088325,0
85.388344,28.088322,0
85.388348,28.088318,0
85.388353,28.088312,0
85.388358,28.088306,0
85.388365,28.088299,0
85.388372,28.088292,0
85.388381,28.088284,0
85.38839,28.088277,0
85.388401,28.088271,0
85.38841,28.088267,0
85.388417,28.088265,0
85.388424,28.088264,0
85.388431,28.088263,0
85.388438,28.08826,0
85.388443,28.088258,0
85.388449,28.088256,0
85.388455,28.088253,0
85.38846,28.08825,0
85.388463,28.088246,0
85.388466,28.088241,0
85.388468,28.088237,0
85.388471,28.088234,0
85.388474,28.08823,0
85.388476,28.088227,0
85.388487,28.088217,0
85.388487,28.088216,0
85.388489,28.088214,0
85.388492,28.08821,0
85.388497,28.088204,0
85.388502,28.088197,0
85.388507,28.08819,0
85.388514,28.088183,0
85.388521,28.088176,0
85.388527,28.088168,0
85.388534,28.08816,0
85.38854,28.088152,0
85.388545,28.088146,0
85.388565,28.088135,0
85.388566,28.088135,0
85.388567,28.088134,0
85.388569,28.088132,0
85.388571,28.088129,0
85.388573,28.088126,0
85.388574,28.088122,0
85.388577,28.08812,0
85.388579,28.088118,0
85.388583,28.088116,0
85.388586,28.088113,0
85.38859,28.088111,0
85.388593,28.088108,0
85.388605,28.088102,0
85.388605,28.088101,0
85.38861,28.088098,0
85.388622,28.08809,0
85.388623,28.088089,0
85.388627,28.088084,0
85.388633,28.088077,0
85.38864,28.088069,0
85.388648,28.088062,0
85.388656,28.088055,0
85.388664,28.088047,0
85.388673,28.088039,0
85.388681,28.088029,0
85.388686,28.088022,0
85.388689,28.088016,0
85.388693,28.088011,0
85.388696,28.088006,0
85.388698,28.088002,0
85.388712,28.087995,0
85.388713,28.087995,0
85.388715,28.087993,0
85.388716,28.08799,0
85.388717,28.087987,0
85.388717,28.087982,0
85.388717,28.087978,0
85.388719,28.087974,0
85.388721,28.087971,0
85.388724,28.087969,0
85.388727,28.087968,0
85.388732,28.087968,0
85.388736,28.087966,0
85.38874,28.087964,0
85.388745,28.08796,0
85.388748,28.087957,0
85.388752,28.087953,0
85.388755,28.087951,0
85.388758,28.087948,0
85.388762,28.087946,0
85.388766,28.087944,0
85.388769,28.087942,0
85.388771,28.08794,0
85.388785,28.087929,0
85.388787,28.087928,0
85.388793,28.087927,0
85.388802,28.087924,0
85.388811,28.08792,0
85.38882,28.087913,0
85.388828,28.087907,0
85.388838,28.087901,0
85.388848,28.087895,0
85.388858,28.08789,0
85.388867,28.087885,0
85.388875,28.087881,0
85.38888,28.087876,0
85.388885,28.087872,0
85.38889,28.087868,0
85.388893,28.087865,0
85.388896,28.087862,0
85.388907,28.087856,0
85.388908,28.087855,0
85.388911,28.087853,0
85.388914,28.087849,0
85.388918,28.087845,0
85.388921,28.087842,0
85.388924,28.087838,0
85.388928,28.087836,0
85.388932,28.087834,0
85.388936,28.087833,0
85.38894,28.087831,0
85.388943,28.087828,0
85.388946,28.087825,0
85.388949,28.087822,0
85.388952,28.08782,0
85.388954,28.087818,0
85.388958,28.087816,0
85.388961,28.087813,0
85.388964,28.087811,0
85.388975,28.087804,0
85.388976,28.087804,0
85.38898,28.087804,0
85.388986,28.087804,0
85.388994,28.087803,0
85.389003,28.087803,0
85.389014,28.087803,0
85.389026,28.087803,0
85.389038,28.087802,0
85.389053,28.087802,0
85.389067,28.087803,0
85.389081,28.087802,0
85.389092,28.0878,0
85.3891,28.087798,0
85.389106,28.087796,0
85.38911,28.087794,0
85.389125,28.087786,0
85.389126,28.087785,0
85.389127,28.087783,0
85.38913,28.087782,0
85.389134,28.08778,0
85.389139,28.087779,0
85.389142,28.087777,0
85.389157,28.087772,0
85.389158,28.087772,0
85.38916,28.087771,0
85.389164,28.08777,0
85.389168,28.087769,0
85.389205,28.087766,0
85.389205,28.087765,0
85.389204,28.087758,0
85.389202,28.087757,0
85.3892,28.087755,0
85.389198,28.087753,0
85.389197,28.087751,0
85.389195,28.087748,0
85.389193,28.087745,0
85.389192,28.087741,0
85.38919,28.087737,0
85.38918,28.087728,0
85.389179,28.087728,0
85.389172,28.087724,0
85.389172,28.087728,0
85.389173,28.087728,0
85.389177,28.087728,0
85.389181,28.087729,0
85.389195,28.087731,0
85.389189,28.087729,0
85.389187,28.087729,0
85.389185,28.087729,0
85.389181,28.087728,0
85.389178,28.087727,0
85.389174,28.087726,0
85.389171,28.087725,0
85.38916,28.087719,0
85.389165,28.087718,0
85.389168,28.087715,0
85.389173,28.08771,0
85.38918,28.087703,0
85.389187,28.087696,0
85.389194,28.08769,0
85.389202,28.087684,0
85.389211,28.087678,0
85.389219,28.087673,0
85.389226,28.087668,0
85.389232,28.087667,0
85.389239,28.087664,0
85.389245,28.087661,0
85.389252,28.087658,0
85.389258,28.087656,0
85.389266,28.087654,0
85.389273,28.087652,0
85.38928,28.08765,0
85.389288,28.087647,0
85.389294,28.087645,0
85.389299,28.087642,0
85.389304,28.08764,0
85.389309,28.087637,0
85.389313,28.087636,0
85.389319,28.087635,0
85.389324,28.087633,0
85.389329,28.087633,0
85.389334,28.087631,0
85.38934,28.08763,0
85.389347,28.087629,0
85.389353,28.087626,0
85.389361,28.087623,0
85.389367,28.087619,0
85.389373,28.087617,0
85.38938,28.087616,0
85.389386,28.087614,0
85.389392,28.087612,0
85.389399,28.087609,0
85.389405,28.087607,0
85.389411,28.087604,0
85.389416,28.087601,0
85.389422,28.087597,0
85.389427,28.087594,0
85.389432,28.087591,0
85.389437,28.087588,0
85.389442,28.087586,0
85.389448,28.087583,0
85.389453,28.087579,0
85.389459,28.087576,0
85.389465,28.08757,0
85.389471,28.087565,0
85.389476,28.08756,0
85.389481,28.087555,0
85.389485,28.087549,0
85.389489,28.087544,0
85.389493,28.087538,0
85.389498,28.08753,0
85.389502,28.087523,0
85.389505,28.087517,0
85.389508,28.087512,0
85.38951,28.087508,0
85.389512,28.087504,0
85.389502,28.087496,0
85.389501,28.087499,0
85.3895,28.087506,0
85.389498,28.087515,0
85.389498,28.087526,0
85.389499,28.087537,0
85.3895,28.087548,0
85.389503,28.087559,0
85.389505,28.08757,0
85.389507,28.08758,0
85.389509,28.087587,0
85.389511,28.087591,0
85.389525,28.087606,0
85.389526,28.087607,0
85.389527,28.08761,0
85.389529,28.087614,0
85.389531,28.087618,0
85.389533,28.087623,0
85.389537,28.08765,0
85.38955,28.087655,0
85.389562,28.087633,0
85.38956,28.087625,0
85.389557,28.08762,0
85.389554,28.087618,0
85.38955,28.087616,0
85.389549,28.087615,0
85.389547,28.087614,0
85.389543,28.087612,0
85.38954,28.087609,0
85.389536,28.087606,0
85.389533,28.087603,0
85.389531,28.0876,0
85.389519,28.087591,0
85.389516,28.087592,0
85.38951,28.087595,0
85.389503,28.087598,0
85.389496,28.087601,0
85.38949,28.087604,0
85.389484,28.087607,0
85.38948,28.087609,0
85.389477,28.087611,0
85.389474,28.087613,0
85.389466,28.08762,0
85.389467,28.08762,0
85.38947,28.087618,0
85.389475,28.087614,0
85.389481,28.087612,0
85.389486,28.087611,0
85.389487,28.08761,0
85.389486,28.087611,0
85.389484,28.087612,0
85.389476,28.087618,0
85.389474,28.087625,0
85.389471,28.087621,0
85.389471,28.087618,0
85.389472,28.087611,0
85.389473,28.087603,0
85.389476,28.087593,0
85.389477,28.087582,0
85.389478,28.08757,0
85.38948,28.087559,0
85.389481,28.087549,0
85.389481,28.08754,0
85.389484,28.087526,0
85.389486,28.087525,0
85.389489,28.087522,0
85.389495,28.08752,0
85.389502,28.087518,0
85.38951,28.087518,0
85.389516,28.087517,0
85.389523,28.087517,0
85.389528,28.087515,0
85.389533,28.087515,0
85.389538,28.087514,0
85.389542,28.087512,0
85.389548,28.087509,0
85.389551,28.087506,0
85.389554,28.087503,0
85.389557,28.0875,0
85.389559,28.087498,0
85.389562,28.087496,0
85.389562,28.087497,0
85.389561,28.087495,0
85.389563,28.087492,0
85.389568,28.087487,0
85.389574,28.08748,0
85.389581,28.087471,0
85.389591,28.087463,0
85.389602,28.087453,0
85.389613,28.087443,0
85.389624,28.087434,0
85.389633,28.087426,0
85.389638,28.08742,0
85.389639,28.087419,0
85.389635,28.08742,0
85.389631,28.087423,0
85.389624,28.087429,0
85.389616,28.087437,0
85.389608,28.087445,0
85.3896,28.087453,0
85.389593,28.087462,0
85.389586,28.08747,0
85.389579,28.087478,0
85.389573,28.087485,0
85.389567,28.087491,0
85.389562,28.087502,0
85.389564,28.087501,0
85.389567,28.087498,0
85.389572,28.087494,0
85.389579,28.087488,0
85.389585,28.087482,0
85.389591,28.087476,0
85.389598,28.087468,0
85.389604,28.087459,0
85.389611,28.08745,0
85.389618,28.08744,0
85.389624,28.087429,0
85.389629,28.087418,0
85.389633,28.087406,0
85.389636,28.087395,0
85.38964,28.087383,0
85.389644,28.087372,0
85.389648,28.087362,0
85.389652,28.087352,0
85.389656,28.087343,0
85.389663,28.087335,0
85.38967,28.087329,0
85.389678,28.087322,0
85.389687,28.087316,0
85.389694,28.087311,0
85.389701,28.087306,0
85.38971,28.087304,0
85.38972,28.087302,0
85.389729,28.087302,0
85.389738,28.087303,0
85.389747,28.087304,0
85.389756,28.087303,0
85.389766,28.087301,0
85.389776,28.087299,0
85.389787,28.087297,0
85.389797,28.087295,0
85.389808,28.087292,0
85.389818,28.087289,0
85.389829,28.087285,0
85.389839,28.08728,0
85.389848,28.087276,0
85.389857,28.087272,0
85.389866,28.087269,0
85.389874,28.087265,0
85.389884,28.087262,0
85.389893,28.087259,0
85.389902,28.087255,0
85.389909,28.08725,0
85.389916,28.087245,0
85.389922,28.087239,0
85.389928,28.087235,0
85.389935,28.087231,0
85.389942,28.087228,0
85.389951,28.087226,0
85.38996,28.087222,0
85.389969,28.087218,0
85.389978,28.087215,0
85.389988,28.087212,0
85.389997,28.087209,0
85.390007,28.087204,0
85.390014,28.087199,0
85.390022,28.087194,0
85.390028,28.087189,0
85.390034,28.087184,0
85.390041,28.087179,0
85.390047,28.087175,0
85.390054,28.087171,0
85.39006,28.087167,0
85.390067,28.087163,0
85.390072,28.087159,0
85.390078,28.087155,0
85.390083,28.087152,0
85.390088,28.087151,0
85.390095,28.087149,0
85.390102,28.087148,0
85.390109,28.087145,0
85.390116,28.087142,0
85.390121,28.087139,0
85.390124,28.087135,0
85.390127,28.087132,0
85.390142,28.087122,0
85.390146,28.087122,0
85.390154,28.087122,0
85.390165,28.087123,0
85.390178,28.087123,0
85.390192,28.087124,0
85.390206,28.087124,0
85.390221,28.087124,0
85.390236,28.087123,0
85.390251,28.087122,0
85.390262,28.087123,0
85.390273,28.087124,0
85.390281,28.087124,0
85.390288,28.087123,0
85.390295,28.087121,0
85.390301,28.087119,0
85.390307,28.087118,0
85.390314,28.087117,0
85.39032,28.087116,0
85.390326,28.087115,0
85.390331,28.087115,0
85.390336,28.087115,0
85.390342,28.087114,0
85.390349,28.087113,0
85.390355,28.087112,0
85.390362,28.087112,0
85.390369,28.087111,0
85.390376,28.087112,0
85.390382,28.087112,0
85.390389,28.087111,0
85.390396,28.087111,0
85.390401,28.08711,0
85.390429,28.087111,0
85.390433,28.087111,0
85.390442,28.087111,0
85.390454,28.087111,0
85.390467,28.087111,0
85.390483,28.087111,0
85.390499,28.087112,0
85.390516,28.087111,0
85.390533,28.08711,0
85.390548,28.087108,0
85.390561,28.087105,0
85.39057,28.087103,0
85.390578,28.087102,0
85.390585,28.0871,0
85.390592,28.087098,0
85.390598,28.087096,0
85.390606,28.087093,0
85.390613,28.08709,0
85.39062,28.087088,0
85.390627,28.087086,0
85.390634,28.087084,0
85.39064,28.087083,0
85.390646,28.087082,0
85.390653,28.087081,0
85.390659,28.087081,0
85.390665,28.08708,0
85.390671,28.087079,0
85.390675,28.087077,0
85.390679,28.087076,0
85.390689,28.087066,0
85.39069,28.087066,0
85.390693,28.087065,0
85.390697,28.087064,0
85.390702,28.087062,0
85.390707,28.087059,0
85.390713,28.087057,0
85.390717,28.087055,0
85.39072,28.087053,0
85.390729,28.087048,0
85.39073,28.087047,0
85.390736,28.087046,0
85.390744,28.087045,0
85.390754,28.087043,0
85.390763,28.087041,0
85.390772,28.087039,0
85.390781,28.087037,0
85.39079,28.087034,0
85.390799,28.087032,0
85.390807,28.08703,0
85.390834,28.087021,0
85.390837,28.08702,0
85.390842,28.087017,0
85.39085,28.087013,0
85.390859,28.087009,0
85.390869,28.087006,0
85.390881,28.087002,0
85.390892,28.086998,0
85.390904,28.086995,0
85.390917,28.086992,0
85.390928,28.08699,0
85.390938,28.086988,0
85.390947,28.086986,0
85.390955,28.086983,0
85.390962,28.08698,0
85.390969,28.086977,0
85.390976,28.086974,0
85.390981,28.08697,0
85.390986,28.086967,0
85.390992,28.086964,0
85.390996,28.086961,0
85.390998,28.086957,0
85.391001,28.086953,0
85.391002,28.086949,0
85.391003,28.086945,0
85.391004,28.086941,0
85.391004,28.086937,0
85.391003,28.086933,0
85.391003,28.086929,0
85.391004,28.086926,0
85.391006,28.086921,0
85.391008,28.086917,0
85.39101,28.086912,0
85.391011,28.086907,0
85.391011,28.086902,0
85.39101,28.086897,0
85.391009,28.086891,0
85.391009,28.086886,0
85.39101,28.086881,0
85.391011,28.086875,0
85.391012,28.08687,0
85.391013,28.086865,0
85.391014,28.08686,0
85.391014,28.086855,0
85.391015,28.08685,0
85.391017,28.086846,0
85.391019,28.086841,0
85.39102,28.086838,0
85.391032,28.086825,0
85.391034,28.086823,0
85.391036,28.086821,0
85.391039,28.086817,0
85.391041,28.086811,0
85.391042,28.086806,0
85.391043,28.086802,0
85.391044,28.086798,0
85.391047,28.086788,0
85.391056,28.086786,0
85.391057,28.086786,0
85.391058,28.086786,0
85.39106,28.086785,0
85.391074,28.086785,0
85.391076,28.086786,0
85.391086,28.086795,0
85.391088,28.086794,0
85.391092,28.086793,0
85.391095,28.086791,0
85.391097,28.08679,0
85.391101,28.08678,0
85.391099,28.08678,0
85.391096,28.086781,0
85.391092,28.086785,0
85.391092,28.086795,0
85.391096,28.086795,0
85.391102,28.086797,0
85.391111,28.086799,0
85.391119,28.086802,0
85.391126,28.086806,0
85.391133,28.08681,0
85.391139,28.086814,0
85.391145,28.086818,0
85.391151,28.086822,0
85.391159,28.086831,0
85.391157,28.086832,0
85.391153,28.086832,0
85.391149,28.086834,0
85.391143,28.086834,0
85.391138,28.086835,0
85.391132,28.086836,0
85.391127,28.086837,0
85.391121,28.086838,0
85.391117,28.086838,0
85.391113,28.086837,0
85.39111,28.086834,0
85.391106,28.086831,0
85.391091,28.086825,0
85.391089,28.08682,0
85.391088,28.086818,0
85.391088,28.086816,0
85.391088,28.086812,0
85.391087,28.086808,0
85.391069,28.086788,0
85.391068,28.086781,0
85.391069,28.086778,0
85.391063,28.086771,0
85.391054,28.08677,0
85.391054,28.086771,0
85.391059,28.086773,0
85.391067,28.086776,0
85.391078,28.086781,0
85.39109,28.086787,0
85.391104,28.086794,0
85.391119,28.0868,0
85.391135,28.086807,0
85.391151,28.086813,0
85.391168,28.086819,0
85.391182,28.086823,0
85.391194,28.086827,0
85.391204,28.086829,0
85.391214,28.086829,0
85.391222,28.086829,0
85.391231,28.086829,0
85.391239,28.08683,0
85.391248,28.086832,0
85.391257,28.086835,0
85.391267,28.086838,0
85.391276,28.086841,0
85.391286,28.086844,0
85.391295,28.086848,0
85.391304,28.086853,0
85.391313,28.086857,0
85.391323,28.086861,0
85.391331,28.086865,0
85.39134,28.086868,0
85.391349,28.086871,0
85.391358,28.086875,0
85.391367,28.086878,0
85.391376,28.086879,0
85.391386,28.08688,0
85.391395,28.086881,0
85.391405,28.086881,0
85.391415,28.086883,0
85.391425,28.086886,0
85.391435,28.086889,0
85.391446,28.086893,0
85.391456,28.086896,0
85.391466,28.086898,0
85.391476,28.086901,0
85.391484,28.086904,0
85.391493,28.086907,0
85.391501,28.086909,0
85.39151,28.086911,0
85.391519,28.086913,0
85.391528,28.086915,0
85.391537,28.086918,0
85.391548,28.086919,0
85.391559,28.08692,0
85.39157,28.086918,0
85.391581,28.086915,0
85.391592,28.086911,0
85.391603,28.086907,0
85.391614,28.086903,0
85.391624,28.086898,0
85.391635,28.086893,0
85.391645,28.086888,0
85.391653,28.086883,0
85.391661,28.086878,0
85.391667,28.086871,0
85.391673,28.086864,0
85.391678,28.086858,0
85.391684,28.086853,0
85.391692,28.08685,0
85.391702,28.086846,0
85.391711,28.086843,0
85.391721,28.086839,0
85.39173,28.086836,0
85.391739,28.086832,0
85.391748,28.086829,0
85.391757,28.086826,0
85.391767,28.086823,0
85.391777,28.086821,0
85.391786,28.086819,0
85.391795,28.086817,0
85.391804,28.086817,0
85.391812,28.086817,0
85.391821,28.086817,0
85.39183,28.086819,0
85.391838,28.08682,0
85.391847,28.086821,0
85.391856,28.086821,0
85.391864,28.086821,0
85.391873,28.086822,0
85.391882,28.086822,0
85.391893,28.086823,0
85.391904,28.086822,0
85.391914,28.086821,0
85.391925,28.086819,0
85.391935,28.086817,0
85.391942,28.086815,0
85.391948,28.086813,0
85.391961,28.086812,0
85.391966,28.086812,0
85.391969,28.086811,0
85.391975,28.086809,0
85.391983,28.086807,0
85.391994,28.086804,0
85.392006,28.086803,0
85.392018,28.086802,0
85.39203,28.086802,0
85.392043,28.086801,0
85.392056,28.086799,0
85.39207,28.086798,0
85.392082,28.086796,0
85.392092,28.086794,0
85.392102,28.086792,0
85.392111,28.086789,0
85.39212,28.086787,0
85.392129,28.086786,0
85.392138,28.086785,0
85.392147,28.086783,0
85.392155,28.086782,0
85.392164,28.086781,0
85.392173,28.086779,0
85.392182,28.086779,0
85.392193,28.086778,0
85.392203,28.086779,0
85.392214,28.08678,0
85.392226,28.086781,0
85.392237,28.086782,0
85.392248,28.086783,0
85.392258,28.086783,0
85.392268,28.086782,0
85.392277,28.08678,0
85.392287,28.086777,0
85.392297,28.086773,0
85.392306,28.08677,0
85.392316,28.086766,0
85.392325,28.086764,0
85.392334,28.086761,0
85.392341,28.086757,0
85.39235,28.086754,0
85.39236,28.086751,0
85.39237,28.086749,0
85.392381,28.086747,0
85.392392,28.086746,0
85.392405,28.086746,0
85.392416,28.086746,0
85.392426,28.086746,0
85.392434,28.086745,0
85.39244,28.086744,0
85.392453,28.086747,0
85.392454,28.086747,0
85.392458,28.086749,0
85.392463,28.086749,0
85.39247,28.086749,0
85.392477,28.086748,0
85.392486,28.086748,0
85.392496,28.086747,0
85.392507,28.086748,0
85.392518,28.086749,0
85.392529,28.08675,0
85.392539,28.08675,0
85.392548,28.086751,0
85.392556,28.086751,0
85.392565,28.086751,0
85.392573,28.08675,0
85.392582,28.086747,0
85.39259,28.086745,0
85.392598,28.086743,0
85.392606,28.086741,0
85.392615,28.086741,0
85.392624,28.086741,0
85.392633,28.086741,0
85.392641,28.08674,0
85.39265,28.086738,0
85.392658,28.086735,0
85.392666,28.086732,0
85.392674,28.086728,0
85.392681,28.086726,0
85.392687,28.086724,0
85.392694,28.086722,0
85.3927,28.08672,0
85.392705,28.086719,0
85.392712,28.086719,0
85.392719,28.086718,0
85.392724,28.086717,0
85.39273,28.086715,0
85.392737,28.086714,0
85.392743,28.086713,0
85.39275,28.086712,0
85.392756,28.086711,0
85.392763,28.086711,0
85.392768,28.08671,0
85.392779,28.086706,0
85.392783,28.086701,0
85.392786,28.086699,0
85.392793,28.086697,0
85.392802,28.086692,0
85.392812,28.086687,0
85.392823,28.086681,0
85.392833,28.086675,0
85.392844,28.086671,0
85.392856,28.086666,0
85.392867,28.086662,0
85.392877,28.086658,0
85.392886,28.086655,0
85.392895,28.08665,0
85.392902,28.086644,0
85.392909,28.086638,0
85.392917,28.086632,0
85.392925,28.086627,0
85.392935,28.086622,0
85.392944,28.086618,0
85.39295,28.086612,0
85.392955,28.086606,0
85.392959,28.086601,0
85.392963,28.086597,0
85.392967,28.086593,0
85.39297,28.08659,0
85.392979,28.086579,0
85.392979,28.086578,0
85.39298,28.086576,0
85.392981,28.086573,0
85.392984,28.086564,0
85.392988,28.086562,0
85.392998,28.086559,0
85.392998,28.086558,0
85.393,28.086558,0
85.393002,28.086556,0
85.393005,28.086554,0
85.393012,28.08655,0
85.393022,28.086544,0
85.393033,28.086539,0
85.393045,28.086534,0
85.393058,28.08653,0
85.393072,28.086524,0
85.393086,28.086517,0
85.3931,28.086512,0
85.393113,28.086505,0
85.393124,28.086498,0
85.393132,28.086492,0
85.393139,28.086485,0
85.393146,28.08648,0
85.393154,28.086475,0
85.393164,28.08647,0
85.393174,28.086464,0
85.393184,28.086459,0
85.393193,28.086453,0
85.393204,28.086449,0
85.393215,28.086444,0
85.393226,28.086438,0
85.393234,28.086432,0
85.393241,28.086426,0
85.393248,28.086419,0
85.393256,28.086413,0
85.393263,28.086407,0
85.393271,28.086401,0
85.393279,28.086396,0
85.393288,28.086392,0
85.393297,28.086388,0
85.393305,28.086385,0
85.393314,28.086382,0
85.393324,28.086379,0
85.393334,28.086375,0
85.393344,28.086371,0
85.393355,28.086367,0
85.393364,28.086364,0
85.393374,28.086361,0
85.393382,28.086357,0
85.393393,28.086352,0
85.393403,28.086347,0
85.393414,28.086342,0
85.393425,28.086336,0
85.393436,28.086331,0
85.393447,28.086326,0
85.393458,28.086322,0
85.393467,28.086317,0
85.393477,28.086313,0
85.393486,28.08631,0
85.393496,28.086307,0
85.393506,28.086305,0
85.393515,28.086303,0
85.393524,28.086301,0
85.393533,28.086299,0
85.393543,28.086298,0
85.393554,28.086297,0
85.393563,28.086296,0
85.39357,28.086294,0
85.393575,28.086292,0
85.39358,28.08629,0
85.393588,28.086289,0
85.393583,28.086289,0
85.393586,28.086298,0
85.393594,28.086308,0
85.393597,28.086308,0
85.393604,28.08631,0
85.393614,28.086311,0
85.393625,28.086313,0
85.393638,28.086314,0
85.393651,28.086315,0
85.393665,28.086316,0
85.393679,28.086317,0
85.393693,28.086316,0
85.393705,28.086316,0
85.393714,28.086316,0
85.393723,28.086315,0
85.393739,28.086315,0
85.39374,28.086315,0
85.393744,28.086316,0
85.39375,28.086317,0
85.393757,28.086318,0
85.393764,28.086318,0
85.393771,28.086319,0
85.393788,28.086313,0
85.393785,28.086312,0
85.39378,28.086312,0
85.393772,28.08631,0
85.393763,28.08631,0
85.393752,28.086309,0
85.39374,28.086309,0
85.393728,28.08631,0
85.393718,28.086311,0
85.393708,28.086312,0
85.393697,28.086313,0
85.393686,28.086312,0
85.393675,28.086311,0
85.393663,28.08631,0
85.393652,28.086309,0
85.393639,28.086307,0
85.393628,28.086306,0
85.393619,28.086304,0
85.393611,28.086303,0
85.393607,28.086303,0
85.393605,28.086303,0
85.393599,28.086305,0
85.393598,28.086304,0
85.393593,28.086303,0
85.393587,28.086303,0
85.393581,28.086302,0
85.393569,28.086305,0
85.393568,28.086303,0
85.393559,28.086298,0
85.393558,28.086296,0
85.393557,28.086296,0
85.393556,28.086295,0
85.393554,28.086293,0
85.393563,28.08628,0
85.393564,28.08628,0
85.393566,28.08628,0
85.393569,28.08628,0
85.393583,28.08628,0
85.393576,28.086285,0
85.393577,28.086287,0
85.39358,28.08629,0
85.393584,28.086295,0
85.393591,28.0863,0
85.393599,28.086304,0
85.393607,28.086309,0
85.393616,28.086312,0
85.393626,28.086316,0
85.393637,28.08632,0
85.393648,28.086322,0
85.39366,28.086323,0
85.393672,28.086323,0
85.393683,28.086323,0
85.393695,28.086321,0
85.393706,28.08632,0
85.393719,28.086321,0
85.393732,28.086321,0
85.393745,28.086322,0
85.393757,28.086322,0
85.393768,28.086321,0
85.39378,28.086321,0
85.393791,28.08632,0
85.3938,28.086319,0
85.393809,28.086319,0
85.393817,28.086317,0
85.393826,28.086316,0
85.393834,28.086314,0
85.393842,28.086312,0
85.393851,28.086311,0
85.393861,28.086311,0
85.393872,28.086312,0
85.393881,28.086313,0
85.393891,28.086313,0
85.393898,28.086313,0
85.393905,28.086313,0
85.393912,28.086312,0
85.393919,28.086309,0
85.393926,28.086306,0
85.393933,28.086302,0
85.39394,28.086299,0
85.393948,28.086297,0
85.393956,28.086295,0
85.393963,28.086294,0
85.393972,28.086293,0
85.39398,28.086292,0
85.393987,28.086291,0
85.394004,28.08629,0
85.394006,28.08629,0
85.394011,28.086291,0
85.394019,28.086292,0
85.394027,28.086292,0
85.394036,28.086291,0
85.394046,28.086291,0
85.394055,28.086291,0
85.394067,28.086291,0
85.394076,28.086291,0
85.394085,28.086292,0
85.394095,28.086294,0
85.394103,28.086295,0
85.394112,28.086294,0
85.394119,28.086293,0
85.394127,28.086292,0
85.394135,28.086291,0
85.394142,28.08629,0
85.39415,28.086289,0
85.394157,28.08629,0
85.394163,28.08629,0
85.394169,28.08629,0
85.394183,28.086293,0
85.394188,28.086292,0
85.394191,28.086292,0
85.394199,28.086293,0
85.394211,28.086293,0
85.394223,28.086293,0
85.394235,28.086291,0
85.394248,28.086289,0
85.39426,28.086287,0
85.39427,28.086284,0
85.394281,28.086281,0
85.39429,28.086279,0
85.394299,28.086278,0
85.394307,28.086276,0
85.394315,28.086274,0
85.394324,28.086273,0
85.394332,28.086271,0
85.394338,28.08627,0
85.394343,28.086267,0
85.394348,28.086264,0
85.394353,28.08626,0
85.394357,28.086257,0
85.39436,28.086253,0
85.394363,28.086249,0
85.394366,28.086246,0
85.394369,28.086242,0
85.394373,28.086239,0
85.394377,28.086234,0
85.394381,28.08623,0
85.394386,28.086226,0
85.394391,28.086222,0
85.394395,28.086218,0
85.394398,28.086215,0
85.3944,28.086211,0
85.394402,28.086207,0
85.394403,28.086202,0
85.394405,28.086198,0
85.394407,28.086195,0
85.394409,28.086191,0
85.394413,28.086188,0
85.394417,28.086185,0
85.394421,28.086181,0
85.394423,28.086178,0
85.394428,28.08617,0
85.394426,28.08617,0
85.394431,28.086175,0
85.394434,28.086179,0
85.394438,28.086185,0
85.39444,28.086184,0
85.394446,28.086182,0
85.394454,28.086179,0
85.394465,28.086176,0
85.394477,28.086173,0
85.394489,28.08617,0
85.394502,28.086169,0
85.394516,28.086169,0
85.394531,28.086171,0
85.394545,28.086175,0
85.394559,28.08618,0
85.394571,28.086185,0
85.394583,28.086189,0
85.394596,28.086191,0
85.394608,28.086191,0
85.39462,28.086191,0
85.394631,28.086192,0
85.39464,28.086191,0
85.394648,28.086189,0
85.394655,28.086187,0
85.394661,28.086186,0
85.394667,28.086185,0
85.394673,28.086184,0
85.394678,28.086181,0
85.394684,28.086178,0
85.39469,28.086175,0
85.394695,28.086172,0
85.394699,28.08617,0
85.394704,28.08617,0
85.394709,28.086169,0
85.394714,28.086168,0
85.394718,28.086167,0
85.394722,28.086166,0
85.394726,28.086163,0
85.394731,28.08616,0
85.394736,28.086156,0
85.394741,28.086152,0
85.394746,28.086148,0
85.394751,28.086144,0
85.394755,28.086139,0
85.394759,28.086136,0
85.394762,28.086133,0
85.394767,28.08613,0
85.394771,28.086128,0
85.394774,28.086125,0
85.394777,28.086121,0
85.394781,28.086118,0
85.394783,28.086115,0
85.394786,28.086111,0
85.394788,28.086107,0
85.394791,28.086104,0
85.394794,28.086101,0
85.394798,28.086097,0
85.394802,28.086094,0
85.394805,28.08609,0
85.394809,28.086088,0
85.394812,28.086085,0
85.394816,28.086082,0
85.394819,28.086079,0
85.394822,28.086076,0
85.394826,28.086074,0
85.394829,28.086073,0
85.394833,28.086074,0
85.394838,28.086074,0
85.394844,28.086072,0
85.39485,28.08607,0
85.394856,28.086067,0
85.394861,28.086064,0
85.394866,28.08606,0
85.39487,28.086057,0
85.394874,28.086053,0
85.394884,28.086046,0
85.394889,28.086036,0
85.394893,28.086037,0
85.394901,28.086039,0
85.394914,28.086042,0
85.394927,28.086045,0
85.394941,28.086049,0
85.394957,28.086051,0
85.394974,28.086052,0
85.394992,28.086053,0
85.395009,28.086053,0
85.395023,28.086053,0
85.395035,28.086053,0
85.395044,28.086053,0
85.395051,28.086053,0
85.395069,28.086051,0
85.395069,28.08605,0
85.395066,28.086047,0
85.395064,28.086044,0
85.395064,28.086043,0
85.395063,28.086036,0
85.395061,28.086031,0
85.39506,28.08603,0
85.395058,28.086027,0
85.395049,28.086031,0
85.395043,28.086026,0
85.395045,28.086029,0
85.395046,28.08603,0
85.395047,28.086032,0
85.39505,28.086033,0
85.395052,28.086035,0
85.395055,28.086037,0
85.395057,28.086039,0
85.395059,28.08604,0
85.395066,28.086046,0
85.395081,28.086056,0
85.395084,28.086058,0
85.395091,28.086063,0
85.3951,28.08607,0
85.395111,28.086079,0
85.395124,28.086088,0
85.395137,28.086099,0
85.39515,28.086109,0
85.395163,28.086119,0
85.395177,28.086131,0
85.395189,28.086139,0
85.395199,28.086146,0
85.395207,28.086151,0
85.395215,28.086155,0
85.395222,28.086158,0
85.395228,28.086159,0
85.39524,28.086161,0
85.395238,28.086161,0
85.395235,28.08616,0
85.395229,28.08616,0
85.395224,28.086159,0
85.395218,28.086157,0
85.395212,28.086155,0
85.395205,28.08615,0
85.395199,28.086145,0
85.395192,28.08614,0
85.395183,28.086135,0
85.395174,28.08613,0
85.395166,28.086126,0
85.395158,28.086122,0
85.39515,28.086118,0
85.395142,28.086114,0
85.395134,28.086111,0
85.395125,28.086107,0
85.395117,28.086102,0
85.39511,28.086097,0
85.395103,28.086091,0
85.395097,28.086085,0
85.395091,28.086079,0
85.395086,28.086075,0
85.395082,28.086071,0
85.395071,28.086064,0
85.39508,28.086061,0
85.395083,28.086062,0
85.39509,28.086066,0
85.3951,28.086071,0
85.395111,28.086078,0
85.395123,28.086085,0
85.395136,28.086093,0
85.395149,28.086102,0
85.395163,28.086111,0
85.395179,28.086119,0
85.395192,28.086127,0
85.395204,28.086133,0
85.395215,28.086138,0
85.395224,28.086142,0
85.395232,28.086146,0
85.39524,28.086148,0
85.395249,28.086149,0
85.395256,28.086151,0
85.395263,28.086152,0
85.39527,28.086153,0
85.395276,28.086154,0
85.395282,28.086156,0
85.395288,28.086157,0
85.395295,28.086159,0
85.395301,28.086161,0
85.395308,28.086162,0
85.395316,28.086164,0
85.395325,28.086165,0
85.395332,28.086166,0
85.395339,28.086166,0
85.395347,28.086165,0
85.395355,28.086163,0
85.395361,28.086161,0
85.395367,28.086159,0
85.395372,28.086157,0
85.395377,28.086154,0
85.395381,28.08615,0
85.395387,28.086146,0
85.395392,28.086143,0
85.395396,28.08614,0
85.3954,28.086137,0
85.395405,28.086134,0
85.395409,28.086132,0
85.395414,28.08613,0
85.395418,28.086128,0
85.395423,28.086126,0
85.395428,28.086123,0
85.395433,28.086121,0
85.395445,28.086113,0
85.395449,28.086111,0
85.395456,28.086109,0
85.395467,28.086106,0
85.39548,28.086102,0
85.395492,28.086097,0
85.395505,28.086093,0
85.395519,28.086088,0
85.395532,28.086083,0
85.395544,28.086077,0
85.395555,28.086071,0
85.395564,28.086065,0
85.395573,28.086058,0
85.395581,28.086053,0
85.395588,28.086046,0
85.395594,28.08604,0
85.395599,28.086035,0
85.395605,28.08603,0
85.39561,28.086025,0
85.395614,28.086021,0
85.395619,28.086015,0
85.395625,28.08601,0
85.395631,28.086005,0
85.395635,28.086,0
85.39564,28.085995,0
85.395644,28.08599,0
85.395649,28.085985,0
85.395653,28.08598,0
85.395659,28.085975,0
85.395664,28.08597,0
85.39567,28.085964,0
85.395676,28.085958,0
85.395681,28.085953,0
85.395685,28.085949,0
85.395689,28.085944,0
85.395692,28.085939,0
85.395695,28.085933,0
85.395697,28.085928,0
85.3957,28.085923,0
85.395704,28.085918,0
85.395707,28.085913,0
85.39571,28.085907,0
85.395713,28.0859,0
85.395716,28.085895,0
85.395719,28.085891,0
85.395723,28.085886,0
85.395726,28.085882,0
85.395729,28.085876,0
85.395732,28.08587,0
85.395734,28.085865,0
85.395737,28.08586,0
85.39574,28.085855,0
85.395742,28.085851,0
85.395746,28.085847,0
85.395751,28.085843,0
85.395755,28.085839,0
85.395758,28.085835,0
85.395762,28.085832,0
85.395765,28.08583,0
85.395769,28.085828,0
85.395772,28.085825,0
85.395775,28.08582,0
85.395776,28.085816,0
85.395781,28.0858,0
85.395775,28.08579,0
85.395781,28.085788,0
85.395782,28.085788,0
85.395785,28.085787,0
85.395789,28.085787,0
85.395792,28.085787,0
85.395796,28.085786,0
85.395798,28.085776,0
85.395805,28.085766,0
85.395843,28.085766,0
85.395844,28.085766,0
85.395845,28.085765,0
85.395858,28.085756,0
85.395861,28.085754,0
85.395867,28.08575,0
85.395876,28.085744,0
85.395887,28.085738,0
85.395899,28.085731,0
85.39591,28.085723,0
85.395921,28.085716,0
85.395933,28.08571,0
85.395945,28.085703,0
85.395954,28.085698,0
85.39596,28.085694,0
85.395966,28.08569,0
85.395973,28.085687,0
85.395979,28.085685,0
85.395984,28.085684,0
85.395998,28.085685,0
85.395997,28.085686,0
85.395996,28.085687,0
85.395996,28.085686,0
85.39599,28.085683,0
85.395985,28.085683,0
85.395984,28.085683,0
85.39598,28.08568,0
85.395983,28.085672,0
85.395983,28.085671,0
85.395995,28.085667,0
85.395997,28.085664,0
85.396004,28.085661,0
85.396013,28.085656,0
85.396025,28.085651,0
85.396038,28.085644,0
85.396051,28.085638,0
85.396062,28.085628,0
85.396071,28.085618,0
85.396079,28.085608,0
85.396086,28.085599,0
85.396092,28.085591,0
85.396096,28.085583,0
85.396101,28.085576,0
85.396108,28.085569,0
85.396116,28.085562,0
85.396122,28.085556,0
85.396129,28.085551,0
85.396135,28.085545,0
85.396141,28.085541,0
85.396145,28.085537,0
85.396147,28.085534,0
85.396145,28.085532,0
85.396141,28.085534,0
85.396137,28.085538,0
85.396131,28.085544,0
85.396125,28.085551,0
85.396118,28.085559,0
85.396111,28.085568,0
85.396105,28.085578,0
85.396099,28.085588,0
85.396095,28.085598,0
85.396091,28.085608,0
85.396085,28.085618,0
85.396078,28.085627,0
85.396071,28.085636,0
85.396063,28.085644,0
85.396053,28.085653,0
85.396046,28.085661,0
85.396038,28.085667,0
85.39603,28.085674,0
85.396022,28.085679,0
85.396016,28.085685,0
85.396008,28.08569,0
85.396003,28.085694,0
85.396001,28.085697,0
85.395999,28.085698,0
85.395999,28.085697,0
85.396003,28.085694,0
85.39601,28.085692,0
85.396019,28.085689,0
85.396028,28.085686,0
85.396038,28.085683,0
85.396048,28.085681,0
85.396055,28.085677,0
85.396061,28.085673,0
85.396066,28.085667,0
85.396073,28.085661,0
85.39608,28.085654,0
85.396086,28.085646,0
85.396092,28.085638,0
85.396096,28.08563,0
85.396101,28.085623,0
85.396107,28.085616,0
85.396114,28.085608,0
85.39612,28.085602,0
85.396125,28.085598,0
85.396129,28.085593,0
85.396133,28.085587,0
85.396139,28.085583,0
85.396146,28.085581,0
85.396154,28.085578,0
85.396162,28.085575,0
85.39617,28.085572,0
85.396179,28.085569,0
85.396187,28.085566,0
85.396195,28.085564,0
85.396204,28.085561,0
85.396213,28.085558,0
85.396221,28.085554,0
85.396228,28.085548,0
85.396234,28.085542,0
85.39624,28.085536,0
85.396247,28.08553,0
85.396254,28.085524,0
85.396261,28.085519,0
85.396266,28.085514,0
85.396271,28.08551,0
85.396274,28.085506,0
85.396283,28.085499,0
85.396282,28.085495,0
85.396281,28.085495,0
85.396281,28.085497,0
85.396283,28.085504,0
85.396288,28.085507,0
85.396291,28.085508,0
85.396298,28.085509,0
85.396306,28.085511,0
85.396315,28.085513,0
85.396326,28.085517,0
85.396338,28.085523,0
85.396352,28.085529,0
85.396368,28.085536,0
85.396384,28.08554,0
85.3964,28.085543,0
85.396415,28.085542,0
85.396429,28.085542,0
85.396442,28.085541,0
85.396452,28.085541,0
85.396461,28.085538,0
85.396468,28.085534,0
85.396475,28.085529,0
85.396481,28.085524,0
85.396486,28.085521,0
85.396495,28.08551,0
85.396495,28.085509,0
85.396497,28.085507,0
85.396499,28.085503,0
85.396501,28.085498,0
85.396503,28.08549,0
85.396505,28.085482,0
85.396508,28.085472,0
85.39651,28.085462,0
85.39651,28.085452,0
85.39651,28.085442,0
85.39651,28.085433,0
85.39651,28.085426,0
85.39651,28.085409,0
85.39651,28.085407,0
85.39651,28.085406,0
85.39651,28.085402,0
85.396509,28.085398,0
85.396509,28.085393,0
85.396517,28.085377,0
85.39652,28.085375,0
85.396527,28.085369,0
85.396536,28.085361,0
85.396548,28.085353,0
85.396561,28.085344,0
85.396576,28.085335,0
85.39659,28.085325,0
85.396604,28.085315,0
85.396616,28.085307,0
85.396642,28.085277,0
85.396642,28.085275,0
85.396644,28.085269,0
85.396647,28.085261,0
85.39665,28.085253,0
85.396656,28.085245,0
85.396662,28.085236,0
85.39667,28.085227,0
85.396679,28.085218,0
85.396688,28.08521,0
85.396697,28.085203,0
85.396707,28.085196,0
85.396717,28.085189,0
85.396726,28.085181,0
85.396735,28.085174,0
85.396745,28.085167,0
85.396756,28.085161,0
85.396766,28.085154,0
85.396775,28.085146,0
85.396782,28.085136,0
85.396789,28.085125,0
85.396795,28.085115,0
85.396801,28.085103,0
85.396805,28.085091,0
85.396808,28.085078,0
85.39681,28.085065,0
85.396814,28.085052,0
85.396817,28.085039,0
85.39682,28.085028,0
85.396824,28.085017,0
85.396829,28.085007,0
85.396833,28.084999,0
85.396838,28.084991,0
85.396843,28.084985,0
85.396847,28.08498,0
85.396855,28.084968,0
85.396858,28.084958,0
85.396863,28.084933,0
85.396864,28.084933,0
85.396867,28.084933,0
85.39687,28.084932,0
85.396873,28.084932,0
85.396888,28.084936,0
85.396885,28.084946,0
85.396883,28.084943,0
85.396887,28.084942,0
85.396894,28.08494,0
85.396905,28.084936,0
85.396919,28.084932,0
85.396932,28.084926,0
85.396947,28.084921,0
85.396963,28.084915,0
85.39698,28.084908,0
85.396997,28.0849,0
85.397012,28.084893,0
85.397027,28.084885,0
85.397042,28.084878,0
85.397055,28.08487,0
85.397069,28.084863,0
85.397081,28.084856,0
85.397092,28.084848,0
85.397102,28.08484,0
85.397113,28.084833,0
85.397123,28.084826,0
85.397132,28.084819,0
85.39714,28.084811,0
85.397148,28.084804,0
85.397155,28.084795,0
85.397163,28.084786,0
85.397169,28.084776,0
85.397174,28.084767,0
85.397179,28.084756,0
85.397182,28.084744,0
85.397184,28.084731,0
85.397185,28.084719,0
85.397185,28.084705,0
85.397185,28.084692,0
85.397183,28.084679,0
85.397181,28.084665,0
85.397178,28.084651,0
85.397174,28.084638,0
85.397171,28.084625,0
85.397167,28.084614,0
85.397164,28.084605,0
85.39716,28.084597,0
85.397157,28.08459,0
85.397154,28.084583,0
85.397152,28.084576,0
85.397151,28.084569,0
85.397149,28.084562,0
85.397148,28.084556,0
85.397145,28.084545,0
85.397143,28.084547,0
85.397142,28.08455,0
85.397142,28.084555,0
85.397142,28.084562,0
85.397143,28.084569,0
85.397146,28.084577,0
85.397149,28.084585,0
85.397154,28.084594,0
85.397158,28.084603,0
85.39716,28.084612,0
85.397162,28.084622,0
85.397163,28.084633,0
85.397164,28.084645,0
85.397165,28.084656,0
85.397166,28.084667,0
85.397166,28.084679,0
85.397166,28.08469,0
85.397164,28.084702,0
85.397162,28.084713,0
85.39716,28.084724,0
85.397157,28.084733,0
85.397152,28.084743,0
85.397147,28.084754,0
85.397142,28.084765,0
85.397136,28.084775,0
85.39713,28.084785,0
85.397124,28.084796,0
85.397118,28.084807,0
85.39711,28.084818,0
85.397102,28.084829,0
85.397095,28.084839,0
85.397087,28.084847,0
85.397078,28.084855,0
85.397067,28.084863,0
85.397057,28.08487,0
85.397046,28.084877,0
85.397035,28.084883,0
85.397023,28.084889,0
85.397012,28.084894,0
85.397,28.084899,0
85.396988,28.084904,0
85.396976,28.084909,0
85.396964,28.084914,0
85.396953,28.084918,0
85.396941,28.084921,0
85.396928,28.084924,0
85.396917,28.084929,0
85.396908,28.084933,0
85.3969,28.084937,0
85.396885,28.08494,0
85.396889,28.084941,0
85.396884,28.084941,0
85.396883,28.084941,0
85.396886,28.08494,0
85.396889,28.084939,0
85.396896,28.084937,0
85.396907,28.084935,0
85.39692,28.084932,0
85.396934,28.084928,0
85.39695,28.084924,0
85.396967,28.08492,0
85.396983,28.084915,0
85.396999,28.08491,0
85.397014,28.084906,0
85.397028,28.084903,0
85.397042,28.084899,0
85.397055,28.084893,0
85.397066,28.084887,0
85.397077,28.084881,0
85.397087,28.084875,0
85.397096,28.084869,0
85.397106,28.084864,0
85.397114,28.084858,0
85.397124,28.084851,0
85.397132,28.084844,0
85.397141,28.084837,0
85.397149,28.084829,0
85.397157,28.084819,0
85.397164,28.084808,0
85.397171,28.084797,0
85.397177,28.084786,0
85.397182,28.084775,0
85.397186,28.084764,0
85.397189,28.084754,0
85.39719,28.084744,0
85.397191,28.084734,0
85.397191,28.084723,0
85.39719,28.08471,0
85.397188,28.084698,0
85.397185,28.084685,0
85.397182,28.084673,0
85.397178,28.084661,0
85.397173,28.084648,0
85.397167,28.084637,0
85.397162,28.084628,0
85.397156,28.08462,0
85.397151,28.084612,0
85.397145,28.084604,0
85.397142,28.084597,0
85.39714,28.084589,0
85.39714,28.084581,0
85.39714,28.084573,0
85.397141,28.084567,0
85.397141,28.084561,0
85.397142,28.084557,0
85.397145,28.084553,0
85.397148,28.08455,0
85.39715,28.084547,0
85.397153,28.084545,0
85.397157,28.084542,0
85.397158,28.084539,0
85.397161,28.084535,0
85.397165,28.084529,0
85.397171,28.084522,0
85.397176,28.084516,0
85.397181,28.084511,0
85.397185,28.084507,0
85.397189,28.084504,0
85.397191,28.0845,0
85.397199,28.084492,0
85.3972,28.084491,0
85.397204,28.084488,0
85.397208,28.084485,0
85.397213,28.084481,0
85.397217,28.084476,0
85.397221,28.084471,0
85.397226,28.084466,0
85.39723,28.084462,0
85.397235,28.084459,0
85.397242,28.084456,0
85.397248,28.084451,0
85.397254,28.084446,0
85.39726,28.084439,0
85.397267,28.084432,0
85.397273,28.084424,0
85.397279,28.084415,0
85.397285,28.084406,0
85.397288,28.084394,0
85.397291,28.084379,0
85.397295,28.084367,0
85.397301,28.084354,0
85.397307,28.084342,0
85.397314,28.08433,0
85.397323,28.084321,0
85.397332,28.084315,0
85.397342,28.08431,0
85.397351,28.084306,0
85.397362,28.084304,0
85.397373,28.084303,0
85.397384,28.084302,0
85.397396,28.084304,0
85.397407,28.084306,0
85.397419,28.084307,0
85.397429,28.084308,0
85.397437,28.084309,0
85.397462,28.08431,0
85.397464,28.08431,0
85.39747,28.084309,0
85.397476,28.084307,0
85.397484,28.084305,0
85.397496,28.084303,0
85.397508,28.0843,0
85.39752,28.084296,0
85.397533,28.084293,0
85.397546,28.084289,0
85.397559,28.084284,0
85.397571,28.084277,0
85.397582,28.08427,0
85.397592,28.084261,0
85.397602,28.084252,0
85.397614,28.084243,0
85.397625,28.084235,0
85.397635,28.084228,0
85.397644,28.084222,0
85.397651,28.084217,0
85.397658,28.084211,0
85.397664,28.084205,0
85.397669,28.084198,0
85.397674,28.084192,0
85.397679,28.084186,0
85.397682,28.084181,0
85.397685,28.084176,0
85.397687,28.084173,0
85.397691,28.084167,0
85.397696,28.084164,0
85.397697,28.084163,0
85.397701,28.084162,0
85.397705,28.084159,0
85.397709,28.084156,0
85.397714,28.084152,0
85.397719,28.084148,0
85.397725,28.084144,0
85.397731,28.084139,0
85.397737,28.084133,0
85.397744,28.084127,0
85.397749,28.084121,0
85.397754,28.084115,0
85.397759,28.084109,0
85.397764,28.084102,0
85.397769,28.084095,0
85.397773,28.084087,0
85.397776,28.084078,0
85.397779,28.08407,0
85.397782,28.084063,0
85.397785,28.084057,0
85.397787,28.084051,0
85.397789,28.084047,0
85.397792,28.084042,0
85.397795,28.084039,0
85.397798,28.084036,0
85.3978,28.084032,0
85.397803,28.08403,0
85.397806,28.084026,0
85.397809,28.084022,0
85.397811,28.084019,0
85.397815,28.084017,0
85.39782,28.084014,0
85.397823,28.084012,0
85.397827,28.08401,0
85.397831,28.084008,0
85.397835,28.084006,0
85.397839,28.084004,0
85.397843,28.084002,0
85.397849,28.084,0
85.397856,28.083999,0
85.397862,28.083996,0
85.397867,28.083994,0
85.397879,28.083987,0
85.397867,28.083991,0
85.397866,28.083992,0
85.397862,28.083989,0
85.397866,28.083988,0
85.397873,28.083988,0
85.397884,28.083986,0
85.397897,28.083984,0
85.397911,28.083982,0
85.397925,28.083979,0
85.39794,28.083975,0
85.397955,28.083971,0
85.397971,28.083968,0
85.397983,28.083965,0
85.397993,28.083965,0
85.398001,28.083964,0
85.398007,28.083962,0
85.398014,28.08396,0
85.398021,28.083957,0
85.398026,28.083954,0
85.398032,28.083951,0
85.398041,28.083949,0
85.39805,28.083947,0
85.398061,28.083945,0
85.398071,28.083943,0
85.398079,28.083941,0
85.398089,28.083939,0
85.398098,28.083937,0
85.398107,28.083935,0
85.398115,28.083933,0
85.398123,28.083933,0
85.398129,28.083932,0
85.398136,28.083931,0
85.398152,28.083926,0
85.398153,28.083925,0
85.398155,28.083923,0
85.398159,28.083922,0
85.398164,28.083921,0
85.398169,28.083921,0
85.398173,28.083921,0
85.398177,28.083921,0
85.398181,28.083921,0
85.398186,28.083921,0
85.398193,28.083922,0
85.398199,28.083921,0
85.398206,28.08392,0
85.398212,28.083917,0
85.398218,28.083915,0
85.398224,28.083912,0
85.398229,28.083909,0
85.398235,28.083906,0
85.398239,28.083903,0
85.398242,28.083901,0
85.398251,28.083891,0
85.398251,28.08389,0
85.398252,28.083883,0
85.398256,28.083881,0
85.398263,28.083877,0
85.398274,28.083872,0
85.398286,28.083867,0
85.398299,28.08386,0
85.398313,28.083853,0
85.398325,28.083847,0
85.398337,28.083841,0
85.398349,28.083836,0
85.398359,28.083832,0
85.398366,28.083828,0
85.398373,28.083825,0
85.398379,28.083822,0
85.398385,28.08382,0
85.398392,28.083809,0
85.398389,28.083806,0
85.398387,28.083803,0
85.398387,28.083802,0
85.398386,28.0838,0
85.398376,28.083779,0
85.398377,28.083782,0
85.39838,28.083787,0
85.398384,28.083795,0
85.398389,28.083806,0
85.398396,28.083816,0
85.398403,28.083827,0
85.398413,28.083838,0
85.398425,28.083851,0
85.398436,28.083864,0
85.398445,28.083874,0
85.398452,28.083886,0
85.398459,28.083896,0
85.398466,28.083905,0
85.398472,28.083913,0
85.398476,28.083919,0
85.398484,28.083929,0
85.398487,28.083926,0
85.398486,28.083925,0
85.398483,28.083922,0
85.398479,28.083917,0
85.398475,28.08391,0
85.39847,28.083902,0
85.398465,28.083894,0
85.39846,28.083887,0
85.398454,28.083879,0
85.398449,28.083873,0
85.398444,28.083867,0
85.39844,28.083861,0
85.398437,28.083856,0
85.398434,28.08385,0
85.398431,28.083844,0
85.398427,28.083837,0
85.398423,28.083831,0
85.398419,28.083824,0
85.398415,28.083817,0
85.398411,28.083812,0
85.398403,28.083808,0
85.398397,28.083806,0
85.398392,28.083805,0
85.398383,28.083805,0
85.398383,28.083806,0
85.398385,28.083809,0
85.398388,28.083813,0
85.398391,28.083817,0
85.398395,28.083822,0
85.398398,28.083828,0
85.398402,28.083834,0
85.398406,28.083842,0
85.39841,28.083849,0
85.398415,28.083855,0
85.398421,28.083862,0
85.398428,28.083868,0
85.398435,28.083874,0
85.398442,28.083879,0
85.398449,28.083887,0
85.398457,28.083894,0
85.398464,28.0839,0
85.39847,28.083909,0
85.398477,28.083918,0
85.398482,28.083927,0
85.398487,28.083937,0
85.398491,28.083947,0
85.398494,28.083956,0
85.398496,28.083967,0
85.398498,28.083979,0
85.398499,28.083991,0
85.3985,28.084004,0
85.398502,28.084018,0
85.398504,28.08403,0
85.398507,28.084041,0
85.398511,28.084051,0
85.398516,28.08406,0
85.398522,28.084068,0
85.398528,28.084076,0
85.398533,28.084084,0
85.398537,28.084091,0
85.398542,28.084097,0
85.398549,28.084104,0
85.398556,28.084109,0
85.398562,28.084113,0
85.398568,28.084116,0
85.398573,28.084119,0
85.398588,28.084128,0
85.398588,28.084129,0
85.398591,28.084131,0
85.398594,28.084132,0
85.398606,28.084136,0
85.398607,28.084136,0
85.398609,28.084135,0
85.398612,28.084134,0
85.398615,28.084133,0
85.398619,28.084133,0
85.398623,28.084132,0
85.398627,28.084132,0
85.39863,28.084132,0
85.398633,28.084132,0
85.398636,28.084133,0
85.39864,28.084134,0
85.398644,28.084134,0
85.398656,28.084133,0
85.398649,28.08413,0
85.398648,28.084128,0
85.398649,28.084131,0
85.398652,28.084135,0
85.398658,28.084142,0
85.398667,28.084153,0
85.398677,28.084166,0
85.398688,28.08418,0
85.398697,28.084192,0
85.398706,28.084203,0
85.398714,28.084213,0
85.39872,28.084222,0
85.398731,28.084238,0
85.39873,28.084237,0
85.398721,28.084233,0
85.39872,28.084232,0
85.398719,28.084235,0
85.398719,28.084237,0
85.398718,28.084244,0
85.398718,28.084252,0
85.398718,28.084261,0
85.398719,28.084272,0
85.398721,28.084284,0
85.398723,28.084296,0
85.398726,28.084308,0
85.398729,28.084321,0
85.398732,28.084332,0
85.398736,28.084343,0
85.39874,28.084352,0
85.398745,28.08436,0
85.398752,28.084367,0
85.398759,28.084372,0
85.398765,28.084375,0
85.398771,28.084376,0
85.398775,28.084378,0
85.398788,28.084381,0
85.398791,28.084385,0
85.398792,28.084386,0
85.398793,28.084388,0
85.398796,28.084391,0
85.398799,28.084397,0
85.3988,28.084404,0
85.398803,28.084413,0
85.398805,28.084423,0
85.398808,28.084433,0
85.398811,28.084442,0
85.398813,28.084452,0
85.398816,28.084462,0
85.398821,28.084473,0
85.398827,28.084485,0
85.398834,28.084494,0
85.398842,28.084503,0
85.398849,28.08451,0
85.398856,28.084516,0
85.398864,28.084523,0
85.398872,28.08453,0
85.398879,28.084535,0
85.398887,28.084541,0
85.398894,28.084547,0
85.3989,28.084551,0
85.398906,28.084556,0
85.398911,28.08456,0
85.398916,28.084565,0
85.398921,28.08457,0
85.398927,28.084575,0
85.398932,28.08458,0
85.398936,28.084584,0
85.398941,28.084589,0
85.398945,28.084595,0
85.398947,28.084601,0
85.398951,28.084607,0
85.398955,28.084614,0
85.398961,28.084619,0
85.398967,28.084622,0
85.398976,28.084626,0
85.398983,28.084631,0
85.398991,28.084636,0
85.398999,28.084642,0
85.399005,28.084646,0
85.399011,28.084649,0
85.399015,28.084652,0
85.399018,28.08466,0
85.399021,28.084658,0
85.399022,28.084658,0
85.399025,28.084658,0
85.399029,28.084657,0
85.399034,28.084658,0
85.39904,28.084659,0
85.399045,28.08466,0
85.399051,28.084661,0
85.399058,28.084663,0
85.399065,28.084664,0
85.399071,28.084664,0
85.399077,28.084662,0
85.399082,28.08466,0
85.399088,28.084656,0
85.399093,28.084653,0
85.399098,28.08465,0
85.399104,28.084648,0
85.399109,28.084646,0
85.399113,28.084643,0
85.399118,28.084641,0
85.399122,28.08464,0
85.399127,28.084639,0
85.399131,28.084638,0
85.399135,28.084637,0
85.399139,28.084638,0
85.399143,28.084637,0
85.399147,28.084636,0
85.399151,28.084634,0
85.399155,28.084632,0
85.39916,28.084629,0
85.399164,28.084626,0
85.399167,28.084624,0
85.399169,28.084607,0
85.399168,28.084603,0
85.399159,28.084603,0
85.399162,28.084604,0
85.39917,28.084607,0
85.399179,28.084612,0
85.39919,28.084617,0
85.3992,28.084622,0
85.39921,28.084627,0
85.39922,28.084633,0
85.399229,28.084637,0
85.399238,28.084641,0
85.399246,28.084645,0
85.399255,28.084647,0
85.399262,28.084648,0
85.399269,28.084651,0
85.399277,28.084652,0
85.399283,28.084654,0
85.39929,28.084655,0
85.399295,28.084656,0
85.399302,28.084656,0
85.399309,28.084659,0
85.399316,28.08466,0
85.399323,28.08466,0
85.399329,28.084661,0
85.399335,28.084661,0
85.399341,28.084663,0
85.399346,28.084665,0
85.39935,28.084667,0
85.399354,28.084669,0
85.399358,28.084671,0
85.399363,28.084674,0
85.399369,28.084676,0
85.399375,28.084678,0
85.399382,28.08468,0
85.399388,28.084681,0
85.399393,28.084681,0
85.3994,28.084682,0
85.399407,28.084683,0
85.399415,28.084683,0
85.399424,28.084683,0
85.399433,28.084684,0
85.399444,28.084687,0
85.399456,28.084691,0
85.399465,28.084695,0
85.399474,28.084699,0
85.399481,28.084703,0
85.399488,28.084707,0
85.399494,28.084712,0
85.399502,28.084715,0
85.399508,28.084718,0
85.399513,28.08472,0
85.399517,28.08472,0
85.399524,28.084725,0
85.399521,28.084723,0
85.399529,28.084725,0
85.39953,28.084725,0
85.399532,28.084725,0
85.399536,28.084725,0
85.399539,28.084725,0
85.399545,28.084724,0
85.399554,28.084723,0
85.399564,28.084722,0
85.399575,28.084721,0
85.399587,28.084719,0
85.399598,28.084718,0
85.399609,28.084717,0
85.399619,28.084716,0
85.399629,28.084713,0
85.399638,28.084711,0
85.399661,28.084703,0
85.399668,28.084688,0
85.39967,28.084687,0
85.399676,28.084684,0
85.399684,28.084681,0
85.399693,28.084678,0
85.399702,28.084676,0
85.399713,28.084674,0
85.399725,28.084673,0
85.399737,28.084671,0
85.399749,28.084668,0
85.399759,28.084665,0
85.399767,28.084661,0
85.399775,28.084657,0
85.399782,28.084653,0
85.399788,28.084648,0
85.399795,28.084645,0
85.399801,28.084641,0
85.399806,28.084638,0
85.399811,28.084637,0
85.399816,28.084637,0
85.39982,28.084638,0
85.399831,28.084637,0
85.399831,28.084636,0
85.399833,28.084637,0
85.399843,28.08463,0
85.399848,28.084625,0
85.39985,28.084623,0
85.399852,28.084621,0
85.399855,28.084619,0
85.399859,28.084617,0
85.399862,28.084615,0
85.399865,28.084614,0
85.399871,28.084612,0
85.39987,28.084611,0
85.399868,28.084609,0
85.399868,28.084607,0
85.399866,28.084604,0
85.399874,28.084594,0
85.399876,28.084592,0
85.39988,28.08459,0
85.399885,28.084587,0
85.399891,28.084584,0
85.399897,28.08458,0
85.399902,28.084577,0
85.399906,28.084573,0
85.399911,28.084569,0
85.399915,28.084565,0
85.39992,28.084561,0
85.399925,28.084556,0
85.39993,28.084551,0
85.399934,28.084547,0
85.399936,28.084542,0
85.399938,28.084537,0
85.399939,28.084533,0
85.399941,28.084529,0
85.399942,28.084525,0
85.399943,28.084522,0
85.399945,28.084518,0
85.399946,28.084516,0
85.399947,28.084513,0
85.399953,28.084507,0
85.399964,28.084497,0
85.399965,28.084497,0
85.399967,28.084497,0
85.39997,28.084497,0
85.399973,28.084498,0
85.399986,28.084499,0
85.399993,28.084502,0
85.399993,28.084503,0
85.399994,28.084504,0
85.399995,28.084506,0
85.399997,28.084509,0
85.399998,28.084512,0
85.399999,28.084515,0
85.400002,28.084518,0
85.400006,28.084521,0
85.400009,28.084523,0
85.400014,28.084524,0
85.400018,28.084525,0
85.400021,28.084526,0
85.400041,28.084527,0
85.400042,28.084527,0
85.400045,28.084527,0
85.400048,28.084527,0
85.400052,28.084527,0
85.400058,28.084527,0
85.400065,28.084526,0
85.400072,28.084526,0
85.400088,28.084527,0
85.40009,28.084527,0
85.400094,28.084527,0
85.400099,28.084527,0
85.400104,28.084527,0
85.400118,28.084526,0
85.400119,28.084517,0
85.400118,28.084509,0
85.400118,28.084504,0
85.400118,28.084503,0
85.400118,28.084501,0
85.400116,28.084491,0
85.400108,28.084494,0
85.400108,28.084495,0
85.400109,28.084497,0
85.400106,28.084484,0
85.400105,28.084484,0
85.400099,28.084492,0
85.400099,28.084495,0
85.4001,28.084502,0
85.4001,28.084512,0
85.400101,28.084525,0
85.400102,28.084538,0
85.400104,28.084552,0
85.400106,28.084567,0
85.400107,28.084582,0
85.400111,28.084599,0
85.400117,28.084613,0
85.400123,28.084627,0
85.40013,28.084639,0
85.400138,28.084649,0
85.400146,28.084659,0
85.400153,28.08467,0
85.40016,28.08468,0
85.400168,28.08469,0
85.400176,28.084699,0
85.400185,28.08471,0
85.400193,28.084719,0
85.400202,28.084728,0
85.40021,28.084736,0
85.400216,28.084741,0
85.400222,28.084745,0
85.400228,28.084748,0
85.400233,28.084749,0
85.400237,28.08475,0
85.400243,28.084751,0
85.400249,28.08475,0
85.400255,28.084748,0
85.400261,28.084745,0
85.400265,28.084742,0
85.400266,28.08474,0
85.400265,28.084738,0
85.400263,28.084729,0
85.400262,28.084728,0
85.400261,28.084727,0
85.400261,28.084725,0
85.40026,28.084722,0
85.400259,28.084718,0
85.400257,28.084713,0
85.400256,28.084708,0
85.400256,28.084702,0
85.400254,28.084696,0
85.400253,28.084691,0
85.400253,28.084684,0
85.400254,28.084677,0
85.400255,28.08467,0
85.400255,28.084664,0
85.400253,28.084659,0
85.400246,28.084646,0
85.400244,28.084645,0
85.400241,28.084642,0
85.400237,28.084638,0
85.400233,28.084633,0
85.400231,28.084629,0
85.400231,28.084626,0
85.400234,28.084624,0
85.400239,28.084624,0
85.400243,28.084626,0
85.400248,28.08463,0
85.400253,28.084637,0
85.400259,28.084645,0
85.400266,28.084654,0
85.400275,28.084661,0
85.400285,28.084667,0
85.400296,28.084672,0
85.400307,28.084677,0
85.400319,28.084682,0
85.400331,28.084687,0
85.400342,28.084691,0
85.400352,28.084694,0
85.400362,28.084697,0
85.400371,28.0847,0
85.400378,28.084703,0
85.400386,28.084706,0
85.400394,28.084709,0
85.400401,28.08471,0
85.400407,28.084712,0
85.400414,28.084714,0
85.400421,28.084716,0
85.400428,28.084716,0
85.400433,28.084716,0
85.400439,28.084715,0
85.400445,28.084713,0
85.400468,28.084707,0
85.400469,28.084707,0
85.400471,28.084706,0
85.400475,28.084706,0
85.400479,28.084705,0
85.400483,28.084705,0
85.400487,28.084708,0
85.400493,28.08471,0
85.400499,28.084713,0
85.400506,28.084717,0
85.400512,28.084723,0
85.400518,28.084729,0
85.400525,28.084735,0
85.400533,28.084741,0
85.40054,28.084745,0
85.400548,28.084747,0
85.400556,28.084747,0
85.400563,28.084748,0
85.400569,28.08475,0
85.400574,28.084749,0
85.400579,28.084748,0
85.400583,28.084747,0
85.40059,28.084746,0
85.400596,28.084746,0
85.400604,28.084748,0
85.400613,28.08475,0
85.400621,28.084752,0
85.400628,28.084755,0
85.400634,28.084756,0
85.400641,28.084757,0
85.400647,28.084757,0
85.400653,28.084757,0
85.400668,28.084758,0
85.40067,28.084758,0
85.400675,28.084759,0
85.400683,28.08476,0
85.400693,28.084761,0
85.400703,28.084762,0
85.400713,28.084761,0
85.400724,28.08476,0
85.400735,28.084758,0
85.400745,28.084754,0
85.400756,28.084752,0
85.400768,28.084751,0
85.40078,28.08475,0
85.400794,28.08475,0
85.400807,28.08475,0
85.400817,28.084749,0
85.400826,28.084749,0
85.400835,28.084748,0
85.400845,28.084749,0
85.400854,28.084751,0
85.400864,28.084753,0
85.400874,28.084756,0
85.400885,28.084758,0
85.400896,28.08476,0
85.400907,28.084761,0
85.400918,28.084762,0
85.400927,28.084763,0
85.40094,28.084761,0
85.400943,28.084761,0
85.400947,28.084763,0
85.400954,28.084767,0
85.400963,28.084772,0
85.400973,28.084778,0
85.400984,28.084785,0
85.400996,28.084793,0
85.401008,28.084802,0
85.40102,28.084811,0
85.401032,28.08482,0
85.401044,28.084827,0
85.401054,28.084835,0
85.401063,28.084842,0
85.401073,28.08485,0
85.401083,28.084857,0
85.40109,28.084864,0
85.401097,28.08487,0
85.401101,28.084874,0
85.401103,28.084873,0
85.401102,28.084872,0
85.401102,28.084871,0
85.4011,28.08487,0
85.401099,28.084869,0
85.401097,28.084868,0
85.401095,28.084868,0
85.401099,28.084871,0
85.401107,28.084876,0
85.401119,28.084884,0
85.401133,28.084892,0
85.401148,28.0849,0
85.401164,28.084907,0
85.40118,28.084914,0
85.401195,28.084921,0
85.401211,28.084926,0
85.401226,28.08493,0
85.401241,28.084934,0
85.401257,28.084937,0
85.401271,28.084937,0
85.401283,28.084938,0
85.401296,28.084938,0
85.401308,28.084937,0
85.40132,28.084936,0
85.401331,28.084935,0
85.401342,28.084934,0
85.401353,28.084933,0
85.401364,28.084932,0
85.401376,28.084931,0
85.401389,28.084929,0
85.401402,28.084928,0
85.401414,28.084927,0
85.401426,28.084924,0
85.401438,28.084923,0
85.401449,28.08492,0
85.401461,28.084918,0
85.401472,28.084915,0
85.401483,28.084913,0
85.401494,28.084911,0
85.401505,28.084909,0
85.401517,28.084909,0
85.401527,28.084908,0
85.401537,28.084907,0
85.401547,28.084905,0
85.401557,28.084903,0
85.401567,28.084902,0
85.401578,28.084902,0
85.40159,28.084902,0
85.4016,28.084903,0
85.401611,28.084904,0
85.401622,28.084904,0
85.401634,28.084904,0
85.401645,28.084905,0
85.401656,28.084907,0
85.401666,28.084906,0
85.401678,28.084906,0
85.401689,28.084907,0
85.4017,28.084907,0
85.40171,28.084908,0
85.401721,28.084908,0
85.401731,28.084908,0
85.401742,28.084908,0
85.401753,28.084909,0
85.401763,28.084909,0
85.401773,28.084909,0
85.401782,28.084909,0
85.401792,28.08491,0
85.401801,28.084908,0
85.40181,28.084907,0
85.401819,28.084906,0
85.40183,28.084907,0
85.401843,28.084911,0
85.401856,28.084916,0
85.401867,28.08492,0
85.401877,28.084923,0
85.401887,28.084924,0
85.401896,28.084925,0
85.401906,28.084927,0
85.401916,28.084928,0
85.401927,28.08493,0
85.401937,28.084931,0
85.401948,28.084933,0
85.401958,28.084935,0
85.401969,28.084936,0
85.40198,28.084937,0
85.401991,28.084939,0
85.402003,28.084941,0
85.402014,28.084943,0
85.402024,28.084944,0
85.402034,28.084947,0
85.402043,28.08495,0
85.402053,28.084952,0
85.402063,28.084956,0
85.402074,28.08496,0
85.402083,28.084964,0
85.402092,28.084967,0
85.402101,28.08497,0
85.40211,28.084974,0
85.40212,28.084977,0
85.40213,28.084978,0
85.402139,28.084979,0
85.40215,28.084978,0
85.402162,28.084979,0
85.402172,28.084978,0
85.402183,28.084978,0
85.402194,28.084977,0
85.402204,28.084977,0
85.402216,28.084978,0
85.402227,28.084978,0
85.40224,28.084978,0
85.402251,28.084978,0
85.402263,28.084977,0
85.402274,28.084976,0
85.402284,28.084976,0
85.402295,28.084976,0
85.402306,28.084976,0
85.402317,28.084977,0
85.402327,28.084978,0
85.402337,28.084977,0
85.402346,28.084976,0
85.402355,28.084975,0
85.402365,28.084974,0
85.402374,28.084974,0
85.402383,28.084974,0
85.402393,28.084974,0
85.402403,28.084975,0
85.402414,28.084976,0
85.402424,28.084977,0
85.402434,28.084978,0
85.402444,28.084979,0
85.402455,28.084982,0
85.402465,28.084985,0
85.402475,28.084987,0
85.402485,28.084988,0
85.402494,28.084989,0
85.402503,28.084991,0
85.402512,28.084994,0
85.402521,28.084999,0
85.402529,28.085002,0
85.402538,28.085006,0
85.402547,28.085009,0
85.402556,28.085012,0
85.402564,28.085013,0
85.402573,28.085015,0
85.40258,28.085019,0
85.402588,28.085022,0
85.402597,28.085026,0
85.402606,28.085029,0
85.402615,28.085032,0
85.402625,28.085036,0
85.402637,28.085039,0
85.402647,28.085043,0
85.402657,28.085045,0
85.402667,28.085048,0
85.402676,28.085052,0
85.402686,28.085055,0
85.402695,28.08506,0
85.402704,28.085065,0
85.402712,28.08507,0
85.402721,28.085075,0
85.40273,28.085079,0
85.402738,28.085082,0
85.402747,28.085085,0
85.402757,28.085087,0
85.402768,28.085091,0
85.402779,28.085094,0
85.402789,28.085097,0
85.4028,28.0851,0
85.40281,28.085102,0
85.402819,28.085103,0
85.402828,28.085102,0
85.402837,28.085101,0
85.402846,28.0851,0
85.402856,28.085099,0
85.402867,28.085098,0
85.402877,28.085098,0
85.402886,28.085096,0
85.402893,28.085094,0
85.402901,28.085093,0
85.402908,28.085091,0
85.402915,28.085089,0
85.402923,28.085087,0
85.40293,28.085086,0
85.402939,28.085085,0
85.402948,28.085084,0
85.402957,28.085084,0
85.402964,28.085083,0
85.402971,28.085082,0
85.402978,28.085082,0
85.402985,28.085081,0
85.402993,28.08508,0
85.403,28.085078,0
85.403006,28.085076,0
85.403012,28.085076,0
85.40302,28.085076,0
85.403027,28.085078,0
85.403035,28.085079,0
85.403044,28.085082,0
85.403053,28.085085,0
85.403062,28.085088,0
85.403072,28.08509,0
85.403081,28.085092,0
85.403092,28.085093,0
85.403103,28.085094,0
85.403115,28.085095,0
85.403125,28.085096,0
85.403135,28.085097,0
85.403145,28.085099,0
85.403156,28.0851,0
85.403169,28.0851,0
85.40318,28.085098,0
85.403189,28.085095,0
85.403197,28.085093,0
85.403204,28.085091,0
85.403213,28.085089,0
85.403222,28.085086,0
85.403231,28.085083,0
85.40324,28.085081,0
85.403248,28.085079,0
85.403256,28.085078,0
85.403264,28.085077,0
85.403273,28.085076,0
85.403282,28.085074,0
85.403291,28.085074,0
85.403299,28.085074,0
85.403307,28.085074,0
85.403314,28.085074,0
85.403322,28.085074,0
85.403329,28.085074,0
85.403338,28.085074,0
85.403378,28.085072,0
85.403381,28.085072,0
85.403388,28.08507,0
85.403396,28.085067,0
85.403404,28.085064,0
85.403413,28.085062,0
85.403422,28.08506,0
85.403432,28.085059,0
85.403442,28.085057,0
85.403451,28.085055,0
85.403461,28.085052,0
85.40347,28.085049,0
85.403477,28.085045,0
85.403482,28.085043,0
85.403496,28.085035,0
85.403497,28.085035,0
85.403499,28.085037,0
85.403504,28.085038,0
85.403511,28.085038,0
85.40352,28.085038,0
85.403528,28.085037,0
85.403536,28.085036,0
85.403542,28.085036,0
85.403548,28.085036,0
85.403555,28.085036,0
85.403562,28.085036,0
85.40357,28.085037,0
85.403579,28.085038,0
85.403588,28.085037,0
85.403596,28.085038,0
85.403605,28.085037,0
85.403614,28.085037,0
85.403622,28.085036,0
85.403629,28.085034,0
85.403637,28.085033,0
85.403645,28.08503,0
85.403652,28.085027,0
85.403659,28.085024,0
85.403666,28.085021,0
85.403674,28.085018,0
85.403681,28.085015,0
85.403688,28.08501,0
85.403693,28.085005,0
85.4037,28.085,0
85.403706,28.084996,0
85.403714,28.084993,0
85.403722,28.084988,0
85.403731,28.084985,0
85.403741,28.084981,0
85.403752,28.084979,0
85.403764,28.084979,0
85.403775,28.084979,0
85.403787,28.084979,0
85.403797,28.084978,0
85.403806,28.084976,0
85.403815,28.084977,0
85.403824,28.084975,0
85.403831,28.08497,0
85.403839,28.084965,0
85.403847,28.084962,0
85.403856,28.08496,0
85.403864,28.084958,0
85.403872,28.084955,0
85.403881,28.084951,0
85.403887,28.084944,0
85.403894,28.084939,0
85.403902,28.084933,0
85.403908,28.084927,0
85.403914,28.084922,0
85.403919,28.084917,0
85.403925,28.084912,0
85.403931,28.08491,0
85.403936,28.084905,0
85.403942,28.084901,0
85.403947,28.084897,0
85.403952,28.084892,0
85.403958,28.084887,0
85.403963,28.084881,0
85.403969,28.084877,0
85.403975,28.084872,0
85.403982,28.084868,0
85.403988,28.084864,0
85.403994,28.084861,0
85.404001,28.084859,0
85.404008,28.084856,0
85.404016,28.084853,0
85.404024,28.084851,0
85.404031,28.084848,0
85.404038,28.084845,0
85.404045,28.08484,0
85.404051,28.084837,0
85.404056,28.084834,0
85.404063,28.08483,0
85.404071,28.084828,0
85.404079,28.084825,0
85.404086,28.084821,0
85.404098,28.08481,0
85.404096,28.084809,0
85.404097,28.084809,0
85.404095,28.084807,0
85.404097,28.084806,0
85.404103,28.084805,0
85.404111,28.084804,0
85.404123,28.084802,0
85.404134,28.0848,0
85.404147,28.084796,0
85.404159,28.084794,0
85.404172,28.084791,0
85.404185,28.084789,0
85.404198,28.084786,0
85.40421,28.084784,0
85.404221,28.084782,0
85.404233,28.08478,0
85.404245,28.084778,0
85.404257,28.084775,0
85.404269,28.084774,0
85.40428,28.084771,0
85.404292,28.084768,0
85.404303,28.084765,0
85.404313,28.084761,0
85.404323,28.084757,0
85.404335,28.084754,0
85.404346,28.08475,0
85.404357,28.084748,0
85.404368,28.084747,0
85.404378,28.084747,0
85.404388,28.084746,0
85.404398,28.084745,0
85.404409,28.084743,0
85.404421,28.084742,0
85.404432,28.08474,0
85.404442,28.084738,0
85.404453,28.084737,0
85.404463,28.084735,0
85.404473,28.084732,0
85.404484,28.08473,0
85.404495,28.084728,0
85.404504,28.084726,0
85.404514,28.084723,0
85.404524,28.08472,0
85.404534,28.084716,0
85.404545,28.084711,0
85.404555,28.084707,0
85.404564,28.084704,0
85.404574,28.084701,0
85.404584,28.084697,0
85.404594,28.084692,0
85.404602,28.084689,0
85.40461,28.084686,0
85.404619,28.084684,0
85.404628,28.084681,0
85.404636,28.084678,0
85.404644,28.084675,0
85.404651,28.084671,0
85.404658,28.084666,0
85.404666,28.084662,0
85.404676,28.084658,0
85.404685,28.084655,0
85.404694,28.084651,0
85.404702,28.084647,0
85.40471,28.084644,0
85.404719,28.084641,0
85.404727,28.084638,0
85.404736,28.084635,0
85.404743,28.084631,0
85.404751,28.084626,0
85.40476,28.084623,0
85.404767,28.08462,0
85.404774,28.084617,0
85.404782,28.084614,0
85.404791,28.084611,0
85.404798,28.084607,0
85.404805,28.084604,0
85.404814,28.084601,0
85.404822,28.084597,0
85.404829,28.084593,0
85.404835,28.084589,0
85.404853,28.084583,0
85.404855,28.084583,0
85.404859,28.084583,0
85.404864,28.084583,0
85.40487,28.084582,0
85.404877,28.084581,0
85.404884,28.084579,0
85.404892,28.084578,0
85.404899,28.084577,0
85.404906,28.084577,0
85.404913,28.084576,0
85.404919,28.084575,0
85.404926,28.084574,0
85.404933,28.084573,0
85.404939,28.084572,0
85.404945,28.084572,0
85.404952,28.084572,0
85.404959,28.084571,0
85.404967,28.084571,0
85.404975,28.084572,0
85.404982,28.084572,0
85.404988,28.084573,0
85.404995,28.084574,0
85.405003,28.084576,0
85.40501,28.084578,0
85.405018,28.084579,0
85.405025,28.084578,0
85.405033,28.084578,0
85.405042,28.084578,0
85.405051,28.084578,0
85.40506,28.084578,0
85.405069,28.084578,0
85.405077,28.084577,0
85.405086,28.084577,0
85.405095,28.084577,0
85.405104,28.084578,0
85.405113,28.084582,0
85.40512,28.084587,0
85.405127,28.084591,0
85.405133,28.084594,0
85.405137,28.084596,0
85.405148,28.084601,0
85.405141,28.084608,0
85.40512,28.084604,0
85.405113,28.084593,0
85.405123,28.084578,0
85.405126,28.084578,0
85.405132,28.084578,0
85.405141,28.084578,0
85.405149,28.084576,0
85.405156,28.084574,0
85.40518,28.084568,0
85.405175,28.084576,0
85.405175,28.084577,0
85.405175,28.084583,0
85.405166,28.084583,0
85.405166,28.084582,0
85.405163,28.084584,0
85.40517,28.084586,0
85.405174,28.084586,0
85.405182,28.084587,0
85.405194,28.084589,0
85.405208,28.084592,0
85.405224,28.084596,0
85.40524,28.084601,0
85.405257,28.084606,0
85.405274,28.084611,0
85.405291,28.084616,0
85.405306,28.084621,0
85.405321,28.084627,0
85.405333,28.084632,0
85.405345,28.084637,0
85.405358,28.08464,0
85.40537,28.084641,0
85.405381,28.084643,0
85.405391,28.084645,0
85.405401,28.084647,0
85.405412,28.08465,0
85.405423,28.084651,0
85.405432,28.084651,0
85.40544,28.084651,0
85.40545,28.084652,0
85.40546,28.084652,0
85.405468,28.084653,0
85.405477,28.084654,0
85.405487,28.084654,0
85.405496,28.084655,0
85.405506,28.084657,0
85.405514,28.084657,0
85.405523,28.084657,0
85.405532,28.084657,0
85.405541,28.084657,0
85.40555,28.084657,0
85.405558,28.084657,0
85.405566,28.084656,0
85.405574,28.084655,0
85.405581,28.084653,0
85.405587,28.08465,0
85.405606,28.084643,0
85.40561,28.084643,0
85.405619,28.084644,0
85.405632,28.084645,0
85.405645,28.084646,0
85.405662,28.084647,0
85.405678,28.084648,0
85.405694,28.08465,0
85.405711,28.084652,0
85.405728,28.084655,0
85.405743,28.084659,0
85.405755,28.084663,0
85.405765,28.084668,0
85.405774,28.084672,0
85.405784,28.084677,0
85.405793,28.084681,0
85.405801,28.084686,0
85.405823,28.084698,0
85.405824,28.084699,0
85.405825,28.0847,0
85.405827,28.084702,0
85.405831,28.084703,0
85.405834,28.084704,0
85.405837,28.084705,0
85.405846,28.084705,0
85.40585,28.084706,0
85.405854,28.084708,0
85.405862,28.08471,0
85.405872,28.084713,0
85.405884,28.084715,0
85.405895,28.084717,0
85.405907,28.084719,0
85.405918,28.084721,0
85.405929,28.084725,0
85.405939,28.084728,0
85.405949,28.08473,0
85.405958,28.084733,0
85.405967,28.084735,0
85.405975,28.084738,0
85.405983,28.08474,0
85.40599,28.084741,0
85.405998,28.084742,0
85.406005,28.084743,0
85.406012,28.084745,0
85.406021,28.084746,0
85.406029,28.084747,0
85.406037,28.084748,0
85.406045,28.08475,0
85.406053,28.084751,0
85.40606,28.084753,0
85.406067,28.084755,0
85.406072,28.084756,0
85.406079,28.084757,0
85.406085,28.084757,0
85.406093,28.084756,0
85.406099,28.084756,0
85.406106,28.084755,0
85.406113,28.084754,0
85.40612,28.084754,0
85.406128,28.084753,0
85.406134,28.084753,0
85.40614,28.084754,0
85.406146,28.084754,0
85.406153,28.084754,0
85.406159,28.084754,0
85.406166,28.084754,0
85.406173,28.084753,0
85.406178,28.084752,0
85.406193,28.084746,0
85.406191,28.084748,0
85.406191,28.084755,0
85.406153,28.084763,0
85.406161,28.084763,0
85.406165,28.084762,0
85.406173,28.084761,0
85.406185,28.08476,0
85.406199,28.084757,0
85.406214,28.084755,0
85.406231,28.084751,0
85.406247,28.084749,0
85.406264,28.084748,0
85.406282,28.084748,0
85.406296,28.084747,0
85.406309,28.084745,0
85.40632,28.084744,0
85.406331,28.084742,0
85.40634,28.08474,0
85.406349,28.084737,0
85.406358,28.084736,0
85.406366,28.084735,0
85.406374,28.084733,0
85.406381,28.084731,0
85.406387,28.084729,0
85.406394,28.084726,0
85.406401,28.084725,0
85.406409,28.084723,0
85.406417,28.084722,0
85.406424,28.084721,0
85.40643,28.08472,0
85.406436,28.084719,0
85.406442,28.084719,0
85.406449,28.084716,0
85.406457,28.084713,0
85.406464,28.08471,0
85.406472,28.084706,0
85.406481,28.084702,0
85.406491,28.084699,0
85.406501,28.084696,0
85.406511,28.084693,0
85.406521,28.08469,0
85.406531,28.084687,0
85.406542,28.084684,0
85.406551,28.084682,0
85.406559,28.08468,0
85.406566,28.084679,0
85.406572,28.084679,0
85.406578,28.084679,0
85.406584,28.084678,0
85.406591,28.084676,0
85.406598,28.084674,0
85.406605,28.084672,0
85.406612,28.084671,0
85.406621,28.08467,0
85.406631,28.084667,0
85.406641,28.084663,0
85.406651,28.08466,0
85.40666,28.084658,0
85.406668,28.084657,0
85.406676,28.084655,0
85.406683,28.084653,0
85.40669,28.084651,0
85.406697,28.084648,0
85.406702,28.084645,0
85.406706,28.084642,0
85.40672,28.084635,0
85.406722,28.084634,0
85.406727,28.084634,0
85.406734,28.084632,0
85.406742,28.084632,0
85.406751,28.084631,0
85.406759,28.08463,0
85.406768,28.084628,0
85.406777,28.084626,0
85.406788,28.084624,0
85.406798,28.084621,0
85.406807,28.084618,0
85.406815,28.084617,0
85.406824,28.084615,0
85.406833,28.084614,0
85.406842,28.084612,0
85.40685,28.08461,0
85.406858,28.084608,0
85.406865,28.084606,0
85.406872,28.084603,0
85.40688,28.084601,0
85.406888,28.084598,0
85.406898,28.084596,0
85.406907,28.084593,0
85.406916,28.08459,0
85.406924,28.084585,0
85.406933,28.084581,0
85.406943,28.084578,0
85.406951,28.084575,0
85.406961,28.084571,0
85.40697,28.084568,0
85.406979,28.084564,0
85.406987,28.084561,0
85.406996,28.084558,0
85.407004,28.084556,0
85.407012,28.084555,0
85.40702,28.084553,0
85.407027,28.084552,0
85.407035,28.084552,0
85.407045,28.084551,0
85.407055,28.084551,0
85.407064,28.08455,0
85.407074,28.084549,0
85.407084,28.084546,0
85.407094,28.084543,0
85.407103,28.08454,0
85.407111,28.084536,0
85.407119,28.084533,0
85.407127,28.084529,0
85.407136,28.084526,0
85.407144,28.084523,0
85.407153,28.08452,0
85.40716,28.084517,0
85.407168,28.084514,0
85.407177,28.084511,0
85.407187,28.08451,0
85.407196,28.084509,0
85.407205,28.084508,0
85.407214,28.084507,0
85.407222,28.084507,0
85.40723,28.084506,0
85.407238,28.084506,0
85.407246,28.084508,0
85.407254,28.08451,0
85.407263,28.084511,0
85.407272,28.084513,0
85.407282,28.084515,0
85.407292,28.084516,0
85.407302,28.084517,0
85.407312,28.084517,0
85.407322,28.084517,0
85.407332,28.084516,0
85.407341,28.084514,0
85.40735,28.084513,0
85.407358,28.084511,0
85.407366,28.08451,0
85.407375,28.08451,0
85.407383,28.084509,0
85.407392,28.084509,0
85.407402,28.08451,0
85.407413,28.084509,0
85.407424,28.084508,0
85.407435,28.084508,0
85.407446,28.084508,0
85.407456,28.084507,0
85.407465,28.084505,0
85.407474,28.084503,0
85.407483,28.084501,0
85.407491,28.084499,0
85.407499,28.084498,0
85.407507,28.084497,0
85.407515,28.084497,0
85.407523,28.084497,0
85.407532,28.084496,0
85.40754,28.084496,0
85.407547,28.084494,0
85.407554,28.084494,0
85.407562,28.084494,0
85.40757,28.084495,0
85.407578,28.084494,0
85.407585,28.084493,0
85.407592,28.084491,0
85.407598,28.084489,0
85.407603,28.084487,0
85.407616,28.084484,0
85.407618,28.084484,0
85.407621,28.084485,0
85.407624,28.084484,0
85.407628,28.084483,0
85.407648,28.084481,0
85.407652,28.08448,0
85.407659,28.084479,0
85.40767,28.084478,0
85.407682,28.084476,0
85.407695,28.084474,0
85.40771,28.084473,0
85.407725,28.084471,0
85.40774,28.084469,0
85.407755,28.084466,0
85.407768,28.084464,0
85.407778,28.084463,0
85.407787,28.084461,0
85.407796,28.084459,0
85.407803,28.084458,0
85.407809,28.084456,0
85.407817,28.084455,0
85.407824,28.084453,0
85.407831,28.084452,0
85.407839,28.084451,0
85.407847,28.08445,0
85.407855,28.084448,0
85.407864,28.084446,0
85.407872,28.084444,0
85.40788,28.084441,0
85.407888,28.084439,0
85.407896,28.084438,0
85.407904,28.084436,0
85.407911,28.084435,0
85.407919,28.084432,0
85.407927,28.08443,0
85.407934,28.084428,0
85.407941,28.084426,0
85.407948,28.084425,0
85.407955,28.084423,0
85.407962,28.08442,0
85.407969,28.084418,0
85.407976,28.084414,0
85.407985,28.084411,0
85.407993,28.084409,0
85.408002,28.084407,0
85.40801,28.084406,0
85.408019,28.084406,0
85.408028,28.084404,0
85.408035,28.084401,0
85.408039,28.084398,0
85.408043,28.084396,0
85.408047,28.084394,0
85.40805,28.084393,0
85.408055,28.084388,0
85.408055,28.084383,0
85.408048,28.084376,0
85.408041,28.084369,0
85.408044,28.08437,0
85.408049,28.08437,0
85.408059,28.084372,0
85.40807,28.084373,0
85.408082,28.084374,0
85.408096,28.084375,0
85.408111,28.084376,0
85.408127,28.084377,0
85.408142,28.084379,0
85.408158,28.084381,0
85.408172,28.084383,0
85.408185,28.084385,0
85.408198,28.084387,0
85.40821,28.084389,0
85.408221,28.084389,0
85.408233,28.08439,0
85.408245,28.08439,0
85.408256,28.084389,0
85.408267,28.084388,0
85.408278,28.084388,0
85.408289,28.084388,0
85.408299,28.084388,0
85.408309,28.084388,0
85.408319,28.084388,0
85.408331,28.084388,0
85.408344,28.084388,0
85.408357,28.084387,0
85.40837,28.084386,0
85.408383,28.084385,0
85.408396,28.084385,0
85.408408,28.084383,0
85.40842,28.084381,0
85.408431,28.084379,0
85.408443,28.084376,0
85.408455,28.084373,0
85.408466,28.084369,0
85.408478,28.084365,0
85.408488,28.084361,0
85.408497,28.084357,0
85.408505,28.084353,0
85.408513,28.084349,0
85.408521,28.084345,0
85.408528,28.08434,0
85.408534,28.084335,0
85.408541,28.08433,0
85.408548,28.084326,0
85.408555,28.08432,0
85.408562,28.084315,0
85.408571,28.08431,0
85.408579,28.084307,0
85.408587,28.084303,0
85.408596,28.084299,0
85.408604,28.084294,0
85.408612,28.08429,0
85.40862,28.084286,0
85.408627,28.084281,0
85.408634,28.084276,0
85.40864,28.084271,0
85.408646,28.084266,0
85.408652,28.084262,0
85.408659,28.084256,0
85.408666,28.084251,0
85.408673,28.084247,0
85.408681,28.084241,0
85.408689,28.084236,0
85.408696,28.08423,0
85.408703,28.084226,0
85.40871,28.084222,0
85.408716,28.084219,0
85.40872,28.084216,0
85.408741,28.084211,0
85.408743,28.084212,0
85.408748,28.084212,0
85.408754,28.084212,0
85.40876,28.084213,0
85.408768,28.084215,0
85.408775,28.084218,0
85.408782,28.08422,0
85.40879,28.084223,0
85.408799,28.084226,0
85.408807,28.084229,0
85.408814,28.084231,0
85.408821,28.084232,0
85.408827,28.084234,0
85.408835,28.084236,0
85.408842,28.084239,0
85.408849,28.08424,0
85.408866,28.08425,0
85.408867,28.08425,0
85.408868,28.084252,0
85.40887,28.084253,0
85.408873,28.084255,0
85.408877,28.084258,0
85.40888,28.084259,0
85.408884,28.08426,0
85.408887,28.084261,0
85.408901,28.084261,0
85.408905,28.084261,0
85.408913,28.084259,0
85.408924,28.084257,0
85.408937,28.084255,0
85.408951,28.084253,0
85.408964,28.08425,0
85.408979,28.084246,0
85.408995,28.084242,0
85.409008,28.084237,0
85.40902,28.084233,0
85.409029,28.08423,0
85.409038,28.084228,0
85.409046,28.084225,0
85.409053,28.084224,0
85.40906,28.084224,0
85.409066,28.084223,0
85.409073,28.084221,0
85.409081,28.084218,0
85.409088,28.084215,0
85.409095,28.084212,0
85.409103,28.084208,0
85.40911,28.084205,0
85.409118,28.084202,0
85.409125,28.084198,0
85.409132,28.084194,0
85.409139,28.08419,0
85.409147,28.084187,0
85.409155,28.084183,0
85.409163,28.084179,0
85.409171,28.084175,0
85.409178,28.084172,0
85.409185,28.084168,0
85.409191,28.084164,0
85.409197,28.084159,0
85.409201,28.084155,0
85.409206,28.084153,0
85.409211,28.084151,0
85.409217,28.084149,0
85.409224,28.084147,0
85.409229,28.084144,0
85.409234,28.084141,0
85.409239,28.084139,0
85.409244,28.084136,0
85.409249,28.084132,0
85.409253,28.084129,0
85.409257,28.084126,0
85.409261,28.084122,0
85.409265,28.084118,0
85.409271,28.084114,0
85.409276,28.08411,0
85.409281,28.084105,0
85.409286,28.084099,0
85.409291,28.084095,0
85.409295,28.08409,0
85.409299,28.084086,0
85.409305,28.084077,0
85.40931,28.084072,0
85.409312,28.08407,0
85.409317,28.084066,0
85.409323,28.084061,0
85.409332,28.084056,0
85.409341,28.08405,0
85.409351,28.084045,0
85.409361,28.084039,0
85.409371,28.084033,0
85.40938,28.084028,0
85.4094,28.084018,0
85.409398,28.084015,0
85.409403,28.084015,0
85.409406,28.084015,0
85.409413,28.084015,0
85.409423,28.084013,0
85.409435,28.084011,0
85.409448,28.084009,0
85.409461,28.084006,0
85.409474,28.084005,0
85.409488,28.084003,0
85.409501,28.084001,0
85.409513,28.083999,0
85.409523,28.083996,0
85.409533,28.083995,0
85.409542,28.083996,0
85.409551,28.083997,0
85.40956,28.083997,0
85.409568,28.083996,0
85.409576,28.083992,0
85.409582,28.083987,0
85.409588,28.083982,0
85.409594,28.083978,0
85.4096,28.083974,0
85.409607,28.08397,0
85.409612,28.083965,0
85.409619,28.08396,0
85.409626,28.083956,0
85.409631,28.083952,0
85.409636,28.083949,0
85.409641,28.083945,0
85.409646,28.083943,0
85.409649,28.083941,0
85.409652,28.083938,0
85.409655,28.083936,0
85.409658,28.083933,0
85.40966,28.083931,0
85.409663,28.083927,0
85.409665,28.083923,0
85.409668,28.083919,0
85.409673,28.083914,0
85.409677,28.08391,0
85.409682,28.083906,0
85.409687,28.083903,0
85.409692,28.0839,0
85.409696,28.083897,0
85.409701,28.083894,0
85.409706,28.083892,0
85.409709,28.08389,0
85.409712,28.083888,0
85.409714,28.083885,0
85.409716,28.083881,0
85.409717,28.083877,0
85.409719,28.083875,0
85.409722,28.083872,0
85.409728,28.083868,0
85.409733,28.083863,0
85.409736,28.083857,0
85.40974,28.083851,0
85.409742,28.083845,0
85.409743,28.083837,0
85.409744,28.083831,0
85.409745,28.083825,0
85.409747,28.083819,0
85.409748,28.083815,0
85.40975,28.08381,0
85.409749,28.083813,0
85.409747,28.083819,0
85.409745,28.083828,0
85.409744,28.083838,0
85.409744,28.083848,0
85.409745,28.083858,0
85.409747,28.083866,0
85.409749,28.083874,0
85.409753,28.083882,0
85.409758,28.08389,0
85.409763,28.083897,0
85.40977,28.083902,0
85.409777,28.083908,0
85.409785,28.083912,0
85.409794,28.083915,0
85.409802,28.083916,0
85.409811,28.083917,0
85.409819,28.083915,0
85.409826,28.083912,0
85.409831,28.08391,0
85.409848,28.083907,0
85.409848,28.083906,0
85.409835,28.083904,0
85.409834,28.083903,0
85.409831,28.0839,0
85.409827,28.083895,0
85.409824,28.083893,0
85.409821,28.083893,0
85.409819,28.083897,0
85.409816,28.0839,0
85.409814,28.083905,0
85.409811,28.083908,0
85.409808,28.083919,0
85.40981,28.083921,0
85.409813,28.083924,0
85.409812,28.083923,0
85.409812,28.083922,0
85.40981,28.083917,0
85.40981,28.083916,0
85.409811,28.083915,0
85.409811,28.083912,0
85.409812,28.083909,0
85.409811,28.083905,0
85.409808,28.083902,0
85.409805,28.083897,0
85.409802,28.083893,0
85.409801,28.083889,0
85.409795,28.083889,0
85.409792,28.083881,0
85.409796,28.083881,0
85.409799,28.083882,0
85.409805,28.083885,0
85.409811,28.083891,0
85.409816,28.083897,0
85.409821,28.083903,0
85.409824,28.083907,0
85.409827,28.08391,0
85.409829,28.083912,0
85.40983,28.083914,0
85.409829,28.083916,0
85.409822,28.083911,0
85.409821,28.083907,0
85.40982,28.083902,0
85.40982,28.083897,0
85.40982,28.083891,0
85.409827,28.083881,0
85.409829,28.083883,0
85.409832,28.083885,0
85.409833,28.083884,0
85.40983,28.083882,0
85.409825,28.083883,0
85.409817,28.08388,0
85.409807,28.083877,0
85.409802,28.083877,0
85.4098,28.083882,0
85.4098,28.083884,0
85.4098,28.083887,0
85.409801,28.08389,0
85.409802,28.083892,0
85.409803,28.083893,0
85.409804,28.083892,0
85.409807,28.083886,0
85.409806,28.083887,0
85.409803,28.083887,0
85.409795,28.083884,0
85.409787,28.083882,0
85.409781,28.083879,0
85.409767,28.083871,0
85.409767,28.08387,0
85.409766,28.083868,0
85.409766,28.083863,0
85.409766,28.083857,0
85.409766,28.08385,0
85.409764,28.083843,0
85.409762,28.083838,0
85.409758,28.083833,0
85.409754,28.083829,0
85.409749,28.083827,0
85.409744,28.083826,0
85.409739,28.083827,0
85.409736,28.083828,0
85.40973,28.083827,0
85.409725,28.083824,0
85.409729,28.083823,0
85.409735,28.083822,0
85.409742,28.08382,0
85.40975,28.083818,0
85.409758,28.083814,0
85.409766,28.083812,0
85.409774,28.083809,0
85.409782,28.083807,0
85.409789,28.083805,0
85.409796,28.083801,0
85.4098,28.083798,0
85.409813,28.083793,0
85.409817,28.083789,0
85.40981,28.083796,0
85.409806,28.083796,0
85.4098,28.083799,0
85.409791,28.083802,0
85.409782,28.083806,0
85.409773,28.083808,0
85.409766,28.083812,0
85.40976,28.083816,0
85.409756,28.083822,0
85.409753,28.083827,0
85.409753,28.083832,0
85.409754,28.083836,0
85.409756,28.083838,0
85.409758,28.08384,0
85.40977,28.083843,0
85.40978,28.083834,0
85.409777,28.083832,0
85.409772,28.083828,0
85.409763,28.083822,0
85.409754,28.083816,0
85.409745,28.08381,0
85.409736,28.083809,0
85.409729,28.083809,0
85.409724,28.083808,0
85.409704,28.083816,0
85.409705,28.083815,0
85.409709,28.083814,0
85.409713,28.083815,0
85.409718,28.083817,0
85.409726,28.083819,0
85.409755,28.083828,0
85.409757,28.083829,0
85.409766,28.083834,0
85.409777,28.083836,0
85.409714,28.083823,0
85.409723,28.083824,0
85.409737,28.083832,0
85.409751,28.083844,0
85.409756,28.083849,0
85.409753,28.083849,0
85.409749,28.083849,0
85.409745,28.083849,0
85.409741,28.083847,0
85.409727,28.083843,0
85.409725,28.083842,0
85.40972,28.08384,0
85.409714,28.083839,0
85.4097,28.083836,0
85.409697,28.083813,0
85.409695,28.083801,0
85.409696,28.0838,0
85.409698,28.083799,0
85.409699,28.083798,0
85.409704,28.083791,0
85.409709,28.083794,0
85.409709,28.083796,0
85.409709,28.083808,0
85.40969,28.083798,0
85.409687,28.083798,0
85.40969,28.083798,0
85.409691,28.083797,0
85.409694,28.083795,0
85.409697,28.083793,0
85.409707,28.083791,0
85.40971,28.083791,0
85.409714,28.083791,0
85.409717,28.083789,0
85.40972,28.083788,0
85.409734,28.083788,0
85.409742,28.083788,0
85.409749,28.083793,0
85.40975,28.083793,0
85.409751,28.083794,0
85.409752,28.083796,0
85.409753,28.083799,0
85.409751,28.083799,0
85.409748,28.0838,0
85.409746,28.083802,0
85.409743,28.083804,0
85.40974,28.083807,0
85.409745,28.083811,0
85.409754,28.083811,0
85.409755,28.083811,0
85.409755,28.083808,0
85.409747,28.083801,0
85.409742,28.083799,0
85.409739,28.083798,0
85.409735,28.083796,0
85.409719,28.083789,0
85.409707,28.083783,0
85.409706,28.083783,0
85.409702,28.083786,0
85.409701,28.083791,0
85.4097,28.083791,0
85.409697,28.083796,0
85.409696,28.083804,0
85.409701,28.083804,0
85.409704,28.083801,0
85.409705,28.0838,0
85.409706,28.0838,0
85.409719,28.0838,0
85.40972,28.0838,0
85.409716,28.083791,0
85.409716,28.08379,0
85.409714,28.083785,0
85.409713,28.083784,0
85.409709,28.083785,0
85.409708,28.083785,0
85.409697,28.08378,0
85.409697,28.083779,0
85.409698,28.083777,0
85.409701,28.083768,0
85.409702,28.083763,0
85.409699,28.083765,0
85.409698,28.083766,0
85.409696,28.083768,0
85.409693,28.083772,0
85.40969,28.083776,0
85.409687,28.083781,0
85.409684,28.083786,0
85.409672,28.083811,0
85.409672,28.083813,0
85.409676,28.08381,0
85.409677,28.083807,0
85.409678,28.083804,0
85.409679,28.0838,0
85.409681,28.083796,0
85.409689,28.083788,0
85.40969,28.083788,0
85.409692,28.083787,0
85.409693,28.083786,0
85.409694,28.083783,0
85.409701,28.083775,0
85.409701,28.083773,0
85.409703,28.08377,0
85.409705,28.083768,0
85.409708,28.083765,0
85.409719,28.08376,0
85.40972,28.08376,0
85.409722,28.083759,0
85.409727,28.083751,0
85.409724,28.083745,0
85.409722,28.083746,0
85.409722,28.083747,0
85.40972,28.083749,0
85.409718,28.083752,0
85.409696,28.083768,0
85.409696,28.083769,0
85.409695,28.083772,0
85.409694,28.083775,0
85.409692,28.083779,0
85.40969,28.083782,0
85.409688,28.083786,0
85.409686,28.083789,0
85.409683,28.083794,0
85.409681,28.083798,0
85.409679,28.083803,0
85.409679,28.083802,0
85.409681,28.083801,0
85.409683,28.083798,0
85.409686,28.083795,0
85.40969,28.083792,0
85.409693,28.083788,0
85.409704,28.083778,0
85.409704,28.083777,0
85.409709,28.083765,0
85.409687,28.083753,0
85.409684,28.083755,0
85.409681,28.083749,0
85.409675,28.083735,0
85.409672,28.083722,0
85.409668,28.083711,0
85.409665,28.083703,0
85.409662,28.083703,0
85.40966,28.083715,0
85.409657,28.083732,0
85.409654,28.083746,0
85.409653,28.083762,0
85.409658,28.083761,0
85.409661,28.08376,0
85.409691,28.08375,0
85.409684,28.083743,0
85.409673,28.08375,0
85.409676,28.083755,0
85.409686,28.08376,0
85.409687,28.083759,0
85.409688,28.083758,0
85.409689,28.083757,0
85.409696,28.083728,0
85.409701,28.08373,0
85.409701,28.083723,0
85.409699,28.08372,0
85.409698,28.083683,0
85.409697,28.083682,0
85.409686,28.083677,0
85.409685,28.083677,0
85.409683,28.083681,0
85.40968,28.083686,0
85.409677,28.083692,0
85.409673,28.083696,0
85.40967,28.0837,0
85.409668,28.083703,0
85.409648,28.083707,0
85.409648,28.083735,0
85.40965,28.083736,0
85.409796,28.083803,0
85.409795,28.083804,0
85.409793,28.083805,0
85.409788,28.083805,0
85.409789,28.083805,0
85.409792,28.083806,0
85.409809,28.083803,0
85.409812,28.083803,0
85.409817,28.083803,0
85.409822,28.083803,0
85.409826,28.0838,0
85.40983,28.083798,0
85.409839,28.083798,0
85.409841,28.083802,0
85.409846,28.083808,0
85.409841,28.08381,0
85.409841,28.083808,0
85.409841,28.083806,0
85.409858,28.083802,0
85.409858,28.083807,0
85.409858,28.083816,0
85.409859,28.083828,0
85.40986,28.083841,0
85.409862,28.083863,0
85.409866,28.083895,0
85.409863,28.083916,0
85.40986,28.083941,0
85.409851,28.083955,0
85.409841,28.083959,0
85.409825,28.083957,0
85.409818,28.083954,0
85.409829,28.08395,0
85.409843,28.083947,0
85.409856,28.083948,0
85.409876,28.083941,0
85.409895,28.083936,0
85.409966,28.083942,0
85.409972,28.083937,0
85.409972,28.083933,0
85.409967,28.083944,0
85.409952,28.083945,0
85.409941,28.083932,0
85.409936,28.083916,0
85.409871,28.083863,0
85.409857,28.083865,0
85.409844,28.083868,0
85.409826,28.083875,0
85.40981,28.08389,0
85.409783,28.083908,0
85.40977,28.083921,0
85.409762,28.08393,0
85.409762,28.083934,0
85.409753,28.083931,0
85.409744,28.083929,0
85.409742,28.083923,0
85.40974,28.083918,0
85.409747,28.083915,0
85.40977,28.083916,0
85.409795,28.083915,0
85.409821,28.083912,0
85.409883,28.083902,0
85.409888,28.083904,0
85.409906,28.083913,0
85.409902,28.083915,0
85.409893,28.083917,0
85.409879,28.08392,0
85.409864,28.083923,0
85.409858,28.083926,0
85.409855,28.083928,0
85.409845,28.083933,0
85.409843,28.083934,0
85.409845,28.083935,0
85.409847,28.083936,0
85.409849,28.083937,0
85.409851,28.08394,0
85.409849,28.083944,0
85.409848,28.083949,0
85.409846,28.083953,0
85.409841,28.083957,0
85.409838,28.08396,0
85.40983,28.083963,0
85.409823,28.083966,0
85.40982,28.08397,0
85.40982,28.083969,0
85.409824,28.08397,0
85.409833,28.08397,0
85.409844,28.083969,0
85.409854,28.083968,0
85.409863,28.083966,0
85.409868,28.083965,0
85.40987,28.083966,0
85.409872,28.083969,0
85.409872,28.083974,0
85.409873,28.083977,0
85.409874,28.083979,0
85.409882,28.083977,0
85.40989,28.083974,0
85.409897,28.08397,0
85.409901,28.083966,0
85.409903,28.083962,0
85.409903,28.08396,0
85.409913,28.083948,0
85.409915,28.083947,0
85.409922,28.083943,0
85.409928,28.08394,0
85.409935,28.083938,0
85.40994,28.083938,0
85.409946,28.083938,0
85.40995,28.083941,0
85.409961,28.083938,0
85.40996,28.083937,0
85.40996,28.083936,0
85.409958,28.083935,0
85.409952,28.083936,0
85.409943,28.083937,0
85.409936,28.083932,0
85.409933,28.083927,0
85.409929,28.083925,0
85.409933,28.083923,0
85.409935,28.083922,0
85.409939,28.08392,0
85.409946,28.083917,0
85.409946,28.083914,0
85.409944,28.083911,0
85.409944,28.083909,0
85.409945,28.083909,0
85.40995,28.08391,0
85.409947,28.08391,0
85.409941,28.083919,0
85.409934,28.083931,0
85.409927,28.083938,0
85.409922,28.083945,0
85.409921,28.083951,0
85.40992,28.083958,0
85.409918,28.083964,0
85.409917,28.083963,0
85.409915,28.083964,0
85.409913,28.083962,0
85.409911,28.083961,0
85.40992,28.083935,0
85.409922,28.083933,0
85.409923,28.083927,0
85.409915,28.08391,0
85.409915,28.083905,0
85.409913,28.083899,0
85.409918,28.083892,0
85.409922,28.08389,0
85.409927,28.083888,0
85.409933,28.083884,0
85.40994,28.08388,0
85.409949,28.083874,0
85.409954,28.083869,0
85.409957,28.08386,0
85.40996,28.083852,0
85.409965,28.083843,0
85.409968,28.083836,0
85.409968,28.083829,0
85.409968,28.083823,0
85.409968,28.08382,0
85.409965,28.083818,0
85.409963,28.083816,0
85.409959,28.083814,0
85.409956,28.083814,0
85.409953,28.083815,0
85.409948,28.083816,0
85.409944,28.083814,0
85.409943,28.083809,0
85.409942,28.083805,0
85.409943,28.083802,0
85.409943,28.0838,0
85.409945,28.083799,0
85.409947,28.083802,0
85.409944,28.083805,0
85.409941,28.083807,0
85.409938,28.083803,0
85.409933,28.083794,0
85.409928,28.083794,0
85.409918,28.083793,0
85.409905,28.083794,0
85.409892,28.083798,0
85.40988,28.08381,0
85.409868,28.083808,0
85.409853,28.083805,0
85.409845,28.083803,0
85.409834,28.083797,0
85.409821,28.083796,0
85.40981,28.083796,0
85.409782,28.08379,0
85.409781,28.083791,0
85.409768,28.083795,0
85.409767,28.083794,0
85.409765,28.083792,0
85.409764,28.083789,0
85.409764,28.083787,0
85.409765,28.083786,0
85.409767,28.08379,0
85.409767,28.083791,0
85.409766,28.083796,0
85.409764,28.083802,0
85.409766,28.083808,0
85.409769,28.083812,0
85.409773,28.083815,0
85.409775,28.083818,0
85.409775,28.08382,0
85.409774,28.083819,0
85.409774,28.083815,0
85.409772,28.083812,0
85.409771,28.083808,0
85.409768,28.083806,0
85.409762,28.083806,0
85.409756,28.083805,0
85.40975,28.083804,0
85.409746,28.083802,0
85.409732,28.083797,0
85.409732,28.083802,0
85.409732,28.083806,0
85.409734,28.083814,0
85.409736,28.083824,0
85.409738,28.083836,0
85.409738,28.083848,0
85.409736,28.08386,0
85.409732,28.083872,0
85.409727,28.083885,0
85.409724,28.083897,0
85.409723,28.083907,0
85.409723,28.083915,0
85.409724,28.083923,0
85.409726,28.08393,0
85.409729,28.083935,0
85.40973,28.08394,0
85.409732,28.083945,0
85.409733,28.08395,0
85.409734,28.083956,0
85.409734,28.083963,0
85.409733,28.083969,0
85.409732,28.083976,0
85.409729,28.083982,0
85.409726,28.083987,0
85.409722,28.083993,0
85.409719,28.083999,0
85.409718,28.084005,0
85.409719,28.084011,0
85.409722,28.084016,0
85.409727,28.084022,0
85.409733,28.084027,0
85.409739,28.084032,0
85.409744,28.084038,0
85.409748,28.084044,0
85.40975,28.084049,0
85.409752,28.084054,0
85.409753,28.08406,0
85.409754,28.084065,0
85.409755,28.084071,0
85.409755,28.084077,0
85.409754,28.084083,0
85.409752,28.084088,0
85.40975,28.084092,0
85.409744,28.084106,0
85.409743,28.084106,0
85.409741,28.084108,0
85.409738,28.084111,0
85.409734,28.084114,0
85.409729,28.084117,0
85.409725,28.084122,0
85.409723,28.084127,0
85.409722,28.084133,0
85.409722,28.084139,0
85.409722,28.084144,0
85.409722,28.08415,0
85.409723,28.084155,0
85.409726,28.084159,0
85.409729,28.084163,0
85.409733,28.084166,0
85.409738,28.084169,0
85.409743,28.08417,0
85.409755,28.084174,0
85.409767,28.084181,0
85.409764,28.084185,0
85.409758,28.084192,0
85.40975,28.084201,0
85.409741,28.084212,0
85.409731,28.084224,0
85.40972,28.084236,0
85.40971,28.084249,0
85.409702,28.084263,0
85.409695,28.084278,0
85.40969,28.08429,0
85.409685,28.0843,0
85.40968,28.084308,0
85.409675,28.084317,0
85.409671,28.084325,0
85.409667,28.084332,0
85.409662,28.084339,0
85.409658,28.084347,0
85.409654,28.084355,0
85.409649,28.084362,0
85.409644,28.084368,0
85.409638,28.084373,0
85.409631,28.084378,0
85.409622,28.084383,0
85.409615,28.084388,0
85.409607,28.084393,0
85.4096,28.084397,0
85.409593,28.084401,0
85.409587,28.084405,0
85.409581,28.084407,0
85.409574,28.084409,0
85.409567,28.084412,0
85.409559,28.084414,0
85.409549,28.084416,0
85.409539,28.084419,0
85.40953,28.084422,0
85.409521,28.084426,0
85.409514,28.084431,0
85.409507,28.084435,0
85.409501,28.084439,0
85.409494,28.084443,0
85.409487,28.084448,0
85.409481,28.084453,0
85.409475,28.084458,0
85.409468,28.084462,0
85.409463,28.084466,0
85.409457,28.08447,0
85.409452,28.084474,0
85.409447,28.084478,0
85.409442,28.084482,0
85.409436,28.084485,0
85.409429,28.084489,0
85.409423,28.084493,0
85.40942,28.084497,0
85.409419,28.084501,0
85.409419,28.084505,0
85.409419,28.084508,0
85.40942,28.084512,0
85.409419,28.084516,0
85.409419,28.08452,0
85.409417,28.084524,0
85.409413,28.084527,0
85.409409,28.08453,0
85.409404,28.084534,0
85.4094,28.084538,0
85.409394,28.084542,0
85.40939,28.084546,0
85.409385,28.084549,0
85.40938,28.084552,0
85.409374,28.084555,0
85.409367,28.084558,0
85.409361,28.084561,0
85.409354,28.084564,0
85.409348,28.084567,0
85.409342,28.08457,0
85.409336,28.084573,0
85.409331,28.084577,0
85.409325,28.084581,0
85.40932,28.084585,0
85.409314,28.08459,0
85.409308,28.084594,0
85.409303,28.084598,0
85.409298,28.084603,0
85.409292,28.084607,0
85.409287,28.084611,0
85.409283,28.084615,0
85.409284,28.08462,0
85.409286,28.084623,0
85.409289,28.084626,0
85.409292,28.084628,0
85.409296,28.08463,0
85.409302,28.084633,0
85.409307,28.084634,0
85.409312,28.084636,0
85.409316,28.084637,0
85.409321,28.084637,0
85.409324,28.084639,0
85.409329,28.084641,0
85.409334,28.084643,0
85.409338,28.084644,0
85.409342,28.084644,0
85.409346,28.084645,0
85.409349,28.084647,0
85.409352,28.084649,0
85.409355,28.084652,0
85.409357,28.084655,0
85.40936,28.084658,0
85.409363,28.084662,0
85.409365,28.084666,0
85.409369,28.084669,0
85.409372,28.084672,0
85.409376,28.084674,0
85.409388,28.084676,0
85.409398,28.084672,0
85.409398,28.084673,0
85.4094,28.084674,0
85.409401,28.084676,0
85.409404,28.08468,0
85.40941,28.084684,0
85.409416,28.08469,0
85.409424,28.084696,0
85.409432,28.084701,0
85.40944,28.084707,0
85.409447,28.084714,0
85.409453,28.084722,0
85.409459,28.084731,0
85.409466,28.084739,0
85.40947,28.084745,0
85.409471,28.084751,0
85.409471,28.084756,0
85.409471,28.084762,0
85.409471,28.084766,0
85.409471,28.08477,0
85.409473,28.084786,0
85.409474,28.084788,0
85.409478,28.084794,0
85.40948,28.084796,0
85.409479,28.084804,0
85.409477,28.084805,0
85.409474,28.084806,0
85.409471,28.084809,0
85.40947,28.084811,0
85.409468,28.084814,0
85.409469,28.084818,0
85.409471,28.084822,0
85.409474,28.084824,0
85.409479,28.084836,0
85.409478,28.084836,0
85.409478,28.084838,0
85.409478,28.084841,0
85.409479,28.084849,0
85.409476,28.084847,0
85.409471,28.084854,0
85.409468,28.084856,0
85.409464,28.08486,0
85.409457,28.084866,0
85.409449,28.084872,0
85.40944,28.084879,0
85.409431,28.084886,0
85.409422,28.084893,0
85.409414,28.084899,0
85.409404,28.084906,0
85.409398,28.084911,0
85.409384,28.084934,0
85.409386,28.084936,0
85.409389,28.08494,0
85.409393,28.084945,0
85.409399,28.084951,0
85.409403,28.084958,0
85.409408,28.084965,0
85.409412,28.084973,0
85.409415,28.084981,0
85.409421,28.08499,0
85.409426,28.084996,0
85.409431,28.085,0
85.409437,28.085004,0
85.409443,28.085006,0
85.409448,28.085009,0
85.409451,28.085012,0
85.409453,28.085014,0
85.409453,28.085018,0
85.409453,28.085021,0
85.409451,28.085025,0
85.409448,28.085029,0
85.409445,28.085033,0
85.409443,28.085038,0
85.409444,28.085041,0
85.409445,28.085044,0
85.409447,28.085047,0
85.40945,28.08505,0
85.409453,28.085053,0
85.40945,28.085062,0
85.409443,28.085059,0
85.409444,28.085059,0
85.409445,28.085061,0
85.409446,28.085062,0
85.409447,28.085065,0
85.409447,28.085072,0
85.409446,28.085082,0
85.409447,28.085093,0
85.40945,28.085104,0
85.409453,28.085114,0
85.409456,28.085124,0
85.409457,28.085135,0
85.409457,28.085145,0
85.409456,28.085155,0
85.409456,28.085164,0
85.409456,28.085171,0
85.409458,28.085177,0
85.40946,28.085182,0
85.409464,28.085188,0
85.409468,28.085191,0
85.409474,28.085194,0
85.409481,28.085197,0
85.409487,28.085199,0
85.409493,28.0852,0
85.409498,28.085201,0
85.409504,28.085203,0
85.409509,28.085206,0
85.409513,28.085208,0
85.409516,28.08521,0
85.409519,28.085214,0
85.40952,28.085217,0
85.40952,28.085221,0
85.409519,28.085225,0
85.409518,28.085229,0
85.409517,28.085233,0
85.409515,28.085237,0
85.409512,28.085241,0
85.40951,28.085245,0
85.409509,28.085248,0
85.409509,28.085252,0
85.409511,28.085255,0
85.409514,28.085257,0
85.409517,28.085259,0
85.40952,28.085261,0
85.409524,28.085262,0
85.409529,28.085262,0
85.409535,28.085263,0
85.409551,28.085259,0
85.409551,28.08526,0
85.409551,28.085263,0
85.409549,28.085267,0
85.409548,28.085273,0
85.409547,28.08528,0
85.409546,28.085287,0
85.409547,28.085294,0
85.409549,28.085302,0
85.409552,28.08531,0
85.409555,28.085317,0
85.409561,28.085323,0
85.409566,28.085326,0
85.409571,28.085329,0
85.409577,28.085332,0
85.409582,28.085336,0
85.409589,28.085339,0
85.409595,28.085342,0
85.4096,28.085344,0
85.409604,28.085347,0
85.409609,28.085349,0
85.409614,28.085351,0
85.409619,28.085353,0
85.409623,28.085355,0
85.409628,28.085356,0
85.409632,28.085357,0
85.409636,28.085356,0
85.409645,28.085359,0
85.409646,28.08536,0
85.409648,28.085361,0
85.409651,28.085364,0
85.409656,28.085367,0
85.409659,28.085369,0
85.409693,28.085356,0
85.409694,28.085358,0
85.409698,28.085361,0
85.409703,28.085365,0
85.409707,28.08537,0
85.409711,28.085374,0
85.409714,28.085378,0
85.409718,28.085382,0
85.40972,28.085387,0
85.409723,28.085391,0
85.409731,28.085407,0
85.409733,28.085409,0
85.409736,28.085414,0
85.409739,28.085421,0
85.409745,28.08543,0
85.40975,28.085439,0
85.409756,28.085448,0
85.409761,28.085458,0
85.409766,28.085467,0
85.409769,28.085477,0
85.40977,28.085487,0
85.40977,28.085494,0
85.409768,28.085501,0
85.409766,28.085508,0
85.409763,28.085514,0
85.409761,28.08552,0
85.409762,28.085525,0
85.409764,28.085531,0
85.409768,28.085535,0
85.409773,28.085538,0
85.409778,28.085541,0
85.409784,28.085543,0
85.409789,28.085545,0
85.409796,28.085547,0
85.409803,28.085548,0
85.409808,28.085551,0
85.409813,28.085554,0
85.40982,28.085558,0
85.409827,28.085562,0
85.409833,28.085566,0
85.409838,28.085568,0
85.409845,28.08557,0
85.409851,28.085572,0
85.409856,28.085573,0
85.409841,28.085566,0
85.409843,28.085567,0
85.409847,28.085569,0
85.409853,28.085574,0
85.409862,28.085579,0
85.409871,28.085584,0
85.409881,28.08559,0
85.409892,28.085596,0
85.409903,28.085602,0
85.409913,28.085609,0
85.409921,28.085615,0
85.40993,28.08562,0
85.409939,28.085623,0
85.409947,28.085626,0
85.409954,28.085628,0
85.409961,28.085631,0
85.409968,28.085634,0
85.409975,28.085636,0
85.409981,28.08564,0
85.409988,28.085643,0
85.409994,28.085645,0
85.409999,28.085646,0
85.410005,28.085649,0
85.410009,28.085651,0
85.410014,28.085654,0
85.410019,28.085657,0
85.410024,28.08566,0
85.41003,28.085663,0
85.410035,28.085665,0
85.41004,28.085668,0
85.410046,28.085672,0
85.410051,28.085676,0
85.410057,28.085679,0
85.410063,28.085682,0
85.410069,28.085686,0
85.410075,28.085689,0
85.410081,28.085692,0
85.410086,28.085693,0
85.41009,28.085694,0
85.410092,28.085694,0
85.410085,28.085704,0
85.410084,28.085704,0
85.410068,28.085706,0
85.410061,28.085701,0
85.41007,28.085697,0
85.410073,28.085699,0
85.41008,28.085702,0
85.41009,28.085707,0
85.410101,28.085713,0
85.410114,28.08572,0
85.410127,28.085727,0
85.410142,28.085733,0
85.410156,28.08574,0
85.41017,28.085746,0
85.410181,28.085752,0
85.41019,28.085758,0
85.410198,28.085762,0
85.410205,28.085767,0
85.410211,28.085773,0
85.410216,28.085779,0
85.41022,28.085783,0
85.410225,28.085785,0
85.41023,28.085786,0
85.410243,28.085792,0
85.410243,28.085793,0
85.410242,28.085795,0
85.410242,28.085798,0
85.410241,28.085802,0
85.410242,28.085806,0
85.410243,28.08581,0
85.410244,28.085815,0
85.410246,28.085818,0
85.410253,28.085831,0
85.410254,28.085832,0
85.410255,28.085834,0
85.410257,28.085837,0
85.410259,28.08584,0
85.410263,28.085844,0
85.410265,28.085847,0
85.410271,28.085856,0
85.410261,28.085864,0
85.410264,28.085865,0
85.41027,28.085869,0
85.410277,28.085874,0
85.410285,28.085879,0
85.410294,28.085885,0
85.410302,28.085891,0
85.410311,28.085897,0
85.41032,28.085904,0
85.410328,28.085911,0
85.410336,28.085916,0
85.410342,28.085921,0
85.410347,28.085925,0
85.410351,28.085928,0
85.410355,28.085932,0
85.410358,28.085935,0
85.410362,28.085938,0
85.410366,28.08594,0
85.41037,28.085943,0
85.410374,28.085945,0
85.410377,28.085947,0
85.41038,28.085949,0
85.410383,28.085951,0
85.410386,28.085953,0
85.410396,28.085962,0
85.410397,28.085963,0
85.410398,28.085964,0
85.410403,28.085969,0
85.410405,28.085976,0
85.410406,28.085977,0
85.410408,28.085979,0
85.41041,28.085981,0
85.410412,28.085984,0
85.410414,28.085987,0
85.410417,28.085991,0
85.410422,28.085996,0
85.410429,28.086003,0
85.410435,28.086009,0
85.410441,28.086016,0
85.410447,28.086023,0
85.410452,28.08603,0
85.410457,28.086037,0
85.410461,28.086045,0
85.410467,28.086052,0
85.410486,28.086046,0
85.410478,28.086041,0
85.410475,28.086041,0
85.410467,28.086044,0
85.410457,28.086048,0
85.410446,28.086052,0
85.410434,28.086056,0
85.410422,28.086061,0
85.41041,28.086066,0
85.410396,28.086073,0
85.410382,28.086078,0
85.410371,28.086083,0
85.410362,28.086086,0
85.410353,28.086091,0
85.410346,28.086094,0
85.41034,28.086098,0
85.410334,28.086101,0
85.410329,28.086104,0
85.410323,28.086106,0
85.410318,28.086108,0
85.410313,28.08611,0
85.410308,28.086113,0
85.410303,28.086115,0
85.410297,28.086117,0
85.410292,28.086119,0
85.410287,28.086121,0
85.410282,28.086123,0
85.410277,28.086126,0
85.410274,28.086129,0
85.410267,28.086134,0
85.410268,28.086099,0
85.410264,28.086101,0
85.410256,28.086106,0
85.410246,28.086112,0
85.410234,28.086119,0
85.410221,28.086127,0
85.410208,28.086136,0
85.410195,28.086145,0
85.410183,28.086155,0
85.410171,28.086164,0
85.410161,28.086172,0
85.410152,28.086178,0
85.410145,28.086184,0
85.410138,28.08619,0
85.410132,28.086195,0
85.410127,28.0862,0
85.41012,28.086204,0
85.410115,28.086208,0
85.410108,28.086211,0
85.410102,28.086214,0
85.410097,28.086217,0
85.410091,28.086221,0
85.410085,28.086225,0
85.41008,28.086229,0
85.410075,28.086232,0
85.410069,28.086236,0
85.410064,28.086238,0
85.41006,28.086242,0
85.410056,28.086246,0
85.410052,28.086249,0
85.410048,28.086253,0
85.410045,28.086256,0
85.410042,28.086259,0
85.41004,28.086262,0
85.410039,28.086272,0
85.41004,28.086261,0
85.410034,28.086261,0
85.41003,28.086263,0
85.410023,28.086266,0
85.410013,28.08627,0
85.410001,28.086274,0
85.409987,28.086278,0
85.409973,28.086283,0
85.409958,28.086288,0
85.409943,28.086294,0
85.409929,28.0863,0
85.409918,28.086305,0
85.40991,28.086309,0
85.409903,28.086312,0
85.409896,28.086314,0
85.409889,28.086315,0
85.409882,28.086318,0
85.409875,28.086321,0
85.409868,28.086323,0
85.409861,28.086324,0
85.409855,28.086326,0
85.409849,28.086328,0
85.409844,28.086329,0
85.409839,28.08633,0
85.409833,28.08633,0
85.409828,28.086332,0
85.409823,28.086335,0
85.40982,28.086339,0
85.409818,28.086343,0
85.409818,28.086349,0
85.409818,28.086353,0
85.409819,28.086358,0
85.409821,28.086363,0
85.409824,28.086368,0
85.409827,28.086373,0
85.40983,28.086377,0
85.409833,28.086381,0
85.409837,28.086384,0
85.40984,28.086388,0
85.409844,28.086391,0
85.409849,28.086394,0
85.409852,28.086397,0
85.409859,28.086407,0
85.40987,28.086402,0
85.409882,28.086394,0
85.409884,28.086395,0
85.409888,28.086398,0
85.409893,28.086402,0
85.409901,28.086407,0
85.409909,28.086411,0
85.409917,28.086416,0
85.409923,28.086421,0
85.409929,28.086427,0
85.409935,28.086435,0
85.409938,28.086442,0
85.40994,28.086448,0
85.409943,28.086453,0
85.409947,28.086459,0
85.409951,28.086464,0
85.409956,28.086469,0
85.40996,28.086472,0
85.409963,28.086476,0
85.409967,28.08648,0
85.409971,28.086483,0
85.409976,28.086485,0
85.409981,28.086488,0
85.409985,28.086491,0
85.409989,28.086492,0
85.409993,28.086495,0
85.409996,28.086499,0
85.41,28.086502,0
85.410005,28.086505,0
85.410009,28.086507,0
85.410022,28.086516,0
85.410021,28.086517,0
85.410014,28.086522,0
85.410013,28.086523,0
85.410011,28.086523,0
85.410009,28.086524,0
85.410005,28.086524,0
85.410002,28.086526,0
85.409997,28.086528,0
85.409993,28.086531,0
85.40999,28.086533,0
85.409979,28.086541,0
85.409978,28.086541,0
85.409976,28.086542,0
85.409973,28.086543,0
85.40997,28.086546,0
85.409966,28.086549,0
85.409963,28.086553,0
85.40996,28.086556,0
85.409958,28.086562,0
85.409956,28.086567,0
85.409955,28.086572,0
85.409957,28.086576,0
85.409958,28.086579,0
85.409961,28.086584,0
85.40996,28.086583,0
85.409962,28.086587,0
85.409964,28.08659,0
85.409968,28.086594,0
85.409973,28.0866,0
85.409979,28.086608,0
85.409984,28.086616,0
85.40999,28.086626,0
85.409995,28.086636,0
85.410001,28.086646,0
85.410006,28.086655,0
85.410011,28.086664,0
85.410017,28.086671,0
85.410022,28.086676,0
85.410028,28.08668,0
85.410033,28.086684,0
85.410038,28.086688,0
85.410044,28.08669,0
85.41005,28.086693,0
85.410056,28.086695,0
85.410061,28.086696,0
85.410066,28.086697,0
85.410076,28.086701,0
85.410075,28.086701,0
85.410074,28.086703,0
85.410072,28.086704,0
85.41007,28.086707,0
85.410068,28.086709,0
85.410059,28.086704,0
85.410058,28.086703,0
85.410056,28.086696,0
85.410052,28.086691,0
85.410051,28.08669,0
85.41005,28.086688,0
85.410049,28.086685,0
85.410047,28.086683,0
85.410046,28.086681,0
85.410034,28.086672,0
85.410031,28.086675,0
85.410025,28.086679,0
85.410017,28.086684,0
85.410005,28.086692,0
85.409994,28.086698,0
85.409983,28.086705,0
85.409973,28.086709,0
85.409962,28.086712,0
85.409951,28.086714,0
85.40994,28.086716,0
85.40993,28.086718,0
85.40992,28.086719,0
85.409912,28.08672,0
85.409905,28.086724,0
85.409897,28.086727,0
85.409889,28.086731,0
85.409881,28.086735,0
85.409874,28.086738,0
85.409868,28.086741,0
85.409862,28.086744,0
85.409857,28.086747,0
85.409853,28.086751,0
85.409849,28.086756,0
85.409845,28.086761,0
85.409842,28.086764,0
85.409837,28.086767,0
85.409832,28.086769,0
85.409826,28.086771,0
85.40982,28.086773,0
85.409814,28.086772,0
85.409807,28.086772,0
85.409799,28.086772,0
85.409792,28.086773,0
85.409784,28.086774,0
85.409777,28.086776,0
85.409769,28.086778,0
85.409762,28.086782,0
85.409755,28.086785,0
85.409748,28.086789,0
85.409741,28.086791,0
85.409734,28.086794,0
85.409727,28.086795,0
85.409718,28.086795,0
85.409711,28.086795,0
85.409704,28.086795,0
85.409698,28.086793,0
85.409693,28.086792,0
85.409688,28.08679,0
85.409682,28.086788,0
85.409676,28.086786,0
85.40967,28.086784,0
85.409665,28.086782,0
85.40966,28.086781,0
85.409655,28.086779,0
85.409651,28.086778,0
85.409646,28.086778,0
85.409643,28.086779,0
85.409643,28.086776,0
85.409644,28.086774,0
85.409644,28.086769,0
85.409638,28.086766,0
85.409634,28.086765,0
85.409626,28.086762,0
85.409615,28.086758,0
85.409602,28.086753,0
85.40959,28.086748,0
85.409579,28.086744,0
85.409568,28.08674,0
85.409559,28.086735,0
85.409551,28.086731,0
85.409531,28.086724,0
85.409528,28.086725,0
85.409522,28.086725,0
85.409514,28.086726,0
85.409502,28.086726,0
85.409491,28.086728,0
85.409479,28.086731,0
85.409466,28.086733,0
85.409453,28.086736,0
85.409439,28.086738,0
85.409427,28.08674,0
85.409416,28.086741,0
85.409405,28.086742,0
85.409394,28.086741,0
85.409385,28.086741,0
85.409376,28.086741,0
85.409368,28.086741,0
85.409362,28.086741,0
85.40935,28.086746,0
85.409345,28.086744,0
85.409342,28.086744,0
85.409335,28.086743,0
85.409327,28.086741,0
85.409318,28.08674,0
85.409306,28.086737,0
85.409294,28.086735,0
85.409282,28.086732,0
85.40927,28.086729,0
85.409258,28.086727,0
85.409249,28.086725,0
85.409242,28.086724,0
85.409236,28.086725,0
85.409231,28.086727,0
85.409227,28.086729,0
85.409213,28.086734,0
85.409212,28.086734,0
85.409209,28.086735,0
85.409206,28.086734,0
85.409202,28.086734,0
85.409198,28.086734,0
85.409194,28.086733,0
85.409189,28.086734,0
85.409184,28.086734,0
85.409168,28.086734,0
85.409166,28.086735,0
85.409162,28.086735,0
85.409158,28.086735,0
85.409154,28.086736,0
85.40915,28.086737,0
85.409146,28.086739,0
85.409143,28.08674,0
85.40914,28.086741,0
85.409136,28.086743,0
85.409132,28.086746,0
85.409129,28.086748,0
85.409126,28.086749,0
85.409122,28.086751,0
85.409118,28.086753,0
85.409114,28.086755,0
85.409111,28.086757,0
85.409109,28.086759,0
85.409107,28.086764,0
85.409106,28.086768,0
85.409106,28.086773,0
85.409105,28.086777,0
85.409103,28.086781,0
85.4091,28.086785,0
85.409096,28.086788,0
85.409094,28.086792,0
85.409092,28.086795,0
85.40909,28.086799,0
85.409088,28.086802,0
85.409088,28.086806,0
85.409087,28.086809,0
85.409085,28.086814,0
85.409082,28.086818,0
85.40908,28.086821,0
85.409077,28.086823,0
85.409074,28.086825,0
85.409062,28.086833,0
85.409067,28.086841,0
85.409077,28.086843,0
85.409077,28.086842,0
85.409083,28.086833,0
85.409083,28.086829,0
85.409083,28.086834,0
85.409085,28.086839,0
85.409075,28.086839,0
85.409072,28.086837,0
85.409066,28.086833,0
85.409058,28.086827,0
85.409048,28.08682,0
85.409038,28.086813,0
85.409029,28.086804,0
85.409019,28.086795,0
85.40901,28.086787,0
85.409,28.086778,0
85.40899,28.086771,0
85.408981,28.086766,0
85.408972,28.086762,0
85.408964,28.086759,0
85.408955,28.086756,0
85.408948,28.086752,0
85.408941,28.086749,0
85.408935,28.086744,0
85.408928,28.086741,0
85.408922,28.086737,0
85.408915,28.086733,0
85.408909,28.086731,0
85.408903,28.086729,0
85.408896,28.086726,0
85.408889,28.086724,0
85.408882,28.086721,0
85.408876,28.086719,0
85.40887,28.086716,0
85.408863,28.086715,0
85.408857,28.086712,0
85.408851,28.086711,0
85.408845,28.08671,0
85.40884,28.08671,0
85.40884,28.086711,0
85.408839,28.086705,0
85.408838,28.086705,0
85.408836,28.086705,0
85.408833,28.086704,0
85.40883,28.086704,0
85.408819,28.086701,0
85.408814,28.086701,0
85.408809,28.086698,0
85.408805,28.086696,0
85.408814,28.086703,0
85.408835,28.086701,0
85.408836,28.086701,0
85.408839,28.086701,0
85.408844,28.086702,0
85.40885,28.086703,0
85.408857,28.086704,0
85.408865,28.086705,0
85.408874,28.086707,0
85.408884,28.086708,0
85.408894,28.086709,0
85.408912,28.086708,0
85.408909,28.086706,0
85.408904,28.086706,0
85.4089,28.086705,0
85.408897,28.086703,0
85.408896,28.086702,0
85.408894,28.086698,0
85.408892,28.086698,0
85.408888,28.086698,0
85.408885,28.086697,0
85.408881,28.086697,0
85.408876,28.086697,0
85.408871,28.086697,0
85.408867,28.086696,0
85.408862,28.086696,0
85.408858,28.086695,0
85.408854,28.086695,0
85.408844,28.086686,0
85.408842,28.086681,0
85.408847,28.086686,0
85.408849,28.086685,0
85.408853,28.086684,0
85.408858,28.086685,0
85.408865,28.086687,0
85.408874,28.086689,0
85.408882,28.086692,0
85.408891,28.086694,0
85.408898,28.086694,0
85.408919,28.086696,0
85.40892,28.086698,0
85.408926,28.086703,0
85.408934,28.08671,0
85.408945,28.086718,0
85.408957,28.086725,0
85.408969,28.086734,0
85.408981,28.086743,0
85.408995,28.086753,0
85.40901,28.086762,0
85.409023,28.08677,0
85.409034,28.086778,0
85.409044,28.086785,0
85.409053,28.086792,0
85.409061,28.086798,0
85.409081,28.086813,0
85.409083,28.086812,0
85.409085,28.086811,0
85.409088,28.086809,0
85.409088,28.086805,0
85.409089,28.0868,0
85.40909,28.086796,0
85.409092,28.086792,0
85.409096,28.086788,0
85.409097,28.086784,0
85.409098,28.08678,0
85.4091,28.086776,0
85.409102,28.086772,0
85.409109,28.086762,0
85.409109,28.086761,0
85.409109,28.086759,0
85.409109,28.086755,0
85.40911,28.086751,0
85.40911,28.086747,0
85.409111,28.086743,0
85.409112,28.08674,0
85.409114,28.086737,0
85.409116,28.086734,0
85.409118,28.086733,0
85.40912,28.086732,0
85.409124,28.086731,0
85.409126,28.08673,0
85.409129,28.086728,0
85.409133,28.086726,0
85.409136,28.086724,0
85.409139,28.086723,0
85.409144,28.086721,0
85.409148,28.08672,0
85.409151,28.08672,0
85.409155,28.08672,0
85.409159,28.086719,0
85.409164,28.086718,0
85.409168,28.086718,0
85.409173,28.086718,0
85.409179,28.08672,0
85.409185,28.086721,0
85.409191,28.086723,0
85.409198,28.086724,0
85.409204,28.086725,0
85.40921,28.086724,0
85.409215,28.086723,0
85.40922,28.086721,0
85.409224,28.08672,0
85.409229,28.086719,0
85.409234,28.086717,0
85.40924,28.086717,0
85.409246,28.086717,0
85.409253,28.086719,0
85.409258,28.086721,0
85.409265,28.086723,0
85.40927,28.086726,0
85.409284,28.086728,0
85.409292,28.086718,0
85.409295,28.086719,0
85.409303,28.086719,0
85.409312,28.086719,0
85.409324,28.086718,0
85.409335,28.086716,0
85.409346,28.086715,0
85.40936,28.086715,0
85.409374,28.086714,0
85.409388,28.086712,0
85.409401,28.086712,0
85.409412,28.086711,0
85.409423,28.08671,0
85.409432,28.086709,0
85.409442,28.086708,0
85.40945,28.086707,0
85.409459,28.086706,0
85.409468,28.086706,0
85.409476,28.086704,0
85.409482,28.086703,0
85.409497,28.086699,0
85.409498,28.086697,0
85.409502,28.086698,0
85.409508,28.086699,0
85.409515,28.0867,0
85.409521,28.0867,0
85.409528,28.0867,0
85.409535,28.086701,0
85.409543,28.086703,0
85.409552,28.086704,0
85.409559,28.086706,0
85.409565,28.08671,0
85.409571,28.086714,0
85.409578,28.086719,0
85.409585,28.086723,0
85.409592,28.086726,0
85.4096,28.086728,0
85.409608,28.08673,0
85.409616,28.086731,0
85.409625,28.086733,0
85.409634,28.086735,0
85.409643,28.086737,0
85.409653,28.086739,0
85.409662,28.086742,0
85.409671,28.086746,0
85.409681,28.086751,0
85.409691,28.086756,0
85.4097,28.08676,0
85.40971,28.086764,0
85.409721,28.086766,0
85.40973,28.086766,0
85.409739,28.086765,0
85.409747,28.086764,0
85.409755,28.086761,0
85.409763,28.08676,0
85.40977,28.086758,0
85.409779,28.086756,0
85.409787,28.086756,0
85.409796,28.086756,0
85.409805,28.086756,0
85.409815,28.086756,0
85.409824,28.086756,0
85.409833,28.086756,0
85.409841,28.086754,0
85.409849,28.086752,0
85.409857,28.086751,0
85.409866,28.086749,0
85.409874,28.086745,0
85.409881,28.086741,0
85.409889,28.086737,0
85.409897,28.086732,0
85.409905,28.086728,0
85.409913,28.086723,0
85.409921,28.086719,0
85.40993,28.086716,0
85.409938,28.086714,0
85.409947,28.086713,0
85.409954,28.086712,0
85.409962,28.086711,0
85.40997,28.08671,0
85.409978,28.086709,0
85.409988,28.086707,0
85.409997,28.086706,0
85.410007,28.086704,0
85.410017,28.086702,0
85.410027,28.086699,0
85.410038,28.086698,0
85.410048,28.086696,0
85.410059,28.086694,0
85.410069,28.08669,0
85.410076,28.086685,0
85.410079,28.086681,0
85.410079,28.086677,0
85.410077,28.086675,0
85.410073,28.086671,0
85.410069,28.086668,0
85.410063,28.086665,0
85.410058,28.086661,0
85.410051,28.086659,0
85.410044,28.086656,0
85.410038,28.086653,0
85.410032,28.08665,0
85.410027,28.086646,0
85.410023,28.086643,0
85.410018,28.086639,0
85.410014,28.086635,0
85.410011,28.086631,0
85.410006,28.086627,0
85.410001,28.086624,0
85.409995,28.086621,0
85.40999,28.086618,0
85.409985,28.086614,0
85.409979,28.08661,0
85.409975,28.086607,0
85.409972,28.086602,0
85.409972,28.086599,0
85.409972,28.086595,0
85.409973,28.086593,0
85.409981,28.086586,0
85.409982,28.086586,0
85.409986,28.086585,0
85.40999,28.086585,0
85.409996,28.086584,0
85.410002,28.086582,0
85.410006,28.08658,0
85.410009,28.086576,0
85.410009,28.086573,0
85.410006,28.086569,0
85.410003,28.086566,0
85.409998,28.086563,0
85.409993,28.08656,0
85.409988,28.086558,0
85.409982,28.086555,0
85.409977,28.086553,0
85.409973,28.086551,0
85.40997,28.086549,0
85.409969,28.086541,0
85.40997,28.08654,0
85.409973,28.086539,0
85.409977,28.086538,0
85.409982,28.086536,0
85.409986,28.086533,0
85.40999,28.086531,0
85.409995,28.086529,0
85.409999,28.086526,0
85.410004,28.086524,0
85.41001,28.086522,0
85.410017,28.08652,0
85.410023,28.086517,0
85.410029,28.086514,0
85.410033,28.086509,0
85.410034,28.086505,0
85.410032,28.086502,0
85.41003,28.086499,0
85.410027,28.086495,0
85.410023,28.086491,0
85.410019,28.086487,0
85.410015,28.086484,0
85.41001,28.08648,0
85.410006,28.086477,0
85.410002,28.086474,0
85.409997,28.086471,0
85.409992,28.086468,0
85.409987,28.086465,0
85.409982,28.086463,0
85.409977,28.08646,0
85.409972,28.086456,0
85.409967,28.086452,0
85.409964,28.086449,0
85.409963,28.086445,0
85.409962,28.086442,0
85.409961,28.086431,0
85.40996,28.08643,0
85.409958,28.086429,0
85.409956,28.086427,0
85.409953,28.086426,0
85.409949,28.086425,0
85.409946,28.086424,0
85.40994,28.086422,0
85.409935,28.08642,0
85.40993,28.086417,0
85.409925,28.086414,0
85.409919,28.086412,0
85.409914,28.086411,0
85.409899,28.086403,0
85.409898,28.086402,0
85.409895,28.0864,0
85.409892,28.086397,0
85.409887,28.086393,0
85.409881,28.086389,0
85.409876,28.086385,0
85.409871,28.086382,0
85.409866,28.086377,0
85.40986,28.086373,0
85.409856,28.086368,0
85.409852,28.086364,0
85.409847,28.086361,0
85.409842,28.086357,0
85.409838,28.086353,0
85.409835,28.086349,0
85.409833,28.086345,0
85.409832,28.086342,0
85.40983,28.086339,0
85.409826,28.086328,0
85.409827,28.086327,0
85.409828,28.086327,0
85.40983,28.086326,0
85.409834,28.086327,0
85.409839,28.086328,0
85.409845,28.086328,0
85.409851,28.086328,0
85.409857,28.086327,0
85.409863,28.086325,0
85.409868,28.086323,0
85.409874,28.086322,0
85.409879,28.086321,0
85.409884,28.086319,0
85.409888,28.086318,0
85.409894,28.086317,0
85.4099,28.086316,0
85.409905,28.086314,0
85.409909,28.086312,0
85.409914,28.086309,0
85.40992,28.086308,0
85.409925,28.086307,0
85.40993,28.086305,0
85.409935,28.086304,0
85.409942,28.086303,0
85.409949,28.086302,0
85.409955,28.086302,0
85.409961,28.086301,0
85.409966,28.086299,0
85.409973,28.086297,0
85.409979,28.086294,0
85.409985,28.086292,0
85.409989,28.08629,0
85.410003,28.086286,0
85.410004,28.086285,0
85.410005,28.086284,0
85.410008,28.086282,0
85.410011,28.08628,0
85.410015,28.086278,0
85.410019,28.086277,0
85.410023,28.086274,0
85.410027,28.086272,0
85.410032,28.086269,0
85.410036,28.086267,0
85.41004,28.086265,0
85.410044,28.086264,0
85.410047,28.086263,0
85.410051,28.086261,0
85.410055,28.086258,0
85.410059,28.086255,0
85.410063,28.086252,0
85.410067,28.08625,0
85.410071,28.086247,0
85.410075,28.086244,0
85.41008,28.086242,0
85.410084,28.08624,0
85.410088,28.086237,0
85.410091,28.086235,0
85.410094,28.086232,0
85.410097,28.086229,0
85.4101,28.086226,0
85.410104,28.086224,0
85.410108,28.086221,0
85.410113,28.086219,0
85.410118,28.086215,0
85.410123,28.086211,0
85.410128,28.086208,0
85.410132,28.086203,0
85.410137,28.0862,0
85.410141,28.086196,0
85.410144,28.086192,0
85.410151,28.08618,0
85.410146,28.086183,0
85.410145,28.086183,0
85.41015,28.086182,0
85.41015,28.086181,0
85.41016,28.086177,0
85.410162,28.086175,0
85.410168,28.086172,0
85.410175,28.086168,0
85.410185,28.086164,0
85.410196,28.086159,0
85.410207,28.086155,0
85.410219,28.086149,0
85.410231,28.086145,0
85.410244,28.08614,0
85.410255,28.086135,0
85.410263,28.086131,0
85.410269,28.086127,0
85.410274,28.086124,0
85.410279,28.086122,0
85.410283,28.086119,0
85.410287,28.086118,0
85.41029,28.086116,0
85.410294,28.086115,0
85.410298,28.086113,0
85.410302,28.086112,0
85.410306,28.08611,0
85.41031,28.086109,0
85.410313,28.086107,0
85.410316,28.086105,0
85.410321,28.086098,0
85.41033,28.086092,0
85.410332,28.08609,0
85.410338,28.086089,0
85.410347,28.086086,0
85.410358,28.086083,0
85.410369,28.08608,0
85.410381,28.086077,0
85.410393,28.086074,0
85.410405,28.086071,0
85.410417,28.086067,0
85.410426,28.086063,0
85.410434,28.086062,0
85.410442,28.08606,0
85.41045,28.086059,0
85.410457,28.086059,0
85.410462,28.086058,0
85.410478,28.086057,0
85.410479,28.086057,0
85.410481,28.086056,0
85.410486,28.086049,0
85.410486,28.086044,0
85.410486,28.086039,0
85.410486,28.086038,0
85.410486,28.086036,0
85.410486,28.086034,0
85.410485,28.08603,0
85.410482,28.086025,0
85.410478,28.08602,0
85.410473,28.086013,0
85.410468,28.086006,0
85.410463,28.085999,0
85.410458,28.085991,0
85.410452,28.085983,0
85.410445,28.085976,0
85.410439,28.085968,0
85.410434,28.085961,0
85.410431,28.085956,0
85.410427,28.085952,0
85.410424,28.085948,0
85.41042,28.085944,0
85.410416,28.085941,0
85.410412,28.085937,0
85.410407,28.085935,0
85.410402,28.085933,0
85.410397,28.085931,0
85.410393,28.085928,0
85.41039,28.085925,0
85.410386,28.085921,0
85.410383,28.085918,0
85.410379,28.085916,0
85.410375,28.085913,0
85.410371,28.085911,0
85.410367,28.085908,0
85.410363,28.085906,0
85.41036,28.085902,0
85.410357,28.085899,0
85.410354,28.085895,0
85.41035,28.085892,0
85.410346,28.08589,0
85.410327,28.085879,0
85.410325,28.085877,0
85.410321,28.085873,0
85.410316,28.085867,0
85.41031,28.085861,0
85.410304,28.085854,0
85.410298,28.085845,0
85.410291,28.085838,0
85.410285,28.085831,0
85.410279,28.085825,0
85.410276,28.08582,0
85.410275,28.085817,0
85.410273,28.085806,0
85.410273,28.085805,0
85.410273,28.085803,0
85.410273,28.085799,0
85.410271,28.085795,0
85.410269,28.085792,0
85.410268,28.085788,0
85.410267,28.085784,0
85.410267,28.08578,0
85.410267,28.085775,0
85.410265,28.08577,0
85.410264,28.085766,0
85.410262,28.085763,0
85.41026,28.085759,0
85.410257,28.085756,0
85.410253,28.085753,0
85.410249,28.085751,0
85.410246,28.085747,0
85.410242,28.085743,0
85.410238,28.08574,0
85.410233,28.085738,0
85.410227,28.085737,0
85.410222,28.085737,0
85.410218,28.085737,0
85.410213,28.085737,0
85.410209,28.085737,0
85.410205,28.085735,0
85.4102,28.085732,0
85.410195,28.085728,0
85.41019,28.085726,0
85.410186,28.085723,0
85.410181,28.085721,0
85.410177,28.085718,0
85.410172,28.085716,0
85.410167,28.085714,0
85.410162,28.085712,0
85.410158,28.085709,0
85.410154,28.085707,0
85.410149,28.085705,0
85.410139,28.085697,0
85.41014,28.085696,0
85.410142,28.085694,0
85.410143,28.085691,0
85.410142,28.085687,0
85.41014,28.085684,0
85.410137,28.085681,0
85.410134,28.085678,0
85.410131,28.085674,0
85.410126,28.085671,0
85.410121,28.085669,0
85.410115,28.085666,0
85.410109,28.085664,0
85.410101,28.085661,0
85.410095,28.085657,0
85.410089,28.085654,0
85.410083,28.085652,0
85.410077,28.085649,0
85.410071,28.085646,0
85.410066,28.085644,0
85.410061,28.085641,0
85.410057,28.085638,0
85.410053,28.085636,0
85.410048,28.085633,0
85.410043,28.085631,0
85.410039,28.08563,0
85.410034,28.085628,0
85.410031,28.085627,0
85.410027,28.085624,0
85.410024,28.085622,0
85.41002,28.08562,0
85.410016,28.085617,0
85.410011,28.085614,0
85.410004,28.085613,0
85.409998,28.085613,0
85.409992,28.085613,0
85.409986,28.085612,0
85.409981,28.085611,0
85.409975,28.085609,0
85.409969,28.085607,0
85.409963,28.085605,0
85.409957,28.085603,0
85.409952,28.085602,0
85.409947,28.0856,0
85.409941,28.085599,0
85.409937,28.085597,0
85.409932,28.085594,0
85.409927,28.085591,0
85.409922,28.085589,0
85.409916,28.085587,0
85.40991,28.085585,0
85.409905,28.085584,0
85.4099,28.085582,0
85.409895,28.085579,0
85.40989,28.085576,0
85.409885,28.085574,0
85.409881,28.085573,0
85.409877,28.085571,0
85.409872,28.085569,0
85.409867,28.085567,0
85.409862,28.085565,0
85.409857,28.085564,0
85.409851,28.085563,0
85.409846,28.085562,0
85.40984,28.085561,0
85.409833,28.08556,0
85.409826,28.085558,0
85.409818,28.085557,0
85.409811,28.085555,0
85.409805,28.085553,0
85.409798,28.085551,0
85.409791,28.085549,0
85.409785,28.085547,0
85.409781,28.085543,0
85.409778,28.085539,0
85.409777,28.085536,0
85.409778,28.085531,0
85.409781,28.085527,0
85.409785,28.085522,0
85.409787,28.085517,0
85.409787,28.08551,0
85.409785,28.085505,0
85.409783,28.0855,0
85.409774,28.085488,0
85.409772,28.08549,0
85.409779,28.085491,0
85.409777,28.085491,0
85.409776,28.085491,0
85.409775,28.08549,0
85.409773,28.085489,0
85.409766,28.085483,0
85.409765,28.085481,0
85.409762,28.085476,0
85.409757,28.08547,0
85.40975,28.085461,0
85.409744,28.085452,0
85.40974,28.085443,0
85.409737,28.085434,0
85.409735,28.085423,0
85.409733,28.085411,0
85.409729,28.0854,0
85.409724,28.085391,0
85.409719,28.085383,0
85.409713,28.085377,0
85.409707,28.085371,0
85.409701,28.085367,0
85.409696,28.085363,0
85.409692,28.08536,0
85.409688,28.085356,0
85.409685,28.085352,0
85.40968,28.08535,0
85.409675,28.085349,0
85.409671,28.085347,0
85.409667,28.085345,0
85.409663,28.085341,0
85.409659,28.085338,0
85.409643,28.08533,0
85.409642,28.08533,0
85.409639,28.08533,0
85.409635,28.08533,0
85.409631,28.085331,0
85.409625,28.085332,0
85.409619,28.085333,0
85.409613,28.085333,0
85.409609,28.085332,0
85.409606,28.085331,0
85.409605,28.08533,0
85.409604,28.085327,0
85.409603,28.085321,0
85.409604,28.08532,0
85.409605,28.085318,0
85.409608,28.085316,0
85.40961,28.085313,0
85.409612,28.085311,0
85.409614,28.085308,0
85.409617,28.085306,0
85.409621,28.085305,0
85.409626,28.085302,0
85.409628,28.085299,0
85.409627,28.085297,0
85.409624,28.085294,0
85.40962,28.085291,0
85.409616,28.085288,0
85.409612,28.085286,0
85.409599,28.085282,0
85.409593,28.085277,0
85.409593,28.085275,0
85.409593,28.085271,0
85.409593,28.085266,0
85.409593,28.085259,0
85.409591,28.085251,0
85.409588,28.085242,0
85.409582,28.085234,0
85.409575,28.085225,0
85.409567,28.085216,0
85.40956,28.085209,0
85.409551,28.085204,0
85.409543,28.0852,0
85.409533,28.085197,0
85.409524,28.085196,0
85.409516,28.085195,0
85.409508,28.085193,0
85.409503,28.085191,0
85.4095,28.085188,0
85.409499,28.085185,0
85.409501,28.08518,0
85.409502,28.085176,0
85.409501,28.085171,0
85.4095,28.085165,0
85.409498,28.085161,0
85.409497,28.085157,0
85.409496,28.085153,0
85.409496,28.08515,0
85.409497,28.085146,0
85.409498,28.085141,0
85.4095,28.085137,0
85.4095,28.085132,0
85.4095,28.085128,0
85.409499,28.085125,0
85.409498,28.085122,0
85.409497,28.085118,0
85.4095,28.085108,0
85.4095,28.085103,0
85.4095,28.085095,0
85.4095,28.085094,0
85.4095,28.085092,0
85.4095,28.085089,0
85.4095,28.085086,0
85.4095,28.085083,0
85.409498,28.085072,0
85.409497,28.085071,0
85.409486,28.085065,0
85.409485,28.085065,0
85.409485,28.085063,0
85.409484,28.085062,0
85.40948,28.085055,0
85.40948,28.085054,0
85.409479,28.085053,0
85.409478,28.085051,0
85.409477,28.085049,0
85.409475,28.085039,0
85.409474,28.085037,0
85.409473,28.085035,0
85.409472,28.085031,0
85.409471,28.085026,0
85.409469,28.085022,0
85.409468,28.085017,0
85.409466,28.085011,0
85.409466,28.085006,0
85.409465,28.085,0
85.409463,28.084994,0
85.409459,28.084987,0
85.409454,28.084978,0
85.409448,28.084971,0
85.409442,28.084964,0
85.409438,28.084959,0
85.409436,28.084954,0
85.40944,28.084944,0
85.409441,28.084944,0
85.409442,28.084943,0
85.409444,28.084942,0
85.409447,28.08494,0
85.40945,28.084938,0
85.409453,28.084937,0
85.409458,28.084938,0
85.409464,28.084939,0
85.40947,28.08494,0
85.409477,28.08494,0
85.409483,28.084939,0
85.40949,28.084938,0
85.409496,28.084936,0
85.409502,28.084934,0
85.409509,28.084932,0
85.409515,28.08493,0
85.409533,28.084924,0
85.409534,28.084922,0
85.409533,28.084918,0
85.409533,28.084912,0
85.409532,28.084906,0
85.40953,28.0849,0
85.409528,28.084893,0
85.409525,28.084887,0
85.409522,28.084881,0
85.409518,28.084874,0
85.409514,28.084868,0
85.409512,28.084863,0
85.409512,28.084858,0
85.409512,28.084854,0
85.409511,28.08485,0
85.409511,28.084847,0
85.40951,28.084832,0
85.409509,28.084831,0
85.409507,28.084829,0
85.409504,28.084827,0
85.409503,28.084824,0
85.409504,28.084823,0
85.409507,28.084821,0
85.40951,28.084818,0
85.409513,28.084814,0
85.409515,28.08481,0
85.409515,28.084807,0
85.409515,28.084804,0
85.409515,28.0848,0
85.409514,28.084796,0
85.409513,28.084791,0
85.409513,28.084787,0
85.409512,28.084782,0
85.409511,28.084776,0
85.40951,28.084771,0
85.409508,28.084765,0
85.409508,28.08476,0
85.409506,28.084754,0
85.409503,28.084748,0
85.409501,28.084741,0
85.409498,28.084735,0
85.409494,28.084729,0
85.40949,28.084722,0
85.409486,28.084715,0
85.409482,28.084709,0
85.409477,28.084705,0
85.409472,28.084701,0
85.409467,28.084698,0
85.409461,28.084695,0
85.409457,28.084693,0
85.409453,28.084689,0
85.409449,28.084683,0
85.409446,28.084678,0
85.409443,28.084673,0
85.409439,28.084669,0
85.409435,28.084665,0
85.40943,28.084661,0
85.409424,28.084659,0
85.409418,28.084658,0
85.409414,28.084659,0
85.409405,28.084654,0
85.409405,28.084652,0
85.409403,28.084648,0
85.409401,28.084643,0
85.409399,28.084639,0
85.409396,28.084634,0
85.409392,28.084629,0
85.409389,28.084625,0
85.409385,28.084622,0
85.409382,28.084618,0
85.409378,28.084615,0
85.409369,28.084603,0
85.409368,28.084602,0
85.409367,28.0846,0
85.409366,28.084598,0
85.409364,28.084594,0
85.409362,28.084591,0
85.40936,28.084586,0
85.409359,28.084582,0
85.409359,28.084578,0
85.40936,28.084575,0
85.409364,28.084571,0
85.409368,28.084566,0
85.409372,28.084562,0
85.409378,28.084559,0
85.409383,28.084554,0
85.409389,28.084552,0
85.409396,28.084551,0
85.409405,28.084551,0
85.409414,28.084551,0
85.409421,28.08455,0
85.409428,28.084547,0
85.409434,28.084543,0
85.409439,28.084538,0
85.409443,28.084534,0
85.409446,28.084528,0
85.409449,28.084522,0
85.409451,28.084515,0
85.409453,28.084508,0
85.409455,28.084502,0
85.409455,28.084497,0
85.409456,28.084492,0
85.409457,28.084488,0
85.409459,28.084485,0
85.409463,28.084482,0
85.409467,28.084479,0
85.409472,28.084476,0
85.409478,28.084474,0
85.409483,28.084471,0
85.409491,28.084466,0
85.409498,28.084461,0
85.409504,28.084455,0
85.40951,28.08445,0
85.409517,28.084444,0
85.409526,28.084438,0
85.409533,28.084433,0
85.40954,28.084428,0
85.409548,28.084423,0
85.409555,28.08442,0
85.409563,28.084419,0
85.40957,28.084417,0
85.409578,28.084416,0
85.409587,28.084414,0
85.409596,28.084412,0
85.409606,28.084409,0
85.409615,28.084406,0
85.409622,28.084403,0
85.409628,28.084399,0
85.409636,28.084396,0
85.409643,28.084392,0
85.40965,28.084388,0
85.409657,28.084385,0
85.409664,28.08438,0
85.409669,28.084375,0
85.409674,28.084368,0
85.409678,28.084362,0
85.409681,28.084355,0
85.409683,28.084348,0
85.409687,28.084341,0
85.40969,28.084333,0
85.409695,28.084325,0
85.4097,28.084317,0
85.409704,28.08431,0
85.409707,28.084302,0
85.40971,28.084296,0
85.409714,28.08429,0
85.409718,28.084284,0
85.409722,28.084279,0
85.409724,28.084276,0
85.409732,28.084271,0
85.409735,28.084266,0
85.409735,28.084265,0
85.409736,28.084261,0
85.409738,28.084257,0
85.40974,28.084251,0
85.409743,28.084244,0
85.409748,28.084237,0
85.409752,28.08423,0
85.409757,28.084223,0
85.409762,28.084216,0
85.409766,28.084208,0
85.409768,28.0842,0
85.409769,28.084193,0
85.40977,28.084186,0
85.409769,28.084179,0
85.409768,28.084172,0
85.409766,28.084165,0
85.409765,28.084158,0
85.409764,28.084152,0
85.409764,28.084145,0
85.409764,28.084138,0
85.409764,28.084131,0
85.409763,28.084124,0
85.409762,28.084118,0
85.409762,28.084113,0
85.409763,28.084107,0
85.409764,28.084101,0
85.409765,28.084094,0
85.409767,28.084087,0
85.409769,28.08408,0
85.409772,28.084073,0
85.409774,28.084066,0
85.409775,28.084059,0
85.409776,28.084051,0
85.409776,28.084044,0
85.409776,28.084036,0
85.409777,28.08403,0
85.409777,28.084023,0
85.409777,28.084015,0
85.409778,28.084009,0
85.409779,28.084002,0
85.409782,28.083996,0
85.409786,28.083989,0
85.409788,28.083982,0
85.409788,28.083976,0
85.409785,28.083969,0
85.409781,28.083965,0
85.409776,28.083962,0
85.409771,28.083962,0
85.409766,28.08396,0
85.409761,28.08396,0
85.409756,28.083958,0
85.409753,28.083955,0
85.409741,28.08394,0
85.409745,28.083939,0
85.409753,28.083936,0
85.40976,28.083932,0
85.409765,28.083927,0
85.409767,28.083921,0
85.409767,28.083915,0
85.409766,28.083907,0
85.409766,28.083899,0
85.409765,28.083891,0
85.409762,28.083884,0
85.409758,28.083879,0
85.409752,28.083875,0
85.409747,28.083869,0
85.409744,28.083863,0
85.40974,28.083856,0
85.409738,28.083851,0
85.409736,28.083845,0
85.409734,28.083842,0
85.409732,28.08383,0
85.409733,28.08383,0
85.409734,28.08383,0
85.409736,28.083827,0
85.409736,28.083837,0
85.409738,28.083842,0
85.409745,28.083856,0
85.409752,28.083874,0
85.409761,28.083897,0
85.409766,28.083913,0
85.409774,28.083925,0
85.409781,28.083935,0
85.40979,28.083941,0
85.409801,28.083949,0
85.409815,28.083955,0
85.409826,28.083964,0
85.409838,28.083976,0
85.409845,28.083992,0
85.409852,28.083998,0
85.409862,28.083998,0
85.409871,28.083996,0
85.409873,28.083994,0
85.409873,28.083993,0
85.409877,28.083992,0
85.409876,28.083991,0
85.409875,28.083989,0
85.409875,28.083987,0
85.409872,28.08398,0
85.409871,28.083982,0
85.409871,28.083981,0
85.409873,28.083975,0
85.409877,28.083967,0
85.40988,28.083963,0
85.409928,28.08387,0
85.409929,28.083872,0
85.409924,28.083882,0
85.40992,28.083896,0
85.409917,28.083911,0
85.409914,28.083926,0
85.409916,28.083935,0
85.409918,28.083941,0
85.409922,28.083946,0
85.409926,28.083949,0
85.409934,28.083951,0
85.409941,28.083952,0
85.409951,28.083953,0
85.409959,28.083955,0
85.409966,28.083957,0
85.40997,28.083963,0
85.409974,28.083971,0
85.409979,28.083976,0
85.409985,28.083981,0
85.40999,28.083985,0
85.409996,28.083988,0
85.410003,28.083989,0
85.41001,28.083991,0
85.410018,28.083991,0
85.410025,28.083991,0
85.410032,28.083991,0
85.41004,28.08399,0
85.410047,28.083989,0
85.410053,28.083988,0
85.410061,28.083987,0
85.410068,28.083986,0
85.410075,28.083984,0
85.410082,28.083981,0
85.410089,28.083979,0
85.410096,28.083977,0
85.410103,28.083976,0
85.410109,28.083975,0
85.410116,28.083975,0
85.41012,28.083977,0
85.410126,28.083978,0
85.410131,28.083978,0
85.410138,28.083976,0
85.410146,28.083974,0
85.410154,28.08397,0
85.410162,28.083967,0
85.410171,28.083961,0
85.41018,28.083955,0
85.410191,28.083949,0
85.410201,28.083946,0
85.410211,28.083944,0
85.410222,28.083941,0
85.410231,28.083937,0
85.410241,28.083934,0
85.410252,28.08393,0
85.410262,28.083927,0
85.410272,28.083924,0
85.410281,28.083921,0
85.410291,28.08392,0
85.4103,28.083919,0
85.410308,28.083918,0
85.410325,28.08391,0
85.410324,28.083909,0
85.410321,28.083906,0
85.410318,28.083902,0
85.410315,28.083898,0
85.410312,28.083894,0
85.410312,28.08389,0
85.410313,28.083887,0
85.410315,28.083886,0
85.410333,28.083882,0
85.410339,28.083882,0
85.410348,28.083882,0
85.41036,28.083883,0
85.410375,28.083884,0
85.410392,28.083886,0
85.410411,28.08389,0
85.410429,28.083894,0
85.410447,28.083899,0
85.410465,28.083903,0
85.41048,28.083907,0
85.410493,28.083911,0
85.410506,28.083915,0
85.410518,28.083918,0
85.410529,28.083922,0
85.410539,28.083926,0
85.410549,28.083928,0
85.410558,28.083931,0
85.410568,28.083933,0
85.410578,28.083935,0
85.410588,28.083938,0
85.410597,28.08394,0
85.410603,28.083944,0
85.410611,28.083949,0
85.410619,28.083953,0
85.410626,28.083957,0
85.410632,28.083958,0
85.410639,28.083959,0
85.410646,28.083959,0
85.410653,28.083958,0
85.410659,28.083956,0
85.410667,28.083953,0
85.410677,28.083951,0
85.410686,28.083948,0
85.410693,28.083946,0
85.4107,28.083943,0
85.410707,28.083943,0
85.410714,28.083944,0
85.41072,28.083946,0
85.410724,28.083948,0
85.410728,28.083951,0
85.410732,28.083953,0
85.410739,28.083957,0
85.410748,28.083963,0
85.410762,28.083975,0
85.410763,28.083974,0
85.410767,28.083974,0
85.41077,28.083973,0
85.410773,28.083971,0
85.410776,28.083969,0
85.410778,28.083966,0
85.410778,28.083964,0
85.410777,28.083961,0
85.410776,28.083959,0
85.410774,28.083956,0
85.410772,28.083952,0
85.410772,28.083948,0
85.410785,28.083937,0
85.410788,28.083936,0
85.410795,28.083936,0
85.410803,28.083933,0
85.410811,28.08393,0
85.410819,28.083926,0
85.410827,28.083921,0
85.410834,28.083915,0
85.41084,28.08391,0
85.410847,28.083905,0
85.410851,28.0839,0
85.410854,28.083895,0
85.410857,28.083891,0
85.410862,28.08389,0
85.410865,28.083891,0
85.410864,28.08389,0
85.410863,28.083889,0
85.41086,28.083888,0
85.410853,28.08388,0
85.410852,28.083877,0
85.41085,28.083871,0
85.41085,28.083869,0
85.410849,28.083867,0
85.410848,28.083856,0
85.410847,28.083851,0
85.410837,28.083851,0
85.410832,28.083851,0
85.41083,28.083837,0
85.41083,28.083836,0
85.410849,28.083832,0
85.410853,28.083833,0
85.410865,28.083834,0
85.41088,28.083835,0
85.410893,28.083838,0
85.410907,28.08384,0
85.410924,28.083841,0
85.41094,28.083842,0
85.410955,28.083842,0
85.41097,28.083842,0
85.410982,28.083841,0
85.410993,28.083841,0
85.411003,28.08384,0
85.411012,28.083839,0
85.411021,28.083837,0
85.411029,28.083836,0
85.411035,28.083837,0
85.411044,28.083838,0
85.411055,28.08384,0
85.411065,28.083844,0
85.411073,28.083845,0
85.411082,28.083846,0
85.411092,28.083846,0
85.4111,28.083843,0
85.411103,28.08384,0
85.411109,28.083835,0
85.411117,28.083831,0
85.411123,28.083828,0
85.411129,28.083823,0
85.411135,28.083818,0
85.411138,28.083812,0
85.41114,28.083808,0
85.411143,28.083804,0
85.411146,28.083801,0
85.411149,28.083798,0
85.411151,28.083795,0
85.411154,28.083791,0
85.411156,28.083786,0
85.411159,28.083783,0
85.411162,28.08378,0
85.411174,28.083776,0
85.411175,28.083776,0
85.411179,28.083778,0
85.411184,28.08378,0
85.4112,28.083786,0
85.411203,28.083786,0
85.411206,28.083787,0
85.411212,28.083789,0
85.411218,28.08379,0
85.411225,28.083792,0
85.411232,28.083793,0
85.411239,28.083794,0
85.411245,28.083794,0
85.41125,28.083795,0
85.411254,28.083794,0
85.411258,28.083794,0
85.411262,28.083791,0
85.411265,28.083787,0
85.411267,28.083783,0
85.411268,28.083779,0
85.411269,28.083778,0
85.411272,28.083779,0
85.411277,28.08378,0
85.411282,28.083782,0
85.411287,28.083782,0
85.411293,28.083782,0
85.4113,28.08378,0
85.411308,28.083778,0
85.411316,28.083777,0
85.411324,28.083777,0
85.411332,28.083778,0
85.411341,28.083778,0
85.411351,28.083781,0
85.411361,28.083784,0
85.411369,28.083788,0
85.411378,28.08379,0
85.411386,28.083793,0
85.411394,28.083797,0
85.411402,28.0838,0
85.411411,28.083804,0
85.41142,28.083808,0
85.411429,28.083811,0
85.411439,28.083816,0
85.411448,28.083821,0
85.411457,28.083826,0
85.411466,28.08383,0
85.411475,28.083837,0
85.411484,28.083841,0
85.411493,28.083845,0
85.411501,28.083848,0
85.411509,28.083851,0
85.411516,28.083856,0
85.411524,28.083861,0
85.411533,28.083867,0
85.411542,28.083874,0
85.411551,28.08388,0
85.411559,28.083886,0
85.411568,28.083893,0
85.411575,28.083899,0
85.411582,28.083906,0
85.411589,28.083914,0
85.411596,28.083921,0
85.411601,28.083928,0
85.411607,28.083936,0
85.411612,28.083942,0
85.411618,28.083948,0
85.411622,28.083954,0
85.411628,28.083961,0
85.411634,28.083969,0
85.411642,28.083976,0
85.41165,28.083984,0
85.411657,28.083991,0
85.411663,28.083999,0
85.411671,28.084006,0
85.411679,28.084013,0
85.411688,28.084019,0
85.411696,28.084025,0
85.411704,28.084029,0
85.411712,28.084033,0
85.41172,28.084038,0
85.411728,28.084043,0
85.411735,28.084049,0
85.411741,28.084055,0
85.411745,28.08406,0
85.411749,28.084065,0
85.411753,28.08407,0
85.411756,28.084074,0
85.411758,28.084079,0
85.411761,28.084085,0
85.411765,28.08409,0
85.411771,28.084097,0
85.411777,28.084101,0
85.411785,28.084105,0
85.411794,28.084108,0
85.411803,28.084111,0
85.411812,28.084114,0
85.411823,28.084116,0
85.411831,28.084118,0
85.411837,28.084119,0
85.411862,28.084121,0
85.411863,28.084121,0
85.411868,28.084123,0
85.411874,28.084126,0
85.411881,28.084129,0
85.411889,28.084133,0
85.411899,28.084137,0
85.41191,28.084141,0
85.411921,28.084144,0
85.411932,28.084148,0
85.411942,28.084151,0
85.411952,28.084155,0
85.411962,28.084159,0
85.411973,28.084163,0
85.411984,28.084168,0
85.411994,28.084173,0
85.412003,28.084178,0
85.412012,28.084182,0
85.412022,28.084186,0
85.412031,28.08419,0
85.41204,28.084192,0
85.412049,28.084194,0
85.412058,28.084197,0
85.412065,28.084201,0
85.412072,28.084206,0
85.412079,28.084212,0
85.412087,28.084219,0
85.412095,28.084225,0
85.412105,28.08423,0
85.412113,28.084234,0
85.412123,28.084237,0
85.412133,28.08424,0
85.412144,28.084243,0
85.412155,28.084245,0
85.412165,28.084247,0
85.412175,28.084248,0
85.412184,28.084248,0
85.412194,28.084248,0
85.412204,28.08425,0
85.412216,28.084252,0
85.412229,28.084254,0
85.412241,28.084258,0
85.412254,28.084261,0
85.412267,28.084263,0
85.412281,28.084266,0
85.412294,28.084267,0
85.412305,28.084268,0
85.412316,28.084268,0
85.412326,28.084267,0
85.412333,28.084266,0
85.412355,28.084269,0
85.412358,28.08427,0
85.412364,28.084272,0
85.412373,28.084273,0
85.412382,28.084274,0
85.412392,28.084274,0
85.412402,28.084274,0
85.412413,28.084275,0
85.412423,28.084275,0
85.412434,28.084275,0
85.412444,28.084275,0
85.412455,28.084275,0
85.412467,28.084274,0
85.412478,28.084273,0
85.41249,28.084272,0
85.4125,28.08427,0
85.41251,28.084268,0
85.41252,28.084265,0
85.41253,28.084263,0
85.412542,28.084262,0
85.412552,28.084261,0
85.412562,28.084259,0
85.412573,28.084258,0
85.412585,28.08426,0
85.412599,28.084261,0
85.412613,28.084263,0
85.412624,28.084266,0
85.412635,28.084268,0
85.412647,28.084269,0
85.412659,28.084271,0
85.412673,28.084272,0
85.412684,28.084273,0
85.412695,28.084273,0
85.412704,28.084272,0
85.412714,28.08427,0
85.412724,28.084269,0
85.412733,28.084267,0
85.412742,28.084266,0
85.412751,28.084266,0
85.412761,28.084266,0
85.41277,28.084267,0
85.412779,28.084267,0
85.412789,28.084267,0
85.412799,28.084266,0
85.41281,28.084266,0
85.41282,28.084264,0
85.412832,28.084262,0
85.412842,28.084261,0
85.41285,28.084259,0
85.412859,28.084257,0
85.412868,28.084255,0
85.412876,28.084253,0
85.412883,28.084251,0
85.41289,28.084248,0
85.412897,28.084247,0
85.412904,28.084246,0
85.412912,28.084246,0
85.41292,28.084245,0
85.412929,28.084245,0
85.412938,28.084245,0
85.412946,28.084244,0
85.412956,28.084243,0
85.412965,28.08424,0
85.412974,28.084237,0
85.412983,28.084235,0
85.412993,28.084234,0
85.413002,28.084233,0
85.41301,28.084232,0
85.413019,28.08423,0
85.413029,28.084228,0
85.413038,28.084227,0
85.413048,28.084226,0
85.413059,28.084225,0
85.41307,28.084223,0
85.41308,28.08422,0
85.413092,28.084219,0
85.413103,28.084218,0
85.413113,28.084217,0
85.413123,28.084216,0
85.413133,28.084214,0
85.413142,28.084211,0
85.413152,28.084208,0
85.413161,28.084205,0
85.413172,28.084203,0
85.413182,28.084203,0
85.413192,28.084202,0
85.413202,28.084203,0
85.413212,28.084205,0
85.413223,28.084207,0
85.413233,28.084209,0
85.413243,28.084211,0
85.413254,28.084211,0
85.413267,28.084212,0
85.413278,28.084211,0
85.413288,28.084209,0
85.413298,28.084206,0
85.413308,28.084203,0
85.413318,28.0842,0
85.413326,28.084198,0
85.413335,28.084195,0
85.413343,28.084194,0
85.41335,28.084193,0
85.413375,28.08419,0
85.413377,28.08419,0
85.413381,28.08419,0
85.413388,28.084188,0
85.413395,28.084188,0
85.413403,28.084189,0
85.413411,28.08419,0
85.413419,28.084192,0
85.413429,28.084193,0
85.413438,28.084194,0
85.413448,28.084195,0
85.413457,28.084197,0
85.413467,28.084198,0
85.413477,28.084198,0
85.413487,28.084197,0
85.413497,28.084198,0
85.413508,28.084197,0
85.413518,28.084197,0
85.413529,28.084197,0
85.41354,28.084198,0
85.413552,28.084198,0
85.413563,28.084199,0
85.413573,28.084199,0
85.413583,28.084199,0
85.413595,28.084198,0
85.413606,28.084198,0
85.413619,28.084196,0
85.41363,28.084195,0
85.413642,28.084193,0
85.413654,28.084191,0
85.413665,28.084189,0
85.413677,28.084187,0
85.413688,28.084186,0
85.4137,28.084186,0
85.413711,28.084187,0
85.413722,28.084187,0
85.413733,28.084186,0
85.413744,28.084185,0
85.413752,28.084183,0
85.413759,28.084181,0
85.413775,28.084178,0
85.413778,28.084179,0
85.413783,28.084179,0
85.41379,28.084178,0
85.413798,28.084177,0
85.413808,28.084176,0
85.413818,28.084176,0
85.413829,28.084176,0
85.413841,28.084176,0
85.413853,28.084176,0
85.413865,28.084175,0
85.413876,28.084173,0
85.413888,28.084171,0
85.413901,28.084169,0
85.413914,28.084167,0
85.413926,28.084165,0
85.413937,28.084164,0
85.413949,28.084164,0
85.413962,28.084164,0
85.413974,28.084161,0
85.413985,28.084158,0
85.413996,28.084155,0
85.414005,28.084153,0
85.414017,28.08415,0
85.414028,28.084148,0
85.414039,28.084146,0
85.414049,28.084144,0
85.414059,28.084141,0
85.414069,28.084139,0
85.414079,28.084136,0
85.414091,28.084134,0
85.414103,28.084132,0
85.414115,28.08413,0
85.414126,28.084127,0
85.414139,28.084124,0
85.414151,28.084121,0
85.414162,28.084119,0
85.414174,28.084117,0
85.414185,28.084115,0
85.414198,28.084113,0
85.41421,28.084111,0
85.414222,28.084108,0
85.414232,28.084107,0
85.414243,28.084104,0
85.414254,28.084102,0
85.414265,28.0841,0
85.414275,28.084098,0
85.414286,28.084096,0
85.414298,28.084094,0
85.414309,28.084092,0
85.414321,28.084089,0
85.414333,28.084087,0
85.414345,28.084085,0
85.414356,28.084082,0
85.414367,28.084082,0
85.414376,28.08408,0
85.414382,28.084079,0
85.414392,28.084075,0
85.414392,28.084072,0
85.414392,28.08407,0
85.414392,28.084069,0
85.414395,28.08406,0
85.4144,28.084055,0
85.414405,28.084053,0
85.414414,28.084049,0
85.414426,28.084044,0
85.414439,28.084039,0
85.414456,28.084034,0
85.414472,28.08403,0
85.414488,28.084024,0
85.414504,28.08402,0
85.41452,28.084017,0
85.414535,28.084017,0
85.414551,28.084017,0
85.414565,28.084017,0
85.414577,28.08402,0
85.414589,28.084024,0
85.414601,28.084028,0
85.414613,28.084031,0
85.414624,28.084033,0
85.414636,28.084034,0
85.414647,28.084035,0
85.414659,28.084037,0
85.41467,28.084038,0
85.414681,28.084041,0
85.414692,28.084042,0
85.414703,28.084043,0
85.414713,28.084042,0
85.414725,28.084042,0
85.414738,28.084042,0
85.41475,28.084042,0
85.414762,28.084044,0
85.414775,28.084047,0
85.414788,28.084051,0
85.414801,28.084055,0
85.414813,28.084058,0
85.414823,28.084061,0
85.414835,28.084063,0
85.414847,28.084064,0
85.414858,28.084062,0
85.414869,28.084061,0
85.414881,28.084059,0
85.414892,28.084059,0
85.414904,28.084061,0
85.414915,28.084063,0
85.414926,28.084065,0
85.414937,28.084068,0
85.414948,28.084071,0
85.41496,28.084074,0
85.414972,28.084078,0
85.414984,28.084082,0
85.414997,28.084085,0
85.41501,28.084086,0
85.415023,28.084087,0
85.415035,28.084088,0
85.415048,28.084089,0
85.41506,28.084089,0
85.415072,28.084089,0
85.415083,28.084089,0
85.415094,28.084091,0
85.415105,28.084093,0
85.415117,28.084095,0
85.415129,28.084096,0
85.41514,28.084095,0
85.41515,28.084095,0
85.41516,28.084095,0
85.41517,28.084096,0
85.415181,28.084097,0
85.41519,28.084098,0
85.415201,28.0841,0
85.415211,28.084101,0
85.415222,28.084102,0
85.415231,28.084102,0
85.415239,28.084104,0
85.415246,28.084105,0
85.415251,28.084105,0
85.415256,28.084104,0
85.415259,28.084103,0
85.41526,28.084102,0
85.415263,28.084101,0
85.415271,28.084099,0
85.415281,28.084096,0
85.415294,28.084093,0
85.415307,28.08409,0
85.415321,28.084086,0
85.415334,28.084083,0
85.415348,28.084079,0
85.41536,28.084075,0
85.41537,28.084069,0
85.415381,28.084066,0
85.415391,28.084062,0
85.415402,28.084059,0
85.415412,28.084055,0
85.415423,28.084053,0
85.415433,28.084049,0
85.415442,28.084045,0
85.415449,28.08404,0
85.415457,28.084035,0
85.415465,28.084028,0
85.415471,28.084022,0
85.415477,28.084017,0
85.415483,28.084013,0
85.41549,28.084009,0
85.415496,28.084006,0
85.415503,28.084004,0
85.415508,28.084002,0
85.415512,28.084,0
85.415517,28.083996,0
85.415517,28.083995,0
85.41552,28.083994,0
85.415526,28.083993,0
85.415532,28.083991,0
85.415539,28.083988,0
85.415547,28.083984,0
85.415554,28.08398,0
85.415561,28.083976,0
85.415567,28.083973,0
85.415573,28.083969,0
85.415579,28.083964,0
85.415586,28.083959,0
85.415593,28.083954,0
85.4156,28.083949,0
85.415606,28.083945,0
85.415624,28.083932,0
85.415625,28.083931,0
85.415629,28.08393,0
85.415634,28.083927,0
85.41564,28.083925,0
85.415645,28.083923,0
85.415649,28.083922,0
85.415653,28.083921,0
85.415658,28.083921,0
85.415662,28.083921,0
85.415667,28.083921,0
85.415672,28.083919,0
85.415677,28.083917,0
85.415682,28.083915,0
85.415686,28.083913,0
85.41569,28.083911,0
85.415694,28.083909,0
85.415699,28.083907,0
85.415702,28.083904,0
85.415703,28.083903,0
85.415706,28.083903,0
85.41571,28.083902,0
85.415714,28.083901,0
85.415719,28.083902,0
85.415724,28.083902,0
85.415729,28.083902,0
85.415735,28.083903,0
85.415739,28.083904,0
85.415744,28.083904,0
85.415752,28.083904,0
85.415755,28.083901,0
85.415756,28.0839,0
85.415756,28.083899,0
85.415756,28.083897,0
85.41576,28.083891,0
85.415765,28.08389,0
85.415773,28.083887,0
85.415783,28.083884,0
85.415796,28.083879,0
85.415809,28.083875,0
85.415823,28.083871,0
85.415837,28.083867,0
85.415851,28.083864,0
85.415866,28.083861,0
85.415879,28.083859,0
85.41589,28.083857,0
85.4159,28.083855,0
85.415907,28.083852,0
85.415914,28.08385,0
85.41592,28.083847,0
85.415926,28.083846,0
85.415931,28.083844,0
85.415936,28.083843,0
85.415949,28.083841,0
85.415953,28.083842,0
85.415958,28.083842,0
85.415964,28.083842,0
85.415969,28.083842,0
85.415975,28.083842,0
85.415982,28.08384,0
85.415988,28.083838,0
85.415993,28.083836,0
85.415997,28.083833,0
85.416002,28.08383,0
85.416005,28.083827,0
85.416008,28.083822,0
85.416011,28.08382,0
85.416015,28.083817,0
85.416018,28.083813,0
85.416022,28.083808,0
85.416027,28.083802,0
85.416033,28.083797,0
85.416038,28.083793,0
85.416042,28.08379,0
85.416046,28.083787,0
85.41605,28.083779,0
85.416062,28.083776,0
85.416064,28.083774,0
85.416069,28.083769,0
85.416076,28.083764,0
85.416084,28.083759,0
85.416093,28.083754,0
85.416102,28.083749,0
85.416111,28.083745,0
85.41612,28.083742,0
85.416129,28.083738,0
85.416149,28.083729,0
85.41616,28.083731,0
85.416162,28.083733,0
85.416162,28.083735,0
85.416165,28.083746,0
85.416166,28.083746,0
85.416167,28.083746,0
85.416177,28.083748,0
85.416178,28.083748,0
85.416177,28.083754,0
85.416177,28.083744,0
85.41618,28.083738,0
85.416181,28.083738,0
85.416183,28.083738,0
85.416186,28.083738,0
85.416189,28.083738,0
85.4162,28.083739,0
85.416204,28.083743,0
85.416207,28.083738,0
85.416209,28.083719,0
85.416212,28.083716,0
85.416215,28.083715,0
85.416224,28.083713,0
85.416227,28.083712,0
85.416234,28.083711,0
85.416243,28.083707,0
85.416253,28.083704,0
85.416262,28.0837,0
85.416271,28.083696,0
85.41628,28.083693,0
85.416288,28.08369,0
85.416296,28.083688,0
85.416319,28.083683,0
85.41632,28.083683,0
85.416329,28.083676,0
85.416332,28.083671,0
85.416332,28.08367,0
85.416332,28.083669,0
85.416332,28.083666,0
85.416335,28.083653,0
85.416336,28.083652,0
85.416336,28.08365,0
85.416339,28.083633,0
85.416341,28.08363,0
85.416344,28.083625,0
85.416349,28.083619,0
85.416355,28.083612,0
85.416363,28.083605,0
85.41637,28.083599,0
85.416377,28.083594,0
85.416385,28.083589,0
85.416391,28.083585,0
85.416396,28.083581,0
85.41641,28.083573,0
85.416411,28.083572,0
85.416414,28.083572,0
85.416418,28.083569,0
85.416421,28.083565,0
85.416426,28.083562,0
85.416431,28.083558,0
85.416437,28.083554,0
85.416444,28.083551,0
85.416449,28.083548,0
85.416453,28.083546,0
85.416457,28.083544,0
85.416474,28.083538,0
85.416474,28.083537,0
85.416475,28.083536,0
85.416476,28.083534,0
85.416478,28.083532,0
85.41648,28.083526,0
85.416495,28.08352,0
85.416498,28.083518,0
85.416503,28.083517,0
85.41651,28.083514,0
85.416518,28.083512,0
85.416528,28.083509,0
85.416538,28.083504,0
85.416547,28.083499,0
85.416557,28.083495,0
85.416567,28.083491,0
85.416574,28.083488,0
85.41658,28.083485,0
85.416585,28.083482,0
85.416597,28.083473,0
85.4166,28.083475,0
85.416602,28.083472,0
85.416603,28.083471,0
85.416604,28.08347,0
85.416605,28.083468,0
85.416617,28.083465,0
85.416618,28.083465,0
85.416619,28.083465,0
85.41663,28.083465,0
85.416637,28.083465,0
85.416644,28.083468,0
85.416644,28.083469,0
85.416645,28.08347,0
85.41666,28.083475,0
85.41666,28.08347,0
85.41666,28.083467,0
85.416657,28.083432,0
85.416662,28.083425,0
85.416667,28.083423,0
85.416668,28.083421,0
85.416672,28.083417,0
85.416677,28.08341,0
85.416683,28.083403,0
85.41669,28.083396,0
85.416698,28.083388,0
85.416706,28.083379,0
85.416714,28.08337,0
85.416721,28.083361,0
85.416727,28.083354,0
85.416733,28.083348,0
85.416739,28.083344,0
85.416744,28.08334,0
85.41675,28.083337,0
85.416756,28.083334,0
85.416761,28.083333,0
85.416765,28.083333,0
85.416779,28.083332,0
85.416784,28.083328,0
85.416786,28.083327,0
85.416792,28.083323,0
85.416799,28.083318,0
85.416808,28.083311,0
85.416818,28.083304,0
85.416828,28.083298,0
85.416839,28.083293,0
85.416848,28.083287,0
85.416858,28.083282,0
85.416868,28.083278,0
85.416877,28.083275,0
85.416886,28.083271,0
85.416895,28.083269,0
85.416903,28.083266,0
85.41691,28.083265,0
85.416917,28.083264,0
85.416925,28.083262,0
85.416933,28.08326,0
85.416941,28.083259,0
85.416948,28.083257,0
85.416955,28.083255,0
85.416961,28.083253,0
85.416967,28.08325,0
85.416972,28.083248,0
85.416977,28.083246,0
85.416982,28.083243,0
85.416995,28.083235,0
85.416997,28.083234,0
85.417002,28.08323,0
85.417009,28.083227,0
85.417018,28.083222,0
85.417028,28.083216,0
85.417037,28.083209,0
85.417046,28.083201,0
85.417055,28.083194,0
85.417064,28.083189,0
85.417073,28.083185,0
85.417081,28.083181,0
85.417087,28.083177,0
85.417094,28.083174,0
85.417101,28.08317,0
85.417107,28.083165,0
85.417112,28.08316,0
85.417116,28.083155,0
85.41712,28.083151,0
85.417124,28.083149,0
85.41713,28.083148,0
85.417135,28.083146,0
85.417141,28.083145,0
85.417147,28.083142,0
85.417153,28.083139,0
85.417159,28.083137,0
85.417166,28.083134,0
85.417173,28.08313,0
85.417178,28.083127,0
85.417185,28.083122,0
85.417189,28.083118,0
85.417193,28.083112,0
85.417197,28.083105,0
85.417201,28.0831,0
85.417204,28.083095,0
85.417208,28.083091,0
85.417212,28.083088,0
85.417216,28.083082,0
85.41722,28.083076,0
85.417225,28.083071,0
85.417229,28.083064,0
85.417232,28.083058,0
85.417236,28.083053,0
85.417238,28.083048,0
85.417245,28.083034,0
85.417247,28.083033,0
85.417252,28.08303,0
85.417259,28.083024,0
85.417267,28.083017,0
85.417277,28.083011,0
85.417288,28.083004,0
85.417299,28.082998,0
85.41731,28.08299,0
85.417321,28.082981,0
85.417329,28.082971,0
85.417335,28.082962,0
85.417341,28.082953,0
85.417345,28.082943,0
85.417349,28.082934,0
85.417352,28.082925,0
85.417355,28.082916,0
85.417358,28.082908,0
85.417361,28.082899,0
85.417365,28.082892,0
85.417369,28.082884,0
85.417372,28.082877,0
85.417377,28.08287,0
85.41738,28.082865,0
85.417384,28.082861,0
85.417389,28.082858,0
85.417395,28.082856,0
85.417401,28.082855,0
85.417407,28.082855,0
85.417413,28.082854,0
85.417418,28.082851,0
85.417421,28.082849,0
85.417425,28.082847,0
85.417429,28.082845,0
85.417434,28.082844,0
85.417442,28.082842,0
85.417448,28.08284,0
85.417455,28.082837,0
85.417461,28.082834,0
85.417467,28.08283,0
85.417473,28.082825,0
85.417477,28.08282,0
85.41748,28.082815,0
85.417483,28.08281,0
85.417486,28.082805,0
85.417491,28.0828,0
85.417496,28.082796,0
85.4175,28.082792,0
85.417505,28.082788,0
85.41751,28.082784,0
85.417516,28.08278,0
85.417521,28.082776,0
85.417526,28.08277,0
85.417532,28.082765,0
85.417538,28.082758,0
85.417544,28.082752,0
85.41755,28.082745,0
85.417556,28.082738,0
85.417562,28.082732,0
85.417569,28.082725,0
85.417575,28.082719,0
85.417581,28.082713,0
85.417587,28.082707,0
85.417591,28.082701,0
85.417596,28.082696,0
85.4176,28.082693,0
85.417605,28.08269,0
85.417611,28.082686,0
85.417615,28.082683,0
85.417618,28.082682,0
85.417622,28.082681,0
85.417624,28.082679,0
85.41762,28.082674,0
85.41762,28.082673,0
85.417622,28.08267,0
85.417626,28.082667,0
85.417631,28.082663,0
85.417639,28.082657,0
85.417648,28.082651,0
85.417658,28.082645,0
85.41767,28.082639,0
85.417683,28.082632,0
85.417697,28.082627,0
85.417708,28.08262,0
85.417719,28.082614,0
85.417727,28.082607,0
85.417735,28.082599,0
85.417741,28.082593,0
85.417747,28.082587,0
85.417754,28.08258,0
85.417761,28.082572,0
85.417767,28.082565,0
85.417772,28.082559,0
85.417775,28.082554,0
85.41778,28.082549,0
85.417785,28.082545,0
85.41779,28.08254,0
85.417795,28.082537,0
85.417801,28.082534,0
85.417808,28.08253,0
85.417813,28.082527,0
85.417817,28.082524,0
85.41783,28.082521,0
85.417833,28.082521,0
85.417838,28.082521,0
85.417845,28.082519,0
85.417852,28.082518,0
85.417858,28.082515,0
85.417863,28.082512,0
85.41787,28.082509,0
85.417877,28.082505,0
85.417887,28.082503,0
85.417893,28.0825,0
85.417899,28.082498,0
85.417904,28.082495,0
85.41791,28.082492,0
85.417915,28.082487,0
85.417918,28.082483,0
85.417919,28.082477,0
85.41792,28.082471,0
85.417919,28.082465,0
85.417919,28.082458,0
85.417921,28.08245,0
85.417923,28.082442,0
85.417926,28.082434,0
85.417929,28.082427,0
85.417933,28.08242,0
85.417938,28.082413,0
85.417942,28.082407,0
85.417946,28.082399,0
85.41795,28.082392,0
85.417953,28.082384,0
85.417956,28.082378,0
85.417961,28.082372,0
85.417966,28.082365,0
85.417972,28.082359,0
85.417977,28.082353,0
85.417981,28.082347,0
85.417985,28.082341,0
85.417989,28.082335,0
85.417992,28.08233,0
85.417995,28.082327,0
85.418,28.082324,0
85.418004,28.08232,0
85.418009,28.082316,0
85.418012,28.082311,0
85.418014,28.082305,0
85.418016,28.0823,0
85.418017,28.082294,0
85.418018,28.082288,0
85.41802,28.082281,0
85.418021,28.082275,0
85.418022,28.082269,0
85.418023,28.082263,0
85.418025,28.082257,0
85.418027,28.082252,0
85.41803,28.082248,0
85.418033,28.082244,0
85.418035,28.08224,0
85.418039,28.082236,0
85.418043,28.082231,0
85.418049,28.082226,0
85.418054,28.082221,0
85.418059,28.082216,0
85.418063,28.08221,0
85.418066,28.082203,0
85.41807,28.082197,0
85.418074,28.082191,0
85.418079,28.082186,0
85.418083,28.082181,0
85.418087,28.082175,0
85.41809,28.082165,0
85.418087,28.082163,0
85.418084,28.082163,0
85.418077,28.082155,0
85.418078,28.082152,0
85.418081,28.082147,0
85.418084,28.08214,0
85.418089,28.082132,0
85.418094,28.082124,0
85.418098,28.082116,0
85.418104,28.08211,0
85.418111,28.082106,0
85.418118,28.082104,0
85.418124,28.082104,0
85.41813,28.082107,0
85.418136,28.082112,0
85.418143,28.082117,0
85.418149,28.082123,0
85.418156,28.08213,0
85.418163,28.082136,0
85.418171,28.082139,0
85.418178,28.082141,0
85.418184,28.082141,0
85.418189,28.082138,0
85.418195,28.082135,0
85.418201,28.082131,0
85.418207,28.082126,0
85.418213,28.082121,0
85.418218,28.082115,0
85.418223,28.08211,0
85.418228,28.082105,0
85.418231,28.0821,0
85.418234,28.082093,0
85.418234,28.082087,0
85.418234,28.08208,0
85.418234,28.082074,0
85.418236,28.082068,0
85.41824,28.082062,0
85.418244,28.082056,0
85.418249,28.082051,0
85.418253,28.082046,0
85.418269,28.08204,0
85.418271,28.082039,0
85.418274,28.082036,0
85.418278,28.082031,0
85.418281,28.082026,0
85.418284,28.08202,0
85.418287,28.082014,0
85.418291,28.082007,0
85.418297,28.082002,0
85.418302,28.081997,0
85.418307,28.081993,0
85.418311,28.08199,0
85.418316,28.081986,0
85.41832,28.081982,0
85.418324,28.081977,0
85.418326,28.081973,0
85.418329,28.081968,0
85.418331,28.081964,0
85.418334,28.081952,0
85.41834,28.081949,0
85.418342,28.081945,0
85.418346,28.081939,0
85.418353,28.081931,0
85.41836,28.081923,0
85.41837,28.081915,0
85.418381,28.081907,0
85.418393,28.0819,0
85.418404,28.081893,0
85.418415,28.081885,0
85.418425,28.081879,0
85.418433,28.081874,0
85.418439,28.08187,0
85.418443,28.081866,0
85.418447,28.081863,0
85.41845,28.081859,0
85.418453,28.081854,0
85.418456,28.08185,0
85.418457,28.081845,0
85.418458,28.081841,0
85.418465,28.081831,0
85.418466,28.08183,0
85.41847,28.08183,0
85.418476,28.081829,0
85.418483,28.081829,0
85.418491,28.081828,0
85.418498,28.081826,0
85.418505,28.081823,0
85.418512,28.08182,0
85.418516,28.081816,0
85.41852,28.081811,0
85.418522,28.081806,0
85.418524,28.0818,0
85.418526,28.081795,0
85.418527,28.08179,0
85.41853,28.081785,0
85.418534,28.08178,0
85.41854,28.081778,0
85.418545,28.081775,0
85.41855,28.081773,0
85.418556,28.081771,0
85.41856,28.081768,0
85.418562,28.081762,0
85.418554,28.081774,0
85.418557,28.081771,0
85.418564,28.081767,0
85.418575,28.081762,0
85.418586,28.081754,0
85.418599,28.081746,0
85.418614,28.081737,0
85.418629,28.081728,0
85.418642,28.081717,0
85.418655,28.081705,0
85.418666,28.081694,0
85.418676,28.081683,0
85.418686,28.081676,0
85.418695,28.081669,0
85.418704,28.081664,0
85.418714,28.081659,0
85.418724,28.081654,0
85.418735,28.08165,0
85.418745,28.081645,0
85.418755,28.081639,0
85.418762,28.081633,0
85.418768,28.081626,0
85.418773,28.081619,0
85.418777,28.081612,0
85.418783,28.081606,0
85.418788,28.0816,0
85.418795,28.081595,0
85.418802,28.08159,0
85.41881,28.081585,0
85.418818,28.081581,0
85.418824,28.081578,0
85.418829,28.081574,0
85.418835,28.081571,0
85.41884,28.081568,0
85.418844,28.081565,0
85.41885,28.081563,0
85.418857,28.081559,0
85.418862,28.081554,0
85.418866,28.081549,0
85.418869,28.081545,0
85.418872,28.081541,0
85.418875,28.081538,0
85.41888,28.081535,0
85.418885,28.081532,0
85.418889,28.081529,0
85.418894,28.081526,0
85.418898,28.081522,0
85.418902,28.081518,0
85.418906,28.081515,0
85.41891,28.081511,0
85.418914,28.081508,0
85.418917,28.081507,0
85.418922,28.081505,0
85.418926,28.081503,0
85.418931,28.081502,0
85.418934,28.081499,0
85.418938,28.081497,0
85.418942,28.081494,0
85.418946,28.081491,0
85.41895,28.081488,0
85.418952,28.081485,0
85.418954,28.081482,0
85.418955,28.081477,0
85.418955,28.081473,0
85.418957,28.081469,0
85.418959,28.081465,0
85.418962,28.081461,0
85.418964,28.081457,0
85.418966,28.081453,0
85.418969,28.081449,0
85.418975,28.081441,0
85.418976,28.081441,0
85.418972,28.081436,0
85.41897,28.081435,0
85.418965,28.081428,0
85.418964,28.081426,0
85.41897,28.08142,0
85.418974,28.081418,0
85.418981,28.081413,0
85.41899,28.081406,0
85.419,28.081397,0
85.41901,28.081387,0
85.419019,28.081378,0
85.419027,28.081368,0
85.419036,28.081358,0
85.419046,28.081348,0
85.419053,28.08134,0
85.41906,28.081333,0
85.419068,28.081329,0
85.419076,28.081327,0
85.419085,28.081325,0
85.419094,28.081324,0
85.419103,28.081323,0
85.41911,28.081321,0
85.419117,28.081319,0
85.419123,28.081316,0
85.419128,28.081313,0
85.419132,28.08131,0
85.419136,28.081307,0
85.419139,28.081303,0
85.419143,28.0813,0
85.419147,28.081297,0
85.419152,28.081295,0
85.419158,28.081292,0
85.419163,28.08129,0
85.419168,28.081289,0
85.419173,28.081288,0
85.419178,28.081287,0
85.419183,28.081286,0
85.419188,28.081285,0
85.419194,28.081282,0
85.4192,28.081278,0
85.419205,28.081274,0
85.419209,28.08127,0
85.419213,28.081267,0
85.419218,28.081265,0
85.419224,28.081261,0
85.41923,28.081258,0
85.419235,28.081254,0
85.419241,28.08125,0
85.419247,28.081246,0
85.419253,28.081242,0
85.419258,28.081237,0
85.419262,28.081233,0
85.419267,28.081229,0
85.419272,28.081223,0
85.419276,28.081219,0
85.419292,28.081205,0
85.419295,28.081204,0
85.419301,28.081201,0
85.419309,28.081197,0
85.419318,28.081192,0
85.419328,28.081186,0
85.419339,28.081179,0
85.419348,28.081172,0
85.419357,28.081165,0
85.419364,28.081158,0
85.419369,28.081152,0
85.41938,28.081142,0
85.419384,28.081143,0
85.419392,28.08114,0
85.419396,28.08114,0
85.419404,28.08114,0
85.419415,28.081141,0
85.419427,28.08114,0
85.41944,28.081139,0
85.419453,28.081137,0
85.419467,28.081136,0
85.419481,28.081136,0
85.419496,28.081135,0
85.419508,28.081134,0
85.419519,28.08113,0
85.419528,28.081123,0
85.419535,28.081115,0
85.419541,28.081107,0
85.419547,28.081099,0
85.419554,28.081091,0
85.419561,28.081083,0
85.419569,28.081075,0
85.419578,28.081067,0
85.419587,28.081058,0
85.419597,28.08105,0
85.419608,28.081042,0
85.419618,28.081035,0
85.419627,28.081027,0
85.419635,28.081016,0
85.419641,28.081005,0
85.419647,28.080994,0
85.419652,28.080983,0
85.419657,28.080972,0
85.419662,28.080962,0
85.419667,28.080953,0
85.419673,28.080946,0
85.41968,28.08094,0
85.419686,28.080935,0
85.419691,28.08093,0
85.419695,28.080925,0
85.419698,28.08092,0
85.419702,28.080915,0
85.419705,28.080911,0
85.419709,28.080899,0
85.41971,28.0809,0
85.419714,28.080904,0
85.419719,28.080895,0
85.419724,28.08089,0
85.419726,28.08089,0
85.419729,28.08089,0
85.419733,28.080888,0
85.419737,28.080886,0
85.419749,28.08088,0
85.419745,28.080879,0
85.41975,28.08085,0
85.419753,28.080848,0
85.419759,28.080843,0
85.419767,28.080835,0
85.419776,28.080826,0
85.419784,28.080815,0
85.419792,28.080803,0
85.4198,28.080792,0
85.419809,28.08078,0
85.419819,28.080769,0
85.419826,28.08076,0
85.419834,28.080752,0
85.41984,28.080744,0
85.419846,28.080737,0
85.41985,28.080732,0
85.419856,28.080726,0
85.41986,28.080722,0
85.419865,28.080718,0
85.41987,28.080715,0
85.419876,28.080714,0
85.41988,28.080713,0
85.419885,28.080712,0
85.419889,28.080709,0
85.419892,28.080706,0
85.419895,28.080703,0
85.419898,28.080699,0
85.4199,28.080695,0
85.419901,28.080691,0
85.419903,28.080686,0
85.419904,28.080681,0
85.419905,28.080676,0
85.419906,28.08067,0
85.419908,28.080665,0
85.41991,28.080661,0
85.419912,28.080657,0
85.419915,28.080652,0
85.419918,28.080647,0
85.41992,28.080642,0
85.419922,28.080638,0
85.419924,28.080635,0
85.419927,28.080632,0
85.419931,28.080629,0
85.419934,28.080627,0
85.419937,28.080624,0
85.419942,28.080622,0
85.419948,28.080619,0
85.419955,28.080617,0
85.419961,28.080614,0
85.419967,28.080611,0
85.419972,28.080609,0
85.419977,28.080607,0
85.419981,28.080605,0
85.419985,28.080603,0
85.419989,28.080601,0
85.419993,28.0806,0
85.419998,28.080599,0
85.420003,28.080597,0
85.420008,28.080596,0
85.420013,28.080595,0
85.420018,28.080594,0
85.420023,28.080593,0
85.420032,28.080599,0
85.420035,28.080597,0
85.420042,28.080592,0
85.420051,28.080585,0
85.420061,28.080577,0
85.420071,28.080568,0
85.420083,28.080559,0
85.420094,28.08055,0
85.420105,28.080542,0
85.420117,28.080532,0
85.420126,28.080523,0
85.420132,28.080515,0
85.420139,28.080509,0
85.420146,28.080503,0
85.420153,28.080498,0
85.42016,28.080493,0
85.420166,28.080487,0
85.42017,28.080481,0
85.420175,28.080475,0
85.42018,28.08047,0
85.420185,28.080465,0
85.42019,28.08046,0
85.420196,28.080457,0
85.420201,28.080453,0
85.420207,28.080449,0
85.420213,28.080445,0
85.42022,28.080442,0
85.420226,28.080438,0
85.420231,28.080435,0
85.420235,28.080431,0
85.420238,28.080426,0
85.42024,28.080422,0
85.420241,28.080417,0
85.420242,28.080412,0
85.420244,28.080407,0
85.420247,28.080401,0
85.42025,28.080396,0
85.420253,28.080391,0
85.420258,28.080386,0
85.420262,28.08038,0
85.420267,28.080373,0
85.420272,28.080367,0
85.420276,28.080361,0
85.420279,28.080355,0
85.420284,28.08035,0
85.420288,28.080345,0
85.420292,28.08034,0
85.420297,28.080336,0
85.420302,28.08033,0
85.420306,28.080325,0
85.42032,28.080313,0
85.420321,28.080311,0
85.420322,28.080308,0
85.420324,28.080304,0
85.420326,28.0803,0
85.420327,28.080296,0
85.420328,28.080293,0
85.420328,28.08029,0
85.420328,28.080288,0
85.42033,28.080278,0
85.420337,28.080273,0
85.420337,28.080272,0
85.420339,28.080269,0
85.42034,28.080265,0
85.420341,28.08026,0
85.420341,28.080255,0
85.420343,28.080249,0
85.420345,28.080242,0
85.420347,28.080236,0
85.420351,28.08023,0
85.420357,28.080223,0
85.420365,28.080216,0
85.420373,28.080209,0
85.42038,28.080205,0
85.420386,28.080201,0
85.420394,28.080196,0
85.4204,28.080191,0
85.420404,28.080184,0
85.420407,28.080178,0
85.42041,28.080172,0
85.420412,28.080166,0
85.420413,28.08016,0
85.420413,28.080154,0
85.420413,28.080149,0
85.420412,28.080145,0
85.420411,28.080141,0
85.420412,28.080137,0
85.420412,28.080133,0
85.420411,28.08013,0
85.42041,28.080127,0
85.420407,28.08012,0
85.420409,28.080115,0
85.420409,28.080113,0
85.42041,28.080109,0
85.420412,28.080103,0
85.420415,28.080096,0
85.420418,28.080088,0
85.420421,28.080079,0
85.420424,28.08007,0
85.420427,28.080061,0
85.42043,28.080052,0
85.420433,28.080042,0
85.420436,28.080035,0
85.420439,28.080029,0
85.420441,28.080024,0
85.420443,28.080019,0
85.420445,28.080015,0
85.420446,28.080012,0
85.420448,28.080008,0
85.420455,28.079996,0
85.420459,28.079986,0
85.42046,28.079984,0
85.420461,28.079982,0
85.420463,28.07998,0
85.420465,28.079978,0
85.420467,28.079976,0
85.420475,28.07997,0
85.420476,28.079969,0
85.420478,28.079967,0
85.420479,28.079966,0
85.42048,28.079965,0
85.420482,28.079962,0
85.420484,28.07996,0
85.420489,28.07995,0
85.420489,28.079949,0
85.42049,28.079947,0
85.420492,28.079945,0
85.420494,28.079942,0
85.420496,28.079939,0
85.420498,28.079936,0
85.4205,28.079933,0
85.420502,28.07993,0
85.420504,28.079928,0
85.420507,28.079925,0
85.420514,28.079917,0
85.420522,28.079917,0
85.420524,28.079916,0
85.42053,28.079914,0
85.420537,28.079911,0
85.420544,28.079908,0
85.420552,28.079904,0
85.420561,28.079901,0
85.42057,28.079897,0
85.420579,28.079893,0
85.420587,28.079889,0
85.420593,28.079885,0
85.420597,28.079882,0
85.420602,28.07988,0
85.420605,28.079878,0
85.42061,28.079876,0
85.420614,28.079876,0
85.420617,28.079876,0
85.420622,28.079877,0
85.420626,28.079877,0
85.420629,28.079876,0
85.420632,28.079875,0
85.420634,28.079873,0
85.420634,28.07987,0
85.420635,28.079867,0
85.420638,28.079865,0
85.42064,28.079863,0
85.420643,28.07986,0
85.420646,28.079858,0
85.420657,28.079855,0
85.42066,28.079857,0
85.420664,28.079854,0
85.420665,28.079854,0
85.420667,28.079854,0
85.42067,28.079854,0
85.420682,28.079854,0
85.420683,28.079854,0
85.420686,28.079853,0
85.420689,28.079852,0
85.420691,28.07985,0
85.420695,28.079849,0
85.420702,28.079846,0
85.420711,28.079843,0
85.420721,28.079839,0
85.420732,28.079835,0
85.420743,28.079829,0
85.420754,28.079823,0
85.420765,28.079816,0
85.420775,28.079808,0
85.420786,28.079801,0
85.420794,28.079794,0
85.4208,28.079788,0
85.420804,28.079783,0
85.420808,28.079778,0
85.420812,28.079774,0
85.420816,28.07977,0
85.42082,28.079767,0
85.420824,28.079763,0
85.420829,28.079759,0
85.420835,28.079755,0
85.420841,28.079751,0
85.420846,28.079748,0
85.420851,28.079745,0
85.420857,28.079742,0
85.420861,28.079737,0
85.420865,28.079733,0
85.420867,28.07973,0
85.420869,28.079726,0
85.420872,28.079721,0
85.420874,28.079717,0
85.420876,28.079712,0
85.420878,28.079709,0
85.420881,28.079705,0
85.420884,28.079701,0
85.420887,28.079698,0
85.420891,28.079694,0
85.420895,28.079691,0
85.420899,28.079688,0
85.420903,28.079685,0
85.420907,28.079682,0
85.420911,28.079678,0
85.420914,28.079675,0
85.420917,28.079671,0
85.42092,28.079667,0
85.420923,28.079663,0
85.420926,28.079658,0
85.42093,28.079654,0
85.420933,28.07965,0
85.420937,28.079645,0
85.420941,28.079641,0
85.420944,28.079637,0
85.420959,28.079621,0
85.420961,28.079618,0
85.420964,28.079612,0
85.42097,28.079604,0
85.420978,28.079595,0
85.420986,28.079585,0
85.420994,28.079574,0
85.421004,28.079563,0
85.421014,28.079552,0
85.421026,28.07954,0
85.421035,28.07953,0
85.421043,28.079521,0
85.421049,28.079513,0
85.421056,28.079505,0
85.421061,28.079498,0
85.421066,28.07949,0
85.421069,28.079483,0
85.421074,28.079476,0
85.421077,28.07947,0
85.421081,28.079463,0
85.421084,28.079459,0
85.421089,28.079449,0
85.421085,28.079449,0
85.42108,28.079447,0
85.421075,28.079451,0
85.421074,28.079451,0
85.421071,28.079451,0
85.421068,28.079451,0
85.42106,28.079451,0
85.421061,28.079448,0
85.421063,28.079443,0
85.421066,28.079437,0
85.421069,28.079428,0
85.421073,28.079419,0
85.421076,28.07941,0
85.421078,28.0794,0
85.421081,28.07939,0
85.421083,28.07938,0
85.421085,28.079371,0
85.421088,28.079363,0
85.42109,28.079357,0
85.421092,28.079346,0
85.421091,28.079348,0
85.421089,28.079352,0
85.421087,28.079358,0
85.421085,28.079366,0
85.421085,28.079374,0
85.421085,28.079383,0
85.421085,28.079392,0
85.421084,28.079401,0
85.421083,28.079409,0
85.421081,28.079418,0
85.421079,28.079426,0
85.421075,28.079432,0
85.421071,28.079438,0
85.421069,28.079446,0
85.421071,28.079443,0
85.421077,28.079438,0
85.421083,28.079431,0
85.421089,28.079422,0
85.421095,28.079413,0
85.4211,28.079404,0
85.421104,28.079393,0
85.421109,28.079383,0
85.421111,28.079373,0
85.421113,28.079363,0
85.421116,28.079354,0
85.421117,28.079345,0
85.42112,28.079336,0
85.421122,28.079328,0
85.421123,28.079319,0
85.421123,28.079312,0
85.421125,28.079303,0
85.421126,28.079295,0
85.421127,28.079286,0
85.421128,28.079279,0
85.421128,28.079271,0
85.421129,28.079263,0
85.42113,28.079257,0
85.421134,28.079243,0
85.421132,28.079246,0
85.421132,28.079239,0
85.421132,28.079238,0
85.421132,28.079233,0
85.421131,28.079226,0
85.42113,28.07922,0
85.421129,28.079211,0
85.42113,28.079202,0
85.42113,28.079194,0
85.42113,28.079187,0
85.421122,28.079173,0
85.421121,28.079164,0
85.421121,28.079163,0
85.421121,28.079161,0
85.421121,28.079158,0
85.421121,28.07916,0
85.421122,28.079164,0
85.421124,28.079169,0
85.421125,28.079174,0
85.421127,28.079179,0
85.421127,28.079184,0
85.421128,28.079188,0
85.421128,28.079191,0
85.421119,28.079193,0
85.421117,28.079192,0
85.421114,28.07919,0
85.421109,28.079187,0
85.421103,28.079184,0
85.421097,28.07918,0
85.42109,28.079176,0
85.421083,28.079172,0
85.421077,28.079168,0
85.421071,28.079165,0
85.421054,28.079154,0
85.421053,28.079154,0
85.421051,28.079149,0
85.421047,28.079154,0
85.421042,28.079156,0
85.421041,28.079156,0
85.421038,28.079156,0
85.421034,28.079156,0
85.421029,28.079156,0
85.421025,28.079156,0
85.421017,28.079154,0
85.421019,28.079148,0
85.421019,28.079147,0
85.421034,28.079143,0
85.421041,28.079139,0
85.421045,28.079138,0
85.421052,28.079135,0
85.421062,28.079131,0
85.421072,28.079125,0
85.421084,28.079117,0
85.421097,28.079108,0
85.42111,28.079099,0
85.421122,28.079089,0
85.421134,28.079079,0
85.421145,28.079069,0
85.421153,28.079058,0
85.421159,28.079046,0
85.421165,28.079034,0
85.421167,28.07902,0
85.421167,28.079004,0
85.421169,28.078988,0
85.421171,28.078973,0
85.421174,28.078959,0
85.421177,28.078947,0
85.42118,28.078936,0
85.421184,28.078925,0
85.421186,28.078914,0
85.421189,28.078904,0
85.421192,28.078893,0
85.421196,28.078884,0
85.4212,28.078875,0
85.421203,28.078867,0
85.421205,28.078858,0
85.421205,28.07885,0
85.421204,28.078842,0
85.421199,28.078821,0
85.421199,28.07882,0
85.4212,28.078816,0
85.4212,28.078812,0
85.421198,28.078807,0
85.421196,28.078801,0
85.421194,28.078794,0
85.421192,28.078787,0
85.42119,28.078779,0
85.421187,28.07877,0
85.421186,28.078763,0
85.421184,28.078756,0
85.421183,28.078748,0
85.421183,28.078741,0
85.421184,28.078733,0
85.421187,28.078726,0
85.421189,28.078718,0
85.421191,28.078712,0
85.421192,28.078704,0
85.421194,28.078697,0
85.421196,28.078689,0
85.421197,28.078681,0
85.421197,28.078674,0
85.421196,28.078667,0
85.421194,28.07866,0
85.421192,28.078653,0
85.421192,28.078647,0
85.421191,28.078639,0
85.421189,28.078632,0
85.421187,28.078626,0
85.421183,28.078621,0
85.421178,28.078616,0
85.421172,28.078611,0
85.421166,28.078607,0
85.421161,28.078603,0
85.421158,28.078599,0
85.421155,28.078596,0
85.421148,28.07859,0
85.421141,28.078588,0
85.421142,28.078592,0
85.421145,28.078599,0
85.421148,28.078608,0
85.42115,28.078618,0
85.421152,28.078628,0
85.421152,28.078636,0
85.421154,28.078643,0
85.421156,28.07865,0
85.421158,28.078655,0
85.421158,28.078663,0
85.421157,28.078663,0
85.421154,28.078678,0
85.421156,28.078681,0
85.421159,28.078689,0
85.421164,28.078698,0
85.421169,28.078709,0
85.421175,28.078721,0
85.421181,28.078734,0
85.421187,28.078749,0
85.421192,28.078765,0
85.421197,28.078783,0
85.4212,28.078799,0
85.421201,28.078814,0
85.421201,28.078828,0
85.421202,28.07884,0
85.421201,28.078853,0
85.421202,28.078866,0
85.421201,28.078878,0
85.421201,28.078891,0
85.421201,28.078904,0
85.4212,28.078918,0
85.421199,28.07893,0
85.421199,28.078943,0
85.421198,28.078955,0
85.421199,28.078966,0
85.421199,28.078976,0
85.421197,28.078987,0
85.421195,28.078997,0
85.421193,28.079008,0
85.421191,28.07902,0
85.42119,28.079031,0
85.421189,28.079043,0
85.421188,28.079054,0
85.421186,28.079065,0
85.421184,28.079075,0
85.421181,28.079086,0
85.421179,28.079098,0
85.421176,28.079109,0
85.421174,28.07912,0
85.421172,28.079131,0
85.42117,28.079142,0
85.421167,28.079153,0
85.421166,28.079163,0
85.421163,28.079174,0
85.421161,28.079185,0
85.421159,28.079197,0
85.421158,28.079206,0
85.421155,28.079228,0
85.421154,28.079229,0
85.421152,28.079231,0
85.421149,28.079236,0
85.421146,28.079242,0
85.421142,28.079249,0
85.421138,28.079257,0
85.421134,28.079265,0
85.42113,28.079273,0
85.421127,28.079282,0
85.421124,28.079291,0
85.42112,28.079301,0
85.421116,28.079312,0
85.421113,28.079323,0
85.42111,28.079334,0
85.421107,28.079345,0
85.421106,28.079354,0
85.421103,28.079378,0
85.4211,28.079381,0
85.421095,28.079387,0
85.421089,28.079397,0
85.421082,28.079409,0
85.421074,28.079421,0
85.421068,28.079434,0
85.42106,28.079446,0
85.421051,28.079458,0
85.421039,28.079469,0
85.421029,28.079478,0
85.42102,28.079486,0
85.421011,28.079495,0
85.421004,28.079503,0
85.420997,28.079512,0
85.420991,28.07952,0
85.420985,28.079529,0
85.420979,28.079537,0
85.420973,28.079544,0
85.420967,28.079551,0
85.420961,28.079558,0
85.420957,28.079566,0
85.420952,28.079573,0
85.420947,28.07958,0
85.420944,28.079588,0
85.42094,28.079596,0
85.420936,28.079603,0
85.420931,28.079611,0
85.420928,28.079619,0
85.420923,28.079626,0
85.420919,28.079633,0
85.420915,28.079639,0
85.42091,28.079645,0
85.420905,28.079651,0
85.420901,28.079658,0
85.420896,28.079665,0
85.420891,28.079673,0
85.420886,28.079679,0
85.420881,28.079686,0
85.420875,28.079692,0
85.420869,28.079697,0
85.420863,28.079702,0
85.420858,28.079708,0
85.420852,28.079714,0
85.420846,28.07972,0
85.420839,28.079725,0
85.420832,28.079731,0
85.420826,28.079735,0
85.42082,28.07974,0
85.420815,28.079745,0
85.420808,28.07975,0
85.420801,28.079754,0
85.420783,28.079763,0
85.420782,28.079764,0
85.420779,28.079764,0
85.420776,28.079766,0
85.420772,28.079767,0
85.420767,28.079769,0
85.420761,28.079772,0
85.420757,28.079776,0
85.420754,28.079779,0
85.420751,28.079782,0
85.420739,28.079792,0
85.420737,28.079792,0
85.420736,28.079792,0
85.420733,28.079794,0
85.420731,28.079795,0
85.420722,28.079803,0
85.420725,28.079812,0
85.420715,28.079812,0
85.420714,28.079812,0
85.420713,28.079813,0
85.420711,28.079815,0
85.4207,28.07982,0
85.420699,28.07982,0
85.420698,28.07982,0
85.420684,28.079823,0
85.420683,28.079823,0
85.420681,28.079823,0
85.420677,28.079823,0
85.420674,28.079823,0
85.420671,28.079824,0
85.420668,28.079825,0
85.420665,28.079828,0
85.420663,28.079832,0
85.420662,28.079836,0
85.420659,28.07984,0
85.420658,28.079843,0
85.420656,28.079846,0
85.420653,28.079848,0
85.420644,28.079855,0
85.420632,28.079858,0
85.420631,28.079859,0
85.42063,28.079859,0
85.420628,28.079861,0
85.420627,28.079862,0
85.42062,28.07987,0
85.420622,28.079872,0
85.420627,28.079877,0
85.420615,28.079877,0
85.420612,28.079878,0
85.420605,28.07988,0
85.420595,28.079882,0
85.420583,28.079886,0
85.420571,28.079891,0
85.420559,28.079896,0
85.420546,28.079901,0
85.420533,28.079906,0
85.42052,28.079911,0
85.420511,28.079916,0
85.420503,28.079921,0
85.420496,28.079926,0
85.420489,28.07993,0
85.420483,28.079933,0
85.420478,28.079935,0
85.420464,28.079948,0
85.420463,28.079951,0
85.420461,28.079959,0
85.420459,28.07997,0
85.420456,28.079982,0
85.420452,28.079994,0
85.420448,28.080005,0
85.420443,28.080014,0
85.420439,28.080022,0
85.420435,28.080029,0
85.420426,28.08005,0
85.420425,28.080052,0
85.420424,28.080057,0
85.420423,28.080063,0
85.420423,28.08007,0
85.420422,28.080079,0
85.420423,28.080086,0
85.420423,28.080094,0
85.420422,28.080105,0
85.420421,28.080117,0
85.420423,28.080126,0
85.420426,28.080132,0
85.420427,28.080138,0
85.420428,28.080145,0
85.420428,28.080151,0
85.420425,28.080155,0
85.420421,28.080158,0
85.420418,28.080162,0
85.420415,28.080164,0
85.420413,28.080167,0
85.420404,28.080173,0
85.420402,28.080182,0
85.420402,28.080185,0
85.4204,28.080192,0
85.420398,28.080201,0
85.420394,28.080211,0
85.42039,28.080223,0
85.420386,28.080235,0
85.420381,28.080248,0
85.420376,28.080263,0
85.420371,28.080278,0
85.420368,28.08029,0
85.420366,28.080301,0
85.420364,28.08031,0
85.420361,28.080318,0
85.420359,28.080325,0
85.420356,28.080331,0
85.420351,28.080337,0
85.420346,28.080342,0
85.420342,28.080347,0
85.420336,28.080352,0
85.420331,28.080356,0
85.420326,28.080361,0
85.42032,28.080366,0
85.420316,28.08037,0
85.420312,28.080375,0
85.42031,28.080379,0
85.420306,28.080384,0
85.420303,28.080389,0
85.4203,28.080395,0
85.420298,28.080401,0
85.420294,28.080407,0
85.420291,28.080413,0
85.420288,28.080419,0
85.420284,28.080424,0
85.42028,28.080427,0
85.420276,28.08043,0
85.420263,28.080433,0
85.42026,28.080434,0
85.420257,28.080434,0
85.420252,28.080436,0
85.420246,28.080437,0
85.420239,28.080438,0
85.420232,28.080441,0
85.420225,28.080444,0
85.420219,28.080449,0
85.420213,28.080454,0
85.420208,28.080459,0
85.420201,28.080464,0
85.420194,28.08047,0
85.420188,28.080473,0
85.420181,28.080478,0
85.420174,28.080482,0
85.420169,28.080487,0
85.420165,28.080492,0
85.420161,28.080498,0
85.420156,28.080504,0
85.42015,28.08051,0
85.420145,28.080516,0
85.420141,28.080522,0
85.420137,28.080528,0
85.420133,28.080534,0
85.420131,28.08054,0
85.420127,28.080545,0
85.420123,28.08055,0
85.42012,28.080555,0
85.420117,28.08056,0
85.420112,28.080564,0
85.420105,28.080567,0
85.420098,28.08057,0
85.420092,28.080572,0
85.420085,28.080574,0
85.420063,28.080582,0
85.420061,28.080583,0
85.420059,28.080586,0
85.420056,28.080589,0
85.420053,28.080593,0
85.420049,28.080596,0
85.420045,28.080599,0
85.420031,28.08061,0
85.42003,28.08061,0
85.420027,28.080611,0
85.420023,28.080613,0
85.420018,28.080614,0
85.420012,28.080616,0
85.420007,28.080617,0
85.420002,28.080618,0
85.419986,28.080622,0
85.419981,28.080627,0
85.41998,28.080629,0
85.419979,28.080632,0
85.419978,28.080634,0
85.419977,28.080637,0
85.419965,28.08065,0
85.419963,28.080653,0
85.419961,28.080659,0
85.419958,28.080668,0
85.419955,28.080678,0
85.41995,28.080687,0
85.419944,28.080697,0
85.419936,28.080706,0
85.419928,28.080716,0
85.419919,28.080726,0
85.41991,28.080733,0
85.419903,28.08074,0
85.419898,28.080745,0
85.419885,28.08076,0
85.419884,28.080761,0
85.419882,28.080765,0
85.419879,28.08077,0
85.419876,28.080776,0
85.419873,28.080783,0
85.419871,28.08079,0
85.419868,28.080798,0
85.419865,28.080807,0
85.419862,28.080816,0
85.419858,28.080827,0
85.419856,28.080836,0
85.419855,28.080844,0
85.419854,28.080851,0
85.419851,28.080857,0
85.419846,28.080862,0
85.419842,28.080866,0
85.419838,28.080869,0
85.419832,28.080871,0
85.419827,28.080873,0
85.419821,28.080876,0
85.419814,28.08088,0
85.419809,28.080884,0
85.419804,28.080888,0
85.4198,28.080892,0
85.419795,28.080894,0
85.41979,28.080898,0
85.419785,28.080902,0
85.41978,28.080907,0
85.419776,28.080912,0
85.419772,28.080917,0
85.419768,28.08092,0
85.419763,28.080922,0
85.419758,28.080925,0
85.419754,28.080927,0
85.419751,28.08093,0
85.419747,28.080933,0
85.419744,28.080937,0
85.419739,28.080941,0
85.419734,28.080944,0
85.419728,28.080949,0
85.419723,28.080954,0
85.419718,28.080959,0
85.419712,28.080965,0
85.419706,28.080971,0
85.419701,28.080976,0
85.419698,28.080984,0
85.419695,28.080992,0
85.419694,28.081,0
85.419691,28.081007,0
85.419689,28.081015,0
85.419687,28.081021,0
85.419685,28.081027,0
85.419682,28.081033,0
85.419678,28.081038,0
85.419675,28.081042,0
85.419672,28.081046,0
85.419669,28.08105,0
85.419665,28.081053,0
85.419663,28.081056,0
85.419655,28.081063,0
85.419655,28.081067,0
85.419654,28.081069,0
85.419651,28.081073,0
85.419646,28.081078,0
85.41964,28.081085,0
85.419634,28.081092,0
85.419627,28.0811,0
85.41962,28.081108,0
85.419614,28.081115,0
85.419608,28.081122,0
85.419604,28.081127,0
85.419601,28.081131,0
85.419598,28.081137,0
85.419594,28.081143,0
85.41959,28.081148,0
85.419586,28.081154,0
85.41958,28.081158,0
85.419574,28.081163,0
85.419567,28.081167,0
85.419561,28.08117,0
85.419555,28.081175,0
85.419548,28.081178,0
85.419541,28.081181,0
85.419536,28.081183,0
85.419531,28.081184,0
85.419528,28.081185,0
85.419511,28.081188,0
85.419507,28.081189,0
85.419499,28.081192,0
85.419489,28.081195,0
85.419478,28.081199,0
85.419466,28.081202,0
85.419453,28.081207,0
85.41944,28.081211,0
85.419426,28.081216,0
85.41941,28.081221,0
85.419398,28.081225,0
85.419388,28.081229,0
85.419378,28.081234,0
85.419369,28.081237,0
85.419361,28.081241,0
85.419354,28.081247,0
85.419348,28.081253,0
85.419343,28.081259,0
85.419337,28.081265,0
85.419332,28.08127,0
85.419326,28.081274,0
85.419322,28.081278,0
85.419311,28.081288,0
85.419309,28.081289,0
85.419307,28.081291,0
85.419304,28.081295,0
85.419301,28.081299,0
85.419298,28.081303,0
85.419295,28.081307,0
85.419291,28.081311,0
85.419287,28.081315,0
85.419282,28.081319,0
85.419278,28.081322,0
85.419275,28.081326,0
85.419263,28.081335,0
85.419262,28.081335,0
85.419259,28.081337,0
85.419253,28.081338,0
85.419243,28.081341,0
85.419231,28.081344,0
85.419218,28.081348,0
85.419204,28.081354,0
85.419189,28.081361,0
85.419174,28.081369,0
85.41916,28.081378,0
85.419145,28.081388,0
85.419135,28.081399,0
85.419129,28.08141,0
85.419124,28.081419,0
85.41912,28.081427,0
85.419115,28.081434,0
85.41911,28.08144,0
85.419104,28.081444,0
85.419098,28.081449,0
85.419092,28.081453,0
85.419085,28.081457,0
85.41908,28.081462,0
85.419075,28.081467,0
85.419071,28.081473,0
85.419066,28.081479,0
85.419061,28.081484,0
85.419055,28.081487,0
85.41905,28.081489,0
85.419045,28.08149,0
85.419038,28.08149,0
85.419032,28.08149,0
85.419026,28.081493,0
85.419022,28.081497,0
85.419018,28.081503,0
85.419015,28.081508,0
85.419012,28.081513,0
85.419009,28.081519,0
85.419008,28.081525,0
85.419007,28.081531,0
85.419007,28.081536,0
85.419005,28.081542,0
85.419002,28.081547,0
85.418998,28.081552,0
85.418994,28.081555,0
85.418983,28.081563,0
85.418978,28.081567,0
85.418977,28.081567,0
85.418974,28.081567,0
85.41897,28.081567,0
85.418967,28.081568,0
85.418965,28.08157,0
85.418962,28.081573,0
85.418958,28.081576,0
85.418954,28.081579,0
85.418948,28.081582,0
85.418943,28.081584,0
85.418939,28.081587,0
85.418935,28.081589,0
85.41893,28.08159,0
85.418925,28.081592,0
85.41892,28.081596,0
85.418919,28.0816,0
85.418918,28.081606,0
85.418917,28.08161,0
85.418914,28.081615,0
85.41891,28.081619,0
85.418904,28.081621,0
85.418898,28.081623,0
85.418893,28.081624,0
85.418887,28.081626,0
85.418883,28.08163,0
85.418879,28.081634,0
85.418872,28.081637,0
85.418865,28.081639,0
85.418858,28.081641,0
85.41885,28.081644,0
85.418842,28.081648,0
85.418835,28.081654,0
85.418828,28.08166,0
85.418823,28.081667,0
85.418818,28.081674,0
85.418813,28.081681,0
85.418807,28.081687,0
85.418802,28.081693,0
85.418797,28.081699,0
85.418792,28.081704,0
85.418786,28.081707,0
85.418781,28.081708,0
85.418765,28.081712,0
85.418764,28.081712,0
85.418761,28.081713,0
85.418756,28.081716,0
85.41875,28.08172,0
85.418745,28.081727,0
85.41874,28.081734,0
85.418734,28.081741,0
85.418729,28.081749,0
85.418723,28.081754,0
85.418717,28.081759,0
85.41871,28.081762,0
85.418702,28.081765,0
85.418696,28.081768,0
85.418689,28.081771,0
85.418683,28.081774,0
85.418676,28.081777,0
85.418668,28.081779,0
85.41866,28.081781,0
85.418651,28.081783,0
85.418641,28.081784,0
85.418632,28.081786,0
85.418625,28.081788,0
85.418603,28.081797,0
85.418603,28.081798,0
85.418602,28.081801,0
85.418601,28.081803,0
85.4186,28.081808,0
85.418603,28.081807,0
85.41861,28.081805,0
85.41861,28.08181,0
85.418609,28.08181,0
85.418598,28.081823,0
85.418596,28.081826,0
85.41859,28.081831,0
85.418582,28.081838,0
85.418573,28.081846,0
85.418563,28.081855,0
85.418554,28.081864,0
85.418545,28.081871,0
85.418536,28.081878,0
85.418528,28.081887,0
85.418523,28.081893,0
85.418519,28.081899,0
85.418516,28.081904,0
85.418513,28.08191,0
85.418511,28.081915,0
85.418508,28.08192,0
85.418504,28.081924,0
85.418499,28.081927,0
85.418493,28.081929,0
85.418489,28.081931,0
85.418483,28.081934,0
85.418477,28.081939,0
85.418472,28.081945,0
85.418468,28.081951,0
85.418466,28.081956,0
85.418465,28.081961,0
85.418465,28.081967,0
85.418462,28.081972,0
85.418459,28.081976,0
85.418454,28.08198,0
85.418449,28.081984,0
85.418442,28.081987,0
85.418436,28.081991,0
85.41843,28.081995,0
85.418424,28.082,0
85.418419,28.082003,0
85.418414,28.082008,0
85.418409,28.082012,0
85.418404,28.082016,0
85.418399,28.082021,0
85.418394,28.082024,0
85.418388,28.082028,0
85.418382,28.082031,0
85.418377,28.082034,0
85.418371,28.082037,0
85.418363,28.082041,0
85.418356,28.082043,0
85.418351,28.082045,0
85.418334,28.082052,0
85.418333,28.082052,0
85.418332,28.082054,0
85.418329,28.082057,0
85.418326,28.082061,0
85.418323,28.082064,0
85.418321,28.082068,0
85.418318,28.082073,0
85.418316,28.082077,0
85.418312,28.082081,0
85.418306,28.082085,0
85.418301,28.082087,0
85.418295,28.082088,0
85.41829,28.08209,0
85.418285,28.082092,0
85.41828,28.082093,0
85.418274,28.082096,0
85.418269,28.082099,0
85.418263,28.082101,0
85.418258,28.082104,0
85.418252,28.082106,0
85.418247,28.08211,0
85.418242,28.082114,0
85.418236,28.082119,0
85.418232,28.082122,0
85.418228,28.082124,0
85.418222,28.082126,0
85.418217,28.082126,0
85.418212,28.082126,0
85.418208,28.082127,0
85.418203,28.082128,0
85.418197,28.08213,0
85.418191,28.082133,0
85.418186,28.082135,0
85.418166,28.082148,0
85.418164,28.082151,0
85.418162,28.082155,0
85.418159,28.082162,0
85.418154,28.082171,0
85.418147,28.082182,0
85.418139,28.082195,0
85.418132,28.082208,0
85.418125,28.082223,0
85.418118,28.082236,0
85.418112,28.082247,0
85.418106,28.082256,0
85.418101,28.082265,0
85.418096,28.082272,0
85.418091,28.082279,0
85.418087,28.082287,0
85.418082,28.082297,0
85.418078,28.082306,0
85.418076,28.082316,0
85.418074,28.082328,0
85.418072,28.082339,0
85.41807,28.08235,0
85.418067,28.082359,0
85.418062,28.082365,0
85.41806,28.08237,0
85.418054,28.082375,0
85.41805,28.082381,0
85.418045,28.082385,0
85.418042,28.08239,0
85.418041,28.082394,0
85.41804,28.082398,0
85.418036,28.082404,0
85.41803,28.082411,0
85.418025,28.082418,0
85.418021,28.082424,0
85.418018,28.082433,0
85.418015,28.082442,0
85.418013,28.082451,0
85.418011,28.082459,0
85.41801,28.082465,0
85.418007,28.082471,0
85.418004,28.082478,0
85.418,28.082484,0
85.417996,28.08249,0
85.417994,28.082496,0
85.417988,28.082512,0
85.417989,28.082515,0
85.41799,28.082519,0
85.417992,28.082524,0
85.417991,28.082528,0
85.41799,28.082533,0
85.417988,28.082536,0
85.417985,28.08254,0
85.417981,28.082543,0
85.417976,28.082546,0
85.417972,28.08255,0
85.417968,28.082555,0
85.417965,28.082562,0
85.417963,28.082571,0
85.417962,28.082579,0
85.41796,28.082586,0
85.417957,28.082592,0
85.417955,28.082597,0
85.417951,28.082598,0
85.417947,28.082597,0
85.417942,28.082595,0
85.417937,28.082593,0
85.417933,28.082592,0
85.417923,28.082588,0
85.417922,28.082588,0
85.417919,28.082586,0
85.417916,28.082585,0
85.417911,28.082585,0
85.417904,28.082584,0
85.417897,28.082584,0
85.417889,28.082586,0
85.417882,28.082588,0
85.417874,28.08259,0
85.417867,28.082593,0
85.417861,28.082597,0
85.417857,28.082601,0
85.417853,28.082606,0
85.417849,28.082611,0
85.417845,28.082616,0
85.417839,28.08262,0
85.417832,28.082626,0
85.417826,28.082632,0
85.417822,28.082639,0
85.417819,28.082647,0
85.417815,28.082654,0
85.417811,28.082661,0
85.417805,28.082666,0
85.417799,28.082672,0
85.417793,28.082676,0
85.417786,28.08268,0
85.41778,28.082682,0
85.417774,28.082684,0
85.417767,28.082687,0
85.417761,28.08269,0
85.417756,28.082694,0
85.41775,28.082698,0
85.417745,28.0827,0
85.417739,28.082703,0
85.417732,28.082706,0
85.417725,28.08271,0
85.417718,28.082712,0
85.417711,28.082714,0
85.417704,28.082715,0
85.417697,28.082716,0
85.41769,28.082718,0
85.417684,28.082721,0
85.417679,28.082725,0
85.417675,28.082729,0
85.417671,28.082733,0
85.417666,28.082737,0
85.417659,28.08274,0
85.417652,28.082744,0
85.417646,28.082749,0
85.417639,28.082755,0
85.417632,28.082762,0
85.417625,28.08277,0
85.417618,28.082776,0
85.417611,28.082782,0
85.417605,28.082787,0
85.417599,28.082793,0
85.417594,28.082799,0
85.417589,28.082804,0
85.417585,28.082811,0
85.417582,28.082818,0
85.417578,28.082825,0
85.417575,28.082832,0
85.417572,28.082839,0
85.417568,28.082845,0
85.417565,28.082849,0
85.417561,28.082853,0
85.417555,28.082856,0
85.41755,28.08286,0
85.417545,28.082863,0
85.417539,28.082866,0
85.417534,28.082869,0
85.417528,28.08287,0
85.417523,28.082871,0
85.417509,28.082878,0
85.417507,28.082879,0
85.417504,28.08288,0
85.4175,28.082881,0
85.417496,28.082881,0
85.41749,28.082883,0
85.417485,28.082885,0
85.41748,28.082887,0
85.417475,28.082889,0
85.417471,28.082891,0
85.417459,28.082893,0
85.417456,28.082893,0
85.417452,28.082895,0
85.417449,28.082897,0
85.417446,28.082902,0
85.417441,28.082907,0
85.417436,28.082913,0
85.417431,28.082921,0
85.417426,28.082929,0
85.417421,28.082937,0
85.417416,28.082946,0
85.417413,28.082955,0
85.41741,28.082964,0
85.417406,28.082974,0
85.417402,28.082983,0
85.417396,28.082991,0
85.417391,28.082999,0
85.417385,28.083007,0
85.417378,28.083014,0
85.41737,28.083021,0
85.417363,28.083027,0
85.417354,28.083032,0
85.417346,28.083037,0
85.417338,28.083043,0
85.417329,28.083049,0
85.41732,28.083055,0
85.417311,28.08306,0
85.417304,28.083066,0
85.417297,28.083073,0
85.41729,28.083079,0
85.417284,28.083087,0
85.417278,28.083096,0
85.417273,28.083104,0
85.417268,28.083113,0
85.417263,28.08312,0
85.417257,28.083126,0
85.417251,28.083132,0
85.417246,28.083138,0
85.417242,28.083144,0
85.417238,28.083151,0
85.417235,28.083157,0
85.417231,28.083161,0
85.417227,28.083165,0
85.417222,28.083168,0
85.417216,28.083171,0
85.417209,28.083174,0
85.417203,28.083177,0
85.417196,28.083178,0
85.417181,28.083178,0
85.417177,28.083182,0
85.417176,28.083183,0
85.417174,28.083187,0
85.417171,28.08319,0
85.417167,28.083192,0
85.417162,28.083195,0
85.417157,28.083198,0
85.417152,28.083202,0
85.417146,28.083204,0
85.41714,28.083206,0
85.417135,28.083209,0
85.41713,28.083212,0
85.417126,28.083214,0
85.417121,28.083217,0
85.417117,28.083221,0
85.417112,28.083226,0
85.417107,28.083231,0
85.417101,28.083235,0
85.417094,28.08324,0
85.417087,28.083245,0
85.417082,28.083249,0
85.417077,28.083252,0
85.417067,28.08326,0
85.417062,28.08326,0
85.417061,28.08326,0
85.417058,28.08326,0
85.417055,28.083261,0
85.417051,28.083262,0
85.417045,28.083264,0
85.417039,28.083267,0
85.417032,28.083268,0
85.417026,28.083269,0
85.417021,28.083271,0
85.417015,28.083273,0
85.417008,28.083274,0
85.417002,28.083274,0
85.416995,28.083276,0
85.41699,28.083278,0
85.416983,28.08328,0
85.416978,28.083282,0
85.416973,28.083284,0
85.416958,28.08329,0
85.416957,28.08329,0
85.416955,28.083291,0
85.416951,28.083293,0
85.416945,28.083295,0
85.41694,28.083298,0
85.416933,28.0833,0
85.416927,28.083304,0
85.416922,28.083306,0
85.416908,28.083315,0
85.416904,28.083317,0
85.416903,28.083318,0
85.416896,28.08332,0
85.416895,28.083319,0
85.416893,28.08332,0
85.416888,28.08332,0
85.416884,28.083319,0
85.416873,28.083317,0
85.416866,28.08332,0
85.416861,28.083325,0
85.416858,28.083326,0
85.416853,28.08333,0
85.416845,28.083334,0
85.416836,28.08334,0
85.416826,28.083346,0
85.416817,28.083352,0
85.416809,28.083359,0
85.416802,28.083367,0
85.416795,28.083375,0
85.416789,28.083381,0
85.416784,28.083385,0
85.416777,28.083388,0
85.41677,28.083391,0
85.416766,28.083396,0
85.416762,28.0834,0
85.416759,28.083406,0
85.416757,28.083411,0
85.416754,28.083416,0
85.416751,28.083419,0
85.416747,28.083423,0
85.416742,28.083427,0
85.416737,28.083432,0
85.416733,28.083436,0
85.416729,28.08344,0
85.416727,28.083443,0
85.416718,28.083453,0
85.416718,28.083454,0
85.416717,28.083456,0
85.416716,28.08346,0
85.416714,28.083463,0
85.416713,28.083467,0
85.416711,28.08347,0
85.416708,28.083473,0
85.416705,28.083476,0
85.416698,28.083478,0
85.416697,28.083477,0
85.416696,28.083476,0
85.416694,28.083475,0
85.416692,28.083474,0
85.416689,28.083472,0
85.416685,28.08347,0
85.416681,28.083469,0
85.416677,28.083468,0
85.416663,28.083468,0
85.416661,28.083469,0
85.416658,28.083471,0
85.416653,28.083473,0
85.416648,28.083476,0
85.416641,28.083478,0
85.416634,28.08348,0
85.416624,28.083482,0
85.416614,28.083485,0
85.416605,28.083488,0
85.416599,28.08349,0
85.41658,28.083502,0
85.416578,28.083505,0
85.416576,28.083512,0
85.416574,28.083521,0
85.416572,28.08353,0
85.41657,28.08354,0
85.416568,28.083549,0
85.416565,28.083558,0
85.416561,28.083567,0
85.416556,28.083575,0
85.416551,28.083582,0
85.416547,28.083587,0
85.416544,28.08359,0
85.416535,28.083598,0
85.416534,28.083599,0
85.416533,28.0836,0
85.416532,28.083603,0
85.41653,28.083608,0
85.416526,28.083613,0
85.416523,28.083618,0
85.41652,28.083622,0
85.416517,28.083626,0
85.416507,28.083635,0
85.416506,28.083636,0
85.416504,28.083637,0
85.416501,28.083639,0
85.416498,28.083642,0
85.416495,28.083645,0
85.416491,28.083648,0
85.416487,28.08365,0
85.416483,28.083652,0
85.416477,28.083655,0
85.416471,28.083657,0
85.416465,28.08366,0
85.416461,28.083662,0
85.416457,28.083664,0
85.41644,28.08367,0
85.416438,28.08367,0
85.416435,28.083671,0
85.416431,28.083672,0
85.416399,28.083685,0
85.416398,28.083685,0
85.416396,28.083685,0
85.41638,28.083687,0
85.416377,28.083687,0
85.416369,28.083687,0
85.416359,28.083689,0
85.416346,28.08369,0
85.416331,28.083692,0
85.416316,28.083693,0
85.416301,28.083695,0
85.416286,28.083696,0
85.416272,28.083697,0
85.41624,28.0837,0
85.416239,28.083701,0
85.416236,28.083702,0
85.416232,28.083703,0
85.416227,28.083705,0
85.416221,28.083708,0
85.416216,28.08371,0
85.416209,28.083713,0
85.416204,28.083716,0
85.416199,28.083721,0
85.416195,28.083725,0
85.41619,28.083729,0
85.416185,28.083732,0
85.416179,28.083735,0
85.416174,28.083738,0
85.416168,28.083741,0
85.416162,28.083743,0
85.416158,28.083745,0
85.416145,28.083752,0
85.416144,28.083754,0
85.416142,28.083757,0
85.416139,28.08376,0
85.416137,28.083764,0
85.416134,28.083767,0
85.416131,28.083769,0
85.416126,28.083773,0
85.41612,28.083777,0
85.416114,28.083781,0
85.416107,28.083785,0
85.4161,28.083788,0
85.416093,28.08379,0
85.416085,28.083793,0
85.416078,28.083796,0
85.416071,28.083799,0
85.416064,28.083803,0
85.416059,28.083807,0
85.416054,28.08381,0
85.416049,28.083813,0
85.416046,28.083816,0
85.416042,28.08382,0
85.416038,28.083822,0
85.416033,28.083823,0
85.416029,28.083824,0
85.416014,28.083828,0
85.416012,28.083828,0
85.416007,28.083829,0
85.416,28.08383,0
85.415989,28.083833,0
85.415978,28.083835,0
85.415966,28.083837,0
85.415953,28.083839,0
85.415941,28.083841,0
85.415928,28.083843,0
85.415918,28.083844,0
85.41591,28.083845,0
85.415901,28.083847,0
85.415893,28.08385,0
85.415885,28.083851,0
85.415877,28.083853,0
85.415868,28.083855,0
85.415859,28.083857,0
85.415851,28.083858,0
85.415842,28.08386,0
85.415834,28.083862,0
85.415828,28.083864,0
85.415821,28.083867,0
85.415815,28.08387,0
85.415809,28.083873,0
85.415805,28.083875,0
85.415789,28.083883,0
85.415786,28.083884,0
85.41578,28.083886,0
85.415772,28.083889,0
85.415761,28.083892,0
85.41575,28.083895,0
85.415738,28.083898,0
85.415725,28.083902,0
85.415714,28.083904,0
85.415703,28.083907,0
85.415679,28.083913,0
85.415678,28.083913,0
85.415675,28.083913,0
85.415671,28.083914,0
85.415665,28.083916,0
85.415658,28.083918,0
85.41565,28.083922,0
85.415642,28.083925,0
85.415635,28.083929,0
85.415629,28.083933,0
85.415623,28.083936,0
85.415617,28.08394,0
85.415611,28.083944,0
85.415605,28.083949,0
85.415601,28.083954,0
85.415596,28.08396,0
85.415591,28.083964,0
85.415585,28.083968,0
85.415578,28.083971,0
85.41557,28.083974,0
85.415563,28.083978,0
85.415555,28.083981,0
85.415547,28.083985,0
85.41554,28.083988,0
85.415534,28.083991,0
85.415529,28.083995,0
85.415524,28.083997,0
85.41552,28.084,0
85.415515,28.084004,0
85.41551,28.084009,0
85.415504,28.084014,0
85.415498,28.084019,0
85.415491,28.084024,0
85.415482,28.084028,0
85.415474,28.084032,0
85.415466,28.084036,0
85.415457,28.084039,0
85.415447,28.084043,0
85.415437,28.084046,0
85.415429,28.084049,0
85.41542,28.084052,0
85.415411,28.084055,0
85.415402,28.084057,0
85.415392,28.08406,0
85.415383,28.084063,0
85.415372,28.084066,0
85.415362,28.084069,0
85.415352,28.084072,0
85.415341,28.084075,0
85.415329,28.084079,0
85.415316,28.084082,0
85.415304,28.084085,0
85.415292,28.084087,0
85.41528,28.084088,0
85.415268,28.08409,0
85.415256,28.084091,0
85.415245,28.084091,0
85.415234,28.08409,0
85.415223,28.084088,0
85.415212,28.084087,0
85.415201,28.084086,0
85.415191,28.084086,0
85.415181,28.084086,0
85.41517,28.084087,0
85.41516,28.084088,0
85.41515,28.084088,0
85.415139,28.084088,0
85.415129,28.084088,0
85.415119,28.084088,0
85.415112,28.084087,0
85.415106,28.084086,0
85.415103,28.084085,0
85.415095,28.084082,0
85.415093,28.084082,0
85.415089,28.084083,0
85.415083,28.084085,0
85.415074,28.084087,0
85.415064,28.084089,0
85.415052,28.084091,0
85.41504,28.084093,0
85.415027,28.084094,0
85.415014,28.084095,0
85.415,28.084095,0
85.414987,28.084095,0
85.414975,28.084093,0
85.414964,28.084091,0
85.414953,28.084089,0
85.414943,28.084085,0
85.414931,28.084081,0
85.41492,28.084078,0
85.414908,28.084076,0
85.414896,28.084074,0
85.414884,28.084072,0
85.414872,28.084071,0
85.41486,28.08407,0
85.414848,28.084069,0
85.414837,28.084068,0
85.414826,28.084067,0
85.414815,28.084066,0
85.414803,28.084065,0
85.414791,28.084064,0
85.414779,28.084063,0
85.414769,28.084062,0
85.414758,28.084062,0
85.414748,28.084061,0
85.414736,28.08406,0
85.414724,28.084058,0
85.414712,28.084057,0
85.414701,28.084056,0
85.41469,28.084054,0
85.414679,28.084053,0
85.414667,28.084052,0
85.414655,28.084051,0
85.414644,28.084049,0
85.414632,28.084047,0
85.41462,28.084046,0
85.414608,28.084045,0
85.414596,28.084044,0
85.414583,28.084043,0
85.414571,28.084043,0
85.41456,28.084042,0
85.414549,28.084043,0
85.414539,28.084044,0
85.414529,28.084046,0
85.414519,28.084048,0
85.414509,28.08405,0
85.414498,28.084054,0
85.414488,28.084058,0
85.414477,28.084063,0
85.414467,28.084067,0
85.414456,28.084072,0
85.414446,28.084075,0
85.414434,28.084079,0
85.414422,28.084082,0
85.41441,28.084084,0
85.414399,28.084086,0
85.414387,28.084088,0
85.414374,28.08409,0
85.414361,28.084093,0
85.414349,28.084095,0
85.414338,28.084098,0
85.414326,28.0841,0
85.414315,28.084102,0
85.414304,28.084105,0
85.414293,28.084108,0
85.414283,28.084111,0
85.414271,28.084114,0
85.414261,28.084117,0
85.41425,28.084121,0
85.414239,28.084124,0
85.414227,28.084129,0
85.414216,28.084133,0
85.414206,28.084137,0
85.414195,28.084142,0
85.414184,28.084145,0
85.414173,28.084148,0
85.414161,28.084152,0
85.41415,28.084154,0
85.414139,28.084156,0
85.414128,28.084157,0
85.414117,28.084158,0
85.414106,28.084158,0
85.414095,28.08416,0
85.414084,28.084161,0
85.414074,28.084162,0
85.414064,28.084163,0
85.414053,28.084163,0
85.414042,28.084164,0
85.414032,28.084166,0
85.414021,28.084167,0
85.41401,28.084169,0
85.413999,28.084169,0
85.413988,28.08417,0
85.413976,28.084172,0
85.413965,28.084173,0
85.413953,28.084176,0
85.413942,28.084178,0
85.413932,28.08418,0
85.413922,28.084182,0
85.413912,28.084183,0
85.4139,28.084184,0
85.413889,28.084185,0
85.413877,28.084186,0
85.413867,28.084186,0
85.413856,28.084186,0
85.413846,28.084186,0
85.413835,28.084187,0
85.413824,28.084188,0
85.413813,28.084189,0
85.413802,28.084191,0
85.413792,28.084192,0
85.413781,28.084194,0
85.41377,28.084195,0
85.413759,28.084196,0
85.413748,28.084198,0
85.413737,28.084198,0
85.413725,28.0842,0
85.413713,28.084202,0
85.413701,28.084203,0
85.413689,28.084204,0
85.413676,28.084205,0
85.413664,28.084206,0
85.413653,28.084207,0
85.413642,28.084207,0
85.413632,28.084208,0
85.413621,28.084209,0
85.413609,28.08421,0
85.413599,28.084211,0
85.41359,28.084211,0
85.413582,28.084211,0
85.413566,28.084207,0
85.413562,28.084209,0
85.413561,28.084209,0
85.413558,28.084209,0
85.413553,28.084209,0
85.413546,28.084209,0
85.413539,28.08421,0
85.41353,28.08421,0
85.413521,28.08421,0
85.413512,28.08421,0
85.413503,28.084211,0
85.413494,28.084212,0
85.413484,28.084213,0
85.413475,28.084213,0
85.413465,28.084213,0
85.413455,28.084211,0
85.413444,28.08421,0
85.413432,28.084209,0
85.413422,28.084209,0
85.413412,28.084209,0
85.413403,28.08421,0
85.413394,28.084211,0
85.413384,28.084212,0
85.413374,28.084214,0
85.413365,28.084217,0
85.413355,28.084219,0
85.413345,28.084221,0
85.413336,28.084223,0
85.413326,28.084227,0
85.413315,28.084229,0
85.413304,28.084232,0
85.413293,28.084234,0
85.413282,28.084236,0
85.413271,28.084237,0
85.41326,28.084238,0
85.41325,28.084237,0
85.413239,28.084237,0
85.413228,28.084237,0
85.413218,28.084237,0
85.413207,28.084238,0
85.413198,28.08424,0
85.413188,28.084242,0
85.413179,28.084245,0
85.413169,28.084247,0
85.413159,28.084248,0
85.413151,28.084249,0
85.413142,28.084249,0
85.413134,28.084251,0
85.413125,28.084252,0
85.413115,28.084253,0
85.413105,28.084254,0
85.413095,28.084254,0
85.413085,28.084254,0
85.413075,28.084253,0
85.413065,28.084252,0
85.413055,28.084252,0
85.413045,28.084253,0
85.413034,28.084253,0
85.413024,28.084253,0
85.413014,28.084253,0
85.413004,28.084253,0
85.412994,28.084252,0
85.412983,28.084252,0
85.412973,28.084252,0
85.412962,28.084252,0
85.412951,28.084253,0
85.412939,28.084254,0
85.412928,28.084253,0
85.412918,28.084252,0
85.412907,28.084252,0
85.412897,28.084252,0
85.412887,28.084252,0
85.412877,28.084253,0
85.412866,28.084254,0
85.412855,28.084256,0
85.412845,28.084257,0
85.412835,28.084259,0
85.412825,28.084261,0
85.412815,28.084263,0
85.412805,28.084265,0
85.412795,28.084266,0
85.412785,28.084267,0
85.412776,28.084267,0
85.412765,28.084267,0
85.412756,28.084268,0
85.412746,28.084269,0
85.412736,28.084268,0
85.412726,28.084268,0
85.412717,28.084267,0
85.412707,28.084267,0
85.412699,28.084267,0
85.412691,28.084266,0
85.412685,28.084265,0
85.412668,28.084266,0
85.412666,28.084265,0
85.412662,28.084265,0
85.412655,28.084265,0
85.412646,28.084265,0
85.412637,28.084265,0
85.412627,28.084265,0
85.412618,28.084265,0
85.412608,28.084263,0
85.412599,28.084262,0
85.41259,28.084261,0
85.41258,28.08426,0
85.41257,28.084259,0
85.412559,28.084258,0
85.412549,28.084258,0
85.41254,28.084259,0
85.412532,28.084259,0
85.412523,28.084259,0
85.412515,28.08426,0
85.412505,28.084261,0
85.412495,28.084262,0
85.412485,28.084265,0
85.412474,28.084266,0
85.412464,28.084266,0
85.412454,28.084267,0
85.412443,28.084267,0
85.412433,28.084267,0
85.412422,28.084268,0
85.41241,28.084269,0
85.412399,28.084269,0
85.412387,28.08427,0
85.412375,28.08427,0
85.412364,28.08427,0
85.412353,28.084269,0
85.412341,28.08427,0
85.41233,28.084271,0
85.412319,28.084271,0
85.412309,28.084271,0
85.4123,28.08427,0
85.41229,28.084269,0
85.41228,28.084268,0
85.41227,28.084267,0
85.412259,28.084266,0
85.412248,28.084265,0
85.412237,28.084263,0
85.412226,28.084261,0
85.412215,28.08426,0
85.412204,28.084259,0
85.412194,28.084257,0
85.412184,28.084256,0
85.412174,28.084255,0
85.412165,28.084252,0
85.412144,28.084244,0
85.412142,28.084243,0
85.41214,28.084241,0
85.412137,28.084239,0
85.412133,28.084236,0
85.412129,28.084234,0
85.412124,28.084231,0
85.412118,28.084228,0
85.41211,28.084226,0
85.412103,28.084223,0
85.412095,28.084221,0
85.412088,28.084216,0
85.412081,28.084212,0
85.412073,28.084208,0
85.412065,28.084205,0
85.412057,28.084201,0
85.412047,28.084197,0
85.412038,28.084191,0
85.412029,28.084186,0
85.412019,28.084182,0
85.412009,28.084178,0
85.412,28.084174,0
85.41199,28.084171,0
85.41198,28.084168,0
85.411972,28.084166,0
85.411964,28.084163,0
85.411958,28.084161,0
85.411939,28.084156,0
85.411937,28.084156,0
85.411933,28.084156,0
85.411927,28.084155,0
85.411919,28.084152,0
85.411911,28.08415,0
85.411903,28.084147,0
85.411893,28.084145,0
85.411885,28.084142,0
85.411877,28.084139,0
85.411869,28.084136,0
85.41186,28.084133,0
85.411851,28.084131,0
85.411843,28.084129,0
85.411834,28.084126,0
85.411826,28.084123,0
85.411819,28.084118,0
85.411812,28.084114,0
85.411806,28.08411,0
85.411801,28.084106,0
85.411796,28.084102,0
85.411791,28.084096,0
85.411785,28.084091,0
85.411779,28.084086,0
85.411774,28.08408,0
85.411768,28.084074,0
85.411761,28.084068,0
85.411753,28.084062,0
85.411743,28.084054,0
85.411735,28.084048,0
85.411726,28.084041,0
85.411718,28.084035,0
85.41171,28.084029,0
85.411704,28.084023,0
85.411698,28.084016,0
85.411692,28.08401,0
85.411685,28.084004,0
85.411679,28.083998,0
85.411672,28.08399,0
85.411666,28.083985,0
85.411661,28.08398,0
85.411654,28.083974,0
85.411647,28.083966,0
85.411641,28.083959,0
85.411635,28.083951,0
85.411628,28.083942,0
85.411621,28.083934,0
85.411615,28.083926,0
85.411607,28.083918,0
85.411599,28.08391,0
85.411591,28.083902,0
85.411584,28.083894,0
85.411575,28.083887,0
85.411566,28.083879,0
85.411557,28.083872,0
85.411548,28.083864,0
85.411538,28.083858,0
85.411528,28.083852,0
85.411519,28.083846,0
85.411509,28.08384,0
85.411499,28.083833,0
85.411489,28.083825,0
85.411477,28.083819,0
85.411465,28.083814,0
85.411452,28.083808,0
85.411439,28.083804,0
85.411429,28.083801,0
85.411419,28.083798,0
85.41141,28.083796,0
85.411398,28.083793,0
85.411388,28.083791,0
85.411378,28.083789,0
85.411368,28.083787,0
85.411357,28.083785,0
85.411344,28.083781,0
85.411331,28.083777,0
85.411319,28.083772,0
85.411308,28.083769,0
85.411298,28.083766,0
85.411289,28.083764,0
85.41128,28.083762,0
85.41127,28.083761,0
85.411262,28.083761,0
85.411253,28.08376,0
85.411243,28.083759,0
85.411235,28.08376,0
85.411224,28.083761,0
85.411213,28.083761,0
85.411202,28.08376,0
85.411191,28.08376,0
85.411179,28.083759,0
85.411167,28.083758,0
85.411154,28.083756,0
85.411144,28.083754,0
85.411135,28.083751,0
85.411127,28.083748,0
85.411118,28.083744,0
85.411109,28.083741,0
85.411101,28.083738,0
85.411092,28.083735,0
85.411084,28.083732,0
85.411075,28.083727,0
85.411066,28.083723,0
85.411059,28.083718,0
85.411051,28.083712,0
85.411042,28.083706,0
85.411033,28.083701,0
85.411026,28.083695,0
85.41102,28.083691,0
85.411013,28.083687,0
85.411006,28.083683,0
85.410998,28.08368,0
85.410992,28.083678,0
85.410985,28.083676,0
85.410978,28.083676,0
85.410968,28.083675,0
85.410958,28.083673,0
85.410948,28.083669,0
85.410938,28.083665,0
85.410928,28.083661,0
85.410919,28.083657,0
85.41091,28.083653,0
85.410903,28.083648,0
85.410894,28.083645,0
85.410887,28.08364,0
85.410879,28.083637,0
85.410873,28.083633,0
85.410868,28.083629,0
85.410863,28.083625,0
85.410856,28.083621,0
85.41085,28.083617,0
85.410844,28.083613,0
85.410839,28.083608,0
85.410832,28.083602,0
85.410825,28.083595,0
85.410817,28.083588,0
85.410809,28.083581,0
85.4108,28.083574,0
85.410792,28.083567,0
85.410784,28.083562,0
85.410776,28.083557,0
85.410768,28.083552,0
85.410759,28.083546,0
85.410751,28.083541,0
85.410742,28.083535,0
85.410734,28.083529,0
85.410727,28.083522,0
85.41072,28.083517,0
85.410711,28.083511,0
85.410703,28.083504,0
85.410694,28.083497,0
85.410685,28.08349,0
85.410678,28.083483,0
85.410672,28.083475,0
85.410665,28.083467,0
85.410659,28.083458,0
85.410651,28.08345,0
85.410644,28.083443,0
85.410636,28.083436,0
85.410628,28.08343,0
85.410619,28.083423,0
85.410612,28.083417,0
85.410604,28.083411,0
85.410596,28.083406,0
85.410587,28.083402,0
85.410578,28.083399,0
85.410569,28.083397,0
85.410559,28.083396,0
85.41055,28.083394,0
85.410541,28.083392,0
85.410531,28.083391,0
85.410521,28.083389,0
85.410511,28.083388,0
85.4105,28.083386,0
85.41049,28.083385,0
85.410479,28.083383,0
85.410469,28.083381,0
85.41046,28.08338,0
85.410451,28.083378,0
85.410442,28.083377,0
85.410433,28.083377,0
85.410424,28.083377,0
85.410416,28.083376,0
85.410408,28.083374,0
85.410399,28.083372,0
85.41039,28.08337,0
85.41038,28.083369,0
85.410371,28.083368,0
85.410362,28.083366,0
85.410353,28.083365,0
85.410343,28.083364,0
85.410334,28.083364,0
85.410327,28.083363,0
85.410318,28.083361,0
85.410309,28.083358,0
85.410302,28.083356,0
85.410295,28.083351,0
85.410291,28.083345,0
85.410287,28.083338,0
85.410285,28.083331,0
85.410283,28.083324,0
85.410283,28.083317,0
85.410284,28.083309,0
85.410284,28.0833,0
85.410284,28.083291,0
85.410285,28.083283,0
85.410284,28.083274,0
85.410283,28.083266,0
85.410282,28.083258,0
85.410282,28.08325,0
85.410283,28.083243,0
85.410285,28.083235,0
85.410288,28.083227,0
85.410291,28.08322,0
85.410295,28.083212,0
85.410299,28.083204,0
85.410302,28.083196,0
85.410306,28.083187,0
85.410309,28.083178,0
85.410313,28.083169,0
85.410315,28.083159,0
85.410318,28.083152,0
85.410321,28.083144,0
85.410324,28.083136,0
85.410329,28.08313,0
85.410335,28.083123,0
85.41034,28.083117,0
85.410346,28.08311,0
85.410352,28.083104,0
85.410358,28.083098,0
85.410366,28.083094,0
85.410374,28.083092,0
85.410383,28.083091,0
85.41039,28.083091,0
85.410399,28.083093,0
85.410407,28.083095,0
85.410413,28.083097,0
85.410418,28.0831,0
85.41043,28.083109,0
85.41042,28.083086,0
85.41042,28.083085,0
85.41042,28.083083,0
85.410412,28.083077,0
85.41041,28.083078,0
85.410407,28.083078,0
85.410403,28.083079,0
85.410399,28.08308,0
85.410382,28.083082,0
85.41038,28.083082,0
85.410379,28.083081,0
85.410382,28.083083,0
85.410389,28.083088,0
85.410396,28.083095,0
85.410405,28.083104,0
85.410412,28.083112,0
85.410419,28.083119,0
85.410426,28.083125,0
85.410432,28.083129,0
85.410438,28.083132,0
85.410441,28.083133,0
85.410444,28.083131,0
85.410443,28.08313,0
85.410439,28.083122,0
85.410436,28.083119,0
85.410431,28.083113,0
85.410425,28.083107,0
85.410417,28.083102,0
85.410408,28.083097,0
85.410397,28.083093,0
85.410386,28.08309,0
85.410377,28.083087,0
85.41037,28.083084,0
85.410356,28.083076,0
85.410352,28.083066,0
85.410351,28.083063,0
85.410348,28.083057,0
85.410345,28.083049,0
85.410342,28.083041,0
85.410338,28.083032,0
85.410335,28.083022,0
85.410332,28.083011,0
85.410328,28.083001,0
85.410324,28.08299,0
85.410321,28.082979,0
85.410318,28.082969,0
85.410316,28.082961,0
85.410316,28.082952,0
85.410317,28.082944,0
85.410319,28.082936,0
85.410321,28.08293,0
85.410323,28.082925,0
85.410326,28.08292,0
85.41033,28.082917,0
85.410334,28.082914,0
85.410339,28.082911,0
85.410342,28.082906,0
85.410344,28.0829,0
85.410343,28.082893,0
85.41034,28.082887,0
85.410335,28.082882,0
85.410331,28.082877,0
85.410328,28.08287,0
85.410321,28.082865,0
85.410313,28.082862,0
85.410307,28.082858,0
85.410303,28.082855,0
85.410299,28.082851,0
85.410297,28.082845,0
85.410296,28.082839,0
85.410293,28.082833,0
85.410291,28.082827,0
85.410289,28.082822,0
85.410282,28.082809,0
85.410277,28.082809,0
85.410273,28.082808,0
85.410266,28.082805,0
85.410257,28.082801,0
85.410246,28.082797,0
85.410235,28.082791,0
85.410223,28.082784,0
85.41021,28.082776,0
85.410196,28.082767,0
85.410183,28.082759,0
85.41017,28.082752,0
85.410159,28.082746,0
85.410149,28.082741,0
85.410142,28.082736,0
85.410137,28.082732,0
85.410121,28.08273,0
85.41012,28.08273,0
85.410116,28.082741,0
85.410118,28.082745,0
85.410114,28.082746,0
85.410118,28.082751,0
85.41012,28.082754,0
85.410123,28.082761,0
85.410128,28.082769,0
85.410135,28.082777,0
85.41014,28.082786,0
85.410146,28.082795,0
85.410153,28.082804,0
85.41016,28.082813,0
85.410169,28.08282,0
85.410177,28.082826,0
85.410185,28.082831,0
85.410193,28.082835,0
85.410201,28.08284,0
85.410209,28.082844,0
85.410216,28.082848,0
85.410233,28.082861,0
85.410234,28.082862,0
85.410238,28.082864,0
85.410243,28.082867,0
85.410252,28.08287,0
85.410261,28.082872,0
85.41027,28.082874,0
85.41028,28.082877,0
85.410289,28.08288,0
85.410298,28.082883,0
85.410305,28.082887,0
85.410311,28.082892,0
85.410316,28.082897,0
85.410321,28.082902,0
85.410327,28.082906,0
85.410333,28.082909,0
85.410338,28.082912,0
85.410342,28.082915,0
85.410343,28.082918,0
85.410342,28.082919,0
85.41034,28.082921,0
85.410336,28.082923,0
85.410333,28.082926,0
85.41033,28.08293,0
85.410319,28.082941,0
85.410318,28.082942,0
85.410315,28.082942,0
85.410312,28.082942,0
85.41031,28.082945,0
85.41031,28.08295,0
85.410313,28.082958,0
85.410317,28.082969,0
85.410322,28.08298,0
85.410326,28.082991,0
85.410329,28.083003,0
85.410332,28.083016,0
85.410335,28.083029,0
85.410338,28.083042,0
85.41034,28.083052,0
85.410343,28.083061,0
85.410343,28.083069,0
85.410341,28.083075,0
85.410337,28.083082,0
85.410329,28.083089,0
85.410322,28.083096,0
85.410314,28.083103,0
85.410308,28.08311,0
85.410302,28.083116,0
85.410296,28.083123,0
85.410291,28.083129,0
85.410287,28.083136,0
85.410282,28.083143,0
85.410277,28.083149,0
85.410274,28.083156,0
85.41027,28.083164,0
85.410266,28.083173,0
85.410262,28.083181,0
85.410258,28.083189,0
85.410255,28.083196,0
85.410252,28.083203,0
85.410249,28.083211,0
85.410249,28.083219,0
85.41025,28.083228,0
85.410252,28.083239,0
85.410254,28.083248,0
85.410258,28.083256,0
85.410261,28.083266,0
85.410264,28.083274,0
85.410266,28.083282,0
85.410266,28.08329,0
85.410265,28.083299,0
85.410263,28.083308,0
85.410261,28.083316,0
85.410257,28.083322,0
85.410252,28.083326,0
85.410247,28.083328,0
85.410242,28.083329,0
85.410238,28.083329,0
85.410235,28.083328,0
85.410218,28.08333,0
85.410214,28.083331,0
85.410205,28.083334,0
85.410195,28.083338,0
85.410183,28.083342,0
85.410172,28.083345,0
85.410161,28.083347,0
85.410149,28.08335,0
85.410136,28.083352,0
85.410124,28.083355,0
85.410115,28.083357,0
85.410108,28.083358,0
85.410101,28.08336,0
85.410095,28.083362,0
85.410089,28.083365,0
85.410083,28.083367,0
85.410078,28.083369,0
85.410075,28.083372,0
85.410072,28.083374,0
85.410067,28.083376,0
85.410062,28.08338,0
85.410057,28.083384,0
85.410052,28.083388,0
85.410047,28.083392,0
85.410043,28.083395,0
85.410038,28.083396,0
85.410033,28.083398,0
85.410028,28.083402,0
85.410024,28.083404,0
85.41002,28.083407,0
85.410016,28.083409,0
85.410012,28.083411,0
85.410007,28.083413,0
85.410003,28.083416,0
85.409998,28.08342,0
85.409994,28.083424,0
85.409991,28.083427,0
85.40999,28.083431,0
85.40998,28.083436,0
85.409986,28.08344,0
85.409989,28.083441,0
85.409993,28.083443,0
85.409998,28.083447,0
85.410004,28.083452,0
85.410009,28.083458,0
85.410015,28.083465,0
85.410023,28.083472,0
85.410031,28.083478,0
85.41004,28.083485,0
85.410046,28.083489,0
85.410051,28.083494,0
85.410054,28.0835,0
85.410056,28.083505,0
85.410056,28.08351,0
85.410057,28.083514,0
85.41006,28.083519,0
85.410063,28.083523,0
85.410067,28.083528,0
85.41007,28.083532,0
85.410074,28.083535,0
85.410077,28.083539,0
85.41008,28.083542,0
85.410083,28.083546,0
85.410085,28.083551,0
85.410087,28.083555,0
85.410089,28.083559,0
85.410092,28.083562,0
85.410096,28.083565,0
85.410102,28.083568,0
85.410107,28.08357,0
85.410114,28.083573,0
85.41012,28.083576,0
85.410127,28.083579,0
85.410135,28.083581,0
85.410142,28.083583,0
85.410149,28.083585,0
85.410157,28.083587,0
85.410164,28.083589,0
85.410172,28.083591,0
85.410179,28.083592,0
85.410187,28.083593,0
85.410193,28.083595,0
85.410199,28.083596,0
85.410205,28.083598,0
85.410209,28.083599,0
85.410218,28.083608,0
85.410217,28.083609,0
85.410215,28.083616,0
85.410215,28.083617,0
85.410215,28.083618,0
85.410216,28.08362,0
85.410217,28.083622,0
85.410219,28.083625,0
85.410221,28.083628,0
85.410223,28.08363,0
85.410231,28.083625,0
85.410236,28.083623,0
85.410236,28.083628,0
85.410235,28.083629,0
85.410229,28.083631,0
85.410221,28.083634,0
85.41021,28.083637,0
85.4102,28.083642,0
85.410189,28.083646,0
85.410179,28.083651,0
85.410169,28.083656,0
85.410157,28.083661,0
85.410145,28.083667,0
85.410134,28.083671,0
85.410126,28.083674,0
85.410119,28.083678,0
85.410112,28.08368,0
85.410106,28.083683,0
85.410102,28.083686,0
85.410097,28.083689,0
85.410093,28.083692,0
85.410089,28.083696,0
85.410087,28.083701,0
85.410087,28.083706,0
85.410088,28.08371,0
85.410088,28.083726,0
85.410088,28.083727,0
85.410086,28.083729,0
85.410084,28.083733,0
85.410082,28.083737,0
85.41008,28.083741,0
85.410077,28.083744,0
85.410075,28.083745,0
85.410062,28.083751,0
85.410057,28.083751,0
85.41005,28.083751,0
85.410049,28.083751,0
85.410047,28.083751,0
85.410044,28.083752,0
85.410027,28.083753,0
85.410026,28.083753,0
85.410017,28.083755,0
85.410016,28.083755,0
85.410014,28.083757,0
85.410014,28.083763,0
85.410014,28.08377,0
85.410015,28.083778,0
85.410016,28.083788,0
85.410016,28.0838,0
85.410017,28.08381,0
85.410018,28.08382,0
85.410019,28.08383,0
85.41002,28.08384,0
85.410021,28.083847,0
85.410021,28.083854,0
85.41002,28.083868,0
85.410018,28.083868,0
85.410015,28.083868,0
85.410012,28.083869,0
85.410009,28.083871,0
85.410006,28.083875,0
85.410003,28.083879,0
85.409995,28.083888,0
85.409994,28.083889,0
85.409993,28.08389,0
85.409992,28.083893,0
85.409989,28.083895,0
85.409986,28.083897,0
85.409982,28.083899,0
85.409976,28.083898,0
85.409969,28.083897,0
85.409964,28.083894,0
85.409958,28.083892,0
85.409951,28.083889,0
85.409944,28.083886,0
85.409937,28.083882,0
85.409932,28.083877,0
85.409926,28.083872,0
85.40992,28.083865,0
</coordinates>
</LineString>
</Placemark>
</Folder>
</Document>
</kml>
