<?xml version="1.0" encoding="UTF-8"?>
<kml xmlns="http://www.opengis.net/kml/2.2">
<Document>
<name>WNW_42.JhorBIshnudwar</name>
<description/>
<Style id="icon-123-normal">
<IconStyle>
<scale>1.1</scale>
<Icon>
<href>https://www.gstatic.com/mapspro/images/stock/123-red-dot.png</href>
</Icon>
<hotSpot x="16" xunits="pixels" y="32" yunits="insetPixels"/>
</IconStyle>
<LabelStyle>
<scale>0</scale>
</LabelStyle>
</Style>
<Style id="icon-123-highlight">
<IconStyle>
<scale>1.1</scale>
<Icon>
<href>https://www.gstatic.com/mapspro/images/stock/123-red-dot.png</href>
</Icon>
<hotSpot x="16" xunits="pixels" y="32" yunits="insetPixels"/>
</IconStyle>
<LabelStyle>
<scale>1.1</scale>
</LabelStyle>
</Style>
<StyleMap id="icon-123">
<Pair>
<key>normal</key>
<styleUrl>#icon-123-normal</styleUrl>
</Pair>
<Pair>
<key>highlight</key>
<styleUrl>#icon-123-highlight</styleUrl>
</Pair>
</StyleMap>
<Style id="icon-61-normal">
<IconStyle>
<scale>1.1</scale>
<Icon>
<href>https://www.gstatic.com/mapspro/images/stock/61-green-dot.png</href>
</Icon>
<hotSpot x="16" xunits="pixels" y="32" yunits="insetPixels"/>
</IconStyle>
<LabelStyle>
<scale>0</scale>
</LabelStyle>
</Style>
<Style id="icon-61-highlight">
<IconStyle>
<scale>1.1</scale>
<Icon>
<href>https://www.gstatic.com/mapspro/images/stock/61-green-dot.png</href>
</Icon>
<hotSpot x="16" xunits="pixels" y="32" yunits="insetPixels"/>
</IconStyle>
<LabelStyle>
<scale>1.1</scale>
</LabelStyle>
</Style>
<StyleMap id="icon-61">
<Pair>
<key>normal</key>
<styleUrl>#icon-61-normal</styleUrl>
</Pair>
<Pair>
<key>highlight</key>
<styleUrl>#icon-61-highlight</styleUrl>
</Pair>
</StyleMap>
<Style id="line-0288D1-5000-normal">
<LineStyle>
<color>ffd18802</color>
<width>5</width>
</LineStyle>
</Style>
<Style id="line-0288D1-5000-highlight">
<LineStyle>
<color>ffd18802</color>
<width>7.5</width>
</LineStyle>
</Style>
<StyleMap id="line-0288D1-5000">
<Pair>
<key>normal</key>
<styleUrl>#line-0288D1-5000-normal</styleUrl>
</Pair>
<Pair>
<key>highlight</key>
<styleUrl>#line-0288D1-5000-highlight</styleUrl>
</Pair>
</StyleMap>
<Folder>
<name>Jhor Bishnudwar Budanilkantha.gpx</name>
<Placemark>
<name>Start of Morning Walk</name>
<description><![CDATA[Saturday, December 8, 2018, 7:28 AM NPT<br>Elevation: 4220 feet]]></description>
<styleUrl>#icon-61</styleUrl>
<Point>
<coordinates>
85.31372,27.70348,1286.4
</coordinates>
</Point>
</Placemark>
<Placemark>
<name>End of Morning Walk</name>
<description><![CDATA[Saturday, December 8, 2018, 6:43 PM NPT<br>Elevation: 4414 feet]]></description>
<styleUrl>#icon-123</styleUrl>
<Point>
<coordinates>
85.319235,27.693007,1345.4
</coordinates>
</Point>
</Placemark>
<Placemark>
<name>Morning Walk</name>
<description><![CDATA[Statistics computed from imported data<br><br>Saturday, December 8, 2018, 7:28 AM NPT<br>Distance: 27.9 miles<br>Duration: 11 hours, 15 minutes, and 26 seconds<br>Average Speed: 2.5 mph<br>Minimum Elevation: 4204 feet<br>Maximum Elevation: 7466 feet<br>Total climb: 4125 feet<br>Total descent: 3937 feet]]></description>
<styleUrl>#line-0288D1-5000</styleUrl>
<LineString>
<tessellate>1</tessellate>
<coordinates>
85.31372,27.70348,1286.4
85.313731,27.703537,1286.4
85.313731,27.703588,1286.4
85.313731,27.703665,1286.4
85.313731,27.703736,1286.4
85.313705,27.703841,1286.4
85.313705,27.703877,1286.4
85.31369,27.703969,1286.4
85.313705,27.704069,1286.4
85.313731,27.704133,1286.4
85.313751,27.7042,1286.4
85.313812,27.704422,1286.4
85.313833,27.704492,1286.4
85.313864,27.704568,1286.4
85.313894,27.704653,1286.4
85.31391,27.704742,1286.4
85.313935,27.704827,1286.4
85.313966,27.704906,1286.4
85.313981,27.704986,1286.4
85.314002,27.705068,1286.4
85.314017,27.705147,1286.4
85.314043,27.705219,1286.4
85.314058,27.705295,1286.4
85.314089,27.705364,1286.4
85.314104,27.705434,1286.4
85.314125,27.70551,1286.4
85.314135,27.705544,1286.4
85.314156,27.705661,1286.4
85.314166,27.705736,1286.4
85.314171,27.70581,1286.4
85.314171,27.705889,1286.4
85.314186,27.705969,1286.4
85.314191,27.706043,1286.4
85.314202,27.706122,1286.4
85.314207,27.706207,1286.4
85.314217,27.706286,1286.4
85.314222,27.706371,1286.4
85.314232,27.706463,1286.4
85.314237,27.70655,1286.4
85.314253,27.706632,1286.4
85.314263,27.706703,1286.4
85.314268,27.706772,1286.4
85.314278,27.706842,1286.4
85.314284,27.706911,1286.4
85.314299,27.706977,1286.4
85.314309,27.707041,1286.4
85.314314,27.707103,1286.4
85.314345,27.707159,1286.4
85.31436,27.707215,1286.4
85.314376,27.707274,1286.4
85.314391,27.707336,1286.4
85.314406,27.707466,1286.4
85.314417,27.707538,1286.4
85.314422,27.707679,1286.4
85.314422,27.707748,1286.4
85.314432,27.707822,1286.4
85.314432,27.707896,1286.4
85.314432,27.707968,1286.4
85.314432,27.708052,1286.4
85.314432,27.708122,1286.4
85.314432,27.708186,1286.4
85.314432,27.708255,1286.4
85.314437,27.708329,1286.4
85.314447,27.708393,1286.4
85.314463,27.708452,1286.4
85.314478,27.708506,1286.4
85.314483,27.708549,1286.4
85.314509,27.708631,1286.4
85.314529,27.708705,1286.4
85.31455,27.708795,1286.4
85.314565,27.708838,1286.4
85.314596,27.708923,1286.4
85.314621,27.709015,1286.4
85.314642,27.709107,1286.4
85.314673,27.709204,1286.4
85.314688,27.709258,1286.4
85.314714,27.709322,1286.4
85.314729,27.709389,1286.4
85.314749,27.709453,1286.4
85.314765,27.709519,1286.4
85.31478,27.709594,1286.4
85.314811,27.709706,1286.4
85.314826,27.709801,1286.4
85.314842,27.709885,1286.4
85.314857,27.709965,1286.4
85.314852,27.710031,1286.4
85.314867,27.710108,1286.4
85.314872,27.71019,1286.4
85.314888,27.710272,1286.4
85.314903,27.710354,1286.4
85.314918,27.710438,1286.4
85.314939,27.710515,1286.4
85.314964,27.710592,1286.4
85.31498,27.710671,1286.4
85.314985,27.710751,1286.4
85.315,27.710828,1286.4
85.315011,27.710907,1286.4
85.315031,27.710991,1286.4
85.315046,27.711078,1287.7
85.315057,27.711165,1287.7
85.315062,27.711255,1287.7
85.315072,27.711345,1287.7
85.315077,27.711427,1287.7
85.315087,27.711511,1287.7
85.315092,27.711611,1287.7
85.315092,27.7117,1287.7
85.315103,27.711793,1287.7
85.315108,27.711885,1287.7
85.315118,27.711992,1287.7
85.315123,27.712092,1287.7
85.315133,27.712182,1287.7
85.315139,27.712274,1288.9
85.315154,27.712361,1288.9
85.315164,27.712461,1288.9
85.31518,27.71255,1288.9
85.315185,27.712645,1288.9
85.3152,27.712737,1288.9
85.315215,27.712827,1288.9
85.315226,27.712914,1288.9
85.315241,27.712998,1288.9
85.315256,27.71308,1288.9
85.315272,27.713162,1288.9
85.315287,27.713247,1290.2
85.315302,27.713341,1290.2
85.315328,27.71351,1290.2
85.315343,27.713595,1290.2
85.315374,27.713677,1290.2
85.3154,27.713754,1290.2
85.315415,27.713823,1290.2
85.31543,27.713897,1290.2
85.315446,27.713974,1290.2
85.315461,27.714058,1290.2
85.315476,27.714143,1290.2
85.315492,27.714235,1290.2
85.315512,27.714327,1290.2
85.315528,27.714414,1290.2
85.315553,27.714516,1290.2
85.315574,27.714621,1291.4
85.315599,27.714714,1291.4
85.31562,27.714819,1291.4
85.315645,27.714918,1291.4
85.315666,27.715021,1291.4
85.315692,27.715118,1291.4
85.315712,27.715218,1291.4
85.315727,27.715328,1291.4
85.315748,27.715423,1291.4
85.315763,27.715523,1291.4
85.315789,27.715625,1292.7
85.315804,27.715725,1292.7
85.315825,27.715835,1292.7
85.31584,27.71593,1292.7
85.315855,27.716027,1292.7
85.315881,27.716132,1292.7
85.315901,27.716227,1292.7
85.315917,27.716319,1292.7
85.315932,27.716411,1292.7
85.315948,27.716493,1292.7
85.315963,27.716567,1292.7
85.315978,27.716634,1292.7
85.315988,27.7167,1292.7
85.316004,27.716764,1292.7
85.315978,27.71682,1292.7
85.315958,27.716874,1292.7
85.315917,27.716923,1292.7
85.315871,27.716964,1293.9
85.315809,27.717002,1293.9
85.315732,27.717036,1293.9
85.315661,27.717069,1293.9
85.315589,27.7171,1293.9
85.315466,27.717135,1293.9
85.315389,27.717174,1293.9
85.315302,27.71721,1293.9
85.315195,27.717235,1293.9
85.315092,27.717253,1293.9
85.314995,27.717266,1293.9
85.314903,27.717281,1293.9
85.314821,27.717299,1293.9
85.314744,27.717322,1295.1
85.314668,27.717353,1295.1
85.31458,27.717381,1295.1
85.314483,27.717404,1295.1
85.314386,27.717414,1295.1
85.314284,27.71742,1295.1
85.314191,27.717435,1295.1
85.314104,27.71745,1295.1
85.314012,27.717468,1295.1
85.31392,27.717499,1295.1
85.313833,27.717535,1295.1
85.313751,27.717568,1295.1
85.313674,27.717591,1295.1
85.313608,27.717609,1295.1
85.313536,27.717627,1295.1
85.313469,27.71765,1295.1
85.313408,27.71767,1295.1
85.313357,27.717683,1295.1
85.313249,27.717704,1295.1
85.313142,27.71774,1295.1
85.31305,27.717778,1295.1
85.312957,27.717827,1295.1
85.31285,27.717883,1295.1
85.312773,27.717914,1295.1
85.312712,27.717942,1295.1
85.31265,27.717962,1295.1
85.312599,27.717983,1295.1
85.312548,27.718003,1295.1
85.312486,27.718026,1295.1
85.312415,27.718049,1295.1
85.312364,27.71807,1295.1
85.312307,27.718085,1295.1
85.312205,27.718121,1295.1
85.312097,27.718152,1295.1
85.31199,27.718154,1295.1
85.311882,27.718164,1296.3
85.311724,27.718211,1296.3
85.311601,27.718236,1296.3
85.311539,27.718246,1296.3
85.311478,27.718252,1296.3
85.311411,27.718252,1296.3
85.31134,27.718254,1296.3
85.311273,27.718257,1296.3
85.311212,27.718257,1296.3
85.31114,27.718257,1296.3
85.311089,27.718252,1296.3
85.311027,27.718252,1296.3
85.310915,27.718246,1296.3
85.310853,27.718246,1296.3
85.310792,27.718244,1296.3
85.310735,27.718244,1296.3
85.310653,27.718244,1296.3
85.310577,27.718239,1296.3
85.310495,27.718216,1296.3
85.310392,27.718182,1296.3
85.310305,27.718152,1296.3
85.310213,27.718136,1296.3
85.310136,27.718129,1295.1
85.31006,27.718126,1293.9
85.309988,27.718129,1293.9
85.309921,27.718154,1292.6
85.309885,27.718185,1292.6
85.309844,27.718239,1291.3
85.309814,27.71829,1289.9
85.309783,27.718328,1288.7
85.309763,27.718403,1287.3
85.309763,27.718441,1287.3
85.309783,27.718574,1286.1
85.309768,27.718638,1286.1
85.309732,27.718679,1284.9
85.309706,27.718743,1284.9
85.309686,27.718812,1284.9
85.30967,27.718889,1283.7
85.30966,27.718961,1283.7
85.309655,27.719004,1283.7
85.309645,27.71906,1283.7
85.309629,27.719124,1283.7
85.309609,27.719194,1283.7
85.309583,27.719252,1283.7
85.309563,27.719316,1283.7
85.309532,27.71938,1283.7
85.309501,27.719432,1282.6
85.30945,27.719483,1282.6
85.309404,27.719549,1282.6
85.309363,27.719626,1282.6
85.309317,27.719695,1282.6
85.309271,27.719762,1282.6
85.30922,27.719846,1282.6
85.309204,27.71989,1282.6
85.309158,27.719972,1282.6
85.309107,27.720061,1282.6
85.309066,27.72012,1282.6
85.30903,27.720182,1282.6
85.308984,27.720243,1282.6
85.308943,27.720302,1282.6
85.308897,27.720364,1282.6
85.308851,27.720435,1282.6
85.308805,27.720504,1282.6
85.308759,27.720571,1282.6
85.308718,27.720635,1282.6
85.308677,27.720691,1282.6
85.308641,27.72075,1282.6
85.308595,27.720814,1282.6
85.308549,27.720878,1281.4
85.308472,27.720996,1281.4
85.308431,27.721052,1281.4
85.308401,27.721098,1281.4
85.308375,27.721139,1281.4
85.308288,27.721247,1281.4
85.308242,27.721303,1281.4
85.308206,27.721357,1281.4
85.30816,27.721418,1281.4
85.308104,27.72149,1281.4
85.308052,27.721559,1281.4
85.307996,27.721633,1281.4
85.307945,27.721708,1281.4
85.307899,27.721782,1281.4
85.307853,27.721856,1281.4
85.307807,27.72193,1281.4
85.307756,27.722007,1281.4
85.307709,27.722081,1281.4
85.307663,27.722153,1281.4
85.307617,27.722232,1281.4
85.307566,27.722319,1281.4
85.307372,27.722598,1281.4
85.307244,27.722778,1281.4
85.307151,27.722906,1281.4
85.307075,27.723005,1281.4
85.307023,27.72309,1281.4
85.306962,27.723174,1281.4
85.306916,27.723244,1281.4
85.30687,27.72331,1281.4
85.306824,27.723377,1281.4
85.306788,27.723443,1281.4
85.306747,27.7235,1281.4
85.306711,27.723558,1281.4
85.30667,27.723615,1281.4
85.306634,27.723671,1281.4
85.306588,27.723735,1281.4
85.306547,27.723799,1281.4
85.306501,27.723866,1281.4
85.306455,27.72393,1281.4
85.306419,27.723988,1281.4
85.306373,27.724052,1281.4
85.306337,27.724109,1281.4
85.306296,27.724168,1282.6
85.306276,27.724229,1282.6
85.306245,27.724285,1282.6
85.306199,27.724347,1282.6
85.306143,27.724426,1282.6
85.306092,27.724518,1282.6
85.30604,27.724611,1282.6
85.305994,27.72469,1282.6
85.305953,27.724769,1282.6
85.305917,27.724836,1283.7
85.305871,27.72491,1283.7
85.305825,27.724987,1283.7
85.305784,27.725051,1283.7
85.305754,27.72511,1283.7
85.305718,27.725166,1283.7
85.305692,27.725192,1283.7
85.305636,27.72524,1283.7
85.305574,27.725302,1283.7
85.305518,27.72535,1283.7
85.305472,27.725417,1283.7
85.305411,27.725494,1284.9
85.30538,27.725532,1284.9
85.305313,27.725617,1284.9
85.305283,27.72566,1284.9
85.305216,27.725747,1284.9
85.30519,27.725788,1284.9
85.305144,27.725855,1284.9
85.305108,27.725919,1284.9
85.305062,27.725988,1284.9
85.305032,27.726039,1284.9
85.304986,27.72608,1284.9
85.304955,27.726118,1284.9
85.304914,27.726162,1284.9
85.304873,27.726228,1284.9
85.304832,27.726333,1284.9
85.304812,27.726467,1284.9
85.304786,27.726569,1284.9
85.304771,27.726623,1284.9
85.304755,27.726666,1284.9
85.30474,27.726735,1283.7
85.304735,27.726789,1283.7
85.304724,27.726825,1283.7
85.304704,27.726892,1283.7
85.304673,27.72693,1283.7
85.304673,27.727004,1283.7
85.304719,27.727058,1283.7
85.304781,27.727122,1283.7
85.304873,27.727206,1283.7
85.304914,27.727247,1283.7
85.30496,27.727296,1283.7
85.305016,27.72735,1283.7
85.305032,27.727452,1283.7
85.305062,27.727542,1283.7
85.305108,27.727619,1283.7
85.305144,27.727695,1283.7
85.305185,27.727762,1283.7
85.305216,27.727836,1283.7
85.305283,27.727982,1283.7
85.305298,27.728015,1283.7
85.305313,27.728131,1283.7
85.305318,27.728215,1283.7
85.305318,27.7283,1283.7
85.305318,27.728381,1283.7
85.305334,27.728463,1283.7
85.305344,27.728543,1283.7
85.305349,27.72862,1283.7
85.305349,27.728699,1283.7
85.305359,27.728778,1283.7
85.305359,27.72885,1283.7
85.305359,27.728914,1283.7
85.305359,27.728975,1283.7
85.305364,27.729039,1283.7
85.305359,27.729098,1283.7
85.305359,27.729137,1283.7
85.305344,27.729244,1283.7
85.305334,27.7293,1283.7
85.305329,27.729359,1283.7
85.305318,27.729423,1283.7
85.305329,27.72948,1283.7
85.305329,27.729567,1283.7
85.305334,27.729651,1283.7
85.305349,27.729728,1284.9
85.305359,27.72981,1284.9
85.305359,27.729892,1284.9
85.305359,27.729974,1284.9
85.305349,27.730056,1284.9
85.305349,27.730135,1284.9
85.305349,27.730235,1284.9
85.305349,27.730337,1284.9
85.305349,27.730437,1284.9
85.305349,27.730532,1284.9
85.305349,27.730619,1284.9
85.305359,27.730706,1284.9
85.305359,27.730798,1284.9
85.305359,27.73088,1284.9
85.305364,27.730962,1284.9
85.305364,27.731036,1284.9
85.305364,27.731105,1284.9
85.305375,27.731172,1284.9
85.305375,27.731215,1284.9
85.30538,27.731292,1284.9
85.30539,27.731372,1284.9
85.305395,27.731451,1284.9
85.305405,27.731533,1284.9
85.305411,27.73162,1284.9
85.305421,27.731712,1284.9
85.305421,27.731807,1284.9
85.305426,27.731901,1284.9
85.305426,27.731981,1284.9
85.305436,27.732052,1284.9
85.305441,27.732119,1284.9
85.305441,27.732191,1284.9
85.305452,27.732285,1284.9
85.305452,27.732329,1284.9
85.305457,27.732498,1284.9
85.305467,27.732646,1284.9
85.305472,27.732751,1284.9
85.305472,27.732836,1284.9
85.305472,27.732913,1284.9
85.305472,27.732979,1284.9
85.305482,27.733069,1284.9
85.305487,27.733138,1286.2
85.305498,27.733176,1286.2
85.305518,27.733235,1286.2
85.305533,27.733297,1286.2
85.305533,27.733379,1286.2
85.305533,27.733453,1286.2
85.305528,27.733499,1286.2
85.305482,27.733514,1286.2
85.305467,27.733448,1286.2
85.305467,27.733386,1286.2
85.305457,27.733332,1286.2
85.305457,27.733294,1286.2
85.305487,27.733258,1286.2
85.305544,27.733258,1286.2
85.305564,27.733212,1286.2
85.305421,27.733176,1286.2
85.30538,27.733135,1286.2
85.305349,27.733161,1286.2
85.305359,27.73322,1286.2
85.305344,27.733297,1286.2
85.305344,27.733366,1286.2
85.305349,27.73345,1286.2
85.305349,27.733563,1286.2
85.305349,27.733624,1286.2
85.305359,27.733693,1286.2
85.305364,27.733765,1286.2
85.305364,27.733839,1286.2
85.30538,27.733903,1287.4
85.30538,27.733978,1287.4
85.30539,27.734057,1287.4
85.305395,27.734126,1287.4
85.305395,27.734198,1287.4
85.305395,27.734269,1287.4
85.305405,27.734336,1287.4
85.305411,27.734405,1287.4
85.305436,27.734474,1287.4
85.305457,27.734541,1287.4
85.305482,27.734618,1287.4
85.305503,27.734684,1287.4
85.305533,27.734751,1287.4
85.305559,27.734817,1287.4
85.305595,27.734881,1288.6
85.305626,27.734938,1288.6
85.305702,27.735045,1288.6
85.305718,27.735068,1288.6
85.305769,27.735135,1288.6
85.305841,27.735201,1288.6
85.305917,27.735258,1288.6
85.306025,27.735306,1288.6
85.306066,27.735322,1288.6
85.306184,27.735347,1288.6
85.306296,27.735368,1288.6
85.306358,27.73537,1288.6
85.306414,27.735373,1288.6
85.306501,27.735373,1288.6
85.306588,27.735365,1288.6
85.306685,27.735352,1288.6
85.306788,27.73534,1288.6
85.30689,27.735324,1288.6
85.307013,27.735306,1288.6
85.307075,27.735296,1288.6
85.307136,27.735286,1288.6
85.307208,27.735273,1288.6
85.307264,27.735263,1288.6
85.30732,27.73525,1288.6
85.307382,27.73524,1288.6
85.307433,27.735232,1288.6
85.307551,27.735214,1288.6
85.307597,27.735209,1288.6
85.307756,27.735188,1288.6
85.307822,27.735181,1288.6
85.307894,27.735173,1288.6
85.30796,27.735165,1288.6
85.308037,27.735158,1288.6
85.308165,27.735137,1288.6
85.308227,27.735107,1288.6
85.308298,27.735084,1288.6
85.308365,27.735063,1288.6
85.308431,27.735045,1288.6
85.308503,27.73503,1288.6
85.30858,27.735012,1288.6
85.308657,27.734996,1288.6
85.308723,27.734981,1288.6
85.30879,27.734971,1288.6
85.308861,27.734956,1288.6
85.308928,27.734943,1288.6
85.308989,27.73493,1288.6
85.309036,27.73492,1288.6
85.309138,27.734899,1288.6
85.30921,27.734889,1288.6
85.309271,27.734879,1288.6
85.309332,27.734858,1288.6
85.309409,27.734838,1288.6
85.309501,27.734825,1288.6
85.309609,27.73482,1288.6
85.30967,27.73482,1288.6
85.309732,27.734817,1288.6
85.309793,27.734817,1288.6
85.30986,27.734817,1288.6
85.309937,27.734815,1288.6
85.310003,27.73481,1288.6
85.31008,27.734799,1288.6
85.310152,27.734792,1288.6
85.310218,27.734784,1288.6
85.310295,27.734776,1288.6
85.310362,27.734766,1288.6
85.310433,27.734756,1288.6
85.31051,27.734748,1288.6
85.310577,27.734738,1288.6
85.310664,27.734743,1288.6
85.310776,27.73474,1288.6
85.310899,27.73473,1288.6
85.311007,27.734717,1288.6
85.311094,27.73472,1288.6
85.311186,27.73473,1288.6
85.311273,27.734735,1288.6
85.31135,27.73474,1288.6
85.311427,27.734748,1288.6
85.311493,27.734756,1288.6
85.31157,27.734758,1288.6
85.311631,27.734756,1288.6
85.311713,27.734753,1288.6
85.31179,27.734751,1288.6
85.311857,27.734753,1288.6
85.311928,27.734756,1288.6
85.312005,27.734756,1288.6
85.312072,27.734758,1288.6
85.312143,27.734761,1288.6
85.312205,27.734761,1288.6
85.312271,27.734761,1288.6
85.312338,27.734764,1288.6
85.312415,27.734764,1288.6
85.312486,27.734766,1288.6
85.312568,27.734766,1288.6
85.312645,27.734769,1288.6
85.312727,27.734769,1288.6
85.312814,27.734774,1288.6
85.312906,27.734776,1288.6
85.312988,27.734781,1288.6
85.31307,27.734784,1288.6
85.313157,27.734792,1288.6
85.313234,27.734797,1288.6
85.313316,27.734804,1288.6
85.313413,27.734812,1288.6
85.313521,27.734822,1288.6
85.313613,27.734828,1288.6
85.313705,27.734838,1288.6
85.313787,27.73484,1288.6
85.313864,27.734851,1288.6
85.31394,27.734856,1288.6
85.314012,27.734863,1288.6
85.314079,27.734868,1288.6
85.314135,27.734874,1288.6
85.314217,27.734881,1288.6
85.314263,27.734892,1288.6
85.31433,27.734912,1288.6
85.314376,27.734925,1288.6
85.314463,27.734948,1288.6
85.31455,27.734956,1288.6
85.314642,27.734961,1288.6
85.31476,27.734966,1288.6
85.314821,27.734943,1288.6
85.314898,27.73493,1288.6
85.31497,27.734925,1288.6
85.315057,27.734927,1288.6
85.315154,27.734963,1288.6
85.315246,27.734986,1288.6
85.315369,27.734986,1288.6
85.315466,27.734984,1288.6
85.315589,27.734981,1288.6
85.315697,27.734984,1288.6
85.31582,27.734989,1288.6
85.315917,27.734994,1288.6
85.31604,27.734996,1288.6
85.316147,27.734996,1288.6
85.31626,27.734994,1288.6
85.316378,27.734994,1288.6
85.31649,27.734994,1288.6
85.316582,27.735002,1288.6
85.316726,27.735009,1288.6
85.316859,27.73502,1288.6
85.316972,27.73503,1288.6
85.317084,27.735035,1288.6
85.317171,27.735043,1288.6
85.317258,27.735045,1288.6
85.317335,27.735053,1288.6
85.317422,27.735055,1288.6
85.317504,27.73506,1288.6
85.317576,27.735063,1288.6
85.317642,27.735063,1288.6
85.317693,27.73506,1288.6
85.31775,27.73506,1288.6
85.317847,27.735063,1288.6
85.317949,27.735071,1288.6
85.318052,27.735084,1288.6
85.318159,27.735163,1288.6
85.3182,27.735196,1288.6
85.318252,27.735245,1288.6
85.318277,27.735273,1288.6
85.318308,27.735342,1288.6
85.318328,27.735375,1288.6
85.318374,27.735493,1288.6
85.31842,27.735539,1288.6
85.318441,27.735585,1288.6
85.318467,27.735629,1288.6
85.318513,27.73569,1288.6
85.318518,27.735759,1288.6
85.318548,27.735839,1288.6
85.318574,27.735887,1288.6
85.318671,27.735997,1288.6
85.318733,27.736059,1288.6
85.318789,27.736125,1288.6
85.318825,27.736177,1288.6
85.318856,27.736223,1288.6
85.318886,27.736274,1288.6
85.318917,27.736328,1288.6
85.318948,27.736381,1289.7
85.318994,27.736492,1289.7
85.319014,27.736543,1289.7
85.319055,27.736612,1289.7
85.319091,27.736691,1289.7
85.319132,27.736778,1289.7
85.319168,27.736865,1289.7
85.319199,27.73695,1290.9
85.319229,27.737037,1290.9
85.31925,27.737119,1290.9
85.319276,27.737198,1290.9
85.319291,27.73726,1292.1
85.319296,27.737316,1292.1
85.319311,27.737372,1292.1
85.319327,27.737428,1292.1
85.319352,27.737485,1292.1
85.319383,27.737539,1292.1
85.319419,27.737582,1293.3
85.319444,27.73762,1293.3
85.319506,27.737687,1293.3
85.319557,27.737743,1293.3
85.319634,27.737807,1293.3
85.31967,27.737848,1293.3
85.319711,27.737894,1293.3
85.319747,27.737946,1293.3
85.319777,27.737997,1294.7
85.319808,27.738051,1294.7
85.319839,27.738107,1294.7
85.31988,27.738173,1294.7
85.31991,27.738235,1294.7
85.319931,27.738289,1294.7
85.319951,27.73834,1294.7
85.319977,27.738406,1294.7
85.320008,27.738473,1294.7
85.320038,27.738537,1294.7
85.320074,27.738601,1294.7
85.32012,27.738662,1294.7
85.320161,27.738708,1294.7
85.320197,27.738747,1294.7
85.320238,27.738775,1294.7
85.320289,27.738816,1294.7
85.32034,27.73887,1294.7
85.320402,27.738921,1294.7
85.320479,27.738985,1294.7
85.32054,27.739057,1294.7
85.320581,27.739092,1294.7
85.320648,27.739169,1294.7
85.320678,27.739203,1294.7
85.320724,27.739256,1294.7
85.320755,27.739292,1294.7
85.320832,27.739372,1295.8
85.320878,27.73942,1295.8
85.320924,27.739479,1295.8
85.32096,27.739525,1297.1
85.320986,27.739571,1297.1
85.321032,27.739668,1297.1
85.321047,27.73973,1297.1
85.321062,27.739789,1297.1
85.321078,27.739853,1297.1
85.321098,27.739912,1297.1
85.321119,27.73996,1297.1
85.321134,27.740004,1297.1
85.32116,27.740076,1297.1
85.321175,27.740134,1297.1
85.32119,27.740204,1297.1
85.321206,27.740278,1295.9
85.321257,27.740352,1295.9
85.321303,27.740442,1295.9
85.321329,27.74049,1295.9
85.321349,27.740575,1295.9
85.321375,27.740664,1295.9
85.321405,27.740741,1295.9
85.321436,27.74082,1295.9
85.321472,27.740897,1295.9
85.321503,27.740974,1295.9
85.321549,27.741053,1294.7
85.321585,27.741133,1294.7
85.321626,27.741212,1294.7
85.321656,27.741276,1294.7
85.321687,27.741338,1294.7
85.321708,27.741391,1294.7
85.321733,27.741448,1294.7
85.321764,27.741509,1294.7
85.32181,27.741586,1294.7
85.321846,27.741627,1294.7
85.321923,27.741711,1294.7
85.321969,27.741763,1294.7
85.322015,27.741811,1294.7
85.322061,27.741862,1294.7
85.322107,27.741908,1294.7
85.322153,27.741955,1294.7
85.322199,27.742008,1294.7
85.32223,27.742062,1294.7
85.322245,27.742116,1294.7
85.32226,27.74217,1294.7
85.322271,27.742221,1294.7
85.322281,27.742264,1294.7
85.322296,27.742326,1294.7
85.322312,27.74238,1294.7
85.322317,27.742431,1294.7
85.322327,27.74249,1294.7
85.322327,27.742554,1294.7
85.322327,27.742618,1294.7
85.322327,27.742676,1294.7
85.322327,27.742758,1294.7
85.322332,27.742848,1294.7
85.322342,27.742925,1294.7
85.322358,27.743022,1294.7
85.322373,27.743068,1294.7
85.322394,27.743135,1294.7
85.322419,27.743201,1294.7
85.322435,27.743273,1294.7
85.32245,27.743345,1294.7
85.322465,27.743429,1294.7
85.322481,27.743511,1294.7
85.322486,27.74359,1296
85.32247,27.743672,1296
85.322465,27.743752,1296
85.322465,27.743826,1297.2
85.322465,27.743898,1297.2
85.32247,27.743964,1297.2
85.322481,27.744031,1298.6
85.322496,27.7441,1298.6
85.322516,27.744161,1298.6
85.322547,27.74422,1298.6
85.322578,27.744274,1299.9
85.322604,27.744323,1299.9
85.322634,27.744371,1299.9
85.32267,27.74442,1299.9
85.322706,27.744471,1299.9
85.322752,27.744522,1299.9
85.322798,27.744576,1299.9
85.322844,27.74463,1299.9
85.3229,27.744686,1299.9
85.322952,27.744745,1299.9
85.323013,27.744809,1299.9
85.323075,27.744858,1299.9
85.323141,27.744929,1299.9
85.323197,27.744998,1299.9
85.323233,27.745062,1299.9
85.323274,27.745139,1299.9
85.32329,27.745206,1299.9
85.323325,27.745272,1299.9
85.323366,27.745326,1298.7
85.323412,27.745388,1298.7
85.323433,27.745485,1298.7
85.323469,27.745544,1298.7
85.32351,27.745587,1298.7
85.323556,27.745628,1298.7
85.323607,27.745669,1298.7
85.323679,27.745725,1298.7
85.32374,27.745782,1298.7
85.323802,27.745851,1298.7
85.323843,27.745917,1298.7
85.323873,27.745981,1298.7
85.323904,27.746038,1298.7
85.323935,27.746097,1298.7
85.323965,27.746153,1298.7
85.323981,27.746202,1298.7
85.323991,27.746253,1298.7
85.324012,27.74633,1298.7
85.324022,27.746376,1298.7
85.324042,27.74644,1297.5
85.324083,27.746481,1297.5
85.324129,27.746552,1297.5
85.32416,27.746621,1297.5
85.324196,27.746708,1297.5
85.324242,27.746808,1297.5
85.324257,27.746865,1297.5
85.324278,27.746926,1297.5
85.324303,27.746988,1297.5
85.324324,27.747052,1297.5
85.324349,27.747116,1297.5
85.324365,27.747151,1297.5
85.324442,27.7473,1297.5
85.324472,27.747361,1297.5
85.324524,27.747471,1297.5
85.324539,27.7475,1297.5
85.324585,27.747594,1297.5
85.3246,27.747645,1297.5
85.324621,27.747697,1297.5
85.324631,27.747758,1297.5
85.324646,27.747817,1297.5
85.324662,27.747884,1297.5
85.324677,27.747953,1297.5
85.324682,27.748014,1297.5
85.324682,27.748086,1297.5
85.324682,27.748155,1297.5
85.324692,27.748237,1297.5
85.324708,27.748316,1297.5
85.324713,27.748398,1297.5
85.324723,27.748472,1297.5
85.324739,27.748536,1297.5
85.324744,27.748611,1297.5
85.324759,27.748677,1297.5
85.324769,27.748756,1297.5
85.324785,27.748841,1297.5
85.3248,27.748925,1297.5
85.324897,27.7491,1297.5
85.324954,27.749228,1297.5
85.324979,27.749325,1297.5
85.325005,27.749394,1297.5
85.325036,27.74944,1297.5
85.325066,27.749509,1297.5
85.325097,27.749581,1297.5
85.325128,27.749637,1297.5
85.325164,27.749709,1297.5
85.325271,27.750047,1297.5
85.325286,27.750124,1297.5
85.325297,27.750177,1297.5
85.325297,27.750241,1297.5
85.325297,27.750298,1297.5
85.325302,27.750369,1297.5
85.325312,27.750426,1297.5
85.325312,27.750474,1297.5
85.325343,27.750492,1297.5
85.325409,27.750584,1297.5
85.32544,27.750646,1297.5
85.32546,27.750694,1297.5
85.325476,27.750797,1297.5
85.325507,27.750861,1297.5
85.325532,27.750925,1297.5
85.325563,27.750996,1297.5
85.325594,27.751068,1297.5
85.325614,27.751127,1297.5
85.325629,27.751183,1297.5
85.32566,27.751237,1297.5
85.325686,27.751286,1298.7
85.325701,27.751316,1298.7
85.325742,27.751368,1298.7
85.325783,27.751401,1298.7
85.325844,27.751447,1298.7
85.325911,27.751491,1298.7
85.325983,27.751565,1298.7
85.326044,27.751626,1298.7
85.32608,27.751677,1298.7
85.326126,27.751736,1298.7
85.326177,27.751803,1298.7
85.326239,27.75188,1298.7
85.326316,27.751972,1299.8
85.326356,27.75202,1299.8
85.326469,27.752125,1299.8
85.326531,27.752174,1299.8
85.326582,27.752215,1301.1
85.326623,27.752264,1301.1
85.3267,27.75243,1301.1
85.326761,27.752556,1301.1
85.326822,27.752645,1301.1
85.326904,27.752719,1301.1
85.327012,27.752783,1301.1
85.327078,27.752835,1301.1
85.327135,27.752896,1301.1
85.327171,27.752957,1301.1
85.327155,27.752952,1301.1
85.327273,27.753132,1301.1
85.327314,27.753216,1301.1
85.327345,27.7533,1301.1
85.327375,27.753398,1301.1
85.327416,27.7535,1301.1
85.327452,27.753597,1301.1
85.327493,27.753687,1301.1
85.327529,27.753772,1301.1
85.327575,27.753861,1301.1
85.327621,27.753943,1301.1
85.327672,27.754035,1301.1
85.327734,27.754122,1301.1
85.32779,27.754202,1301.1
85.327841,27.754281,1301.1
85.327887,27.754363,1301.1
85.327933,27.754435,1301.1
85.32798,27.754519,1301.1
85.32802,27.754606,1301.1
85.328041,27.754688,1301.1
85.328072,27.75476,1301.1
85.328092,27.754826,1301.1
85.328123,27.754911,1301.1
85.328148,27.754982,1301.1
85.328169,27.755059,1301.1
85.328195,27.755133,1301.1
85.328184,27.755241,1301.1
85.328164,27.755313,1301.1
85.328154,27.755351,1301.1
85.328164,27.7554,1301.1
85.328169,27.755448,1301.1
85.328164,27.755489,1301.1
85.328102,27.755533,1301.1
85.328036,27.755584,1301.1
85.327933,27.755658,1301.1
85.327887,27.755694,1301.1
85.327836,27.755735,1301.1
85.327775,27.755781,1301.1
85.327713,27.75583,1301.1
85.327652,27.755881,1301.1
85.32759,27.755932,1301.1
85.327529,27.755981,1301.1
85.327478,27.756022,1301.1
85.327421,27.75606,1301.1
85.327375,27.756093,1301.1
85.327329,27.756127,1302.3
85.327273,27.756157,1302.3
85.327212,27.75618,1302.3
85.327155,27.756196,1302.3
85.327017,27.756227,1303.5
85.32695,27.756234,1303.5
85.326899,27.756239,1303.5
85.326797,27.756239,1305
85.326705,27.756239,1306.3
85.326612,27.756239,1306.3
85.326536,27.756234,1307.6
85.326454,27.756239,1309.2
85.326387,27.75628,1309.2
85.326362,27.756352,1310.8
85.326356,27.756426,1312
85.326377,27.756524,1312
85.326403,27.75657,1313.5
85.326464,27.756636,1313.5
85.326551,27.756646,1314.9
85.326607,27.756634,1314.9
85.326669,27.756616,1316.4
85.32672,27.756603,1316.4
85.326858,27.756623,1317.9
85.32694,27.756682,1319.5
85.326981,27.756721,1319.5
85.327078,27.756864,1321
85.327109,27.75692,1321
85.32715,27.756977,1322.5
85.327181,27.757028,1322.5
85.327227,27.757084,1322.5
85.327258,27.757133,1323.9
85.327288,27.757187,1323.9
85.327324,27.757245,1323.9
85.32736,27.757302,1325.4
85.327391,27.75735,1325.4
85.327421,27.757402,1325.4
85.327452,27.75746,1326.7
85.327483,27.757517,1326.7
85.327508,27.757571,1326.7
85.327524,27.757627,1328.2
85.327544,27.757693,1328.2
85.32756,27.757755,1328.2
85.32757,27.757819,1329.6
85.327585,27.757888,1329.6
85.32759,27.757955,1329.6
85.327601,27.758011,1331
85.327606,27.758075,1331
85.327616,27.758141,1331
85.327621,27.7582,1332.7
85.327631,27.758262,1332.7
85.327636,27.758326,1332.7
85.327662,27.758392,1334
85.327683,27.758456,1334
85.327713,27.758523,1334
85.327734,27.758584,1334
85.327764,27.758643,1335.2
85.327805,27.758694,1335.2
85.327841,27.758758,1335.2
85.327882,27.75882,1335.2
85.327928,27.758876,1335.2
85.32799,27.758935,1336.4
85.328041,27.758991,1336.4
85.328108,27.75904,1336.4
85.328184,27.759099,1336.4
85.328261,27.759158,1336.4
85.328333,27.759219,1336.4
85.328394,27.759281,1336.4
85.328451,27.75934,1337.7
85.328512,27.759388,1337.7
85.328584,27.759434,1337.7
85.32866,27.759488,1337.7
85.328727,27.759537,1337.7
85.328783,27.75958,1337.7
85.32884,27.759631,1337.7
85.328881,27.759677,1337.7
85.328927,27.759734,1337.7
85.328973,27.759795,1337.7
85.329024,27.759857,1337.7
85.329085,27.759931,1337.7
85.329142,27.760003,1338.8
85.329193,27.760074,1338.8
85.329254,27.760154,1338.8
85.3293,27.760228,1338.8
85.329352,27.760312,1338.8
85.329439,27.760458,1338.8
85.329459,27.760507,1338.8
85.3295,27.760566,1338.8
85.329536,27.760625,1338.8
85.329592,27.760701,1338.8
85.329644,27.760768,1338.8
85.329705,27.760835,1338.8
85.329756,27.760916,1338.8
85.329812,27.760993,1338.8
85.329859,27.761068,1338.8
85.329905,27.761149,1338.8
85.329951,27.761236,1340
85.330002,27.761336,1340
85.330022,27.761421,1340
85.330063,27.7615,1340
85.330109,27.761574,1340
85.330145,27.761644,1340
85.330186,27.761718,1340
85.330222,27.761779,1340
85.330263,27.761846,1340
85.330309,27.761923,1340
85.330345,27.761994,1340
85.330391,27.762068,1340
85.330422,27.762138,1340
85.330458,27.762207,1340
85.330483,27.762255,1340
85.330514,27.762309,1340
85.33055,27.762371,1340
85.330529,27.762365,1340
85.330499,27.762565,1340
85.330499,27.762732,1340
85.330504,27.762877,1340
85.330504,27.762993,1340
85.330514,27.763092,1340
85.330529,27.76318,1340
85.330534,27.763254,1340
85.33055,27.763336,1340
85.330591,27.763387,1340
85.330621,27.763448,1340
85.330642,27.763517,1340
85.330642,27.763589,1341.3
85.330627,27.763674,1341.3
85.330611,27.763756,1341.3
85.330606,27.763832,1341.3
85.330596,27.763907,1342.6
85.330591,27.763983,1342.6
85.330565,27.764134,1342.6
85.330499,27.764262,1343.9
85.330473,27.764326,1343.9
85.330442,27.764396,1343.9
85.330422,27.764449,1345.2
85.330412,27.764511,1345.2
85.330406,27.764572,1345.2
85.330412,27.764631,1345.2
85.330422,27.7647,1345.2
85.330437,27.764754,1346.6
85.330452,27.764805,1346.6
85.330468,27.764859,1346.6
85.330483,27.76491,1346.6
85.330499,27.764972,1347.7
85.330519,27.76502,1347.7
85.330545,27.765138,1347.7
85.33055,27.765204,1348.9
85.33056,27.765271,1348.9
85.33056,27.765345,1348.9
85.33056,27.765414,1348.9
85.330575,27.765481,1348.9
85.33058,27.765542,1348.9
85.330596,27.765609,1348.9
85.330621,27.765678,1348.9
85.330637,27.765757,1348.9
85.330642,27.765829,1350.1
85.330657,27.765898,1350.1
85.330668,27.765957,1350.1
85.330683,27.766013,1350.1
85.330688,27.766067,1350.1
85.330688,27.766129,1350.1
85.330683,27.766177,1350.1
85.330668,27.76628,1350.1
85.330657,27.766333,1350.1
85.330642,27.766377,1350.1
85.330627,27.766431,1350.1
85.330596,27.766451,1350.1
85.330591,27.766508,1350.1
85.330575,27.766582,1350.1
85.330565,27.766615,1350.1
85.330519,27.766648,1350.1
85.330483,27.7667,1350.1
85.330452,27.766738,1350.1
85.330422,27.766784,1350.1
85.330412,27.766858,1350.1
85.330406,27.766884,1350.1
85.330396,27.766953,1350.1
85.330396,27.767014,1350.1
85.330376,27.767048,1350.1
85.33033,27.767119,1350.1
85.330309,27.767194,1350.1
85.330299,27.767252,1350.1
85.330299,27.767319,1350.1
85.330324,27.767368,1350.1
85.330324,27.76745,1350.1
85.330314,27.767524,1350.1
85.330278,27.767606,1350.1
85.330248,27.76768,1350.1
85.330222,27.767777,1350.1
85.330217,27.767867,1350.1
85.330217,27.767936,1350.1
85.330217,27.768003,1350.1
85.330217,27.768061,1350.1
85.330217,27.768123,1350.1
85.330217,27.768179,1350.1
85.330202,27.768238,1350.1
85.330202,27.768294,1350.1
85.330217,27.768325,1350.1
85.330191,27.768471,1350.1
85.330191,27.768512,1350.1
85.330202,27.768563,1350.1
85.330161,27.768643,1350.1
85.330125,27.768707,1350.1
85.330079,27.768771,1348.6
85.330022,27.768832,1347.2
85.329966,27.768896,1347.2
85.329889,27.76897,1345.9
85.329859,27.769006,1345.9
85.329782,27.769073,1345.9
85.32971,27.769132,1344.7
85.329644,27.769183,1344.7
85.329577,27.769244,1343.4
85.329536,27.769275,1343.4
85.329459,27.769336,1342
85.329423,27.76937,1342
85.329352,27.769436,1340.7
85.3293,27.769492,1339.1
85.32926,27.769549,1339.1
85.329244,27.769608,1337.8
85.329239,27.769656,1337.8
85.329239,27.769723,1336.7
85.329229,27.769805,1336.7
85.329224,27.769887,1335.5
85.329224,27.769979,1334.3
85.329229,27.770068,1334.3
85.329239,27.770163,1332.7
85.329244,27.770271,1331.5
85.329244,27.770324,1329.9
85.32926,27.770376,1329.9
85.329275,27.770427,1328.3
85.329316,27.770529,1326.5
85.329393,27.770644,1324.6
85.329428,27.770703,1324.6
85.329469,27.770762,1322.9
85.3295,27.770826,1322.9
85.329536,27.770906,1321.5
85.329562,27.770982,1321.5
85.329592,27.771069,1321.5
85.329618,27.771144,1319.9
85.329669,27.771248,1319.9
85.32972,27.771351,1319.9
85.329787,27.771482,1318.7
85.329828,27.771553,1318.7
85.329874,27.771615,1318.7
85.329987,27.771732,1318.7
85.330033,27.771789,1318.7
85.330068,27.77185,1318.7
85.330109,27.771917,1318.7
85.33014,27.771973,1318.7
85.330171,27.772029,1318.7
85.330191,27.772088,1320.1
85.330222,27.772147,1320.1
85.330253,27.772209,1320.1
85.330278,27.77228,1321.4
85.330294,27.772342,1321.4
85.330299,27.772403,1321.4
85.330294,27.772472,1322.6
85.330294,27.772529,1322.6
85.330284,27.772588,1322.6
85.330294,27.772646,1322.6
85.330294,27.772708,1323.8
85.330309,27.772772,1323.8
85.330314,27.772841,1323.8
85.33034,27.772902,1323.8
85.33036,27.772969,1323.8
85.330381,27.77303,1323.8
85.330406,27.773089,1325
85.330427,27.773148,1325
85.330442,27.773199,1325
85.330458,27.773261,1325
85.330473,27.773317,1325
85.330483,27.773373,1325
85.330483,27.77342,1326.2
85.330483,27.773527,1326.2
85.330483,27.773588,1326.2
85.330468,27.773642,1326.2
85.330442,27.773696,1326.2
85.330412,27.773755,1326.2
85.330376,27.773801,1326.2
85.33033,27.77385,1327.5
85.330284,27.773898,1327.5
85.330232,27.773947,1327.5
85.330176,27.773996,1327.5
85.33013,27.774044,1328.7
85.330079,27.774095,1328.7
85.330038,27.774152,1328.7
85.330002,27.774211,1328.7
85.329971,27.774272,1328.7
85.32994,27.774331,1329.9
85.32991,27.774392,1329.9
85.329874,27.774438,1329.9
85.329843,27.774479,1329.9
85.329741,27.774543,1331.1
85.32969,27.774579,1331.1
85.329644,27.774612,1332.6
85.329603,27.774651,1332.6
85.329562,27.774689,1333.7
85.329516,27.774728,1333.7
85.329459,27.774769,1335
85.329398,27.774812,1335
85.329347,27.774848,1336.5
85.32929,27.774889,1336.5
85.329244,27.77493,1338
85.329203,27.774976,1338
85.329157,27.77502,1339.6
85.329111,27.775058,1339.6
85.329055,27.775096,1340.9
85.328993,27.775124,1340.9
85.328932,27.77514,1342.3
85.32887,27.77514,1342.3
85.328814,27.775137,1343.7
85.328742,27.775127,1343.7
85.328676,27.775119,1345.4
85.328614,27.775122,1345.4
85.328543,27.775127,1346.9
85.328481,27.775137,1346.9
85.328369,27.775171,1348.6
85.328302,27.775191,1350
85.328246,27.775212,1350
85.328184,27.775237,1351.6
85.328133,27.775268,1351.6
85.328072,27.775304,1353
85.32802,27.775347,1353
85.327964,27.775391,1354.4
85.327913,27.775447,1354.4
85.327867,27.775496,1354.4
85.327821,27.775547,1355.8
85.32778,27.775606,1355.8
85.327744,27.775667,1355.8
85.327703,27.775731,1355.8
85.327662,27.775798,1357
85.327616,27.775864,1357
85.327555,27.775946,1357
85.327483,27.776031,1357
85.327421,27.776118,1357
85.32736,27.776197,1357
85.327299,27.776274,1357
85.327247,27.776351,1357
85.327212,27.77644,1357
85.327181,27.776522,1357
85.32715,27.776607,1357
85.327124,27.776686,1357
85.327094,27.776778,1357
85.327058,27.776858,1357
85.327012,27.776934,1357
85.326966,27.777004,1357
85.326904,27.77707,1357
85.326843,27.777126,1357
85.326781,27.777183,1357
85.326705,27.777219,1357
85.326638,27.777254,1358.3
85.326566,27.7773,1358.3
85.326403,27.777398,1358.3
85.326234,27.777467,1359.7
85.326147,27.7775,1359.7
85.326075,27.777533,1359.7
85.326003,27.777572,1359.7
85.325937,27.777613,1359.7
85.325875,27.777661,1359.7
85.325804,27.777705,1359.7
85.325742,27.777759,1359.7
85.325686,27.777805,1359.7
85.32564,27.777864,1359.7
85.325599,27.777935,1359.7
85.325583,27.778102,1359.7
85.325583,27.778204,1359.7
85.325594,27.778268,1360.8
85.325614,27.778332,1360.8
85.325629,27.778396,1360.8
85.325645,27.77846,1360.8
85.32566,27.778522,1360.8
85.325676,27.778575,1360.8
85.325676,27.778634,1360.8
85.325676,27.778693,1360.8
85.32566,27.778711,1360.8
85.325548,27.778829,1360.8
85.325501,27.778903,1360.8
85.325455,27.778988,1360.8
85.325409,27.779067,1360.8
85.325379,27.779149,1360.8
85.325348,27.779233,1360.8
85.325317,27.77932,1360.8
85.325281,27.779415,1360.8
85.32524,27.779512,1360.8
85.325204,27.779617,1360.8
85.325179,27.779709,1360.8
85.325164,27.779809,1360.8
85.325148,27.779901,1360.8
85.325143,27.779996,1360.8
85.325133,27.780093,1360.8
85.325133,27.780191,1360.8
85.325133,27.78028,1360.8
85.325133,27.780372,1362
85.325133,27.780465,1362
85.325133,27.780552,1362
85.325133,27.780646,1362
85.325117,27.780744,1362
85.325082,27.780884,1362
85.325036,27.780997,1362
85.324995,27.781097,1362
85.324954,27.781176,1362
85.324913,27.781274,1362
85.324877,27.781373,1362
85.324851,27.781463,1362
85.324836,27.781558,1362
85.324836,27.781655,1362
85.324851,27.781745,1362
85.324867,27.781834,1362
85.324882,27.781924,1362
85.324897,27.782011,1362
85.324923,27.782098,1362
85.324938,27.782172,1362
85.324959,27.782244,1362
85.324979,27.782313,1362
85.32501,27.782382,1362
85.325056,27.782454,1362
85.325112,27.782523,1362
85.325164,27.782592,1362
85.32522,27.782661,1362
85.325271,27.782738,1362
85.325317,27.782822,1362
85.325368,27.782907,1362
85.325425,27.782986,1360.8
85.325471,27.783063,1360.8
85.325517,27.783137,1360.8
85.325563,27.783209,1360.8
85.325609,27.783278,1360.8
85.32566,27.783347,1360.8
85.325732,27.783406,1360.8
85.325814,27.783468,1360.8
85.325896,27.783526,1360.8
85.325983,27.783583,1360.8
85.32606,27.783639,1360.8
85.326126,27.783698,1360.8
85.326177,27.783752,1362
85.326234,27.783803,1362
85.326285,27.783857,1362
85.326341,27.783913,1362
85.326392,27.783974,1362
85.326438,27.784036,1362
85.326484,27.784095,1362
85.326515,27.784156,1362
85.326546,27.784223,1362
85.326561,27.784297,1362
85.326577,27.784379,1362
85.326577,27.784466,1362
85.326566,27.784545,1362
85.326561,27.784617,1362
85.326561,27.784684,1362
85.326561,27.784735,1362
85.326582,27.784778,1360.8
85.326689,27.784863,1360.8
85.326751,27.784904,1360.8
85.326822,27.78494,1360.8
85.327017,27.785042,1360.8
85.327078,27.785098,1360.8
85.327155,27.785126,1360.8
85.327232,27.785142,1360.8
85.327309,27.785162,1360.8
85.327386,27.785196,1362.2
85.327447,27.785239,1362.2
85.327493,27.785306,1362.2
85.327498,27.78538,1363.7
85.327529,27.785434,1363.7
85.327585,27.785495,1363.7
85.327631,27.785546,1365.5
85.327688,27.785605,1365.5
85.327744,27.785651,1365.5
85.327805,27.785692,1367
85.327867,27.785733,1367
85.327928,27.785782,1367
85.32799,27.785836,1367
85.328041,27.785892,1368.5
85.328092,27.785948,1368.5
85.328148,27.786022,1368.5
85.328184,27.786092,1368.5
85.32821,27.786291,1368.5
85.328225,27.786412,1368.5
85.328256,27.786504,1369.8
85.328292,27.786583,1369.8
85.328348,27.786647,1369.8
85.32841,27.786698,1369.8
85.328466,27.786742,1371
85.328538,27.786778,1371
85.328614,27.786813,1371
85.328753,27.786898,1371
85.328773,27.786924,1371
85.328855,27.786998,1372.3
85.328942,27.787044,1372.3
85.329004,27.78708,1372.3
85.329085,27.787077,1372.3
85.329162,27.787057,1373.6
85.329244,27.787028,1373.6
85.329331,27.787016,1373.6
85.329413,27.787013,1373.6
85.32949,27.787023,1373.6
85.329562,27.787044,1375.1
85.329628,27.78708,1375.1
85.329679,27.787121,1375.1
85.329736,27.787169,1376.6
85.329787,27.787215,1376.6
85.329833,27.787274,1376.6
85.329874,27.787336,1377.9
85.329905,27.787402,1377.9
85.32992,27.787461,1377.9
85.329925,27.787523,1379.3
85.32991,27.787584,1379.3
85.329879,27.787643,1379.3
85.329833,27.787709,1380.7
85.329797,27.787773,1380.7
85.329751,27.787845,1380.7
85.32972,27.787914,1381.8
85.329705,27.787981,1381.8
85.329695,27.788052,1381.8
85.329695,27.788124,1383.1
85.32972,27.788196,1383.1
85.329751,27.788262,1383.1
85.329787,27.788329,1384.6
85.329833,27.788403,1384.6
85.329874,27.788472,1384.6
85.32992,27.788552,1385.9
85.329951,27.788623,1385.9
85.329992,27.788703,1385.9
85.330038,27.788769,1387.3
85.330094,27.788831,1387.3
85.330145,27.788897,1387.3
85.330202,27.788969,1388.6
85.330248,27.789041,1388.6
85.330294,27.789115,1388.6
85.33034,27.789204,1390.1
85.330376,27.789279,1390.1
85.330381,27.789348,1390.1
85.330391,27.789414,1391.7
85.330381,27.789478,1391.7
85.330371,27.789542,1391.7
85.33034,27.789601,1393.4
85.330309,27.78966,1393.4
85.330268,27.789714,1394.7
85.330232,27.789768,1394.7
85.330191,27.789819,1395.9
85.330156,27.789868,1395.9
85.330115,27.789911,1395.9
85.330079,27.789952,1397.5
85.330048,27.790001,1397.5
85.330022,27.790047,1397.5
85.330002,27.790085,1398.7
85.329981,27.790164,1398.7
85.329987,27.790241,1400.2
85.330007,27.790321,1400.2
85.330048,27.790403,1400.2
85.330084,27.790484,1401.4
85.330099,27.790577,1401.4
85.330094,27.790674,1401.4
85.330094,27.790723,1402.6
85.330084,27.790807,1402.6
85.330099,27.790889,1402.6
85.33014,27.790981,1402.6
85.330161,27.79103,1402.6
85.330191,27.791078,1402.6
85.330222,27.791124,1402.6
85.330253,27.791165,1402.6
85.33034,27.791245,1402.6
85.330376,27.791278,1402.6
85.330452,27.79134,1402.6
85.330504,27.791391,1402.6
85.330529,27.791442,1402.6
85.330483,27.791485,1402.6
85.330422,27.791524,1402.6
85.330355,27.791562,1403.8
85.330294,27.791621,1403.8
85.330237,27.791708,1405
85.330202,27.791811,1405
85.330186,27.791864,1405
85.330171,27.791923,1406.3
85.330161,27.791972,1406.3
85.330145,27.79202,1406.3
85.330125,27.792143,1407.5
85.330109,27.792205,1407.5
85.330099,27.792271,1407.5
85.330094,27.79234,1407.5
85.330084,27.79241,1407.5
85.330084,27.792486,1407.5
85.330079,27.792563,1407.5
85.330063,27.792645,1408.7
85.330053,27.792717,1408.7
85.330048,27.792788,1408.7
85.330033,27.792855,1408.7
85.330033,27.792916,1410.2
85.330033,27.792975,1410.2
85.330038,27.793034,1411.5
85.330038,27.793098,1411.5
85.330038,27.793155,1411.5
85.330033,27.793208,1413
85.330033,27.79326,1413
85.330017,27.793347,1413
85.330017,27.793439,1414.3
85.330022,27.793536,1414.3
85.330038,27.793641,1414.3
85.330048,27.793702,1415.6
85.330053,27.793761,1415.6
85.330063,27.79382,1415.6
85.330084,27.793866,1415.6
85.330109,27.793915,1416.8
85.330125,27.794012,1416.8
85.330094,27.794104,1418
85.330038,27.794189,1419.4
85.330002,27.794237,1419.4
85.329981,27.794286,1419.4
85.329951,27.794337,1419.4
85.329935,27.794394,1420.6
85.32992,27.79445,1420.6
85.32991,27.794506,1420.6
85.32991,27.794563,1420.6
85.329905,27.794621,1420.6
85.329894,27.794675,1420.6
85.329879,27.794734,1421.7
85.329864,27.794793,1421.7
85.329843,27.794857,1421.7
85.329818,27.794921,1421.7
85.329787,27.794985,1421.7
85.329766,27.795041,1421.7
85.329741,27.795092,1421.7
85.32972,27.795159,1421.7
85.329705,27.79522,1421.7
85.329695,27.795287,1421.7
85.32969,27.795364,1421.7
85.329679,27.795448,1421.7
85.329674,27.79552,1421.7
85.329659,27.795592,1422.9
85.329633,27.795666,1422.9
85.329613,27.795738,1422.9
85.329597,27.795812,1422.9
85.329582,27.795886,1422.9
85.329577,27.795963,1422.9
85.329582,27.79604,1422.9
85.329582,27.796119,1422.9
85.329597,27.796201,1422.9
85.329613,27.796275,1422.9
85.329618,27.796347,1422.9
85.329633,27.796419,1422.9
85.329644,27.79649,1422.9
85.329618,27.796636,1422.9
85.329592,27.796777,1422.9
85.329577,27.796838,1422.9
85.329567,27.796902,1422.9
85.329551,27.796961,1424.1
85.329546,27.797023,1424.1
85.329546,27.797084,1424.1
85.329562,27.79714,1424.1
85.329577,27.797199,1424.1
85.329597,27.797258,1424.1
85.329618,27.79732,1424.1
85.329644,27.797379,1425.3
85.329674,27.797435,1425.3
85.329695,27.797491,1425.3
85.32972,27.79755,1425.3
85.329741,27.797614,1426.5
85.329756,27.797688,1426.5
85.329772,27.797763,1426.5
85.329782,27.797839,1427.7
85.329787,27.797916,1427.7
85.329797,27.797978,1427.7
85.329802,27.798039,1429
85.329802,27.798106,1429
85.329812,27.798177,1429
85.329812,27.798246,1430.7
85.329828,27.798321,1430.7
85.329833,27.798382,1430.7
85.329848,27.798444,1432.3
85.329874,27.798505,1432.3
85.329879,27.798564,1433.5
85.329894,27.798618,1433.5
85.32991,27.798666,1433.5
85.32994,27.798753,1435.1
85.329981,27.798868,1436.7
85.329987,27.798922,1436.7
85.330002,27.798984,1438
85.330017,27.799037,1438
85.330038,27.799101,1439.5
85.330053,27.799155,1439.5
85.330084,27.799214,1440.9
85.330125,27.79927,1440.9
85.330156,27.799327,1442.5
85.330176,27.799388,1442.5
85.330202,27.799447,1444
85.330207,27.799508,1444
85.330217,27.799567,1445.7
85.330222,27.799626,1445.7
85.330232,27.799688,1447.2
85.330237,27.799754,1447.2
85.330248,27.799813,1448.7
85.330253,27.799864,1448.7
85.330268,27.799923,1450.3
85.330278,27.799972,1450.3
85.330294,27.800028,1451.7
85.330294,27.800087,1451.7
85.330284,27.800146,1453.1
85.330278,27.800207,1453.1
85.330263,27.800271,1454.4
85.330237,27.80033,1454.4
85.330207,27.800389,1454.4
85.330176,27.800445,1455.7
85.33013,27.800497,1455.7
85.330079,27.800548,1455.7
85.330033,27.800584,1457
85.329981,27.800604,1457
85.329925,27.800614,1457
85.329797,27.800614,1458.2
85.329705,27.800576,1459.9
85.329597,27.800532,1461.2
85.329531,27.800525,1461.2
85.329459,27.80053,1462.6
85.329393,27.800535,1462.6
85.329321,27.80054,1464
85.32926,27.80055,1464
85.329203,27.800566,1465.5
85.329132,27.800591,1465.5
85.329085,27.80062,1466.7
85.329039,27.800658,1466.7
85.329004,27.800699,1468
85.328973,27.80074,1468
85.328932,27.800781,1468
85.328865,27.800865,1469.5
85.328829,27.800899,1469.5
85.328783,27.800929,1471
85.328691,27.800965,1472.2
85.328599,27.800978,1473.5
85.328507,27.800988,1474.8
85.328415,27.800991,1476
85.328333,27.801004,1476
85.328256,27.801039,1477.6
85.328184,27.801093,1479.1
85.328133,27.801162,1479.1
85.328087,27.801236,1480.7
85.328041,27.801316,1482
85.32801,27.801354,1482
85.327944,27.801428,1483.5
85.327913,27.801467,1483.5
85.327826,27.801523,1485
85.327749,27.801574,1485
85.327672,27.801615,1486.5
85.32759,27.801636,1486.5
85.327514,27.801631,1488
85.327437,27.801603,1488
85.32736,27.801544,1489.5
85.327324,27.80151,1489.5
85.327247,27.801436,1490.7
85.327217,27.801405,1490.7
85.32715,27.801331,1490.7
85.327078,27.801249,1490.7
85.327043,27.801216,1490.7
85.326971,27.801162,1490.7
85.326899,27.801124,1490.7
85.326828,27.801103,1490.7
85.326766,27.801088,1490.7
85.32672,27.80107,1490.7
85.326628,27.801052,1489.5
85.326561,27.801042,1489.5
85.326484,27.80106,1489.5
85.326433,27.801065,1489.5
85.326356,27.801068,1489.5
85.326295,27.80107,1489.5
85.326223,27.801078,1489.5
85.326162,27.801093,1489.5
85.326126,27.801142,1489.5
85.326121,27.801188,1489.5
85.326121,27.801239,1489.5
85.326106,27.801295,1489.5
85.32608,27.801352,1489.5
85.326049,27.8014,1490.7
85.326003,27.801444,1490.7
85.325942,27.801475,1491.8
85.325891,27.801503,1491.8
85.325834,27.801528,1493
85.325757,27.80158,1494.2
85.325722,27.801615,1494.2
85.325676,27.801649,1494.2
85.325624,27.801697,1495.6
85.325553,27.801743,1496.8
85.325491,27.801795,1496.8
85.32544,27.801833,1498.1
85.325363,27.801851,1498.1
85.325281,27.801866,1499.5
85.325204,27.801871,1500.6
85.325133,27.801864,1500.6
85.325066,27.801856,1501.8
85.325005,27.801833,1501.8
85.324938,27.801797,1503.2
85.324877,27.801769,1503.2
85.324805,27.801769,1504.5
85.324744,27.801795,1504.5
85.324692,27.801818,1505.7
85.324631,27.801859,1505.7
85.324585,27.8019,1507
85.324539,27.801938,1507
85.324488,27.801981,1508.2
85.324426,27.802025,1508.2
85.324365,27.802045,1508.2
85.324303,27.80204,1509.4
85.324242,27.80202,1509.4
85.324191,27.801984,1510.7
85.32415,27.801928,1512.1
85.324129,27.801879,1512.1
85.324088,27.801812,1513.6
85.324058,27.801769,1514.9
85.324012,27.801715,1514.9
85.32395,27.801679,1516.2
85.323889,27.801644,1516.2
85.323843,27.801597,1517.6
85.323791,27.801567,1517.6
85.32373,27.801567,1518.7
85.323684,27.8016,1518.7
85.323622,27.801631,1519.9
85.323571,27.801674,1521.1
85.32354,27.801708,1521.1
85.32351,27.801748,1522.4
85.323494,27.801818,1522.4
85.323464,27.801869,1523.7
85.323418,27.801923,1524.9
85.323382,27.801961,1524.9
85.323341,27.802007,1524.9
85.32331,27.802048,1526.2
85.323264,27.802081,1526.2
85.323197,27.802115,1527.4
85.323141,27.802127,1527.4
85.32308,27.802092,1528.6
85.323044,27.802045,1528.6
85.323023,27.802004,1529.9
85.322977,27.801956,1529.9
85.322931,27.80191,1531.2
85.322875,27.801874,1531.2
85.322793,27.801871,1532.6
85.322737,27.801864,1532.6
85.32267,27.801851,1533.7
85.322593,27.801848,1533.7
85.322532,27.801833,1533.7
85.322465,27.801828,1534.9
85.322394,27.801833,1534.9
85.322342,27.801874,1536.2
85.322312,27.801933,1536.2
85.322301,27.801981,1537.4
85.322266,27.802043,1537.4
85.32223,27.802081,1538.7
85.322189,27.802125,1539.9
85.322168,27.801976,1541.4
85.322184,27.801997,1541.4
85.32225,27.801948,1541.4
85.322286,27.801925,1541.4
85.322301,27.8019,1541.4
85.322342,27.801833,1541.4
85.322332,27.801774,1541.4
85.322281,27.801766,1537.2
85.32226,27.801812,1537.2
85.32226,27.801897,1537.2
85.322266,27.801951,1537.2
85.322312,27.801953,1537.2
85.322363,27.801938,1537.2
85.322358,27.801994,1537.2
85.322317,27.802012,1537.2
85.322312,27.801938,1537.2
85.322327,27.801869,1537.2
85.322342,27.801841,1537.2
85.322378,27.80183,1537.2
85.322363,27.801736,1537.2
85.322358,27.80171,1537.2
85.322317,27.801731,1537.2
85.322327,27.801731,1537.2
85.322332,27.801705,1537.2
85.322332,27.80171,1537.2
85.322363,27.801754,1537.2
85.322342,27.801713,1537.2
85.322286,27.801725,1537.2
85.322301,27.8017,1537.2
85.322312,27.801733,1537.2
85.322301,27.801851,1537.2
85.322296,27.801866,1537.2
85.32226,27.801925,1537.2
85.32223,27.801964,1537.2
85.322189,27.802004,1537.2
85.322168,27.802051,1537.2
85.322153,27.802099,1537.2
85.322138,27.802186,1538.6
85.322127,27.802225,1538.6
85.322143,27.802296,1539.8
85.322143,27.802345,1541
85.322127,27.802409,1542.2
85.322112,27.802455,1542.2
85.322092,27.802522,1542.2
85.322076,27.802583,1542.2
85.322066,27.802637,1542.2
85.322061,27.802716,1543.4
85.322035,27.802778,1543.4
85.32203,27.802826,1543.4
85.321974,27.802883,1543.4
85.321938,27.802893,1543.4
85.321892,27.802934,1543.4
85.321907,27.802931,1543.4
85.321897,27.802988,1543.4
85.321892,27.803034,1543.4
85.321846,27.80308,1543.4
85.32181,27.803118,1544.6
85.321769,27.803172,1544.6
85.321784,27.803228,1544.6
85.321795,27.803274,1544.6
85.32181,27.803328,1544.6
85.321825,27.803389,1544.6
85.32183,27.803448,1544.6
85.321825,27.803487,1544.6
85.321769,27.803548,1544.6
85.321733,27.803569,1544.6
85.321677,27.803599,1544.6
85.321631,27.803602,1544.6
85.32158,27.803592,1545.8
85.32158,27.803676,1545.8
85.32161,27.803725,1544.6
85.321641,27.803763,1546.1
85.321523,27.803794,1548.6
85.321472,27.803817,1548.6
85.321405,27.80385,1549.8
85.321375,27.803889,1551.1
85.321364,27.803937,1551.1
85.321329,27.803983,1552.3
85.321211,27.804114,1554.7
85.32116,27.804145,1555.9
85.321119,27.804186,1557.2
85.321083,27.804221,1560
85.321047,27.804265,1561.2
85.321006,27.804301,1562.4
85.32096,27.804378,1565
85.320883,27.804475,1567.4
85.320863,27.804518,1568.6
85.320806,27.804503,1568.6
85.320817,27.804516,1569.7
85.320771,27.804593,1572.7
85.320755,27.804623,1574
85.320709,27.804613,1576.5
85.320709,27.804649,1576.5
85.320658,27.804685,1577.9
85.320663,27.804726,1579.1
85.320643,27.804777,1581.5
85.320612,27.804818,1582.6
85.320566,27.804815,1585
85.32052,27.804841,1586.3
85.320489,27.80489,1587.5
85.320479,27.804872,1588.6
85.320428,27.804879,1589.8
85.320381,27.804908,1592.3
85.32032,27.804931,1592.3
85.320274,27.804954,1593.5
85.320212,27.804984,1594.6
85.320207,27.805028,1595.8
85.320146,27.805046,1598.2
85.320074,27.805051,1599.5
85.320023,27.805071,1599.5
85.319977,27.805087,1602
85.319967,27.805133,1603.2
85.31986,27.805172,1604.5
85.319803,27.805198,1604.5
85.319747,27.805224,1604.5
85.31969,27.805251,1605.7
85.319634,27.805277,1606.9
85.319578,27.805303,1608.1
85.319521,27.805329,1608.1
85.319465,27.805355,1610.5
85.319409,27.805381,1611.7
85.319352,27.805408,1611.7
85.319296,27.805434,1625.6
85.319239,27.80546,1629.4
85.319183,27.805486,1629.4
85.319163,27.805507,1629.4
85.319148,27.805535,1630.6
85.319148,27.805558,1633
85.31903,27.805568,1633
85.318994,27.805576,1633
85.318953,27.805591,1638.2
85.318938,27.805619,1639.4
85.318892,27.805665,1640.6
85.318845,27.805652,1643
85.318789,27.805642,1644.2
85.318799,27.805647,1646.7
85.318687,27.805635,1646.7
85.318651,27.805632,1648.7
85.318636,27.805673,1650
85.318579,27.805709,1651.2
85.318533,27.805732,1652.6
85.318482,27.805745,1653.8
85.31842,27.805742,1655
85.318374,27.80577,1656.2
85.318292,27.805821,1656.2
85.318231,27.805842,1657.4
85.318175,27.805855,1657.4
85.318124,27.805868,1658.6
85.318062,27.80588,1659.8
85.318001,27.805896,1661.1
85.317949,27.805916,1661.1
85.317893,27.805914,1662.4
85.317847,27.805947,1663.6
85.317816,27.805949,1664.7
85.31777,27.805924,1664.7
85.317719,27.805921,1664.7
85.317663,27.805898,1665.9
85.317637,27.805844,1665.9
85.317596,27.805868,1667.2
85.31756,27.805888,1668.4
85.317514,27.805916,1668.4
85.317499,27.805983,1669.6
85.317473,27.806039,1670.8
85.317468,27.80609,1670.8
85.317458,27.806144,1672
85.317468,27.8062,1672
85.317484,27.806249,1673.2
85.317504,27.8063,1674.4
85.317514,27.806359,1675.6
85.317514,27.806413,1675.6
85.317443,27.806456,1676.9
85.317412,27.806487,1676.9
85.31735,27.80651,1678.1
85.317299,27.806536,1678.1
85.317253,27.806577,1679.3
85.317207,27.806605,1679.3
85.317146,27.806607,1680.6
85.317094,27.80662,1681.7
85.317023,27.806656,1681.7
85.316972,27.806674,1683
85.316915,27.806694,1683
85.3169,27.806761,1685.5
85.316931,27.806799,1685.5
85.316972,27.806838,1686.7
85.317007,27.806876,1686.7
85.317038,27.806925,1687.9
85.317069,27.806963,1687.9
85.31711,27.807012,1689.1
85.317146,27.807053,1690.3
85.317125,27.807109,1690.3
85.317115,27.807173,1691.5
85.317094,27.807219,1692.6
85.317069,27.80726,1692.6
85.317018,27.807291,1693.8
85.316972,27.807327,1693.8
85.316925,27.807368,1695
85.316884,27.807404,1696.3
85.316844,27.807434,1696.3
85.316787,27.807455,1697.5
85.316782,27.807493,1697.5
85.316751,27.807526,1697.5
85.316741,27.807588,1698.8
85.31671,27.807631,1698.8
85.31669,27.80768,1700
85.316695,27.807734,1700
85.316675,27.80778,1701.2
85.316664,27.807831,1702.4
85.316659,27.807887,1702.4
85.316634,27.807933,1703.6
85.316613,27.807985,1704.8
85.316582,27.808031,1704.8
85.316536,27.808056,1706
85.31648,27.808082,1706
85.316424,27.808087,1707.2
85.316367,27.808069,1708.4
85.316306,27.808074,1708.4
85.31626,27.808102,1709.6
85.316198,27.808113,1710.7
85.316178,27.808156,1711.9
85.316152,27.808205,1713.1
85.316116,27.808253,1713.1
85.316081,27.8083,1714.3
85.31605,27.808338,1715.6
85.316019,27.808389,1715.6
85.316004,27.80844,1716.7
85.315988,27.808494,1717.9
85.315973,27.808548,1717.9
85.315958,27.808596,1719.1
85.315932,27.80865,1719.1
85.315942,27.808696,1720.3
85.315958,27.808755,1720.3
85.315978,27.808809,1720.3
85.316004,27.808863,1720.3
85.316035,27.808904,1721.5
85.316065,27.808947,1721.5
85.316065,27.809004,1721.5
85.31607,27.80908,1722.6
85.316055,27.809114,1722.6
85.316019,27.809172,1722.6
85.315994,27.809213,1722.6
85.315963,27.809262,1723.8
85.315927,27.809308,1723.8
85.315896,27.809349,1723.8
85.315866,27.809395,1723.8
85.315743,27.809521,1723.8
85.315707,27.809559,1723.8
85.315661,27.809608,1723.8
85.315615,27.809626,1725.6
85.315553,27.809636,1725.6
85.315492,27.809646,1725.6
85.315476,27.809682,1725.6
85.31542,27.80969,1725.6
85.315359,27.809697,1725.6
85.315328,27.809756,1725.6
85.315308,27.809792,1725.6
85.315308,27.809823,1725.6
85.315308,27.809869,1725.6
85.315318,27.809915,1725.6
85.315369,27.80994,1725.6
85.31543,27.809958,1729.7
85.315476,27.809981,1729.7
85.315538,27.809997,1731
85.315599,27.810015,1732.2
85.315666,27.810028,1733.4
85.315712,27.810035,1733.4
85.315748,27.810066,1734.6
85.315794,27.810102,1735.8
85.315835,27.810138,1735.8
85.315886,27.810166,1737
85.315927,27.810207,1737
85.315948,27.810258,1738.3
85.315973,27.810314,1739.5
85.316004,27.810358,1739.5
85.316024,27.810414,1740.7
85.316035,27.810468,1740.7
85.316009,27.810511,1741.9
85.316004,27.810565,1743.3
85.316004,27.810619,1744.5
85.315994,27.810678,1744.5
85.315988,27.810732,1745.6
85.315973,27.810788,1746.9
85.315963,27.810842,1748.2
85.315958,27.810893,1748.2
85.316004,27.810977,1750.6
85.315988,27.811021,1750.6
85.315963,27.811062,1750.6
85.315927,27.811105,1752.3
85.315886,27.811154,1752.3
85.315855,27.81119,1753.5
85.315794,27.811208,1754.6
85.315758,27.811238,1754.6
85.315727,27.81129,1755.8
85.315681,27.81132,1757
85.315645,27.811359,1757
85.31562,27.811418,1758.2
85.315574,27.811448,1759.4
85.315538,27.811484,1759.4
85.315507,27.811535,1760.6
85.315512,27.811592,1761.7
85.315543,27.811643,1761.7
85.315604,27.811653,1763
85.315666,27.811671,1764.3
85.315727,27.811679,1764.3
85.315779,27.811674,1765.5
85.31585,27.811674,1766.6
85.315901,27.811692,1766.6
85.315942,27.811709,1767.9
85.315963,27.811753,1769.1
85.315978,27.811809,1769.1
85.315958,27.81186,1769.1
85.315958,27.811912,1771.5
85.315958,27.811965,1771.5
85.315932,27.812017,1772.6
85.315912,27.81206,1773.8
85.315881,27.812111,1775
85.315855,27.812157,1775
85.315809,27.812196,1776.2
85.315773,27.812242,1777.4
85.315758,27.812293,1777.4
85.315717,27.812332,1778.6
85.315681,27.812365,1779.7
85.315681,27.812429,1779.7
85.315681,27.812475,1779.7
85.315681,27.812531,1780.9
85.315707,27.812585,1780.9
85.315712,27.812636,1780.9
85.315707,27.812692,1780.9
85.315707,27.812744,1782.1
85.315712,27.812795,1782.1
85.315727,27.812846,1783.3
85.315748,27.812902,1783.3
85.315773,27.812943,1783.3
85.31584,27.812966,1784.4
85.315901,27.812984,1784.4
85.315963,27.812966,1784.4
85.316009,27.812954,1785.7
85.31607,27.812943,1785.7
85.316116,27.81291,1787
85.316168,27.812879,1788.2
85.316229,27.812864,1788.2
85.316285,27.812861,1789.4
85.316347,27.812849,1789.4
85.316408,27.812838,1790.6
85.31647,27.812823,1791.7
85.316526,27.812803,1792.9
85.316582,27.81278,1794.1
85.316628,27.812756,1794.1
85.31668,27.812772,1795.4
85.31671,27.812813,1796.6
85.316736,27.812854,1797.9
85.316756,27.812908,1799.1
85.316797,27.812951,1800.3
85.316833,27.812995,1800.3
85.316869,27.813038,1801.6
85.31691,27.813082,1802.8
85.316941,27.813123,1802.8
85.316972,27.813169,1804
85.316977,27.813222,1805.3
85.316972,27.813286,1805.3
85.316961,27.813332,1806.4
85.316941,27.813386,1807.7
85.316925,27.813432,1807.7
85.316961,27.813476,1808.9
85.316992,27.813512,1810.1
85.317038,27.813558,1810.1
85.317084,27.813581,1811.3
85.31714,27.813604,1811.3
85.317202,27.813629,1812.4
85.317248,27.813655,1812.4
85.317299,27.813709,1813.6
85.31733,27.813747,1813.6
85.317381,27.813775,1814.8
85.317422,27.813816,1814.8
85.317468,27.813844,1814.8
85.317514,27.813878,1816
85.317565,27.813908,1817.2
85.317637,27.813924,1817.2
85.317688,27.813919,1818.4
85.317765,27.813911,1818.4
85.317811,27.813901,1819.5
85.317878,27.813885,1820.8
85.317893,27.813932,1820.8
85.317903,27.813978,1820.8
85.317949,27.814021,1820.8
85.317934,27.81406,1820.8
85.317949,27.814067,1820.8
85.318098,27.814144,1820.8
85.318154,27.814152,1820.8
85.318205,27.814136,1820.8
85.318277,27.814118,1820.8
85.318323,27.814118,1825.5
85.318385,27.814126,1826.7
85.318436,27.814118,1827.9
85.318502,27.814124,1827.9
85.318559,27.814118,1827.9
85.31862,27.814131,1829.1
85.318682,27.814118,1829.1
85.318733,27.814095,1830.4
85.318794,27.814083,1830.4
85.318902,27.814067,1831.5
85.318953,27.814047,1832.7
85.319014,27.814019,1832.7
85.319071,27.814006,1833.9
85.319132,27.813988,1835.1
85.319188,27.813975,1835.1
85.31925,27.813972,1835.1
85.319311,27.813965,1836.4
85.319368,27.813957,1837.5
85.319404,27.813939,1837.5
85.319491,27.813908,1838.7
85.319542,27.813908,1838.7
85.319593,27.813908,1838.7
85.319665,27.813916,1841.2
85.319711,27.813924,1842.4
85.319741,27.813957,1843.5
85.319731,27.814013,1843.5
85.319741,27.814024,1843.5
85.319788,27.813955,1843.5
85.319762,27.813983,1843.5
85.319803,27.813947,1843.5
85.319864,27.813947,1843.5
85.31991,27.813955,1843.5
85.319962,27.813983,1843.5
85.319962,27.814001,1843.5
85.319946,27.814067,1843.5
85.319941,27.814111,1843.5
85.319941,27.814164,1843.5
85.319967,27.814216,1843.5
85.320008,27.814254,1843.5
85.320054,27.814298,1849.7
85.3201,27.814341,1849.7
85.320151,27.814372,1849.7
85.320197,27.814413,1851
85.320243,27.814454,1851
85.3203,27.814464,1852.3
85.320351,27.814456,1853.4
85.320412,27.814459,1853.4
85.320474,27.814459,1854.7
85.32054,27.814451,1854.7
85.320596,27.814451,1856.1
85.320663,27.814444,1857.4
85.32073,27.814436,1857.4
85.320791,27.814426,1858.6
85.320852,27.814423,1860.1
85.320909,27.814418,1861.4
85.320975,27.814408,1861.4
85.321047,27.814397,1862.5
85.321108,27.814387,1862.5
85.32116,27.814395,1862.5
85.321226,27.814395,1863.7
85.321288,27.814387,1863.7
85.321349,27.81438,1864.9
85.321421,27.814369,1864.9
85.321482,27.814359,1866.1
85.321539,27.814354,1866.1
85.32161,27.814349,1866.1
85.321661,27.814349,1867.3
85.321723,27.814351,1867.3
85.321784,27.814364,1867.3
85.321846,27.814382,1867.3
85.321907,27.814403,1867.3
85.321969,27.814426,1867.3
85.32202,27.814446,1867.3
85.322092,27.814474,1867.3
85.322143,27.81449,1867.3
85.322204,27.8145,1867.3
85.32225,27.814464,1867.3
85.322301,27.814451,1867.3
85.322363,27.814451,1867.3
85.322435,27.814451,1867.3
85.322496,27.814459,1867.3
85.322542,27.814469,1867.3
85.322578,27.814482,1867.3
85.322609,27.814528,1867.3
85.32265,27.814574,1867.3
85.322675,27.814623,1867.3
85.322721,27.814664,1867.3
85.322783,27.814664,1867.3
85.322844,27.814651,1867.3
85.322906,27.814633,1867.3
85.322967,27.814636,1866.1
85.323039,27.814648,1866.1
85.323095,27.814656,1866.1
85.323167,27.814679,1864.9
85.323218,27.8147,1864.9
85.323259,27.814733,1863.7
85.323305,27.814781,1863.7
85.323351,27.81482,1862.5
85.323402,27.814843,1862.5
85.323453,27.814835,1861.3
85.32351,27.814858,1860
85.323576,27.814874,1860
85.323653,27.814879,1858.8
85.323715,27.814881,1858.8
85.323771,27.814889,1858.8
85.323802,27.814935,1858.8
85.323802,27.814986,1857.6
85.323807,27.815045,1857.6
85.323843,27.815091,1857.6
85.323889,27.815107,1857.6
85.323914,27.815148,1857.6
85.323904,27.815119,1857.6
85.323991,27.815158,1857.6
85.324042,27.815173,1857.6
85.324104,27.815191,1857.6
85.32416,27.815206,1857.6
85.324211,27.815227,1859.1
85.324242,27.81524,1859.1
85.324293,27.815278,1859.1
85.324349,27.815293,1859.1
85.324401,27.815301,1859.1
85.324462,27.815316,1859.1
85.324524,27.815345,1859.1
85.324585,27.815365,1859.1
85.324646,27.81538,1859.1
85.324698,27.815398,1861.1
85.324754,27.815419,1861.1
85.32479,27.81547,1862.3
85.32482,27.815516,1862.3
85.324867,27.81556,1863.4
85.324913,27.815585,1863.4
85.324969,27.815613,1864.6
85.32502,27.815636,1864.6
85.325082,27.815619,1864.6
85.325133,27.815613,1865.8
85.32521,27.815613,1865.8
85.325266,27.815621,1865.8
85.325327,27.815624,1865.8
85.325379,27.815629,1867
85.325445,27.815636,1867
85.325507,27.815652,1867
85.325568,27.81567,1867
85.325624,27.81569,1867
85.325686,27.815716,1868.3
85.325752,27.815744,1868.3
85.325804,27.81577,1869.4
85.32586,27.815795,1869.4
85.325906,27.815816,1869.4
85.325972,27.815844,1870.6
85.326034,27.815859,1870.6
85.326095,27.815867,1870.6
85.326157,27.815836,1871.8
85.326203,27.815808,1871.8
85.326239,27.815764,1873
85.326264,27.815716,1873
85.326269,27.815662,1874.3
85.326264,27.815601,1875.4
85.326239,27.815557,1875.4
85.326218,27.815503,1875.4
85.326177,27.815439,1875.4
85.326162,27.815386,1876.6
85.326193,27.815347,1876.6
85.326249,27.815301,1876.6
85.3263,27.815278,1876.6
85.326362,27.815258,1876.6
85.326372,27.815188,1878.4
85.326392,27.815168,1878.4
85.326408,27.815109,1878.4
85.326362,27.815076,1878.4
85.326326,27.81504,1878.4
85.326356,27.814976,1878.4
85.326372,27.814971,1878.4
85.326372,27.81492,1878.4
85.326372,27.814838,1878.4
85.326387,27.814792,1883.9
85.326392,27.814761,1883.9
85.326454,27.814764,1885.1
85.326515,27.814733,1886.8
85.326561,27.814702,1886.8
85.326597,27.814656,1888
85.326628,27.814592,1888
85.326597,27.814569,1888
85.326684,27.814472,1888
85.326735,27.814474,1888
85.326792,27.814497,1888
85.326868,27.814518,1888
85.326935,27.814523,1888
85.326996,27.814546,1888
85.327032,27.814508,1894.4
85.327058,27.814467,1894.4
85.327109,27.814444,1894.4
85.327171,27.814433,1895.5
85.327212,27.814403,1895.5
85.327278,27.814392,1897
85.327329,27.814377,1897
85.327391,27.814349,1897
85.327432,27.814321,1897
85.327462,27.814282,1897
85.327498,27.814275,1897
85.327683,27.814182,1897
85.327744,27.814154,1899.5
85.327805,27.814149,1899.5
85.327867,27.814149,1900.7
85.327933,27.814154,1900.7
85.32799,27.814164,1902
85.328026,27.814195,1902
85.328072,27.814228,1903.2
85.328092,27.814275,1904.4
85.328102,27.81429,1904.4
85.328092,27.814374,1904.4
85.328092,27.814433,1904.4
85.328087,27.814492,1904.4
85.328087,27.814548,1904.4
85.328108,27.814595,1904.4
85.328123,27.814648,1904.4
85.328138,27.814702,1904.4
85.328164,27.814746,1904.4
85.32821,27.814781,1904.4
85.328261,27.814817,1904.4
85.328307,27.814861,1903.1
85.328338,27.814912,1903.1
85.328348,27.814963,1903.1
85.328369,27.815009,1903.1
85.328379,27.815058,1903.1
85.328394,27.815122,1903.1
85.32841,27.815176,1904.4
85.328451,27.815219,1904.4
85.328492,27.815232,1905.5
85.328543,27.815265,1905.5
85.328584,27.815309,1905.5
85.328614,27.815345,1906.7
85.328635,27.81538,1906.7
85.328681,27.815391,1906.7
85.328727,27.81538,1906.7
85.328788,27.815355,1906.7
85.328814,27.815309,1906.7
85.328835,27.815258,1906.7
85.328881,27.815224,1906.7
85.328932,27.815194,1906.7
85.328932,27.815142,1906.7
85.328927,27.815084,1906.7
85.328911,27.815032,1906.7
85.328911,27.814994,1906.7
85.328927,27.814932,1908.6
85.328932,27.814881,1908.6
85.328957,27.814817,1908.6
85.328973,27.814769,1907.4
85.328993,27.814725,1907.4
85.328988,27.814669,1908.6
85.329034,27.814625,1908.6
85.329065,27.814582,1908.6
85.329096,27.814528,1909.8
85.329096,27.814484,1909.8
85.32908,27.814484,1909.8
85.329188,27.81451,1909.8
85.329224,27.814525,1909.8
85.32926,27.814551,1909.8
85.329285,27.814589,1909.8
85.3293,27.814643,1909.8
85.329336,27.81472,1909.8
85.329393,27.814746,1909.8
85.329454,27.814766,1909.8
85.329505,27.814784,1913
85.329567,27.814799,1913
85.329618,27.814807,1914.2
85.329679,27.81483,1915.4
85.32971,27.814866,1915.4
85.329736,27.814912,1916.5
85.329782,27.814953,1917.8
85.329818,27.814973,1919
85.329859,27.815017,1920.2
85.329859,27.81506,1920.2
85.32991,27.815104,1921.4
85.329905,27.81513,1921.4
85.329951,27.815158,1921.4
85.330002,27.815199,1921.4
85.330048,27.815237,1921.4
85.330094,27.81527,1921.4
85.33013,27.815309,1921.4
85.330237,27.815334,1921.4
85.330294,27.815365,1921.4
85.33034,27.815391,1921.4
85.330391,27.815398,1921.4
85.330468,27.815404,1922.5
85.330519,27.815411,1922.5
85.330575,27.815416,1921.2
85.330642,27.815434,1921.2
85.330714,27.815434,1921.2
85.330765,27.815414,1921.2
85.330811,27.815393,1921.2
85.330862,27.81537,1921.2
85.330918,27.815345,1922.4
85.33097,27.815319,1922.4
85.331031,27.815299,1923.5
85.331092,27.815276,1923.5
85.331149,27.815263,1924.7
85.331205,27.815293,1926
85.331246,27.815301,1927.2
85.331313,27.815293,1929.6
85.331384,27.815288,1930.9
85.331446,27.81527,1932.1
85.331492,27.815247,1932.1
85.331548,27.815247,1933.3
85.331604,27.815247,1934.4
85.331666,27.815258,1935.8
85.331702,27.815252,1935.8
85.331732,27.815232,1935.8
85.331779,27.815252,1935.8
85.33184,27.815278,1935.8
85.331886,27.815309,1935.8
85.331922,27.815352,1935.8
85.331932,27.815401,1935.8
85.331932,27.81546,1935.8
85.331963,27.815503,1935.8
85.331983,27.815552,1935.8
85.332024,27.815593,1942
85.33207,27.815621,1942
85.332101,27.81567,1942
85.332147,27.815708,1942
85.332193,27.815744,1942
85.332239,27.815777,1942
85.332291,27.815808,1942
85.332342,27.815816,1942
85.332398,27.815808,1942
85.332449,27.815785,1942
85.332506,27.815764,1943.2
85.332567,27.815741,1943.2
85.332618,27.815726,1943.2
85.3327,27.815683,1949.1
85.332838,27.81559,1951.4
85.332869,27.815567,1951.4
85.332884,27.815529,1951.4
85.332925,27.815475,1952.8
85.332977,27.815429,1954
85.333023,27.815404,1954
85.333222,27.815283,1955.2
85.333268,27.815263,1961.4
85.33333,27.815224,1962.5
85.333376,27.815201,1964.9
85.333427,27.815173,1966.2
85.333473,27.81515,1967.4
85.333519,27.815107,1968.6
85.333565,27.815068,1969.9
85.333617,27.815037,1969.9
85.333678,27.815009,1971.1
85.333719,27.814971,1971.1
85.33375,27.814925,1971.1
85.333786,27.814868,1972.3
85.333816,27.814835,1973.4
85.333878,27.814799,1973.4
85.333914,27.814776,1974.6
85.33397,27.814725,1974.6
85.334006,27.814687,1974.6
85.334062,27.814648,1974.6
85.334108,27.81462,1974.6
85.334175,27.814595,1974.6
85.334241,27.814566,1974.6
85.334287,27.814541,1974.6
85.334344,27.814533,1974.6
85.33442,27.81452,1974.6
85.334472,27.814502,1974.6
85.334533,27.814477,1975.9
85.334595,27.814459,1975.9
85.334661,27.814444,1975.9
85.334717,27.814418,1975.9
85.334753,27.814392,1977.1
85.334799,27.814362,1977.1
85.334861,27.814344,1977.1
85.334917,27.814318,1977.1
85.334963,27.814264,1978.3
85.334984,27.814216,1978.3
85.33503,27.814182,1978.3
85.335081,27.814147,1978.3
85.335142,27.814111,1978.3
85.335199,27.814072,1978.3
85.33526,27.814057,1978.3
85.335311,27.814047,1978.3
85.335373,27.814008,1978.3
85.335419,27.813978,1978.3
85.33547,27.813949,1978.3
85.33567,27.813873,1979.4
85.335716,27.81385,1979.4
85.335762,27.813827,1979.4
85.339699,27.813028,1979.4
85.339735,27.812997,1979.4
85.339791,27.812969,1979.4
85.339853,27.812941,1979.4
85.339899,27.8129,1979.4
85.33993,27.812869,1979.4
85.340012,27.812797,1980.6
85.340042,27.812756,1980.6
85.340073,27.812713,1980.6
85.340093,27.812664,1980.6
85.340104,27.812608,1980.6
85.340109,27.812554,1980.6
85.340119,27.812511,1980.6
85.34014,27.812452,1982.5
85.34017,27.812403,1982.5
85.340196,27.812362,1982.5
85.340216,27.812311,1982.5
85.340227,27.812293,1982.5
85.340232,27.812232,1982.5
85.340242,27.812173,1982.5
85.340262,27.812119,1982.5
85.340273,27.812073,1982.5
85.340278,27.812024,1979.6
85.340355,27.812001,1968.9
85.340401,27.811981,1967.7
85.340452,27.81196,1966.5
85.340513,27.81195,1966.5
85.34057,27.81194,1965.4
85.340631,27.811912,1964.2
85.340667,27.811894,1961.8
85.340713,27.811855,1961.8
85.340759,27.811822,1960.6
85.340795,27.811789,1960.6
85.340851,27.811771,1960.6
85.340902,27.811748,1960.6
85.340964,27.81172,1960.6
85.341025,27.811679,1960.6
85.341087,27.811661,1960.6
85.341184,27.811643,1960.6
85.34124,27.811628,1954.8
85.341292,27.811612,1954.8
85.341368,27.811604,1954.8
85.341425,27.811594,1954.8
85.341491,27.811607,1954.8
85.341548,27.811617,1954.8
85.341614,27.811628,1954.8
85.341665,27.811628,1954.8
85.341727,27.811622,1954.8
85.341788,27.81164,1954.8
85.341844,27.811648,1956
85.341906,27.811635,1956
85.341957,27.81163,1958.4
85.341952,27.811663,1959.7
85.341957,27.811638,1959.7
85.34207,27.811574,1953.5
85.342141,27.811546,1953.5
85.342203,27.811525,1953.5
85.342264,27.811512,1953.5
85.342316,27.811512,1953.5
85.342362,27.811492,1955.7
85.342408,27.811484,1956.9
85.342469,27.811466,1958.1
85.34252,27.811423,1959.3
85.34252,27.811374,1959.3
85.342505,27.811333,1961.7
85.342484,27.811279,1961.7
85.342469,27.811231,1961.7
85.342428,27.811177,1961.7
85.342423,27.811126,1963
85.342413,27.811075,1964.2
85.342428,27.811021,1965.4
85.342454,27.810977,1965.4
85.342474,27.810916,1966.6
85.3425,27.810872,1967.9
85.34252,27.810824,1967.9
85.342546,27.810765,1969.1
85.342566,27.810719,1969.1
85.342592,27.810675,1970.4
85.342607,27.810624,1971.5
85.342612,27.810568,1972.7
85.342612,27.810511,1973.9
85.342612,27.81046,1973.9
85.342612,27.810401,1975.1
85.342612,27.810355,1975.1
85.342597,27.810294,1976.3
85.342592,27.810248,1976.3
85.342607,27.810191,1976.3
85.342612,27.810138,1976.3
85.342612,27.810086,1976.3
85.342607,27.810028,1976.3
85.342623,27.809984,1976.3
85.342674,27.809948,1976.3
85.34272,27.809925,1976.3
85.342751,27.809882,1977.7
85.342797,27.809833,1977.7
85.342833,27.809787,1977.7
85.342858,27.809746,1977.7
85.342925,27.809718,1977.7
85.342986,27.809705,1977.7
85.343032,27.809697,1977.7
85.343094,27.809674,1977.7
85.34314,27.809638,1977.7
85.343186,27.809592,1979
85.343206,27.809546,1979
85.343237,27.8095,1980.2
85.343283,27.809457,1980.2
85.343314,27.809398,1981.4
85.343355,27.809359,1981.4
85.343391,27.809318,1981.4
85.343432,27.80928,1982.5
85.343452,27.809231,1982.5
85.343493,27.809183,1982.5
85.343503,27.809134,1983.7
85.343529,27.80908,1983.7
85.343565,27.809029,1983.7
85.343621,27.808991,1983.7
85.343642,27.808929,1983.7
85.343657,27.808886,1983.7
85.343713,27.808845,1984.9
85.343759,27.808806,1984.9
85.343805,27.808773,1986.1
85.343852,27.808724,1986.1
85.343908,27.808699,1987.3
85.343954,27.808666,1988.4
85.343964,27.808643,1989.6
85.344056,27.808653,1989.6
85.344072,27.80865,1986.6
85.344138,27.808722,1980.5
85.344164,27.808745,1980.5
85.3442,27.808776,1980.5
85.344246,27.808812,1980.5
85.344266,27.80884,1980.5
85.344276,27.808891,1980.5
85.344297,27.808919,1980.5
85.344328,27.808942,1980.5
85.344343,27.808988,1991.5
85.344384,27.808991,1992.7
85.344445,27.808968,1993.9
85.344461,27.808968,1997.4
85.344435,27.808942,1997.4
85.344527,27.808911,1997.4
85.344573,27.808909,1997.4
85.344635,27.808896,2000.6
85.344655,27.80885,2001.9
85.344712,27.808832,2003.3
85.344732,27.808786,2005.8
85.344773,27.808745,2008.4
85.344824,27.808717,2011.1
85.344865,27.808684,2014.7
85.344901,27.808666,2017.1
85.344896,27.808668,2019.4
85.344957,27.808653,2020.7
85.344993,27.808617,2021.9
85.345024,27.808568,2023.2
85.345044,27.808515,2024.4
85.34506,27.808466,2026.8
85.345091,27.808425,2029.3
85.345116,27.808381,2030.5
85.345167,27.808404,2031.7
85.345224,27.808402,2031.7
85.345275,27.808389,2031.7
85.345331,27.808394,2036.9
85.345398,27.808404,2039.4
85.345449,27.808392,2040.6
85.34551,27.808379,2041.8
85.345556,27.808379,2043
85.3458,27.808306,2043
85.345818,27.8083,2043
85.345864,27.808287,2043
85.34591,27.808289,2043
85.345976,27.808289,2043
85.346038,27.808282,2050.4
85.346094,27.808256,2050.4
85.346156,27.808246,2051.5
85.346207,27.808238,2052.8
85.346273,27.808238,2054.1
85.346335,27.808238,2055.4
85.346396,27.808238,2056.5
85.346458,27.808236,2057.7
85.346514,27.808223,2058.9
85.34655,27.808179,2060.1
85.34658,27.808169,2061.3
85.346627,27.808151,2062.4
85.346688,27.808154,2063.6
85.346739,27.808131,2064.8
85.34677,27.808087,2064.8
85.346826,27.808059,2067.3
85.346877,27.808031,2067.3
85.346934,27.80802,2068.4
85.34699,27.808008,2069.6
85.347077,27.80798,2072.1
85.347113,27.807936,2073.3
85.347139,27.80788,2079.8
85.347354,27.807688,2088.4
85.347436,27.807654,2088.4
85.347502,27.807616,2088.4
85.347543,27.807616,2088.4
85.347548,27.807631,2088.4
85.347651,27.80767,2088.4
85.347681,27.807685,2088.4
85.347794,27.807644,2087.1
85.347779,27.807647,2084.7
85.347917,27.807644,2084.7
85.347978,27.807565,2084.7
85.348014,27.807585,2084.7
85.348055,27.807639,2084.7
85.348091,27.807675,2084.7
85.348127,27.80768,2084.7
85.348229,27.807716,2084.7
85.348265,27.807729,2084.7
85.348326,27.807744,2100.3
85.348372,27.807775,2102.7
85.348413,27.807826,2102.7
85.348449,27.807872,2102.7
85.348495,27.807936,2102.7
85.348541,27.807967,2102.7
85.348572,27.807997,2101.2
85.348618,27.808044,2101.2
85.34868,27.808059,2100
85.348731,27.808067,2098.7
85.348879,27.808276,2093.6
85.348895,27.808317,2092.4
85.348931,27.808366,2091.2
85.348961,27.808387,2088.7
85.348992,27.808438,2087.4
85.349059,27.808489,2086.2
85.349074,27.808548,2084.9
85.349105,27.808589,2083.6
85.34913,27.808645,2083.6
85.349151,27.808684,2084.8
85.349197,27.808704,2087.2
85.349228,27.808745,2089.5
85.349289,27.808755,2092.1
85.349371,27.808771,2092.1
85.349427,27.808783,2092.1
85.349489,27.808796,2092.1
85.349524,27.808829,2092.1
85.349555,27.808873,2092.1
85.349565,27.808916,2092.1
85.349571,27.808978,2092.1
85.349586,27.809032,2092.1
85.349617,27.809055,2089.7
85.349658,27.809108,2088.5
85.349663,27.80916,2088.5
85.349693,27.809203,2087.3
85.349745,27.809226,2086.1
85.34977,27.80927,2084.9
85.349801,27.809318,2084.9
85.349832,27.809359,2083.6
85.349852,27.809413,2082.4
85.349893,27.809449,2079.8
85.349924,27.809411,2078.5
85.34996,27.809398,2077.3
85.349985,27.809393,2074.7
85.349985,27.809441,2073.4
85.349955,27.809477,2071
85.349944,27.809472,2067.4
85.34997,27.809492,2066.2
85.349944,27.809569,2065
85.349939,27.809718,2061.4
85.349944,27.809746,2060.3
85.349924,27.809748,2060.3
85.349898,27.809746,2060.3
85.349908,27.809769,2060.3
85.349908,27.80983,2060.3
85.349883,27.809825,2060.3
85.349898,27.809802,2060.3
85.349898,27.809833,2060.3
85.349883,27.809795,2060.3
85.349898,27.809746,2060.3
85.349847,27.809774,2060.3
85.349878,27.80981,2060.3
85.349939,27.809825,2060.3
85.34999,27.809833,2060.3
85.350052,27.809838,2060.3
85.350113,27.809853,2060.3
85.350164,27.809869,2060.3
85.350211,27.809905,2060.3
85.350252,27.809946,2060.3
85.350298,27.809979,2060.3
85.350349,27.809971,2060.3
85.35041,27.809969,2065.5
85.350461,27.809992,2066.7
85.350523,27.809994,2068
85.350584,27.809966,2069.2
85.35063,27.809948,2069.2
85.350687,27.809974,2070.4
85.350738,27.809989,2070.4
85.350799,27.810002,2071.5
85.350851,27.810012,2071.5
85.350897,27.810048,2072.8
85.350953,27.810084,2074
85.350999,27.810122,2075.2
85.351045,27.81014,2075.2
85.351188,27.810171,2075.2
85.35124,27.810191,2075.2
85.351296,27.810207,2075.2
85.351347,27.81022,2075.2
85.351419,27.810222,2075.2
85.351485,27.810237,2075.2
85.351532,27.810258,2075.2
85.351593,27.810266,2076.4
85.35166,27.810273,2076.4
85.351716,27.810271,2077.6
85.351752,27.810304,2078.8
85.351813,27.810327,2078.8
85.351875,27.810345,2080.1
85.351931,27.810368,2080.1
85.351982,27.810394,2080.1
85.352049,27.810396,2080.1
85.352105,27.810412,2080.1
85.352166,27.810427,2080.1
85.352218,27.81045,2081.7
85.352264,27.810447,2081.7
85.352335,27.810445,2082.9
85.352392,27.81046,2084.2
85.352448,27.810481,2086.6
85.352494,27.810509,2087.9
85.352556,27.810527,2090.4
85.352607,27.81054,2091.5
85.352663,27.810522,2092.9
85.352709,27.810499,2095.4
85.352699,27.810506,2097.9
85.352812,27.810458,2102.8
85.352852,27.810437,2102.8
85.352899,27.810417,2104.1
85.352899,27.810363,2106.5
85.35295,27.81034,2107.7
85.353011,27.810337,2107.7
85.35318,27.81035,2107.7
85.353216,27.810337,2107.7
85.353242,27.810301,2107.7
85.353349,27.81033,2107.7
85.35338,27.810371,2107.7
85.353441,27.810406,2109.9
85.353416,27.810401,2108.7
85.353411,27.810394,2101.4
85.353457,27.810445,2095.4
85.353426,27.81045,2093.8
85.353416,27.810452,2093.8
85.353411,27.81045,2106.8
85.3534,27.810437,2106.8
85.353446,27.810445,2106.8
85.353462,27.810501,2106.8
85.353457,27.810478,2106.8
85.353431,27.810432,2106.8
85.353416,27.810401,2106.8
85.353441,27.810473,2106.8
85.353441,27.810432,2106.8
85.353446,27.810481,2106.8
85.353385,27.810476,2106.8
85.353416,27.810452,2106.8
85.353364,27.81046,2106.8
85.353339,27.810435,2106.8
85.353354,27.810406,2106.8
85.353354,27.810419,2106.8
85.353324,27.810412,2106.8
85.353303,27.810519,2106.8
85.3534,27.810504,2106.8
85.353446,27.810478,2106.8
85.353472,27.810406,2106.8
85.353487,27.810355,2106.8
85.353446,27.81004,2106.8
85.353431,27.809866,2106.8
85.353411,27.809667,2106.8
85.353385,27.809551,2106.8
85.35337,27.809487,2106.8
85.3534,27.810476,2106.8
85.3534,27.810468,2106.8
85.353431,27.810419,2106.8
85.353416,27.810432,2117.3
85.353339,27.810422,2117.3
85.3534,27.810445,2117.3
85.353462,27.81046,2117.3
85.353411,27.810401,2117.3
85.353503,27.810496,2117.3
85.353585,27.810565,2117.3
85.353615,27.810588,2117.3
85.353646,27.810616,2117.3
85.353697,27.810609,2117.3
85.353754,27.810639,2117.3
85.353759,27.810696,2117.3
85.353789,27.810739,2102.4
85.35382,27.810783,2099.4
85.353892,27.810813,2098
85.353943,27.810849,2095.4
85.353989,27.810885,2094
85.354035,27.810924,2092.5
85.354102,27.810964,2092.5
85.354179,27.810998,2091.4
85.35422,27.811023,2091.4
85.35422,27.811021,2091.4
85.354394,27.811026,2091.4
85.35444,27.811021,2091.4
85.354506,27.811028,2091.4
85.354537,27.811046,2091.4
85.354593,27.811031,2091.4
85.354655,27.811036,2091.4
85.354711,27.811036,2096
85.354772,27.811036,2097.2
85.354834,27.811036,2097.2
85.354895,27.811031,2098.4
85.354957,27.811041,2098.4
85.355003,27.811075,2099.5
85.355044,27.8111,2100.7
85.355095,27.811133,2102
85.355131,27.811159,2103.3
85.355203,27.811177,2103.3
85.355264,27.811215,2104.4
85.35531,27.811223,2105.7
85.355377,27.811218,2106.9
85.355433,27.811208,2109.4
85.355489,27.811208,2109.4
85.355551,27.811215,2110.5
85.355622,27.811228,2110.5
85.355674,27.811261,2111.7
85.355735,27.811292,2111.7
85.355781,27.811305,2111.7
85.355827,27.811328,2112.9
85.355889,27.811359,2112.9
85.355904,27.81141,2114.3
85.355889,27.811469,2115.5
85.355863,27.811512,2115.5
85.355863,27.811569,2116.8
85.355878,27.81162,2116.8
85.355909,27.811656,2118
85.355955,27.811686,2119.3
85.355996,27.811725,2120.5
85.356047,27.811748,2121.7
85.356109,27.811756,2122.9
85.356165,27.811776,2122.9
85.356216,27.811799,2124.1
85.356278,27.811807,2124.1
85.356329,27.81183,2125.3
85.35639,27.811858,2126.4
85.356436,27.811889,2127.6
85.356483,27.811914,2127.6
85.356539,27.811942,2130.1
85.356585,27.811983,2130.1
85.356626,27.812009,2131.3
85.356672,27.812032,2132.4
85.356718,27.812068,2132.4
85.356774,27.812083,2133.6
85.356836,27.812109,2133.6
85.356867,27.81215,2134.8
85.356918,27.812188,2134.8
85.356918,27.812237,2136
85.356964,27.812262,2136
85.35703,27.812275,2137.3
85.357076,27.812278,2138.5
85.357123,27.812244,2139.8
85.357184,27.812247,2139.8
85.357245,27.812232,2141.1
85.357307,27.812232,2142.3
85.357363,27.812232,2143.4
85.35743,27.812239,2143.4
85.357466,27.812265,2144.6
85.357507,27.812293,2145.9
85.357542,27.812326,2145.9
85.357568,27.812367,2147.1
85.357604,27.812411,2147.1
85.35765,27.812429,2148.3
85.357665,27.81247,2150.7
85.357722,27.812495,2152
85.357773,27.812493,2153.3
85.357824,27.812503,2155.7
85.35787,27.8125,2155.7
85.357901,27.812472,2157
85.357916,27.812475,2161.1
85.358019,27.812465,2161.1
85.358068,27.812457,2162.4
85.358102,27.812447,2164.8
85.358136,27.812437,2166.1
85.35817,27.812428,2169.4
85.358203,27.812418,2170.6
85.358237,27.812408,2171.8
85.358271,27.812398,2178.4
85.358305,27.812388,2178.4
85.358444,27.812442,2181.9
85.358474,27.81248,2183.2
85.358546,27.812477,2183.2
85.358602,27.81248,2183.2
85.358633,27.812483,2184.4
85.358705,27.8125,2184.4
85.358659,27.812524,2187.2
85.358664,27.812518,2187.2
85.358694,27.812552,2187.2
85.358689,27.812552,2187.2
85.358725,27.812511,2189.3
85.358751,27.812531,2189.3
85.358735,27.812518,2189.3
85.358802,27.812524,2189.3
85.358817,27.812559,2191.3
85.358843,27.812547,2193.6
85.358863,27.812608,2193.6
85.358909,27.8126,2193.6
85.359032,27.812641,2195.6
85.359053,27.812649,2195.6
85.359094,27.812659,2195.6
85.35916,27.812649,2195.6
85.359217,27.812644,2195.6
85.359278,27.812654,2195.6
85.359329,27.812669,2197.7
85.359421,27.812713,2198.9
85.359442,27.812741,2200
85.359483,27.812736,2202.7
85.35958,27.812762,2202.7
85.359606,27.812769,2202.7
85.359621,27.812813,2202.7
85.359672,27.812833,2205
85.359734,27.812864,2206.3
85.359764,27.812908,2206.3
85.359754,27.812956,2206.3
85.359785,27.812979,2206.3
85.359846,27.813007,2206.3
85.359903,27.813033,2206.3
85.359933,27.813074,2206.3
85.359969,27.813115,2215.6
85.359995,27.813161,2217.6
85.36001,27.813217,2224.2
85.36,27.813258,2224.2
85.359969,27.813317,2224.2
85.359964,27.813363,2226.5
85.359995,27.813417,2226.5
85.36001,27.813466,2228.9
85.359995,27.813517,2228.9
85.360015,27.813565,2228.9
85.360072,27.813594,2231.3
85.360061,27.813647,2231.3
85.360072,27.813699,2234
85.360097,27.813745,2234
85.360138,27.81378,2234
85.360189,27.81385,2236.9
85.360154,27.813893,2239.4
85.360154,27.813929,2241.8
85.360128,27.813955,2244.5
85.360174,27.813983,2244.5
85.360154,27.814036,2246.7
85.360154,27.814052,2248.9
85.360169,27.814118,2248.9
85.360143,27.814157,2251.2
85.360154,27.814203,2251.2
85.360154,27.814254,2253.6
85.360097,27.814282,2253.6
85.360061,27.814321,2255.8
85.360031,27.814372,2255.8
85.36001,27.814418,2255.8
85.359985,27.814461,2255.8
85.359964,27.814523,2257.8
85.359949,27.814559,2257.8
85.359985,27.814605,2257.8
85.360031,27.814636,2257.8
85.360087,27.814671,2257.8
85.360113,27.814715,2259.8
85.360174,27.81471,2259.8
85.36022,27.814694,2258.6
85.360282,27.81471,2254.2
85.360307,27.814717,2253
85.360338,27.814725,2251.8
85.360338,27.814682,2251.8
85.360338,27.814636,2251.8
85.360297,27.81461,2251.8
85.360338,27.814671,2261.1
85.360353,27.814694,2261.1
85.360369,27.814694,2263.1
85.36042,27.814751,2269.7
85.360486,27.814792,2269.7
85.360527,27.814769,2269.7
85.360589,27.814792,2269.7
85.36065,27.814784,2271.8
85.360681,27.814804,2271.8
85.360671,27.814838,2271.8
85.360732,27.814863,2271.8
85.360804,27.814874,2271.8
85.360865,27.814874,2271.8
85.360876,27.81483,2271.8
85.360968,27.814799,2267.8
85.360963,27.814794,2264.8
85.360891,27.814743,2260.9
85.360906,27.814717,2260.9
85.360937,27.814679,2260.9
85.360978,27.814641,2260.9
85.361009,27.814582,2262.5
85.361044,27.814548,2263.6
85.361075,27.81451,2264.8
85.361101,27.814449,2266
85.361101,27.814405,2266
85.361132,27.814356,2267.2
85.361162,27.814308,2268.4
85.361198,27.814272,2268.4
85.361249,27.814231,2268.4
85.361306,27.814208,2268.4
85.361341,27.814162,2268.4
85.361398,27.814124,2268.4
85.361444,27.814103,2268.4
85.361475,27.814057,2268.4
85.361521,27.814016,2268.4
85.361551,27.813985,2268.4
85.361597,27.813949,2269.6
85.361654,27.813924,2269.6
85.361725,27.813903,2269.6
85.361777,27.813898,2269.6
85.361833,27.81388,2269.6
85.361894,27.81386,2269.6
85.361956,27.813839,2269.6
85.362017,27.813832,2269.6
85.362074,27.813816,2269.6
85.36212,27.813811,2270.8
85.362222,27.81378,2270.8
85.362212,27.813737,2270.8
85.362191,27.813699,2263.6
85.362145,27.813681,2260.9
85.36213,27.813732,2259.6
85.36215,27.81374,2263.1
85.362135,27.813788,2264.6
85.362043,27.813827,2267.6
85.362084,27.813775,2267.6
85.362022,27.81376,2267.6
85.362058,27.813747,2265
85.362099,27.813816,2263.8
85.362161,27.813829,2258.5
85.362145,27.813891,2258.5
85.362196,27.813888,2258.5
85.362258,27.813875,2258.5
85.362319,27.813875,2258.5
85.362376,27.81387,2258.5
85.362427,27.81385,2258.5
85.362488,27.813827,2258.5
85.36254,27.813819,2262.1
85.362616,27.813811,2262.1
85.362673,27.813819,2262.1
85.362724,27.813806,2262.1
85.362765,27.813768,2262.1
85.36277,27.813714,2262.1
85.362796,27.81367,2262.1
85.362816,27.813622,2262.1
85.362862,27.813581,2264.2
85.362913,27.81356,2264.2
85.362959,27.813535,2264.2
85.363021,27.813522,2265.4
85.363077,27.813527,2266.6
85.363154,27.813496,2267.8
85.36318,27.813455,2267.8
85.363226,27.813414,2267.8
85.363256,27.813376,2267.8
85.363302,27.813327,2267.8
85.363333,27.813281,2267.8
85.363374,27.813248,2267.8
85.363436,27.813222,2267.8
85.363487,27.813207,2269.5
85.363528,27.813174,2269.5
85.363558,27.813128,2270.8
85.363579,27.813076,2271.9
85.363615,27.813036,2271.9
85.36364,27.813,2273.2
85.363671,27.812943,2273.2
85.363702,27.812897,2274.4
85.363753,27.812854,2274.4
85.363809,27.812833,2275.6
85.36386,27.81281,2275.6
85.363922,27.812818,2275.6
85.363973,27.812797,2275.6
85.364035,27.81279,2275.6
85.364096,27.81278,2275.6
85.364137,27.812754,2275.6
85.364168,27.812713,2275.6
85.364214,27.812662,2275.6
85.36426,27.812628,2275.6
85.364306,27.81258,2275.6
85.364337,27.812554,2275.6
85.364388,27.812511,2274.4
85.364439,27.812472,2274.4
85.364485,27.812449,2274.4
85.364526,27.812429,2274.4
85.364572,27.812398,2274.4
85.364634,27.812375,2274.4
85.36468,27.81236,2274.4
85.364751,27.812344,2274.4
85.364782,27.812388,2274.4
85.364874,27.812337,2274.4
85.364931,27.812316,2273.2
85.364997,27.812332,2273.2
85.365043,27.812339,2273.2
85.36511,27.812329,2273.2
85.365156,27.812301,2273.2
85.365197,27.812265,2273.2
85.365187,27.812214,2273.2
85.365228,27.812219,2273.2
85.365279,27.812198,2273.2
85.365228,27.812234,2273.2
85.36512,27.812178,2273.2
85.365053,27.812188,2273.2
85.364951,27.812152,2273.2
85.365012,27.812137,2273.2
85.365059,27.812155,2273.2
85.36511,27.812157,2273.2
85.365181,27.81214,2273.2
85.365233,27.812142,2273.2
85.365279,27.812099,2273.2
85.365248,27.81218,2273.2
85.365248,27.81215,2266.8
85.365304,27.812127,2262.8
85.365371,27.812122,2261.6
85.365482,27.812107,2261.6
85.365582,27.812085,2255.3
85.365683,27.812063,2255.3
85.365714,27.812063,2255.3
85.365632,27.812081,2255.3
85.365478,27.812142,2254.1
85.365478,27.81215,2249.1
85.365417,27.812091,2245.6
85.365489,27.812096,2244.4
85.36554,27.812083,2244.4
85.365606,27.812055,2244.4
85.365663,27.812042,2244.4
85.365724,27.81204,2244.4
85.36577,27.812006,2244.4
85.365806,27.811978,2244.4
85.365852,27.811937,2244.4
85.365883,27.811886,2244.4
85.365888,27.81184,2244.4
85.365903,27.811784,2244.4
85.365919,27.811738,2244.4
85.365929,27.811681,2244.4
85.365965,27.811633,2244.4
85.366011,27.811604,2244.4
85.366011,27.811556,2244.4
85.366042,27.811505,2244.4
85.366098,27.811441,2244.4
85.366134,27.811412,2244.4
85.36619,27.811374,2244.4
85.366241,27.811372,2244.4
85.366303,27.811379,2244.4
85.366354,27.811351,2245.6
85.36641,27.811331,2245.6
85.366446,27.811284,2246.8
85.366461,27.811241,2246.8
85.366477,27.811192,2246.8
85.366518,27.811141,2246.8
85.366554,27.811095,2247.9
85.366595,27.811077,2247.9
85.366641,27.811031,2247.9
85.366682,27.811005,2249.1
85.366728,27.810964,2249.1
85.366769,27.810918,2249.1
85.366799,27.810883,2250.3
85.366845,27.810834,2250.3
85.366881,27.810793,2250.3
85.366922,27.810755,2250.3
85.366984,27.810729,2250.3
85.36702,27.810696,2251.5
85.36705,27.810642,2251.5
85.367086,27.810598,2251.5
85.367158,27.810591,2252.6
85.367209,27.810593,2252.6
85.367286,27.810578,2252.6
85.367342,27.81057,2252.6
85.367404,27.810552,2252.6
85.36746,27.81054,2253.8
85.367521,27.810537,2253.8
85.367567,27.810522,2255
85.367639,27.81055,2255
85.367685,27.810575,2255
85.367747,27.810598,2256.2
85.367793,27.810624,2256.2
85.367813,27.810675,2256.2
85.367844,27.810719,2256.2
85.36789,27.810767,2257.4
85.367936,27.810796,2257.4
85.367972,27.810821,2257.4
85.368013,27.810849,2258.6
85.368074,27.810875,2258.6
85.36811,27.810865,2258.6
85.368156,27.810883,2259.8
85.368223,27.810885,2259.8
85.368269,27.810908,2259.8
85.368325,27.810908,2259.8
85.368376,27.81088,2259.8
85.368448,27.810849,2260.9
85.368494,27.810824,2260.9
85.36853,27.81079,2260.9
85.368556,27.810739,2262.1
85.368576,27.810698,2262.1
85.368607,27.810647,2262.1
85.368591,27.810593,2262.1
85.368576,27.810547,2263.3
85.368571,27.810491,2263.3
85.368561,27.810445,2263.3
85.36854,27.810394,2263.3
85.368509,27.810348,2264.5
85.368479,27.810289,2264.5
85.368479,27.810237,2264.5
85.368494,27.810189,2264.5
85.368509,27.81013,2264.5
85.36854,27.810092,2264.5
85.368581,27.810071,2264.5
85.368653,27.810086,2262.6
85.368704,27.810071,2262.6
85.368765,27.810045,2262.6
85.368822,27.810017,2262.6
85.368858,27.809974,2262.6
85.368858,27.809928,2262.6
85.368852,27.809879,2262.6
85.368812,27.809838,2262.6
85.368796,27.809795,2262.6
85.368791,27.809743,2262.6
85.368781,27.809687,2262.6
85.368791,27.809631,2262.6
85.368781,27.809595,2262.6
85.368842,27.809562,2262.6
85.368858,27.809533,2262.6
85.368883,27.809469,2262.6
85.368914,27.809472,2262.6
85.368888,27.809446,2262.6
85.368919,27.809408,2262.6
85.36897,27.80938,2262.6
85.369047,27.809359,2261.4
85.369093,27.809362,2261.4
85.36917,27.809362,2261.4
85.369257,27.809359,2260.2
85.369324,27.809352,2260.2
85.369385,27.809344,2260.2
85.369436,27.809336,2260.2
85.369436,27.80929,2260.2
85.369482,27.80926,2259
85.369492,27.809211,2259
85.369482,27.809155,2259
85.369462,27.809114,2259
85.369498,27.809073,2257.8
85.369528,27.809024,2257.8
85.369508,27.808955,2256.6
85.369492,27.808957,2255.5
85.369508,27.80894,2253.1
85.369544,27.808937,2251.8
85.369539,27.808929,2250.6
85.369539,27.808896,2248.1
85.369585,27.808868,2246.9
85.369636,27.808845,2245.8
85.369631,27.808776,2245.8
85.36962,27.808724,2244.6
85.369646,27.808691,2243.4
85.369667,27.808668,2243.4
85.369723,27.808678,2242.1
85.369764,27.80866,2240.9
85.369841,27.808663,2240.9
85.369887,27.808671,2240.9
85.369964,27.808673,2240.9
85.37001,27.80866,2239.8
85.370056,27.80864,2239.8
85.370081,27.808602,2239.8
85.370081,27.808499,2239.8
85.370056,27.808448,2239.8
85.370102,27.808397,2239.8
85.370148,27.808387,2239.8
85.370199,27.808387,2239.8
85.37026,27.808404,2239.8
85.370332,27.808389,2239.8
85.370383,27.808394,2237.1
85.37046,27.808361,2237.1
85.370506,27.80834,2237.1
85.370557,27.808305,2237.1
85.370614,27.808253,2237.1
85.37065,27.808223,2237.1
85.370634,27.808161,2235.9
85.370644,27.80811,2235.9
85.370629,27.808059,2235.9
85.370588,27.80802,2234.7
85.370598,27.807977,2234.7
85.370588,27.807923,2234.7
85.370598,27.80788,2234.7
85.370542,27.807808,2234.7
85.370506,27.80779,2234.7
85.370455,27.807731,2234.7
85.370414,27.80769,2234.7
85.370363,27.807644,2234.7
85.370337,27.807613,2232.2
85.370337,27.807549,2232.2
85.370337,27.807519,2232.2
85.370383,27.807506,2231
85.370409,27.807475,2231
85.370368,27.807465,2231
85.370307,27.807444,2226.2
85.370378,27.807421,2224.9
85.370414,27.807501,2222.6
85.37046,27.807534,2222.6
85.370486,27.807496,2220.2
85.370399,27.807447,2217.8
85.370255,27.807365,2216.6
85.370394,27.807414,2207.1
85.370445,27.807406,2207.1
85.370368,27.807401,2189.7
85.370409,27.807391,2184.4
85.370337,27.807396,2182
85.370337,27.807355,2180.8
85.370317,27.807324,2180.8
85.370138,27.807296,2180.8
85.370153,27.807199,2180.8
85.370153,27.807163,2180.8
85.370153,27.807114,2180.8
85.370138,27.807066,2180.8
85.370117,27.807014,2180.8
85.370097,27.806968,2183.4
85.370081,27.806912,2184.6
85.370056,27.806856,2185.7
85.370051,27.806812,2185.7
85.370066,27.806746,2186.9
85.370071,27.806697,2186.9
85.370081,27.806651,2188.1
85.370066,27.806597,2188.1
85.37004,27.806554,2188.1
85.370035,27.806497,2189.3
85.370004,27.806446,2190.5
85.369974,27.806405,2190.5
85.369928,27.806369,2191.6
85.369887,27.806326,2192.9
85.369856,27.80628,2192.9
85.369841,27.806234,2194.1
85.369789,27.806213,2194.1
85.369743,27.80618,2195.3
85.369723,27.806126,2195.3
85.369708,27.806067,2196.5
85.369697,27.806016,2196.5
85.369682,27.805972,2197.6
85.369697,27.805926,2197.6
85.369677,27.805873,2198.8
85.369651,27.805824,2198.8
85.369615,27.805788,2200
85.369559,27.805765,2201.2
85.369508,27.805732,2201.2
85.369452,27.805711,2201.2
85.3694,27.805699,2202.4
85.369339,27.805663,2202.4
85.369277,27.805642,2202.4
85.369231,27.805612,2203.6
85.369185,27.805576,2203.6
85.369149,27.805545,2203.6
85.369088,27.805512,2203.6
85.369032,27.805478,2204.7
85.36898,27.805453,2204.7
85.368914,27.805448,2204.7
85.368842,27.80544,2204.7
85.368781,27.805432,2205.9
85.368714,27.805422,2205.9
85.368643,27.805407,2205.9
85.368581,27.805394,2205.9
85.368509,27.805402,2207.1
85.368453,27.805402,2207.1
85.368402,27.805366,2207.1
85.368356,27.80533,2207.1
85.36831,27.805292,2208.3
85.368264,27.805248,2208.3
85.368218,27.80521,2208.3
85.368187,27.805171,2208.3
85.368182,27.805117,2208.3
85.368166,27.805066,2209.5
85.368125,27.80501,2209.5
85.36809,27.804961,2209.5
85.368059,27.80492,2209.5
85.368003,27.804877,2209.5
85.367967,27.804836,2209.5
85.367926,27.804797,2209.5
85.36788,27.804767,2209.5
85.367844,27.804723,2211
85.367808,27.804685,2211
85.367762,27.804646,2211
85.3677,27.804611,2212.2
85.367654,27.804582,2212.2
85.367608,27.804541,2212.2
85.367552,27.804513,2212.2
85.367506,27.804503,2212.2
85.367444,27.80449,2212.2
85.367388,27.804495,2212.2
85.367332,27.804513,2212.2
85.367255,27.804516,2212.2
85.367204,27.804518,2212.2
85.367148,27.804511,2212.2
85.367096,27.804511,2213.4
85.36703,27.804495,2213.4
85.366958,27.804475,2214.6
85.366897,27.804454,2214.6
85.366845,27.804429,2214.6
85.366815,27.804378,2214.6
85.366784,27.804332,2214.6
85.366738,27.804296,2214.6
85.366682,27.80426,2214.6
85.36663,27.804232,2214.6
85.366579,27.804234,2214.6
85.366508,27.804214,2215.8
85.366472,27.804183,2215.8
85.366431,27.804152,2215.8
85.36638,27.804142,2215.8
85.366349,27.804093,2215.8
85.366318,27.804055,2215.8
85.366292,27.803988,2215.8
85.366252,27.803937,2215.8
85.366211,27.803907,2215.8
85.366159,27.803868,2215.8
85.366103,27.80385,2215.8
85.366036,27.80385,2215.8
85.36598,27.803843,2215.8
85.365929,27.803832,2215.8
85.365868,27.803794,2215.8
85.365837,27.803761,2215.8
85.365775,27.803753,2215.8
85.365714,27.803748,2215.8
85.365647,27.803763,2215.8
85.365591,27.803766,2214.6
85.36554,27.803784,2214.6
85.365478,27.803784,2214.6
85.365412,27.803758,2214.6
85.36535,27.803753,2213.5
85.365279,27.803758,2213.5
85.365243,27.803773,2212.3
85.365217,27.803763,2212.3
85.365171,27.803727,2212.3
85.36512,27.803725,2212.3
85.365074,27.803697,2212.3
85.365043,27.803658,2212.3
85.364992,27.803622,2212.3
85.364946,27.803579,2212.3
85.3649,27.803551,2212.3
85.364844,27.803535,2212.3
85.364777,27.803507,2210.6
85.364726,27.803497,2210.6
85.364654,27.803484,2210.6
85.364603,27.803461,2210.6
85.364547,27.803438,2210.6
85.364485,27.803405,2210.6
85.364439,27.803377,2210.6
85.364378,27.803361,2210.6
85.364321,27.803325,2210.6
85.36426,27.8033,2210.6
85.364214,27.803287,2210.6
85.364152,27.803256,2210.6
85.364096,27.80322,2210.6
85.36405,27.80319,2210.6
85.364014,27.803151,2210.6
85.363973,27.803108,2210.6
85.363948,27.803062,2210.6
85.363922,27.803016,2210.6
85.363907,27.802967,2210.6
85.363886,27.802911,2210.6
85.363845,27.802875,2210.6
85.363779,27.802801,2210.6
85.363748,27.802749,2210.6
85.363707,27.802706,2209.3
85.363661,27.80267,2208
85.363599,27.80266,2208
85.363533,27.802675,2206.8
85.363466,27.802693,2206.8
85.36341,27.802703,2206.8
85.363359,27.802724,2205.6
85.363333,27.802767,2205.6
85.363297,27.802798,2205.6
85.363236,27.802793,2204.5
85.363169,27.802796,2204.5
85.363108,27.802788,2204.5
85.363052,27.802778,2203.3
85.363005,27.802744,2203.3
85.362954,27.802711,2203.3
85.362898,27.802691,2203.3
85.362836,27.802673,2203.3
85.362785,27.802657,2203.3
85.362719,27.80265,2201.9
85.362657,27.80265,2201.9
85.362601,27.80265,2200.6
85.362555,27.80266,2200.6
85.362504,27.802634,2199.5
85.362463,27.802588,2198.2
85.362427,27.802552,2196.9
85.362381,27.802529,2195.7
85.362319,27.802504,2195.7
85.362258,27.802478,2195.7
85.362207,27.802458,2194.6
85.362161,27.80244,2193.3
85.36213,27.802396,2193.3
85.362084,27.802342,2192.1
85.362028,27.802322,2192.1
85.362002,27.802286,2190.8
85.361976,27.802237,2188.3
85.36194,27.802191,2187.1
85.361879,27.802173,2185.9
85.361823,27.802156,2185.9
85.361772,27.802125,2184.7
85.361725,27.802092,2184.7
85.361664,27.802066,2184.7
85.361603,27.80204,2183.6
85.361541,27.802025,2183.6
85.361495,27.80204,2182.4
85.361444,27.802033,2181.2
85.361382,27.80202,2181.2
85.361311,27.802004,2180
85.361265,27.801989,2178.8
85.361208,27.801966,2178.8
85.361162,27.80194,2176.3
85.361101,27.80191,2175
85.36107,27.801871,2175
85.361029,27.801825,2173.7
85.361009,27.801782,2172.5
85.360978,27.801725,2171.3
85.360952,27.801682,2170
85.360937,27.801636,2167.6
85.360916,27.801597,2166.2
85.36085,27.801572,2165
85.360819,27.801549,2162.6
85.360835,27.8015,2160.1
85.360809,27.801444,2157.6
85.360794,27.801418,2156.5
85.360794,27.80139,2155.3
85.360778,27.801339,2154
85.360732,27.801311,2151.5
85.360773,27.80128,2148.9
85.360773,27.801221,2147.6
85.360742,27.801175,2146.2
85.360717,27.801132,2145
85.360686,27.80108,2142.6
85.360681,27.801027,2141.5
85.36064,27.800988,2140.3
85.36064,27.80094,2139
85.360625,27.800876,2136.6
85.360609,27.800829,2136.6
85.360604,27.800773,2133.9
85.360604,27.800732,2132.6
85.360563,27.800699,2131.4
85.360517,27.800668,2130.2
85.360476,27.800625,2129
85.360466,27.800584,2129
85.360497,27.800532,2126.6
85.360481,27.800474,2125.4
85.360476,27.800422,2125.4
85.360486,27.800371,2124.2
85.360517,27.800315,2122.9
85.360532,27.800264,2121.6
85.360548,27.800215,2121.6
85.360563,27.800166,2120.4
85.360579,27.800118,2119.1
85.360609,27.800069,2119.1
85.360594,27.800054,2105.8
85.360635,27.800033,2100.6
85.360481,27.800008,2097
85.360435,27.799992,2097
85.360384,27.799977,2097
85.360338,27.799951,2095.8
85.360276,27.799933,2095.8
85.360184,27.799913,2094.6
85.360138,27.79988,2093.5
85.360113,27.799841,2092.3
85.360087,27.799782,2091
85.360087,27.799721,2089.8
85.360087,27.799662,2089.8
85.360072,27.799611,2088.6
85.360061,27.79956,2088.6
85.360056,27.799506,2087.5
85.360061,27.799447,2087.5
85.360077,27.799404,2086.3
85.360092,27.799355,2085
85.360046,27.799322,2085
85.359985,27.799337,2083.7
85.359923,27.799319,2082.6
85.359872,27.799322,2082.6
85.359811,27.799319,2081.3
85.359749,27.799311,2081.3
85.359688,27.799311,2081.3
85.359636,27.799314,2081.3
85.359468,27.799242,2078.6
85.359427,27.799204,2077.5
85.359391,27.799155,2077.5
85.35935,27.799119,2076.2
85.359334,27.799066,2076.2
85.359319,27.799014,2074.9
85.359299,27.798968,2073.7
85.359268,27.798917,2073.7
85.359232,27.798827,2073.7
85.359227,27.798781,2073.7
85.359222,27.798734,2072.6
85.359217,27.798688,2072.6
85.359211,27.798641,2071.4
85.359206,27.798594,2070.1
85.359201,27.798548,2070.1
85.359196,27.798501,2070.1
85.359191,27.798455,2043.3
85.359186,27.798408,2043.3
85.359186,27.798364,2043.3
85.359186,27.798316,2042.1
85.359186,27.79828,2042.1
85.359171,27.798188,2039.7
85.359201,27.798116,2037.3
85.359155,27.798085,2037.3
85.35914,27.798029,2036.1
85.359114,27.797972,2036.1
85.359114,27.797926,2036.1
85.35913,27.797875,2036.1
85.359109,27.797832,2034.9
85.359084,27.797773,2034.9
85.359068,27.797722,2034.9
85.359063,27.797665,2034.9
85.359048,27.797617,2034.9
85.359032,27.797555,2034.9
85.359007,27.797507,2034.9
85.358991,27.797466,2034.9
85.358961,27.797409,2036.6
85.358925,27.797361,2036.6
85.358889,27.797309,2036.6
85.358858,27.797271,2036.6
85.358817,27.797233,2036.6
85.358751,27.79724,2036.6
85.358694,27.797212,2036.6
85.358643,27.797174,2036.6
85.358587,27.797146,2036.6
85.358546,27.797115,2035
85.35849,27.797105,2035
85.358428,27.797094,2035
85.358367,27.797084,2035
85.358316,27.797089,2033.8
85.358254,27.797076,2033.8
85.358198,27.797084,2033.8
85.358131,27.797092,2032.7
85.35808,27.797092,2032.7
85.358019,27.797097,2032.7
85.357988,27.797087,2031.5
85.357942,27.797064,2029.1
85.357885,27.79703,2027.9
85.357834,27.797005,2026.7
85.357778,27.796984,2025.5
85.357727,27.796936,2024.3
85.357665,27.796925,2024.3
85.357614,27.796918,2022.7
85.357553,27.796918,2021.6
85.357491,27.796908,2020.4
85.357435,27.796895,2020.4
85.357363,27.79689,2020.4
85.357302,27.796895,2019.2
85.357256,27.796864,2017.9
85.357194,27.796869,2017.9
85.357138,27.796859,2015.3
85.357087,27.796867,2015.3
85.357025,27.796836,2014.1
85.356974,27.796826,2012.9
85.356918,27.796805,2012.9
85.356867,27.796769,2011.7
85.35682,27.796731,2011.7
85.356764,27.7967,2011.7
85.356713,27.79668,2011.7
85.356657,27.796636,2011.7
85.356605,27.796593,2011.7
85.35657,27.796541,2011.7
85.356529,27.796503,2011.7
85.356498,27.796449,2011.7
85.356483,27.796406,2011.7
85.356447,27.796355,2011.7
85.356406,27.796311,2011.7
85.356375,27.796265,2010.6
85.356344,27.796221,2010.6
85.356324,27.796178,2009.4
85.356283,27.796137,2008.2
85.356268,27.796088,2008.2
85.356247,27.79604,2006.9
85.356216,27.795999,2005.7
85.356155,27.796006,2004.5
85.356088,27.795999,2003.2
85.356073,27.79596,2001.9
85.355873,27.79582,1986.9
85.355848,27.795784,1985.6
85.355837,27.795745,1983
85.355796,27.795717,1980.6
85.35573,27.795715,1980.6
85.355668,27.795709,1979.4
85.355622,27.79574,1978.2
85.355607,27.795784,1976.9
85.355592,27.79584,1974.4
85.355576,27.795904,1971.7
85.355546,27.795937,1968.7
85.355515,27.795901,1964.7
85.35552,27.795876,1963.5
85.355566,27.79586,1962.3
85.355581,27.795871,1962.3
85.355489,27.795863,1962.3
85.355474,27.795873,1962.3
85.355505,27.795845,1962.3
85.355505,27.79585,1962.3
85.35553,27.795837,1962.3
85.355607,27.795807,1962.3
85.355566,27.795832,1962.3
85.355638,27.795835,1962.3
85.355607,27.79584,1962.3
85.355546,27.79586,1962.3
85.3555,27.795878,1962.3
85.355469,27.795881,1962.3
85.355515,27.795855,1962.3
85.355561,27.795866,1962.3
85.35552,27.79584,1962.3
85.3555,27.795832,1962.3
85.355484,27.795825,1962.3
85.355474,27.795773,1962.3
85.355453,27.795786,1962.3
85.355407,27.795807,1962.3
85.355361,27.795837,1962.3
85.355387,27.795789,1962.3
85.355438,27.795794,1962.3
85.355392,27.795766,1962.3
85.355346,27.795738,1962.3
85.355279,27.79574,1962.3
85.355361,27.795761,1962.3
85.355433,27.795753,1962.3
85.355489,27.795756,1962.3
85.355551,27.795722,1962.3
85.355505,27.795738,1962.3
85.355546,27.795692,1962.3
85.355576,27.795707,1962.3
85.355561,27.79574,1962.3
85.35552,27.795776,1962.3
85.355453,27.795791,1962.3
85.355387,27.795789,1962.3
85.355407,27.795796,1962.3
85.355448,27.795766,1962.3
85.3555,27.79573,1962.3
85.355484,27.79573,1962.3
85.355576,27.795738,1962.3
85.355566,27.795715,1962.3
85.355515,27.79572,1962.3
85.355489,27.795681,1962.3
85.355566,27.79572,1962.3
85.355612,27.79572,1962.3
85.355551,27.795717,1962.3
85.355453,27.795735,1962.3
85.355418,27.795753,1962.3
85.355433,27.795743,1962.3
85.355464,27.795725,1962.3
85.355546,27.795707,1962.3
85.355628,27.795692,1962.3
85.355689,27.795684,1962.3
85.355515,27.795732,1962.3
85.35553,27.795738,1962.3
85.355592,27.795653,1962.3
85.355581,27.79563,1962.3
85.35552,27.795625,1962.3
85.355489,27.795638,1962.3
85.355484,27.795638,1962.3
85.355402,27.795645,1962.3
85.355356,27.795635,1962.3
85.355402,27.795622,1962.3
85.355448,27.795602,1962.3
85.355474,27.795558,1962.3
85.355489,27.7955,1962.3
85.3555,27.795441,1962.3
85.3555,27.795389,1962.3
85.355484,27.795325,1962.3
85.355438,27.795292,1962.3
85.355372,27.795295,1962.3
85.355315,27.795305,1962.3
85.355254,27.7953,1962.3
85.355187,27.795305,1962.3
85.355126,27.7953,1961.1
85.355075,27.795272,1961.1
85.355044,27.795228,1958.7
85.355018,27.79519,1956.1
85.354967,27.795151,1954.7
85.354921,27.795116,1953.6
85.354906,27.795077,1951.2
85.354921,27.795016,1950
85.354921,27.794972,1950
85.354875,27.794929,1948.8
85.354865,27.79488,1947.6
85.354906,27.794839,1945.2
85.354921,27.794793,1943.9
85.354906,27.794742,1940.4
85.354865,27.794696,1939.1
85.354875,27.79466,1936.7
85.35489,27.794611,1932.8
85.354926,27.794583,1930.2
85.354988,27.794591,1926.5
85.355034,27.794575,1924.1
85.355059,27.794575,1924.1
85.355095,27.794596,1924.1
85.355162,27.794644,1924.1
85.355223,27.794665,1924.1
85.355284,27.794688,1924.1
85.355346,27.794698,1924.1
85.355407,27.794703,1924.1
85.355469,27.794711,1922.7
85.35552,27.794729,1922.7
85.355576,27.794742,1922.7
85.355566,27.794716,1922.7
85.355612,27.794696,1922.7
85.355668,27.79466,1922.7
85.355704,27.794627,1922.7
85.355766,27.794591,1922.7
85.355827,27.794568,1922.7
85.355889,27.79455,1922.7
85.35594,27.794552,1919.2
85.356012,27.794532,1919.2
85.356063,27.794524,1919.2
85.356119,27.794519,1919.2
85.356186,27.794511,1919.2
85.356247,27.794483,1918
85.356293,27.794455,1918
85.356344,27.794412,1918
85.356406,27.794394,1918
85.356462,27.794406,1916.8
85.356524,27.794432,1916.8
85.356575,27.794447,1916.8
85.356636,27.794481,1916.8
85.356672,27.794506,1916.8
85.356713,27.794563,1915.7
85.356764,27.794601,1915.7
85.35682,27.794619,1915.7
85.356882,27.794647,1915.7
85.356928,27.79468,1915.7
85.356964,27.794726,1915.7
85.357005,27.79477,1915.7
85.357041,27.794801,1915.7
85.357092,27.794834,1914.3
85.357153,27.794854,1914.3
85.357215,27.79487,1914.3
85.357271,27.794867,1914.3
85.357338,27.794852,1914.3
85.357379,27.794813,1914.3
85.357445,27.794772,1914.3
85.357491,27.794749,1914.3
85.357542,27.794714,1914.3
85.357599,27.794678,1914.3
85.35765,27.794644,1913.1
85.357706,27.794614,1913.1
85.357768,27.794591,1913.1
85.357819,27.794575,1913.1
85.357885,27.794568,1911.9
85.357942,27.794565,1911.9
85.357988,27.794519,1911.9
85.358024,27.794473,1910.8
85.358065,27.794435,1910.8
85.3581,27.794399,1910.8
85.358162,27.794376,1909.6
85.358223,27.794342,1909.6
85.358269,27.794304,1909.6
85.358321,27.794268,1909.6
85.358362,27.79424,1908.4
85.358423,27.794217,1908.4
85.358484,27.794189,1908.4
85.358536,27.794173,1908.4
85.358597,27.79415,1907.2
85.358633,27.794135,1907.2
85.358679,27.794148,1907.2
85.358735,27.794145,1905.9
85.358787,27.794143,1905.9
85.358848,27.794145,1905.9
85.35892,27.79414,1905.9
85.358976,27.79413,1905.9
85.359032,27.794122,1905.9
85.359078,27.794076,1904.8
85.359114,27.794051,1904.8
85.359171,27.794012,1904.8
85.359206,27.793989,1904.8
85.359268,27.793997,1904.8
85.35935,27.794056,1904.8
85.35938,27.794097,1904.8
85.359411,27.794143,1904.8
85.359452,27.794176,1904.8
85.359503,27.794214,1904.8
85.35956,27.794248,1902.8
85.359611,27.794278,1902.8
85.359667,27.794278,1902.8
85.359724,27.794263,1902.8
85.359785,27.794253,1902.8
85.359846,27.79423,1902.8
85.359903,27.794217,1902.8
85.359969,27.794202,1902.8
85.360015,27.794186,1902.8
85.360072,27.794161,1901.3
85.360123,27.794127,1901.3
85.360184,27.794109,1901.3
85.36023,27.794094,1901.3
85.360292,27.794074,1901.3
85.360353,27.794056,1901.3
85.360404,27.794045,1901.3
85.360466,27.794043,1901.3
85.360527,27.794058,1901.3
85.360579,27.794071,1899.9
85.36065,27.794076,1899.9
85.360712,27.794076,1899.9
85.360763,27.794056,1899.9
85.360819,27.794038,1899.9
85.36087,27.794033,1899.9
85.360932,27.794068,1899.9
85.360968,27.794112,1899.9
85.360993,27.794163,1899.9
85.361029,27.794202,1899.9
85.361091,27.79424,1899.9
85.361147,27.79424,1899.9
85.361213,27.79424,1898.8
85.361265,27.794245,1898.8
85.361336,27.79425,1898.8
85.361398,27.794255,1898.8
85.361459,27.794258,1898.8
85.361526,27.794263,1898.8
85.361556,27.794286,1898.8
85.361633,27.794273,1898.8
85.361684,27.794255,1898.8
85.361725,27.794212,1897.2
85.361756,27.794158,1897.2
85.361772,27.794099,1897.2
85.361777,27.794038,1897.2
85.361818,27.793992,1897.2
85.361869,27.793979,1897.2
85.36194,27.793964,1897.2
85.361987,27.793971,1897.2
85.362043,27.793981,1897.2
85.362099,27.793997,1895
85.362176,27.794015,1895
85.362227,27.794017,1895
85.362289,27.794028,1893.8
85.362376,27.794045,1892.5
85.362432,27.794051,1892.5
85.362493,27.794061,1892.5
85.36255,27.794076,1891.3
85.362611,27.794092,1891.3
85.362673,27.794097,1891.3
85.362724,27.794112,1891.3
85.362785,27.794132,1891.3
85.362806,27.794176,1891.3
85.362816,27.794235,1891.3
85.362816,27.794286,1891.3
85.362831,27.794335,1891.3
85.362852,27.794386,1889.2
85.362883,27.794424,1889.2
85.362913,27.794481,1889.2
85.362929,27.794527,1889.2
85.362929,27.794578,1888
85.362877,27.794601,1888
85.362847,27.794655,1888
85.362816,27.794688,1886.8
85.362821,27.794757,1886.8
85.362847,27.794798,1885.7
85.362877,27.794854,1885.7
85.362924,27.794883,1885.7
85.362929,27.794924,1885.7
85.362975,27.79497,1885.7
85.363005,27.795011,1885.7
85.363052,27.795044,1885.7
85.363113,27.795072,1885.7
85.363174,27.795092,1885.7
85.363226,27.795108,1884.4
85.363282,27.795133,1884.4
85.363333,27.795164,1884.4
85.363389,27.795208,1884.4
85.363405,27.795256,1884.4
85.36342,27.795325,1884.4
85.363451,27.795366,1884.4
85.363497,27.795395,1884.4
85.363558,27.795405,1884.4
85.36361,27.79543,1882.6
85.363671,27.795441,1882.6
85.363732,27.795456,1882.6
85.363809,27.795464,1882.6
85.363855,27.795466,1882.6
85.363917,27.795474,1881.1
85.363983,27.795489,1881.1
85.364035,27.795474,1881.1
85.364096,27.795453,1881.1
85.364152,27.795446,1879.9
85.364219,27.795438,1879.9
85.36428,27.795438,1879.9
85.364342,27.795464,1879.9
85.364403,27.795487,1879.9
85.364465,27.795505,1879.9
85.364511,27.795528,1879.9
85.364541,27.795587,1879.9
85.364562,27.795628,1879.9
85.364577,27.795679,1879.9
85.364618,27.795727,1878.7
85.364649,27.795766,1878.7
85.36471,27.795781,1878.7
85.364762,27.795817,1878.7
85.364828,27.795845,1878.7
85.364884,27.795853,1878.7
85.364951,27.795863,1878.7
85.365007,27.795878,1878.7
85.365069,27.795917,1876.9
85.365089,27.795953,1876.9
85.365125,27.795994,1876.9
85.365156,27.796047,1876.9
85.365202,27.796096,1876.9
85.365243,27.79614,1876.9
85.365263,27.796188,1876.9
85.365289,27.796234,1876.9
85.36532,27.796285,1876.9
85.365335,27.796332,1876.9
85.36535,27.79638,1875.8
85.365371,27.796436,1875.8
85.365386,27.796485,1875.8
85.365417,27.796534,1875.8
85.365489,27.796552,1875.8
85.36553,27.796554,1875.8
85.365591,27.796544,1874
85.365652,27.796557,1874
85.365724,27.796544,1874
85.365775,27.796531,1874
85.365837,27.796526,1874
85.365898,27.796513,1874
85.365949,27.796498,1874
85.366011,27.79647,1874
85.366067,27.796447,1874
85.366113,27.796429,1874
85.36618,27.796419,1874
85.366236,27.796408,1872.8
85.366303,27.796393,1872.8
85.366364,27.796396,1872.8
85.366431,27.796403,1872.8
85.366487,27.796411,1872.8
85.366538,27.796416,1872.8
85.366615,27.796396,1871.7
85.366676,27.796385,1871.7
85.366738,27.79638,1871.7
85.366789,27.796378,1871.7
85.366835,27.796355,1871.7
85.366866,27.796291,1870
85.366892,27.796232,1870
85.366943,27.796186,1870
85.366968,27.796147,1870
85.367004,27.796106,1868.8
85.36704,27.796052,1868.8
85.367066,27.796014,1867.6
85.367112,27.795971,1867.6
85.367142,27.795924,1866.4
85.367163,27.795878,1866.4
85.367163,27.795827,1866.4
85.367194,27.795781,1866.4
85.36724,27.795738,1865.2
85.367286,27.795699,1865.2
85.367342,27.795648,1864
85.367373,27.795615,1864
85.367404,27.795587,1864
85.367429,27.795525,1862.8
85.367439,27.795459,1862.8
85.367475,27.795415,1862.8
85.367547,27.795384,1862.8
85.367593,27.795377,1861.7
85.36766,27.795346,1861.7
85.367716,27.795325,1861.7
85.367762,27.795302,1860.5
85.367777,27.795233,1860.5
85.367798,27.795187,1860.5
85.367859,27.795162,1860.5
85.367905,27.795131,1860.5
85.367956,27.795105,1860.5
85.368003,27.79508,1860.5
85.368064,27.795054,1860.5
85.368136,27.795039,1860.5
85.368197,27.795026,1859.3
85.368253,27.795011,1859.3
85.36831,27.794993,1859.3
85.368376,27.794977,1859.3
85.368438,27.794972,1858.1
85.368499,27.794959,1858.1
85.368509,27.794929,1858.1
85.368545,27.794893,1858.1
85.368525,27.794854,1858.1
85.368468,27.794883,1858.1
85.368417,27.794867,1854.7
85.368407,27.794824,1852.2
85.368453,27.794808,1850.9
85.368438,27.794634,1843.7
85.368392,27.794606,1842.4
85.368356,27.794624,1841.2
85.36833,27.794583,1838.8
85.36834,27.794522,1837.6
85.36834,27.794476,1836.4
85.368315,27.794409,1835.2
85.368284,27.794368,1833.9
85.368248,27.794332,1831.4
85.368315,27.794355,1830.1
85.368356,27.794335,1827.6
85.36834,27.794296,1826.4
85.368361,27.794253,1823.8
85.368402,27.794212,1821.3
85.368438,27.794166,1820.1
85.368417,27.794117,1818.8
85.368371,27.794092,1816.3
85.368325,27.794061,1814.9
85.368294,27.79403,1813.8
85.368279,27.793979,1811.2
85.368284,27.793928,1809.9
85.368248,27.793889,1807.6
85.368218,27.793853,1806.4
85.368172,27.793833,1803.8
85.368151,27.793782,1802.7
85.368136,27.793723,1801.3
85.368151,27.793679,1798.7
85.368136,27.793644,1797.4
85.368202,27.793638,1795
85.368207,27.793618,1791.5
85.368182,27.793587,1790.3
85.368182,27.793521,1787.9
85.368187,27.793469,1787.9
85.368172,27.793418,1786.8
85.368151,27.793372,1785.5
85.36812,27.793334,1783
85.368064,27.793306,1781.8
85.368018,27.793265,1779.3
85.368013,27.793224,1779.3
85.367951,27.793201,1776.8
85.36791,27.79316,1774.4
85.367864,27.793137,1774.4
85.367818,27.793114,1772
85.367752,27.793108,1770.7
85.367706,27.793114,1768.1
85.367721,27.79307,1765.8
85.367767,27.793029,1764.5
85.367793,27.792991,1763.2
85.367736,27.79296,1761.9
85.3677,27.792924,1759.4
85.367644,27.792906,1758.2
85.367685,27.792865,1756.8
85.367736,27.792865,1755.6
85.367798,27.792876,1748.9
85.367844,27.792886,1748.9
85.367895,27.792891,1748.9
85.367967,27.792858,1747.7
85.368018,27.79284,1747.7
85.368079,27.792832,1746.5
85.368141,27.792824,1746.5
85.368182,27.792794,1745.3
85.368238,27.792765,1745.3
85.368284,27.792765,1744.1
85.368325,27.792817,1744.1
85.368361,27.792847,1744.1
85.368417,27.792855,1744.1
85.368484,27.792863,1742.9
85.368515,27.792832,1742.9
85.368556,27.792781,1741.8
85.368607,27.792758,1740.6
85.368668,27.79274,1740.6
85.368719,27.792719,1740.6
85.368781,27.792694,1740.6
85.368852,27.792673,1740.6
85.368899,27.79265,1740.6
85.368965,27.792635,1740.6
85.369027,27.792622,1740.6
85.369078,27.792614,1740.6
85.369139,27.792602,1740.6
85.369201,27.792609,1740.6
85.369247,27.792594,1739.4
85.369318,27.792568,1739.4
85.369354,27.792535,1739.4
85.36939,27.792497,1738.2
85.369436,27.792474,1737
85.369498,27.792445,1737
85.369528,27.792412,1737
85.369574,27.792376,1735.8
85.369636,27.792356,1735.8
85.369697,27.79234,1735.8
85.369748,27.792361,1734.7
85.369789,27.792407,1734.7
85.369851,27.792417,1734.7
85.369902,27.792415,1734.7
85.369974,27.792438,1734.7
85.370025,27.792453,1734.7
85.370066,27.792492,1734.7
85.370097,27.792453,1734.7
85.370097,27.792399,1734.7
85.370112,27.792351,1734.7
85.370097,27.792297,1731.8
85.370086,27.792282,1730.7
85.370148,27.792302,1729.5
85.370179,27.792292,1728.3
85.370163,27.792241,1728.3
85.370148,27.792189,1727
85.370117,27.792138,1725.8
85.370127,27.792118,1724.7
85.370168,27.792138,1723.5
85.370214,27.792182,1722.3
85.37026,27.792205,1722.3
85.370322,27.79222,1721.1
85.370368,27.792248,1719.9
85.370429,27.792274,1719.9
85.370476,27.792307,1718.8
85.370522,27.792335,1718.8
85.370583,27.792317,1718.8
85.370644,27.792289,1718.8
85.370691,27.792264,1718.8
85.370742,27.792251,1718.8
85.370813,27.79223,1718.8
85.370865,27.792243,1718.8
85.370916,27.792256,1718.8
85.370972,27.792259,1716.6
85.371023,27.792264,1715.1
85.37108,27.7923,1713.8
85.371116,27.792335,1713.8
85.371162,27.792366,1712.7
85.371218,27.792407,1712.7
85.371264,27.792404,1712.7
85.371279,27.792364,1711.5
85.371279,27.792312,1710.2
85.371315,27.79232,1708.9
85.371366,27.792343,1708.9
85.371428,27.792348,1708.9
85.371469,27.79232,1708.9
85.3715,27.792256,1708.9
85.3715,27.7922,1708.9
85.371474,27.792151,1708.9
85.371469,27.7921,1708.9
85.371474,27.792044,1708.9
85.37152,27.792005,1708.9
85.371561,27.791967,1708.9
85.37153,27.791931,1708.9
85.371489,27.791882,1708.9
85.371459,27.791834,1708.9
85.371443,27.791782,1708.9
85.371423,27.791736,1710.1
85.371407,27.791683,1710.1
85.371377,27.791636,1710.1
85.371351,27.79159,1710.1
85.371377,27.791549,1710.1
85.371453,27.791521,1710.1
85.371469,27.791524,1710.1
85.371392,27.791462,1706.7
85.371443,27.79145,1693.8
85.371412,27.791421,1693.8
85.371392,27.791375,1693.8
85.371392,27.791324,1693.8
85.371336,27.791311,1693.8
85.371269,27.791306,1693.8
85.371203,27.791304,1693.8
85.371218,27.791311,1693.8
85.371146,27.791301,1693.8
85.371085,27.791293,1693.8
85.371034,27.791286,1693.8
85.370972,27.791273,1688.3
85.370911,27.791265,1688.3
85.37086,27.791255,1688.3
85.370788,27.791237,1688.3
85.370726,27.791222,1688.3
85.370665,27.791196,1687.1
85.370619,27.791165,1687.1
85.370568,27.791127,1685.9
85.370522,27.791094,1685.9
85.370476,27.791053,1684.7
85.370424,27.791012,1684.7
85.370378,27.790976,1684.7
85.370332,27.79094,1683.5
85.370276,27.790909,1683.5
85.37024,27.790871,1682.3
85.370199,27.790828,1682.3
85.370163,27.790789,1681.1
85.370117,27.790743,1681.1
85.370086,27.790707,1681.1
85.370066,27.790656,1679.9
85.37004,27.790605,1679.9
85.370004,27.790548,1679.9
85.369979,27.790497,1679.9
85.369948,27.790446,1679.9
85.369928,27.790403,1679.9
85.369902,27.790354,1679.9
85.369882,27.790303,1679.9
85.369856,27.790249,1678.7
85.369836,27.790195,1678.7
85.36981,27.790141,1678.7
85.369789,27.790093,1678.7
85.369759,27.790049,1678.7
85.369723,27.789996,1678.7
85.369697,27.789952,1678.7
85.369677,27.789893,1678.7
85.369651,27.789837,1678.7
85.369631,27.789791,1678.7
85.36962,27.78974,1678.7
85.369615,27.789688,1678.7
85.369615,27.789642,1678.7
85.369574,27.789527,1682.3
85.369569,27.789491,1682.3
85.369559,27.789445,1682.3
85.369554,27.789381,1682.3
85.369544,27.789338,1683.5
85.369539,27.789281,1683.5
85.369508,27.78923,1683.5
85.369446,27.789181,1683.5
85.369431,27.789153,1683.5
85.369431,27.789105,1683.5
85.369436,27.789056,1683.5
85.369446,27.789005,1683.5
85.369452,27.788948,1683.5
85.369436,27.788905,1680.4
85.369431,27.788846,1680.4
85.369421,27.788792,1679.2
85.3694,27.788746,1678
85.369375,27.78869,1678
85.369359,27.788649,1676.8
85.369349,27.788536,1675.7
85.369354,27.788488,1674.5
85.369349,27.788434,1674.5
85.369277,27.788337,1672.1
85.369262,27.788296,1670.9
85.369231,27.788239,1670.9
85.369201,27.788196,1669.7
85.36918,27.788147,1668.5
85.369149,27.788106,1667.3
85.369119,27.78806,1666.1
85.369093,27.788009,1663.8
85.369057,27.787965,1663.8
85.369032,27.787914,1662.6
85.369011,27.787868,1660
85.36898,27.787822,1658.8
85.36896,27.787766,1657.5
85.368929,27.787725,1656.3
85.368883,27.787689,1655
85.368837,27.787645,1653.8
85.368791,27.787628,1652.5
85.36875,27.787564,1651.2
85.368735,27.787515,1651.2
85.368689,27.787469,1650
85.368653,27.787428,1648.8
85.368627,27.787372,1647.7
85.368581,27.787341,1647.7
85.368515,27.787315,1647.7
85.368484,27.787274,1646.5
85.368407,27.787233,1644.1
85.368356,27.787208,1644.1
85.36831,27.787177,1642.9
85.368248,27.787146,1641.8
85.368197,27.787128,1640.6
85.368141,27.787087,1639.2
85.368095,27.787064,1639.2
85.368064,27.787021,1638
85.368028,27.786967,1638
85.367987,27.786924,1636.8
85.367967,27.786877,1636.8
85.367967,27.786819,1635.7
85.367941,27.786778,1635.7
85.367936,27.786737,1634.4
85.367926,27.78667,1633.2
85.367921,27.786614,1633.2
85.36791,27.786565,1632
85.367905,27.786504,1630.8
85.367905,27.786452,1629.7
85.367895,27.786386,1629.7
85.367895,27.78634,1628.4
85.367905,27.78626,1627.2
85.36789,27.786212,1626
85.367849,27.786176,1624.8
85.367798,27.786138,1624.8
85.367752,27.786107,1624.8
85.367706,27.786066,1623.6
85.36767,27.786028,1623.6
85.367629,27.785989,1622.4
85.367583,27.785948,1622.4
85.367537,27.785917,1621.2
85.367516,27.785866,1619.9
85.367491,27.785807,1618.7
85.367475,27.785761,1618.7
85.367455,27.78571,1617.5
85.367429,27.785664,1617.5
85.367444,27.785615,1616.3
85.367419,27.785564,1616.3
85.367393,27.785516,1616.3
85.367363,27.785472,1615.1
85.367342,27.785411,1615.1
85.367332,27.785359,1615.1
85.367342,27.785311,1613.9
85.367327,27.785257,1613.9
85.367296,27.785211,1612.7
85.36725,27.785165,1611.5
85.367194,27.785132,1610.3
85.367148,27.785103,1610.3
85.367101,27.785073,1609.1
85.367066,27.785029,1606.7
85.36704,27.784975,1606.7
85.367014,27.784929,1605.5
85.366989,27.784881,1604.3
85.366973,27.784835,1604.3
85.366938,27.784786,1603.1
85.366897,27.784745,1603.1
85.366866,27.784701,1601.9
85.36683,27.784648,1601.9
85.366799,27.784596,1600.8
85.366758,27.78455,1599.6
85.366728,27.784497,1598.4
85.366676,27.784463,1598.4
85.366656,27.78441,1597.1
85.366641,27.784364,1595.8
85.366615,27.784307,1594.6
85.366595,27.784259,1594.6
85.366564,27.784218,1593.3
85.366538,27.784166,1592
85.366518,27.784115,1590.8
85.366487,27.784064,1589.6
85.366446,27.784015,1588.4
85.36641,27.783967,1588.4
85.366369,27.783923,1587.2
85.366323,27.783875,1587.2
85.366292,27.783834,1586
85.366272,27.78378,1586
85.366257,27.783731,1584.8
85.366241,27.783672,1574
85.366221,27.783624,1555.1
85.366195,27.783575,1552
85.36618,27.783524,1550.8
85.366149,27.78347,1550.8
85.366118,27.783427,1550.8
85.366088,27.78337,1552.1
85.366067,27.783324,1553.3
85.366052,27.78327,1553.3
85.366026,27.783214,1554.5
85.365996,27.783163,1555.8
85.365975,27.783114,1555.8
85.36596,27.783068,1556.9
85.365934,27.783012,1556.9
85.365914,27.782956,1558.1
85.365903,27.782853,1558.1
85.365878,27.782804,1558.1
85.365852,27.782764,1558.1
85.365816,27.782717,1558.1
85.365786,27.782674,1558.1
85.36574,27.782628,1558.1
85.365729,27.782582,1558.1
85.365699,27.782546,1560
85.365637,27.782502,1560
85.365617,27.782456,1560
85.365606,27.782408,1560
85.365586,27.782356,1560
85.36554,27.782316,1560
85.365524,27.782269,1560
85.365494,27.782213,1560
85.365473,27.782162,1560
85.365458,27.782116,1560
85.365432,27.782067,1560
85.365396,27.782008,1560
85.365366,27.781955,1558.8
85.36535,27.781908,1558.8
85.365325,27.78186,1558.8
85.365304,27.781806,1558.8
85.365279,27.781752,1558.8
85.365243,27.781724,1558.8
85.365212,27.781678,1558.8
85.365171,27.781632,1558.8
85.365135,27.781588,1557.5
85.3651,27.781545,1557.5
85.365059,27.781491,1557.5
85.365028,27.781448,1557.5
85.365007,27.781402,1557.5
85.364992,27.78135,1557.5
85.364961,27.781289,1557.5
85.364905,27.781256,1557.5
85.364874,27.781215,1557.5
85.364859,27.781164,1556.2
85.364838,27.78111,1556.2
85.364797,27.781074,1556.2
85.364762,27.781025,1555
85.364736,27.780979,1555
85.364716,27.780936,1555
85.364685,27.780877,1553.8
85.364664,27.780838,1553.8
85.364618,27.780795,1552.7
85.364577,27.780764,1552.7
85.364541,27.780728,1552.7
85.3645,27.780695,1552.7
85.364485,27.780646,1551.5
85.364439,27.780595,1550.3
85.364408,27.780549,1550.3
85.364393,27.780506,1547.8
85.364362,27.780452,1545.3
85.364342,27.780406,1544
85.364326,27.780357,1544
85.364306,27.780308,1542.8
85.36428,27.780257,1542.8
85.364265,27.780206,1542.8
85.364234,27.78016,1542.8
85.364198,27.780106,1542.8
85.364168,27.780065,1542.8
85.364137,27.780017,1542.8
85.364081,27.779988,1542.8
85.36406,27.779948,1542.8
85.364029,27.779901,1542.8
85.364004,27.779848,1542.8
85.363973,27.779786,1542.8
85.363953,27.779735,1541.7
85.363937,27.779697,1541.7
85.363907,27.779645,1541.7
85.363871,27.779589,1541.7
85.36384,27.779535,1540.5
85.363814,27.779487,1540.5
85.363794,27.779443,1540.5
85.363753,27.779397,1540.5
85.363722,27.779346,1539.3
85.363692,27.7793,1539.3
85.363661,27.779251,1539.3
85.36363,27.77921,1539.3
85.363599,27.779162,1538.1
85.363579,27.779113,1538.1
85.363564,27.779059,1538.1
85.363548,27.779003,1536.9
85.363543,27.778954,1536.9
85.363517,27.778908,1535.8
85.363466,27.778888,1535.8
85.36341,27.77886,1535.8
85.363348,27.778842,1534.6
85.363302,27.778803,1534.6
85.363287,27.778755,1534.6
85.363267,27.778698,1534.6
85.363251,27.778657,1533.4
85.36322,27.778604,1533.4
85.363205,27.778547,1533.4
85.363159,27.778501,1532.2
85.363139,27.778458,1532.2
85.363098,27.778414,1532.2
85.363067,27.778358,1531
85.363046,27.778309,1531
85.362929,27.778281,1528.7
85.362924,27.778286,1527.3
85.362836,27.77825,1527.3
85.362816,27.778235,1527.3
85.362796,27.778191,1527.3
85.36277,27.778135,1527.3
85.362749,27.778076,1527.3
85.362724,27.778015,1527.3
85.362708,27.777961,1527.3
85.362688,27.77792,1527.3
85.362657,27.777871,1522.8
85.362616,27.777818,1522.8
85.36257,27.777761,1521.5
85.362534,27.77772,1521.5
85.362493,27.777677,1520.2
85.362463,27.777628,1520.2
85.362427,27.777564,1520.2
85.362396,27.77751,1518.9
85.362365,27.777462,1518.9
85.362335,27.777403,1518.9
85.362314,27.777347,1517.7
85.362289,27.777293,1517.7
85.362268,27.777242,1517.7
85.362243,27.777193,1516.5
85.362222,27.777147,1516.5
85.362191,27.777078,1516.5
85.362161,27.777019,1515.3
85.362135,27.776965,1515.3
85.362099,27.776901,1515.3
85.362058,27.776832,1514.1
85.362038,27.776783,1514.1
85.362007,27.776622,1512.9
85.361976,27.776556,1512.9
85.36194,27.776471,1512.9
85.361915,27.776425,1512.9
85.361864,27.77632,1511.8
85.361833,27.776264,1511.8
85.361802,27.776207,1511.8
85.361772,27.776154,1511.8
85.361731,27.776097,1510.6
85.3617,27.776049,1510.6
85.361669,27.776,1510.6
85.361638,27.775946,1510.6
85.361613,27.775887,1509.2
85.361582,27.775821,1509.2
85.361551,27.775762,1509.2
85.361505,27.775695,1509.2
85.361464,27.775629,1507.9
85.361428,27.775565,1507.9
85.361382,27.775498,1507.9
85.361275,27.775368,1507.9
85.361178,27.775258,1506.7
85.361091,27.775173,1506.7
85.361029,27.775101,1506.7
85.360983,27.775037,1505
85.360937,27.774948,1505
85.360906,27.774871,1505
85.360886,27.774807,1503.7
85.360865,27.774751,1503.7
85.360855,27.774692,1503.7
85.36085,27.77463,1502.4
85.36084,27.774569,1502.4
85.360824,27.77451,1502.4
85.360804,27.774451,1501.2
85.360763,27.774423,1501.2
85.360635,27.774241,1500
85.360604,27.774172,1500
85.360573,27.774103,1500
85.360532,27.774044,1500
85.360497,27.77398,1498.7
85.360461,27.773914,1498.7
85.360415,27.773852,1498.7
85.360374,27.773793,1498.7
85.360323,27.773727,1497.1
85.360276,27.773668,1497.1
85.36023,27.773606,1497.1
85.360184,27.773545,1497.1
85.360143,27.773484,1495.7
85.360108,27.773435,1495.7
85.360092,27.773412,1495.7
85.360056,27.773363,1494.3
85.36,27.773266,1494.3
85.359969,27.77321,1494.3
85.359939,27.773151,1494.3
85.359908,27.773094,1494.3
85.359872,27.773038,1494.3
85.359831,27.772984,1493.1
85.359795,27.772931,1493.1
85.359749,27.772859,1493.1
85.359698,27.772785,1493.1
85.359652,27.772723,1493.1
85.359611,27.772664,1493.1
85.35958,27.772611,1491.8
85.359549,27.772552,1491.8
85.359514,27.772498,1491.8
85.359468,27.772431,1491.8
85.359411,27.772375,1491.8
85.35936,27.772311,1490.7
85.359319,27.772255,1490.7
85.359278,27.772198,1490.7
85.359232,27.772137,1490.7
85.359186,27.772073,1490.7
85.35913,27.772014,1489.5
85.359078,27.77196,1489.5
85.359037,27.771914,1489.5
85.359002,27.77186,1489.5
85.358971,27.771817,1489.5
85.358909,27.77172,1488.1
85.358874,27.771661,1488.1
85.358833,27.771602,1488.1
85.358797,27.771546,1488.1
85.35871,27.771428,1488.1
85.358648,27.771356,1486.8
85.358572,27.771279,1486.8
85.358484,27.771182,1486.8
85.358413,27.771103,1486.8
85.358346,27.771018,1486.8
85.3583,27.770947,1485.6
85.358254,27.770877,1485.6
85.358223,27.770816,1485.6
85.358182,27.770755,1485.6
85.358157,27.770706,1485.6
85.358126,27.77065,1484.3
85.358095,27.770604,1484.3
85.358054,27.770547,1484.3
85.358024,27.770499,1484.3
85.357988,27.770445,1484.3
85.357942,27.770381,1484.3
85.357901,27.77033,1484.3
85.357855,27.770268,1483
85.357809,27.770207,1483
85.357773,27.770153,1483
85.357737,27.770089,1483
85.357691,27.770033,1483
85.35765,27.769976,1483
85.357604,27.76991,1483
85.357558,27.769848,1483
85.357507,27.769777,1483
85.35745,27.769705,1481.8
85.357399,27.769636,1481.8
85.357348,27.769567,1481.8
85.357292,27.76949,1481.8
85.35724,27.769421,1481.8
85.357184,27.769349,1481.8
85.357123,27.769275,1481.8
85.357061,27.769193,1480.5
85.356995,27.769114,1480.5
85.356943,27.769042,1480.5
85.356872,27.76896,1480.5
85.35681,27.768873,1480.5
85.356749,27.768796,1479.3
85.356687,27.768724,1479.3
85.356641,27.768658,1479.3
85.35659,27.768594,1479.3
85.356539,27.768525,1478.1
85.356477,27.768456,1478.1
85.35636,27.768305,1478.1
85.356324,27.768264,1478.1
85.356283,27.76821,1478.1
85.356232,27.768141,1478.1
85.356186,27.768084,1478.1
85.35614,27.768026,1476.8
85.356078,27.767964,1476.8
85.356027,27.7679,1476.8
85.355971,27.767841,1476.8
85.355924,27.767788,1476.8
85.355878,27.767739,1476.8
85.355827,27.76769,1476.8
85.35572,27.76768,1475.7
85.355643,27.767665,1475.7
85.355581,27.767644,1475.7
85.35553,27.767608,1475.7
85.355469,27.76756,1475.7
85.355407,27.767516,1475.7
85.355346,27.767475,1475.7
85.355279,27.767427,1475.7
85.355218,27.767373,1475.7
85.355156,27.767327,1475.7
85.355095,27.76727,1474.4
85.355028,27.767224,1474.4
85.354957,27.767178,1474.4
85.35488,27.767135,1474.4
85.354813,27.767094,1474.4
85.354742,27.767053,1474.4
85.354685,27.767014,1474.4
85.354614,27.766979,1474.4
85.354563,27.766943,1473.2
85.354501,27.766902,1473.2
85.35444,27.766866,1473.2
85.354378,27.766828,1473.2
85.354317,27.766794,1473.2
85.354255,27.766758,1473.2
85.354204,27.766725,1473.2
85.354148,27.766692,1472
85.354102,27.766666,1472
85.35401,27.766597,1472
85.353974,27.766554,1472
85.353933,27.766505,1472
85.353892,27.766451,1472
85.353759,27.766351,1472
85.353667,27.766267,1472
85.353605,27.766193,1472
85.353554,27.766126,1472
85.353518,27.766065,1472
85.353492,27.766006,1472
85.353472,27.765952,1472
85.353457,27.765896,1470.8
85.353441,27.765837,1470.8
85.353431,27.765775,1470.8
85.353431,27.765714,1470.8
85.353431,27.765652,1470.8
85.353446,27.765586,1470.8
85.353472,27.765519,1470.8
85.353492,27.765453,1470.8
85.353523,27.765386,1470.8
85.353554,27.76532,1470.8
85.353585,27.765256,1470.8
85.353615,27.765194,1470.8
85.353636,27.765138,1469.7
85.353667,27.765076,1469.7
85.353682,27.765018,1469.7
85.353708,27.764956,1469.7
85.353723,27.764892,1469.7
85.353723,27.764838,1469.7
85.353723,27.764787,1468.4
85.353708,27.764728,1468.4
85.353692,27.764667,1468.4
85.353667,27.764611,1468.4
85.353636,27.764552,1468.4
85.353605,27.764488,1468.4
85.353574,27.764419,1467.1
85.353539,27.764355,1467.1
85.353518,27.764298,1467.1
85.353487,27.764242,1467.1
85.353462,27.764186,1467.1
85.353431,27.764127,1467.1
85.353416,27.764078,1467.1
85.3534,27.76404,1465.9
85.353364,27.763948,1465.9
85.353318,27.763835,1465.9
85.353288,27.763773,1465.9
85.353257,27.763709,1465.9
85.353185,27.763579,1465.9
85.353149,27.763515,1464.8
85.353083,27.763379,1464.8
85.353052,27.763313,1464.8
85.353011,27.763244,1464.8
85.352991,27.763177,1464.8
85.35296,27.763105,1463.6
85.352929,27.763041,1463.6
85.352904,27.762975,1463.6
85.352873,27.7629,1463.6
85.352852,27.762836,1463.6
85.352812,27.762757,1463.6
85.352781,27.762685,1463.6
85.352745,27.762606,1463.6
85.352709,27.762529,1463.6
85.352668,27.762458,1462.3
85.352637,27.762394,1462.3
85.352607,27.762332,1462.3
85.352576,27.762286,1462.3
85.352556,27.762243,1462.3
85.352525,27.762194,1462.3
85.352494,27.762138,1462.3
85.352463,27.762079,1461
85.352433,27.762017,1461
85.352407,27.761951,1461
85.352371,27.761874,1461
85.35234,27.7618,1461
85.35231,27.761738,1461
85.352279,27.761672,1461
85.352248,27.761603,1461
85.352218,27.761526,1461
85.352182,27.761446,1461
85.352151,27.761382,1461
85.35212,27.761306,1461
85.352079,27.761239,1461
85.352059,27.761175,1459.8
85.352028,27.761119,1459.8
85.351997,27.761055,1459.8
85.351977,27.761004,1459.8
85.351951,27.760955,1459.8
85.351921,27.760901,1459.8
85.3519,27.760845,1459.8
85.351869,27.760788,1459.8
85.351839,27.760722,1459.8
85.351808,27.760655,1459.8
85.351777,27.760591,1459.8
85.351747,27.760527,1459.8
85.351706,27.760453,1459.8
85.351675,27.760392,1459.8
85.351613,27.76032,1459.8
85.351557,27.760259,1459.8
85.351501,27.7602,1459.8
85.351455,27.760146,1459.8
85.351409,27.76009,1459.8
85.351388,27.760028,1459.8
85.351373,27.759956,1459.8
85.351347,27.759885,1459.8
85.351311,27.759813,1459.8
85.351265,27.759744,1459.8
85.351219,27.759672,1459.8
85.351173,27.759603,1459.8
85.351122,27.759526,1459.8
85.35106,27.759447,1459.8
85.351004,27.759373,1458.7
85.350953,27.759296,1458.7
85.350907,27.759235,1458.7
85.350851,27.759165,1458.7
85.35081,27.759099,1458.7
85.350764,27.759035,1458.7
85.350723,27.758971,1457.5
85.350676,27.758912,1457.5
85.35063,27.758843,1457.5
85.350548,27.758728,1457.5
85.350508,27.758671,1457.5
85.350477,27.758623,1456.1
85.350446,27.758566,1456.1
85.350364,27.758436,1456.1
85.350298,27.758344,1456.1
85.350241,27.758262,1454.9
85.350195,27.758193,1454.9
85.350159,27.758131,1454.9
85.350118,27.758075,1454.9
85.350072,27.758006,1454.9
85.350031,27.757937,1453.8
85.34999,27.757873,1453.8
85.34997,27.757834,1453.8
85.349898,27.757722,1453.8
85.349862,27.757663,1453.8
85.349821,27.757612,1452.6
85.349791,27.757568,1452.6
85.349729,27.757476,1452.6
85.349663,27.757368,1452.6
85.349627,27.75732,1452.6
85.349596,27.757271,1451.4
85.349571,27.757228,1451.4
85.349524,27.757161,1451.4
85.349489,27.757087,1451.4
85.349432,27.757015,1451.4
85.349381,27.756931,1451.4
85.34935,27.756879,1451.4
85.34932,27.756828,1451.4
85.349294,27.756785,1451.4
85.349238,27.75669,1451.4
85.349212,27.756646,1451.4
85.349181,27.7566,1451.4
85.349135,27.756513,1450.2
85.349069,27.756406,1450.2
85.349038,27.756357,1450.2
85.349007,27.756306,1450.2
85.348977,27.75625,1450.2
85.348946,27.756193,1450.2
85.348915,27.756134,1450.2
85.348833,27.756001,1450.2
85.348792,27.755932,1449
85.348762,27.755873,1449
85.348726,27.755809,1449
85.348695,27.755748,1449
85.348649,27.755681,1449
85.348608,27.755617,1449
85.348577,27.755561,1449
85.348547,27.755497,1449
85.348516,27.755446,1449
85.34848,27.755382,1447.8
85.348449,27.755325,1447.8
85.348413,27.755264,1447.8
85.348372,27.755203,1447.8
85.348337,27.755136,1447.8
85.348306,27.755072,1447.8
85.34826,27.755003,1447.8
85.348219,27.754939,1447.8
85.348188,27.754888,1446.6
85.348152,27.754829,1446.6
85.348122,27.754772,1446.6
85.348086,27.754716,1446.6
85.348055,27.754655,1446.6
85.348014,27.754598,1446.6
85.347978,27.754537,1446.6
85.347937,27.754476,1446.6
85.347901,27.754412,1446.6
85.34786,27.754348,1446.6
85.347814,27.754281,1445.3
85.347784,27.754222,1445.3
85.347748,27.754161,1445.3
85.347717,27.754104,1445.3
85.347686,27.754061,1445.3
85.347666,27.75402,1445.3
85.34762,27.753946,1445.3
85.347579,27.753879,1444.1
85.347533,27.753815,1444.1
85.347502,27.753759,1444.1
85.347456,27.753697,1444.1
85.34742,27.753631,1444.1
85.347379,27.753567,1444.1
85.347328,27.753487,1444.1
85.347261,27.753382,1444.1
85.34722,27.753324,1444.1
85.347185,27.753267,1444.1
85.347144,27.753211,1442.9
85.347108,27.753155,1442.9
85.347067,27.753096,1442.9
85.347021,27.753042,1442.9
85.346985,27.752991,1442.9
85.346934,27.752927,1442.9
85.346877,27.752868,1442.9
85.346826,27.752809,1442.9
85.34677,27.75275,1442.9
85.346719,27.752691,1442.9
85.346647,27.752614,1442.9
85.34658,27.752525,1442.9
85.346514,27.752453,1442.9
85.346452,27.752381,1442.9
85.346427,27.752315,1442.9
85.346437,27.752253,1442.9
85.346437,27.752192,1441.8
85.346427,27.752125,1441.8
85.346406,27.752067,1441.8
85.346376,27.752015,1441.8
85.346319,27.751962,1441.8
85.346268,27.751898,1441.8
85.346207,27.751834,1441.8
85.346161,27.751767,1441.8
85.346125,27.7517,1441.8
85.346079,27.751642,1441.8
85.346038,27.751588,1441.8
85.346007,27.751537,1441.8
85.345976,27.751491,1441.8
85.345956,27.751447,1440.6
85.34593,27.751406,1440.6
85.345884,27.751334,1440.6
85.345848,27.75127,1440.6
85.345812,27.751212,1440.6
85.345782,27.751153,1440.6
85.345751,27.751094,1439.3
85.345736,27.751048,1439.3
85.34571,27.750996,1439.3
85.34569,27.75095,1439.3
85.345649,27.750876,1439.3
85.345603,27.750794,1439.3
85.345582,27.750743,1439.3
85.345556,27.750689,1439.3
85.345526,27.75063,1439.3
85.345505,27.750569,1439.3
85.34549,27.750495,1439.3
85.34548,27.750431,1439.3
85.345475,27.750362,1439.3
85.345398,27.750195,1439.3
85.345377,27.750088,1439.3
85.345393,27.750024,1439.3
85.345413,27.749955,1439.3
85.345434,27.749891,1439.3
85.345449,27.749829,1439.3
85.345464,27.749752,1439.3
85.345475,27.749678,1439.3
85.345475,27.749614,1439.3
85.345475,27.749481,1439.3
85.345475,27.749407,1439.3
85.345475,27.749343,1439.3
85.345475,27.749274,1439.3
85.345475,27.749202,1439.3
85.345475,27.749133,1439.3
85.345464,27.749064,1439.3
85.345464,27.748997,1439.3
85.345459,27.748933,1439.3
85.345459,27.748872,1439.3
85.345444,27.748813,1439.3
85.345428,27.748759,1439.3
85.345413,27.748713,1439.3
85.345398,27.748654,1439.3
85.345382,27.748595,1439.3
85.345367,27.748534,1439.3
85.345347,27.748475,1439.3
85.345321,27.748413,1439.3
85.34529,27.748349,1439.3
85.345254,27.748288,1439.3
85.345208,27.748227,1439.3
85.345162,27.748163,1439.3
85.345101,27.748076,1439.3
85.345044,27.748019,1439.3
85.345004,27.747963,1439.3
85.344947,27.747904,1440.5
85.344896,27.747845,1440.5
85.34484,27.747786,1440.5
85.344773,27.74772,1440.5
85.344696,27.747645,1440.5
85.34462,27.747579,1440.5
85.344553,27.747517,1440.5
85.344492,27.747469,1440.5
85.344415,27.747418,1440.5
85.344338,27.747364,1440.5
85.344261,27.747315,1440.5
85.3442,27.747261,1440.5
85.344133,27.747208,1440.5
85.344072,27.747159,1440.5
85.34401,27.747113,1440.5
85.343954,27.747072,1440.5
85.343892,27.747031,1440.5
85.343811,27.746977,1440.5
85.343749,27.746924,1440.5
85.343703,27.746872,1440.5
85.343652,27.746819,1440.5
85.343606,27.746765,1440.5
85.343534,27.746703,1440.5
85.343468,27.746647,1440.5
85.343401,27.746593,1440.5
85.34334,27.746542,1440.5
85.343278,27.746496,1440.5
85.343217,27.746452,1440.5
85.343155,27.746409,1440.5
85.343104,27.746365,1440.5
85.343048,27.746327,1440.5
85.342996,27.746286,1440.5
85.342935,27.746245,1440.5
85.342889,27.746204,1440.5
85.342848,27.746171,1440.5
85.342812,27.746135,1440.5
85.342725,27.746058,1440.5
85.342684,27.746017,1440.5
85.342643,27.745976,1440.5
85.342607,27.745943,1440.5
85.342546,27.745882,1440.5
85.342515,27.745848,1440.5
85.342459,27.745795,1439.3
85.342397,27.745731,1439.3
85.342346,27.745669,1439.3
85.342269,27.745585,1439.3
85.342234,27.745544,1439.3
85.342188,27.745492,1439.3
85.342141,27.745441,1439.3
85.342085,27.745385,1439.3
85.342034,27.745326,1438.1
85.341972,27.74526,1438.1
85.341875,27.74516,1438.1
85.341814,27.745108,1438.1
85.341706,27.745016,1438.1
85.341604,27.744927,1438.1
85.341548,27.744863,1438.1
85.341501,27.744809,1438.1
85.34146,27.744765,1438.1
85.341425,27.744727,1438.1
85.341353,27.744676,1436.8
85.341292,27.744625,1436.8
85.34124,27.744579,1436.8
85.341184,27.744538,1436.8
85.341158,27.744502,1436.8
85.341112,27.744466,1435.5
85.341071,27.744445,1435.5
85.341117,27.744481,1433.1
85.341102,27.744474,1433.1
85.341071,27.74442,1433.1
85.34102,27.744346,1433.1
85.340943,27.744256,1433.1
85.340913,27.74422,1433.1
85.340841,27.744136,1433.1
85.34079,27.744074,1433.1
85.340739,27.744018,1433.1
85.340682,27.743959,1433.1
85.340631,27.743903,1433.1
85.340575,27.743844,1431.9
85.340524,27.743785,1431.9
85.340477,27.743731,1431.9
85.340421,27.743672,1431.9
85.34037,27.743613,1431.9
85.340319,27.743547,1431.9
85.340262,27.743491,1431.9
85.340211,27.743429,1431.9
85.340155,27.743363,1431.9
85.340104,27.743306,1431.9
85.340058,27.74325,1431.9
85.340006,27.743188,1431.9
85.33996,27.743135,1431.9
85.339904,27.743078,1431.9
85.339858,27.743022,1431.9
85.339796,27.742956,1431.9
85.339745,27.742889,1431.9
85.339684,27.742828,1431.9
85.339633,27.742766,1431.9
85.339576,27.742707,1431.9
85.339525,27.742646,1431.9
85.339412,27.742516,1431.9
85.3393,27.742385,1430.8
85.339249,27.742323,1430.8
85.339197,27.742259,1430.8
85.339151,27.742205,1430.8
85.339105,27.742154,1430.8
85.339059,27.742093,1430.8
85.338988,27.742011,1430.8
85.338926,27.741944,1430.8
85.33889,27.741896,1430.8
85.338844,27.741842,1430.8
85.338808,27.741804,1430.8
85.338721,27.741711,1430.8
85.33867,27.74166,1429.6
85.338614,27.741606,1429.6
85.338568,27.741555,1429.6
85.338516,27.741501,1429.6
85.33847,27.741455,1429.6
85.338435,27.74142,1429.6
85.338378,27.741366,1429.6
85.338332,27.741325,1429.6
85.338281,27.741268,1429.6
85.338225,27.741212,1429.6
85.338179,27.741166,1428.4
85.338127,27.741115,1428.4
85.338081,27.741061,1428.4
85.338035,27.741012,1428.4
85.338004,27.740974,1428.4
85.337969,27.740928,1428.4
85.337938,27.740884,1428.4
85.337912,27.740838,1428.4
85.337866,27.740787,1427.2
85.337805,27.740718,1427.2
85.337769,27.740677,1427.2
85.337677,27.740585,1427.2
85.337631,27.740534,1427.2
85.337585,27.740483,1427.2
85.337549,27.740439,1427.2
85.337508,27.740401,1427.2
85.337462,27.740344,1427.2
85.337382,27.740257,1427.2
85.337339,27.740209,1427.2
85.337295,27.74016,1420.1
85.337252,27.740111,1420.1
85.337226,27.740081,1420.1
85.337211,27.740037,1420.1
85.337272,27.739991,1420.1
85.337349,27.739955,1420.1
85.337431,27.739904,1418.9
85.337518,27.739853,1418.9
85.337564,27.739832,1418.9
85.337626,27.739804,1418.9
85.337661,27.739786,1418.9
85.337723,27.739745,1418.9
85.337687,27.739702,1417.7
85.33761,27.739692,1417.7
85.337533,27.739707,1417.7
85.337426,27.73975,1417.7
85.337364,27.739776,1417.7
85.337318,27.739796,1417.7
85.337242,27.739832,1417.7
85.33719,27.739845,1417.7
85.337134,27.739827,1417.7
85.337068,27.739761,1417.7
85.336991,27.739684,1417.7
85.336945,27.739638,1417.7
85.336899,27.739594,1417.7
85.336852,27.739548,1417.7
85.336806,27.739494,1417.7
85.336755,27.739438,1416.5
85.336699,27.739377,1416.5
85.336663,27.73932,1416.5
85.33655,27.739259,1416.5
85.336458,27.739162,1416.5
85.336366,27.739075,1416.5
85.336305,27.739008,1416.5
85.336243,27.738939,1416.5
85.336197,27.738906,1416.5
85.336136,27.73886,1415.2
85.33609,27.738821,1415.2
85.336038,27.73878,1415.2
85.335992,27.738744,1415.2
85.335921,27.738698,1415.2
85.335859,27.738644,1415.2
85.335793,27.738591,1415.2
85.335726,27.73854,1413.9
85.335649,27.738488,1413.9
85.335557,27.738422,1413.9
85.335496,27.738353,1413.9
85.335439,27.738296,1412.7
85.335383,27.738237,1412.7
85.335265,27.738122,1412.7
85.335235,27.738092,1412.7
85.335122,27.737999,1411.2
85.33506,27.737953,1411.2
85.334994,27.737905,1410
85.334907,27.737851,1410
85.334815,27.737795,1410
85.334738,27.737741,1410
85.334661,27.73769,1410
85.334589,27.737636,1408.8
85.334513,27.73758,1408.8
85.334436,27.737521,1408.8
85.334349,27.737462,1408.8
85.334272,27.737398,1407.7
85.334205,27.737344,1407.7
85.334139,27.737288,1407.7
85.334067,27.737226,1407.7
85.333985,27.737157,1407.7
85.333908,27.737091,1406.3
85.333816,27.737019,1406.3
85.333734,27.736947,1406.3
85.333647,27.736878,1406.3
85.333555,27.736809,1406.3
85.333473,27.73674,1406.3
85.333381,27.736671,1405.1
85.333299,27.736602,1405.1
85.333222,27.736543,1405.1
85.333135,27.736484,1405.1
85.333053,27.73642,1405.1
85.332972,27.736356,1405.1
85.332869,27.736282,1405.1
85.332792,27.73622,1405.1
85.332618,27.736082,1403.9
85.332541,27.736023,1403.9
85.332465,27.735959,1403.9
85.332403,27.735905,1403.9
85.332337,27.735821,1403.9
85.33226,27.735741,1403.9
85.332178,27.735675,1403.9
85.332101,27.735619,1403.9
85.332024,27.735562,1403.9
85.331937,27.735501,1403.9
85.331855,27.735429,1403.9
85.331773,27.735355,1403.9
85.331697,27.735281,1403.9
85.33162,27.735212,1403.9
85.331548,27.73515,1402.8
85.331482,27.735094,1402.8
85.33142,27.735045,1402.8
85.331359,27.734991,1402.8
85.331297,27.734935,1402.8
85.331123,27.734853,1402.8
85.330995,27.734792,1402.8
85.330918,27.734733,1402.8
85.330857,27.734669,1402.8
85.330785,27.734605,1402.8
85.330719,27.734554,1402.8
85.330673,27.73451,1401.6
85.330637,27.734477,1401.6
85.330575,27.734415,1401.6
85.330488,27.734331,1401.6
85.330437,27.73428,1401.6
85.330381,27.734231,1401.6
85.330345,27.734198,1401.6
85.330253,27.734126,1401.6
85.330202,27.734085,1401.6
85.33014,27.734039,1401.6
85.330079,27.733998,1401.6
85.330022,27.733957,1401.6
85.329981,27.733919,1401.6
85.329925,27.733875,1401.6
85.329874,27.733829,1401.6
85.329818,27.733791,1401.6
85.329772,27.733752,1401.6
85.329725,27.733711,1401.6
85.329679,27.73367,1401.6
85.329628,27.733632,1401.6
85.329567,27.733583,1400.4
85.329516,27.733535,1400.4
85.329459,27.733496,1400.4
85.329408,27.733453,1400.4
85.329352,27.733407,1400.4
85.32929,27.733361,1400.4
85.329239,27.733317,1400.4
85.329188,27.733274,1400.4
85.329142,27.733233,1400.4
85.329085,27.733194,1400.4
85.329039,27.733153,1400.4
85.328993,27.733112,1400.4
85.328947,27.733076,1400.4
85.328911,27.733046,1400.4
85.328835,27.732982,1400.4
85.328758,27.732915,1400.4
85.328712,27.732877,1400.4
85.328666,27.732844,1400.4
85.328584,27.732772,1400.4
85.328543,27.732741,1400.4
85.328461,27.732672,1400.4
85.328384,27.732605,1399.2
85.328338,27.73257,1399.2
85.328302,27.732534,1399.2
85.328256,27.732495,1399.2
85.3282,27.732454,1399.2
85.328148,27.732413,1399.2
85.328092,27.732365,1399.2
85.328036,27.732316,1399.2
85.327964,27.732262,1399.2
85.327913,27.732216,1399.2
85.327867,27.732173,1399.2
85.327805,27.732122,1399.2
85.327734,27.73206,1399.2
85.327667,27.732001,1399.2
85.32759,27.731935,1397.9
85.327508,27.731866,1397.9
85.327421,27.731802,1397.9
85.32734,27.73174,1397.9
85.327263,27.731686,1397.9
85.327196,27.73163,1397.9
85.327124,27.731574,1397.9
85.327048,27.731517,1397.9
85.326971,27.731459,1397.9
85.326904,27.731405,1396.8
85.326838,27.731356,1396.8
85.326776,27.731305,1396.8
85.32672,27.731259,1396.8
85.326669,27.73119,1396.8
85.326607,27.731126,1396.8
85.326546,27.731064,1395.5
85.326479,27.730998,1395.5
85.326418,27.730934,1395.5
85.326341,27.730872,1395.5
85.326249,27.730813,1395.5
85.326157,27.730747,1395.5
85.32608,27.730685,1395.5
85.325998,27.730619,1394.3
85.325937,27.730565,1394.3
85.325865,27.730509,1394.3
85.325798,27.730452,1394.3
85.325732,27.730394,1392.8
85.325655,27.730337,1392.8
85.325583,27.730281,1392.8
85.325517,27.73023,1391.5
85.325455,27.730176,1391.5
85.325394,27.73013,1391.5
85.325343,27.730086,1391.5
85.325271,27.730025,1390.3
85.325204,27.729974,1390.3
85.325148,27.729928,1390.3
85.325082,27.729876,1390.3
85.325025,27.729823,1390.3
85.324969,27.729741,1390.3
85.324867,27.729697,1389
85.324836,27.729636,1389
85.324831,27.729556,1389
85.324846,27.729475,1389
85.324861,27.729395,1389
85.324877,27.729308,1387.8
85.324897,27.729229,1387.8
85.324908,27.729144,1387.8
85.324913,27.729055,1387.8
85.324923,27.728965,1386.6
85.324923,27.728886,1386.6
85.324923,27.728804,1386.6
85.324913,27.728717,1386.6
85.324908,27.728632,1386.6
85.324897,27.728561,1386.6
85.324892,27.728492,1385.3
85.324836,27.728376,1385.3
85.324744,27.728294,1385.3
85.324692,27.728264,1385.3
85.324631,27.728246,1385.3
85.324564,27.72823,1384.1
85.324508,27.728223,1384.1
85.324396,27.728205,1384.1
85.324324,27.728195,1384.1
85.324262,27.728179,1384.1
85.324201,27.728148,1382.9
85.324134,27.728108,1382.9
85.324073,27.728051,1382.9
85.324006,27.72798,1382.9
85.32396,27.72791,1382.9
85.323914,27.727849,1382.9
85.323868,27.72778,1382.9
85.323837,27.727721,1382.9
85.323807,27.727662,1381.8
85.323786,27.727603,1381.8
85.323756,27.727542,1381.8
85.32373,27.727485,1381.8
85.323709,27.727432,1381.8
85.323694,27.727375,1381.8
85.323668,27.727314,1381.8
85.323653,27.72725,1381.8
85.323633,27.727183,1380.6
85.323602,27.727119,1380.6
85.323571,27.72705,1380.6
85.323546,27.726953,1380.6
85.3235,27.726861,1380.6
85.323438,27.726771,1380.6
85.323382,27.726684,1380.6
85.32331,27.726589,1380.6
85.323264,27.726502,1379.2
85.323218,27.726413,1379.2
85.323182,27.726331,1379.2
85.323141,27.726244,1379.2
85.323121,27.726167,1379.2
85.32309,27.726088,1379.2
85.323049,27.726008,1379.2
85.323023,27.725924,1379.2
85.322982,27.725837,1377.9
85.322952,27.725755,1377.9
85.322921,27.725681,1377.9
85.322875,27.725596,1377.9
85.322839,27.725514,1377.9
85.322798,27.725432,1377.9
85.322762,27.725363,1377.9
85.322721,27.725292,1377.9
85.322685,27.725222,1377.9
85.32266,27.725164,1377.9
85.322634,27.725107,1377.9
85.322609,27.725041,1376.8
85.322588,27.724992,1376.8
85.322532,27.724872,1376.8
85.322511,27.724797,1376.8
85.322465,27.724713,1376.8
85.322435,27.724652,1376.8
85.322394,27.724593,1376.8
85.322363,27.724529,1376.8
85.322317,27.724452,1375.6
85.322281,27.724385,1375.6
85.322245,27.724316,1375.6
85.322204,27.72425,1375.6
85.322143,27.724183,1375.6
85.322097,27.724114,1375.6
85.322051,27.724035,1375.6
85.322015,27.723955,1375.6
85.321984,27.723891,1375.6
85.321943,27.723825,1374.4
85.321892,27.723756,1374.4
85.321841,27.723704,1374.4
85.321784,27.723651,1374.4
85.321738,27.723589,1374.4
85.321692,27.723525,1374.4
85.321612,27.723415,1374.4
85.321533,27.723305,1374.4
85.321487,27.723236,1373.2
85.321452,27.72319,1373.2
85.321421,27.723159,1373.2
85.321375,27.723121,1373.2
85.321329,27.72308,1373.2
85.321288,27.723036,1373.2
85.321236,27.72298,1373.2
85.321206,27.722931,1373.2
85.321175,27.72289,1373.2
85.321144,27.722844,1373.2
85.321108,27.72278,1373.2
85.321078,27.722719,1373.2
85.321021,27.722647,1373.2
85.320955,27.722537,1374.4
85.320878,27.722447,1374.4
85.320837,27.722396,1374.4
85.320791,27.722335,1374.4
85.32076,27.722232,1374.4
85.32073,27.722156,1374.4
85.320689,27.722081,1374.4
85.320632,27.722007,1374.4
85.320581,27.721923,1374.4
85.320525,27.721853,1374.4
85.320474,27.721789,1374.4
85.320417,27.721723,1374.4
85.320356,27.721651,1374.4
85.320315,27.721587,1374.4
85.320253,27.721513,1374.4
85.320197,27.721444,1374.4
85.320146,27.721375,1375.6
85.3201,27.721308,1375.6
85.320054,27.721244,1375.6
85.319997,27.721167,1375.6
85.319946,27.72108,1375.6
85.319895,27.720988,1375.6
85.319849,27.720916,1375.6
85.319803,27.72085,1375.6
85.319762,27.720794,1375.6
85.319731,27.720748,1375.6
85.319665,27.720712,1375.6
85.319593,27.720699,1375.6
85.319537,27.72066,1375.6
85.31948,27.720622,1375.6
85.319444,27.720586,1375.6
85.319373,27.720504,1375.6
85.319337,27.720466,1375.6
85.31926,27.720392,1375.6
85.319219,27.720356,1375.6
85.319137,27.720271,1375.6
85.319091,27.720225,1375.6
85.31904,27.720172,1375.6
85.318994,27.720118,1375.6
85.318938,27.720064,1375.6
85.318892,27.720013,1375.6
85.318845,27.719962,1375.6
85.318799,27.71991,1375.6
85.318758,27.719859,1375.6
85.318702,27.7198,1375.6
85.318651,27.719741,1375.6
85.318605,27.719688,1375.6
85.318559,27.719634,1375.6
85.318513,27.71958,1375.6
85.318456,27.719521,1375.6
85.31839,27.719434,1375.6
85.318328,27.719357,1375.6
85.318277,27.719291,1375.6
85.318236,27.719237,1375.6
85.3182,27.719188,1375.6
85.318159,27.71914,1375.6
85.318124,27.719099,1375.6
85.318052,27.71903,1375.6
85.318026,27.718994,1375.6
85.317934,27.718909,1375.6
85.317862,27.718835,1375.6
85.317816,27.718792,1375.6
85.31778,27.718756,1375.6
85.31774,27.718717,1375.6
85.317678,27.718653,1375.6
85.317627,27.718605,1375.6
85.317576,27.718556,1374.4
85.31753,27.7185,1374.4
85.317468,27.718444,1374.4
85.317407,27.71838,1374.4
85.317361,27.718333,1374.4
85.317315,27.718287,1374.4
85.317268,27.718244,1373.1
85.317233,27.718211,1373.1
85.317192,27.71817,1373.1
85.31714,27.718121,1373.1
85.317069,27.718057,1373.1
85.317033,27.718019,1373.1
85.316946,27.717932,1373.1
85.31691,27.717885,1373.1
85.316864,27.717837,1373.1
85.316803,27.717778,1373.1
85.316751,27.717716,1373.1
85.31669,27.717624,1371.9
85.316613,27.717555,1371.9
85.316526,27.717484,1371.9
85.316454,27.717412,1371.9
85.316383,27.717345,1371.9
85.316321,27.717281,1371.9
85.31627,27.717225,1371.9
85.316224,27.717179,1371.9
85.316183,27.717135,1371.9
85.316147,27.717097,1371.9
85.316106,27.717051,1371.9
85.316065,27.717002,1370.8
85.316055,27.716948,1370.8
85.31604,27.716892,1370.8
85.316035,27.716828,1370.8
85.316024,27.716767,1370.8
85.316009,27.716698,1370.8
85.315994,27.716585,1370.8
85.315978,27.716498,1370.8
85.315958,27.716419,1370.8
85.315942,27.716332,1370.8
85.315912,27.716173,1370.8
85.315901,27.716012,1369.6
85.315886,27.715932,1369.6
85.315871,27.715848,1369.6
85.31585,27.715766,1369.6
85.315835,27.715684,1369.6
85.315809,27.715599,1369.6
85.315794,27.715515,1369.6
85.315773,27.715433,1369.6
85.315758,27.715354,1369.6
85.315732,27.715274,1369.6
85.315717,27.715205,1369.6
85.315707,27.715139,1369.6
85.315697,27.7151,1369.6
85.315681,27.715,1369.6
85.315676,27.714944,1369.6
85.315676,27.71489,1369.6
85.315666,27.714801,1369.6
85.315651,27.714708,1369.6
85.315651,27.714657,1369.6
85.315635,27.714555,1369.6
85.315635,27.714504,1369.6
85.31562,27.714406,1369.6
85.315604,27.714317,1369.6
85.315589,27.71423,1369.6
85.315574,27.71414,1369.6
85.315553,27.714045,1369.6
85.315528,27.713946,1369.6
85.315507,27.713853,1369.6
85.315507,27.713774,1370.8
85.315574,27.713702,1370.8
85.315615,27.713669,1370.8
85.315779,27.713608,1370.8
85.315917,27.71359,1370.8
85.31604,27.713569,1370.8
85.316163,27.713559,1370.8
85.316285,27.713544,1370.8
85.316398,27.713528,1370.8
85.316495,27.71351,1370.8
85.316598,27.71349,1370.8
85.316705,27.713462,1370.8
85.316803,27.713439,1370.8
85.316895,27.713418,1370.8
85.316987,27.713403,1370.8
85.317079,27.71339,1370.8
85.317171,27.713377,1370.8
85.317253,27.713362,1370.8
85.31733,27.713344,1370.8
85.317391,27.713326,1370.8
85.317412,27.713311,1370.8
85.317484,27.713306,1370.8
85.31756,27.713308,1370.8
85.317612,27.713303,1370.8
85.317678,27.713295,1374.4
85.31774,27.713257,1374.4
85.317801,27.713188,1374.4
85.317827,27.713083,1374.4
85.317832,27.713011,1375.6
85.317857,27.712899,1375.6
85.317862,27.712788,1375.6
85.317816,27.712596,1375.6
85.317765,27.712425,1375.6
85.317734,27.71234,1375.6
85.317724,27.712269,1375.6
85.317709,27.712184,1375.6
85.317693,27.7121,1375.6
85.317678,27.712013,1375.6
85.317663,27.711926,1375.6
85.317647,27.711839,1375.6
85.317637,27.711752,1375.6
85.317622,27.711667,1375.6
85.317606,27.711585,1375.6
85.317596,27.711506,1375.6
85.317581,27.711427,1375.6
85.317576,27.71135,1375.6
85.317565,27.711273,1375.6
85.31756,27.711196,1375.6
85.31755,27.711119,1375.6
85.317545,27.711045,1375.6
85.317535,27.710966,1375.6
85.317519,27.710886,1375.6
85.317514,27.710804,1375.6
85.317499,27.710725,1375.6
85.317489,27.710656,1375.6
85.317473,27.710589,1375.6
85.317468,27.710518,1375.6
85.317453,27.710454,1375.6
85.317443,27.710392,1375.6
85.317437,27.710336,1375.6
85.317427,27.71028,1375.6
85.317427,27.710223,1375.6
85.317422,27.71017,1375.6
85.317412,27.710118,1375.6
85.317412,27.710062,1375.6
85.317412,27.710006,1375.6
85.317412,27.709947,1375.6
85.317407,27.709891,1375.6
85.317381,27.709837,1375.6
85.317361,27.709788,1375.6
85.31733,27.709737,1375.6
85.317299,27.709686,1375.6
85.317268,27.709629,1375.6
85.317233,27.709571,1375.6
85.317202,27.709512,1375.6
85.317176,27.709448,1375.6
85.317156,27.709384,1375.6
85.31714,27.709325,1375.6
85.317125,27.709266,1375.6
85.317115,27.709207,1375.6
85.3171,27.709153,1375.6
85.317094,27.7091,1375.6
85.317064,27.708989,1375.6
85.317048,27.708928,1375.6
85.317033,27.708869,1375.6
85.317007,27.708805,1375.6
85.316992,27.708741,1375.6
85.316972,27.708646,1375.6
85.316961,27.708575,1375.6
85.316961,27.7085,1375.6
85.316956,27.708424,1375.6
85.316946,27.708352,1375.6
85.316931,27.70828,1375.6
85.31691,27.708214,1375.6
85.316884,27.708122,1375.6
85.316869,27.708027,1375.6
85.316849,27.707945,1375.6
85.316813,27.707863,1375.6
85.316772,27.707776,1375.6
85.316736,27.707697,1375.6
85.316705,27.707625,1375.6
85.316675,27.707553,1375.6
85.316644,27.707484,1375.6
85.316613,27.707405,1375.6
85.316582,27.70732,1375.6
85.316552,27.707236,1375.6
85.316521,27.707144,1375.6
85.316495,27.707049,1375.6
85.31647,27.706954,1375.6
85.316444,27.706865,1375.6
85.316424,27.706772,1375.6
85.316398,27.706678,1375.6
85.316383,27.706586,1375.6
85.316362,27.706504,1375.6
85.316347,27.706419,1375.6
85.316321,27.70634,1375.6
85.316306,27.706263,1375.6
85.316291,27.706196,1375.6
85.316285,27.706138,1375.6
85.31627,27.706099,1375.6
85.316239,27.706017,1375.6
85.316214,27.70592,1375.6
85.316198,27.705866,1375.6
85.316183,27.705807,1375.6
85.316224,27.705756,1375.6
85.316244,27.705697,1375.6
85.316255,27.705636,1375.6
85.31627,27.705562,1375.6
85.31626,27.70548,1375.6
85.31626,27.705393,1375.6
85.31626,27.7053,1375.6
85.316275,27.705213,1375.6
85.316285,27.705144,1375.6
85.316291,27.705091,1375.6
85.316275,27.70508,1375.6
85.31626,27.704998,1375.6
85.316244,27.704911,1375.6
85.316244,27.704858,1375.6
85.316275,27.704709,1375.6
85.316306,27.704612,1375.6
85.316337,27.704507,1375.6
85.316352,27.704402,1375.6
85.316352,27.704302,1375.6
85.316352,27.70421,1375.6
85.316347,27.704125,1375.6
85.316352,27.704041,1375.6
85.316352,27.703954,1375.6
85.316362,27.703872,1375.6
85.316367,27.703788,1375.6
85.316367,27.7037,1375.6
85.316378,27.703616,1375.6
85.316383,27.703444,1375.6
85.316393,27.703363,1375.6
85.316393,27.703281,1375.6
85.316398,27.703199,1375.6
85.316398,27.703112,1375.6
85.316408,27.703025,1375.6
85.316413,27.702938,1375.6
85.316424,27.702851,1375.6
85.316439,27.702756,1375.6
85.316444,27.702661,1375.6
85.316454,27.702569,1375.6
85.31646,27.702482,1375.6
85.31647,27.702403,1375.6
85.31647,27.702328,1375.6
85.316475,27.702257,1375.6
85.316475,27.702188,1375.6
85.316475,27.702136,1375.6
85.31648,27.702075,1375.6
85.31648,27.702016,1375.6
85.31649,27.701952,1375.6
85.31649,27.701891,1375.6
85.316495,27.701827,1375.6
85.316495,27.701752,1375.6
85.316495,27.701678,1375.6
85.316495,27.701588,1375.6
85.316506,27.701468,1375.6
85.316506,27.701379,1375.6
85.316511,27.701304,1375.6
85.316511,27.701248,1375.6
85.316526,27.701192,1375.6
85.316526,27.701117,1375.6
85.316536,27.701053,1375.6
85.316541,27.700982,1375.6
85.316552,27.700905,1375.6
85.316557,27.700826,1375.6
85.316567,27.700741,1375.6
85.316567,27.700667,1375.6
85.316567,27.700603,1375.6
85.316572,27.700541,1375.6
85.316572,27.70048,1375.6
85.316582,27.700396,1375.6
85.316582,27.700326,1375.6
85.316588,27.70027,1375.6
85.316588,27.700229,1375.6
85.316598,27.70017,1375.6
85.316603,27.700109,1375.6
85.316613,27.70004,1375.6
85.316618,27.699948,1375.6
85.316628,27.699853,1375.6
85.316736,27.699763,1375.6
85.316787,27.699725,1375.6
85.316849,27.699689,1375.6
85.31691,27.699653,1375.6
85.316972,27.699622,1375.6
85.317038,27.699587,1375.6
85.3171,27.699548,1375.6
85.317171,27.699515,1375.6
85.317233,27.699482,1375.6
85.317289,27.699456,1375.6
85.317345,27.69943,1375.6
85.317407,27.699407,1375.6
85.317453,27.699387,1375.6
85.317504,27.699359,1375.6
85.317596,27.69932,1374.3
85.317658,27.699295,1374.3
85.317734,27.699261,1374.3
85.317965,27.69921,1374.3
85.318093,27.699174,1374.3
85.318216,27.699146,1374.3
85.318328,27.699126,1374.3
85.318436,27.699105,1374.3
85.318548,27.699085,1374.3
85.318666,27.699064,1374.3
85.318779,27.699044,1374.3
85.318892,27.699023,1374.3
85.319009,27.698995,1374.3
85.319132,27.69897,1374.3
85.31925,27.698947,1374.3
85.319373,27.698924,1374.3
85.319506,27.6989,1374.3
85.319624,27.69888,1374.3
85.319747,27.69886,1374.3
85.319864,27.698836,1373.1
85.319977,27.698819,1373.1
85.32009,27.698798,1373.1
85.320197,27.698775,1373.1
85.320402,27.698739,1373.1
85.320504,27.698719,1373.1
85.320596,27.698701,1373.1
85.320689,27.698685,1373.1
85.320771,27.69867,1373.1
85.320837,27.698655,1373.1
85.320899,27.698642,1371.8
85.32094,27.698632,1371.8
85.321016,27.698611,1371.8
85.321062,27.698598,1371.8
85.32116,27.698591,1370.7
85.321226,27.698573,1370.7
85.321318,27.69855,1370.7
85.321411,27.698524,1370.7
85.321498,27.698486,1370.7
85.321549,27.698432,1370.7
85.321585,27.698373,1370.7
85.3216,27.698312,1369.5
85.321595,27.698245,1369.5
85.32158,27.698163,1369.5
85.321554,27.698058,1369.5
85.321539,27.698002,1369.5
85.321523,27.697946,1369.5
85.321508,27.697887,1369.5
85.321503,27.69782,1369.5
85.321487,27.697756,1369.5
85.321472,27.69769,1369.5
85.321457,27.697623,1369.5
85.321441,27.697556,1369.5
85.321426,27.697485,1369.5
85.321411,27.697416,1369.5
85.32139,27.697347,1368.3
85.321364,27.697257,1368.3
85.321334,27.697172,1368.3
85.321298,27.697091,1368.3
85.321283,27.697016,1368.3
85.321257,27.696934,1368.3
85.321242,27.69686,1368.3
85.321226,27.696783,1368.3
85.321211,27.696704,1368.3
85.321196,27.696627,1368.3
85.32118,27.696556,1368.3
85.321165,27.696486,1368.3
85.321149,27.696407,1368.3
85.321134,27.69633,1368.3
85.321119,27.696259,1368.3
85.321098,27.696172,1368.3
85.321078,27.696082,1368.3
85.321052,27.69599,1368.3
85.321032,27.695895,1368.3
85.321001,27.695798,1368.3
85.320986,27.695703,1368.3
85.32096,27.695619,1368.3
85.320945,27.695537,1368.3
85.320929,27.695462,1368.3
85.320914,27.695391,1368.3
85.320899,27.695319,1368.3
85.320878,27.695232,1367
85.320868,27.695165,1367
85.320852,27.695101,1367
85.320837,27.695032,1367
85.320832,27.694963,1367
85.320817,27.694899,1367
85.320801,27.694835,1367
85.320791,27.694779,1367
85.320776,27.694728,1367
85.320755,27.694636,1367
85.320724,27.694538,1367
85.320689,27.694444,1367
85.320663,27.694387,1367
85.320632,27.694336,1367
85.320586,27.69429,1367
85.32054,27.694257,1367
85.320504,27.694228,1367
85.320412,27.6942,1367
85.32032,27.6942,1367
85.320212,27.694223,1367
85.320146,27.694241,1367
85.320084,27.694259,1367
85.319951,27.6943,1367
85.319839,27.694331,1367
85.319731,27.694339,1367
85.31968,27.694331,1367
85.319578,27.694285,1367
85.319537,27.694252,1365.8
85.31948,27.694216,1365.8
85.319434,27.694172,1365.8
85.319388,27.694126,1365.8
85.319352,27.694072,1365.8
85.319311,27.694024,1365.8
85.319265,27.69397,1365.8
85.319235,27.693888,1365.8
85.319188,27.693816,1365.8
85.319148,27.693747,1365.8
85.319101,27.693686,1365.8
85.319055,27.693629,1365.8
85.319025,27.693576,1365.8
85.318979,27.693524,1365.8
85.318948,27.693473,1365.8
85.318917,27.693432,1365.8
85.318886,27.693373,1365.8
85.318861,27.693338,1365.8
85.318871,27.693292,1365.8
85.318922,27.693245,1365.8
85.318979,27.693194,1365.8
85.31903,27.693166,1365.8
85.319086,27.693128,1365.8
85.319148,27.693082,1365.8
85.319199,27.693051,1365.8
85.319245,27.693023,1365.8
85.319265,27.693023,1364.7
85.319178,27.693048,1364.7
85.319137,27.693076,1364.7
85.319117,27.693094,1364.7
85.319163,27.693043,1342.2
85.319235,27.693007,1345.4
</coordinates>
</LineString>
</Placemark>
</Folder>
</Document>
</kml>
