<?xml version="1.0" encoding="UTF-8"?>
<kml xmlns="http://www.opengis.net/kml/2.2">
<Document>
<name>WNW_53.Nagarkot Dhulikhel Panauti</name>
<description/>
<Style id="icon-1899-DB4436-nodesc-normal">
<IconStyle>
<color>ff3644db</color>
<scale>1</scale>
<Icon>
<href>https://www.gstatic.com/mapspro/images/stock/503-wht-blank_maps.png</href>
</Icon>
<hotSpot x="32" xunits="pixels" y="64" yunits="insetPixels"/>
</IconStyle>
<LabelStyle>
<scale>0</scale>
</LabelStyle>
<BalloonStyle>
<text><![CDATA[<h3>$[name]</h3>]]></text>
</BalloonStyle>
</Style>
<Style id="icon-1899-DB4436-nodesc-highlight">
<IconStyle>
<color>ff3644db</color>
<scale>1</scale>
<Icon>
<href>https://www.gstatic.com/mapspro/images/stock/503-wht-blank_maps.png</href>
</Icon>
<hotSpot x="32" xunits="pixels" y="64" yunits="insetPixels"/>
</IconStyle>
<LabelStyle>
<scale>1</scale>
</LabelStyle>
<BalloonStyle>
<text><![CDATA[<h3>$[name]</h3>]]></text>
</BalloonStyle>
</Style>
<StyleMap id="icon-1899-DB4436-nodesc">
<Pair>
<key>normal</key>
<styleUrl>#icon-1899-DB4436-nodesc-normal</styleUrl>
</Pair>
<Pair>
<key>highlight</key>
<styleUrl>#icon-1899-DB4436-nodesc-highlight</styleUrl>
</Pair>
</StyleMap>
<Style id="line-0000FF-2000-nodesc-normal">
<LineStyle>
<color>ffff0000</color>
<width>2</width>
</LineStyle>
<BalloonStyle>
<text><![CDATA[<h3>$[name]</h3>]]></text>
</BalloonStyle>
</Style>
<Style id="line-0000FF-2000-nodesc-highlight">
<LineStyle>
<color>ffff0000</color>
<width>3</width>
</LineStyle>
<BalloonStyle>
<text><![CDATA[<h3>$[name]</h3>]]></text>
</BalloonStyle>
</Style>
<StyleMap id="line-0000FF-2000-nodesc">
<Pair>
<key>normal</key>
<styleUrl>#line-0000FF-2000-nodesc-normal</styleUrl>
</Pair>
<Pair>
<key>highlight</key>
<styleUrl>#line-0000FF-2000-nodesc-highlight</styleUrl>
</Pair>
</StyleMap>
<Style id="line-F0F000-2000-nodesc-normal">
<LineStyle>
<color>ff00f0f0</color>
<width>2</width>
</LineStyle>
<BalloonStyle>
<text><![CDATA[<h3>$[name]</h3>]]></text>
</BalloonStyle>
</Style>
<Style id="line-F0F000-2000-nodesc-highlight">
<LineStyle>
<color>ff00f0f0</color>
<width>3</width>
</LineStyle>
<BalloonStyle>
<text><![CDATA[<h3>$[name]</h3>]]></text>
</BalloonStyle>
</Style>
<StyleMap id="line-F0F000-2000-nodesc">
<Pair>
<key>normal</key>
<styleUrl>#line-F0F000-2000-nodesc-normal</styleUrl>
</Pair>
<Pair>
<key>highlight</key>
<styleUrl>#line-F0F000-2000-nodesc-highlight</styleUrl>
</Pair>
</StyleMap>
<Style id="line-FF0000-2000-nodesc-normal">
<LineStyle>
<color>ff0000ff</color>
<width>2</width>
</LineStyle>
<BalloonStyle>
<text><![CDATA[<h3>$[name]</h3>]]></text>
</BalloonStyle>
</Style>
<Style id="line-FF0000-2000-nodesc-highlight">
<LineStyle>
<color>ff0000ff</color>
<width>3</width>
</LineStyle>
<BalloonStyle>
<text><![CDATA[<h3>$[name]</h3>]]></text>
</BalloonStyle>
</Style>
<StyleMap id="line-FF0000-2000-nodesc">
<Pair>
<key>normal</key>
<styleUrl>#line-FF0000-2000-nodesc-normal</styleUrl>
</Pair>
<Pair>
<key>highlight</key>
<styleUrl>#line-FF0000-2000-nodesc-highlight</styleUrl>
</Pair>
</StyleMap>
<Folder>
<name>Points</name>
<Placemark>
<name>Km18</name>
<styleUrl>#icon-1899-DB4436-nodesc</styleUrl>
<Point>
<coordinates>
85.56801,27.610495,0
</coordinates>
</Point>
</Placemark>
<Placemark>
<name>Basuki Nag Temple</name>
<styleUrl>#icon-1899-DB4436-nodesc</styleUrl>
<Point>
<coordinates>
85.534444,27.679255,0
</coordinates>
</Point>
</Placemark>
<Placemark>
<name>Km28</name>
<styleUrl>#icon-1899-DB4436-nodesc</styleUrl>
<Point>
<coordinates>
85.513462,27.587601,0
</coordinates>
</Point>
</Placemark>
<Placemark>
<name>Km22</name>
<styleUrl>#icon-1899-DB4436-nodesc</styleUrl>
<Point>
<coordinates>
85.551348,27.600934,0
</coordinates>
</Point>
</Placemark>
<Placemark>
<name>Km13</name>
<styleUrl>#icon-1899-DB4436-nodesc</styleUrl>
<Point>
<coordinates>
85.542739,27.631904,0
</coordinates>
</Point>
</Placemark>
<Placemark>
<name>Tanchok View Towet</name>
<styleUrl>#icon-1899-DB4436-nodesc</styleUrl>
<Point>
<coordinates>
85.540718,27.658465,0
</coordinates>
</Point>
</Placemark>
<Placemark>
<name>Gosaithan View Tower</name>
<styleUrl>#icon-1899-DB4436-nodesc</styleUrl>
<Point>
<coordinates>
85.540795,27.63397,0
</coordinates>
</Point>
</Placemark>
<Placemark>
<name>Km08</name>
<styleUrl>#icon-1899-DB4436-nodesc</styleUrl>
<Point>
<coordinates>
85.541541,27.661156,0
</coordinates>
</Point>
</Placemark>
<Placemark>
<name>Km09</name>
<styleUrl>#icon-1899-DB4436-nodesc</styleUrl>
<Point>
<coordinates>
85.542284,27.65368,0
</coordinates>
</Point>
</Placemark>
<Placemark>
<name>Km07</name>
<styleUrl>#icon-1899-DB4436-nodesc</styleUrl>
<Point>
<coordinates>
85.53995,27.668863,0
</coordinates>
</Point>
</Placemark>
<Placemark>
<name>Kashi Bhanjyang</name>
<styleUrl>#icon-1899-DB4436-nodesc</styleUrl>
<Point>
<coordinates>
85.540747,27.667753,0
</coordinates>
</Point>
</Placemark>
<Placemark>
<name>Km00</name>
<styleUrl>#icon-1899-DB4436-nodesc</styleUrl>
<Point>
<coordinates>
85.52041,27.693025,0
</coordinates>
</Point>
</Placemark>
<Placemark>
<name>Km11</name>
<styleUrl>#icon-1899-DB4436-nodesc</styleUrl>
<Point>
<coordinates>
85.540884,27.642609,0
</coordinates>
</Point>
</Placemark>
<Placemark>
<name>Chuchche Dhunga picnic spot</name>
<styleUrl>#icon-1899-DB4436-nodesc</styleUrl>
<Point>
<coordinates>
85.569165,27.610725,0
</coordinates>
</Point>
</Placemark>
<Placemark>
<name>Km27</name>
<styleUrl>#icon-1899-DB4436-nodesc</styleUrl>
<Point>
<coordinates>
85.518962,27.586708,0
</coordinates>
</Point>
</Placemark>
<Placemark>
<name>View Point</name>
<styleUrl>#icon-1899-DB4436-nodesc</styleUrl>
<Point>
<coordinates>
85.539293,27.591512,0
</coordinates>
</Point>
</Placemark>
<Placemark>
<name>Nagarkot View Tower</name>
<styleUrl>#icon-1899-DB4436-nodesc</styleUrl>
<Point>
<coordinates>
85.5204,27.693047,0
</coordinates>
</Point>
</Placemark>
<Placemark>
<name>Gorakhnath temple</name>
<styleUrl>#icon-1899-DB4436-nodesc</styleUrl>
<Point>
<coordinates>
85.519595,27.586837,0
</coordinates>
</Point>
</Placemark>
<Placemark>
<name>Tower</name>
<styleUrl>#icon-1899-DB4436-nodesc</styleUrl>
<Point>
<coordinates>
85.541796,27.652916,0
</coordinates>
</Point>
</Placemark>
<Placemark>
<name>Panauti border</name>
<styleUrl>#icon-1899-DB4436-nodesc</styleUrl>
<Point>
<coordinates>
85.552173,27.601324,0
</coordinates>
</Point>
</Placemark>
<Placemark>
<name>Kakare Dada</name>
<styleUrl>#icon-1899-DB4436-nodesc</styleUrl>
<Point>
<coordinates>
85.544153,27.64491,0
</coordinates>
</Point>
</Placemark>
<Placemark>
<name>Km05</name>
<styleUrl>#icon-1899-DB4436-nodesc</styleUrl>
<Point>
<coordinates>
85.535477,27.679872,0
</coordinates>
</Point>
</Placemark>
</Folder>
<Folder>
<name>LineStrings</name>
<Placemark>
<name/>
<styleUrl>#line-0000FF-2000-nodesc</styleUrl>
<LineString>
<tessellate>1</tessellate>
<coordinates>
85.544048,27.645037,1689
85.544046,27.645041,1689
85.54404,27.645041,1689
85.544031,27.645045,1689
85.544027,27.645047,1689
85.544016,27.645053,1689
85.544003,27.64506,1689
85.543988,27.645067,1689
85.543973,27.645074,1689
85.543956,27.645081,1689
85.54394,27.645088,1689
85.543923,27.645095,1689
85.543905,27.645102,1689
85.54389,27.645108,1689
85.543875,27.645114,1689
85.543862,27.645118,1689
85.543849,27.645121,1689
85.543835,27.645125,1689
85.543822,27.645131,1689
85.54381,27.645137,1689
85.543799,27.645143,1689
85.543788,27.64515,1689
85.543778,27.645156,1689
85.543767,27.645162,1689
85.543754,27.645166,1689
85.543741,27.645171,1689
85.543727,27.645175,1689
85.543713,27.645178,1689
85.5437,27.645181,1689
85.543686,27.645183,1689
85.543673,27.645185,1689
85.54366,27.645186,1689
85.543647,27.645188,1689
85.543635,27.645188,1683
85.543624,27.645188,1683
85.543614,27.645186,1683
85.543603,27.645184,1683
85.543592,27.64518,1683
85.543581,27.645176,1683
85.543569,27.645172,1682
85.543558,27.645168,1682
85.543549,27.645164,1682
85.54354,27.64516,1682
85.543532,27.645155,1682
85.543523,27.645147,1681
85.543514,27.645139,1681
85.543504,27.645131,1681
85.543494,27.645123,1681
85.543485,27.645115,1681
85.543477,27.645106,1680
85.543467,27.645097,1680
85.543455,27.645089,1680
85.54344,27.645083,1680
85.543426,27.645078,1680
85.543414,27.645073,1679
85.543402,27.645066,1679
85.543389,27.645061,1679
85.543376,27.645056,1679
85.543364,27.645051,1679
85.543351,27.645047,1679
85.543339,27.645042,1678
85.543326,27.645038,1678
85.543314,27.645032,1678
85.543301,27.645028,1678
85.543286,27.645025,1678
85.543271,27.645022,1678
85.543257,27.645019,1678
85.543242,27.645017,1678
85.543228,27.645014,1677
85.543214,27.645012,1677
85.543198,27.64501,1677
85.543182,27.645009,1677
85.543166,27.645009,1677
85.54315,27.645008,1677
85.543136,27.645006,1677
85.543122,27.645003,1677
85.543108,27.645001,1677
85.543096,27.644996,1677
85.543085,27.644993,1677
85.543076,27.644988,1677
85.543068,27.644983,1677
85.543059,27.644977,1677
85.543049,27.644969,1677
85.543041,27.64496,1676
85.543032,27.644952,1676
85.543024,27.644945,1676
85.543015,27.644938,1676
85.543009,27.644933,1676
85.543002,27.644927,1676
85.542995,27.64492,1676
85.542989,27.644913,1676
85.542982,27.644904,1676
85.542973,27.644892,1676
85.542964,27.644879,1676
85.542954,27.644868,1676
85.542946,27.644858,1675
85.542938,27.644849,1675
85.54293,27.644839,1675
85.542924,27.644831,1675
85.542917,27.644824,1675
85.542908,27.644818,1675
85.542899,27.644812,1675
85.542889,27.644804,1675
85.542879,27.644795,1675
85.542871,27.644787,1675
85.542862,27.644779,1674
85.542853,27.644772,1674
85.542841,27.644766,1674
85.542829,27.64476,1674
85.542815,27.644753,1674
85.542801,27.644746,1674
85.542788,27.64474,1674
85.542775,27.644735,1674
85.542761,27.64473,1673
85.542747,27.644727,1673
85.542732,27.644725,1673
85.542719,27.644724,1673
85.542706,27.64472,1673
85.542695,27.644717,1673
85.542683,27.644715,1673
85.542669,27.644712,1672
85.542656,27.644709,1672
85.542644,27.644706,1672
85.542631,27.644704,1672
85.542619,27.644702,1672
85.542606,27.644699,1672
85.542592,27.644697,1671
85.542579,27.644693,1671
85.542565,27.644689,1671
85.542551,27.644685,1671
85.542536,27.644681,1671
85.542523,27.644679,1671
85.54251,27.644678,1671
85.542496,27.644679,1671
85.542482,27.64468,1671
85.542465,27.644681,1671
85.542449,27.644683,1671
85.542436,27.644687,1670
85.542425,27.644691,1670
85.542414,27.644695,1670
85.542402,27.644697,1670
85.54239,27.644702,1670
85.542378,27.644706,1670
85.542366,27.644711,1670
85.542355,27.644715,1670
85.542343,27.644721,1669
85.542331,27.644729,1669
85.54232,27.644736,1669
85.54231,27.644743,1669
85.542298,27.644748,1669
85.542284,27.644751,1669
85.542271,27.644754,1669
85.542258,27.644755,1669
85.542247,27.644756,1669
85.542236,27.644757,1669
85.542224,27.644757,1669
85.542212,27.644756,1669
85.542201,27.644755,1669
85.542191,27.644751,1669
85.542179,27.644746,1669
85.542167,27.64474,1669
85.542154,27.644733,1669
85.542141,27.644727,1669
85.542128,27.64472,1669
85.542115,27.644713,1669
85.542103,27.644705,1669
85.54209,27.644697,1669
85.542077,27.644689,1669
85.542062,27.644682,1669
85.542048,27.644677,1669
85.542032,27.644671,1669
85.542017,27.644665,1669
85.542002,27.644657,1669
85.541989,27.644652,1669
85.541977,27.644648,1669
85.541964,27.644646,1669
85.541951,27.644645,1669
85.541938,27.644643,1669
85.541925,27.644641,1669
85.541914,27.64464,1669
85.541901,27.644639,1669
85.541889,27.644639,1669
85.541877,27.644639,1669
85.541866,27.644639,1669
85.541854,27.644638,1669
85.541843,27.644637,1669
85.541832,27.644635,1667
85.541822,27.644631,1667
85.541813,27.644627,1667
85.541804,27.644622,1667
85.541795,27.644617,1667
85.541785,27.64461,1667
85.541773,27.644603,1666
85.541762,27.644595,1666
85.541751,27.644587,1666
85.541739,27.644579,1666
85.541726,27.644572,1666
85.541712,27.644564,1666
85.5417,27.644557,1666
85.541688,27.644549,1665
85.541675,27.644542,1665
85.541663,27.644536,1665
85.54165,27.644529,1665
85.541637,27.644522,1665
85.541626,27.644515,1664
85.541614,27.644508,1664
85.541602,27.644499,1664
85.541588,27.64449,1664
85.541575,27.644482,1664
85.541561,27.644472,1663
85.541548,27.644463,1663
85.541536,27.644453,1663
85.541523,27.644444,1663
85.541512,27.644435,1663
85.541502,27.644425,1662
85.541492,27.644416,1662
85.541485,27.644406,1661
85.541479,27.644395,1661
85.541474,27.644382,1661
85.541469,27.644369,1661
85.541465,27.644357,1661
85.541462,27.644346,1660
85.541461,27.644335,1660
85.541462,27.644324,1660
85.54146,27.644314,1660
85.541458,27.644304,1660
85.541459,27.644293,1659
85.541462,27.644282,1659
85.541465,27.64427,1659
85.541467,27.644259,1659
85.54147,27.644248,1659
85.541473,27.644238,1658
85.541474,27.644228,1658
85.541476,27.644217,1658
85.541478,27.644206,1658
85.541478,27.644194,1658
85.541477,27.644183,1657
85.541475,27.644173,1657
85.541473,27.644163,1657
85.541471,27.644152,1657
85.54147,27.644141,1657
85.54147,27.644129,1656
85.541471,27.644116,1656
85.541472,27.644103,1656
85.541471,27.644091,1656
85.541469,27.644079,1655
85.541465,27.644067,1655
85.541458,27.644057,1655
85.541452,27.644048,1655
85.541446,27.644039,1654
85.541442,27.644029,1654
85.54144,27.644018,1654
85.54144,27.644005,1654
85.541439,27.643993,1653
85.541436,27.643982,1653
85.541428,27.643972,1653
85.541419,27.643965,1653
85.541409,27.643957,1653
85.541399,27.643949,1653
85.541391,27.64394,1652
85.541387,27.64393,1652
85.541386,27.643921,1652
85.541386,27.643911,1652
85.541389,27.6439,1651
85.541393,27.643889,1651
85.541396,27.643877,1651
85.541397,27.643863,1651
85.541396,27.643851,1651
85.541393,27.643839,1650
85.541389,27.643828,1650
85.541387,27.643816,1650
85.541387,27.643805,1650
85.54139,27.643795,1650
85.541394,27.643785,1649
85.5414,27.643774,1649
85.541404,27.643762,1649
85.541406,27.643749,1649
85.541406,27.643737,1649
85.541408,27.643726,1648
85.541408,27.643715,1648
85.54141,27.643706,1648
85.54141,27.643696,1648
85.541409,27.643686,1648
85.541407,27.643676,1648
85.541404,27.643664,1647
85.541399,27.643653,1647
85.541395,27.643642,1647
85.541391,27.643628,1646
85.541386,27.643614,1646
85.54138,27.6436,1646
85.541373,27.643585,1646
85.541366,27.64357,1646
85.54136,27.643554,1646
85.541356,27.643539,1645
85.541352,27.643524,1645
85.541349,27.643511,1645
85.541344,27.6435,1645
85.541335,27.643486,1645
85.541326,27.643474,1645
85.541317,27.643462,1644
85.541308,27.64345,1644
85.541301,27.643437,1644
85.541293,27.643424,1644
85.541285,27.643412,1643
85.541276,27.643402,1643
85.541267,27.64339,1643
85.541259,27.643378,1643
85.541253,27.643366,1643
85.541247,27.643354,1643
85.541243,27.643343,1642
85.54124,27.643333,1642
85.541236,27.643323,1642
85.541231,27.643313,1642
85.541225,27.643302,1642
85.541219,27.643291,1642
85.541213,27.643279,1642
85.541206,27.643269,1642
85.541199,27.643258,1642
85.541191,27.643248,1642
85.541184,27.643237,1642
85.541177,27.643228,1642
85.541169,27.643218,1642
85.541162,27.643208,1641
85.541156,27.643197,1641
85.541151,27.643185,1641
85.541146,27.643173,1641
85.541143,27.643158,1641
85.541141,27.643142,1641
85.54114,27.643127,1641
85.54114,27.643111,1641
85.541138,27.643096,1641
85.541137,27.643081,1641
85.541133,27.643066,1641
85.541127,27.643053,1641
85.541119,27.64304,1641
85.541111,27.643028,1641
85.541102,27.643013,1641
85.541096,27.642998,1641
85.541092,27.642984,1641
85.541089,27.64297,1641
85.541084,27.642958,1641
85.541078,27.642945,1641
85.541071,27.642933,1641
85.541063,27.642922,1641
85.541055,27.642912,1641
85.541048,27.642903,1642
85.541042,27.642892,1642
85.541034,27.642883,1642
85.541028,27.642875,1642
85.541021,27.642869,1642
85.541016,27.642864,1642
85.541011,27.642859,1642
85.541007,27.642854,1642
85.541003,27.642848,1643
85.540998,27.64284,1643
85.540992,27.642832,1643
85.540984,27.642822,1643
85.540977,27.642813,1643
85.54097,27.642806,1643
85.540963,27.642799,1643
85.540956,27.642794,1643
85.54095,27.642788,1644
85.540943,27.64278,1644
85.540937,27.642771,1644
85.540929,27.642762,1644
85.54092,27.642752,1644
85.540912,27.642743,1644
85.540903,27.642732,1644
85.540894,27.64272,1644
85.540883,27.64271,1644
85.540872,27.642699,1644
85.540862,27.642689,1644
85.540853,27.642681,1644
85.540845,27.642676,1644
85.540838,27.642675,1644
85.540834,27.642677,1644
85.540833,27.642681,1644
85.540833,27.642684,1644
85.540834,27.642686,1644
85.540835,27.642686,1645
85.540896,27.64262,1645
85.540895,27.642619,1645
85.540893,27.64262,1645
85.540892,27.642616,1645
85.540891,27.642611,1645
85.540891,27.642598,1645
85.540891,27.642599,1645
85.540889,27.642602,1645
85.540884,27.642609,1645
85.540877,27.642621,1645
85.540874,27.642628,1645
85.540872,27.642632,1645
85.54087,27.642635,1645
85.540864,27.642652,1645
85.540865,27.642653,1645
85.540866,27.642657,1645
85.540868,27.642653,1645
85.540869,27.642651,1645
85.540867,27.642647,1645
85.540866,27.642643,1645
85.540863,27.642641,1645
85.540861,27.642636,1645
85.540861,27.642629,1645
85.540861,27.642615,1645
85.540861,27.642596,1645
85.54086,27.642574,1645
85.54086,27.642557,1645
85.540863,27.642544,1645
85.540863,27.64254,1645
85.540858,27.642538,1645
85.540857,27.642539,1645
85.540861,27.642539,1645
85.540867,27.642539,1645
85.540876,27.642541,1645
85.540886,27.64254,1645
85.540896,27.642536,1645
85.540901,27.642534,1645
85.540906,27.642529,1645
85.54091,27.642526,1645
85.540914,27.642523,1645
85.540929,27.642507,1645
85.540931,27.642504,1645
85.540932,27.642493,1645
85.54093,27.642487,1645
85.540929,27.642484,1645
85.540929,27.642485,1645
85.540928,27.64249,1645
85.540929,27.642492,1645
85.540927,27.642496,1645
85.540926,27.642498,1645
85.540919,27.6425,1645
85.540921,27.642494,1645
85.540914,27.642492,1645
85.540915,27.64249,1645
85.540913,27.642492,1645
85.54091,27.642494,1645
85.540903,27.642515,1645
85.540896,27.64253,1645
85.540892,27.642541,1645
85.540889,27.642551,1645
85.540886,27.64257,1645
85.540879,27.642597,1645
85.540869,27.642623,1645
85.540859,27.642642,1645
85.540851,27.642656,1645
85.540847,27.642663,1645
85.540844,27.642666,1645
85.540842,27.642669,1645
85.540842,27.642671,1645
85.540844,27.642674,1645
85.540848,27.642674,1645
85.540847,27.642672,1645
85.540846,27.642672,1645
85.540853,27.642654,1645
85.540854,27.642652,1645
85.540857,27.642649,1645
85.540861,27.642644,1645
85.540865,27.642639,1645
85.540869,27.642634,1645
85.54087,27.642633,1645
85.540879,27.642625,1645
85.540876,27.642627,1645
85.540871,27.642629,1645
85.54087,27.642629,1645
85.540871,27.642629,1645
85.540873,27.64263,1645
85.540873,27.642631,1645
85.540878,27.642639,1645
85.540877,27.642639,1645
85.540876,27.642642,1645
85.540879,27.642642,1645
85.54088,27.642643,1645
85.540881,27.642645,1645
85.540883,27.642648,1645
85.540885,27.642652,1645
85.540886,27.642657,1645
85.54089,27.642659,1645
85.540895,27.642659,1645
85.5409,27.642659,1645
85.540901,27.642664,1645
85.540902,27.64267,1645
85.540899,27.642676,1645
85.540896,27.642682,1645
85.540895,27.642684,1645
85.540889,27.642694,1645
85.54089,27.642695,1645
85.540891,27.642699,1645
85.540892,27.642705,1645
85.540892,27.64271,1645
85.540891,27.642716,1645
85.54089,27.642722,1645
85.54089,27.642726,1645
85.540889,27.642731,1645
85.540888,27.642736,1645
85.540887,27.642741,1645
85.540885,27.642747,1645
85.540885,27.642749,1645
85.540885,27.642753,1645
85.540886,27.642756,1645
85.540888,27.642756,1645
85.540898,27.642754,1645
85.540898,27.642755,1645
85.540896,27.642758,1645
85.540893,27.642761,1645
85.54089,27.642765,1645
85.540888,27.642768,1645
85.540886,27.642772,1645
85.540885,27.642772,1645
85.540883,27.642771,1645
85.540883,27.642766,1645
85.540882,27.642763,1645
85.54088,27.64276,1645
85.540878,27.642758,1645
85.540874,27.64276,1645
85.540865,27.64277,1645
85.540862,27.642774,1645
85.540858,27.64278,1645
85.540854,27.642786,1645
85.540848,27.642795,1645
85.540848,27.64279,1645
85.540847,27.642789,1645
85.540846,27.642788,1645
85.540844,27.642787,1645
85.540841,27.642785,1645
85.54084,27.642784,1645
85.540841,27.642777,1645
85.540844,27.642771,1645
85.540845,27.642767,1645
85.540845,27.642763,1645
85.540845,27.642759,1645
85.540844,27.642757,1645
85.540838,27.642759,1645
85.540837,27.642759,1645
85.540838,27.64276,1645
85.54084,27.642758,1645
85.540842,27.642757,1645
85.540848,27.642761,1645
85.540847,27.64276,1645
85.540846,27.64276,1645
85.540841,27.642762,1645
85.54084,27.642767,1645
85.540837,27.642775,1645
85.540834,27.642779,1645
85.540833,27.642777,1645
85.540835,27.642771,1645
85.540838,27.642763,1645
85.540842,27.642758,1645
85.540844,27.642752,1645
85.540846,27.642747,1645
85.540848,27.642741,1645
85.540852,27.64273,1645
85.540856,27.642718,1645
85.540859,27.642706,1645
85.54086,27.6427,1645
85.540858,27.642697,1645
85.540857,27.642697,1645
85.540854,27.642696,1645
85.540852,27.642698,1645
85.54085,27.6427,1645
85.540849,27.642702,1645
85.540851,27.642701,1645
85.540854,27.642695,1645
85.540857,27.642689,1645
85.54086,27.642682,1645
85.540872,27.642659,1645
85.540869,27.642658,1645
85.540867,27.642657,1645
85.540865,27.642655,1645
85.54086,27.642644,1645
85.540859,27.642643,1645
85.540858,27.642642,1645
85.540858,27.642638,1645
85.54086,27.64263,1645
85.540862,27.642621,1645
85.540864,27.642614,1645
85.540865,27.642608,1645
85.54087,27.642604,1645
85.54087,27.642607,1645
85.540869,27.642612,1645
85.540867,27.642619,1645
85.540863,27.642623,1645
85.54086,27.642628,1645
85.540855,27.642633,1645
85.540852,27.642638,1645
85.540852,27.64264,1645
85.54085,27.642643,1645
85.54085,27.64264,1645
85.540849,27.642635,1645
85.540849,27.642631,1645
85.540851,27.642629,1645
85.540854,27.642629,1645
85.540856,27.642632,1645
85.54086,27.642637,1645
85.540862,27.642647,1645
85.540866,27.642654,1645
85.540873,27.642655,1645
85.540877,27.642655,1645
85.540882,27.642653,1645
85.540884,27.642652,1645
85.540886,27.64265,1645
85.54089,27.642644,1645
85.540894,27.642637,1645
85.540896,27.64263,1645
85.540898,27.642626,1645
85.540899,27.642626,1645
85.540901,27.642626,1645
85.540903,27.642628,1645
85.540904,27.642636,1645
85.540905,27.642644,1645
85.540904,27.642651,1645
85.540903,27.642661,1645
85.540904,27.64266,1645
85.540904,27.642658,1645
85.540903,27.642657,1645
85.540901,27.642655,1645
85.540899,27.642652,1645
85.540893,27.642644,1645
85.540892,27.642645,1645
85.540893,27.642646,1645
85.540892,27.642649,1645
85.540889,27.642651,1645
85.540886,27.642652,1645
85.540882,27.642653,1645
85.540884,27.642657,1645
85.540897,27.642663,1645
85.540895,27.642659,1645
85.540894,27.642659,1645
85.540892,27.642659,1645
85.540883,27.642661,1645
85.540882,27.642662,1645
85.540883,27.642661,1645
85.540882,27.642664,1645
85.540881,27.642665,1645
85.54088,27.642667,1645
85.540879,27.64267,1645
85.540876,27.642673,1645
85.540874,27.642677,1645
85.540872,27.64268,1645
85.540872,27.642682,1645
85.540871,27.642685,1645
85.540868,27.64269,1645
85.540864,27.642696,1645
85.540854,27.642713,1645
85.540853,27.642714,1645
85.540855,27.642712,1645
85.540857,27.64271,1645
85.54086,27.642709,1645
85.540863,27.642707,1645
85.540867,27.642704,1645
85.540872,27.642704,1645
85.540871,27.642706,1645
85.540868,27.642711,1645
85.540866,27.642717,1645
85.540866,27.642725,1645
85.540868,27.64273,1645
85.540874,27.642744,1645
85.540875,27.64274,1645
85.540879,27.642732,1645
85.540889,27.642706,1645
85.540888,27.642707,1645
85.540887,27.642709,1645
85.540884,27.642714,1645
85.540883,27.642715,1645
85.540882,27.642715,1645
85.54088,27.642718,1645
85.540879,27.64272,1645
85.540878,27.642723,1645
85.540877,27.642726,1645
85.540876,27.64273,1645
85.540872,27.642731,1645
85.540871,27.642733,1645
85.540862,27.642748,1645
85.540857,27.642743,1645
85.540855,27.642739,1645
85.540852,27.642738,1645
85.54085,27.642731,1645
85.540849,27.642728,1645
85.540848,27.642727,1645
85.540847,27.642718,1645
85.540849,27.642709,1645
85.540851,27.642707,1645
85.540855,27.642702,1645
85.540859,27.642696,1645
85.540862,27.64269,1645
85.540863,27.642684,1645
85.540861,27.642682,1645
85.540859,27.642679,1645
85.540859,27.642676,1645
85.540859,27.642673,1645
85.540855,27.642671,1645
85.54085,27.642669,1645
85.54085,27.642668,1645
85.540849,27.642668,1645
85.54085,27.642673,1645
85.540853,27.642671,1645
85.540858,27.642668,1645
85.540862,27.642666,1645
85.540864,27.642666,1645
85.540861,27.642669,1645
85.540858,27.642671,1645
85.540855,27.642671,1645
85.540855,27.642669,1645
85.540856,27.642667,1645
85.540857,27.642664,1645
85.540858,27.642662,1645
85.54086,27.64266,1645
85.540863,27.642657,1645
85.540868,27.642652,1645
85.540873,27.642648,1645
85.540877,27.642645,1645
85.54088,27.642644,1645
85.540883,27.642647,1645
85.540888,27.64265,1645
85.540895,27.642653,1645
85.540902,27.642656,1645
85.540908,27.642659,1645
85.540914,27.642664,1645
85.540921,27.642668,1645
85.540929,27.642672,1645
85.540938,27.642676,1645
85.540947,27.64268,1645
85.540956,27.642684,1645
85.540964,27.642688,1645
85.540973,27.642692,1645
85.540984,27.642695,1645
85.540996,27.642699,1645
85.541008,27.642703,1645
85.541019,27.642706,1645
85.541031,27.642709,1645
85.541043,27.642712,1645
85.541054,27.642716,1645
85.541067,27.642719,1645
85.54108,27.642722,1645
85.541092,27.642725,1645
85.541103,27.642728,1645
85.541114,27.642731,1645
85.541124,27.642734,1645
85.541133,27.642737,1645
85.541143,27.642741,1645
85.541152,27.642745,1645
85.541161,27.642749,1645
85.54117,27.642753,1645
85.541179,27.642758,1645
85.541186,27.642763,1645
85.541194,27.642769,1645
85.541203,27.642775,1645
85.541211,27.642779,1645
85.54122,27.642783,1645
85.541229,27.642786,1645
85.541238,27.642789,1645
85.541249,27.642793,1645
85.54126,27.642796,1645
85.541273,27.642797,1645
85.541286,27.642799,1645
85.541298,27.642799,1645
85.54131,27.642799,1651
85.541321,27.642799,1651
85.541329,27.642799,1651
85.541337,27.6428,1651
85.541344,27.642799,1651
85.541352,27.642796,1652
85.541361,27.642793,1652
85.541368,27.64279,1652
85.541375,27.642786,1652
85.541382,27.642781,1652
85.541388,27.642774,1652
85.541393,27.642766,1652
85.541397,27.642759,1652
85.541401,27.642752,1652
85.541404,27.642745,1652
85.541406,27.642737,1653
85.541407,27.642727,1653
85.541408,27.642718,1653
85.541408,27.642709,1653
85.541408,27.6427,1653
85.541409,27.642691,1653
85.54141,27.642681,1653
85.541411,27.642672,1654
85.54141,27.642663,1654
85.541409,27.642654,1654
85.541408,27.642645,1654
85.541408,27.642636,1654
85.541409,27.642627,1654
85.54141,27.64262,1654
85.54141,27.642613,1655
85.541411,27.642605,1655
85.541413,27.642595,1655
85.541416,27.642587,1655
85.54142,27.642578,1655
85.541424,27.642571,1655
85.541426,27.642563,1656
85.541429,27.642556,1656
85.54143,27.642547,1656
85.541431,27.642537,1656
85.541432,27.642528,1656
85.54143,27.64252,1656
85.541428,27.642513,1657
85.541427,27.642505,1657
85.541425,27.642497,1657
85.541423,27.642488,1657
85.541421,27.64248,1657
85.541418,27.642471,1657
85.541414,27.642464,1658
85.541411,27.642457,1658
85.541407,27.642452,1658
85.541404,27.642446,1658
85.541399,27.64244,1658
85.541392,27.642434,1658
85.541384,27.642428,1658
85.541376,27.642422,1658
85.541368,27.642417,1659
85.541361,27.642409,1659
85.541356,27.6424,1659
85.541352,27.642391,1659
85.541347,27.642384,1659
85.541342,27.642377,1659
85.541336,27.64237,1659
85.54133,27.642364,1659
85.541323,27.642359,1660
85.541316,27.642356,1660
85.541309,27.642353,1660
85.541303,27.64235,1660
85.541297,27.642346,1660
85.541292,27.642341,1660
85.541286,27.642337,1660
85.54128,27.642332,1661
85.541275,27.642327,1661
85.541269,27.642323,1661
85.541264,27.642318,1661
85.54126,27.642313,1661
85.541255,27.642307,1661
85.541249,27.642301,1661
85.541243,27.642295,1661
85.541235,27.642289,1661
85.541228,27.642283,1662
85.541221,27.642278,1662
85.541213,27.642273,1662
85.541205,27.64227,1662
85.541196,27.642267,1662
85.541189,27.642264,1662
85.541181,27.642262,1662
85.541172,27.642259,1663
85.541163,27.642257,1663
85.541153,27.642253,1663
85.541145,27.642248,1663
85.541136,27.642241,1663
85.541127,27.642233,1663
85.541119,27.642224,1663
85.541112,27.642215,1663
85.541105,27.642208,1664
85.541099,27.642201,1664
85.541092,27.642195,1664
85.541084,27.642193,1664
85.541077,27.642191,1664
85.541069,27.642189,1664
85.541062,27.642187,1664
85.541056,27.642185,1664
85.541051,27.642184,1664
85.541048,27.642184,1664
85.541043,27.642185,1664
85.541042,27.642185,1664
85.541039,27.64218,1664
85.541033,27.642167,1664
85.541031,27.642163,1664
85.541028,27.642155,1664
85.541024,27.642145,1664
85.54102,27.642134,1664
85.541018,27.642122,1664
85.541018,27.64211,1664
85.54102,27.642096,1664
85.541022,27.642083,1664
85.541027,27.642072,1664
85.541034,27.642062,1664
85.541044,27.642051,1664
85.541053,27.64204,1664
85.541063,27.64203,1664
85.541074,27.64202,1666
85.541085,27.642011,1666
85.541096,27.642003,1666
85.541106,27.641996,1666
85.541116,27.641989,1666
85.541126,27.641982,1666
85.541136,27.641975,1666
85.541146,27.641968,1666
85.541155,27.641961,1666
85.541163,27.641955,1666
85.541171,27.641951,1667
85.541179,27.641949,1667
85.541187,27.641946,1667
85.541196,27.641942,1667
85.541206,27.641939,1667
85.541217,27.641937,1667
85.541229,27.641936,1667
85.541241,27.641934,1667
85.541253,27.641932,1667
85.541263,27.64193,1668
85.541274,27.641927,1668
85.541284,27.641925,1668
85.541295,27.641921,1668
85.541305,27.641918,1668
85.541315,27.641915,1668
85.541324,27.641912,1669
85.541333,27.641907,1669
85.541342,27.641902,1669
85.541351,27.641896,1669
85.541359,27.64189,1669
85.541368,27.641884,1669
85.541375,27.641877,1670
85.541381,27.64187,1670
85.541389,27.641864,1670
85.541397,27.641857,1670
85.541406,27.641848,1670
85.541414,27.641841,1670
85.541421,27.641834,1670
85.541428,27.641825,1671
85.541435,27.641817,1671
85.541443,27.641809,1671
85.54145,27.6418,1671
85.541457,27.641792,1671
85.541465,27.641784,1671
85.541472,27.641775,1671
85.541477,27.641767,1671
85.541482,27.64176,1672
85.541488,27.641753,1672
85.541493,27.641746,1672
85.541496,27.641737,1672
85.541501,27.641728,1672
85.541504,27.641718,1672
85.541507,27.641707,1672
85.54151,27.641697,1673
85.541514,27.641687,1673
85.541517,27.641677,1673
85.54152,27.641667,1673
85.541524,27.641657,1673
85.541527,27.641647,1673
85.54153,27.641637,1673
85.541533,27.641628,1674
85.541537,27.641619,1674
85.541542,27.64161,1674
85.541547,27.641602,1674
85.541553,27.641592,1674
85.54156,27.641582,1674
85.541566,27.641572,1674
85.541571,27.641563,1675
85.541574,27.641554,1675
85.541578,27.641545,1675
85.541582,27.641536,1675
85.541586,27.641526,1675
85.541589,27.641516,1675
85.541591,27.641506,1675
85.541593,27.641497,1675
85.541596,27.641488,1675
85.541599,27.641479,1675
85.541603,27.641469,1675
85.541607,27.641459,1675
85.541612,27.641449,1676
85.541617,27.64144,1676
85.541621,27.64143,1676
85.541624,27.641421,1676
85.541627,27.641412,1676
85.541629,27.641405,1676
85.54163,27.641398,1676
85.54163,27.641393,1676
85.54163,27.641389,1676
85.54163,27.641386,1676
85.541633,27.641378,1676
85.541633,27.641376,1676
85.541635,27.641372,1676
85.541637,27.641365,1676
85.541639,27.641356,1676
85.541643,27.641346,1676
85.541646,27.641336,1677
85.54165,27.641325,1677
85.541653,27.641315,1677
85.541658,27.641304,1677
85.541662,27.641293,1677
85.541666,27.641283,1677
85.54167,27.641272,1677
85.541675,27.641262,1677
85.54168,27.641253,1677
85.541685,27.641242,1677
85.54169,27.641232,1677
85.541695,27.641221,1677
85.5417,27.641209,1677
85.541705,27.641196,1677
85.541709,27.641184,1677
85.541713,27.641172,1677
85.541717,27.64116,1677
85.541722,27.641149,1677
85.541727,27.641137,1677
85.541733,27.641125,1678
85.541738,27.641114,1678
85.541742,27.641102,1678
85.541747,27.641089,1678
85.541753,27.641078,1678
85.541758,27.641069,1678
85.541762,27.641059,1678
85.541767,27.641049,1678
85.541772,27.64104,1678
85.541777,27.64103,1678
85.541783,27.64102,1678
85.541789,27.641011,1678
85.541795,27.641001,1678
85.541801,27.640992,1678
85.541807,27.640983,1678
85.541813,27.640974,1679
85.541818,27.640966,1679
85.541823,27.640958,1679
85.541829,27.640948,1679
85.541834,27.640938,1679
85.54184,27.640927,1679
85.541846,27.640915,1679
85.541851,27.640904,1679
85.541854,27.640894,1679
85.541857,27.640885,1679
85.541859,27.640876,1680
85.541861,27.640868,1680
85.541863,27.640858,1680
85.541863,27.640846,1680
85.541863,27.640836,1680
85.541863,27.640828,1680
85.541862,27.640823,1680
85.541858,27.64081,1680
85.54186,27.640806,1680
85.541861,27.640805,1680
85.541863,27.640802,1680
85.541866,27.640798,1680
85.54187,27.640791,1681
85.541875,27.640782,1681
85.54188,27.640774,1681
85.541885,27.640765,1681
85.541892,27.640757,1681
85.541899,27.64075,1681
85.541905,27.640741,1681
85.541912,27.640733,1682
85.541919,27.640724,1682
85.541926,27.640716,1682
85.541932,27.640708,1682
85.541938,27.6407,1682
85.541943,27.640692,1682
85.541947,27.640683,1682
85.54195,27.640674,1683
85.541954,27.640666,1683
85.541957,27.640658,1683
85.54196,27.640651,1683
85.541962,27.640644,1683
85.541966,27.640638,1683
85.541971,27.640632,1684
85.541976,27.640626,1684
85.541981,27.640619,1684
85.541985,27.640613,1684
85.54199,27.640607,1684
85.541996,27.6406,1684
85.542003,27.640592,1685
85.542008,27.640583,1685
85.542013,27.640574,1685
85.542015,27.640564,1685
85.542017,27.640555,1685
85.542016,27.640545,1685
85.542017,27.640536,1686
85.542018,27.640527,1686
85.542019,27.640519,1686
85.542022,27.640512,1686
85.542026,27.640506,1686
85.54203,27.640498,1687
85.542034,27.640491,1687
85.542039,27.640485,1687
85.542043,27.640476,1687
85.542046,27.640469,1687
85.542049,27.64046,1687
85.542052,27.640452,1687
85.542055,27.640445,1687
85.542058,27.640438,1688
85.542062,27.640432,1688
85.542065,27.640427,1688
85.54207,27.640421,1689
85.542076,27.640415,1689
85.542082,27.64041,1689
85.54209,27.640403,1689
85.542097,27.640396,1689
85.542103,27.64039,1689
85.542107,27.640385,1690
85.542111,27.640379,1690
85.542113,27.640375,1690
85.542115,27.640371,1690
85.542117,27.640367,1690
85.542118,27.640364,1690
85.542123,27.640357,1690
85.542124,27.640357,1690
85.542126,27.640356,1690
85.542129,27.640355,1690
85.542134,27.640353,1690
85.54214,27.640351,1691
85.542145,27.640348,1691
85.54215,27.640344,1691
85.542154,27.640337,1691
85.542156,27.64033,1691
85.542159,27.640323,1691
85.542163,27.640316,1691
85.542165,27.640311,1691
85.542169,27.640306,1691
85.542175,27.640299,1691
85.542181,27.640293,1692
85.542187,27.640286,1692
85.542195,27.64028,1692
85.542201,27.640274,1692
85.542206,27.640268,1692
85.542209,27.640259,1692
85.542211,27.640251,1692
85.542214,27.640242,1693
85.542216,27.640234,1693
85.542218,27.640226,1693
85.542218,27.640218,1693
85.542219,27.64021,1693
85.54222,27.6402,1693
85.54222,27.640192,1694
85.54222,27.640182,1694
85.542218,27.640173,1694
85.542217,27.640165,1694
85.54221,27.640147,1694
85.542209,27.640146,1694
85.542209,27.640143,1694
85.542208,27.640139,1694
85.542208,27.640133,1694
85.542207,27.640127,1694
85.542205,27.64012,1695
85.542205,27.640113,1695
85.542203,27.640105,1695
85.542201,27.640097,1695
85.5422,27.640088,1695
85.542199,27.640078,1695
85.5422,27.640069,1695
85.5422,27.640061,1695
85.542199,27.640055,1695
85.542198,27.640051,1695
85.542198,27.640037,1696
85.542198,27.640036,1696
85.542201,27.640047,1696
85.542201,27.640049,1696
85.542208,27.640054,1696
85.542208,27.640053,1696
85.542203,27.640054,1696
85.542201,27.640053,1696
85.542198,27.640051,1696
85.542197,27.640049,1696
85.542196,27.640045,1696
85.542195,27.640042,1696
85.542192,27.640039,1696
85.542187,27.640031,1696
85.542181,27.640024,1696
85.542174,27.640016,1696
85.542169,27.640008,1696
85.542164,27.64,1696
85.54216,27.639992,1696
85.542157,27.639985,1696
85.542156,27.639978,1696
85.542156,27.639972,1697
85.542156,27.639968,1697
85.542157,27.639961,1698
85.542156,27.639956,1698
85.542155,27.639953,1698
85.542155,27.639952,1698
85.54215,27.639945,1699
85.542149,27.639946,1699
85.542147,27.639948,1699
85.542144,27.639952,1699
85.542141,27.639958,1700
85.542139,27.639965,1700
85.542137,27.63997,1700
85.542134,27.639976,1700
85.54213,27.63998,1701
85.542127,27.639984,1701
85.542122,27.639987,1701
85.542117,27.639987,1701
85.542113,27.639985,1702
85.542109,27.639981,1702
85.542104,27.639978,1702
85.5421,27.639976,1702
85.542095,27.639976,1702
85.542089,27.639975,1702
85.542085,27.639973,1703
85.542083,27.639972,1703
85.542083,27.639971,1703
85.542084,27.639969,1703
85.542085,27.639966,1703
85.542086,27.639962,1704
85.542087,27.639959,1704
85.542088,27.639952,1704
85.542089,27.63995,1704
85.542088,27.639946,1704
85.542088,27.639941,1705
85.542088,27.639934,1705
85.542088,27.639928,1705
85.542088,27.639922,1705
85.542086,27.639918,1705
85.542083,27.639912,1705
85.54208,27.639904,1706
85.542077,27.639897,1706
85.542075,27.639891,1706
85.542075,27.639886,1706
85.542076,27.639882,1706
85.542076,27.639877,1707
85.542075,27.639873,1707
85.542073,27.639868,1707
85.542071,27.639864,1707
85.54207,27.639859,1707
85.542068,27.639853,1708
85.542068,27.639843,1708
85.542069,27.639832,1708
85.542071,27.63982,1708
85.542072,27.63981,1708
85.542072,27.639802,1708
85.542071,27.639794,1709
85.54207,27.639785,1709
85.54207,27.639775,1709
85.542071,27.639764,1709
85.542073,27.639756,1709
85.542076,27.639749,1709
85.542083,27.639727,1710
85.542084,27.639725,1710
85.542086,27.639721,1710
85.542088,27.639716,1710
85.542089,27.639709,1710
85.542086,27.639702,1710
85.542084,27.639696,1710
85.542083,27.639689,1711
85.542082,27.639682,1711
85.542081,27.639676,1711
85.542079,27.639672,1711
85.542077,27.63967,1711
85.542074,27.639668,1711
85.542072,27.639666,1712
85.542064,27.639658,1712
85.542063,27.639656,1712
85.54206,27.639655,1712
85.542057,27.639653,1713
85.542054,27.639651,1713
85.54205,27.639648,1713
85.542044,27.639643,1713
85.542038,27.639638,1713
85.542033,27.639632,1714
85.542027,27.639627,1714
85.542023,27.639622,1714
85.542019,27.639615,1714
85.542016,27.639608,1714
85.542012,27.639601,1714
85.542007,27.639594,1715
85.542004,27.639588,1715
85.542,27.639583,1715
85.541997,27.639577,1715
85.541992,27.63957,1715
85.541987,27.639563,1715
85.541985,27.639557,1716
85.541983,27.639552,1716
85.541981,27.639546,1716
85.541979,27.639542,1716
85.541976,27.639537,1716
85.541974,27.639533,1716
85.541972,27.639529,1716
85.541971,27.639526,1716
85.541968,27.639523,1717
85.541964,27.639521,1717
85.541961,27.63952,1717
85.541957,27.639521,1717
85.541952,27.639525,1717
85.541947,27.63953,1717
85.541941,27.639536,1717
85.541935,27.639544,1717
85.541927,27.639548,1717
85.541919,27.639551,1718
85.54191,27.639552,1718
85.541903,27.639551,1718
85.541896,27.639551,1718
85.541889,27.639551,1718
85.541883,27.63955,1718
85.541867,27.639548,1718
85.541872,27.639548,1718
85.541874,27.639547,1718
85.541879,27.639547,1718
85.541885,27.639546,1718
85.54189,27.639547,1718
85.541896,27.639546,1718
85.541901,27.639544,1718
85.541907,27.63954,1718
85.541914,27.639534,1718
85.54192,27.639527,1718
85.541923,27.639518,1718
85.541932,27.639493,1718
85.541931,27.639492,1718
85.541931,27.639489,1718
85.541933,27.639487,1718
85.541938,27.639484,1718
85.541943,27.639482,1718
85.541948,27.639478,1718
85.541955,27.639474,1718
85.541961,27.63947,1718
85.541967,27.639467,1718
85.541971,27.639465,1718
85.541974,27.639456,1718
85.541972,27.639457,1718
85.541966,27.639459,1718
85.541959,27.639462,1718
85.541951,27.639465,1718
85.541944,27.639466,1718
85.541937,27.639466,1718
85.541929,27.639464,1718
85.541922,27.639462,1718
85.541915,27.639461,1718
85.541912,27.639458,1718
85.541911,27.639454,1718
85.54191,27.639449,1718
85.541907,27.639442,1718
85.541905,27.639436,1720
85.541903,27.639429,1720
85.541902,27.639422,1720
85.5419,27.639414,1720
85.541899,27.639407,1721
85.541897,27.639401,1721
85.541895,27.639395,1721
85.541892,27.639389,1721
85.54189,27.639383,1721
85.541888,27.639377,1721
85.541887,27.639371,1721
85.541886,27.639366,1721
85.541885,27.639363,1721
85.541883,27.639359,1721
85.54188,27.639354,1721
85.541876,27.63934,1721
85.541876,27.639339,1721
85.541876,27.639337,1721
85.541875,27.639337,1721
85.541874,27.639336,1721
85.541875,27.639339,1721
85.541878,27.63934,1721
85.541882,27.639342,1721
85.541887,27.639343,1721
85.54189,27.639345,1721
85.541892,27.639347,1721
85.54189,27.639349,1721
85.541888,27.639349,1721
85.541885,27.63935,1721
85.541882,27.639351,1721
85.541881,27.639356,1721
85.541879,27.639361,1721
85.541875,27.639365,1721
85.541873,27.639371,1721
85.541873,27.639375,1721
85.541869,27.639366,1721
85.541869,27.639365,1721
85.541869,27.639362,1721
85.541869,27.639359,1721
85.541869,27.639346,1721
85.541871,27.639345,1721
85.541868,27.63935,1721
85.541869,27.639355,1721
85.541873,27.639358,1721
85.541874,27.639361,1721
85.541883,27.639365,1721
85.541893,27.639366,1721
85.541895,27.639366,1721
85.541906,27.639363,1721
85.541904,27.639362,1721
85.5419,27.639361,1721
85.541895,27.639358,1721
85.54189,27.639355,1721
85.541881,27.639345,1721
85.541874,27.639325,1721
85.541864,27.639302,1721
85.541864,27.639301,1721
85.541864,27.639299,1721
85.541863,27.639297,1721
85.541862,27.639294,1721
85.54186,27.639292,1721
85.541858,27.639289,1721
85.541856,27.639287,1721
85.541854,27.639285,1721
85.541849,27.63928,1721
85.541846,27.639278,1721
85.541843,27.639288,1721
85.541844,27.63929,1721
85.541847,27.639293,1721
85.54185,27.639296,1721
85.541853,27.6393,1721
85.541855,27.639304,1721
85.541858,27.639309,1721
85.541862,27.639314,1721
85.541866,27.639319,1721
85.54187,27.639325,1721
85.541886,27.639333,1721
85.541893,27.639333,1721
85.541901,27.639333,1721
85.541906,27.639335,1721
85.541899,27.639328,1721
85.541894,27.639328,1721
85.541891,27.639315,1721
85.541891,27.639314,1721
85.541896,27.639315,1721
85.541894,27.639317,1721
85.541884,27.639317,1721
85.541876,27.639313,1721
85.541876,27.639311,1721
85.541876,27.639306,1721
85.541874,27.6393,1721
85.54187,27.639293,1721
85.541866,27.639285,1721
85.54186,27.639275,1721
85.541855,27.639265,1721
85.54185,27.639253,1721
85.541846,27.63924,1721
85.541844,27.639226,1721
85.541842,27.639212,1721
85.541842,27.639199,1721
85.54184,27.639185,1721
85.541841,27.639172,1721
85.541842,27.639158,1721
85.541843,27.639146,1721
85.541844,27.639134,1721
85.541845,27.639123,1721
85.541847,27.639112,1721
85.541849,27.639101,1721
85.541851,27.63909,1721
85.541853,27.639076,1721
85.541854,27.639061,1721
85.541856,27.639045,1721
85.541856,27.639029,1721
85.541854,27.639013,1721
85.54185,27.638997,1721
85.541844,27.638983,1721
85.541836,27.638968,1721
85.54183,27.638955,1721
85.541824,27.638941,1721
85.541817,27.638927,1717
85.541811,27.638915,1717
85.541803,27.638901,1717
85.541795,27.638887,1717
85.541789,27.63887,1716
85.541786,27.638856,1716
85.541783,27.638844,1716
85.54178,27.638832,1716
85.541776,27.63882,1716
85.541772,27.638806,1716
85.541769,27.638793,1716
85.541763,27.638779,1716
85.541757,27.638765,1716
85.541752,27.638752,1716
85.541746,27.638738,1716
85.54174,27.638724,1716
85.541734,27.638712,1715
85.541729,27.638699,1715
85.541725,27.638686,1715
85.541722,27.638673,1715
85.541719,27.638659,1715
85.541717,27.638647,1715
85.541715,27.638634,1715
85.541713,27.638622,1715
85.541712,27.638609,1715
85.54171,27.638595,1715
85.541709,27.638581,1715
85.541707,27.638567,1715
85.541704,27.638553,1715
85.5417,27.638538,1715
85.541695,27.638524,1715
85.541691,27.638509,1714
85.541686,27.638495,1714
85.541683,27.638481,1714
85.54168,27.638469,1714
85.541677,27.638456,1714
85.541673,27.638443,1714
85.54167,27.638429,1714
85.541667,27.638416,1714
85.541663,27.638404,1714
85.541659,27.638391,1714
85.541655,27.638378,1714
85.541652,27.638365,1714
85.541649,27.638352,1714
85.541645,27.638339,1714
85.541641,27.638325,1713
85.541637,27.638311,1713
85.541634,27.638298,1713
85.541629,27.638284,1713
85.541626,27.638273,1713
85.541622,27.638261,1713
85.541619,27.638248,1713
85.541615,27.638235,1713
85.541611,27.638222,1713
85.541609,27.63821,1713
85.541607,27.638198,1713
85.541606,27.638186,1712
85.541606,27.638175,1712
85.541606,27.638162,1712
85.541607,27.638149,1712
85.541608,27.638136,1712
85.541609,27.638122,1712
85.54161,27.638108,1712
85.541611,27.638094,1712
85.541612,27.63808,1712
85.541613,27.638068,1712
85.541613,27.638055,1712
85.541614,27.638041,1712
85.541615,27.638027,1712
85.541614,27.638014,1712
85.541614,27.638,1712
85.541614,27.637987,1711
85.541613,27.637973,1711
85.541614,27.63796,1711
85.541615,27.637947,1711
85.541615,27.637935,1711
85.541613,27.637922,1711
85.541613,27.637909,1711
85.541611,27.637897,1711
85.54161,27.637884,1711
85.541609,27.637871,1711
85.541608,27.637858,1711
85.541608,27.637846,1711
85.541608,27.637835,1711
85.541609,27.637824,1711
85.541611,27.637812,1711
85.541613,27.637801,1711
85.541615,27.637789,1711
85.541617,27.637777,1711
85.541618,27.637764,1711
85.541619,27.637751,1711
85.541621,27.637737,1711
85.541621,27.637723,1711
85.541623,27.63771,1711
85.541623,27.637696,1711
85.541625,27.637683,1711
85.541627,27.637669,1711
85.541631,27.637655,1711
85.541634,27.637643,1711
85.541636,27.63763,1711
85.541639,27.637617,1711
85.54164,27.637603,1711
85.541642,27.637589,1711
85.541643,27.637576,1711
85.541644,27.637564,1711
85.541644,27.637552,1711
85.541645,27.63754,1711
85.541645,27.637528,1711
85.541645,27.637517,1711
85.541646,27.637506,1711
85.541647,27.637495,1712
85.541648,27.637483,1712
85.541649,27.63747,1712
85.541651,27.637458,1712
85.541653,27.637446,1712
85.541656,27.637434,1712
85.541657,27.637422,1712
85.541659,27.63741,1712
85.541659,27.6374,1712
85.54166,27.637389,1712
85.54166,27.637382,1712
85.54166,27.637375,1712
85.541663,27.63737,1712
85.541664,27.637364,1713
85.541665,27.637357,1713
85.541667,27.637349,1713
85.54167,27.637341,1713
85.541675,27.637332,1713
85.54168,27.637324,1713
85.541685,27.637316,1713
85.541691,27.637308,1713
85.541696,27.637297,1713
85.5417,27.637286,1713
85.541705,27.637275,1713
85.541709,27.637264,1713
85.541714,27.637254,1713
85.541718,27.637244,1713
85.541722,27.637233,1713
85.541725,27.637223,1713
85.541729,27.637213,1713
85.541734,27.637203,1713
85.541739,27.637194,1713
85.541744,27.637183,1713
85.541748,27.637173,1713
85.541751,27.637163,1713
85.541755,27.637152,1713
85.541758,27.637141,1713
85.541762,27.637129,1713
85.541767,27.637117,1713
85.541771,27.637105,1713
85.541776,27.637095,1713
85.541779,27.637083,1713
85.541782,27.637071,1713
85.541787,27.637059,1713
85.54179,27.637047,1713
85.541793,27.637036,1713
85.541796,27.637025,1713
85.541799,27.637014,1713
85.541803,27.637002,1713
85.541808,27.63699,1713
85.541811,27.636979,1713
85.541815,27.636966,1713
85.541819,27.636954,1713
85.541823,27.636942,1713
85.541827,27.636932,1713
85.541832,27.636922,1713
85.541836,27.636911,1713
85.54184,27.636901,1713
85.541843,27.636891,1713
85.541846,27.636882,1713
85.541849,27.636872,1713
85.541853,27.636864,1713
85.541858,27.636855,1713
85.541862,27.636845,1713
85.541867,27.636835,1714
85.541873,27.636824,1714
85.541879,27.636813,1714
85.541886,27.636802,1714
85.541893,27.636791,1714
85.541899,27.63678,1714
85.541903,27.636769,1714
85.541908,27.636758,1714
85.541911,27.636746,1714
85.541915,27.636734,1714
85.541919,27.636723,1714
85.541924,27.636711,1714
85.541927,27.636699,1714
85.54193,27.636687,1714
85.541933,27.636677,1714
85.541934,27.636667,1715
85.541934,27.636657,1715
85.541934,27.636648,1715
85.541936,27.636639,1715
85.541938,27.63663,1715
85.541942,27.63662,1715
85.541946,27.636611,1715
85.54195,27.6366,1715
85.541953,27.636589,1715
85.541956,27.636577,1715
85.541959,27.636567,1715
85.541963,27.636556,1716
85.541967,27.636546,1716
85.541969,27.636535,1716
85.541972,27.636524,1716
85.541975,27.636513,1716
85.541979,27.636502,1716
85.541982,27.636492,1716
85.541986,27.636481,1716
85.54199,27.636471,1716
85.541994,27.63646,1716
85.541997,27.636449,1717
85.541999,27.636437,1717
85.542,27.636426,1717
85.542002,27.636415,1717
85.542003,27.636405,1717
85.542003,27.636396,1717
85.542005,27.636386,1717
85.542008,27.636377,1717
85.54201,27.636367,1717
85.542011,27.636359,1717
85.542014,27.636349,1717
85.542015,27.63634,1717
85.542017,27.636329,1717
85.542019,27.636319,1717
85.542021,27.636309,1718
85.542025,27.6363,1718
85.542029,27.636293,1718
85.542032,27.636285,1718
85.542036,27.636277,1718
85.542039,27.636268,1718
85.542042,27.636258,1718
85.542046,27.636249,1718
85.54205,27.636238,1719
85.542053,27.636227,1719
85.542056,27.636218,1719
85.542059,27.636209,1719
85.542063,27.636199,1719
85.542068,27.63619,1719
85.542073,27.63618,1719
85.542077,27.636171,1719
85.542079,27.636163,1719
85.542082,27.636155,1719
85.542084,27.636146,1719
85.542087,27.636135,1720
85.54209,27.636126,1720
85.542094,27.636118,1720
85.542099,27.63611,1720
85.542101,27.636103,1720
85.542101,27.636092,1720
85.542101,27.636083,1720
85.542103,27.636073,1720
85.542105,27.636062,1720
85.542107,27.63605,1720
85.542109,27.636039,1721
85.542111,27.636029,1721
85.542113,27.636019,1721
85.542116,27.636009,1721
85.542119,27.635999,1721
85.542122,27.63599,1721
85.542124,27.635979,1721
85.542126,27.635969,1721
85.542128,27.635957,1721
85.54213,27.635946,1721
85.542132,27.635934,1721
85.542135,27.635922,1721
85.542138,27.635911,1722
85.542141,27.635901,1722
85.542143,27.63589,1722
85.542145,27.63588,1722
85.542148,27.635869,1722
85.542152,27.635858,1722
85.542155,27.635848,1722
85.542158,27.635837,1722
85.542161,27.635827,1722
85.542164,27.635817,1722
85.542167,27.635808,1722
85.542171,27.635799,1722
85.542175,27.635791,1722
85.542179,27.635783,1722
85.542183,27.635774,1722
85.542188,27.635765,1722
85.542191,27.635755,1722
85.542193,27.635745,1722
85.542195,27.635735,1722
85.542198,27.635727,1722
85.542201,27.635717,1722
85.542204,27.635708,1722
85.542207,27.635698,1722
85.542208,27.635687,1722
85.54221,27.635675,1722
85.542212,27.635661,1722
85.542215,27.635646,1722
85.54222,27.635632,1722
85.542224,27.63562,1722
85.54223,27.635607,1722
85.542236,27.635596,1722
85.542243,27.635583,1722
85.54225,27.635571,1722
85.542256,27.635558,1722
85.542262,27.635544,1722
85.542269,27.635531,1722
85.542275,27.635518,1722
85.542282,27.635505,1722
85.542288,27.635493,1722
85.542294,27.635481,1722
85.5423,27.635468,1722
85.542304,27.635455,1722
85.542307,27.635441,1722
85.542309,27.635427,1722
85.542312,27.635413,1722
85.542316,27.635398,1722
85.542318,27.635384,1722
85.542319,27.63537,1722
85.542321,27.635357,1722
85.542324,27.635343,1722
85.542327,27.63533,1722
85.542331,27.635317,1722
85.542336,27.635304,1722
85.542341,27.635291,1722
85.542345,27.635278,1722
85.542351,27.635265,1722
85.542357,27.635253,1722
85.542362,27.635242,1722
85.542365,27.635231,1722
85.542368,27.635218,1722
85.542369,27.635205,1722
85.54237,27.635192,1722
85.542371,27.635181,1722
85.542374,27.635169,1722
85.542378,27.635157,1722
85.542383,27.635145,1722
85.542387,27.635133,1722
85.542391,27.635121,1722
85.542394,27.635109,1722
85.542396,27.635097,1722
85.542397,27.635086,1722
85.542398,27.635076,1722
85.542399,27.635065,1722
85.542398,27.635055,1723
85.542397,27.635044,1723
85.542396,27.635033,1723
85.542395,27.635021,1723
85.542395,27.63501,1723
85.542397,27.634998,1723
85.542398,27.634986,1723
85.542399,27.634972,1723
85.542401,27.634959,1723
85.542403,27.634945,1723
85.542404,27.634932,1723
85.542408,27.634919,1723
85.542411,27.634907,1723
85.542414,27.634894,1723
85.542416,27.634881,1723
85.542419,27.634869,1723
85.542424,27.634858,1723
85.542429,27.634849,1723
85.542434,27.63484,1724
85.542439,27.634832,1724
85.542442,27.634823,1724
85.542446,27.634815,1724
85.542451,27.634806,1724
85.542455,27.634795,1724
85.542458,27.634785,1724
85.542461,27.634771,1725
85.542463,27.634759,1725
85.542465,27.634747,1725
85.542467,27.634735,1725
85.542469,27.634724,1725
85.542472,27.634715,1725
85.542475,27.634706,1726
85.542476,27.634696,1726
85.542476,27.634687,1726
85.542476,27.634678,1726
85.542474,27.634669,1726
85.542472,27.63466,1726
85.542471,27.634652,1727
85.54247,27.634644,1727
85.54247,27.634635,1727
85.54247,27.634627,1727
85.542472,27.634619,1727
85.542474,27.634612,1727
85.542476,27.634604,1728
85.542478,27.634596,1728
85.54248,27.634589,1728
85.542484,27.634582,1728
85.542487,27.634574,1728
85.54249,27.634567,1728
85.542492,27.634559,1728
85.542493,27.634551,1728
85.542492,27.634544,1729
85.542489,27.634537,1729
85.542485,27.634529,1729
85.542479,27.634523,1729
85.542472,27.634517,1729
85.542463,27.634511,1729
85.542456,27.634507,1729
85.542449,27.634504,1729
85.542442,27.634504,1730
85.542436,27.634503,1730
85.54243,27.634501,1730
85.542424,27.634498,1730
85.542417,27.634496,1730
85.54241,27.634493,1730
85.542404,27.634486,1730
85.542401,27.634477,1731
85.542398,27.634469,1731
85.542395,27.634462,1731
85.542394,27.634457,1731
85.542394,27.634452,1731
85.542395,27.634447,1731
85.542394,27.634442,1731
85.542393,27.634437,1731
85.54239,27.634432,1732
85.542388,27.634427,1732
85.542387,27.63442,1732
85.542386,27.634412,1733
85.542386,27.634405,1733
85.542384,27.634398,1733
85.542382,27.634391,1733
85.542378,27.634384,1733
85.542373,27.63438,1733
85.542367,27.634377,1734
85.542362,27.634374,1734
85.542356,27.634369,1734
85.542352,27.634365,1734
85.542347,27.634361,1734
85.542344,27.634357,1734
85.542342,27.634353,1735
85.542338,27.63435,1735
85.542334,27.634348,1735
85.542332,27.634346,1736
85.54233,27.634343,1736
85.542328,27.634339,1736
85.542327,27.634337,1736
85.542326,27.634334,1736
85.542326,27.63433,1736
85.542326,27.634325,1737
85.542325,27.634319,1737
85.542323,27.634313,1737
85.542321,27.634309,1737
85.542319,27.634306,1737
85.542317,27.634301,1737
85.542316,27.634298,1738
85.542313,27.634294,1738
85.54231,27.634288,1738
85.542305,27.634281,1738
85.5423,27.634273,1738
85.542295,27.634265,1738
85.542289,27.634257,1739
85.542285,27.634249,1739
85.542281,27.634243,1739
85.542269,27.634221,1739
85.542268,27.634221,1739
85.542265,27.634218,1739
85.542262,27.634213,1740
85.542259,27.634209,1740
85.542256,27.634205,1740
85.542253,27.634201,1740
85.542247,27.634187,1741
85.542247,27.634184,1741
85.542245,27.63418,1741
85.542243,27.634175,1741
85.542239,27.634169,1742
85.542234,27.634162,1742
85.54223,27.634153,1742
85.542223,27.634144,1742
85.542218,27.634133,1743
85.542214,27.634124,1743
85.542214,27.634114,1743
85.542216,27.634105,1743
85.542219,27.634096,1743
85.542222,27.634087,1744
85.542224,27.634077,1744
85.542225,27.634066,1744
85.542224,27.634056,1744
85.542223,27.634047,1744
85.542221,27.634041,1744
85.542221,27.634033,1744
85.542219,27.634026,1745
85.542219,27.634017,1745
85.542219,27.634008,1745
85.54222,27.633999,1745
85.542222,27.633991,1745
85.542224,27.633982,1745
85.542226,27.633973,1745
85.542228,27.633964,1745
85.542231,27.633953,1745
85.542232,27.633943,1745
85.542232,27.633933,1745
85.542231,27.633923,1746
85.542227,27.633914,1746
85.542221,27.633905,1746
85.542215,27.633897,1746
85.542209,27.633889,1746
85.542205,27.633884,1746
85.542197,27.633868,1746
85.542196,27.633866,1746
85.542193,27.633863,1746
85.542179,27.633855,1746
85.54218,27.633854,1746
85.542178,27.633852,1746
85.542176,27.633852,1746
85.542172,27.633851,1746
85.542167,27.633852,1746
85.542159,27.633851,1746
85.54215,27.633851,1746
85.542141,27.63385,1746
85.542131,27.633847,1746
85.542121,27.633845,1747
85.542111,27.633842,1747
85.542102,27.63384,1747
85.54209,27.633838,1747
85.542078,27.633837,1747
85.542065,27.633835,1747
85.542052,27.633833,1747
85.542039,27.633831,1747
85.542026,27.633828,1747
85.542013,27.633825,1747
85.542001,27.633821,1747
85.541989,27.633817,1747
85.541977,27.633812,1747
85.541966,27.633808,1747
85.541955,27.633803,1747
85.541944,27.633799,1747
85.541933,27.633794,1747
85.541922,27.633789,1747
85.541911,27.633783,1748
85.541899,27.633776,1748
85.541887,27.633769,1748
85.541875,27.633762,1748
85.541864,27.633756,1748
85.541854,27.633749,1748
85.541844,27.633743,1748
85.541835,27.633737,1748
85.541826,27.63373,1748
85.541818,27.633722,1748
85.54181,27.633714,1749
85.541801,27.633707,1749
85.541792,27.633701,1749
85.541783,27.633696,1749
85.541775,27.633691,1749
85.541767,27.633687,1749
85.541757,27.63368,1749
85.541747,27.633672,1749
85.541737,27.633663,1749
85.541728,27.633656,1750
85.541718,27.633649,1750
85.541709,27.633643,1750
85.541699,27.633637,1750
85.54169,27.633631,1750
85.541679,27.633625,1750
85.541668,27.633619,1750
85.541658,27.633614,1750
85.541649,27.63361,1750
85.541641,27.633606,1750
85.541636,27.633602,1750
85.541631,27.633599,1750
85.541627,27.633597,1750
85.541621,27.633597,1750
85.541613,27.633597,1750
85.541605,27.633597,1750
85.541596,27.633598,1750
85.541588,27.633598,1751
85.541573,27.633601,1751
85.541571,27.633597,1751
85.541572,27.633596,1751
85.54157,27.633586,1751
85.54157,27.633585,1751
85.541568,27.633579,1751
85.541568,27.633578,1751
85.541568,27.633579,1751
85.541564,27.633581,1751
85.541557,27.633582,1751
85.541548,27.633584,1751
85.541539,27.633585,1751
85.54153,27.633587,1751
85.54152,27.633588,1751
85.541512,27.633588,1751
85.541505,27.633588,1752
85.541498,27.633589,1752
85.54149,27.633592,1752
85.541479,27.633596,1752
85.541466,27.633599,1752
85.541454,27.633604,1752
85.541443,27.633609,1752
85.541434,27.633614,1752
85.541425,27.633619,1753
85.541417,27.633623,1753
85.541408,27.633626,1753
85.541398,27.633629,1753
85.541387,27.633633,1753
85.541376,27.633637,1753
85.541366,27.633639,1753
85.541356,27.633641,1754
85.541347,27.633642,1754
85.541342,27.633644,1754
85.541337,27.633643,1754
85.541332,27.633639,1754
85.541326,27.633635,1754
85.54132,27.63363,1754
85.541313,27.633626,1755
85.541308,27.633622,1755
85.541304,27.63362,1755
85.541301,27.633619,1755
85.5413,27.633619,1755
85.5413,27.63362,1755
85.541299,27.63362,1755
85.541298,27.633621,1755
85.541296,27.633621,1755
85.541292,27.633622,1755
85.541287,27.633621,1755
85.541272,27.633627,1755
85.54127,27.633628,1755
85.541266,27.633631,1756
85.541261,27.633634,1756
85.541255,27.633639,1756
85.541249,27.633644,1756
85.541242,27.633648,1756
85.541235,27.63365,1756
85.541228,27.633652,1756
85.541222,27.633653,1756
85.541212,27.633654,1756
85.541205,27.633654,1757
85.541187,27.633654,1757
85.541182,27.633656,1757
85.541179,27.633657,1757
85.541173,27.633662,1757
85.541165,27.633669,1757
85.541155,27.633676,1757
85.541144,27.633685,1758
85.541132,27.633695,1758
85.541119,27.633705,1759
85.541106,27.633715,1759
85.541094,27.633725,1759
85.541083,27.633734,1759
85.541075,27.633743,1759
85.541068,27.633752,1759
85.54106,27.633762,1759
85.541052,27.63377,1759
85.541044,27.633777,1760
85.541037,27.633783,1760
85.54103,27.633787,1760
85.541022,27.63379,1760
85.541014,27.633792,1760
85.541007,27.633794,1760
85.541001,27.633798,1761
85.540996,27.6338,1761
85.540991,27.633804,1761
85.540986,27.633809,1761
85.540981,27.633811,1761
85.540977,27.633816,1761
85.540973,27.63382,1762
85.540967,27.633823,1762
85.540963,27.633825,1762
85.540958,27.633828,1762
85.540952,27.633832,1762
85.540947,27.633834,1762
85.54094,27.633837,1763
85.540935,27.633841,1763
85.540928,27.633846,1763
85.540922,27.63385,1763
85.540915,27.633853,1763
85.540907,27.633858,1764
85.540898,27.633863,1764
85.54089,27.633867,1764
85.540881,27.63387,1764
85.540872,27.633874,1764
85.540863,27.633878,1764
85.540855,27.633883,1764
85.540848,27.633889,1764
85.540842,27.633894,1765
85.540836,27.6339,1765
85.540831,27.633905,1765
85.540827,27.63391,1765
85.540821,27.633912,1765
85.540814,27.633912,1765
85.540807,27.633915,1766
85.540798,27.633921,1766
85.540787,27.633928,1766
85.540773,27.633937,1766
85.540762,27.633943,1766
85.540754,27.633947,1766
85.540747,27.633949,1767
85.540741,27.633951,1767
85.540736,27.633955,1767
85.540731,27.633959,1767
85.540726,27.633963,1767
85.540721,27.633968,1767
85.540716,27.633972,1768
85.540713,27.633975,1768
85.54071,27.633979,1768
85.540705,27.633983,1768
85.540699,27.633988,1768
85.540691,27.633994,1768
85.540683,27.633998,1768
85.540675,27.634003,1768
85.540666,27.634007,1769
85.540656,27.634012,1769
85.540646,27.634017,1769
85.540638,27.634021,1769
85.540631,27.634025,1769
85.540623,27.634029,1769
85.540614,27.634033,1769
85.540606,27.634036,1769
85.540598,27.63404,1770
85.54059,27.634044,1770
85.540584,27.634047,1770
85.540579,27.63405,1770
85.540572,27.634057,1770
85.540576,27.634052,1770
85.540572,27.634056,1770
85.54057,27.634057,1770
85.540565,27.634061,1770
85.540558,27.634064,1770
85.540548,27.634068,1770
85.540536,27.634071,1770
85.540524,27.634076,1770
85.540511,27.634082,1770
85.540496,27.63409,1770
85.540483,27.634097,1770
85.540473,27.634103,1770
85.540454,27.634121,1770
85.540455,27.634123,1771
85.540455,27.634126,1772
85.540457,27.634128,1772
85.540459,27.634129,1772
85.540461,27.634129,1772
85.540462,27.634126,1772
85.540463,27.634123,1773
85.540463,27.634118,1773
85.540464,27.634113,1773
85.540463,27.634109,1773
85.540462,27.634105,1773
85.54046,27.634103,1774
85.540458,27.634102,1774
85.540456,27.634105,1774
85.540456,27.634109,1774
85.540455,27.634112,1774
85.540455,27.634116,1774
85.540451,27.634129,1775
</coordinates>
</LineString>
</Placemark>
<Placemark>
<name/>
<styleUrl>#line-0000FF-2000-nodesc</styleUrl>
<LineString>
<tessellate>1</tessellate>
<coordinates>
85.534409,27.679293,2017
85.534417,27.679289,2017
85.534432,27.679284,2017
85.534445,27.67928,2017
85.534456,27.679276,2017
85.534465,27.679272,2017
85.534475,27.679265,2017
85.534484,27.679259,2017
85.534493,27.679254,2017
85.5345,27.67925,2017
85.534508,27.679247,2017
85.534516,27.679244,2017
85.534524,27.679243,2017
85.534533,27.679242,2017
85.53454,27.679241,2017
85.534548,27.679242,2017
85.534555,27.679244,2017
85.534562,27.679245,2017
85.534568,27.679246,2017
85.534571,27.679246,2017
85.534568,27.679246,2017
85.534567,27.679249,2017
85.534567,27.679252,2017
85.53457,27.679253,2017
85.534573,27.679254,2017
85.534578,27.679256,2017
85.534584,27.679258,2017
85.534592,27.679261,2017
85.534599,27.679265,2017
85.534606,27.67927,2017
85.534612,27.679275,2017
85.534619,27.679278,2017
85.534625,27.679281,2017
85.534631,27.679285,2017
85.534637,27.679291,2017
85.534642,27.679297,2017
85.534647,27.679301,2017
85.534651,27.679305,2017
85.534655,27.679308,2017
85.53466,27.679311,2017
85.534666,27.679314,2017
85.534671,27.679316,2017
85.534675,27.679319,2017
85.534678,27.679322,2017
85.534679,27.679326,2017
85.53468,27.67933,2017
85.534681,27.679335,2017
85.534683,27.679351,2017
85.534683,27.679352,2017
85.534683,27.679354,2017
85.534685,27.679356,2017
85.534688,27.679362,2017
85.534694,27.679369,2017
85.534701,27.679374,2017
85.534708,27.679377,2017
85.534721,27.679386,2017
85.534719,27.679379,2017
85.534721,27.679381,2017
85.534725,27.679381,2017
85.534733,27.679383,2017
85.534744,27.679385,2017
85.534755,27.679389,2017
85.534766,27.679392,2017
85.534775,27.679395,2017
85.534783,27.679397,2017
85.534789,27.679399,2017
85.534794,27.679401,2017
85.534811,27.679399,2017
85.534813,27.679399,2017
85.534817,27.679398,2017
85.534821,27.679397,2017
85.534826,27.679397,2017
85.534831,27.679396,2017
85.534835,27.679395,2017
85.53484,27.679395,2017
85.534844,27.679394,2017
85.534848,27.679393,2017
85.534853,27.679394,2017
85.534854,27.679391,2017
85.534851,27.67939,2017
85.534846,27.679389,2017
85.53484,27.679387,2017
85.534831,27.679385,2017
85.53482,27.679381,2017
85.534807,27.679376,2017
85.534794,27.67937,2017
85.53478,27.679361,2017
85.534767,27.679352,2017
85.534754,27.679345,2017
85.534743,27.67934,2017
85.534731,27.679336,2017
85.53472,27.679334,2017
85.534712,27.679331,2017
85.534705,27.679329,2017
85.53469,27.679331,2017
85.534688,27.679334,2017
85.534686,27.679326,2017
85.534681,27.679326,2017
85.53468,27.679326,2017
85.534679,27.679325,2017
85.534676,27.679323,2017
85.534673,27.67932,2017
85.534669,27.679318,2017
85.534666,27.679316,2017
85.534646,27.679311,2017
85.534641,27.679309,2017
85.534636,27.679306,2017
85.534636,27.679298,2017
85.534636,27.679297,2017
85.534636,27.679295,2017
85.534635,27.679288,2017
85.534635,27.679287,2017
85.534623,27.679286,2017
85.534622,27.679286,2017
85.53462,27.679287,2017
85.534618,27.679288,2017
85.534601,27.679283,2017
85.5346,27.679282,2017
85.534598,27.67928,2017
85.534595,27.679275,2017
85.53459,27.679268,2017
85.534584,27.67926,2017
85.534576,27.679253,2017
85.534567,27.679245,2017
85.534557,27.679237,2017
85.534548,27.67923,2017
85.53454,27.679223,2017
85.534532,27.679217,2017
85.534526,27.67921,2017
85.534521,27.679206,2017
85.534505,27.679196,2017
85.534504,27.679196,2017
85.534502,27.679196,2017
85.534502,27.679197,2017
85.534503,27.679196,2017
85.534488,27.679184,2017
85.534487,27.679183,2017
85.534481,27.679179,2017
85.534472,27.679174,2017
85.534464,27.679167,2017
85.534457,27.679158,2017
85.53445,27.679148,2017
85.534445,27.679138,2017
85.53444,27.679127,2017
85.534436,27.679117,2017
85.534432,27.679109,2017
85.534429,27.679102,2017
85.534426,27.679096,2017
85.534423,27.67909,2017
85.534422,27.679081,2017
85.534419,27.679072,2017
85.534413,27.67906,2017
85.534409,27.679045,2017
85.534404,27.679031,2017
85.534398,27.679017,2017
85.534392,27.679005,2017
85.534384,27.678995,2017
85.534376,27.678985,2016
85.534368,27.678975,2016
85.53436,27.678965,2016
85.53435,27.678955,2016
85.534339,27.678945,2016
85.534329,27.678936,2016
85.534318,27.678929,2016
85.534306,27.678921,2016
85.534294,27.678914,2016
85.53428,27.678905,2016
85.534266,27.678897,2015
85.534254,27.678889,2015
85.534244,27.678884,2015
85.534237,27.67888,2015
85.534222,27.678871,2015
85.53422,27.67887,2015
85.534217,27.678866,2015
85.534213,27.678862,2015
85.534212,27.678857,2015
85.534211,27.678848,2015
85.53421,27.678841,2015
85.534206,27.678834,2015
85.534201,27.678824,2015
85.534194,27.678815,2015
85.534187,27.678808,2015
85.534181,27.678802,2015
85.534173,27.678795,2015
85.534166,27.678788,2015
85.534157,27.678776,2015
85.53415,27.678762,2015
85.534148,27.678748,2015
85.534143,27.678736,2015
85.534137,27.678724,2014
85.53413,27.678713,2014
85.534122,27.678704,2014
85.534116,27.678693,2014
85.53411,27.678681,2014
85.534103,27.678666,2013
85.534095,27.678651,2013
85.534086,27.67864,2013
85.534077,27.678631,2013
85.534071,27.678624,2013
85.534067,27.678618,2013
85.534063,27.678611,2013
85.534061,27.678605,2013
85.534058,27.6786,2012
85.534055,27.678594,2012
85.534053,27.678589,2012
85.53405,27.67858,2012
85.534049,27.678579,2012
85.534048,27.678577,2012
85.534047,27.678573,2012
85.534046,27.67857,2012
85.534047,27.678565,2012
85.53405,27.678561,2012
85.534053,27.678556,2012
85.534055,27.67855,2012
85.534057,27.678545,2012
85.534058,27.678538,2012
85.534059,27.678531,2011
85.534062,27.678523,2011
85.534067,27.678513,2011
85.534074,27.678503,2011
85.53408,27.678493,2011
85.534084,27.678483,2011
85.534089,27.678475,2011
85.534094,27.678468,2010
85.5341,27.678462,2010
85.534107,27.678454,2010
85.534113,27.678447,2010
85.53412,27.67844,2010
85.534127,27.678434,2010
85.534135,27.678428,2010
85.534143,27.678423,2010
85.534153,27.678419,2009
85.534165,27.678416,2009
85.534176,27.678413,2009
85.534188,27.67841,2009
85.534198,27.678405,2009
85.534206,27.6784,2009
85.534214,27.678394,2009
85.534221,27.678387,2009
85.534227,27.678381,2008
85.534232,27.678376,2008
85.534238,27.678371,2008
85.534244,27.678366,2008
85.534251,27.678359,2008
85.534256,27.678352,2008
85.534258,27.678344,2008
85.534258,27.678337,2007
85.534257,27.678329,2007
85.534256,27.678318,2007
85.534256,27.678306,2007
85.534259,27.678294,2007
85.534264,27.678283,2007
85.53427,27.678272,2007
85.534277,27.67826,2007
85.534282,27.678247,2006
85.534287,27.678233,2006
85.534292,27.678219,2006
85.534299,27.678205,2006
85.534306,27.678189,2006
85.534314,27.678174,2006
85.534322,27.67816,2005
85.534328,27.678146,2005
85.534331,27.678134,2005
85.534334,27.678122,2005
85.534337,27.678111,2005
85.534338,27.678097,2005
85.534339,27.67808,2005
85.534341,27.678065,2005
85.534345,27.67805,2004
85.53435,27.678038,2004
85.534356,27.678028,2004
85.534361,27.678019,2004
85.534365,27.678009,2004
85.534369,27.678001,2003
85.534373,27.677992,2003
85.534378,27.677981,2003
85.534381,27.67797,2003
85.534383,27.677957,2003
85.534385,27.677944,2002
85.534388,27.67793,2002
85.534391,27.677917,2002
85.534397,27.677905,2002
85.534403,27.677893,2002
85.53441,27.67788,2001
85.534416,27.677868,2001
85.534422,27.677857,2001
85.534427,27.677845,2001
85.534432,27.677834,2001
85.534437,27.677823,2001
85.534442,27.677814,2001
85.534449,27.677806,2000
85.534456,27.677797,2000
85.534463,27.677786,2000
85.53447,27.677776,2000
85.534477,27.677765,1999
85.534484,27.677755,1999
85.534492,27.677746,1999
85.534499,27.677738,1999
85.534505,27.67773,1999
85.534512,27.677722,1999
85.534519,27.677712,1999
85.534526,27.677702,1999
85.534533,27.677691,1999
85.534541,27.677681,1999
85.534549,27.677671,1999
85.534556,27.67766,1998
85.534561,27.677648,1998
85.534565,27.677636,1998
85.534567,27.677624,1997
85.534568,27.677612,1997
85.534569,27.677602,1997
85.534571,27.677595,1997
85.534579,27.677579,1997
85.534582,27.677579,1997
85.53458,27.677577,1997
85.53458,27.677574,1997
85.534579,27.67757,1997
85.534574,27.677562,1997
85.534567,27.677553,1997
85.534556,27.677544,1997
85.534545,27.677536,1997
85.534535,27.677528,1997
85.534525,27.677522,1997
85.534513,27.677516,1997
85.534501,27.67751,1997
85.53449,27.677505,1997
85.534481,27.677502,1997
85.534462,27.677497,1997
85.534463,27.677497,1997
85.534466,27.677499,1997
85.534465,27.677499,1997
85.534461,27.677497,1997
85.534467,27.677499,1997
85.534473,27.677498,1997
85.534483,27.677494,1997
85.534498,27.677487,1997
85.534515,27.677479,1997
85.534532,27.67747,1997
85.534549,27.67746,1997
85.534566,27.677451,1997
85.534583,27.677443,1997
85.534601,27.677434,1997
85.534616,27.677427,1997
85.534629,27.67742,1997
85.53464,27.677413,1997
85.534649,27.677406,1997
85.534658,27.677399,1997
85.534667,27.677391,1997
85.534675,27.677384,1997
85.534683,27.677378,1997
85.53469,27.677372,1997
85.534694,27.677365,1997
85.534699,27.677353,1997
85.534699,27.677352,1997
85.534701,27.67735,1997
85.534703,27.677348,1997
85.534708,27.677346,1997
85.534714,27.677344,1997
85.534723,27.677341,1997
85.534733,27.677337,1997
85.534744,27.677333,1997
85.534756,27.677329,1997
85.534767,27.677325,1997
85.534777,27.677322,1997
85.534788,27.677318,1997
85.534799,27.677315,1997
85.534811,27.677313,1997
85.534821,27.677311,1997
85.53483,27.677308,1997
85.534838,27.677306,1992
85.534845,27.677302,1992
85.534852,27.677296,1992
85.534857,27.67729,1992
85.534861,27.677285,1991
85.534865,27.677282,1991
85.534874,27.677276,1991
85.534871,27.677271,1991
85.534873,27.677268,1991
85.534877,27.677262,1991
85.534882,27.677254,1991
85.534887,27.677245,1991
85.534893,27.677234,1991
85.534901,27.677222,1988
85.534908,27.677207,1988
85.534916,27.677194,1987
85.534924,27.677181,1987
85.534932,27.67717,1987
85.534938,27.67716,1986
85.534943,27.677151,1986
85.534945,27.677141,1985
85.534944,27.677131,1985
85.534941,27.677121,1985
85.534938,27.677112,1985
85.534939,27.677104,1984
85.534939,27.677098,1984
85.534939,27.677092,1984
85.53494,27.677085,1984
85.534941,27.677079,1983
85.534944,27.677073,1983
85.534947,27.677066,1983
85.534947,27.67706,1983
85.534948,27.677055,1983
85.534952,27.677048,1983
85.534956,27.67704,1982
85.534958,27.677032,1982
85.534958,27.677024,1982
85.534956,27.677015,1982
85.534954,27.677008,1982
85.534954,27.677001,1982
85.534955,27.676995,1981
85.534956,27.67699,1981
85.534958,27.676988,1981
85.534961,27.67699,1981
85.534966,27.676994,1980
85.534973,27.676997,1980
85.534979,27.676999,1980
85.534986,27.676998,1980
85.534993,27.676996,1979
85.534999,27.676992,1979
85.535004,27.676989,1979
85.535007,27.676985,1979
85.535009,27.676982,1978
85.535009,27.676979,1978
85.535008,27.676974,1978
85.535004,27.676966,1978
85.534999,27.676955,1978
85.534995,27.676945,1977
85.534991,27.676937,1977
85.534988,27.67693,1977
85.534984,27.676923,1977
85.534984,27.676917,1977
85.534985,27.67691,1977
85.534987,27.676904,1977
85.53499,27.676898,1976
85.534993,27.676892,1976
85.534998,27.676885,1975
85.535004,27.676878,1975
85.535009,27.676871,1975
85.535013,27.676864,1975
85.535015,27.676856,1974
85.535018,27.676848,1974
85.535021,27.676843,1974
85.535023,27.676838,1974
85.535025,27.676833,1974
85.535027,27.676829,1973
85.535029,27.676824,1973
85.535031,27.676818,1972
85.535033,27.676813,1972
85.535044,27.676802,1972
85.535045,27.676799,1972
85.535048,27.676794,1971
85.535052,27.676787,1971
85.535056,27.67678,1971
85.53506,27.676774,1971
85.535066,27.676767,1970
85.535073,27.676761,1970
85.535081,27.676754,1970
85.535088,27.676747,1970
85.535093,27.676738,1969
85.535097,27.676728,1969
85.5351,27.676717,1969
85.5351,27.676706,1968
85.5351,27.676696,1968
85.5351,27.676689,1968
85.535098,27.676683,1968
85.535098,27.676678,1968
85.5351,27.676672,1968
85.535101,27.676664,1968
85.535104,27.676655,1967
85.535106,27.676648,1967
85.535109,27.67664,1967
85.535113,27.676634,1967
85.535116,27.676629,1967
85.535124,27.67662,1967
85.535127,27.676622,1967
85.535127,27.676612,1967
85.535127,27.67661,1967
85.535127,27.676608,1967
85.535126,27.676604,1965
85.535125,27.6766,1965
85.535124,27.676594,1965
85.535124,27.676587,1965
85.535125,27.676579,1964
85.535126,27.676569,1964
85.535126,27.676558,1964
85.535126,27.676546,1964
85.535128,27.676536,1963
85.535131,27.676527,1963
85.535134,27.676517,1963
85.535138,27.676506,1963
85.535139,27.676496,1962
85.53514,27.676486,1962
85.53514,27.676478,1961
85.535142,27.67647,1961
85.535146,27.676461,1961
85.535151,27.676453,1961
85.535156,27.676444,1960
85.53516,27.676435,1960
85.535162,27.676425,1959
85.53516,27.676418,1959
85.535157,27.676412,1959
85.535156,27.676405,1959
85.535158,27.676399,1958
85.535158,27.676392,1958
85.535161,27.676386,1958
85.535163,27.67638,1958
85.535165,27.676374,1957
85.535166,27.676368,1957
85.535168,27.676364,1957
85.535168,27.676361,1957
85.535167,27.676357,1956
85.535167,27.676354,1956
85.53517,27.676349,1956
85.535173,27.676343,1956
85.535176,27.676336,1955
85.535177,27.676329,1955
85.535174,27.67632,1954
85.535172,27.67632,1954
85.535169,27.676317,1954
85.535168,27.676314,1954
85.535168,27.676309,1953
85.535167,27.676304,1953
85.535165,27.676298,1953
85.535163,27.676291,1952
85.535161,27.676284,1952
85.53516,27.676277,1952
85.535163,27.67627,1951
85.535169,27.676265,1951
85.535174,27.67626,1951
85.535179,27.676257,1951
85.535182,27.676255,1950
85.535191,27.676245,1950
85.535191,27.676242,1949
85.535192,27.676238,1949
85.535193,27.676232,1948
85.535193,27.676225,1948
85.535192,27.676218,1948
85.535188,27.676211,1948
85.535182,27.676203,1947
85.535174,27.676196,1947
85.535167,27.676184,1947
85.53516,27.676172,1947
85.535153,27.676161,1946
85.535149,27.676153,1946
85.535145,27.676145,1945
85.535143,27.676137,1945
85.535141,27.67613,1945
85.535136,27.676114,1945
85.535136,27.676107,1944
85.535136,27.676106,1944
85.535136,27.676101,1944
85.535135,27.676097,1943
85.535137,27.676085,1943
85.53514,27.676069,1943
85.535142,27.676053,1943
85.535144,27.676039,1942
85.535144,27.676007,1942
85.535143,27.676006,1941
85.535142,27.676001,1941
85.535142,27.675993,1941
85.535145,27.675984,1940
85.535149,27.675974,1940
85.535154,27.675966,1939
85.535161,27.675958,1939
85.535166,27.675951,1939
85.53517,27.675945,1938
85.535172,27.675939,1938
85.535172,27.675932,1937
85.535172,27.675922,1937
85.535173,27.675912,1937
85.535173,27.675903,1937
85.535173,27.675896,1937
85.535175,27.675891,1936
85.53518,27.675885,1936
85.535185,27.675881,1936
85.535189,27.675879,1936
85.535201,27.675876,1935
85.535202,27.675876,1935
85.535205,27.675876,1935
85.535207,27.675877,1935
85.535211,27.675878,1935
85.535215,27.675878,1935
85.535218,27.675882,1935
85.535214,27.675881,1935
85.535211,27.675877,1935
85.535208,27.675872,1935
85.535215,27.675871,1935
85.535225,27.675869,1935
85.535237,27.675867,1935
85.535247,27.675865,1935
85.535255,27.675863,1935
85.535263,27.675861,1935
85.535271,27.675861,1935
85.53528,27.675862,1935
85.53529,27.675865,1935
85.535301,27.675869,1935
85.535312,27.675872,1935
85.53532,27.675876,1935
85.535329,27.67588,1935
85.535336,27.675884,1935
85.535345,27.67589,1935
85.535353,27.675895,1935
85.535364,27.675898,1935
85.535375,27.6759,1935
85.535385,27.675902,1935
85.535394,27.675899,1935
85.535403,27.675897,1935
85.535412,27.675897,1935
85.535422,27.675897,1935
85.535432,27.675897,1931
85.535441,27.675897,1931
85.53545,27.675898,1931
85.535457,27.675899,1931
85.535463,27.675899,1930
85.53547,27.6759,1930
85.535476,27.6759,1929
85.535486,27.675901,1929
85.535488,27.675907,1929
85.535488,27.675911,1929
85.53549,27.675914,1928
85.535493,27.675917,1928
85.5355,27.675916,1927
85.535508,27.675913,1927
85.535514,27.67591,1927
85.535533,27.675889,1927
85.535535,27.675885,1927
85.53554,27.67588,1926
85.535546,27.675873,1926
85.535552,27.675868,1926
85.535556,27.675862,1925
85.535561,27.675853,1925
85.535567,27.675843,1925
85.53557,27.675835,1924
85.535571,27.675828,1924
85.535567,27.675824,1923
85.535562,27.67582,1923
85.535557,27.675817,1923
85.535553,27.675813,1923
85.535551,27.67581,1922
85.535548,27.675804,1922
85.535545,27.675798,1922
85.535541,27.675791,1922
85.535537,27.675786,1922
85.535532,27.675783,1921
85.535527,27.675783,1921
85.535521,27.675784,1921
85.535516,27.675786,1921
85.535511,27.675788,1921
85.535496,27.675791,1921
85.535497,27.675789,1921
85.535498,27.675785,1921
85.5355,27.675779,1921
85.535502,27.675773,1920
85.535503,27.675767,1920
85.535503,27.675761,1920
85.535502,27.675756,1920
85.535499,27.675754,1919
85.535497,27.675754,1919
85.535494,27.675754,1919
85.535491,27.675753,1919
85.535491,27.67575,1919
85.535492,27.675747,1919
85.535493,27.675744,1919
85.535493,27.675731,1919
85.535492,27.675729,1919
85.53549,27.675727,1918
85.535488,27.675723,1918
85.535485,27.675719,1918
85.535483,27.675715,1918
85.535481,27.675712,1918
85.535479,27.675707,1918
85.535479,27.675701,1918
85.535478,27.675694,1917
85.535477,27.675686,1917
85.535478,27.675676,1917
85.535479,27.675668,1916
85.535478,27.675662,1916
85.535476,27.675656,1916
85.535474,27.675655,1916
85.535471,27.675654,1916
85.535469,27.675654,1916
85.535465,27.675653,1915
85.53546,27.675651,1915
85.535455,27.675648,1915
85.535451,27.675645,1915
85.535447,27.67564,1915
85.535444,27.675633,1915
85.535441,27.675624,1915
85.535438,27.675616,1915
85.535437,27.675608,1915
85.535437,27.675599,1915
85.535439,27.67559,1915
85.535442,27.675582,1915
85.535444,27.675576,1915
85.535435,27.675568,1915
85.53543,27.675563,1915
85.535429,27.67556,1915
85.535429,27.675556,1915
85.535431,27.675546,1915
85.53543,27.675548,1915
85.53543,27.675543,1915
85.535429,27.675542,1915
85.535428,27.675535,1915
85.535428,27.675534,1915
85.535428,27.675532,1915
85.535426,27.67553,1915
85.535424,27.675528,1915
85.535421,27.675526,1915
85.535418,27.675523,1915
85.535415,27.675521,1915
85.535409,27.675517,1915
85.535403,27.675515,1915
85.535386,27.67551,1915
85.535388,27.675508,1915
85.535394,27.675504,1915
85.535402,27.675498,1915
85.535411,27.675488,1915
85.535417,27.67548,1915
85.535422,27.675473,1915
85.535427,27.675467,1915
85.535434,27.675461,1915
85.53544,27.675456,1915
85.535446,27.675452,1915
85.535451,27.675446,1913
85.535458,27.675439,1913
85.535463,27.675433,1913
85.53547,27.675426,1913
85.535476,27.675418,1913
85.535481,27.675408,1913
85.535487,27.675399,1913
85.535493,27.67539,1913
85.535496,27.675382,1913
85.5355,27.675373,1913
85.535503,27.675366,1913
85.535505,27.675357,1913
85.535507,27.675347,1913
85.535509,27.675335,1912
85.535512,27.675323,1912
85.535516,27.675311,1912
85.535519,27.675299,1912
85.535523,27.675287,1912
85.535527,27.675276,1912
85.535532,27.675264,1912
85.535539,27.675254,1912
85.535548,27.675245,1912
85.535557,27.675237,1911
85.535566,27.675229,1911
85.535578,27.675219,1911
85.535588,27.67521,1911
85.535595,27.675201,1911
85.535601,27.675193,1911
85.535606,27.675185,1910
85.535611,27.675178,1910
85.535616,27.675173,1910
85.535622,27.675168,1910
85.535628,27.675163,1909
85.535633,27.675159,1909
85.535637,27.675156,1909
85.535642,27.675154,1909
85.535646,27.675149,1909
85.535653,27.675145,1908
85.535663,27.675143,1908
85.535676,27.675139,1908
85.535691,27.675135,1907
85.535707,27.675129,1907
85.53572,27.675124,1907
85.53573,27.67512,1907
85.535737,27.675113,1907
85.535745,27.675106,1906
85.535753,27.675097,1906
85.535759,27.675089,1906
85.535765,27.675081,1906
85.535772,27.675073,1906
85.53578,27.675066,1905
85.535788,27.675059,1905
85.535796,27.675051,1905
85.535804,27.675041,1905
85.535809,27.675029,1905
85.535812,27.675015,1904
85.535814,27.675004,1904
85.535816,27.674998,1904
85.535821,27.674984,1904
85.535822,27.674982,1903
85.535822,27.674981,1903
85.535825,27.674976,1903
85.535828,27.674971,1903
85.535832,27.674967,1902
85.535835,27.674962,1902
85.535838,27.674956,1902
85.535843,27.67494,1902
85.535844,27.674939,1901
85.535847,27.674938,1901
85.535852,27.674936,1900
85.535859,27.674934,1900
85.535868,27.67493,1900
85.535879,27.674926,1900
85.535889,27.674921,1900
85.535899,27.674913,1899
85.535907,27.674905,1899
85.535914,27.674896,1899
85.535921,27.674888,1899
85.535927,27.674882,1899
85.535932,27.674877,1898
85.535939,27.674871,1898
85.535947,27.674862,1898
85.535956,27.674853,1898
85.535964,27.674845,1897
85.53597,27.674837,1897
85.535977,27.674832,1897
85.535983,27.674827,1897
85.535989,27.674825,1897
85.536001,27.674819,1897
85.536,27.674817,1896
85.536001,27.674815,1896
85.535996,27.674817,1896
85.535997,27.674816,1896
85.535996,27.674817,1896
85.536006,27.674809,1896
85.536009,27.674805,1896
85.536015,27.674796,1895
85.536022,27.674783,1894
85.53603,27.674771,1893
85.536041,27.67476,1893
85.536054,27.67475,1893
85.536068,27.674739,1892
85.536083,27.674728,1892
85.536098,27.674717,1891
85.536113,27.67471,1891
85.536125,27.674705,1891
85.536136,27.674701,1891
85.536145,27.674695,1890
85.536154,27.674689,1890
85.536162,27.674684,1890
85.536169,27.674677,1890
85.536177,27.674669,1889
85.536184,27.674664,1889
85.536189,27.674659,1889
85.536193,27.674655,1889
85.536198,27.67465,1888
85.536203,27.674645,1888
85.536208,27.67464,1888
85.536214,27.674635,1888
85.536218,27.67463,1887
85.536221,27.674624,1887
85.536225,27.674618,1887
85.536231,27.674612,1887
85.536235,27.674607,1886
85.536239,27.674601,1886
85.536243,27.674594,1885
85.536242,27.674588,1885
85.53624,27.674583,1885
85.536239,27.674577,1885
85.536239,27.674572,1884
85.53624,27.674569,1884
85.536242,27.674569,1884
85.536245,27.674566,1884
85.536245,27.674565,1884
85.536243,27.674565,1884
85.536241,27.674565,1884
85.536238,27.674566,1884
85.536237,27.674567,1884
85.536233,27.674572,1884
85.536234,27.674571,1884
85.536235,27.674569,1884
85.536241,27.674567,1884
85.536245,27.674564,1884
85.536245,27.674563,1884
85.536245,27.674561,1884
85.536251,27.674552,1884
85.536254,27.674548,1884
85.536262,27.674541,1884
85.536272,27.674531,1882
85.536282,27.674522,1881
85.536293,27.674512,1881
85.536301,27.674504,1881
85.536309,27.674495,1881
85.536317,27.674486,1881
85.536325,27.674477,1880
85.536338,27.674454,1880
85.536336,27.674455,1880
85.536335,27.674456,1880
85.536335,27.674459,1880
85.536328,27.674461,1880
85.536322,27.674462,1880
85.536319,27.67446,1880
85.536318,27.674456,1880
85.536319,27.674448,1879
85.53632,27.674441,1879
85.536323,27.674433,1879
85.536328,27.674426,1879
85.536332,27.674419,1879
85.536337,27.674412,1878
85.536342,27.674404,1878
85.536349,27.674395,1878
85.536353,27.674388,1878
85.536362,27.674366,1877
85.536362,27.674365,1877
85.536358,27.674364,1877
85.536357,27.674363,1877
85.536359,27.674362,1877
85.536363,27.674359,1877
85.536366,27.674355,1877
85.536368,27.67435,1877
85.536369,27.674346,1877
85.536368,27.674336,1877
85.536367,27.674329,1877
85.536365,27.674326,1877
85.536363,27.674325,1877
85.53636,27.674326,1877
85.536357,27.674325,1877
85.536355,27.674323,1877
85.536358,27.67432,1877
85.536365,27.674315,1877
85.536377,27.67431,1875
85.53639,27.674307,1875
85.536404,27.674304,1875
85.536421,27.6743,1874
85.53644,27.674293,1874
85.53646,27.674282,1874
85.536479,27.67427,1874
85.536494,27.674258,1873
85.536507,27.674246,1873
85.536519,27.674233,1873
85.536531,27.674222,1873
85.536544,27.67421,1873
85.536555,27.674197,1872
85.536565,27.674182,1872
85.536572,27.674168,1872
85.536579,27.674155,1872
85.536584,27.674144,1872
85.536588,27.674135,1872
85.536592,27.674128,1872
85.536596,27.674122,1872
85.5366,27.674111,1872
85.536597,27.674109,1872
85.536602,27.674113,1872
85.536602,27.674114,1872
85.536607,27.674121,1872
85.536612,27.674121,1872
85.536613,27.674119,1872
85.536615,27.674113,1872
85.53662,27.674105,1872
85.536627,27.674096,1872
85.536635,27.674087,1872
85.536644,27.674077,1872
85.536654,27.674068,1872
85.536664,27.67406,1872
85.536672,27.674053,1872
85.536681,27.674046,1872
85.536688,27.674039,1872
85.536694,27.674033,1872
85.536697,27.674028,1872
85.536702,27.674023,1872
85.536707,27.674019,1872
85.536711,27.674015,1872
85.536723,27.674008,1872
85.536732,27.674,1872
85.536733,27.673998,1872
85.536735,27.673996,1872
85.536738,27.673993,1869
85.536744,27.673992,1869
85.536748,27.67399,1869
85.536758,27.673986,1869
85.536759,27.673986,1869
85.53676,27.673987,1868
85.536767,27.673986,1868
85.536768,27.673985,1868
85.536771,27.673982,1868
85.536774,27.673979,1868
85.536777,27.673976,1868
85.53678,27.673973,1868
85.536784,27.67397,1868
85.536788,27.673966,1868
85.536792,27.673962,1868
85.536793,27.673958,1868
85.536794,27.673955,1868
85.536794,27.673951,1868
85.536792,27.673949,1868
85.536791,27.673946,1868
85.536787,27.673946,1868
85.536787,27.673947,1868
85.53679,27.673946,1868
85.536791,27.673946,1868
85.536792,27.673946,1868
85.536798,27.673941,1868
85.536802,27.673938,1868
85.536808,27.673932,1868
85.536816,27.673924,1868
85.536822,27.673914,1868
85.536826,27.673903,1868
85.536832,27.673893,1868
85.536839,27.673881,1868
85.536848,27.673866,1866
85.536859,27.673851,1866
85.536869,27.673838,1866
85.536881,27.673828,1866
85.536892,27.673819,1866
85.5369,27.673811,1866
85.536906,27.673806,1865
85.536913,27.673802,1865
85.536921,27.6738,1865
85.536931,27.673802,1865
85.53694,27.673806,1864
85.536949,27.673808,1864
85.536957,27.673805,1864
85.536965,27.6738,1864
85.536974,27.673794,1864
85.536985,27.673787,1863
85.536996,27.673779,1863
85.537008,27.67377,1863
85.53702,27.673761,1863
85.537031,27.67375,1863
85.537041,27.67374,1863
85.53705,27.673728,1862
85.537059,27.673716,1862
85.537067,27.673707,1862
85.537076,27.673699,1862
85.537084,27.673692,1862
85.537089,27.673686,1862
85.537094,27.673682,1862
85.537098,27.673679,1862
85.537102,27.673676,1861
85.537102,27.673672,1861
85.537103,27.673671,1861
85.53711,27.673672,1861
85.537111,27.673671,1861
85.537114,27.673669,1861
85.537118,27.673667,1861
85.537126,27.673665,1861
85.537132,27.673662,1861
85.537138,27.673658,1861
85.537143,27.673659,1861
85.537147,27.673662,1861
85.537151,27.673666,1860
85.537154,27.673671,1860
85.537155,27.673675,1860
85.537158,27.673676,1860
85.537161,27.673674,1860
85.537165,27.673672,1860
85.53717,27.673669,1860
85.537174,27.673667,1860
85.537179,27.673666,1860
85.537183,27.673665,1860
85.537192,27.673668,1860
85.537195,27.673667,1860
85.537199,27.673662,1860
85.537207,27.673656,1860
85.537219,27.673648,1860
85.537236,27.673638,1860
85.537256,27.673628,1860
85.537276,27.673618,1860
85.537296,27.673607,1860
85.537313,27.673596,1859
85.537328,27.673586,1859
85.53734,27.673576,1859
85.537351,27.673566,1858
85.537361,27.673555,1858
85.537373,27.673544,1858
85.537382,27.673534,1857
85.53739,27.673525,1857
85.537395,27.673517,1857
85.537397,27.673509,1857
85.5374,27.673501,1856
85.537403,27.673492,1856
85.537405,27.673482,1856
85.537405,27.673472,1856
85.537406,27.673463,1855
85.537407,27.673455,1855
85.537407,27.673448,1855
85.537407,27.673442,1855
85.537408,27.673437,1855
85.537411,27.673432,1854
85.537416,27.673427,1854
85.537421,27.673421,1854
85.537427,27.673416,1854
85.537435,27.673411,1854
85.537444,27.673407,1853
85.537452,27.673401,1853
85.537461,27.673394,1852
85.537469,27.673387,1852
85.537477,27.673381,1852
85.537486,27.673377,1852
85.537493,27.673372,1851
85.537512,27.673355,1851
85.537513,27.673354,1851
85.537516,27.673351,1851
85.537521,27.673346,1851
85.537527,27.673338,1850
85.537532,27.67333,1850
85.537537,27.673322,1849
85.537541,27.673316,1849
85.537552,27.67331,1849
85.537558,27.673304,1849
85.537559,27.673301,1849
85.537561,27.673295,1848
85.537564,27.673287,1847
85.537569,27.673278,1846
85.537574,27.673268,1846
85.537579,27.673258,1846
85.537584,27.673249,1845
85.537589,27.673241,1845
85.537595,27.673233,1845
85.537612,27.673215,1845
85.537622,27.673209,1845
85.537623,27.673208,1845
85.53764,27.673204,1845
85.53765,27.67321,1845
85.537642,27.673212,1845
85.537632,27.673215,1845
85.53763,27.673217,1845
85.537623,27.673224,1845
85.537618,27.673227,1845
85.537608,27.673237,1845
85.537617,27.673227,1845
85.537618,27.673225,1845
85.53762,27.67322,1845
85.537623,27.673214,1845
85.537628,27.673206,1845
85.537633,27.673197,1845
85.537638,27.673186,1845
85.537645,27.673173,1845
85.537652,27.673159,1845
85.537659,27.673145,1845
85.537663,27.673135,1845
85.537663,27.673127,1845
85.537662,27.673121,1845
85.537664,27.673113,1845
85.537666,27.673104,1845
85.537669,27.673095,1845
85.53767,27.673088,1845
85.537672,27.673081,1845
85.537673,27.673076,1845
85.537673,27.67307,1845
85.537673,27.673065,1845
85.537674,27.673059,1845
85.537677,27.673053,1845
85.537679,27.673048,1845
85.537682,27.673043,1845
85.537683,27.673038,1845
85.537682,27.673035,1845
85.537682,27.673032,1845
85.537681,27.673029,1845
85.537681,27.673025,1845
85.53768,27.673012,1845
85.53768,27.67301,1845
85.53768,27.673006,1845
85.537678,27.673001,1845
85.537677,27.672996,1845
85.537677,27.67299,1845
85.537677,27.672985,1845
85.537679,27.672979,1845
85.537681,27.672971,1845
85.537682,27.672963,1845
85.537684,27.672954,1845
85.537686,27.672946,1845
85.537688,27.672937,1845
85.537689,27.672931,1845
85.537691,27.672922,1845
85.537692,27.672913,1845
85.537694,27.672906,1845
85.537695,27.672898,1845
85.537696,27.672891,1845
85.537697,27.672885,1845
85.537699,27.67288,1845
85.537699,27.672876,1845
85.537698,27.672871,1845
85.5377,27.672861,1845
85.537701,27.672861,1845
85.537699,27.672861,1845
85.537695,27.672861,1845
85.537689,27.672861,1845
85.537681,27.672857,1845
85.537676,27.672852,1845
85.537673,27.672846,1845
85.53767,27.67284,1845
85.537668,27.672834,1845
85.537666,27.672827,1845
85.537665,27.672819,1845
85.537663,27.672812,1845
85.53766,27.672806,1845
85.537657,27.672801,1845
85.537654,27.672796,1845
85.53765,27.67279,1845
85.537647,27.672783,1845
85.537646,27.672777,1824
85.537647,27.67277,1824
85.537648,27.672763,1824
85.53765,27.672754,1824
85.537651,27.672746,1824
85.53765,27.672739,1823
85.537651,27.672732,1823
85.537651,27.672725,1823
85.537653,27.67272,1823
85.537656,27.672713,1823
85.537658,27.672706,1823
85.537658,27.672698,1822
85.537658,27.672688,1822
85.537658,27.672679,1822
85.537657,27.67267,1822
85.537654,27.672662,1822
85.537652,27.672654,1822
85.537648,27.672643,1821
85.537644,27.672633,1821
85.537643,27.672624,1821
85.537644,27.672615,1821
85.537645,27.672606,1821
85.537648,27.672598,1820
85.537651,27.672591,1820
85.537654,27.672584,1819
85.537655,27.672578,1819
85.537652,27.672573,1819
85.537646,27.672567,1819
85.537639,27.672561,1819
85.537633,27.672554,1819
85.537628,27.672546,1819
85.537622,27.672536,1819
85.537622,27.672524,1819
85.537623,27.672514,1818
85.537626,27.672506,1818
85.537629,27.672499,1818
85.537632,27.672492,1818
85.537639,27.672485,1818
85.537646,27.672477,1818
85.537654,27.67247,1818
85.53766,27.672462,1817
85.537666,27.672454,1817
85.53767,27.672446,1816
85.537674,27.672436,1816
85.537678,27.672426,1816
85.537682,27.672416,1816
85.537686,27.672406,1815
85.53769,27.672396,1815
85.537694,27.672387,1815
85.537698,27.67238,1815
85.5377,27.672376,1815
85.537702,27.672375,1814
85.537704,27.672374,1814
85.537706,27.672373,1814
85.53771,27.672363,1814
85.537709,27.672362,1814
85.537707,27.672359,1814
85.537703,27.672355,1814
85.5377,27.67235,1814
85.537698,27.672343,1814
85.537695,27.672337,1813
85.537691,27.67233,1813
85.537686,27.672324,1813
85.537682,27.672317,1813
85.537681,27.672308,1812
85.537681,27.672301,1812
85.537682,27.672293,1812
85.537683,27.672283,1812
85.537684,27.672274,1811
85.537684,27.672267,1811
85.537681,27.67226,1810
85.537677,27.672253,1810
85.537674,27.672245,1810
85.537671,27.672238,1810
85.537669,27.672232,1809
85.537667,27.672227,1809
85.537667,27.672213,1809
85.537668,27.67221,1809
85.537668,27.672207,1808
85.537667,27.672203,1808
85.537666,27.672196,1807
85.537666,27.67219,1807
85.537666,27.672188,1807
85.537666,27.672184,1807
85.537665,27.672179,1806
85.537665,27.672175,1806
85.537666,27.67217,1805
85.537668,27.672166,1805
85.537671,27.672162,1805
85.537675,27.672157,1805
85.537677,27.672151,1804
85.537679,27.672146,1804
85.537679,27.67214,1804
85.537679,27.672135,1804
85.537678,27.672131,1803
85.537677,27.672129,1803
85.537669,27.672126,1803
85.537669,27.672125,1803
85.537669,27.672123,1803
85.537669,27.67212,1803
85.53767,27.672116,1802
85.537673,27.672113,1802
85.537677,27.67211,1802
85.537681,27.672105,1802
85.537685,27.672097,1801
85.537688,27.672089,1801
85.537688,27.672083,1801
85.537686,27.672068,1801
85.537684,27.672068,1801
85.53768,27.672066,1801
85.537678,27.672064,1800
85.537676,27.67206,1800
85.537674,27.672057,1800
85.537673,27.672054,1800
85.53767,27.67205,1800
85.537667,27.672043,1799
85.537663,27.672037,1799
85.53766,27.672031,1799
85.537656,27.672027,1799
85.537652,27.672022,1798
85.537647,27.672017,1798
85.537645,27.672012,1798
85.537642,27.672006,1798
85.537639,27.672004,1798
85.537638,27.672002,1797
85.537638,27.672001,1797
85.53764,27.671999,1797
85.537643,27.671997,1797
85.537645,27.671994,1797
85.537648,27.671991,1797
85.537649,27.671987,1797
85.537652,27.671981,1797
85.537655,27.671975,1797
85.537657,27.671969,1797
85.537658,27.671964,1796
85.53766,27.671959,1796
85.537661,27.671955,1796
85.537661,27.671951,1796
85.537662,27.671946,1795
85.53766,27.67194,1795
85.537658,27.671933,1795
85.537655,27.671926,1795
85.53765,27.671921,1795
85.537632,27.67191,1794
85.537631,27.671909,1794
85.537627,27.671906,1794
85.537623,27.671902,1794
85.537618,27.671897,1794
85.537615,27.671894,1793
85.537613,27.671891,1793
85.537614,27.67189,1792
85.537613,27.671888,1792
85.537611,27.671883,1792
85.537611,27.671876,1792
85.537611,27.671867,1791
85.537609,27.671859,1791
85.537606,27.671853,1791
85.537602,27.671849,1791
85.537598,27.671845,1790
85.537596,27.671841,1790
85.537593,27.671838,1790
85.537592,27.671833,1790
85.537593,27.671827,1789
85.537596,27.671818,1789
85.537599,27.671809,1789
85.537601,27.671801,1789
85.537602,27.671793,1789
85.537603,27.671787,1788
85.537603,27.67177,1788
85.537604,27.671767,1788
85.537607,27.671764,1788
85.537612,27.671759,1787
85.537618,27.671752,1786
85.537624,27.671744,1786
85.537629,27.671735,1786
85.537632,27.671724,1785
85.537634,27.671713,1785
85.537635,27.671704,1785
85.537636,27.671695,1785
85.537634,27.671689,1784
85.537628,27.671684,1784
85.53762,27.67168,1783
85.537611,27.671677,1783
85.537602,27.671673,1783
85.537593,27.671668,1783
85.537585,27.671661,1782
85.537579,27.671652,1782
85.537573,27.671644,1782
85.537566,27.67162,1781
85.537567,27.671619,1781
85.53757,27.671617,1781
85.537576,27.671615,1781
85.537582,27.671612,1780
85.537589,27.671607,1780
85.537597,27.671601,1780
85.537603,27.671597,1780
85.537608,27.671593,1780
85.537614,27.67159,1780
85.537619,27.671587,1780
85.537626,27.671585,1780
85.537631,27.671584,1779
85.53764,27.671584,1779
85.537649,27.671585,1779
85.537658,27.671586,1779
85.537667,27.671585,1779
85.537674,27.671581,1779
85.537681,27.671576,1778
85.537689,27.671572,1778
85.537696,27.671566,1778
85.537704,27.67156,1778
85.537713,27.671555,1778
85.537722,27.671549,1778
85.53773,27.671543,1777
85.537739,27.671536,1777
85.537748,27.67153,1777
85.537756,27.671522,1777
85.537764,27.671513,1777
85.53777,27.671505,1777
85.537777,27.671497,1777
85.537784,27.671488,1776
85.537792,27.67148,1776
85.537799,27.671473,1776
85.537806,27.671467,1776
85.537813,27.671461,1776
85.53782,27.671455,1776
85.537825,27.671447,1775
85.53783,27.671439,1775
85.537835,27.671431,1775
85.537839,27.671423,1775
85.537845,27.671413,1775
85.537851,27.671402,1775
85.537856,27.671392,1775
85.537861,27.671381,1775
85.537865,27.671369,1774
85.537867,27.671356,1774
85.537868,27.671344,1774
85.537869,27.671332,1774
85.53787,27.671321,1774
85.53787,27.67131,1774
85.537869,27.671299,1774
85.53787,27.671287,1774
85.537872,27.671276,1774
85.537874,27.671265,1774
85.537876,27.671255,1774
85.537878,27.671245,1773
85.537879,27.671235,1773
85.537881,27.671222,1773
85.537882,27.671211,1773
85.537882,27.671201,1773
85.537881,27.67119,1773
85.537881,27.67118,1773
85.53788,27.671171,1772
85.53788,27.67116,1772
85.537879,27.671149,1772
85.537878,27.671138,1772
85.537877,27.671129,1772
85.537878,27.671119,1771
85.53788,27.671109,1771
85.537882,27.6711,1771
85.537881,27.67109,1771
85.537879,27.671081,1771
85.537876,27.671073,1771
85.537873,27.671067,1771
85.537864,27.671053,1771
85.537859,27.671053,1771
85.537854,27.671053,1771
85.537829,27.671058,1771
85.537833,27.671058,1771
85.537835,27.671056,1771
85.53784,27.671051,1771
85.537847,27.671044,1771
85.537856,27.671035,1771
85.537866,27.671023,1771
85.537877,27.671011,1771
85.537888,27.670997,1771
85.5379,27.670984,1771
85.537912,27.670971,1771
85.537923,27.67096,1771
85.537933,27.67095,1771
85.537942,27.67094,1771
85.537951,27.670932,1771
85.53796,27.670923,1771
85.537969,27.670913,1766
85.537976,27.670903,1766
85.537983,27.670892,1766
85.537989,27.67088,1766
85.537996,27.670871,1766
85.538003,27.670861,1766
85.538009,27.670853,1765
85.538015,27.670846,1765
85.538021,27.67084,1765
85.538029,27.670835,1765
85.538039,27.670831,1765
85.538046,27.670827,1765
85.538051,27.670821,1765
85.538052,27.670815,1765
85.538053,27.670808,1765
85.538051,27.670802,1765
85.538047,27.670796,1765
85.538043,27.670795,1765
85.538033,27.670788,1765
85.538035,27.670784,1765
85.538039,27.670778,1765
85.538045,27.670769,1765
85.538052,27.670759,1765
85.538058,27.670749,1765
85.538066,27.670739,1765
85.538073,27.670727,1765
85.538081,27.670715,1765
85.538089,27.670702,1765
85.538096,27.67069,1765
85.538102,27.670678,1765
85.538108,27.670667,1765
85.538114,27.670656,1763
85.53812,27.670645,1763
85.538126,27.670635,1763
85.538131,27.670625,1763
85.538138,27.670615,1763
85.538145,27.670606,1763
85.538153,27.670594,1763
85.53816,27.670584,1763
85.538169,27.670573,1763
85.538178,27.670563,1762
85.538185,27.670552,1762
85.538193,27.670541,1762
85.538199,27.670531,1762
85.538205,27.67052,1762
85.538209,27.67051,1762
85.538212,27.670498,1762
85.538215,27.670487,1762
85.538217,27.670473,1762
85.538219,27.670459,1762
85.538218,27.670444,1762
85.538219,27.67043,1761
85.53822,27.670416,1761
85.538222,27.670402,1761
85.538225,27.67039,1761
85.538228,27.670379,1761
85.538231,27.670369,1761
85.538233,27.670359,1761
85.538234,27.670349,1761
85.538235,27.670339,1761
85.538236,27.67033,1760
85.538237,27.67032,1760
85.538239,27.67031,1760
85.53824,27.670299,1760
85.53824,27.670289,1760
85.538242,27.670281,1760
85.538245,27.67027,1760
85.538249,27.670258,1759
85.538252,27.670246,1759
85.538254,27.670235,1759
85.538255,27.670224,1759
85.538255,27.670214,1759
85.538254,27.670204,1759
85.538254,27.670193,1759
85.538255,27.67018,1758
85.538255,27.670166,1758
85.538255,27.670149,1758
85.538254,27.670131,1758
85.538254,27.670114,1758
85.538255,27.670099,1758
85.538257,27.670086,1758
85.538258,27.670074,1758
85.53826,27.670063,1757
85.538263,27.670054,1757
85.538267,27.670045,1757
85.538271,27.670038,1757
85.538274,27.670033,1757
85.538278,27.670026,1757
85.538283,27.670019,1756
85.538288,27.670011,1756
85.538294,27.670003,1756
85.538301,27.669994,1756
85.538308,27.669987,1756
85.538316,27.669979,1756
85.538324,27.669971,1756
85.538332,27.669963,1755
85.538341,27.669956,1755
85.538351,27.669949,1755
85.53836,27.669943,1755
85.538367,27.669939,1755
85.538373,27.669935,1755
85.538391,27.66993,1755
85.538392,27.66993,1754
85.538393,27.669928,1754
85.538394,27.669925,1754
85.538397,27.669919,1754
85.538401,27.669911,1753
85.538407,27.6699,1753
85.538413,27.669888,1753
85.538419,27.669874,1753
85.538424,27.669859,1753
85.538428,27.669842,1752
85.538432,27.669827,1752
85.538435,27.669813,1752
85.538434,27.6698,1752
85.538431,27.669787,1751
85.538423,27.669774,1751
85.538414,27.669762,1751
85.538405,27.66975,1751
85.538397,27.669739,1751
85.53839,27.669728,1751
85.538384,27.669721,1750
85.538379,27.669715,1750
85.538374,27.66971,1750
85.538368,27.669704,1750
85.538362,27.6697,1750
85.538351,27.669694,1750
85.53835,27.669684,1750
85.538348,27.66968,1750
85.538346,27.669677,1750
85.538344,27.669674,1750
85.538333,27.669664,1750
85.53833,27.669659,1750
85.538325,27.669652,1750
85.538316,27.669643,1749
85.538306,27.669632,1749
85.538295,27.66962,1748
85.538285,27.669607,1748
85.538276,27.669594,1748
85.538267,27.669581,1748
85.538261,27.669569,1748
85.538258,27.669557,1748
85.538257,27.669547,1747
85.538258,27.669538,1747
85.538261,27.669531,1747
85.538264,27.669526,1747
85.538267,27.669522,1747
85.538275,27.669517,1747
85.538274,27.669517,1747
85.53827,27.669519,1747
85.538251,27.669514,1747
85.538249,27.669512,1747
85.538245,27.669507,1747
85.538243,27.669499,1747
85.538242,27.66949,1747
85.538242,27.669479,1747
85.53824,27.669466,1747
85.538238,27.669454,1747
85.538235,27.669441,1745
85.538232,27.669427,1745
85.538229,27.669414,1745
85.538226,27.669401,1745
85.538225,27.669388,1745
85.538224,27.669375,1744
85.538222,27.669363,1744
85.538221,27.66935,1744
85.538219,27.669338,1744
85.538216,27.669326,1744
85.538214,27.669312,1744
85.538209,27.669298,1744
85.538203,27.669283,1744
85.538197,27.66927,1744
85.53819,27.669256,1744
85.538183,27.669241,1743
85.538175,27.669226,1743
85.538168,27.669213,1743
85.538162,27.669201,1743
85.538157,27.669188,1743
85.538154,27.669176,1743
85.538151,27.669165,1743
85.538151,27.669153,1743
85.538153,27.669143,1743
85.538158,27.669134,1743
85.538165,27.669126,1743
85.538176,27.669118,1743
85.538187,27.669114,1743
85.538199,27.669111,1742
85.53821,27.66911,1742
85.53822,27.669111,1742
85.538229,27.669115,1742
85.538237,27.669121,1742
85.538244,27.66913,1742
85.538249,27.669142,1741
85.538254,27.669154,1741
85.538258,27.669166,1741
85.538262,27.669179,1741
85.538266,27.669193,1741
85.538269,27.669207,1741
85.538272,27.669221,1741
85.538275,27.669236,1741
85.538278,27.669249,1741
85.538283,27.669261,1741
85.538289,27.669273,1740
85.538294,27.669285,1740
85.538299,27.669298,1740
85.538303,27.669311,1740
85.538307,27.669325,1740
85.538313,27.669339,1740
85.538319,27.669352,1740
85.538326,27.669366,1740
85.538334,27.669379,1740
85.538343,27.66939,1740
85.538351,27.669402,1739
85.538359,27.669413,1739
85.538368,27.669423,1739
85.538378,27.669432,1739
85.538389,27.669441,1739
85.538401,27.669451,1738
85.538413,27.669462,1738
85.538425,27.669472,1738
85.538436,27.669481,1738
85.538448,27.66949,1738
85.538461,27.669497,1738
85.538473,27.669504,1738
85.538485,27.66951,1738
85.538495,27.669517,1737
85.538506,27.669524,1737
85.538518,27.66953,1737
85.538528,27.669535,1737
85.538538,27.669542,1737
85.538548,27.669548,1737
85.538558,27.669552,1736
85.53857,27.669554,1736
85.538583,27.669557,1736
85.538595,27.66956,1736
85.538607,27.669562,1736
85.538619,27.669564,1736
85.538633,27.66957,1736
85.538649,27.669574,1735
85.538663,27.669577,1735
85.538677,27.669581,1735
85.538689,27.669586,1735
85.538701,27.669592,1735
85.538712,27.669597,1734
85.538722,27.669604,1734
85.538731,27.66961,1734
85.538741,27.669616,1734
85.538753,27.66962,1733
85.538767,27.669623,1733
85.538781,27.669626,1733
85.538796,27.66963,1733
85.538811,27.669633,1733
85.538826,27.669638,1733
85.538841,27.669641,1733
85.538854,27.669641,1732
85.538865,27.669642,1732
85.538873,27.669643,1732
85.538882,27.669643,1732
85.538893,27.669645,1732
85.538905,27.669647,1732
85.538919,27.66965,1732
85.538933,27.669652,1732
85.538947,27.66965,1731
85.538961,27.669648,1731
85.538975,27.669646,1731
85.53899,27.669645,1731
85.539004,27.669645,1731
85.539019,27.669645,1731
85.539034,27.669642,1730
85.539047,27.669639,1730
85.53906,27.669637,1730
85.539073,27.669635,1730
85.539085,27.669632,1730
85.539097,27.669629,1729
85.539109,27.669624,1729
85.539121,27.669619,1729
85.539132,27.669613,1729
85.539143,27.669604,1729
85.539152,27.669594,1729
85.539161,27.669584,1728
85.539172,27.669572,1728
85.539182,27.669562,1728
85.539192,27.669552,1728
85.539204,27.669542,1728
85.539215,27.669533,1728
85.539226,27.669525,1728
85.539238,27.669516,1728
85.539248,27.669507,1727
85.539259,27.669498,1727
85.539269,27.669489,1727
85.53928,27.669478,1727
85.53929,27.669468,1727
85.539298,27.66946,1727
85.539305,27.669452,1727
85.539311,27.669447,1726
85.539325,27.669441,1726
85.539328,27.669436,1726
85.539331,27.669434,1726
85.539336,27.669429,1726
85.539342,27.669422,1726
85.539346,27.669416,1726
85.539349,27.669411,1726
85.539357,27.669401,1726
85.539356,27.6694,1726
85.539353,27.669406,1726
85.539352,27.669408,1726
85.539353,27.669412,1726
85.539355,27.669416,1726
85.539358,27.669419,1726
85.53937,27.669426,1726
85.539372,27.669426,1726
85.539376,27.669427,1726
85.539383,27.669428,1726
85.539392,27.669428,1726
85.539403,27.669426,1726
85.539415,27.669422,1726
85.539428,27.669416,1726
85.539438,27.669409,1726
85.539446,27.669401,1726
85.539454,27.669392,1726
85.539459,27.669382,1726
85.539464,27.669371,1726
85.53947,27.669359,1726
85.539475,27.669347,1726
85.539479,27.669335,1726
85.539486,27.669324,1726
85.539494,27.669314,1726
85.539503,27.669306,1726
85.539513,27.669298,1726
85.539522,27.669291,1726
85.539532,27.669283,1726
85.539543,27.669276,1726
85.539554,27.669268,1726
85.539564,27.669261,1726
85.539572,27.669255,1724
85.539577,27.669251,1724
85.539578,27.669243,1724
85.539587,27.669239,1724
85.539589,27.669238,1724
85.539596,27.669234,1724
85.539605,27.669229,1724
85.539616,27.669222,1724
85.539627,27.669213,1724
85.539639,27.669204,1724
85.53965,27.669194,1724
85.53966,27.669183,1724
85.53967,27.669171,1724
85.539677,27.66916,1724
85.539685,27.669149,1724
85.539693,27.66914,1724
85.539701,27.66913,1724
85.53971,27.669121,1724
85.539718,27.66911,1724
85.539726,27.669098,1724
85.539733,27.669086,1724
85.539741,27.669074,1723
85.539751,27.669063,1723
85.539761,27.669053,1723
85.539772,27.669043,1723
85.539782,27.669034,1723
85.539792,27.669025,1723
85.539803,27.669017,1723
85.539814,27.669011,1723
85.539826,27.669005,1723
85.539838,27.668998,1723
85.539852,27.668991,1722
85.539866,27.668983,1722
85.539878,27.668974,1722
85.539889,27.668968,1722
85.539896,27.668962,1722
85.539902,27.668958,1722
85.539907,27.668955,1722
85.539922,27.668943,1722
85.539918,27.668941,1722
85.539923,27.668941,1722
85.539922,27.668936,1722
85.539922,27.668933,1722
85.539926,27.668926,1722
85.539931,27.668917,1722
85.539936,27.668906,1722
85.539942,27.668895,1722
85.539947,27.668883,1722
85.53995,27.668869,1722
85.53995,27.668854,1722
85.539947,27.66884,1722
85.539945,27.668829,1722
85.539944,27.66882,1722
85.539942,27.668801,1722
85.539945,27.6688,1722
85.539948,27.668796,1722
85.53995,27.668795,1722
85.539952,27.668793,1722
85.539955,27.668789,1722
85.539959,27.668784,1722
85.539964,27.668778,1722
85.539968,27.668772,1722
85.539972,27.668768,1722
85.539976,27.668765,1722
85.53998,27.668763,1722
85.539985,27.66876,1722
85.539989,27.668756,1722
85.539993,27.668753,1722
85.54,27.668753,1722
85.54,27.668751,1722
85.54,27.668748,1722
85.540001,27.668742,1722
85.540002,27.668735,1722
85.540003,27.668728,1722
85.540004,27.668722,1722
85.540004,27.668717,1722
85.540005,27.668712,1722
85.540005,27.668708,1722
85.540006,27.668704,1722
85.540005,27.668696,1722
85.540008,27.668692,1722
85.540013,27.668685,1722
85.54002,27.668676,1722
85.540027,27.668665,1722
85.540034,27.668652,1722
85.540041,27.668638,1722
85.540048,27.668624,1722
85.540053,27.668609,1722
85.540057,27.668593,1722
85.540063,27.668575,1719
85.540067,27.668562,1719
85.54007,27.668553,1719
85.540077,27.66853,1719
85.540077,27.668528,1719
85.540078,27.668525,1719
85.54008,27.66852,1719
85.540082,27.668512,1719
85.540085,27.668503,1719
85.540089,27.668493,1719
85.540095,27.668482,1718
85.540101,27.668471,1718
85.540106,27.66846,1718
85.540109,27.66845,1718
85.540109,27.66844,1718
85.540112,27.668431,1718
85.540116,27.668421,1718
85.540121,27.668411,1718
85.540125,27.6684,1718
85.540128,27.668388,1717
85.54013,27.668374,1717
85.54013,27.668359,1717
85.540131,27.668344,1717
85.540135,27.668329,1717
85.540139,27.668314,1717
85.540142,27.6683,1717
85.540145,27.668288,1717
85.540147,27.668277,1717
85.54015,27.668267,1717
85.540152,27.668257,1717
85.540154,27.668246,1717
85.540157,27.668236,1717
85.540161,27.668226,1717
85.540165,27.668216,1717
85.540171,27.668209,1717
85.540178,27.668203,1717
85.540186,27.668199,1717
85.540197,27.668195,1717
85.540209,27.668191,1717
85.540221,27.668189,1717
85.540232,27.668185,1717
85.540242,27.668181,1717
85.540249,27.668179,1717
85.540254,27.668176,1717
85.540255,27.668172,1717
85.540265,27.668172,1717
85.540267,27.668174,1717
85.540267,27.668175,1717
85.540272,27.66818,1717
85.540278,27.668177,1717
85.540281,27.668174,1717
85.540287,27.668169,1717
85.540295,27.668161,1717
85.540302,27.668152,1717
85.54031,27.668142,1717
85.540318,27.668132,1717
85.540327,27.668121,1717
85.540337,27.668108,1717
85.540347,27.668095,1717
85.540356,27.668084,1717
85.540363,27.668075,1717
85.54037,27.668068,1717
85.540376,27.668061,1717
85.540382,27.668055,1717
85.540389,27.66805,1717
85.540395,27.668044,1717
85.5404,27.668037,1717
85.540405,27.668029,1717
85.540411,27.668021,1717
85.540416,27.668012,1719
85.54042,27.668004,1719
85.540425,27.667996,1719
85.540429,27.667989,1719
85.540434,27.667981,1719
85.540437,27.667972,1719
85.540441,27.667964,1719
85.540444,27.667954,1719
85.540447,27.667944,1719
85.54045,27.667935,1719
85.540453,27.667925,1719
85.540457,27.667917,1719
85.540462,27.66791,1719
85.540466,27.667902,1719
85.540469,27.667893,1719
85.540474,27.667884,1720
85.540479,27.667873,1720
85.540484,27.667862,1720
85.540489,27.667851,1720
85.540495,27.667841,1720
85.540501,27.667831,1720
85.540509,27.667822,1720
85.540518,27.667814,1720
85.540525,27.667806,1720
85.540532,27.667797,1720
85.540538,27.66779,1720
85.540543,27.667784,1721
85.540547,27.667778,1721
85.540552,27.667772,1721
85.540556,27.667766,1721
85.540559,27.667758,1721
85.54056,27.667749,1721
85.540562,27.667739,1721
85.540565,27.667729,1721
85.540568,27.667717,1721
85.540569,27.667712,1721
</coordinates>
</LineString>
</Placemark>
<Placemark>
<name/>
<styleUrl>#line-FF0000-2000-nodesc</styleUrl>
<LineString>
<tessellate>1</tessellate>
<coordinates>
85.540569,27.667712,1721
85.540571,27.667706,1721
85.540573,27.667694,1721
85.540576,27.667683,1721
85.540581,27.667672,1721
85.540587,27.667662,1721
85.540592,27.667652,1721
85.540595,27.667641,1721
85.540597,27.667631,1721
85.540598,27.667621,1721
85.5406,27.667612,1721
85.540603,27.667603,1721
85.540607,27.667593,1721
85.54061,27.667583,1721
85.540612,27.667573,1722
85.540613,27.667564,1722
85.540615,27.667556,1722
85.540617,27.667548,1722
85.540617,27.667541,1722
85.540617,27.667534,1722
85.540617,27.667527,1722
85.540618,27.667519,1722
85.540619,27.667512,1723
85.540621,27.667504,1723
85.540622,27.667495,1723
85.540623,27.667486,1723
85.540625,27.667476,1723
85.540628,27.667467,1723
85.540631,27.667457,1724
85.540632,27.667449,1724
85.540632,27.667443,1724
85.540633,27.667427,1724
85.540628,27.667429,1724
85.540627,27.667429,1724
85.540627,27.667428,1724
85.540628,27.667426,1724
85.54063,27.667416,1724
85.540629,27.667412,1724
85.54063,27.667405,1724
85.54063,27.667396,1724
85.54063,27.667386,1725
85.54063,27.667374,1725
85.540631,27.667361,1725
85.540632,27.667349,1725
85.540635,27.667335,1725
85.540638,27.667321,1726
85.540642,27.667311,1726
85.540645,27.667301,1726
85.540647,27.667293,1726
85.540646,27.667286,1727
85.540644,27.667281,1727
85.54064,27.667275,1727
85.540638,27.66727,1727
85.540635,27.667264,1728
85.540634,27.667258,1728
85.540635,27.667251,1728
85.540635,27.667242,1728
85.540636,27.667233,1728
85.540637,27.667224,1728
85.540639,27.667215,1729
85.54064,27.667206,1729
85.540639,27.667198,1729
85.540639,27.667189,1729
85.540639,27.667182,1729
85.540639,27.667174,1729
85.540638,27.667167,1729
85.540637,27.66716,1729
85.540638,27.667153,1730
85.540637,27.667146,1730
85.540635,27.66714,1730
85.540633,27.667132,1730
85.540631,27.667125,1730
85.540631,27.667119,1730
85.540633,27.667113,1730
85.540637,27.667107,1731
85.540641,27.6671,1731
85.540645,27.667095,1731
85.54065,27.667089,1731
85.540657,27.667083,1731
85.540664,27.667078,1731
85.540671,27.667072,1731
85.540677,27.667065,1731
85.540681,27.667057,1732
85.540685,27.66705,1732
85.540688,27.667042,1732
85.540691,27.667034,1732
85.540692,27.667025,1732
85.540692,27.667014,1732
85.540693,27.667003,1732
85.540694,27.666992,1732
85.540696,27.666981,1733
85.540697,27.666971,1733
85.5407,27.666962,1733
85.540705,27.666954,1733
85.540708,27.666946,1733
85.540709,27.666937,1733
85.540708,27.666929,1733
85.540705,27.666922,1733
85.540702,27.666914,1733
85.540698,27.666908,1733
85.540696,27.666902,1733
85.540693,27.666897,1734
85.540691,27.666892,1734
85.540689,27.666886,1734
85.540685,27.66688,1734
85.540681,27.666875,1734
85.540678,27.666871,1734
85.540675,27.666869,1734
85.54067,27.66687,1734
85.540675,27.666878,1734
85.540676,27.666878,1734
85.540677,27.666863,1734
85.540676,27.666859,1734
85.540674,27.666853,1734
85.540671,27.666844,1734
85.540666,27.666835,1734
85.54066,27.666826,1734
85.540654,27.666819,1734
85.54065,27.666811,1734
85.540646,27.666804,1734
85.540643,27.666797,1734
85.540638,27.666792,1734
85.540632,27.666787,1734
85.540624,27.666784,1734
85.540615,27.666778,1734
85.540607,27.66677,1734
85.540601,27.666762,1734
85.540595,27.666754,1734
85.540587,27.666746,1734
85.540578,27.666739,1734
85.540569,27.666732,1734
85.54056,27.666724,1734
85.540554,27.666715,1734
85.540548,27.666707,1734
85.540542,27.666698,1734
85.540536,27.666689,1734
85.540531,27.666679,1734
85.540527,27.666671,1734
85.540523,27.666662,1734
85.54052,27.666653,1734
85.540516,27.666644,1734
85.540512,27.666635,1734
85.540509,27.666624,1734
85.540506,27.666613,1734
85.540503,27.666602,1734
85.540499,27.666591,1734
85.540496,27.666581,1734
85.540494,27.666572,1734
85.540493,27.666563,1734
85.540492,27.666556,1734
85.540501,27.666535,1734
85.540501,27.666533,1734
85.540502,27.666531,1734
85.540501,27.666522,1734
85.540499,27.666522,1734
85.540496,27.666521,1734
85.540491,27.66652,1734
85.540485,27.66652,1734
85.540476,27.666521,1734
85.540467,27.666522,1734
85.540458,27.666523,1734
85.54045,27.666525,1734
85.540443,27.666525,1734
85.540436,27.666525,1734
85.540431,27.666522,1734
85.540427,27.666518,1734
85.540425,27.666514,1734
85.540412,27.666508,1736
85.540411,27.666509,1736
85.540409,27.666509,1736
85.540408,27.666511,1736
85.540402,27.666518,1736
85.540401,27.666519,1736
85.5404,27.666519,1736
85.540398,27.666522,1736
85.540382,27.666533,1736
85.540384,27.666533,1736
85.540387,27.666528,1736
85.540391,27.666525,1736
85.540391,27.666522,1736
85.540391,27.66652,1736
85.540394,27.666508,1736
85.540395,27.666504,1736
85.540398,27.666495,1736
85.540401,27.666482,1736
85.540406,27.666468,1736
85.540411,27.666452,1736
85.540416,27.666435,1736
85.540421,27.666417,1736
85.540426,27.6664,1736
85.540432,27.666381,1736
85.540437,27.666364,1736
85.540443,27.666348,1736
85.54045,27.666333,1736
85.540454,27.666321,1736
85.540456,27.666312,1736
85.540464,27.666297,1736
85.540464,27.666298,1736
85.540464,27.666307,1736
85.540464,27.666303,1736
85.540469,27.666297,1736
85.540468,27.666292,1736
85.54047,27.666285,1736
85.540473,27.666275,1736
85.540477,27.666263,1736
85.540482,27.666248,1736
85.540485,27.666232,1736
85.540488,27.666217,1736
85.540493,27.666202,1736
85.540499,27.666187,1736
85.540509,27.666154,1736
85.540512,27.666154,1736
85.540513,27.666154,1736
85.540513,27.666155,1736
85.540515,27.666156,1736
85.540517,27.666158,1736
85.540521,27.66616,1736
85.540519,27.666155,1736
85.540519,27.666152,1736
85.54052,27.666145,1736
85.540521,27.666134,1736
85.540523,27.66612,1736
85.540527,27.666106,1736
85.540531,27.66609,1735
85.540533,27.666074,1735
85.540536,27.666058,1735
85.540539,27.666042,1735
85.540542,27.666027,1735
85.540544,27.666014,1735
85.540546,27.666001,1735
85.540547,27.665991,1735
85.540551,27.665965,1735
85.540551,27.665964,1735
85.540552,27.66596,1735
85.540554,27.665954,1735
85.540557,27.665946,1735
85.54056,27.665936,1735
85.54056,27.665926,1735
85.540562,27.665915,1735
85.540563,27.665903,1735
85.540565,27.665891,1735
85.540567,27.665878,1735
85.540571,27.665866,1735
85.540574,27.665853,1735
85.540577,27.665842,1735
85.54058,27.665832,1735
85.540583,27.66582,1735
85.540586,27.665809,1735
85.540588,27.665799,1735
85.54059,27.665789,1735
85.540593,27.665778,1735
85.540596,27.665767,1735
85.540598,27.665756,1735
85.540602,27.665743,1735
85.540606,27.66573,1735
85.54061,27.665717,1735
85.540614,27.665704,1735
85.540616,27.66569,1735
85.540617,27.665675,1735
85.540619,27.665662,1735
85.54062,27.665649,1735
85.540622,27.66564,1735
85.540621,27.665619,1735
85.540616,27.665617,1735
85.540614,27.665616,1735
85.540614,27.665615,1735
85.540615,27.665614,1735
85.540617,27.665613,1735
85.540619,27.665609,1735
85.540622,27.665603,1735
85.540624,27.665596,1734
85.540628,27.665587,1734
85.540631,27.665578,1734
85.540635,27.66557,1734
85.540638,27.66556,1734
85.540642,27.66555,1734
85.540644,27.665539,1734
85.540645,27.665529,1734
85.540644,27.66552,1734
85.540641,27.665511,1734
85.540637,27.665503,1734
85.540631,27.665495,1733
85.540625,27.665488,1733
85.540618,27.665481,1733
85.540613,27.665476,1733
85.540609,27.665469,1733
85.540604,27.665461,1733
85.540598,27.665453,1733
85.540592,27.665445,1733
85.540586,27.665437,1733
85.54058,27.665428,1733
85.540575,27.665419,1733
85.54057,27.66541,1733
85.540565,27.665399,1733
85.540559,27.665389,1733
85.540554,27.665378,1733
85.540549,27.665369,1733
85.540547,27.665358,1733
85.540545,27.665346,1733
85.540544,27.665335,1733
85.540543,27.665324,1733
85.540542,27.665312,1733
85.540539,27.6653,1733
85.540536,27.665289,1733
85.540533,27.665278,1733
85.540532,27.665268,1733
85.540532,27.665257,1733
85.540532,27.665247,1733
85.540534,27.665237,1733
85.540536,27.665226,1733
85.540537,27.665215,1733
85.540539,27.665204,1733
85.540541,27.665192,1733
85.540544,27.665181,1733
85.540549,27.665171,1733
85.540554,27.665162,1733
85.54056,27.665153,1733
85.540566,27.665144,1733
85.540571,27.665136,1733
85.540577,27.665127,1733
85.540583,27.665119,1733
85.54059,27.665111,1733
85.540594,27.665102,1733
85.540598,27.665094,1733
85.5406,27.665089,1733
85.540601,27.665085,1733
85.540603,27.665074,1733
85.540604,27.665071,1733
85.540604,27.665073,1733
85.540606,27.665072,1733
85.540608,27.66507,1733
85.540611,27.665066,1733
85.540613,27.665061,1733
85.540615,27.665053,1733
85.540618,27.665044,1734
85.54062,27.665035,1734
85.540624,27.665026,1734
85.540629,27.665017,1734
85.540635,27.665009,1734
85.540642,27.664999,1734
85.540649,27.66499,1734
85.540658,27.664982,1734
85.540666,27.664973,1734
85.540674,27.664965,1734
85.540681,27.664957,1734
85.540688,27.664948,1734
85.540696,27.664939,1734
85.540704,27.664929,1734
85.540712,27.664918,1734
85.540722,27.664907,1734
85.54073,27.664897,1734
85.540739,27.664887,1734
85.540747,27.664878,1734
85.540755,27.664869,1734
85.540763,27.664859,1735
85.540769,27.664848,1735
85.540772,27.664838,1735
85.540774,27.664828,1735
85.540777,27.664818,1735
85.540781,27.664808,1736
85.540787,27.664798,1736
85.540794,27.664789,1736
85.540801,27.664779,1736
85.540808,27.66477,1736
85.540813,27.664762,1736
85.540817,27.664756,1736
85.540819,27.66475,1736
85.540821,27.664745,1736
85.540824,27.664739,1736
85.540827,27.664733,1736
85.540832,27.664726,1736
85.540838,27.664719,1736
85.540843,27.664713,1736
85.540849,27.664707,1736
85.540854,27.664702,1736
85.540857,27.664695,1737
85.540859,27.664688,1737
85.540861,27.664681,1737
85.540864,27.664673,1737
85.540868,27.664666,1737
85.54087,27.664658,1737
85.540873,27.664651,1737
85.540876,27.664643,1737
85.540876,27.664636,1737
85.540876,27.664628,1738
85.540877,27.66462,1738
85.540878,27.664611,1738
85.54088,27.664603,1738
85.540881,27.664594,1738
85.540881,27.664586,1738
85.540882,27.664578,1738
85.540883,27.66457,1738
85.540884,27.664563,1738
85.540884,27.664556,1739
85.540884,27.664548,1739
85.540883,27.664542,1739
85.540882,27.664537,1739
85.54088,27.664532,1739
85.540878,27.664527,1739
85.540869,27.664511,1739
85.540869,27.66451,1739
85.540868,27.664509,1739
85.540867,27.664505,1739
85.540866,27.664501,1739
85.540866,27.664496,1739
85.540865,27.66449,1739
85.540865,27.664484,1739
85.540864,27.664477,1739
85.540864,27.66447,1739
85.540863,27.664463,1739
85.540863,27.664455,1739
85.540863,27.664449,1739
85.540864,27.664444,1739
85.540866,27.664428,1739
85.540866,27.664426,1739
85.540866,27.664421,1739
85.540865,27.664417,1739
85.540863,27.664412,1739
85.540862,27.664407,1739
85.540859,27.664401,1739
85.540857,27.664396,1739
85.540856,27.66439,1739
85.540855,27.664384,1739
85.540856,27.664378,1739
85.540855,27.664373,1741
85.540855,27.664367,1741
85.540855,27.664361,1741
85.540856,27.664356,1741
85.540855,27.664351,1741
85.540855,27.664346,1741
85.540854,27.664341,1741
85.540853,27.664335,1741
85.540851,27.66433,1741
85.540849,27.664324,1741
85.540847,27.664318,1741
85.540846,27.664313,1742
85.540846,27.664307,1742
85.540846,27.664301,1742
85.540847,27.664295,1742
85.540848,27.664288,1742
85.540849,27.66428,1742
85.54085,27.664272,1742
85.540851,27.664264,1742
85.540853,27.664257,1742
85.540855,27.664252,1742
85.540859,27.664247,1742
85.540863,27.664243,1742
85.540868,27.664239,1743
85.540875,27.664235,1743
85.540882,27.66423,1743
85.540889,27.664224,1743
85.540897,27.664218,1743
85.540904,27.664213,1743
85.540912,27.664209,1743
85.540919,27.664206,1743
85.540926,27.664201,1744
85.540932,27.664197,1744
85.540937,27.664194,1744
85.540942,27.664192,1744
85.540947,27.664189,1744
85.540952,27.664186,1744
85.540956,27.664183,1744
85.54096,27.66418,1744
85.540964,27.664178,1745
85.540968,27.664173,1745
85.540973,27.664169,1745
85.540977,27.664165,1745
85.540982,27.664162,1745
85.540988,27.66416,1745
85.540991,27.664157,1745
85.540997,27.664154,1745
85.541002,27.664151,1746
85.541007,27.664148,1746
85.541012,27.664146,1746
85.541019,27.664143,1746
85.541026,27.66414,1746
85.54103,27.664137,1746
85.541033,27.664134,1746
85.541037,27.66413,1746
85.541041,27.664124,1746
85.541044,27.664119,1746
85.541047,27.664113,1746
85.541048,27.664106,1746
85.541049,27.664102,1747
85.54105,27.664096,1747
85.54105,27.664091,1747
85.541053,27.664086,1747
85.541055,27.66408,1747
85.541057,27.664075,1748
85.541058,27.66407,1748
85.54106,27.664065,1748
85.541062,27.66406,1748
85.541063,27.664056,1748
85.541063,27.664051,1748
85.541063,27.664047,1749
85.541065,27.664043,1749
85.541068,27.664041,1749
85.541071,27.664038,1749
85.541074,27.664035,1749
85.541076,27.664031,1749
85.541078,27.664027,1749
85.54108,27.664023,1750
85.541083,27.664019,1750
85.541085,27.664014,1750
85.541088,27.664009,1750
85.541091,27.664006,1750
85.541093,27.664003,1750
85.541098,27.664,1751
85.541103,27.663997,1751
85.541108,27.663993,1751
85.541113,27.663989,1751
85.541117,27.663985,1751
85.541121,27.663979,1751
85.541125,27.663973,1751
85.54113,27.663969,1751
85.541134,27.663964,1752
85.541139,27.663961,1752
85.541143,27.663957,1752
85.541148,27.663955,1752
85.541152,27.663954,1752
85.541156,27.663953,1752
85.541163,27.663947,1752
85.541164,27.663946,1752
85.541165,27.663944,1753
85.541169,27.663939,1753
85.541172,27.663934,1753
85.541174,27.663928,1753
85.541177,27.663923,1753
85.541181,27.663918,1753
85.541183,27.663914,1753
85.541188,27.663908,1754
85.541192,27.663901,1754
85.541197,27.663893,1754
85.541202,27.663886,1754
85.541206,27.66388,1754
85.541209,27.663875,1754
85.541211,27.663871,1754
85.541218,27.663862,1754
85.54122,27.663859,1754
85.541226,27.663849,1754
85.541227,27.663846,1754
85.541229,27.663841,1754
85.541233,27.663834,1756
85.541237,27.663825,1756
85.54124,27.663815,1756
85.541245,27.663806,1757
85.541251,27.663796,1757
85.541256,27.663787,1757
85.54126,27.663777,1757
85.541264,27.663769,1758
85.541266,27.663762,1758
85.541267,27.663756,1758
85.541269,27.66375,1758
85.541271,27.663744,1758
85.541273,27.663739,1759
85.541274,27.663733,1759
85.541275,27.663727,1759
85.541274,27.66372,1759
85.541271,27.663712,1759
85.541267,27.663704,1759
85.541263,27.663696,1759
85.541258,27.663688,1759
85.541254,27.66368,1759
85.54125,27.663673,1759
85.541248,27.663666,1759
85.541247,27.663659,1759
85.541247,27.663651,1759
85.541248,27.663645,1759
85.541251,27.66364,1759
85.541254,27.663636,1759
85.541257,27.663632,1759
85.541261,27.663628,1759
85.541264,27.663624,1760
85.541269,27.663622,1760
85.541274,27.663622,1760
85.541278,27.663621,1760
85.54129,27.663616,1760
85.54129,27.663615,1760
85.541292,27.663615,1761
85.541297,27.663614,1761
85.5413,27.663612,1761
85.541304,27.663611,1761
85.541318,27.663604,1762
85.541319,27.663603,1762
85.541323,27.663601,1762
85.541341,27.663588,1762
85.541342,27.663585,1762
85.541343,27.66358,1763
85.541346,27.663573,1764
85.541348,27.663564,1764
85.541354,27.663555,1764
85.54136,27.663546,1764
85.541367,27.663536,1765
85.541373,27.663526,1765
85.541379,27.663515,1765
85.541384,27.663506,1765
85.541388,27.6635,1766
85.541392,27.663495,1766
85.541394,27.66349,1766
85.5414,27.663476,1766
85.54141,27.663476,1766
85.541411,27.663476,1767
85.541412,27.663476,1767
85.541425,27.663473,1767
85.541425,27.663472,1767
85.541426,27.663471,1767
85.541428,27.663468,1767
85.541429,27.663466,1767
85.54143,27.663462,1767
85.541434,27.663459,1768
85.541438,27.663454,1768
85.541441,27.663448,1768
85.541445,27.663443,1768
85.541449,27.663437,1768
85.541454,27.663432,1768
85.541458,27.663427,1768
85.541463,27.663423,1769
85.541467,27.663417,1769
85.541478,27.6634,1769
85.541479,27.663399,1769
85.541481,27.663397,1769
85.541484,27.663397,1770
85.541486,27.663396,1770
85.541493,27.663395,1770
85.541495,27.663396,1770
85.541494,27.663397,1770
85.541495,27.663398,1770
85.541496,27.663399,1770
85.541497,27.663398,1770
85.54151,27.663383,1770
85.54151,27.66338,1770
85.54151,27.663376,1770
85.541512,27.66337,1770
85.541512,27.663362,1772
85.541512,27.663353,1772
85.541512,27.663344,1773
85.541513,27.663334,1773
85.541514,27.663325,1774
85.541516,27.663314,1774
85.541518,27.663305,1774
85.541519,27.663298,1774
85.541521,27.663292,1775
85.541522,27.663287,1775
85.541522,27.663283,1775
85.541523,27.66328,1775
85.541525,27.663276,1775
85.541531,27.663265,1775
85.541532,27.663264,1775
85.541533,27.663263,1776
85.541536,27.663261,1776
85.541537,27.663258,1776
85.541539,27.663256,1776
85.541541,27.663253,1776
85.541542,27.663249,1776
85.541544,27.663245,1777
85.541546,27.663242,1777
85.541548,27.663238,1777
85.541549,27.663234,1777
85.54155,27.663231,1777
85.541552,27.663227,1777
85.541555,27.663223,1778
85.541557,27.663219,1778
85.541563,27.663203,1778
85.541562,27.663203,1778
85.541562,27.663202,1778
85.541561,27.6632,1778
85.541562,27.663198,1779
85.541564,27.663195,1779
85.541567,27.663191,1779
85.54157,27.663187,1779
85.541574,27.663184,1779
85.541578,27.66318,1780
85.541582,27.663176,1780
85.541586,27.663167,1780
85.541588,27.663163,1780
85.54159,27.663162,1780
85.54159,27.663161,1780
85.541603,27.66315,1780
85.541602,27.663149,1780
85.541601,27.663149,1780
85.541599,27.663148,1780
85.541596,27.663147,1780
85.541593,27.663146,1780
85.541581,27.663143,1780
85.54157,27.66314,1780
85.541563,27.663138,1780
85.541558,27.663137,1780
85.541556,27.663133,1780
85.541556,27.663132,1780
85.541555,27.663127,1780
85.541554,27.663127,1780
85.541552,27.663125,1780
85.541547,27.663121,1784
85.54154,27.663114,1784
85.541533,27.663106,1784
85.541526,27.663098,1784
85.541518,27.663089,1784
85.541511,27.66308,1785
85.541505,27.66307,1785
85.541499,27.663061,1785
85.541493,27.663052,1785
85.541487,27.66303,1785
85.541497,27.663025,1785
85.5415,27.663022,1785
85.541505,27.663016,1787
85.541513,27.663008,1787
85.541519,27.663,1787
85.541525,27.662991,1788
85.541532,27.66298,1788
85.541539,27.662969,1789
85.541546,27.662957,1789
85.541554,27.662944,1789
85.54156,27.662933,1789
85.541564,27.662923,1789
85.541567,27.662914,1789
85.541569,27.662906,1790
85.541572,27.662899,1790
85.541576,27.662892,1790
85.54158,27.662885,1790
85.541585,27.662879,1790
85.541588,27.662872,1790
85.54159,27.662864,1790
85.541591,27.662857,1791
85.541591,27.662851,1791
85.541591,27.662845,1791
85.54159,27.66284,1791
85.541591,27.662836,1791
85.541592,27.662835,1791
85.541597,27.662829,1791
85.541597,27.662828,1791
85.541597,27.662827,1792
85.541597,27.662825,1792
85.541596,27.662822,1792
85.541596,27.662819,1792
85.541594,27.662815,1792
85.541592,27.662812,1792
85.541589,27.662807,1792
85.541586,27.662802,1793
85.541583,27.662797,1793
85.541579,27.662793,1793
85.541576,27.662788,1793
85.541574,27.662783,1793
85.541571,27.662778,1794
85.541569,27.662774,1794
85.541567,27.662769,1794
85.541565,27.662764,1794
85.541564,27.66276,1795
85.541563,27.662755,1795
85.541562,27.66275,1795
85.541561,27.662743,1795
85.54156,27.662737,1795
85.54156,27.66273,1795
85.54156,27.662723,1795
85.541561,27.662716,1795
85.541564,27.662708,1795
85.541567,27.662702,1795
85.541572,27.662696,1796
85.541575,27.66269,1796
85.541579,27.662684,1796
85.541583,27.662677,1796
85.541587,27.66267,1796
85.541591,27.662662,1796
85.541592,27.662654,1796
85.541593,27.662647,1796
85.541593,27.662639,1796
85.541593,27.662632,1796
85.541594,27.662626,1796
85.541594,27.66262,1796
85.541592,27.662613,1796
85.54159,27.662607,1796
85.541586,27.662601,1796
85.541581,27.662595,1797
85.541576,27.662589,1797
85.54157,27.662584,1797
85.541565,27.662579,1797
85.541559,27.662575,1797
85.541552,27.662569,1797
85.541545,27.662565,1797
85.541536,27.662561,1797
85.541527,27.662556,1797
85.541519,27.662552,1797
85.541513,27.662548,1798
85.541506,27.662545,1798
85.541502,27.662541,1798
85.541497,27.662536,1798
85.541495,27.662531,1798
85.541493,27.662525,1798
85.541493,27.662521,1798
85.541494,27.662517,1798
85.541497,27.662513,1798
85.5415,27.66251,1799
85.541505,27.662507,1799
85.54151,27.662507,1799
85.541514,27.662507,1799
85.541519,27.662507,1800
85.541521,27.662505,1800
85.541523,27.662503,1800
85.541523,27.662501,1800
85.541524,27.662498,1800
85.541524,27.662495,1800
85.541527,27.662482,1801
85.541527,27.662481,1801
85.541527,27.662479,1801
85.541528,27.662475,1801
85.541527,27.662471,1801
85.541527,27.662467,1801
85.541526,27.662461,1801
85.541525,27.662456,1801
85.541524,27.662451,1801
85.541522,27.662446,1802
85.541519,27.662442,1802
85.541518,27.662438,1802
85.541516,27.662434,1802
85.541513,27.662429,1803
85.541511,27.662426,1803
85.541509,27.662421,1803
85.541507,27.662417,1803
85.541505,27.662413,1803
85.541503,27.662408,1803
85.541502,27.662404,1803
85.541501,27.6624,1804
85.5415,27.662395,1804
85.5415,27.662389,1804
85.541498,27.662384,1804
85.541497,27.662379,1804
85.541495,27.662375,1804
85.541493,27.662371,1805
85.541489,27.662367,1805
85.541485,27.662363,1805
85.541481,27.66236,1805
85.541478,27.662357,1805
85.541473,27.662353,1805
85.541467,27.66235,1805
85.541462,27.662347,1806
85.541458,27.662345,1806
85.541454,27.662341,1806
85.541449,27.662338,1806
85.541445,27.662334,1806
85.54144,27.66233,1806
85.541436,27.662327,1806
85.541432,27.662322,1806
85.541428,27.662318,1807
85.541424,27.662313,1807
85.541421,27.662308,1807
85.541418,27.662304,1807
85.541416,27.662301,1807
85.541414,27.662298,1807
85.541413,27.662294,1807
85.541411,27.66229,1807
85.541409,27.662286,1807
85.541407,27.662282,1807
85.541405,27.662278,1807
85.541403,27.662274,1807
85.5414,27.662271,1808
85.541397,27.662268,1808
85.541395,27.662266,1808
85.541392,27.662264,1808
85.541389,27.662262,1808
85.541385,27.662259,1808
85.541372,27.662249,1808
85.541377,27.662238,1808
85.541377,27.662235,1808
85.541378,27.662232,1808
85.541379,27.662226,1808
85.541379,27.662219,1808
85.54138,27.66221,1808
85.541381,27.6622,1808
85.541383,27.662189,1808
85.541385,27.66218,1808
85.541387,27.66217,1808
85.541389,27.662162,1808
85.541391,27.662156,1808
85.541393,27.662151,1808
85.541394,27.662147,1808
85.541393,27.662142,1808
85.541387,27.662126,1808
85.541386,27.662125,1808
85.541385,27.662123,1808
85.541384,27.66212,1808
85.541382,27.662117,1808
85.541379,27.662115,1808
85.541375,27.662114,1808
85.54137,27.662112,1808
85.541366,27.662109,1808
85.541362,27.662107,1808
85.541359,27.662103,1808
85.541358,27.662097,1808
85.541357,27.662091,1808
85.541357,27.662086,1808
85.541356,27.662082,1808
85.541353,27.662079,1808
85.541348,27.662075,1808
85.541346,27.66207,1808
85.541345,27.662065,1808
85.541345,27.662061,1808
85.541344,27.662057,1808
85.541344,27.662053,1808
85.541341,27.66205,1808
85.541339,27.662046,1808
85.541338,27.662042,1808
85.541336,27.662037,1808
85.541335,27.662032,1808
85.541332,27.662027,1808
85.541329,27.662023,1808
85.541326,27.662019,1808
85.541323,27.662016,1808
85.541322,27.662011,1808
85.541321,27.662007,1808
85.541321,27.662001,1808
85.54132,27.661994,1808
85.541318,27.661988,1808
85.541313,27.661984,1808
85.54131,27.661981,1808
85.541305,27.661978,1808
85.541299,27.661976,1808
85.541293,27.661971,1808
85.541287,27.661968,1808
85.541273,27.661963,1808
85.541272,27.661962,1808
85.541273,27.661958,1808
85.541274,27.661956,1808
85.541278,27.661951,1808
85.541284,27.661945,1808
85.54129,27.661937,1808
85.541297,27.661928,1808
85.541304,27.661919,1808
85.541312,27.661909,1808
85.541319,27.661899,1808
85.541326,27.661888,1808
85.541333,27.661879,1808
85.541338,27.66187,1808
85.541343,27.661862,1808
85.541349,27.661854,1808
85.541355,27.661846,1808
85.541359,27.661838,1808
85.541364,27.66183,1820
85.541368,27.661822,1820
85.541372,27.661814,1820
85.541375,27.661807,1820
85.541379,27.6618,1820
85.541381,27.661792,1821
85.541383,27.661784,1821
85.541384,27.661777,1821
85.541386,27.661769,1821
85.541388,27.661761,1821
85.541391,27.661753,1821
85.541393,27.661745,1821
85.541396,27.661738,1821
85.541399,27.66173,1821
85.541403,27.661723,1821
85.541407,27.661715,1822
85.541411,27.661708,1822
85.541414,27.6617,1822
85.541418,27.661693,1822
85.541425,27.661685,1822
85.54143,27.661678,1822
85.541435,27.66167,1822
85.54144,27.661662,1822
85.541445,27.661654,1823
85.541451,27.661646,1823
85.541457,27.661638,1823
85.541463,27.66163,1823
85.541469,27.661622,1823
85.541475,27.661614,1823
85.541478,27.661605,1823
85.54148,27.661597,1823
85.541482,27.661588,1823
85.541484,27.66158,1823
85.541485,27.661571,1823
85.541487,27.661561,1823
85.541489,27.661552,1823
85.541491,27.661542,1824
85.541493,27.661534,1824
85.541495,27.661525,1824
85.541496,27.661516,1824
85.541495,27.661508,1824
85.541491,27.6615,1824
85.541489,27.661491,1824
85.541488,27.661483,1824
85.541488,27.661476,1824
85.541489,27.661467,1824
85.541489,27.661458,1825
85.541488,27.661449,1825
85.541487,27.661441,1825
85.541486,27.661433,1825
85.541485,27.661425,1825
85.541483,27.661418,1825
85.541481,27.661411,1825
85.541478,27.661404,1825
85.541474,27.661397,1825
85.541472,27.66139,1826
85.54147,27.661382,1826
85.541469,27.661374,1826
85.54147,27.661367,1826
85.541472,27.661361,1826
85.541474,27.661356,1826
85.541475,27.66135,1827
85.541476,27.661344,1827
85.541478,27.661338,1827
85.541479,27.661333,1827
85.54148,27.661328,1827
85.541481,27.661323,1827
85.541483,27.661319,1827
85.541491,27.661312,1827
85.541491,27.661311,1827
85.541492,27.66131,1828
85.541494,27.661307,1828
85.541494,27.661303,1828
85.541495,27.661298,1828
85.541496,27.661292,1828
85.541496,27.661287,1828
85.541496,27.661283,1828
85.541497,27.661278,1828
85.541499,27.661273,1828
85.541502,27.661267,1828
85.541506,27.661261,1828
85.541509,27.661255,1828
85.541512,27.661249,1828
85.541515,27.661242,1829
85.541519,27.661235,1829
85.541522,27.661227,1829
85.541525,27.66122,1829
85.541528,27.661212,1829
85.541532,27.661204,1829
85.541535,27.661195,1829
85.541537,27.661186,1829
85.54154,27.661178,1829
85.541541,27.661169,1829
85.541541,27.66116,1829
85.541541,27.661152,1830
85.541542,27.661144,1830
85.541544,27.661133,1830
85.541547,27.661124,1830
85.541551,27.661114,1830
85.541554,27.661105,1830
85.541557,27.661096,1830
85.54156,27.661088,1830
85.541564,27.661081,1830
85.541568,27.661075,1830
85.541574,27.661069,1830
85.54158,27.661062,1830
85.541586,27.661052,1831
85.541591,27.661043,1831
85.541596,27.661035,1831
85.5416,27.661028,1831
85.541603,27.66102,1831
85.541608,27.661013,1831
85.54161,27.661006,1831
85.541611,27.661,1832
85.541611,27.660994,1832
85.541611,27.66099,1832
85.541609,27.660977,1832
85.54161,27.660976,1832
85.54161,27.660973,1832
85.541611,27.660969,1832
85.541612,27.660964,1832
85.541613,27.660958,1832
85.541613,27.660952,1833
85.541612,27.660944,1833
85.541611,27.660936,1833
85.541609,27.660928,1833
85.541608,27.660921,1833
85.541608,27.660914,1833
85.541606,27.660906,1833
85.541606,27.660899,1833
85.541606,27.660893,1833
85.541604,27.660887,1834
85.541601,27.660883,1834
85.5416,27.660878,1834
85.541598,27.660873,1834
85.541596,27.660867,1834
85.541594,27.660861,1834
85.541592,27.660856,1834
85.54159,27.66085,1834
85.541591,27.660845,1835
85.541592,27.660839,1835
85.541593,27.660833,1835
85.541594,27.660826,1835
85.541595,27.660819,1835
85.541595,27.660813,1835
85.541596,27.660808,1835
85.541597,27.660803,1835
85.541597,27.660798,1836
85.541597,27.660794,1836
85.541598,27.66079,1836
85.541597,27.660785,1836
85.541596,27.66078,1836
85.541596,27.660774,1836
85.541596,27.660769,1837
85.541597,27.660764,1837
85.541599,27.660758,1837
85.5416,27.660754,1837
85.541602,27.660748,1837
85.541603,27.660743,1837
85.541605,27.660738,1837
85.541607,27.660733,1838
85.541609,27.660727,1838
85.541613,27.660721,1838
85.541617,27.660716,1838
85.541622,27.660711,1838
85.541627,27.660706,1838
85.541633,27.660703,1838
85.541639,27.660702,1838
85.541647,27.660701,1839
85.541654,27.660703,1839
85.541661,27.660704,1839
85.541669,27.660707,1839
85.541677,27.66071,1839
85.541683,27.660713,1839
85.541695,27.660718,1839
85.541695,27.660717,1839
85.541693,27.660709,1839
85.541688,27.660704,1839
85.541686,27.660709,1839
85.541684,27.660707,1839
85.541681,27.660703,1839
85.541678,27.660698,1839
85.541675,27.66069,1839
85.541673,27.660682,1839
85.541671,27.660672,1839
85.541669,27.660662,1839
85.541666,27.660653,1839
85.541663,27.660644,1839
85.541661,27.660638,1839
85.541659,27.660631,1839
85.541658,27.660624,1839
85.541655,27.660618,1839
85.541652,27.660612,1839
85.541648,27.660606,1839
85.541643,27.6606,1839
85.541638,27.660595,1839
85.541625,27.66058,1839
85.541625,27.660578,1839
85.54163,27.660573,1839
85.54163,27.660572,1839
85.54163,27.660571,1839
85.54163,27.66057,1839
85.541629,27.660568,1839
85.541628,27.660578,1839
85.541633,27.660581,1839
85.541635,27.660576,1839
85.541635,27.660574,1839
85.541634,27.660569,1839
85.541633,27.660562,1839
85.541631,27.660554,1839
85.541629,27.660544,1839
85.541629,27.660531,1839
85.541628,27.660519,1839
85.541629,27.660508,1839
85.541629,27.660497,1839
85.541631,27.660487,1839
85.541632,27.660477,1839
85.541631,27.660469,1839
85.541632,27.660461,1839
85.541633,27.660453,1839
85.541636,27.660442,1839
85.541638,27.660432,1839
85.541639,27.660423,1839
85.541645,27.660401,1839
85.541648,27.660401,1839
85.541637,27.660388,1839
85.541635,27.660385,1839
85.541633,27.660378,1839
85.541631,27.66037,1839
85.541629,27.660361,1839
85.541628,27.66035,1839
85.541628,27.660339,1839
85.541627,27.660327,1839
85.541626,27.660316,1839
85.541625,27.660306,1839
85.541624,27.660295,1839
85.541623,27.660286,1848
85.541622,27.660279,1848
85.541619,27.660272,1848
85.541616,27.660265,1848
85.541613,27.660257,1848
85.541609,27.660251,1848
85.541606,27.660243,1848
85.541604,27.660236,1849
85.541601,27.66023,1849
85.541598,27.660223,1849
85.541596,27.660216,1849
85.54159,27.660209,1849
85.541585,27.6602,1849
85.54158,27.660191,1850
85.541576,27.660181,1850
85.541574,27.660171,1850
85.541573,27.660161,1850
85.541571,27.660151,1850
85.541567,27.660142,1850
85.54156,27.660135,1851
85.541553,27.660128,1851
85.541546,27.66012,1851
85.541539,27.660112,1851
85.541534,27.660106,1851
85.541529,27.6601,1851
85.541527,27.660094,1852
85.541524,27.660087,1852
85.541522,27.66008,1852
85.541519,27.660073,1852
85.541517,27.660066,1852
85.541514,27.66006,1852
85.541511,27.660054,1853
85.541508,27.660048,1853
85.541506,27.660042,1853
85.541502,27.660035,1853
85.541498,27.660028,1853
85.541495,27.66002,1853
85.541492,27.660014,1853
85.54149,27.660008,1853
85.541488,27.660001,1854
85.541487,27.659993,1854
85.541485,27.659986,1854
85.541483,27.659978,1854
85.541482,27.65997,1854
85.54148,27.659962,1854
85.541476,27.659956,1855
85.541472,27.65995,1855
85.541468,27.659946,1855
85.541463,27.659942,1855
85.541457,27.659937,1856
85.541453,27.659931,1856
85.541451,27.659923,1856
85.54145,27.659916,1856
85.541449,27.659909,1856
85.541447,27.659902,1856
85.541445,27.659896,1857
85.541442,27.65989,1857
85.541439,27.659884,1857
85.541435,27.659881,1857
85.54143,27.659878,1857
85.541426,27.659875,1857
85.541422,27.659869,1858
85.541417,27.659863,1858
85.541414,27.659857,1858
85.541412,27.65985,1859
85.54141,27.659843,1859
85.541408,27.659837,1859
85.541405,27.659831,1859
85.541402,27.659825,1859
85.5414,27.65982,1859
85.541398,27.659816,1860
85.541397,27.659811,1860
85.541397,27.659807,1860
85.541396,27.659801,1860
85.541394,27.659796,1860
85.541391,27.659791,1860
85.541389,27.659786,1861
85.541387,27.659781,1861
85.541385,27.659777,1861
85.541383,27.659771,1861
85.541381,27.659765,1861
85.54138,27.659759,1861
85.541379,27.659754,1861
85.541379,27.659748,1862
85.541379,27.659742,1862
85.541377,27.659736,1862
85.541376,27.659729,1862
85.541374,27.659722,1862
85.541372,27.659716,1862
85.54137,27.65971,1862
85.541368,27.659704,1862
85.541367,27.659698,1862
85.541363,27.659693,1863
85.541357,27.659686,1863
85.541352,27.659681,1863
85.541347,27.659676,1863
85.541343,27.659671,1863
85.54134,27.659665,1863
85.541338,27.65966,1863
85.541337,27.659654,1863
85.541336,27.659647,1864
85.541336,27.659637,1864
85.541334,27.659628,1864
85.541333,27.659621,1864
85.541331,27.659615,1864
85.541327,27.659609,1864
85.541324,27.659605,1864
85.54132,27.659599,1864
85.541319,27.659592,1864
85.541316,27.659587,1864
85.541313,27.659581,1864
85.541308,27.659574,1864
85.541301,27.659566,1864
85.541295,27.659558,1865
85.541289,27.659552,1865
85.541284,27.659547,1865
85.54128,27.659542,1865
85.541276,27.659537,1865
85.541273,27.659531,1865
85.541269,27.659527,1865
85.541267,27.659523,1865
85.541265,27.659519,1865
85.541263,27.659514,1866
85.54126,27.659509,1866
85.541257,27.659504,1866
85.541254,27.659498,1866
85.541251,27.659492,1866
85.541249,27.659487,1866
85.541248,27.659483,1866
85.541247,27.659478,1866
85.541246,27.659474,1866
85.541242,27.659469,1867
85.541238,27.659463,1867
85.541233,27.659456,1867
85.541228,27.659451,1867
85.541224,27.659445,1867
85.54122,27.65944,1867
85.541217,27.659435,1867
85.541214,27.659431,1867
85.541212,27.659427,1867
85.541209,27.659423,1867
85.541204,27.65942,1867
85.5412,27.659415,1868
85.541196,27.659412,1868
85.541191,27.659408,1868
85.541185,27.659405,1868
85.541178,27.659402,1868
85.541172,27.6594,1868
85.541165,27.659396,1868
85.54116,27.659392,1869
85.541155,27.659387,1869
85.541151,27.659382,1869
85.541146,27.659376,1869
85.541142,27.659371,1869
85.541138,27.659367,1869
85.541133,27.659362,1869
85.541129,27.659357,1870
85.541124,27.659353,1870
85.54112,27.659349,1870
85.541116,27.659346,1870
85.541112,27.659341,1870
85.541111,27.659336,1870
85.54111,27.659331,1870
85.541108,27.659326,1870
85.541107,27.659323,1870
85.541105,27.65932,1871
85.541102,27.659317,1871
85.541101,27.659313,1871
85.541099,27.659309,1871
85.541098,27.659305,1871
85.541097,27.6593,1871
85.541095,27.659296,1872
85.541092,27.659291,1872
85.54109,27.659286,1872
85.541087,27.659282,1872
85.541084,27.659277,1872
85.54108,27.659271,1872
85.541076,27.659267,1872
85.541072,27.659264,1873
85.541069,27.65926,1873
85.541066,27.659256,1873
85.541063,27.659253,1873
85.541061,27.65925,1873
85.541056,27.659239,1873
85.541056,27.659238,1874
85.541054,27.659235,1874
85.541051,27.659231,1874
85.541047,27.659227,1874
85.541041,27.659225,1874
85.541034,27.659223,1874
85.541018,27.659219,1874
85.541017,27.659219,1875
85.541015,27.659218,1875
85.541012,27.659217,1875
85.54101,27.659214,1875
85.541008,27.659211,1875
85.541004,27.659204,1875
85.541003,27.659199,1875
85.541001,27.659193,1875
85.540997,27.659186,1875
85.540993,27.659181,1875
85.540989,27.659175,1876
85.540985,27.65917,1876
85.54098,27.659165,1876
85.540974,27.65916,1876
85.540967,27.659156,1876
85.540962,27.659153,1876
85.540957,27.65915,1876
85.540954,27.659147,1877
85.540951,27.659143,1877
85.54095,27.659138,1877
85.540949,27.659134,1877
85.540947,27.65913,1877
85.540944,27.659127,1877
85.540942,27.659124,1878
85.540942,27.659111,1878
85.540941,27.65911,1878
85.540939,27.659107,1878
85.540936,27.659103,1878
85.540932,27.659098,1878
85.540927,27.659094,1878
85.540924,27.659089,1878
85.540923,27.659083,1879
85.540922,27.659076,1879
85.540921,27.65907,1879
85.540921,27.659067,1879
85.540923,27.659061,1879
85.540924,27.65906,1879
85.540923,27.659056,1879
85.54092,27.65905,1879
85.540917,27.659046,1879
85.540912,27.659038,1880
85.540906,27.659028,1880
85.540901,27.659017,1881
85.540896,27.659004,1881
85.540892,27.658991,1881
85.540888,27.658978,1881
85.540884,27.658964,1881
85.54088,27.65895,1881
85.540878,27.65894,1882
85.540876,27.65893,1882
85.540876,27.658924,1882
85.540878,27.658918,1882
85.540882,27.658913,1882
85.540888,27.658909,1882
85.540893,27.658906,1882
85.5409,27.658905,1882
85.540909,27.658905,1883
85.540917,27.658905,1883
85.540924,27.658904,1883
85.540929,27.658903,1883
85.540942,27.658896,1883
85.54094,27.658895,1883
85.540937,27.658892,1883
85.540933,27.658889,1883
85.540928,27.658885,1883
85.540923,27.65888,1883
85.540916,27.658876,1883
85.540908,27.658873,1883
85.54089,27.658863,1883
85.540889,27.658863,1883
85.540887,27.658863,1883
85.540891,27.658864,1883
85.540897,27.658866,1883
85.540907,27.658868,1883
85.540919,27.658867,1883
85.540931,27.658864,1883
85.540943,27.658857,1883
85.540953,27.658852,1883
85.540958,27.658845,1883
85.54096,27.658838,1883
85.540957,27.658831,1883
85.540955,27.658824,1883
85.540953,27.658818,1883
85.540951,27.658813,1883
85.540947,27.658808,1883
85.540943,27.6588,1883
85.540937,27.658793,1883
85.540932,27.658786,1883
85.540927,27.65878,1883
85.54092,27.658773,1883
85.540911,27.658767,1883
85.540904,27.658763,1883
85.540898,27.658759,1883
85.540893,27.658756,1886
85.540889,27.658753,1886
85.540887,27.658749,1886
85.540886,27.658742,1886
85.540885,27.658734,1886
85.540885,27.658726,1886
85.540886,27.658717,1887
85.540889,27.658707,1887
85.54089,27.658699,1887
85.54089,27.658692,1887
85.54089,27.658686,1887
85.540889,27.65868,1887
85.540887,27.658675,1887
85.540886,27.658671,1888
85.540886,27.658666,1888
85.540887,27.658661,1888
85.540889,27.658656,1888
85.540891,27.658651,1888
85.540893,27.658647,1888
85.540895,27.658642,1888
85.540898,27.658638,1888
85.540903,27.658632,1888
85.54091,27.658625,1888
85.540916,27.658618,1889
85.540923,27.658611,1889
85.540929,27.658604,1889
85.540933,27.658598,1889
85.540936,27.658592,1889
85.540936,27.658584,1889
85.540935,27.658575,1889
85.540934,27.658567,1889
85.540934,27.658564,1889
</coordinates>
</LineString>
</Placemark>
<Placemark>
<name/>
<styleUrl>#line-F0F000-2000-nodesc</styleUrl>
<LineString>
<tessellate>1</tessellate>
<coordinates>
85.567231,27.610113,0
85.556374,27.607718,0
85.554442,27.603116,0
85.552511,27.601899,0
85.55294,27.601709,0
</coordinates>
</LineString>
</Placemark>
<Placemark>
<name/>
<styleUrl>#line-FF0000-2000-nodesc</styleUrl>
<LineString>
<tessellate>1</tessellate>
<coordinates>
85.541337,27.652409,1875
85.541335,27.652406,1875
85.541331,27.652399,1875
85.541326,27.652393,1875
85.541325,27.652386,1875
85.541325,27.652378,1874
85.541326,27.652371,1874
85.541326,27.652363,1874
85.541324,27.652355,1874
85.54132,27.652348,1873
85.541314,27.65234,1873
85.54131,27.652332,1872
85.541309,27.652322,1872
85.541308,27.652311,1872
85.541307,27.6523,1872
85.541303,27.65229,1872
85.541299,27.65228,1871
85.541297,27.652271,1871
85.541295,27.652263,1871
85.541293,27.652257,1871
85.541293,27.652252,1871
85.541293,27.652247,1870
85.541293,27.652242,1870
85.541294,27.652236,1870
85.541294,27.652231,1870
85.541295,27.652225,1870
85.541297,27.65222,1870
85.541302,27.652217,1869
85.541309,27.652215,1869
85.541316,27.652212,1869
85.541321,27.652205,1869
85.541323,27.652196,1868
85.541322,27.652187,1868
85.541318,27.652179,1868
85.541314,27.652171,1868
85.54131,27.652165,1868
85.541307,27.65216,1868
85.541305,27.652155,1867
85.541307,27.652142,1867
85.541307,27.652141,1867
85.541308,27.65214,1867
85.54131,27.652129,1867
85.54131,27.652128,1867
85.541312,27.652125,1866
85.541313,27.652122,1866
85.541313,27.652117,1866
85.541313,27.652112,1866
85.541313,27.652105,1865
85.541313,27.652098,1865
85.541312,27.652089,1864
85.541311,27.652078,1864
85.541308,27.652069,1864
85.541304,27.65206,1864
85.541299,27.652052,1863
85.541297,27.652045,1863
85.541294,27.652039,1863
85.541291,27.652034,1863
85.541289,27.65203,1863
85.541285,27.652024,1862
85.541281,27.652017,1862
85.541278,27.652009,1862
85.541276,27.652001,1862
85.541273,27.651991,1862
85.541267,27.651982,1862
85.541261,27.651976,1862
85.541257,27.651971,1861
85.541247,27.651961,1861
85.541247,27.65196,1861
85.541247,27.651958,1860
85.541251,27.651954,1860
85.541255,27.651951,1860
85.541258,27.651948,1860
85.541261,27.651943,1859
85.541262,27.651939,1859
85.541263,27.651932,1859
85.541266,27.651925,1859
85.541268,27.651916,1859
85.541271,27.651909,1859
85.541275,27.651902,1859
85.541281,27.651897,1858
85.541286,27.651892,1858
85.54129,27.651888,1858
85.541294,27.651883,1858
85.541298,27.651878,1858
85.541301,27.651875,1858
85.541312,27.651868,1858
85.541313,27.651871,1858
85.541315,27.651874,1858
85.541317,27.651879,1858
85.54132,27.651886,1858
85.541324,27.651895,1858
85.541329,27.651905,1858
85.541336,27.651915,1858
85.541343,27.651925,1858
85.541352,27.651935,1858
85.541359,27.651944,1858
85.541365,27.65195,1858
85.541375,27.651961,1858
85.541375,27.651962,1858
85.54138,27.651963,1858
85.541382,27.651961,1858
85.541382,27.651962,1858
85.541383,27.651965,1858
85.541385,27.651967,1858
85.541389,27.65197,1858
85.541394,27.651975,1858
85.541399,27.651982,1858
85.541406,27.651989,1858
85.541414,27.651998,1858
85.541423,27.65201,1858
85.541432,27.652021,1858
85.541442,27.652031,1858
85.541453,27.652038,1858
85.541463,27.652045,1858
85.541474,27.652052,1858
85.541484,27.65206,1858
85.541495,27.652068,1858
85.541506,27.652076,1858
85.541516,27.652082,1858
85.541529,27.652087,1858
85.541541,27.65209,1858
85.541553,27.652091,1858
85.541565,27.652089,1858
85.541576,27.652084,1858
85.541589,27.652082,1858
85.541603,27.65208,1858
85.541616,27.652078,1858
85.541629,27.652076,1858
85.541641,27.652072,1858
85.541654,27.652071,1858
85.541667,27.65207,1858
85.541682,27.652068,1858
85.541697,27.652065,1858
85.54171,27.652061,1858
85.541722,27.652062,1858
85.541735,27.652062,1857
85.541747,27.65206,1857
85.541758,27.652057,1857
85.541769,27.652055,1857
85.541782,27.652055,1857
85.541794,27.652056,1858
85.541807,27.652058,1858
85.541819,27.65206,1858
85.541832,27.652063,1858
85.541844,27.652067,1858
85.541856,27.652071,1858
85.541867,27.652075,1858
85.541879,27.652079,1858
85.541888,27.652082,1859
85.541897,27.652086,1859
85.541906,27.65209,1859
85.541915,27.652094,1859
85.541925,27.652099,1859
85.541935,27.652103,1859
85.541945,27.652107,1859
85.541953,27.65211,1859
85.541961,27.652113,1859
85.541971,27.652116,1859
85.54198,27.65212,1859
85.54199,27.652124,1859
85.542,27.652128,1859
85.54201,27.652133,1859
85.542019,27.652135,1859
85.542029,27.652138,1859
85.542039,27.652142,1859
85.542048,27.652147,1859
85.542058,27.652152,1859
85.542069,27.652158,1859
85.54208,27.652164,1859
85.542092,27.652173,1859
85.542103,27.652181,1859
85.542113,27.652188,1859
85.542122,27.652193,1859
85.542131,27.652197,1859
85.542141,27.652201,1859
85.542151,27.652205,1859
85.542162,27.652208,1859
85.542175,27.652212,1859
85.542187,27.652217,1859
85.542197,27.652222,1859
85.542206,27.652226,1859
85.542214,27.652231,1859
85.542223,27.652235,1859
85.54223,27.652239,1859
85.542243,27.65225,1859
85.542246,27.65225,1859
85.54225,27.652253,1859
85.542254,27.652258,1859
85.54226,27.652265,1859
85.542267,27.652273,1859
85.542274,27.65228,1859
85.542282,27.652289,1859
85.542289,27.652297,1859
85.542296,27.652307,1859
85.542304,27.652316,1859
85.542312,27.652325,1859
85.542321,27.652334,1859
85.542332,27.652343,1859
85.542345,27.65235,1859
85.542358,27.652357,1859
85.542373,27.652362,1859
85.542388,27.652367,1859
85.542403,27.652371,1859
85.542417,27.652375,1859
85.542431,27.652376,1859
85.542446,27.652377,1859
85.542461,27.652377,1859
85.542475,27.652375,1859
85.54249,27.652373,1859
85.542505,27.652371,1859
85.54252,27.652368,1859
85.542535,27.652365,1859
85.542549,27.652362,1859
85.542563,27.652359,1859
85.542576,27.652356,1859
85.542589,27.652351,1859
85.5426,27.652345,1859
85.542608,27.652341,1859
85.542617,27.652337,1859
85.542627,27.652333,1859
85.542637,27.65233,1859
85.542648,27.652327,1859
85.54266,27.652325,1859
85.542673,27.65232,1859
85.542684,27.652314,1859
85.542695,27.652309,1859
85.542703,27.652305,1859
85.542709,27.652302,1859
85.54272,27.652296,1859
85.54272,27.652297,1859
85.542717,27.652298,1859
85.542712,27.6523,1859
85.542717,27.652301,1859
85.542721,27.652301,1859
85.54273,27.652298,1859
85.542741,27.652294,1859
85.542752,27.652289,1859
85.542766,27.652283,1859
85.542782,27.652276,1859
85.5428,27.65227,1859
85.542817,27.652264,1859
85.542834,27.652259,1858
85.542847,27.652252,1858
85.542858,27.652245,1858
85.542868,27.652235,1858
85.542877,27.652227,1858
85.542883,27.652222,1858
85.54289,27.652208,1858
85.54289,27.652207,1858
85.54289,27.652206,1858
85.542892,27.652201,1858
85.542893,27.652201,1858
85.542895,27.652202,1858
85.542902,27.652206,1858
85.542901,27.652205,1858
85.542902,27.652198,1858
85.542901,27.652199,1858
85.542899,27.652201,1858
85.542898,27.652203,1858
85.542896,27.652204,1858
85.542883,27.652205,1858
85.542883,27.652195,1858
85.542883,27.652191,1858
85.542884,27.652185,1858
85.542884,27.652178,1858
85.542885,27.652171,1858
85.542885,27.652165,1858
85.542885,27.65215,1858
85.542883,27.652143,1858
85.542887,27.652145,1858
85.542886,27.652145,1858
85.542878,27.652153,1858
85.542878,27.652154,1858
85.542878,27.652155,1858
85.542882,27.652165,1858
85.542883,27.652168,1858
85.542883,27.652167,1858
85.542875,27.652163,1858
85.54287,27.652161,1858
85.542863,27.65216,1858
85.542862,27.652159,1858
85.542861,27.652158,1858
85.542857,27.65214,1858
85.542856,27.65214,1858
85.54285,27.65214,1858
85.54285,27.652132,1858
85.542851,27.652127,1858
85.542854,27.652119,1858
85.542859,27.652107,1858
85.542863,27.652094,1858
85.542868,27.652081,1858
85.542873,27.652068,1858
85.542877,27.652055,1858
85.542881,27.652043,1858
85.542885,27.652031,1858
85.542886,27.652019,1858
85.542888,27.652009,1858
85.542888,27.652,1858
85.54289,27.651993,1858
85.54289,27.65198,1858
85.542894,27.651982,1858
85.542902,27.651985,1858
85.542905,27.65198,1858
85.542906,27.651977,1858
85.542907,27.651969,1858
85.542908,27.651959,1858
85.54291,27.651948,1858
85.542913,27.651937,1858
85.542914,27.651927,1858
85.542916,27.651918,1858
85.542918,27.651909,1858
85.54292,27.651898,1858
85.542923,27.651888,1858
85.542927,27.651879,1858
85.542931,27.651871,1858
85.542935,27.651864,1858
85.542938,27.651857,1858
85.542941,27.651851,1858
85.542943,27.651845,1858
85.54295,27.65183,1858
85.542949,27.651828,1858
85.542944,27.651825,1858
85.542945,27.651823,1858
85.542947,27.651821,1858
85.542951,27.651815,1858
85.542955,27.651806,1858
85.542958,27.651795,1858
85.542962,27.651784,1852
85.542965,27.651775,1852
85.542968,27.651766,1852
85.54297,27.651758,1852
85.542977,27.651742,1852
85.542979,27.651744,1852
85.542978,27.651743,1851
85.542974,27.651735,1851
85.542973,27.651736,1851
85.542972,27.651734,1851
85.542973,27.65173,1851
85.542975,27.651722,1851
85.542979,27.651713,1851
85.542985,27.651703,1851
85.542992,27.651693,1851
85.543002,27.651683,1850
85.543012,27.651671,1850
85.543021,27.651656,1849
85.543029,27.651641,1849
85.543037,27.651627,1849
85.543042,27.651614,1849
85.543048,27.651602,1849
85.543056,27.65159,1848
85.543064,27.651579,1848
85.543073,27.651569,1848
85.543083,27.651559,1848
85.543094,27.651551,1848
85.543104,27.651542,1847
85.543113,27.651533,1847
85.54312,27.651524,1847
85.543126,27.651514,1847
85.543131,27.651505,1847
85.543136,27.651494,1846
85.543141,27.651484,1846
85.543145,27.651474,1846
85.54315,27.651464,1846
85.543155,27.651454,1845
85.543161,27.651445,1845
85.543166,27.651437,1845
85.543171,27.651431,1845
85.543174,27.651424,1844
85.543179,27.651417,1844
85.543182,27.651409,1844
85.543185,27.651401,1844
85.543188,27.651392,1843
85.543191,27.651383,1843
85.543195,27.651374,1843
85.543199,27.651366,1843
85.543203,27.651357,1843
85.543209,27.651348,1843
85.543215,27.65134,1842
85.543223,27.651332,1842
85.543231,27.651324,1842
85.543239,27.651317,1842
85.543248,27.651309,1841
85.543258,27.651301,1841
85.543267,27.651293,1841
85.543275,27.651284,1841
85.543282,27.651279,1841
85.543289,27.651275,1841
85.543305,27.651262,1841
85.543307,27.651261,1841
85.543304,27.651256,1841
85.543304,27.651251,1841
85.543303,27.651242,1841
85.543303,27.651229,1841
85.543301,27.651215,1841
85.5433,27.6512,1841
85.543297,27.651184,1841
85.543293,27.651169,1841
85.543291,27.651152,1841
85.543288,27.651135,1841
85.543287,27.65112,1841
85.543286,27.651106,1841
85.543285,27.651095,1839
85.543283,27.651086,1839
85.543279,27.651079,1839
85.543273,27.651072,1839
85.543268,27.651066,1839
85.543263,27.651059,1838
85.543259,27.651052,1838
85.543256,27.651045,1838
85.543252,27.651038,1838
85.543248,27.651029,1838
85.543246,27.651021,1838
85.543246,27.651014,1837
85.543249,27.651006,1837
85.543254,27.650998,1837
85.543258,27.65099,1837
85.543264,27.650981,1837
85.543271,27.650973,1837
85.543279,27.650964,1837
85.543287,27.650954,1837
85.543295,27.650943,1837
85.543302,27.650931,1837
85.543309,27.650918,1836
85.543314,27.650905,1836
85.543315,27.650892,1836
85.543316,27.650878,1836
85.543316,27.650865,1836
85.543314,27.650853,1836
85.543311,27.650841,1836
85.543307,27.650829,1836
85.543302,27.650817,1836
85.543297,27.650806,1836
85.543291,27.650797,1836
85.543284,27.650788,1836
85.543279,27.650778,1836
85.543273,27.650767,1836
85.543268,27.650757,1836
85.543263,27.650746,1836
85.543257,27.650736,1836
85.543253,27.650728,1836
85.54325,27.650721,1836
85.543246,27.650714,1836
85.543243,27.650707,1835
85.54324,27.650699,1835
85.543239,27.650689,1835
85.543237,27.650679,1835
85.543234,27.650669,1835
85.543232,27.650659,1835
85.543229,27.65065,1835
85.543227,27.65064,1835
85.543227,27.65063,1834
85.543225,27.65062,1834
85.543224,27.65061,1834
85.543223,27.650601,1834
85.543221,27.650593,1834
85.543218,27.650585,1834
85.543215,27.650578,1834
85.543212,27.650572,1833
85.543208,27.650565,1833
85.543204,27.650558,1833
85.543199,27.65055,1833
85.543194,27.650543,1833
85.54319,27.650536,1833
85.543185,27.650529,1832
85.54318,27.650522,1832
85.543174,27.650516,1832
85.543168,27.65051,1832
85.543162,27.650504,1832
85.543157,27.650498,1832
85.543153,27.650492,1831
85.543149,27.650484,1831
85.543146,27.650475,1831
85.543143,27.650465,1831
85.543143,27.650455,1831
85.543144,27.650445,1831
85.543145,27.650435,1830
85.543147,27.650424,1830
85.543149,27.650413,1830
85.543152,27.650402,1830
85.543156,27.650391,1830
85.543158,27.65038,1830
85.543159,27.650369,1830
85.543159,27.650359,1830
85.543158,27.650351,1829
85.543159,27.650333,1829
85.543159,27.650332,1829
85.543154,27.650328,1829
85.543152,27.650327,1829
85.543149,27.650327,1829
85.543145,27.650325,1829
85.54314,27.650321,1829
85.543136,27.650315,1829
85.543133,27.650308,1829
85.543131,27.650302,1828
85.54313,27.650297,1828
85.543129,27.650285,1828
85.543127,27.65028,1828
85.543121,27.650271,1828
85.54312,27.65027,1828
85.543116,27.650269,1827
85.54311,27.650267,1827
85.543102,27.650264,1827
85.543095,27.650259,1826
85.543089,27.650254,1826
85.543083,27.65025,1826
85.543077,27.650245,1826
85.543073,27.65024,1826
85.543068,27.650234,1826
85.543063,27.65023,1825
85.543057,27.650225,1825
85.543052,27.65022,1825
85.543051,27.650214,1825
85.543052,27.650207,1825
85.543055,27.6502,1825
85.54306,27.650193,1824
85.543065,27.650186,1824
85.543073,27.650179,1824
85.543083,27.65017,1824
85.543091,27.650162,1824
85.543099,27.650154,1824
85.543106,27.650144,1824
85.543113,27.650134,1824
85.543118,27.650124,1824
85.543123,27.650114,1823
85.543129,27.650105,1823
85.543134,27.650097,1823
85.543139,27.650089,1823
85.543144,27.650081,1823
85.54315,27.650075,1823
85.543155,27.65007,1823
85.543159,27.650066,1823
85.543162,27.650061,1823
85.543162,27.650055,1823
85.54316,27.650049,1823
85.543157,27.650043,1822
85.543153,27.650038,1822
85.543148,27.650035,1821
85.543145,27.650031,1821
85.543142,27.650028,1821
85.54314,27.650025,1821
85.543137,27.650022,1821
85.543135,27.650018,1821
85.543134,27.650014,1820
85.543135,27.650011,1820
85.543135,27.650006,1819
85.543134,27.65,1819
85.543133,27.649994,1819
85.54313,27.649987,1819
85.543127,27.649983,1818
85.543125,27.649978,1818
85.543121,27.649975,1818
85.543115,27.64997,1817
85.543109,27.649965,1817
85.543104,27.649959,1817
85.543101,27.649953,1817
85.543097,27.649946,1817
85.543094,27.649939,1817
85.543088,27.64992,1817
85.543087,27.649918,1817
85.543085,27.649914,1817
85.543085,27.649909,1816
85.543083,27.649904,1816
85.543082,27.649899,1816
85.54308,27.649892,1816
85.543078,27.649885,1816
85.543077,27.649878,1816
85.543076,27.649872,1815
85.543077,27.649865,1815
85.543077,27.649859,1814
85.543077,27.649853,1814
85.543079,27.649847,1814
85.543083,27.649837,1814
85.543085,27.649828,1814
85.543085,27.64982,1814
85.543083,27.64981,1813
85.543081,27.649803,1813
85.54308,27.649797,1813
85.54308,27.649791,1813
85.54308,27.649786,1813
85.54308,27.64978,1813
85.54308,27.649772,1813
85.54308,27.649763,1812
85.54308,27.649754,1812
85.543081,27.649745,1812
85.543081,27.649735,1812
85.543081,27.649726,1812
85.543082,27.649718,1812
85.543084,27.649712,1812
85.543084,27.649707,1811
85.543086,27.649701,1811
85.543088,27.649694,1811
85.543091,27.649686,1811
85.543093,27.649677,1811
85.543095,27.649668,1811
85.543096,27.64966,1810
85.543096,27.649654,1810
85.543091,27.649642,1810
85.54309,27.649645,1810
85.543091,27.649645,1810
85.543089,27.649642,1810
85.543085,27.649636,1810
85.543079,27.64963,1810
85.543074,27.649624,1810
85.543069,27.649619,1810
85.543063,27.649613,1810
85.543058,27.649608,1810
85.543052,27.649603,1810
85.543047,27.649599,1810
85.543031,27.649587,1810
85.543028,27.64959,1810
85.543023,27.649584,1810
85.543022,27.649583,1810
85.54302,27.649581,1810
85.543016,27.649579,1810
85.543011,27.649574,1810
85.543006,27.649567,1810
85.543,27.649558,1810
85.542993,27.649549,1810
85.542987,27.64954,1810
85.54298,27.649531,1810
85.542974,27.649522,1810
85.542969,27.649512,1810
85.542964,27.649501,1810
85.542958,27.64949,1810
85.542954,27.64948,1810
85.54295,27.649471,1810
85.542947,27.649461,1810
85.542944,27.649453,1807
85.542943,27.649445,1807
85.542941,27.649438,1807
85.542939,27.649432,1807
85.542938,27.649427,1807
85.54294,27.649412,1807
85.54294,27.649409,1807
85.54294,27.649404,1807
85.542939,27.649401,1807
85.542939,27.649396,1806
85.54294,27.649388,1806
85.542941,27.649379,1806
85.542943,27.649369,1806
85.542945,27.649359,1805
85.542948,27.649351,1805
85.542951,27.649342,1805
85.542956,27.649335,1805
85.542961,27.649329,1805
85.542967,27.649323,1805
85.542974,27.649317,1804
85.54298,27.649312,1804
85.542986,27.649307,1804
85.542992,27.649302,1804
85.542997,27.649297,1804
85.543003,27.649291,1803
85.543009,27.649286,1803
85.543015,27.649278,1803
85.54302,27.64927,1803
85.543024,27.64926,1803
85.543024,27.64925,1803
85.543022,27.649241,1803
85.543017,27.649233,1803
85.543009,27.649226,1803
85.543001,27.64922,1803
85.542992,27.649214,1803
85.542981,27.649207,1803
85.542971,27.649201,1803
85.54296,27.649196,1803
85.542947,27.649192,1803
85.542934,27.64919,1803
85.542921,27.649187,1803
85.542907,27.649183,1802
85.542895,27.64918,1802
85.542882,27.649177,1802
85.542869,27.649173,1802
85.542857,27.649169,1802
85.542846,27.649164,1802
85.542836,27.64916,1802
85.542826,27.649156,1802
85.542815,27.649155,1802
85.542804,27.649156,1802
85.542795,27.649158,1802
85.54279,27.649161,1802
85.542784,27.649163,1802
85.542782,27.649161,1802
85.542786,27.649161,1802
85.542791,27.64916,1802
85.542798,27.649159,1802
85.542805,27.649158,1802
85.542812,27.649156,1802
85.542818,27.649154,1802
85.542833,27.649151,1802
85.542837,27.649153,1802
85.542845,27.649154,1802
85.54285,27.649154,1802
85.54285,27.649155,1802
85.542851,27.649157,1802
85.542853,27.649159,1802
85.542855,27.649161,1802
85.542863,27.649168,1802
85.542872,27.649166,1802
85.542872,27.649163,1802
85.542873,27.649164,1802
85.542875,27.649165,1802
85.542877,27.649166,1802
85.542881,27.649169,1802
85.542885,27.649171,1802
85.54289,27.649175,1802
85.542897,27.649178,1802
85.542904,27.649181,1802
85.542912,27.649185,1802
85.542922,27.649189,1802
85.542931,27.649194,1802
85.542938,27.649198,1802
85.542943,27.649201,1802
85.542955,27.649208,1802
85.542963,27.649209,1802
85.542964,27.649209,1802
85.542972,27.649214,1802
85.542972,27.649216,1802
85.542974,27.649219,1802
85.542979,27.649223,1802
85.542985,27.649227,1802
85.54299,27.649231,1802
85.542995,27.649236,1802
85.543005,27.649256,1802
85.54301,27.649256,1802
85.543011,27.649256,1802
85.543025,27.649254,1802
85.543027,27.649253,1802
85.543033,27.649252,1802
85.543042,27.649249,1802
85.543052,27.649245,1802
85.543063,27.649239,1802
85.543076,27.649232,1802
85.543089,27.649226,1802
85.543097,27.649217,1802
85.543105,27.649208,1802
85.543111,27.649201,1802
85.543117,27.649192,1802
85.543122,27.649185,1802
85.543127,27.649178,1802
85.54313,27.649171,1802
85.543132,27.649165,1802
85.543134,27.649159,1802
85.543136,27.649154,1802
85.543137,27.649148,1802
85.543139,27.649141,1802
85.54314,27.649136,1802
85.543143,27.649129,1802
85.543144,27.64913,1802
85.543148,27.649128,1802
85.54315,27.649125,1802
85.543152,27.649121,1802
85.543153,27.649115,1802
85.543154,27.649109,1802
85.543156,27.649101,1802
85.543156,27.64909,1802
85.543157,27.649081,1802
85.543158,27.649072,1802
85.543161,27.649063,1802
85.543164,27.649054,1802
85.543167,27.649046,1802
85.543168,27.649028,1802
85.543169,27.649025,1802
85.54317,27.649021,1802
85.543171,27.649015,1802
85.543172,27.649008,1802
85.543174,27.649003,1802
85.543179,27.648999,1802
85.543183,27.648995,1802
85.543185,27.64899,1802
85.543188,27.648985,1802
85.543192,27.648981,1802
85.543197,27.648975,1802
85.543201,27.648968,1802
85.543206,27.648961,1802
85.543212,27.648955,1802
85.543218,27.648948,1802
85.543225,27.648941,1802
85.543232,27.648933,1802
85.543236,27.648923,1802
85.543239,27.648913,1802
85.543241,27.648905,1802
85.543244,27.648897,1787
85.543249,27.648889,1787
85.543253,27.648878,1787
85.543258,27.648866,1787
85.543264,27.648855,1787
85.543271,27.648844,1787
85.543279,27.648835,1787
85.543286,27.648827,1786
85.543291,27.648819,1786
85.543296,27.648811,1786
85.543301,27.648803,1786
85.543306,27.648796,1786
85.543312,27.648789,1786
85.543319,27.648783,1786
85.543328,27.648777,1785
85.543335,27.648769,1785
85.543342,27.648761,1785
85.543349,27.648754,1785
85.543357,27.648749,1785
85.543364,27.648743,1784
85.543371,27.648737,1784
85.543375,27.648731,1784
85.543378,27.648725,1784
85.54338,27.64872,1783
85.543382,27.648715,1783
85.543384,27.648709,1783
85.543387,27.648702,1783
85.543393,27.648695,1783
85.543397,27.648689,1782
85.543402,27.648683,1782
85.543408,27.648675,1782
85.543414,27.648666,1782
85.54342,27.648656,1782
85.543425,27.648645,1781
85.543429,27.648634,1781
85.543431,27.648621,1781
85.543431,27.648609,1781
85.54343,27.648597,1781
85.543427,27.648584,1781
85.543425,27.648573,1781
85.54342,27.648561,1781
85.543416,27.64855,1781
85.543414,27.64854,1781
85.543413,27.648532,1781
85.543413,27.648521,1781
85.543411,27.64851,1781
85.543409,27.648498,1780
85.543407,27.648486,1780
85.543406,27.648475,1780
85.543407,27.648465,1780
85.543409,27.648453,1780
85.543412,27.648442,1780
85.543416,27.648431,1780
85.54342,27.648419,1779
85.543426,27.648408,1779
85.543431,27.648397,1779
85.543437,27.648385,1779
85.543443,27.648372,1779
85.543448,27.648359,1779
85.543453,27.648347,1779
85.543457,27.648335,1779
85.543463,27.648323,1779
85.54347,27.648314,1779
85.543477,27.648306,1779
85.543485,27.648298,1779
85.543493,27.648291,1779
85.543499,27.648283,1779
85.543503,27.648276,1779
85.543506,27.648266,1779
85.543508,27.648256,1779
85.54351,27.648244,1779
85.543511,27.648231,1779
85.543513,27.648218,1779
85.543513,27.648205,1779
85.543514,27.648195,1779
85.543517,27.648182,1779
85.54352,27.64817,1779
85.543526,27.648161,1778
85.543534,27.648155,1778
85.543543,27.64815,1778
85.543551,27.648144,1778
85.54356,27.648138,1778
85.543566,27.648131,1778
85.543571,27.648123,1778
85.543575,27.648117,1778
85.543579,27.64811,1777
85.543581,27.648103,1777
85.543583,27.648095,1777
85.543587,27.648088,1777
85.543594,27.648082,1776
85.543601,27.648074,1776
85.543607,27.648067,1776
85.543613,27.64806,1776
85.543617,27.648053,1776
85.543622,27.648047,1775
85.543629,27.648041,1775
85.543637,27.648034,1775
85.543645,27.648027,1775
85.543653,27.648021,1775
85.54366,27.648015,1774
85.543666,27.648007,1774
85.543672,27.647998,1774
85.543677,27.64799,1774
85.543682,27.647983,1774
85.543686,27.647979,1774
85.543692,27.647977,1773
85.5437,27.647977,1773
85.543709,27.647976,1773
85.54372,27.647976,1773
85.543732,27.647976,1773
85.543745,27.647974,1773
85.543756,27.64797,1772
85.543763,27.647964,1772
85.543767,27.647958,1772
85.543771,27.647952,1772
85.543773,27.647947,1771
85.543774,27.64794,1771
85.543778,27.647935,1770
85.543783,27.64793,1770
85.543786,27.647925,1770
85.54379,27.647919,1770
85.543792,27.647913,1769
85.543794,27.647908,1769
85.543797,27.647902,1768
85.543801,27.647897,1768
85.543807,27.647891,1768
85.543814,27.647887,1768
85.543821,27.647883,1768
85.543827,27.647877,1767
85.543831,27.647873,1767
85.54384,27.647867,1767
85.543841,27.647867,1767
85.543845,27.647866,1767
85.54385,27.647864,1767
85.543856,27.647859,1767
85.543862,27.647853,1766
85.543869,27.647847,1766
85.543876,27.647842,1766
85.543886,27.647838,1766
85.543897,27.647835,1766
85.543906,27.64783,1766
85.543916,27.647823,1765
85.543924,27.647816,1765
85.543931,27.647807,1765
85.543936,27.647796,1765
85.543941,27.647787,1765
85.543946,27.647778,1765
85.543951,27.647769,1764
85.543953,27.64776,1764
85.543954,27.647749,1764
85.543954,27.647738,1764
85.543956,27.647727,1764
85.543958,27.647718,1764
85.543962,27.647709,1763
85.543966,27.647699,1763
85.543971,27.647689,1763
85.543976,27.64768,1763
85.543982,27.64767,1763
85.543988,27.647659,1763
85.543992,27.64765,1762
85.543995,27.647642,1762
85.543997,27.647635,1762
85.543999,27.647627,1762
85.544001,27.647618,1762
85.544004,27.647608,1762
85.544007,27.647598,1762
85.544013,27.647587,1761
85.544019,27.647577,1761
85.544027,27.647567,1761
85.544034,27.647557,1761
85.544042,27.647546,1760
85.544051,27.647536,1760
85.54406,27.647526,1759
85.54407,27.647517,1759
85.544079,27.647507,1759
85.544087,27.647497,1759
85.544095,27.647486,1759
85.544103,27.647473,1758
85.544108,27.64746,1758
85.544111,27.647446,1758
85.544113,27.647432,1758
85.544117,27.647421,1758
85.544122,27.647411,1758
85.544125,27.647402,1758
85.544135,27.647381,1757
85.544136,27.647379,1757
85.544137,27.647376,1757
85.544138,27.647374,1757
85.54414,27.64737,1757
85.544142,27.647367,1757
85.544146,27.647363,1757
85.544151,27.64736,1757
85.544158,27.647355,1756
85.544164,27.647349,1756
85.544169,27.647343,1756
85.544173,27.647336,1756
85.544179,27.647331,1756
85.544185,27.647325,1755
85.544193,27.64732,1755
85.5442,27.647312,1755
85.544207,27.647304,1755
85.544215,27.647295,1755
85.544223,27.647286,1754
85.544232,27.647279,1754
85.544242,27.647273,1754
85.544253,27.647268,1754
85.544263,27.647262,1754
85.544272,27.647256,1754
85.544282,27.647249,1753
85.544292,27.64724,1753
85.544302,27.647231,1753
85.544311,27.647222,1753
85.544321,27.647212,1752
85.544331,27.647204,1752
85.544341,27.647195,1752
85.54435,27.647186,1752
85.544358,27.647177,1752
85.544365,27.647168,1751
85.544374,27.647159,1751
85.544382,27.647151,1751
85.544388,27.64714,1751
85.544393,27.647128,1751
85.544398,27.647115,1750
85.544403,27.647103,1750
85.544408,27.647092,1750
85.544414,27.647081,1750
85.544422,27.647071,1750
85.544429,27.64706,1750
85.544436,27.64705,1749
85.544439,27.647041,1749
85.544442,27.647032,1749
85.544442,27.647025,1749
85.544442,27.647018,1749
85.544442,27.64701,1749
85.544442,27.647001,1749
85.544442,27.646992,1748
85.544442,27.646982,1748
85.544444,27.646972,1748
85.544448,27.646964,1748
85.544451,27.646957,1748
85.544454,27.64695,1748
85.544457,27.646946,1748
85.544462,27.646938,1748
85.544463,27.646934,1748
85.544465,27.646949,1748
85.544463,27.646948,1748
85.544463,27.646943,1748
85.544463,27.646936,1748
85.544463,27.646926,1748
85.544463,27.646914,1748
85.544463,27.646901,1748
85.544462,27.646887,1748
85.544461,27.646873,1748
85.544461,27.646858,1748
85.544459,27.646842,1748
85.544455,27.646827,1748
85.54445,27.646813,1748
85.544444,27.6468,1748
85.544437,27.646789,1748
85.54443,27.646777,1748
85.544421,27.646767,1748
85.544412,27.646758,1748
85.544403,27.646751,1748
85.544393,27.646744,1748
85.544381,27.646738,1745
85.544371,27.646731,1745
85.54436,27.646725,1745
85.544349,27.646718,1744
85.544337,27.646713,1744
85.544326,27.646709,1744
85.544314,27.646707,1744
85.5443,27.646705,1744
85.544286,27.646705,1744
85.544273,27.646707,1744
85.544259,27.646709,1743
85.544245,27.646711,1743
85.544229,27.646713,1743
85.544215,27.646715,1743
85.544201,27.646716,1743
85.544189,27.646715,1743
85.544178,27.646714,1742
85.544166,27.646712,1742
85.544155,27.646711,1742
85.544145,27.64671,1742
85.544135,27.646706,1742
85.544127,27.6467,1742
85.544119,27.646692,1741
85.544111,27.646683,1741
85.544104,27.646673,1741
85.5441,27.646662,1741
85.544098,27.646651,1741
85.544096,27.64664,1740
85.544096,27.64663,1740
85.544097,27.646618,1740
85.544099,27.646607,1740
85.544099,27.646595,1739
85.544098,27.646583,1739
85.544097,27.646571,1739
85.544095,27.646559,1739
85.544091,27.646548,1739
85.544085,27.646538,1739
85.544077,27.646528,1738
85.544068,27.646519,1738
85.54406,27.646511,1738
85.544051,27.646503,1738
85.544044,27.646497,1738
85.544038,27.646493,1738
85.544033,27.646489,1738
85.544026,27.646482,1738
85.544019,27.646477,1738
85.544018,27.646476,1737
85.544015,27.646473,1737
85.544012,27.646468,1737
85.544007,27.646463,1737
85.544,27.646456,1737
85.543992,27.646449,1737
85.543984,27.646442,1737
85.543976,27.646434,1736
85.543968,27.646425,1736
85.54396,27.646417,1736
85.543952,27.646409,1735
85.543945,27.646402,1735
85.543937,27.646396,1735
85.543929,27.646388,1735
85.543922,27.646381,1734
85.543918,27.646372,1734
85.543916,27.646364,1734
85.543913,27.646356,1734
85.543909,27.646348,1734
85.543904,27.646341,1734
85.543899,27.646335,1734
85.543894,27.646331,1734
85.543891,27.646326,1734
85.543886,27.646313,1734
85.543881,27.646315,1734
85.543879,27.646314,1734
85.543875,27.646312,1733
85.543868,27.64631,1733
85.543861,27.646309,1733
85.543853,27.646308,1732
85.543845,27.646308,1732
85.543837,27.646307,1732
85.543828,27.646307,1732
85.54382,27.646304,1731
85.543812,27.646301,1731
85.543803,27.646298,1731
85.543795,27.646293,1731
85.543786,27.646289,1730
85.543779,27.646284,1730
85.543772,27.646279,1730
85.543765,27.646274,1730
85.543759,27.646268,1730
85.543753,27.646262,1729
85.543748,27.646255,1729
85.543744,27.646247,1729
85.54374,27.64624,1729
85.543735,27.646232,1728
85.543731,27.64622,1728
85.543727,27.646208,1727
85.543723,27.646197,1727
85.543719,27.646187,1727
85.543714,27.646181,1727
85.543708,27.646176,1726
85.543704,27.646173,1726
85.5437,27.646171,1726
85.543696,27.646168,1726
85.543691,27.646162,1725
85.543686,27.646159,1725
85.54368,27.646159,1725
85.543675,27.646161,1725
85.543671,27.646165,1724
85.543668,27.646169,1724
85.543665,27.646173,1724
85.543662,27.646176,1724
85.543657,27.646177,1723
85.543653,27.646177,1723
85.543648,27.646175,1723
85.543643,27.646174,1723
85.543628,27.646165,1722
85.543627,27.646163,1722
85.543625,27.646159,1722
85.543625,27.646153,1721
85.543626,27.646145,1721
85.543627,27.646137,1721
85.543628,27.646129,1721
85.543628,27.646118,1721
85.543627,27.646108,1720
85.543624,27.646098,1720
85.543623,27.64609,1720
85.543622,27.64608,1720
85.543621,27.646071,1720
85.54362,27.646061,1720
85.543618,27.646048,1720
85.543618,27.646035,1720
85.543617,27.646022,1719
85.543619,27.64601,1719
85.543622,27.645999,1719
85.543626,27.645987,1719
85.54363,27.645975,1719
85.543634,27.645963,1719
85.543636,27.645953,1718
85.543639,27.645943,1718
85.543644,27.645933,1718
85.54365,27.645924,1718
85.543656,27.645915,1718
85.543663,27.645905,1718
85.543668,27.645895,1718
85.543671,27.645886,1718
85.543672,27.645877,1718
85.543672,27.645868,1717
85.543672,27.645859,1717
85.543672,27.645849,1716
85.543675,27.645822,1716
85.543676,27.645821,1716
85.543677,27.645819,1716
85.543678,27.645816,1715
85.543679,27.645812,1715
85.543681,27.645809,1715
85.543685,27.645805,1715
85.54369,27.645802,1714
85.543695,27.645799,1714
85.543699,27.645794,1714
85.543705,27.64579,1714
85.54371,27.645785,1714
85.543713,27.645779,1713
85.543716,27.645775,1713
85.543721,27.645772,1713
85.543727,27.645769,1713
85.543733,27.645765,1712
85.543737,27.645759,1712
85.543741,27.645754,1712
85.543745,27.64575,1712
85.543748,27.645745,1712
85.543752,27.64574,1711
85.543755,27.645733,1711
85.543759,27.645728,1711
85.543763,27.645723,1711
85.543766,27.645719,1711
85.543769,27.645714,1711
85.543772,27.645711,1710
85.543776,27.645707,1710
85.543779,27.645703,1710
85.543783,27.6457,1710
85.543787,27.645696,1710
85.543792,27.645691,1710
85.543798,27.645685,1709
85.543803,27.645677,1709
85.543809,27.645669,1709
85.543815,27.645662,1709
85.543823,27.645654,1709
85.543829,27.645648,1709
85.54384,27.645632,1709
85.543841,27.645632,1709
85.543841,27.645631,1708
85.543842,27.64563,1708
85.543843,27.64563,1708
85.543844,27.645629,1708
85.543846,27.645624,1708
85.543848,27.645622,1708
85.543852,27.645618,1707
85.543857,27.645611,1707
85.543863,27.645605,1707
85.543869,27.645598,1706
85.543873,27.645591,1706
85.543878,27.645584,1705
85.54388,27.645577,1705
85.54388,27.645569,1705
85.543879,27.645563,1705
85.543877,27.645557,1705
85.543875,27.645552,1705
85.543873,27.645547,1704
85.543871,27.645543,1704
85.543869,27.645538,1704
85.543867,27.645532,1704
85.543866,27.645526,1703
85.543864,27.64552,1703
85.543862,27.645514,1702
85.543863,27.64551,1702
85.543865,27.645504,1702
85.543868,27.645498,1702
85.543872,27.645491,1701
85.543876,27.645485,1701
85.54388,27.645481,1701
85.543885,27.645477,1701
85.543891,27.645474,1700
85.543897,27.64547,1700
85.543902,27.645465,1700
85.543907,27.645461,1700
85.543911,27.645459,1699
85.543916,27.645455,1699
85.543922,27.645451,1699
85.543927,27.645445,1699
85.543932,27.645438,1698
85.543935,27.64543,1698
85.543938,27.645422,1698
85.543941,27.645413,1698
85.543944,27.645405,1697
85.543947,27.645397,1697
85.543949,27.64539,1697
85.543952,27.645383,1697
85.543955,27.645376,1696
85.543959,27.645368,1696
85.543962,27.645361,1695
85.543964,27.645353,1695
85.543966,27.645346,1695
85.543968,27.645341,1695
85.54397,27.645337,1695
85.543978,27.645324,1695
85.543978,27.645323,1695
85.543978,27.64532,1694
85.543977,27.645317,1694
85.543977,27.645314,1693
85.543977,27.645311,1693
85.543976,27.645308,1693
85.543975,27.645303,1693
85.543975,27.645298,1692
85.543973,27.645291,1692
85.543972,27.645283,1691
85.543972,27.645274,1691
85.543972,27.645266,1691
85.543971,27.645256,1691
85.543973,27.645246,1691
85.543976,27.645236,1690
85.543982,27.645226,1690
85.543989,27.645217,1690
85.543994,27.645208,1690
85.543999,27.645198,1690
85.544003,27.645188,1690
85.544006,27.645179,1689
85.544009,27.64517,1689
85.544011,27.645162,1689
85.544013,27.645155,1689
85.544015,27.64515,1689
85.544018,27.645133,1689
85.544018,27.645131,1689
85.544019,27.645127,1689
85.544021,27.645121,1689
85.544022,27.645112,1689
85.544022,27.645104,1689
85.544022,27.645097,1689
85.544021,27.645081,1689
85.544021,27.645076,1689
85.544021,27.645075,1689
85.544021,27.645078,1689
85.544023,27.64508,1689
85.544024,27.64508,1689
85.544025,27.645077,1689
85.544023,27.645074,1689
85.544023,27.645069,1689
85.544024,27.645064,1689
85.544028,27.645046,1689
85.54403,27.645043,1689
85.544031,27.645038,1689
85.544032,27.645037,1689
85.544036,27.64503,1689
85.54404,27.645026,1689
85.54405,27.645033,1689
85.544048,27.645037,1689
</coordinates>
</LineString>
</Placemark>
<Placemark>
<name/>
<styleUrl>#line-0000FF-2000-nodesc</styleUrl>
<LineString>
<tessellate>1</tessellate>
<coordinates>
85.54087,27.593775,0
85.539347,27.591445,0
85.53763,27.592092,0
</coordinates>
</LineString>
</Placemark>
<Placemark>
<name/>
<styleUrl>#line-FF0000-2000-nodesc</styleUrl>
<LineString>
<tessellate>1</tessellate>
<coordinates>
85.552241,27.601222,1678
85.552243,27.601223,1678
85.552248,27.601224,1678
85.552251,27.601233,1678
85.552249,27.601233,1678
85.552246,27.601234,1678
85.55224,27.601236,1678
85.552233,27.601239,1678
85.552226,27.601242,1678
85.552217,27.601247,1678
85.552206,27.601252,1678
85.552197,27.601256,1678
85.55219,27.601259,1678
85.552183,27.601261,1678
85.552178,27.601263,1678
85.552174,27.601263,1678
85.552166,27.601264,1678
85.552164,27.601265,1678
85.552159,27.601263,1678
85.552158,27.601263,1678
85.552158,27.601262,1678
85.552156,27.601264,1678
85.552151,27.601264,1678
85.552145,27.601264,1678
85.552144,27.601265,1678
85.552143,27.601265,1678
85.55214,27.601265,1678
85.552136,27.601266,1678
85.552125,27.601269,1678
85.552123,27.601261,1678
85.552121,27.601262,1678
85.552116,27.601266,1678
85.552109,27.601272,1678
85.552102,27.601276,1678
85.552095,27.60128,1678
85.552088,27.601283,1678
85.552082,27.601284,1678
85.552077,27.601285,1678
85.552072,27.601287,1678
85.552067,27.601289,1678
85.552056,27.601291,1678
85.552051,27.601294,1678
85.552046,27.601298,1678
85.552037,27.601302,1678
85.552025,27.601305,1678
85.552011,27.601307,1678
85.551996,27.60131,1678
85.55198,27.601314,1678
85.551966,27.601318,1678
85.551952,27.601323,1678
85.551938,27.601326,1678
85.551927,27.601326,1678
85.551915,27.601325,1678
85.551904,27.601323,1678
85.551893,27.601321,1678
85.551884,27.601319,1678
85.551876,27.601317,1678
85.551868,27.601315,1678
85.55186,27.601311,1678
85.551853,27.601306,1678
85.551846,27.601299,1678
85.551838,27.601291,1678
85.55183,27.601285,1678
85.551822,27.601279,1678
85.551815,27.601274,1678
85.551788,27.601263,1678
85.551785,27.601261,1678
85.55178,27.60126,1678
85.551773,27.601259,1678
85.551765,27.601256,1678
85.551757,27.601251,1678
85.551751,27.601245,1678
85.551743,27.601237,1678
85.551737,27.601231,1672
85.551733,27.601225,1672
85.551727,27.601219,1672
85.551718,27.601213,1672
85.551706,27.601206,1672
85.551695,27.6012,1672
85.551684,27.601194,1672
85.551674,27.601188,1671
85.551665,27.601182,1671
85.551652,27.601179,1671
85.551638,27.601175,1671
85.551625,27.60117,1671
85.551613,27.601163,1671
85.551603,27.601155,1671
85.551594,27.601147,1670
85.551587,27.601139,1670
85.55158,27.601131,1670
85.55157,27.601125,1670
85.55156,27.601118,1670
85.551549,27.601111,1670
85.551539,27.601104,1670
85.55153,27.601096,1670
85.551521,27.601088,1670
85.55151,27.60108,1670
85.551499,27.601072,1670
85.551489,27.601064,1669
85.551478,27.601055,1669
85.551466,27.601044,1669
85.551455,27.601034,1669
85.551443,27.601024,1669
85.551431,27.601014,1669
85.551418,27.601005,1669
85.551406,27.600996,1669
85.551396,27.600986,1669
85.551385,27.600975,1668
85.551376,27.600965,1668
85.551367,27.600954,1668
85.55136,27.600945,1668
85.55135,27.600936,1668
85.551342,27.600928,1668
85.551332,27.60092,1668
85.551322,27.600913,1668
85.551312,27.600908,1668
85.551302,27.600903,1668
85.551293,27.600898,1667
85.551284,27.600893,1667
85.551275,27.600887,1667
85.551265,27.60088,1667
85.551255,27.600873,1667
85.551243,27.600867,1667
85.551232,27.60086,1667
85.55122,27.600853,1667
85.551209,27.600847,1667
85.551196,27.60084,1667
85.551185,27.600833,1666
85.551175,27.600827,1666
85.551163,27.600822,1666
85.551151,27.600818,1666
85.55114,27.600813,1666
85.551129,27.600808,1666
85.551117,27.600802,1666
85.551106,27.600797,1666
85.551096,27.600789,1666
85.551084,27.600783,1666
85.551072,27.600777,1666
85.55106,27.600771,1666
85.551048,27.600766,1666
85.551036,27.600759,1665
85.551024,27.600752,1665
85.551013,27.600744,1665
85.551003,27.600736,1665
85.550992,27.60073,1665
85.550981,27.600724,1665
85.550971,27.600719,1665
85.550958,27.600715,1665
85.550944,27.600712,1665
85.55093,27.600709,1665
85.550918,27.600705,1664
85.550906,27.600702,1664
85.550895,27.6007,1664
85.550883,27.600697,1664
85.550871,27.600693,1664
85.550858,27.600689,1664
85.550844,27.600685,1664
85.550832,27.600679,1664
85.550821,27.600673,1664
85.550811,27.600666,1664
85.550801,27.60066,1664
85.55079,27.600653,1664
85.55078,27.600647,1664
85.550768,27.600641,1664
85.550756,27.600636,1664
85.550744,27.600633,1664
85.550731,27.600629,1664
85.550721,27.600627,1664
85.550711,27.600625,1663
85.5507,27.600622,1663
85.550689,27.600618,1663
85.550678,27.600615,1663
85.550668,27.600612,1663
85.550656,27.600608,1663
85.550645,27.600603,1663
85.550634,27.600597,1663
85.550623,27.600592,1663
85.550613,27.600585,1663
85.550604,27.600577,1663
85.550596,27.60057,1663
85.550589,27.600564,1663
85.550582,27.600556,1663
85.550576,27.600548,1663
85.550568,27.600539,1663
85.550559,27.60053,1663
85.550549,27.600522,1663
85.550538,27.600515,1663
85.550527,27.60051,1663
85.550516,27.600506,1663
85.550509,27.600503,1663
85.550502,27.6005,1663
85.550497,27.600495,1663
85.550494,27.600491,1663
85.550493,27.600488,1663
85.550492,27.600483,1663
85.550491,27.600477,1663
85.550489,27.600469,1663
85.550486,27.600461,1663
85.550482,27.600451,1663
85.550478,27.60044,1663
85.550472,27.600429,1663
85.550466,27.600418,1663
85.550457,27.60041,1663
85.550447,27.600402,1663
85.550438,27.600397,1663
85.550429,27.600391,1663
85.550421,27.600384,1663
85.550413,27.600377,1663
85.550408,27.600371,1663
85.550403,27.600363,1663
85.550399,27.600355,1663
85.550394,27.600347,1663
85.55039,27.600339,1663
85.550386,27.60033,1663
85.55038,27.60032,1663
85.550374,27.600311,1663
85.550369,27.6003,1663
85.550364,27.60029,1663
85.550358,27.60028,1663
85.550351,27.60027,1663
85.550346,27.60026,1663
85.55034,27.600249,1663
85.550334,27.600238,1663
85.550326,27.600228,1663
85.550318,27.600218,1663
85.550309,27.600209,1663
85.5503,27.6002,1663
85.55029,27.600192,1663
85.550281,27.600183,1664
85.550274,27.600174,1664
85.550268,27.600163,1664
85.550261,27.600152,1664
85.550253,27.600141,1664
85.550245,27.60013,1664
85.550235,27.600121,1664
85.550225,27.600111,1664
85.550214,27.600101,1664
85.550203,27.60009,1664
85.550195,27.600078,1664
85.550189,27.600066,1664
85.550183,27.600054,1665
85.550177,27.600041,1665
85.550172,27.600027,1665
85.550168,27.600014,1665
85.550164,27.6,1665
85.550161,27.599986,1665
85.550158,27.599974,1665
85.550154,27.599963,1666
85.55015,27.59995,1666
85.550147,27.599939,1666
85.550145,27.599927,1666
85.550142,27.599916,1666
85.550138,27.599906,1666
85.550133,27.599896,1666
85.550127,27.599884,1666
85.550123,27.599872,1666
85.550119,27.599858,1666
85.550115,27.599843,1666
85.550111,27.599829,1666
85.550104,27.599816,1666
85.550098,27.599803,1666
85.550092,27.599789,1666
85.550085,27.599779,1666
85.550078,27.59977,1666
85.550069,27.599763,1666
85.550057,27.599756,1666
85.550042,27.599749,1666
85.550026,27.599742,1666
85.550013,27.599736,1666
85.55,27.59973,1666
85.549989,27.599724,1666
85.549978,27.599717,1666
85.549967,27.599711,1666
85.549957,27.599707,1666
85.549949,27.599703,1666
85.549937,27.599698,1666
85.549937,27.599697,1666
85.549938,27.599688,1666
85.549938,27.599686,1666
85.549936,27.599682,1666
85.549933,27.599678,1666
85.549928,27.599671,1666
85.549923,27.599665,1666
85.549918,27.599657,1666
85.549913,27.59965,1666
85.549909,27.599642,1666
85.549906,27.599631,1666
85.549903,27.599622,1666
85.5499,27.599612,1666
85.549898,27.599601,1666
85.549894,27.59959,1666
85.54989,27.599577,1666
85.549887,27.599567,1666
85.549883,27.599557,1666
85.549877,27.599547,1666
85.549868,27.599538,1666
85.54986,27.599529,1666
85.549854,27.59952,1666
85.549849,27.599511,1666
85.549843,27.599504,1666
85.549838,27.599496,1666
85.549838,27.599485,1666
85.549843,27.599471,1666
85.549846,27.599459,1666
85.549848,27.599449,1666
85.549848,27.59944,1666
85.549847,27.599432,1666
85.549846,27.599422,1666
85.549843,27.59941,1666
85.54984,27.599399,1666
85.549836,27.599386,1666
85.549831,27.599374,1666
85.549823,27.599362,1666
85.549817,27.599351,1666
85.549812,27.59934,1665
85.54981,27.599331,1665
85.549808,27.599324,1665
85.549802,27.599308,1665
85.549801,27.599307,1665
85.549799,27.599305,1665
85.549796,27.599302,1664
85.549793,27.599298,1664
85.54979,27.599293,1664
85.549787,27.599286,1664
85.549784,27.599279,1663
85.54978,27.599272,1663
85.549776,27.599263,1663
85.549772,27.599253,1663
85.549771,27.599241,1663
85.549769,27.599229,1662
85.549767,27.599217,1662
85.549765,27.599204,1662
85.549763,27.599191,1662
85.549762,27.599176,1662
85.549759,27.599163,1662
85.549758,27.599153,1662
85.549752,27.59913,1662
85.549751,27.599127,1662
85.549748,27.599121,1662
85.549744,27.599113,1662
85.549739,27.599101,1662
85.549734,27.59909,1662
85.549728,27.599077,1662
85.549723,27.599062,1662
85.549721,27.599048,1662
85.549718,27.599035,1662
85.549716,27.599021,1662
85.549717,27.599009,1662
85.549719,27.598998,1662
85.549719,27.598987,1662
85.549719,27.598975,1662
85.549717,27.598963,1662
85.549715,27.598953,1662
85.549713,27.598943,1662
85.549711,27.598934,1662
85.549708,27.598925,1662
85.549706,27.598918,1662
85.549702,27.598906,1662
85.549697,27.598901,1662
85.549696,27.598899,1662
85.549697,27.598895,1662
85.549697,27.598889,1662
85.549697,27.598882,1662
85.549698,27.598875,1662
85.549698,27.598868,1662
85.549697,27.59886,1662
85.549696,27.598851,1662
85.549696,27.598842,1662
85.549695,27.598831,1662
85.549694,27.598819,1662
85.549694,27.598807,1662
85.549692,27.598795,1662
85.549692,27.598783,1662
85.54969,27.598772,1661
85.549688,27.598763,1661
85.549684,27.598752,1661
85.549679,27.59874,1661
85.549674,27.598729,1661
85.549668,27.598717,1661
85.549662,27.598703,1661
85.549658,27.598689,1661
85.549656,27.598677,1661
85.549656,27.598665,1661
85.549658,27.598653,1661
85.549659,27.598639,1661
85.549657,27.598625,1661
85.549653,27.598614,1661
85.549649,27.598603,1661
85.549645,27.598593,1661
85.549639,27.598583,1661
85.549631,27.598572,1661
85.549623,27.598562,1661
85.549618,27.598551,1661
85.549615,27.598539,1661
85.549612,27.598527,1661
85.549611,27.598514,1661
85.54961,27.598502,1661
85.549609,27.59849,1661
85.54961,27.598481,1661
85.54961,27.59847,1660
85.549611,27.598458,1660
85.54961,27.598448,1660
85.549607,27.598437,1660
85.549604,27.598429,1660
85.549601,27.598422,1660
85.549597,27.598413,1660
85.549592,27.598405,1660
85.549587,27.598396,1660
85.549585,27.598386,1660
85.549587,27.598373,1660
85.54959,27.59836,1660
85.549594,27.598349,1660
85.549599,27.598338,1660
85.549604,27.598327,1660
85.549614,27.598316,1660
85.549625,27.598305,1660
85.549634,27.598295,1659
85.549642,27.598287,1659
85.549648,27.598278,1659
85.549653,27.598269,1659
85.549656,27.598259,1659
85.549657,27.598248,1659
85.549656,27.598238,1659
85.549652,27.598226,1659
85.549645,27.598212,1659
85.54964,27.598198,1659
85.549633,27.598184,1659
85.549625,27.598171,1659
85.549616,27.59816,1659
85.549604,27.598149,1659
85.549593,27.598139,1659
85.54958,27.59813,1659
85.549568,27.59812,1659
85.549554,27.598112,1659
85.54954,27.598103,1659
85.549525,27.598095,1659
85.549512,27.59809,1659
85.549499,27.598085,1659
85.549485,27.598079,1659
85.549469,27.598073,1659
85.549453,27.598065,1659
85.549439,27.598057,1659
85.549426,27.598047,1659
85.549413,27.598038,1659
85.549402,27.598029,1659
85.549389,27.598023,1659
85.549374,27.598014,1659
85.549359,27.598006,1659
85.549346,27.597997,1659
85.549336,27.597987,1659
85.549326,27.597979,1659
85.549315,27.597971,1658
85.549304,27.597964,1658
85.549293,27.597956,1658
85.54928,27.597949,1658
85.549267,27.597942,1658
85.549254,27.597934,1658
85.549239,27.597925,1658
85.549222,27.597915,1658
85.549208,27.597906,1658
85.549198,27.597898,1658
85.54919,27.597888,1658
85.54918,27.597878,1658
85.549167,27.597869,1658
85.549155,27.597859,1658
85.549142,27.597851,1658
85.549129,27.597844,1658
85.549115,27.597836,1658
85.549104,27.597825,1658
85.549095,27.597815,1658
85.549087,27.597806,1658
85.549081,27.597797,1658
85.549075,27.597786,1658
85.549071,27.597776,1658
85.549068,27.597766,1658
85.549066,27.597755,1658
85.549066,27.597747,1658
85.549066,27.597737,1658
85.549066,27.597728,1658
85.549065,27.597719,1658
85.549065,27.597709,1658
85.549065,27.597699,1658
85.549066,27.597689,1658
85.549069,27.597677,1658
85.549073,27.597667,1658
85.549077,27.597659,1658
85.549082,27.59765,1658
85.549088,27.597641,1658
85.549098,27.597631,1658
85.549108,27.597621,1658
85.549119,27.597611,1658
85.549127,27.597602,1658
85.549133,27.597593,1658
85.549139,27.597584,1658
85.549144,27.597573,1658
85.549152,27.597561,1658
85.549161,27.59755,1658
85.54917,27.597538,1658
85.549177,27.597528,1658
85.549183,27.597517,1658
85.549189,27.597505,1658
85.549198,27.597492,1658
85.549207,27.597481,1658
85.549216,27.59747,1658
85.549223,27.597457,1658
85.549228,27.597445,1658
85.549231,27.597434,1658
85.549233,27.597424,1658
85.549233,27.597413,1658
85.549234,27.597401,1658
85.549236,27.597391,1658
85.549236,27.597379,1658
85.549238,27.597367,1658
85.54924,27.597354,1658
85.549242,27.597343,1658
85.549244,27.597331,1658
85.549247,27.597319,1659
85.549253,27.597307,1659
85.549256,27.597295,1659
85.549256,27.597282,1659
85.549256,27.597269,1659
85.549257,27.597256,1659
85.549258,27.597242,1659
85.549261,27.597227,1659
85.549265,27.597213,1659
85.549269,27.597201,1659
85.549274,27.597191,1659
85.549278,27.597183,1659
85.549282,27.597177,1659
85.549296,27.597164,1659
85.549297,27.597164,1659
85.549298,27.597164,1659
85.5493,27.597166,1659
85.549306,27.597167,1659
85.549311,27.597167,1659
85.549315,27.597166,1659
85.549321,27.597164,1659
85.549327,27.59716,1659
85.549333,27.597157,1659
85.54934,27.597153,1659
85.549347,27.597149,1659
85.549355,27.597144,1659
85.549363,27.597139,1659
85.549372,27.597136,1659
85.549379,27.597133,1659
85.54939,27.597124,1659
85.549387,27.597123,1659
85.549382,27.597123,1659
85.549374,27.597122,1659
85.549367,27.597119,1659
85.549366,27.597115,1659
85.549368,27.597109,1659
85.549372,27.597102,1659
85.549376,27.597095,1659
85.549381,27.597089,1659
85.549385,27.597083,1659
85.549387,27.597076,1659
85.549389,27.597069,1659
85.549392,27.59706,1659
85.549396,27.597053,1659
85.549401,27.597045,1659
85.549407,27.597037,1659
85.549413,27.597028,1659
85.54942,27.597018,1659
85.549427,27.597008,1661
85.549432,27.596997,1661
85.549438,27.596987,1661
85.549441,27.596977,1661
85.549445,27.596967,1662
85.549447,27.59696,1662
85.549448,27.596954,1662
85.549448,27.596948,1662
85.549446,27.596942,1662
85.549444,27.596936,1662
85.549441,27.596929,1662
85.549437,27.596922,1662
85.549431,27.596915,1662
85.549425,27.596909,1662
85.549419,27.596903,1662
85.549411,27.596896,1663
85.549402,27.596888,1663
85.549393,27.59688,1663
85.549383,27.596873,1663
85.549375,27.596866,1663
85.549365,27.596857,1663
85.549353,27.596847,1663
85.549341,27.596839,1663
85.549328,27.596832,1663
85.549316,27.596826,1663
85.549302,27.596821,1663
85.549288,27.596818,1663
85.549273,27.596815,1663
85.549257,27.596814,1663
85.54924,27.596813,1663
85.549224,27.596813,1663
85.549203,27.596812,1663
85.549182,27.596812,1663
85.549162,27.596814,1663
85.54914,27.596819,1663
85.549122,27.596825,1663
85.549105,27.596831,1663
85.549089,27.596837,1663
85.549074,27.596842,1663
85.549059,27.596846,1663
85.549042,27.596848,1663
85.549024,27.596848,1663
85.549005,27.596846,1663
85.548986,27.596843,1663
85.548969,27.59684,1663
85.548955,27.596838,1663
85.548941,27.596839,1663
85.548926,27.59684,1663
85.548912,27.596841,1662
85.548898,27.596841,1662
85.548882,27.59684,1662
85.548865,27.596839,1662
85.548847,27.596838,1662
85.54883,27.596838,1662
85.548812,27.59684,1662
85.548796,27.596842,1662
85.54878,27.596846,1661
85.548765,27.596848,1661
85.54875,27.596849,1661
85.548735,27.59685,1661
85.548722,27.596852,1661
85.548709,27.596854,1661
85.548698,27.596856,1661
85.548685,27.596856,1661
85.548674,27.596856,1660
85.548662,27.596857,1660
85.54865,27.596857,1660
85.548638,27.596858,1660
85.548627,27.596859,1660
85.548615,27.59686,1660
85.548604,27.596861,1660
85.548592,27.596861,1659
85.54858,27.596862,1659
85.548568,27.596862,1659
85.548556,27.596862,1659
85.548544,27.596862,1659
85.548531,27.59686,1659
85.548519,27.596858,1659
85.548507,27.596855,1658
85.548495,27.596853,1658
85.548482,27.596853,1658
85.548468,27.596853,1658
85.548453,27.596854,1658
85.548437,27.596855,1658
85.548421,27.596855,1657
85.548406,27.596855,1657
85.548392,27.596854,1657
85.548379,27.596854,1657
85.548367,27.596854,1657
85.548355,27.596852,1657
85.548343,27.596849,1656
85.548332,27.596845,1656
85.548322,27.596841,1656
85.548313,27.596837,1656
85.548306,27.596833,1656
85.548301,27.596829,1656
85.548295,27.596824,1656
85.548288,27.596819,1656
85.548282,27.596814,1656
85.548274,27.596807,1655
85.548267,27.596799,1655
85.54826,27.596791,1655
85.548253,27.596782,1655
85.548247,27.596773,1655
85.54824,27.596762,1655
85.548233,27.596752,1654
85.548226,27.596741,1654
85.548218,27.596731,1654
85.548211,27.596722,1654
85.548204,27.596711,1654
85.548198,27.596701,1654
85.548193,27.596692,1653
85.548185,27.596682,1653
85.548177,27.596673,1653
85.548168,27.596663,1653
85.548161,27.596654,1653
85.548155,27.596644,1653
85.548148,27.596635,1653
85.548142,27.596623,1653
85.548135,27.596613,1653
85.548125,27.596605,1653
85.548113,27.596601,1653
85.548101,27.596597,1653
85.548089,27.596591,1653
85.548077,27.596585,1653
85.548063,27.596581,1653
85.54805,27.596578,1653
85.548038,27.596577,1653
85.548027,27.596576,1653
85.548015,27.596575,1653
85.548002,27.596574,1652
85.547989,27.596572,1652
85.547976,27.596571,1652
85.547963,27.596569,1652
85.547951,27.596567,1652
85.54794,27.596568,1652
85.547927,27.596569,1652
85.547914,27.596571,1652
85.547902,27.596573,1652
85.547892,27.596575,1652
85.547885,27.596577,1652
85.547878,27.596578,1652
85.547872,27.596573,1652
85.547867,27.59657,1652
85.547857,27.596563,1652
85.547856,27.596562,1652
85.547855,27.596562,1652
85.547853,27.596562,1652
85.547853,27.596563,1652
85.547849,27.596568,1652
85.547848,27.596568,1652
85.547847,27.596566,1652
85.547845,27.596564,1652
85.54784,27.596564,1652
85.547833,27.596565,1652
85.547824,27.596567,1652
85.547818,27.59657,1652
85.547813,27.596573,1652
85.547807,27.596578,1652
85.547807,27.596577,1652
85.547807,27.596576,1652
85.547805,27.596576,1652
85.547797,27.596575,1652
85.547793,27.596574,1652
85.547786,27.596574,1652
85.547775,27.596574,1652
85.547765,27.596575,1652
85.547753,27.596577,1652
85.547741,27.59658,1652
85.547727,27.596585,1652
85.547711,27.596588,1652
85.547694,27.596592,1652
85.547678,27.596594,1652
85.547664,27.596595,1652
85.547651,27.596595,1652
85.54764,27.596594,1652
85.547629,27.596592,1652
85.547624,27.59659,1652
85.547619,27.596588,1652
85.547614,27.596587,1652
85.54761,27.596587,1652
85.547606,27.596586,1652
85.54761,27.596583,1652
85.547617,27.59658,1652
85.547624,27.596575,1652
85.547629,27.596569,1652
85.547635,27.596563,1652
85.54764,27.596557,1652
85.54764,27.596551,1655
85.547638,27.596544,1655
85.547634,27.596537,1655
85.547637,27.596529,1655
85.547645,27.596518,1655
85.547652,27.596508,1655
85.547661,27.596497,1656
85.547669,27.596486,1656
85.547678,27.596476,1656
85.547682,27.596467,1656
85.547685,27.596459,1656
85.547685,27.59645,1656
85.547684,27.596439,1656
85.54768,27.596428,1656
85.547675,27.596416,1656
85.54767,27.596407,1657
85.547664,27.596398,1657
85.547658,27.596389,1657
85.547651,27.596381,1657
85.547644,27.596372,1657
85.547635,27.596365,1657
85.547627,27.596357,1657
85.547621,27.596347,1657
85.547615,27.596338,1657
85.547607,27.59633,1657
85.5476,27.596324,1657
85.547596,27.596322,1657
85.547594,27.596321,1657
85.547594,27.596322,1657
85.547594,27.596323,1657
85.547591,27.596329,1657
85.54759,27.596329,1657
85.547591,27.596332,1657
85.547592,27.596333,1657
85.547594,27.596336,1657
85.547595,27.596339,1657
85.547596,27.596341,1657
85.547598,27.596343,1657
85.547602,27.596348,1657
85.547608,27.596354,1658
85.547611,27.59636,1658
85.547613,27.596366,1659
85.547612,27.596373,1659
85.547607,27.596378,1660
85.5476,27.59638,1660
85.547592,27.596379,1660
85.547582,27.596378,1660
85.547575,27.596377,1661
85.547571,27.596378,1661
85.547569,27.596379,1661
85.547569,27.596381,1661
85.547568,27.596387,1661
85.547568,27.596389,1661
85.547568,27.596391,1661
85.54757,27.596399,1661
85.547569,27.5964,1661
85.547567,27.596401,1661
85.547561,27.596412,1661
85.547561,27.596413,1661
85.547568,27.596415,1661
85.547569,27.596415,1661
85.547571,27.596415,1661
85.547574,27.596415,1661
85.547595,27.596414,1661
85.5476,27.596412,1661
85.5476,27.596395,1661
85.547599,27.596399,1661
85.547599,27.596405,1661
85.5476,27.59641,1661
85.547603,27.596414,1661
85.547605,27.596419,1661
85.547606,27.596429,1661
85.547605,27.596443,1661
85.547603,27.596455,1661
85.547598,27.596468,1661
85.547592,27.59648,1661
85.547585,27.596492,1661
85.547579,27.596503,1661
85.54757,27.596516,1661
85.547562,27.59653,1661
85.547553,27.596544,1661
85.547544,27.596556,1661
85.547533,27.596568,1661
85.547523,27.596579,1661
85.547514,27.596589,1661
85.547507,27.596601,1661
85.547502,27.596613,1661
85.547498,27.596627,1661
85.547498,27.596642,1661
85.547498,27.596655,1661
85.547497,27.596666,1661
85.547495,27.596675,1661
85.547493,27.596683,1661
85.547491,27.596687,1661
85.54749,27.596695,1661
85.547493,27.59669,1661
85.547491,27.596694,1661
85.547489,27.5967,1661
85.547487,27.59671,1661
85.547485,27.596723,1661
85.547487,27.596735,1661
85.547489,27.596746,1661
85.547494,27.596754,1661
85.547497,27.59676,1661
85.5475,27.596764,1661
85.547502,27.596765,1661
85.5475,27.596764,1661
85.547497,27.596763,1661
85.547493,27.596763,1661
85.547486,27.596763,1667
85.547481,27.596763,1667
85.547477,27.596764,1668
85.547472,27.596764,1668
85.547467,27.596767,1669
85.547463,27.596771,1669
85.54746,27.596787,1669
85.54746,27.596788,1670
85.547462,27.59679,1670
85.547463,27.596794,1671
85.547466,27.5968,1671
85.54747,27.596807,1671
85.547476,27.596814,1671
85.547482,27.596819,1672
85.547489,27.596822,1672
85.547495,27.596824,1673
85.5475,27.596826,1673
85.547504,27.596828,1673
85.547507,27.596833,1673
85.547512,27.596839,1674
85.547516,27.596847,1674
85.547522,27.596854,1674
85.547528,27.596862,1674
85.547532,27.596871,1675
85.547535,27.596876,1675
85.547541,27.596877,1675
85.547547,27.596878,1675
85.547553,27.596879,1676
85.54756,27.596882,1676
85.547568,27.596885,1677
85.547578,27.596887,1677
85.54759,27.596888,1677
85.547601,27.596889,1677
85.54761,27.596891,1677
85.547618,27.596894,1677
85.547625,27.596896,1677
85.54763,27.596898,1678
85.547634,27.596901,1678
85.547639,27.596906,1678
85.547644,27.596912,1678
85.547652,27.596919,1678
85.547659,27.596925,1679
85.547668,27.59693,1679
85.547675,27.596936,1679
85.547681,27.596943,1679
85.547682,27.596951,1680
85.547679,27.596962,1680
85.547675,27.596974,1680
85.547667,27.596999,1680
85.547667,27.596998,1680
85.547665,27.596999,1680
85.547662,27.596999,1680
85.54766,27.597001,1680
85.547658,27.597003,1680
85.547658,27.597005,1680
85.547659,27.597005,1680
85.547656,27.597004,1680
85.547653,27.597004,1680
85.547651,27.597003,1680
85.54765,27.597,1680
85.547651,27.597,1680
85.547657,27.597,1680
85.547658,27.597,1680
85.54766,27.596999,1680
85.547667,27.596992,1680
85.547667,27.596987,1680
85.547663,27.596984,1680
85.547661,27.596984,1680
85.547654,27.596987,1680
85.547644,27.596991,1680
85.547631,27.596995,1680
85.547618,27.597001,1680
85.547603,27.597007,1680
85.547589,27.597011,1680
85.547576,27.597012,1680
85.547564,27.597014,1680
85.547551,27.597015,1680
85.547539,27.597019,1680
85.547527,27.597021,1680
85.547514,27.597023,1680
85.547502,27.597025,1680
85.547493,27.597025,1680
85.547485,27.597024,1680
85.547476,27.59702,1680
85.547468,27.597016,1680
85.547463,27.597011,1680
85.547458,27.597006,1680
85.547453,27.597002,1680
85.547449,27.596999,1680
85.547435,27.596984,1680
85.547436,27.596982,1680
85.547437,27.596978,1680
85.547437,27.596973,1680
85.547436,27.596966,1680
85.547435,27.596957,1680
85.547433,27.596948,1680
85.547432,27.596938,1680
85.547432,27.596928,1680
85.54743,27.59692,1680
85.547427,27.596912,1680
85.547421,27.596904,1680
85.547417,27.596899,1680
85.547413,27.596894,1680
85.547404,27.596887,1680
85.547404,27.596881,1680
85.547405,27.596877,1680
85.547406,27.596877,1680
85.54741,27.596871,1680
85.547409,27.59687,1680
85.547407,27.596864,1680
85.547405,27.596852,1680
85.547403,27.596851,1680
85.547398,27.596849,1680
85.547393,27.596848,1680
85.547388,27.596847,1680
85.547367,27.596842,1680
85.547364,27.596839,1680
85.547359,27.596834,1680
85.547353,27.596831,1680
85.547346,27.596827,1680
85.547337,27.596825,1680
85.547327,27.596823,1680
85.547318,27.59682,1680
85.547308,27.596816,1680
85.547298,27.596812,1680
85.547288,27.596807,1680
85.547281,27.596802,1680
85.547276,27.596796,1680
85.547271,27.596791,1680
85.547267,27.596785,1680
85.547266,27.59678,1680
85.547264,27.596774,1680
85.547261,27.596767,1680
85.547258,27.596759,1680
85.547254,27.596751,1682
85.547251,27.596742,1682
85.547246,27.596733,1682
85.547239,27.596724,1682
85.547234,27.596715,1682
85.547228,27.596706,1682
85.547224,27.596696,1682
85.547222,27.596685,1682
85.54722,27.596674,1682
85.54722,27.596664,1682
85.54722,27.596655,1682
85.547225,27.596644,1682
85.547231,27.596633,1683
85.547236,27.596621,1683
85.547241,27.596609,1683
85.547246,27.596601,1683
85.547247,27.596594,1683
85.547246,27.596587,1683
85.547241,27.59658,1683
85.547233,27.596573,1684
85.547227,27.596563,1684
85.547222,27.596553,1684
85.547217,27.596543,1684
85.547212,27.596536,1684
85.547206,27.596529,1684
85.5472,27.596523,1684
85.547193,27.596517,1684
85.547187,27.596512,1684
85.547183,27.596508,1684
85.547176,27.596498,1684
85.547171,27.596496,1684
85.547169,27.596495,1684
85.547162,27.596491,1684
85.547162,27.596492,1684
85.547159,27.596496,1684
85.547161,27.596494,1684
85.547161,27.596495,1684
85.547161,27.596494,1684
85.547162,27.596497,1684
85.54716,27.596504,1684
85.547157,27.596511,1684
85.547154,27.596517,1684
85.547147,27.596518,1684
85.547138,27.596518,1684
85.547129,27.596518,1684
85.54712,27.596519,1684
85.54711,27.59652,1686
85.547099,27.596522,1686
85.547089,27.596527,1686
85.54708,27.596532,1686
85.54707,27.596537,1687
85.54706,27.59654,1687
85.547052,27.596544,1687
85.547046,27.596547,1687
85.547042,27.596547,1688
85.547038,27.596547,1688
85.547034,27.596549,1688
85.547034,27.596551,1688
85.547034,27.596553,1689
85.547033,27.596554,1689
85.547031,27.596554,1689
85.547029,27.596558,1689
85.547028,27.596561,1690
85.547029,27.596566,1690
85.54703,27.59657,1690
85.547029,27.596574,1690
85.547026,27.596576,1690
85.547022,27.596578,1691
85.547016,27.59658,1691
85.547005,27.596579,1691
85.546995,27.596578,1691
85.546985,27.596578,1691
85.546976,27.596579,1692
85.546968,27.59658,1692
85.546943,27.596586,1692
85.546941,27.596584,1692
85.546937,27.596584,1693
85.546933,27.596586,1693
85.546929,27.59659,1693
85.546925,27.596592,1693
85.54692,27.596593,1694
85.546915,27.596592,1694
85.54691,27.59659,1694
85.546905,27.596586,1695
85.546899,27.596584,1695
85.546892,27.596585,1695
85.546883,27.596587,1695
85.546874,27.596592,1695
85.546866,27.596598,1696
85.546858,27.596605,1696
85.546852,27.59661,1696
85.546846,27.596616,1696
85.54684,27.596623,1697
85.546836,27.596629,1697
85.546828,27.596644,1697
85.546827,27.596645,1697
85.546826,27.596647,1697
85.546825,27.59665,1697
85.546824,27.596654,1698
85.546821,27.596657,1698
85.546819,27.596658,1698
85.546815,27.596661,1698
85.54681,27.596664,1698
85.546806,27.596666,1698
85.546803,27.596668,1698
85.5468,27.596671,1698
85.546793,27.596681,1698
85.546794,27.596681,1698
85.546788,27.596681,1698
85.546778,27.596689,1698
85.546776,27.596691,1698
85.546774,27.596694,1698
85.546771,27.596698,1698
85.546768,27.596704,1698
85.546762,27.596709,1701
85.546754,27.596715,1702
85.546745,27.596721,1702
85.546734,27.596728,1702
85.546722,27.596737,1703
85.546696,27.596759,1703
85.546694,27.596762,1704
85.546691,27.596767,1704
85.546687,27.596775,1704
85.546682,27.596782,1704
85.54667,27.596799,1705
85.546669,27.5968,1705
85.54666,27.596804,1705
85.546656,27.596806,1705
85.54665,27.596813,1706
85.546644,27.596821,1706
85.546637,27.59683,1707
85.54663,27.596839,1707
85.546621,27.596847,1707
85.546614,27.596854,1707
85.546606,27.596862,1707
85.546598,27.596869,1708
85.54659,27.596876,1708
85.546583,27.596883,1708
85.546577,27.596888,1708
85.546569,27.596892,1708
85.546563,27.596895,1708
85.546559,27.5969,1709
85.546555,27.596907,1709
85.54655,27.596913,1709
85.546547,27.596918,1709
85.546543,27.596921,1709
85.546528,27.596933,1709
85.546527,27.596935,1709
85.546524,27.596939,1709
85.546519,27.596947,1710
85.546513,27.596957,1710
85.546507,27.596968,1710
85.546501,27.596976,1710
85.546486,27.596996,1710
85.546491,27.596996,1710
85.54649,27.596998,1710
85.546487,27.596997,1710
85.546481,27.596995,1710
85.546472,27.596989,1710
85.546461,27.596981,1710
85.546452,27.596975,1710
85.546444,27.596972,1710
85.546436,27.596969,1710
85.546426,27.596966,1710
85.546415,27.596962,1710
85.546404,27.596956,1710
85.546395,27.596953,1710
85.546387,27.596951,1710
85.546379,27.596948,1710
85.54637,27.596948,1710
85.54636,27.596946,1710
85.546352,27.596946,1710
85.546345,27.596947,1710
85.546337,27.596947,1710
85.546326,27.59695,1710
85.546312,27.596954,1710
85.5463,27.596957,1710
85.546285,27.596959,1710
85.546267,27.596961,1710
85.546247,27.596963,1710
85.546229,27.596965,1710
85.546213,27.596966,1710
85.546198,27.596965,1710
85.546185,27.596964,1710
85.546175,27.596963,1710
85.546165,27.596962,1710
85.546155,27.59696,1712
85.546146,27.59696,1712
85.546136,27.596961,1712
85.546127,27.596962,1712
85.546118,27.596964,1712
85.54611,27.596965,1712
85.546102,27.596966,1712
85.546096,27.596967,1713
85.546089,27.596966,1713
85.546083,27.596968,1713
85.546076,27.596971,1713
85.54607,27.596974,1713
85.546064,27.596976,1713
85.546055,27.596978,1713
85.54605,27.596976,1713
85.546046,27.596978,1713
85.546039,27.596983,1713
85.54603,27.596989,1713
85.546017,27.596996,1713
85.546,27.597001,1713
85.545981,27.597006,1713
85.545963,27.597011,1713
85.545946,27.597018,1713
85.54593,27.597025,1713
85.545914,27.597033,1713
85.545899,27.59704,1713
85.545884,27.597048,1713
85.545869,27.597056,1713
85.545854,27.597063,1713
85.545838,27.597071,1713
85.545825,27.59708,1713
85.545815,27.597088,1713
85.545806,27.597097,1713
85.545796,27.597106,1713
85.545787,27.597115,1713
85.545778,27.597126,1713
85.54577,27.597135,1713
85.545759,27.597142,1713
85.54575,27.597146,1713
85.545741,27.597149,1713
85.545734,27.597152,1713
85.545729,27.597155,1713
85.545724,27.597157,1713
85.545718,27.59716,1713
85.545709,27.597163,1713
85.5457,27.597168,1713
85.54569,27.597172,1713
85.545682,27.597176,1713
85.545674,27.59718,1713
85.545663,27.597184,1713
85.545651,27.597187,1713
85.545639,27.59719,1713
85.545628,27.597191,1715
85.545618,27.597193,1715
85.545607,27.597193,1715
85.545599,27.597192,1715
85.545589,27.597191,1715
85.545579,27.59719,1715
85.545569,27.597188,1716
85.545558,27.597189,1716
85.545548,27.597191,1716
85.545538,27.597194,1716
85.545529,27.597196,1716
85.545519,27.597202,1716
85.545506,27.597206,1716
85.545493,27.59721,1716
85.545482,27.597213,1716
85.545472,27.597216,1716
85.545463,27.59722,1716
85.545453,27.597227,1716
85.545445,27.597234,1716
85.545437,27.59724,1716
85.545427,27.597246,1716
85.545416,27.59725,1716
85.545405,27.597254,1716
85.545394,27.597258,1717
85.545384,27.597261,1717
85.545374,27.597262,1717
85.545362,27.597263,1717
85.54535,27.597263,1717
85.545338,27.597265,1717
85.545328,27.597268,1717
85.545319,27.597271,1717
85.545312,27.597276,1717
85.545305,27.597283,1717
85.545297,27.597292,1717
85.545291,27.597299,1717
85.545287,27.597305,1717
85.545281,27.59731,1717
85.545273,27.597313,1718
85.545263,27.597313,1718
85.545254,27.597315,1718
85.545243,27.597315,1718
85.545233,27.597316,1718
85.545222,27.597316,1718
85.545211,27.597316,1718
85.545198,27.597316,1718
85.545186,27.597315,1718
85.545173,27.597315,1718
85.545161,27.597315,1718
85.545149,27.597315,1718
85.545137,27.597317,1718
85.545125,27.597319,1718
85.545113,27.597321,1719
85.545099,27.597322,1719
85.545086,27.597325,1719
85.545072,27.597327,1719
85.545058,27.597328,1719
85.545044,27.597329,1719
85.545032,27.597329,1719
85.545019,27.59733,1719
85.545005,27.597329,1719
85.54499,27.597327,1719
85.544976,27.597323,1719
85.544964,27.597319,1719
85.544954,27.597317,1719
85.544945,27.597316,1719
85.544936,27.597315,1719
85.544927,27.597314,1719
85.544913,27.597314,1719
85.544897,27.597316,1719
85.544881,27.597319,1719
85.544865,27.597322,1719
85.544851,27.597325,1719
85.544837,27.597328,1719
85.544823,27.597331,1719
85.544809,27.597333,1719
85.544796,27.597334,1719
85.544779,27.597333,1719
85.544763,27.597331,1719
85.544749,27.597331,1719
85.544735,27.597333,1719
85.544722,27.597336,1719
85.544709,27.597338,1719
85.544695,27.597339,1719
85.544683,27.597338,1719
85.54467,27.597336,1719
85.544659,27.597334,1719
85.544648,27.597334,1719
85.544637,27.597334,1719
85.544626,27.597333,1719
85.544615,27.597332,1719
85.544603,27.597331,1719
85.54459,27.597328,1719
85.544577,27.597325,1719
85.544562,27.597321,1719
85.544548,27.59732,1719
85.544534,27.597322,1719
85.544521,27.597324,1719
85.544508,27.597326,1719
85.544496,27.597328,1719
85.544483,27.597332,1719
85.54447,27.597337,1719
85.544458,27.597341,1720
85.544447,27.597347,1720
85.544438,27.597355,1720
85.544432,27.597361,1720
85.544408,27.597371,1720
85.544406,27.59737,1720
85.544402,27.597368,1720
85.544395,27.597364,1720
85.544384,27.597363,1720
85.544371,27.597364,1720
85.544357,27.597366,1720
85.544344,27.597368,1720
85.544331,27.59737,1720
85.544318,27.597373,1720
85.544306,27.597376,1720
85.544294,27.59738,1720
85.544284,27.597383,1720
85.544277,27.597385,1720
85.544266,27.597398,1720
85.544267,27.597397,1720
85.544266,27.597395,1720
85.54426,27.597391,1720
85.544259,27.597392,1720
85.544258,27.597392,1720
85.544256,27.597393,1720
85.544245,27.597395,1720
85.544243,27.597395,1720
85.54424,27.597398,1720
85.544237,27.597402,1720
85.544233,27.597406,1720
85.544228,27.597409,1720
85.544222,27.597411,1720
85.544214,27.597412,1720
85.544205,27.597413,1720
85.544196,27.597416,1720
85.544186,27.59742,1720
85.544175,27.597425,1720
85.544166,27.597428,1720
85.544158,27.597431,1720
85.544148,27.597434,1720
85.54414,27.597435,1720
85.544133,27.597438,1720
85.544127,27.59744,1720
85.54411,27.597448,1720
85.544109,27.59745,1722
85.544109,27.597454,1722
85.544108,27.597457,1722
85.544107,27.59746,1722
85.544107,27.597463,1722
85.544105,27.597471,1722
85.544102,27.597471,1722
85.544099,27.59747,1722
85.544096,27.597469,1722
85.544088,27.597468,1722
85.544085,27.597471,1722
85.54408,27.597475,1722
85.544073,27.59748,1722
85.544067,27.597484,1722
85.544063,27.597486,1722
85.544062,27.597487,1722
85.544059,27.597488,1722
85.544056,27.59749,1722
85.544054,27.597487,1722
85.544042,27.597483,1722
85.54404,27.597482,1722
85.544037,27.59748,1722
85.544032,27.597477,1722
85.544027,27.597475,1722
85.544021,27.597472,1722
85.544015,27.597469,1722
85.544011,27.597465,1722
85.544005,27.597462,1722
85.544003,27.597456,1722
85.544001,27.59745,1722
85.543997,27.597446,1722
85.543993,27.597443,1722
85.543988,27.59744,1722
85.543981,27.597436,1722
85.543971,27.597433,1722
85.54396,27.59743,1722
85.54395,27.597426,1722
85.543941,27.597421,1722
85.543936,27.597417,1722
85.543931,27.597411,1722
85.543927,27.597405,1722
85.543923,27.597398,1722
85.543919,27.597392,1722
85.543912,27.597384,1722
85.543904,27.597377,1722
85.543895,27.597369,1722
85.543884,27.59736,1722
85.543874,27.597352,1722
85.543864,27.597343,1722
85.543855,27.597334,1722
85.543848,27.597324,1722
85.543841,27.597316,1722
85.543835,27.597307,1722
85.543829,27.597297,1722
85.543821,27.597289,1722
85.543812,27.597283,1722
85.543804,27.597276,1722
85.543797,27.597269,1722
85.543787,27.597262,1722
85.543776,27.597253,1722
85.543764,27.597246,1722
85.543754,27.597241,1722
85.543744,27.597235,1722
85.543735,27.59723,1722
85.543727,27.597224,1722
85.543719,27.597217,1722
85.543711,27.59721,1724
85.543702,27.597203,1724
85.543692,27.597195,1724
85.543679,27.597187,1724
85.543663,27.597177,1724
85.54365,27.597168,1724
85.543637,27.597158,1724
85.543625,27.597149,1724
85.543615,27.59714,1724
85.543605,27.597131,1724
85.543593,27.597124,1724
85.543581,27.597118,1724
85.543571,27.597108,1724
85.543559,27.597096,1725
85.543544,27.597087,1725
85.543529,27.597077,1725
85.543514,27.597068,1725
85.5435,27.59706,1725
85.543484,27.597055,1725
85.543469,27.597051,1725
85.543451,27.597049,1725
85.543433,27.597047,1725
85.543416,27.597045,1725
85.5434,27.597041,1725
85.543385,27.597036,1725
85.54337,27.59703,1725
85.543356,27.597021,1725
85.543341,27.597012,1725
85.543329,27.597004,1725
85.543315,27.596997,1725
85.543301,27.59699,1725
85.54329,27.596982,1725
85.543278,27.596972,1725
85.543269,27.596965,1725
85.54326,27.596957,1725
85.543251,27.596948,1725
85.543242,27.596941,1725
85.543233,27.596936,1725
85.543224,27.596929,1725
85.543215,27.596923,1725
85.543206,27.596916,1725
85.543195,27.596909,1725
85.543186,27.596902,1725
85.543175,27.596896,1725
85.543163,27.59689,1725
85.543152,27.596884,1725
85.543139,27.596878,1725
85.543126,27.596872,1725
85.543113,27.596867,1725
85.5431,27.596861,1725
85.543086,27.596857,1725
85.543071,27.596853,1725
85.543057,27.596848,1725
85.543045,27.596845,1725
85.543034,27.59684,1725
85.543023,27.596836,1725
85.543015,27.596832,1725
85.543009,27.596827,1725
85.543001,27.596822,1725
85.542994,27.596815,1725
85.542991,27.596808,1725
85.542992,27.596803,1725
85.542994,27.596798,1725
85.542996,27.596793,1725
85.542998,27.596788,1725
85.543,27.596781,1725
85.543,27.596775,1725
85.543,27.596768,1725
85.542999,27.59676,1725
85.543002,27.596752,1725
85.543007,27.596743,1725
85.543016,27.596734,1725
85.543026,27.596725,1725
85.543037,27.596715,1725
85.543051,27.596704,1725
85.543061,27.596692,1725
85.543067,27.596682,1725
85.543073,27.59667,1725
85.543079,27.59666,1725
85.543084,27.596649,1725
85.543088,27.596637,1725
85.543089,27.596626,1725
85.543086,27.596615,1725
85.543078,27.596606,1725
85.543063,27.596598,1725
85.543045,27.596591,1726
85.543023,27.596583,1726
85.543003,27.596574,1726
85.542984,27.596565,1726
85.542964,27.596558,1726
85.542946,27.59655,1726
85.542929,27.596543,1726
85.542915,27.596537,1726
85.542903,27.596531,1726
85.542892,27.596524,1726
85.542882,27.596516,1726
85.54287,27.596508,1726
85.54286,27.596501,1726
85.542848,27.596495,1726
85.542836,27.59649,1726
85.542823,27.596485,1726
85.542807,27.596481,1726
85.542793,27.596475,1726
85.542778,27.596469,1727
85.542765,27.596462,1727
85.542752,27.596455,1727
85.54274,27.596447,1727
85.542728,27.596441,1727
85.542717,27.596435,1727
85.542707,27.596428,1727
85.542698,27.596422,1727
85.542689,27.596416,1727
85.542675,27.596413,1727
85.54266,27.596408,1727
85.542646,27.596399,1727
85.542633,27.59639,1727
85.542619,27.59638,1728
85.542602,27.596372,1728
85.542587,27.596365,1728
85.542573,27.596358,1728
85.542559,27.596351,1728
85.542548,27.596344,1728
85.542536,27.596338,1728
85.542526,27.596333,1728
85.542516,27.596326,1728
85.542506,27.596319,1728
85.542494,27.596312,1728
85.542483,27.596304,1728
85.542473,27.596298,1728
85.542464,27.596292,1728
85.542455,27.596287,1728
85.542445,27.596282,1728
85.542434,27.596278,1728
85.542423,27.596272,1728
85.542412,27.596267,1729
85.542402,27.596262,1729
85.542391,27.596256,1729
85.542381,27.59625,1729
85.54237,27.596244,1729
85.54236,27.596238,1729
85.542351,27.596232,1729
85.542342,27.596226,1729
85.542331,27.59622,1729
85.542321,27.596214,1729
85.542311,27.596209,1729
85.5423,27.596203,1729
85.542288,27.596198,1729
85.542275,27.59619,1730
85.542263,27.596183,1730
85.54225,27.596176,1730
85.542238,27.596171,1730
85.542226,27.596165,1730
85.542212,27.596159,1730
85.542198,27.596153,1730
85.542184,27.596147,1730
85.542171,27.596142,1730
85.542158,27.596139,1730
85.542146,27.596135,1730
85.542135,27.596131,1730
85.542124,27.596126,1730
85.542115,27.596119,1730
85.542106,27.596113,1730
85.542096,27.596106,1730
85.542086,27.596098,1730
85.542075,27.596089,1730
85.542063,27.59608,1731
85.542053,27.596072,1731
85.542041,27.596065,1731
85.542029,27.596059,1731
85.542018,27.596053,1731
85.542008,27.596048,1731
85.541999,27.596041,1731
85.54199,27.596035,1731
85.541982,27.596029,1731
85.541974,27.596022,1731
85.54197,27.596015,1731
85.541968,27.596008,1731
85.541969,27.596,1731
85.541971,27.595995,1731
85.54197,27.595991,1732
85.541967,27.595985,1732
85.541961,27.595979,1732
85.541952,27.595971,1732
85.541942,27.595963,1732
85.541932,27.595955,1732
85.541921,27.595947,1732
85.541911,27.595939,1732
85.541903,27.595932,1732
85.541895,27.595925,1732
85.541887,27.595917,1732
85.541879,27.595908,1732
85.541871,27.595899,1732
85.541864,27.595889,1732
85.541859,27.595879,1733
85.541854,27.595869,1733
85.541848,27.595858,1733
85.541841,27.595848,1733
85.541831,27.595838,1733
85.54182,27.595831,1733
85.541809,27.595824,1733
85.541799,27.595818,1733
85.54179,27.595811,1733
85.541781,27.595804,1733
85.541772,27.595797,1733
85.541761,27.59579,1733
85.541753,27.59578,1733
85.541747,27.595771,1733
85.54174,27.595761,1733
85.541733,27.595753,1733
85.541725,27.595746,1733
85.541718,27.59574,1733
85.541712,27.595735,1733
85.541706,27.59573,1733
85.541703,27.595724,1733
85.541703,27.595705,1734
85.541702,27.595702,1734
85.541699,27.595697,1734
85.541694,27.595693,1734
85.541687,27.595687,1734
85.541679,27.595682,1734
85.541669,27.595677,1734
85.541659,27.59567,1734
85.541654,27.595663,1735
85.54165,27.595656,1735
85.541647,27.595647,1735
85.541643,27.595639,1735
85.541638,27.595632,1735
85.541633,27.595628,1735
85.541617,27.595607,1735
85.541616,27.595603,1735
85.541614,27.595597,1736
85.541614,27.595589,1736
85.541616,27.595578,1736
85.54162,27.595568,1736
85.541627,27.595557,1736
85.541637,27.595544,1736
85.541649,27.59553,1736
85.541662,27.595517,1736
85.541673,27.595507,1736
85.541683,27.595497,1736
85.541693,27.59549,1736
85.5417,27.595484,1737
85.541704,27.59548,1737
85.541707,27.595474,1737
85.541709,27.595468,1737
85.541711,27.595463,1737
85.541715,27.595457,1737
85.541718,27.59545,1737
85.541722,27.595445,1737
85.541728,27.59544,1737
85.541735,27.595437,1737
85.541744,27.595433,1738
85.541755,27.59543,1738
85.541767,27.595427,1738
85.541777,27.595423,1738
85.541786,27.595419,1738
85.541794,27.595413,1738
85.541802,27.595408,1738
85.541809,27.595401,1738
85.541816,27.595393,1738
85.541823,27.595385,1738
85.541829,27.595377,1739
85.541834,27.595367,1739
85.541837,27.595357,1739
85.54184,27.595348,1739
85.541843,27.595339,1739
85.541846,27.595329,1739
85.54185,27.59532,1739
85.541854,27.595311,1739
85.541855,27.595302,1739
85.541855,27.595292,1740
85.541855,27.595282,1740
85.541853,27.595272,1740
85.541849,27.595262,1740
85.541845,27.595254,1740
85.541841,27.595246,1740
85.541838,27.595238,1740
85.541836,27.595231,1740
85.541833,27.595224,1740
85.541828,27.595221,1740
85.541823,27.595216,1740
85.54182,27.595209,1740
85.541817,27.595201,1741
85.541813,27.595193,1741
85.54181,27.595184,1741
85.541807,27.595177,1741
85.541805,27.595171,1741
85.541806,27.595165,1741
85.54181,27.595159,1741
85.541812,27.595154,1741
85.541815,27.595147,1741
85.541815,27.595142,1742
85.541813,27.595136,1742
85.541805,27.595131,1742
85.541789,27.595126,1742
85.541771,27.59512,1742
85.541758,27.595114,1742
85.541748,27.595107,1742
85.54174,27.595099,1742
85.541731,27.595092,1743
85.541721,27.595086,1743
85.541712,27.595079,1743
85.541704,27.595074,1743
85.541698,27.595069,1743
85.541694,27.595064,1743
85.54169,27.595058,1743
85.541685,27.595052,1743
85.54168,27.595044,1744
85.541674,27.595037,1744
85.541667,27.595029,1744
85.541658,27.595021,1744
85.541649,27.595014,1744
85.541638,27.595006,1744
85.541628,27.594999,1744
85.54162,27.594992,1744
85.541612,27.594984,1745
85.541604,27.594978,1745
85.541598,27.594972,1745
85.54159,27.594965,1745
85.541584,27.59496,1745
85.541577,27.594954,1745
85.541572,27.594948,1745
85.541569,27.594941,1745
85.541567,27.594935,1745
85.541566,27.59493,1745
85.541565,27.594923,1746
85.541562,27.594916,1746
85.54156,27.59491,1746
85.541559,27.594902,1746
85.541558,27.594895,1746
85.541556,27.594886,1746
85.541552,27.594876,1746
85.541549,27.594866,1746
85.541544,27.594856,1746
85.54154,27.594848,1746
85.541535,27.59484,1746
85.541528,27.594832,1746
85.54152,27.594825,1746
85.541512,27.594818,1747
85.541506,27.594811,1747
85.541499,27.594804,1747
85.541491,27.594797,1747
85.541484,27.59479,1747
85.541477,27.594783,1747
85.54147,27.594776,1747
85.541465,27.594769,1747
85.54146,27.594762,1747
85.541454,27.594755,1747
85.541447,27.594748,1748
85.54144,27.59474,1748
85.541434,27.594733,1748
85.541426,27.594726,1748
85.541418,27.594721,1748
85.541412,27.594715,1748
85.541406,27.594709,1748
85.5414,27.594702,1748
85.541393,27.594696,1748
85.541387,27.594691,1748
85.541381,27.594687,1749
85.541376,27.594682,1749
85.54137,27.594678,1749
85.541365,27.594674,1749
85.54136,27.594669,1749
85.541353,27.594663,1749
85.541348,27.594654,1749
85.541343,27.594646,1749
85.541336,27.594638,1749
85.541329,27.594631,1749
85.541322,27.594626,1750
85.541315,27.59462,1750
85.541307,27.594614,1750
85.5413,27.594609,1750
85.541292,27.594604,1750
85.541285,27.594599,1750
85.541277,27.594595,1750
85.541268,27.59459,1750
85.541259,27.594585,1750
85.541251,27.594579,1750
85.541244,27.594573,1750
85.541238,27.594566,1751
85.541231,27.59456,1751
85.541227,27.594554,1751
85.541223,27.594549,1751
85.541217,27.594542,1751
85.541211,27.594535,1751
85.541203,27.594529,1751
85.541192,27.594523,1751
85.541181,27.594518,1751
85.541169,27.59451,1751
85.541156,27.594505,1751
85.541146,27.594498,1751
85.541138,27.594492,1751
85.541134,27.594485,1751
85.541134,27.594478,1751
85.541134,27.594471,1751
85.541133,27.594464,1751
85.541128,27.594457,1752
85.541121,27.594451,1752
85.541112,27.594444,1752
85.541104,27.594436,1752
85.541097,27.594428,1752
85.541093,27.594421,1752
85.541089,27.594413,1752
85.541086,27.594404,1752
85.541082,27.594395,1752
85.541078,27.594385,1752
85.541072,27.594375,1752
85.541064,27.594364,1752
85.541056,27.594354,1752
85.541047,27.594343,1752
85.541038,27.594334,1752
85.541028,27.594324,1752
85.541017,27.594315,1752
85.541006,27.594307,1752
85.540997,27.594298,1752
85.54099,27.594289,1752
85.540986,27.594282,1752
85.540981,27.594275,1752
85.540978,27.594269,1752
85.540976,27.59426,1752
85.540974,27.594249,1752
85.540973,27.59424,1752
85.540968,27.59423,1752
85.54096,27.594218,1752
85.540952,27.594205,1752
85.540945,27.594193,1752
85.540938,27.594181,1752
85.540931,27.594171,1752
85.540926,27.594162,1752
85.540921,27.594154,1752
85.540918,27.594147,1752
85.540914,27.594142,1752
85.540912,27.594137,1752
85.540909,27.59413,1752
85.540907,27.594124,1752
85.540905,27.594116,1752
85.540902,27.594109,1752
85.540899,27.594102,1752
85.540897,27.594093,1752
85.540896,27.594085,1752
85.540897,27.594078,1753
85.540898,27.594072,1753
85.5409,27.594067,1753
85.540905,27.594061,1753
85.540909,27.594054,1754
85.540913,27.594045,1754
85.540913,27.594039,1754
85.540911,27.594031,1754
85.540909,27.59402,1754
85.540908,27.594006,1754
85.540909,27.59399,1754
85.540912,27.593975,1754
85.540914,27.593961,1754
85.540917,27.593949,1754
85.540917,27.593936,1754
85.540915,27.593925,1755
85.540912,27.593915,1755
85.540911,27.593904,1755
85.540909,27.593894,1755
85.540903,27.593884,1755
85.540896,27.593875,1755
85.54089,27.593868,1755
85.540884,27.593863,1755
85.540873,27.593855,1755
85.540873,27.593856,1755
85.540874,27.593857,1755
85.54088,27.593858,1755
85.540875,27.593857,1755
85.540874,27.593855,1755
85.54087,27.593852,1755
85.540863,27.593848,1755
85.540854,27.593843,1755
85.540846,27.59384,1755
85.540838,27.593836,1755
85.540832,27.593832,1755
85.540827,27.593829,1755
85.540825,27.593827,1755
85.540824,27.593823,1755
85.540823,27.593819,1755
85.540821,27.593814,1755
85.54082,27.593808,1755
85.540819,27.593801,1755
85.540819,27.593792,1755
85.540818,27.593783,1755
85.540817,27.593774,1755
85.540814,27.593766,1755
85.540811,27.593757,1755
85.540808,27.59375,1755
85.540805,27.593742,1755
85.540802,27.593733,1755
85.540798,27.593724,1755
85.540795,27.593714,1755
85.540792,27.593706,1755
85.54079,27.593697,1755
85.540786,27.593688,1755
85.540782,27.59368,1755
85.540778,27.593675,1755
85.540775,27.593669,1755
85.540772,27.593663,1755
85.540767,27.593653,1755
85.540761,27.593642,1755
85.540754,27.59363,1755
85.540746,27.593617,1755
85.540738,27.593605,1755
85.54073,27.593594,1755
85.540722,27.593583,1755
85.540713,27.593571,1755
85.540707,27.593557,1755
85.540701,27.593544,1755
85.540694,27.593531,1755
85.540685,27.593521,1755
85.540676,27.593512,1755
85.540667,27.593505,1755
85.540655,27.593498,1755
85.540645,27.59349,1755
85.540637,27.593482,1755
85.54063,27.593475,1756
85.540621,27.593469,1756
85.54061,27.593463,1756
85.540599,27.593458,1756
85.540588,27.59345,1756
85.540576,27.59344,1756
85.540564,27.593428,1756
85.540552,27.593417,1756
85.540537,27.593409,1756
85.540521,27.593398,1756
85.540507,27.593387,1756
85.540493,27.593378,1756
85.540481,27.593366,1756
85.540468,27.593354,1756
85.540456,27.593344,1756
85.540446,27.593333,1757
85.540439,27.59332,1757
85.540434,27.593305,1757
85.54043,27.593289,1757
85.540427,27.593275,1757
85.540419,27.593264,1757
85.540406,27.593256,1757
85.54039,27.593252,1757
85.540375,27.593251,1757
85.540362,27.593252,1757
85.540349,27.593252,1757
85.540337,27.593253,1757
85.540326,27.593251,1757
85.540316,27.593248,1757
85.540306,27.593243,1757
85.540294,27.593239,1757
85.540282,27.593237,1757
85.54027,27.593236,1757
85.540256,27.593236,1757
85.540241,27.593238,1757
85.540227,27.59324,1757
85.540214,27.593242,1757
85.540202,27.593244,1757
85.540189,27.593245,1757
85.540176,27.593245,1757
85.540164,27.593244,1757
85.540153,27.593243,1757
85.540144,27.59324,1757
85.540134,27.593238,1757
85.540125,27.593236,1757
85.540115,27.593234,1757
85.540104,27.59323,1757
85.540093,27.593227,1757
85.54008,27.593225,1757
85.540069,27.593223,1757
85.54006,27.593218,1757
85.540052,27.593213,1757
85.540045,27.593206,1757
85.540039,27.593199,1757
85.540034,27.593191,1757
85.540027,27.593183,1757
85.540018,27.593177,1757
85.540009,27.593171,1757
85.54,27.593163,1757
85.539993,27.593154,1757
85.539989,27.593145,1757
85.539986,27.593138,1757
85.539983,27.593132,1757
85.53998,27.593127,1757
85.539978,27.593121,1757
85.539973,27.593113,1757
85.539968,27.593106,1757
85.539963,27.593098,1757
85.539959,27.593087,1757
85.539957,27.593075,1757
85.539955,27.593062,1757
85.539954,27.593051,1757
85.539952,27.59304,1757
85.539952,27.59303,1757
85.539952,27.593019,1757
85.539953,27.593008,1758
85.539956,27.592996,1758
85.539958,27.592982,1758
85.539958,27.59297,1758
85.539955,27.59296,1758
85.539952,27.592951,1758
85.539948,27.592944,1758
85.539945,27.592936,1758
85.539943,27.592929,1758
85.539941,27.592921,1758
85.539939,27.592913,1758
85.539938,27.592906,1758
85.539935,27.592896,1758
85.539934,27.592888,1758
85.539932,27.592881,1758
85.539931,27.592873,1758
85.539931,27.592867,1758
85.539931,27.592861,1758
85.539929,27.592855,1758
85.539925,27.59285,1758
85.539921,27.592845,1758
85.539916,27.59284,1758
85.539912,27.592834,1758
85.539908,27.592828,1758
85.539905,27.592823,1758
85.539901,27.592819,1758
85.539898,27.592814,1758
85.539898,27.592809,1758
85.539898,27.592803,1758
85.539897,27.592796,1758
85.539894,27.592786,1758
85.539889,27.592773,1758
85.539882,27.59276,1758
85.539874,27.592748,1758
85.539867,27.592736,1758
85.539862,27.592727,1758
85.539846,27.592703,1758
85.539843,27.592699,1758
85.539838,27.592692,1758
85.539831,27.592682,1758
85.539822,27.592671,1758
85.539814,27.592658,1758
85.539806,27.592645,1758
85.539797,27.592633,1758
85.539789,27.592618,1758
85.539779,27.592604,1760
85.539768,27.592589,1760
85.539756,27.592575,1760
85.539745,27.592564,1760
85.539732,27.592556,1760
85.539719,27.59255,1760
85.539707,27.592544,1760
85.539696,27.592537,1760
85.539683,27.592529,1760
85.53967,27.592522,1760
85.539658,27.592514,1761
85.539646,27.592507,1761
85.539634,27.592499,1761
85.539623,27.592491,1761
85.539614,27.592482,1761
85.539605,27.592475,1761
85.539595,27.592468,1761
85.539585,27.592463,1761
85.539574,27.592457,1761
85.539564,27.592451,1761
85.539555,27.592446,1761
85.539547,27.59244,1761
85.539538,27.592434,1761
85.539529,27.592428,1761
85.53952,27.592421,1761
85.539511,27.592415,1761
85.539502,27.59241,1761
85.539494,27.592403,1761
85.539489,27.592394,1761
85.539484,27.592384,1761
85.539478,27.592376,1761
85.539473,27.592368,1761
85.539468,27.59236,1761
85.539461,27.592351,1761
85.539453,27.592345,1761
85.539443,27.592341,1761
85.539433,27.592336,1761
85.539422,27.592331,1761
85.539413,27.592324,1761
85.539403,27.592315,1761
85.539391,27.592308,1761
85.539374,27.592304,1761
85.539356,27.592304,1761
85.539339,27.592305,1761
85.539325,27.592305,1761
85.539311,27.592306,1761
85.539299,27.592308,1761
85.539287,27.59231,1761
85.539274,27.592311,1761
85.539264,27.592311,1761
85.539255,27.592313,1761
85.539245,27.592315,1761
85.539234,27.592316,1761
85.539222,27.592317,1761
85.539208,27.592319,1761
85.539193,27.592323,1761
85.539175,27.59233,1761
85.539157,27.592336,1761
85.539138,27.592342,1761
85.539119,27.592346,1761
85.539101,27.592351,1761
85.539083,27.592355,1761
85.539069,27.592359,1761
85.539055,27.592363,1762
85.539042,27.592364,1762
85.53903,27.592366,1762
85.539017,27.592366,1762
85.539005,27.592369,1762
85.538994,27.592371,1762
85.538983,27.592376,1762
85.53897,27.592383,1762
85.538957,27.592391,1762
85.538942,27.592395,1762
85.538925,27.592399,1762
85.538908,27.592403,1762
85.538892,27.592408,1762
85.538877,27.592412,1762
85.538863,27.592418,1762
85.538847,27.592424,1762
85.538834,27.592431,1762
85.538818,27.59244,1762
85.538803,27.592451,1762
85.538789,27.592462,1762
85.538776,27.592473,1762
85.538763,27.59248,1762
85.538753,27.592488,1762
85.538743,27.592496,1762
85.538733,27.592503,1762
85.538725,27.592509,1762
85.538717,27.592517,1762
85.538712,27.592528,1762
85.53871,27.59254,1762
85.538705,27.592554,1762
85.538697,27.592567,1762
85.538687,27.592577,1762
85.538677,27.592585,1762
85.538668,27.592592,1762
85.538657,27.592599,1762
85.538645,27.592604,1762
85.538631,27.592607,1762
85.538616,27.592608,1762
85.538604,27.59261,1762
85.538592,27.592611,1762
85.538578,27.592616,1762
85.538567,27.592619,1762
85.538559,27.592622,1762
85.538553,27.592624,1762
85.538548,27.592625,1762
85.538534,27.592628,1762
85.538527,27.592621,1762
85.538526,27.592619,1762
85.538523,27.592616,1762
85.538518,27.592615,1762
85.53851,27.592614,1762
85.538501,27.592613,1762
85.538491,27.592611,1762
85.538483,27.592609,1762
85.538475,27.592607,1762
85.538466,27.592605,1762
85.538458,27.592601,1762
85.538451,27.592596,1762
85.538445,27.592591,1762
85.538438,27.592587,1762
85.538431,27.592582,1762
85.538422,27.592579,1762
85.538411,27.592577,1762
85.538398,27.592577,1762
85.538385,27.592579,1762
85.538372,27.59258,1762
85.538361,27.592581,1762
85.538351,27.592582,1762
85.53834,27.592585,1762
85.53833,27.592589,1761
85.538319,27.592593,1761
85.538307,27.592597,1761
85.538295,27.592605,1761
85.53828,27.592614,1761
85.538264,27.592623,1761
85.538246,27.59263,1761
85.538229,27.592636,1761
85.538216,27.592641,1761
85.538201,27.592648,1761
85.538187,27.592655,1761
85.538171,27.592662,1761
85.538156,27.592668,1761
85.538142,27.592672,1761
85.538129,27.592674,1761
85.538113,27.592679,1760
85.538097,27.592686,1760
85.538083,27.59269,1760
85.53807,27.592691,1760
85.538059,27.59269,1760
85.538047,27.59269,1760
85.538036,27.592689,1760
85.538025,27.592688,1760
85.538015,27.592687,1760
85.538005,27.592685,1759
85.537998,27.59268,1759
85.537992,27.592676,1759
85.537988,27.592669,1759
85.537983,27.592661,1759
85.537979,27.592652,1759
85.537975,27.592641,1759
85.537972,27.59263,1759
85.53797,27.592621,1759
85.537969,27.592611,1758
85.537968,27.592602,1758
85.537966,27.592596,1758
85.537963,27.592591,1758
85.53796,27.592584,1758
85.537956,27.592576,1758
85.537952,27.592566,1758
85.53795,27.592558,1758
85.537947,27.59255,1758
85.537946,27.592542,1758
85.537945,27.592535,1758
85.537945,27.592528,1758
85.537946,27.592518,1757
85.537949,27.592505,1757
85.537953,27.592491,1757
85.537957,27.592478,1757
85.53796,27.592465,1757
85.537962,27.592454,1757
85.537962,27.592443,1757
85.537962,27.592433,1757
85.537958,27.592423,1756
85.537952,27.592413,1756
85.537945,27.592402,1756
85.537938,27.59239,1756
85.537932,27.592377,1756
85.537921,27.592364,1756
85.53791,27.592352,1756
85.5379,27.592343,1755
85.537891,27.592335,1755
85.537883,27.592326,1755
85.537877,27.592317,1755
85.537871,27.592307,1755
85.537864,27.5923,1755
85.537858,27.592292,1755
85.537851,27.592284,1754
85.537845,27.592275,1754
85.53784,27.592264,1754
85.537835,27.592251,1754
85.537828,27.592239,1754
85.537822,27.592226,1754
85.537815,27.592214,1754
85.537806,27.592202,1754
85.537795,27.592193,1753
85.537784,27.592185,1753
85.537774,27.59218,1753
85.537764,27.592175,1753
85.537752,27.592172,1753
85.537737,27.59217,1753
85.537719,27.592172,1753
85.537698,27.59218,1753
85.537676,27.592188,1752
85.537657,27.592195,1752
85.53764,27.592201,1752
85.537626,27.592206,1752
85.537613,27.592211,1752
85.537602,27.592216,1752
85.537591,27.592222,1751
85.53758,27.592229,1751
85.537567,27.592236,1751
85.537554,27.592244,1751
85.53754,27.592251,1751
85.537526,27.592258,1751
85.53751,27.592266,1751
85.537494,27.592275,1751
85.53748,27.592284,1750
85.537468,27.592293,1750
85.537458,27.592302,1750
85.537448,27.592311,1750
85.537438,27.592321,1750
85.537426,27.59233,1750
85.537412,27.592339,1749
85.537398,27.592349,1749
85.537385,27.59236,1749
85.537373,27.592371,1749
85.53736,27.592381,1749
85.537348,27.592394,1749
85.537339,27.592408,1749
85.537329,27.592421,1749
85.537316,27.592433,1748
85.537303,27.592443,1748
85.537288,27.592453,1748
85.537272,27.592463,1748
85.537256,27.592476,1748
85.537244,27.592489,1748
85.537232,27.5925,1747
85.537224,27.592511,1747
85.537218,27.59252,1747
85.537211,27.592529,1747
85.537202,27.592539,1746
85.537192,27.592551,1746
85.537182,27.592564,1746
85.537175,27.592574,1746
85.537171,27.592582,1746
85.537165,27.5926,1746
85.53717,27.592603,1746
85.53717,27.592605,1746
85.537172,27.592607,1746
85.537174,27.592609,1746
85.537176,27.592615,1746
85.537174,27.592618,1746
85.537169,27.592624,1746
85.537163,27.592633,1746
85.537155,27.592644,1746
85.537148,27.592657,1745
85.537142,27.59267,1745
85.537134,27.592681,1745
85.537125,27.592693,1744
85.537117,27.592707,1744
85.53711,27.592719,1744
85.537103,27.592732,1744
85.537095,27.592744,1744
85.537086,27.592757,1743
85.537078,27.592767,1743
85.537072,27.592778,1743
85.537065,27.592787,1743
85.537057,27.592796,1743
85.537048,27.592803,1743
85.537039,27.592812,1742
85.537028,27.592821,1742
85.537018,27.592828,1742
85.53701,27.592835,1742
85.537002,27.592842,1742
85.536994,27.592849,1741
85.536986,27.592858,1741
85.536978,27.592867,1741
85.536969,27.592875,1741
85.53696,27.592882,1740
85.536951,27.592888,1740
85.536942,27.592893,1740
85.536932,27.592896,1740
85.536922,27.592899,1739
85.536911,27.592904,1739
85.536901,27.592909,1739
85.536892,27.592915,1739
85.536882,27.592919,1739
85.536872,27.592924,1739
85.536861,27.592927,1738
85.536849,27.59293,1738
85.536837,27.592933,1738
85.536823,27.592935,1737
85.53681,27.592937,1737
85.536796,27.592938,1737
85.536783,27.592941,1737
85.536769,27.592945,1737
85.536757,27.592952,1737
85.536746,27.592961,1736
85.536738,27.59297,1736
85.536732,27.59298,1736
85.536727,27.592992,1736
85.536723,27.593003,1736
85.536716,27.593013,1736
85.536708,27.593023,1735
85.536699,27.593033,1735
85.536692,27.593042,1735
85.536684,27.593051,1735
85.536675,27.593059,1735
85.536667,27.593066,1735
85.536659,27.593073,1734
85.536653,27.593079,1734
85.536643,27.593087,1734
85.536633,27.593094,1734
85.536622,27.593101,1734
85.536612,27.593109,1733
85.536603,27.593116,1733
85.536593,27.593122,1733
85.536582,27.59313,1733
85.536573,27.593138,1733
85.536563,27.593147,1733
85.536553,27.593156,1732
85.536544,27.593165,1732
85.536534,27.593174,1732
85.536525,27.593184,1732
85.536517,27.593193,1732
85.536507,27.593201,1731
85.536498,27.593208,1731
85.536488,27.593213,1731
85.536478,27.593219,1731
85.536469,27.593224,1731
85.53646,27.593229,1730
85.536451,27.593234,1730
85.536441,27.593239,1730
85.536431,27.593243,1730
85.53642,27.593247,1730
85.53641,27.593252,1730
85.536399,27.593256,1729
85.536387,27.59326,1729
85.536376,27.593263,1729
85.536366,27.593266,1729
85.536357,27.59327,1729
85.536345,27.593271,1729
85.536333,27.593273,1728
85.536319,27.593276,1728
85.536305,27.593278,1728
85.536291,27.593281,1728
85.536276,27.593284,1728
85.536261,27.593287,1728
85.536246,27.59329,1728
85.536232,27.593293,1727
85.536221,27.593295,1727
85.53621,27.593296,1727
85.536199,27.593294,1727
85.536189,27.593291,1727
85.53618,27.593288,1727
85.536171,27.593285,1727
85.536163,27.593281,1726
85.536156,27.593277,1726
85.53615,27.593271,1726
85.536143,27.593265,1726
85.536136,27.59326,1726
85.536132,27.593254,1725
85.53613,27.593246,1725
85.53613,27.593236,1725
85.53613,27.593227,1725
85.536127,27.593219,1725
85.536124,27.59321,1725
85.536122,27.5932,1724
85.536119,27.593191,1724
85.536114,27.593181,1724
85.536109,27.593172,1724
85.536102,27.593166,1724
85.536093,27.593159,1723
85.536082,27.593154,1723
85.536072,27.59315,1723
85.536064,27.593142,1723
85.536057,27.593133,1723
85.536052,27.593123,1722
85.536046,27.593111,1722
85.53604,27.593099,1722
85.536034,27.59309,1722
85.536026,27.593083,1722
85.536016,27.593076,1722
85.536006,27.59307,1722
85.535995,27.593064,1722
85.535984,27.593059,1721
85.535974,27.593054,1721
85.535964,27.593051,1721
85.535955,27.593048,1721
85.535946,27.593046,1721
85.535936,27.593047,1721
85.535924,27.593048,1721
85.535911,27.59305,1720
85.535898,27.593052,1720
85.535883,27.593056,1720
85.535867,27.593062,1720
85.535852,27.593066,1720
85.535838,27.59307,1720
85.535826,27.593073,1719
85.535814,27.593076,1719
85.535802,27.593079,1718
85.535791,27.593082,1718
85.53578,27.593083,1718
85.535768,27.593086,1718
85.535757,27.593089,1718
85.535746,27.593093,1718
85.535734,27.593097,1718
85.535722,27.593102,1717
85.535709,27.593106,1717
85.535695,27.593111,1717
85.535682,27.593119,1717
85.535669,27.593127,1717
85.535656,27.593138,1717
85.53564,27.593149,1717
85.535625,27.593161,1716
85.535612,27.593173,1716
85.535599,27.593185,1716
85.535586,27.593198,1716
85.535573,27.59321,1716
85.535559,27.59322,1716
85.535545,27.593229,1716
85.535532,27.593238,1716
85.53552,27.593246,1716
85.535508,27.593253,1715
85.535497,27.59326,1715
85.535485,27.593268,1715
85.535474,27.593276,1715
85.535462,27.593285,1715
85.53545,27.593293,1715
85.535438,27.593303,1715
85.535426,27.593312,1715
85.535414,27.593321,1715
85.535402,27.593329,1715
85.535388,27.593338,1715
85.535375,27.593347,1715
85.535361,27.593356,1715
85.535348,27.593365,1715
85.535335,27.593373,1715
85.535322,27.593381,1715
85.535309,27.593387,1715
85.535294,27.593392,1715
85.535278,27.593395,1715
85.535262,27.593399,1714
85.535246,27.593402,1714
85.53523,27.593407,1714
85.535216,27.593412,1714
85.535202,27.593417,1714
85.535189,27.593424,1714
85.535178,27.59343,1714
85.535167,27.593435,1713
85.535155,27.593441,1713
85.535142,27.593446,1713
85.535132,27.593451,1713
85.535123,27.593456,1713
85.535115,27.593458,1713
85.535109,27.593459,1712
85.535095,27.593464,1712
85.535096,27.593467,1712
85.535095,27.593468,1712
85.535093,27.593471,1712
85.535089,27.593476,1712
85.535084,27.593481,1712
85.535079,27.593487,1712
85.535074,27.593495,1712
85.535068,27.593503,1711
85.535064,27.593511,1711
85.535061,27.593517,1711
85.535058,27.593522,1711
85.535046,27.593539,1711
85.535046,27.593541,1711
85.535044,27.593545,1711
85.535042,27.593551,1710
85.535037,27.593557,1710
85.535031,27.593565,1710
85.535024,27.593573,1710
85.535016,27.593582,1710
85.535007,27.593591,1710
85.534997,27.5936,1709
85.534986,27.593609,1709
85.534972,27.593617,1709
85.534958,27.593626,1709
85.534945,27.593634,1709
85.534932,27.593642,1709
85.534919,27.593648,1709
85.534905,27.593654,1709
85.534893,27.593659,1709
85.534882,27.593664,1709
85.534872,27.59367,1709
85.534862,27.593676,1709
85.534852,27.593681,1709
85.534842,27.593686,1709
85.534832,27.593689,1708
85.534823,27.593691,1708
85.534814,27.593693,1708
85.534805,27.593693,1708
85.534795,27.593693,1708
85.534784,27.593692,1708
85.534772,27.593691,1708
85.53476,27.593691,1708
85.534745,27.593692,1708
85.534732,27.593693,1708
85.534718,27.593693,1708
85.534703,27.593693,1708
85.534686,27.593693,1708
85.534672,27.593694,1708
85.534657,27.593696,1708
85.534645,27.593698,1708
85.534632,27.593701,1708
85.534618,27.593703,1708
85.534605,27.593705,1708
85.534591,27.593707,1708
85.534576,27.593708,1708
85.534561,27.593709,1708
85.534546,27.593709,1708
85.534533,27.59371,1708
85.53452,27.593712,1708
85.534509,27.593714,1708
85.534495,27.593717,1708
85.534482,27.593718,1708
85.534471,27.593719,1708
85.534464,27.593722,1708
85.534459,27.593725,1708
85.534453,27.593727,1708
85.534448,27.593728,1708
85.534443,27.593729,1708
85.53444,27.593729,1708
85.534424,27.593725,1708
85.53442,27.593724,1708
85.534419,27.593723,1708
85.534412,27.59372,1708
85.534411,27.59372,1708
85.534411,27.593719,1708
85.534405,27.593715,1708
85.534399,27.593715,1708
85.534398,27.593715,1708
85.534385,27.593715,1708
85.534381,27.593714,1708
85.534371,27.593711,1708
85.53436,27.593707,1708
85.534347,27.593705,1708
85.534333,27.593703,1708
85.534317,27.593704,1708
85.5343,27.593703,1708
85.534282,27.593702,1708
85.534264,27.593702,1708
85.534248,27.5937,1708
85.534231,27.593698,1708
85.534212,27.593696,1708
85.534193,27.593693,1708
85.534174,27.593691,1708
85.534156,27.59369,1708
85.53414,27.593688,1708
85.534124,27.593684,1708
85.534107,27.593678,1708
85.534091,27.593674,1708
85.534075,27.593668,1708
85.534058,27.593661,1708
85.534042,27.593656,1708
85.534025,27.59365,1708
85.534007,27.593645,1708
85.533989,27.593641,1708
85.533972,27.593636,1708
85.533956,27.593631,1708
85.533941,27.593625,1708
85.533927,27.59362,1708
85.533914,27.593614,1708
85.5339,27.593608,1708
85.533885,27.593602,1708
85.533869,27.593597,1708
85.533855,27.593593,1708
85.533841,27.593588,1707
85.533825,27.593584,1707
85.53381,27.59358,1707
85.533794,27.593577,1707
85.533776,27.593573,1707
85.533759,27.593569,1707
85.533743,27.593565,1707
85.533727,27.593561,1707
85.533711,27.593557,1707
85.533695,27.593554,1707
85.533681,27.593551,1706
85.533665,27.593547,1706
85.533649,27.593543,1706
85.533633,27.59354,1706
85.533618,27.593536,1706
85.533602,27.593533,1706
85.533588,27.593532,1706
85.533574,27.593531,1706
85.533561,27.593534,1706
85.533548,27.593538,1705
85.533536,27.593542,1705
85.533524,27.593548,1705
85.533512,27.593555,1705
85.533498,27.593561,1705
85.533484,27.593567,1705
85.533469,27.593572,1705
85.533454,27.593577,1705
85.533439,27.593582,1705
85.533424,27.593588,1705
85.53341,27.593595,1704
85.533395,27.593604,1704
85.533382,27.593614,1704
85.53337,27.593622,1704
85.53336,27.59363,1704
85.53335,27.593637,1704
85.533339,27.593644,1704
85.533327,27.593649,1704
85.533314,27.593653,1704
85.5333,27.593658,1704
85.533285,27.593663,1704
85.533269,27.593668,1704
85.533253,27.593673,1704
85.533236,27.593679,1704
85.533222,27.593686,1704
85.53321,27.593692,1704
85.533201,27.593697,1704
85.533191,27.593702,1704
85.533178,27.593705,1704
85.533164,27.593707,1704
85.53315,27.593708,1704
85.533136,27.593706,1704
85.533122,27.593704,1704
85.533109,27.593704,1704
85.533096,27.593705,1704
85.533084,27.593706,1704
85.533071,27.593706,1704
85.533058,27.593702,1703
85.533045,27.593699,1703
85.533033,27.593697,1703
85.53302,27.593693,1703
85.533007,27.593688,1703
85.532995,27.593683,1703
85.532985,27.593676,1703
85.532975,27.593669,1703
85.532965,27.593664,1703
85.532954,27.593659,1702
85.532942,27.593654,1702
85.532932,27.593649,1702
85.532921,27.593643,1702
85.532909,27.593638,1702
85.532897,27.593633,1702
85.532885,27.593628,1702
85.532872,27.593624,1702
85.532859,27.593621,1702
85.532845,27.593618,1702
85.532831,27.593616,1702
85.532819,27.593613,1702
85.532805,27.593609,1702
85.532791,27.593604,1702
85.532778,27.593597,1702
85.532768,27.593589,1702
85.532758,27.593581,1701
85.532749,27.593572,1701
85.532739,27.593564,1701
85.532729,27.593555,1701
85.532718,27.593546,1701
85.532706,27.593537,1701
85.532693,27.593528,1701
85.53268,27.59352,1701
85.532666,27.593512,1701
85.532652,27.593503,1701
85.532637,27.593494,1701
85.532622,27.593486,1701
85.532607,27.593479,1701
85.532591,27.593473,1701
85.532574,27.593468,1701
85.532558,27.593463,1701
85.532542,27.593458,1701
85.532525,27.593452,1701
85.532511,27.593447,1701
85.532497,27.59344,1701
85.532485,27.593434,1701
85.532474,27.593428,1700
85.532463,27.593423,1700
85.532452,27.593417,1700
85.532441,27.593412,1700
85.532429,27.593406,1700
85.532416,27.5934,1700
85.532403,27.593393,1700
85.532391,27.593387,1700
85.532379,27.593381,1700
85.532366,27.593376,1700
85.532354,27.59337,1700
85.532343,27.593364,1700
85.532332,27.593357,1700
85.53232,27.593348,1700
85.532309,27.593338,1700
85.532299,27.593327,1699
85.53229,27.593316,1699
85.532281,27.593306,1699
85.532271,27.593296,1699
85.532263,27.593287,1699
85.532255,27.593278,1699
85.532247,27.593267,1699
85.53224,27.593257,1699
85.532233,27.593246,1699
85.532224,27.593235,1699
85.532217,27.593223,1699
85.532211,27.593212,1699
85.532205,27.593201,1699
85.5322,27.59319,1699
85.532196,27.593179,1699
85.532191,27.59317,1699
85.532184,27.593161,1699
85.532176,27.593152,1699
85.532166,27.593143,1699
85.532157,27.593132,1699
85.532148,27.593122,1699
85.53214,27.593111,1699
85.532132,27.593102,1699
85.53212,27.593093,1699
85.53211,27.593083,1699
85.5321,27.593076,1699
85.532091,27.593069,1699
85.53208,27.593062,1699
85.532072,27.593058,1699
85.532065,27.593054,1699
85.53204,27.593045,1699
85.532037,27.593044,1699
85.532033,27.593043,1699
85.532028,27.593043,1699
85.532024,27.593044,1699
85.532012,27.593046,1699
85.532011,27.593046,1699
85.532004,27.593044,1699
85.531993,27.593043,1699
85.53198,27.593044,1699
85.531967,27.593047,1699
85.531955,27.59305,1699
85.531942,27.593052,1699
85.531928,27.593052,1699
85.531914,27.593054,1696
85.5319,27.593057,1696
85.531886,27.59306,1696
85.531873,27.593064,1696
85.53186,27.593069,1695
85.531847,27.593074,1695
85.531834,27.593077,1695
85.531818,27.593079,1695
85.531803,27.593081,1694
85.531789,27.593082,1694
85.531776,27.593085,1694
85.531762,27.593088,1694
85.53175,27.593092,1694
85.531739,27.593095,1694
85.531727,27.593098,1693
85.531714,27.5931,1693
85.531702,27.593102,1693
85.531691,27.593103,1693
85.531678,27.593104,1693
85.531664,27.593104,1693
85.53165,27.593105,1692
85.531636,27.593106,1692
85.531623,27.593109,1692
85.531613,27.593114,1692
85.531601,27.593118,1692
85.531589,27.59312,1692
85.53157,27.593126,1692
85.531553,27.593129,1692
85.531535,27.593131,1692
85.531517,27.593129,1692
85.531496,27.593123,1692
85.531475,27.593117,1692
85.531455,27.593112,1692
85.531437,27.593108,1692
85.53142,27.593105,1692
85.531403,27.593105,1692
85.531385,27.593104,1692
85.531374,27.593107,1692
85.531361,27.593107,1692
85.531348,27.593105,1692
85.531334,27.593103,1692
85.531319,27.593101,1692
85.531306,27.593101,1692
85.531295,27.593101,1692
85.531283,27.593101,1692
85.53127,27.5931,1692
85.531256,27.5931,1692
85.531243,27.593099,1692
85.531229,27.593098,1692
85.531217,27.593096,1692
85.531205,27.593094,1692
85.531192,27.593091,1692
85.53118,27.593089,1692
85.531167,27.593086,1692
85.531153,27.593084,1692
85.53114,27.59308,1692
85.531126,27.593075,1692
85.531113,27.593072,1692
85.531101,27.593069,1692
85.53109,27.593066,1692
85.531079,27.593061,1692
85.531067,27.593056,1692
85.531055,27.593052,1691
85.531043,27.593047,1691
85.53103,27.593043,1691
85.531017,27.59304,1691
85.531003,27.593037,1691
85.530989,27.593035,1691
85.530975,27.593032,1691
85.53096,27.593029,1691
85.530946,27.593025,1691
85.530931,27.593019,1691
85.530918,27.593015,1691
85.530905,27.593011,1691
85.53089,27.593007,1691
85.530875,27.593005,1691
85.53086,27.593004,1691
85.530846,27.593001,1691
85.530832,27.593,1691
85.530819,27.592998,1691
85.530804,27.592996,1690
85.53079,27.592995,1690
85.530775,27.592994,1690
85.530759,27.592994,1690
85.530743,27.592994,1690
85.530728,27.592994,1690
85.530713,27.592994,1690
85.530699,27.592993,1690
85.530687,27.592994,1690
85.530676,27.592997,1690
85.530665,27.593,1689
85.530655,27.593001,1689
85.530643,27.593001,1689
85.530629,27.593001,1689
85.530614,27.593001,1689
85.530598,27.593002,1689
85.530583,27.593002,1688
85.530568,27.593001,1688
85.530554,27.592999,1688
85.530542,27.592997,1688
85.530531,27.592996,1688
85.53052,27.592994,1688
85.530508,27.592993,1687
85.530496,27.592995,1687
85.530485,27.593001,1687
85.530475,27.593005,1687
85.530465,27.59301,1687
85.530456,27.593012,1686
85.530445,27.593014,1686
85.530435,27.593017,1686
85.530425,27.593021,1686
85.530414,27.593026,1685
85.530404,27.593032,1685
85.530394,27.593039,1685
85.530383,27.593046,1685
85.53037,27.593054,1685
85.530356,27.593062,1685
85.530343,27.59307,1684
85.530332,27.593077,1684
85.530321,27.593084,1684
85.530309,27.59309,1684
85.530298,27.593095,1683
85.530286,27.593098,1683
85.530274,27.593101,1683
85.530261,27.593104,1683
85.530247,27.593109,1683
85.530234,27.593115,1682
85.530221,27.593121,1682
85.530209,27.593127,1682
85.530196,27.593131,1682
85.530184,27.593135,1682
85.530171,27.593138,1681
85.530156,27.593142,1681
85.530143,27.593146,1681
85.530131,27.59315,1681
85.530119,27.593153,1681
85.530108,27.593157,1680
85.530098,27.59316,1680
85.530089,27.593164,1680
85.530079,27.593169,1680
85.53007,27.593174,1680
85.53006,27.593179,1680
85.530049,27.593184,1679
85.530036,27.593188,1679
85.530023,27.593192,1679
85.53001,27.593197,1679
85.529997,27.593201,1679
85.529984,27.593205,1679
85.529972,27.593208,1678
85.529962,27.593211,1678
85.529952,27.593214,1678
85.529941,27.593214,1677
85.529928,27.593215,1677
85.529914,27.593215,1677
85.5299,27.593215,1677
85.529887,27.593214,1677
85.529874,27.593214,1677
85.529862,27.593215,1677
85.52985,27.593218,1676
85.529839,27.593222,1676
85.529828,27.593227,1676
85.529816,27.593233,1676
85.529803,27.593239,1676
85.52979,27.593244,1675
85.529776,27.59325,1675
85.529762,27.593257,1675
85.529749,27.593264,1675
85.529737,27.593271,1675
85.529725,27.593278,1675
85.529713,27.593286,1675
85.529701,27.593293,1674
85.529688,27.593299,1674
85.529676,27.593304,1674
85.529664,27.593308,1673
85.529651,27.59331,1673
85.529639,27.593312,1673
85.529625,27.593314,1673
85.529612,27.593316,1673
85.529599,27.593316,1673
85.529587,27.593315,1673
85.529578,27.593312,1672
85.529568,27.59331,1672
85.529559,27.593309,1671
85.529551,27.593308,1671
85.529543,27.593306,1671
85.529525,27.593302,1671
85.529523,27.593302,1671
85.529515,27.593302,1671
85.529514,27.593299,1671
85.529511,27.593295,1670
85.529507,27.59329,1670
85.5295,27.593287,1670
85.529491,27.593285,1670
85.529481,27.593282,1670
85.52947,27.593279,1669
85.529458,27.593275,1669
85.529446,27.59327,1669
85.529437,27.593266,1669
85.529427,27.593261,1669
85.529416,27.593255,1668
85.529406,27.593248,1668
85.529394,27.593242,1668
85.529383,27.593234,1668
85.529371,27.593226,1667
85.529359,27.593218,1667
85.529346,27.59321,1667
85.529334,27.593203,1667
85.529323,27.593198,1667
85.529312,27.593193,1666
85.529302,27.593187,1666
85.529292,27.593182,1666
85.529283,27.593176,1666
85.529273,27.59317,1666
85.529264,27.593166,1666
85.529257,27.593162,1665
85.529251,27.593159,1665
85.529244,27.593157,1665
85.529236,27.593156,1665
85.529227,27.593157,1665
85.529218,27.593157,1665
85.529206,27.593158,1665
85.529193,27.593159,1665
85.52918,27.593159,1665
85.529165,27.593159,1664
85.529152,27.593159,1664
85.52914,27.593159,1664
85.529127,27.59316,1664
85.529113,27.593161,1664
85.529097,27.593162,1664
85.529081,27.593164,1664
85.529065,27.593166,1664
85.52905,27.593167,1664
85.529034,27.593169,1664
85.529018,27.593169,1664
85.529002,27.593168,1664
85.528986,27.593166,1663
85.52897,27.593164,1663
85.528956,27.593162,1663
85.528941,27.593159,1663
85.528925,27.593156,1663
85.528908,27.593151,1663
85.528893,27.593145,1663
85.52888,27.59314,1663
85.528869,27.593134,1663
85.528861,27.593128,1663
85.528854,27.593122,1662
85.528848,27.593117,1662
85.528842,27.593111,1662
85.528834,27.593104,1662
85.528824,27.593098,1662
85.528814,27.59309,1662
85.528804,27.59308,1662
85.528795,27.59307,1662
85.528789,27.593059,1662
85.528784,27.593047,1662
85.528778,27.593037,1662
85.528771,27.593027,1662
85.528764,27.593017,1662
85.528754,27.593006,1662
85.528744,27.592995,1661
85.528734,27.592983,1661
85.528725,27.592973,1661
85.528717,27.592963,1661
85.52871,27.592953,1661
85.528701,27.592942,1661
85.528691,27.592932,1661
85.528681,27.592921,1661
85.528671,27.592909,1661
85.528661,27.592899,1660
85.528651,27.592889,1660
85.528643,27.592879,1660
85.528633,27.592869,1660
85.528621,27.59286,1660
85.528611,27.592851,1660
85.5286,27.592842,1660
85.52859,27.592832,1660
85.52858,27.592822,1660
85.528569,27.592812,1660
85.528558,27.592803,1660
85.528545,27.592793,1660
85.528531,27.592782,1659
85.528519,27.592771,1659
85.528506,27.592759,1659
85.528495,27.592749,1659
85.528487,27.59274,1659
85.52848,27.59273,1659
85.528474,27.592721,1659
85.528466,27.592711,1659
85.528456,27.592701,1659
85.528449,27.592691,1659
85.528444,27.592683,1658
85.528441,27.592677,1658
85.528437,27.592661,1658
85.528438,27.592661,1658
85.528446,27.592656,1658
85.528447,27.592655,1658
85.528448,27.592652,1658
85.528448,27.592647,1658
85.528447,27.592641,1658
85.528446,27.592634,1658
85.528444,27.592627,1658
85.528442,27.59262,1658
85.528439,27.592611,1658
85.528434,27.592601,1658
85.528427,27.592591,1658
85.52842,27.592582,1658
85.528413,27.592573,1658
85.528405,27.592563,1658
85.528396,27.592553,1658
85.528385,27.592543,1658
85.528375,27.592536,1658
85.528368,27.592529,1658
85.528363,27.592522,1658
85.528357,27.592516,1657
85.528349,27.59251,1657
85.528339,27.592504,1657
85.52833,27.592497,1657
85.528322,27.59249,1657
85.528315,27.592481,1657
85.528307,27.592472,1657
85.528298,27.592463,1657
85.528289,27.592454,1657
85.528278,27.592446,1657
85.528266,27.592438,1657
85.528253,27.59243,1657
85.52824,27.592423,1657
85.528226,27.592418,1657
85.528211,27.592413,1657
85.528196,27.59241,1656
85.52818,27.592406,1656
85.528165,27.592404,1656
85.528149,27.592401,1656
85.528132,27.592397,1656
85.528115,27.592393,1656
85.528097,27.592389,1656
85.52808,27.592386,1656
85.528065,27.592384,1656
85.52805,27.592382,1656
85.528033,27.59238,1656
85.528016,27.592377,1656
85.528,27.592374,1656
85.527984,27.592372,1656
85.527969,27.592369,1656
85.527956,27.592367,1656
85.527942,27.592363,1656
85.527928,27.592359,1656
85.527914,27.592357,1656
85.527901,27.592354,1656
85.527887,27.592351,1656
85.527874,27.592346,1656
85.527861,27.592342,1656
85.527849,27.592338,1656
85.527838,27.592335,1656
85.527827,27.592332,1656
85.527815,27.592329,1656
85.527803,27.592326,1656
85.52779,27.592324,1656
85.527777,27.592322,1656
85.527765,27.592319,1656
85.527751,27.592316,1656
85.527737,27.592313,1656
85.527723,27.592309,1656
85.527707,27.592304,1656
85.527692,27.592299,1655
85.527676,27.592294,1655
85.527661,27.592288,1655
85.527646,27.592282,1655
85.527631,27.592276,1655
85.527618,27.592271,1655
85.527604,27.592266,1655
85.527589,27.592261,1655
85.527575,27.592255,1655
85.527561,27.592249,1655
85.527546,27.592243,1655
85.527532,27.592236,1655
85.527519,27.59223,1655
85.527506,27.592224,1655
85.527493,27.592218,1655
85.527482,27.592211,1655
85.527471,27.592205,1655
85.527461,27.592196,1655
85.52745,27.592188,1655
85.52744,27.592181,1655
85.527429,27.592175,1655
85.527418,27.59217,1655
85.527409,27.592163,1655
85.527399,27.592156,1655
85.52739,27.592149,1655
85.52738,27.592142,1655
85.52737,27.592135,1655
85.527361,27.592128,1655
85.527351,27.592122,1655
85.527341,27.592116,1655
85.527331,27.59211,1655
85.527321,27.592105,1655
85.527311,27.592099,1655
85.527301,27.592093,1655
85.527293,27.592087,1655
85.527283,27.592081,1654
85.527274,27.592075,1654
85.527265,27.59207,1654
85.527257,27.592065,1654
85.527248,27.592061,1654
85.527237,27.592055,1654
85.527226,27.592049,1654
85.527215,27.592043,1654
85.527204,27.592038,1654
85.527194,27.592032,1653
85.527186,27.592028,1653
85.527177,27.592024,1653
85.527169,27.59202,1653
85.527163,27.592017,1653
85.527158,27.592014,1653
85.527147,27.591998,1653
85.527145,27.591997,1653
85.527143,27.591995,1653
85.527139,27.591991,1653
85.527133,27.591987,1653
85.527126,27.591981,1652
85.527117,27.591975,1652
85.527107,27.591969,1652
85.527096,27.591964,1652
85.527084,27.591959,1652
85.52707,27.591954,1652
85.527057,27.591948,1652
85.527044,27.591942,1652
85.527029,27.591936,1652
85.527015,27.59193,1651
85.527003,27.591925,1651
85.526991,27.591919,1651
85.526981,27.591913,1651
85.526972,27.591907,1651
85.526962,27.591901,1651
85.526952,27.591897,1651
85.526942,27.591892,1651
85.526932,27.591886,1650
85.52692,27.59188,1650
85.52691,27.591874,1650
85.5269,27.591868,1650
85.52689,27.591863,1650
85.526879,27.59186,1650
85.526869,27.591857,1649
85.526857,27.591853,1649
85.526845,27.59185,1649
85.526833,27.591846,1649
85.526822,27.591841,1649
85.526811,27.591836,1649
85.5268,27.591831,1648
85.526788,27.591825,1648
85.526775,27.59182,1648
85.526762,27.591815,1648
85.526749,27.591809,1648
85.526737,27.591803,1648
85.526724,27.591798,1647
85.526712,27.591794,1647
85.5267,27.591791,1647
85.526689,27.591787,1647
85.526677,27.591782,1647
85.526666,27.591779,1646
85.526653,27.591777,1646
85.526641,27.591774,1646
85.526628,27.591771,1646
85.526615,27.591768,1646
85.526602,27.591766,1645
85.526588,27.591763,1645
85.526575,27.591758,1645
85.526564,27.591755,1645
85.526551,27.591751,1645
85.526539,27.591748,1645
85.526527,27.591745,1644
85.526515,27.591741,1644
85.526504,27.591737,1644
85.526493,27.591732,1644
85.52648,27.591727,1644
85.526468,27.591721,1644
85.526455,27.591716,1643
85.526445,27.591711,1643
85.526434,27.591707,1643
85.526425,27.591702,1643
85.526415,27.591697,1643
85.526405,27.591691,1643
85.526395,27.591684,1642
85.526386,27.591678,1642
85.526374,27.591671,1642
85.526363,27.591665,1642
85.52635,27.591658,1642
85.526338,27.591653,1641
85.526327,27.591646,1641
85.526314,27.591641,1641
85.526302,27.591635,1641
85.526291,27.591628,1641
85.526282,27.591622,1641
85.526273,27.591615,1640
85.526264,27.591607,1640
85.526255,27.591599,1640
85.526246,27.591589,1640
85.526241,27.59158,1640
85.526236,27.591569,1640
85.526234,27.59156,1639
85.526231,27.591551,1639
85.526226,27.591543,1639
85.52622,27.591535,1639
85.526214,27.591527,1639
85.52621,27.591517,1639
85.526206,27.591506,1639
85.526201,27.591495,1639
85.526198,27.591483,1638
85.526194,27.591472,1638
85.52619,27.591461,1638
85.526192,27.591449,1638
85.526193,27.591437,1638
85.526192,27.591424,1638
85.526193,27.591409,1638
85.526192,27.591394,1638
85.526192,27.591378,1638
85.526192,27.591363,1637
85.526191,27.591348,1637
85.52619,27.591333,1637
85.526188,27.59132,1637
85.526186,27.591308,1637
85.526182,27.591296,1637
85.526176,27.591285,1637
85.52617,27.591272,1637
85.526164,27.591259,1637
85.52616,27.591246,1636
85.526157,27.591232,1636
85.526154,27.591219,1636
85.526152,27.591207,1636
85.526146,27.591195,1636
85.52614,27.591185,1636
85.526133,27.591176,1636
85.526125,27.591167,1636
85.526119,27.591158,1635
85.526113,27.591148,1635
85.526107,27.591139,1635
85.526101,27.591131,1635
85.526095,27.591121,1635
85.52609,27.591111,1635
85.526084,27.591102,1634
85.526077,27.591092,1634
85.52607,27.591082,1634
85.526064,27.591073,1634
85.526056,27.591063,1634
85.526047,27.591054,1634
85.526039,27.591046,1633
85.52603,27.591038,1633
85.526022,27.591029,1633
85.526014,27.59102,1633
85.526004,27.591011,1633
85.525994,27.591001,1633
85.525984,27.590993,1632
85.525974,27.590985,1632
85.525962,27.590978,1632
85.525952,27.590971,1632
85.525942,27.590964,1632
85.525932,27.590956,1631
85.525923,27.590949,1631
85.525914,27.590942,1631
85.525905,27.590934,1631
85.525895,27.590926,1631
85.525884,27.590918,1630
85.525872,27.590912,1630
85.52586,27.590906,1630
85.525847,27.590901,1630
85.525833,27.590897,1630
85.525821,27.590894,1629
85.525807,27.590891,1629
85.525794,27.590887,1629
85.525782,27.590884,1629
85.525771,27.59088,1629
85.525759,27.590875,1629
85.525749,27.590869,1628
85.525739,27.590861,1628
85.52573,27.590854,1628
85.52572,27.590847,1628
85.525711,27.590839,1627
85.525702,27.590831,1627
85.525692,27.590824,1627
85.52568,27.590817,1627
85.525667,27.59081,1627
85.525656,27.590801,1627
85.525646,27.590792,1626
85.525638,27.590783,1626
85.525629,27.590772,1626
85.525619,27.59076,1626
85.52561,27.590748,1626
85.525603,27.590736,1626
85.525596,27.590726,1625
85.52559,27.590716,1625
85.525583,27.590706,1625
85.525576,27.590696,1625
85.525569,27.590687,1625
85.525564,27.590677,1625
85.525561,27.590668,1624
85.525556,27.590658,1624
85.525551,27.590648,1624
85.525545,27.590639,1624
85.525538,27.59063,1624
85.52553,27.590621,1624
85.525521,27.590612,1623
85.525514,27.590604,1623
85.525506,27.590595,1623
85.525498,27.590586,1623
85.525491,27.590578,1623
85.525482,27.590569,1623
85.525473,27.59056,1622
85.525464,27.590551,1622
85.525454,27.590542,1622
85.525444,27.590534,1622
85.525433,27.590525,1622
85.525423,27.590516,1622
85.525413,27.590508,1621
85.525403,27.590499,1621
85.525395,27.59049,1621
85.525386,27.59048,1621
85.525378,27.590471,1621
85.525369,27.590463,1621
85.52536,27.590454,1621
85.525349,27.590446,1620
85.525339,27.590438,1620
85.52533,27.590431,1620
85.525321,27.590424,1619
85.525315,27.590416,1619
85.52531,27.590406,1619
85.525305,27.590395,1619
85.5253,27.590386,1619
85.525296,27.590375,1618
85.525292,27.590363,1618
85.525286,27.590352,1618
85.525279,27.590343,1618
85.525273,27.590333,1618
85.525265,27.590323,1618
85.525258,27.590311,1618
85.525252,27.590299,1618
85.525246,27.590287,1618
85.525241,27.590276,1617
85.525236,27.590266,1617
85.525229,27.590257,1617
85.525222,27.590245,1617
85.525215,27.590233,1617
85.525209,27.59022,1617
85.525204,27.590209,1617
85.525199,27.590198,1617
85.525193,27.590188,1616
85.525186,27.590177,1616
85.525178,27.590166,1616
85.525168,27.590156,1616
85.525157,27.590145,1616
85.525146,27.590135,1616
85.525134,27.590125,1616
85.525123,27.590115,1616
85.525113,27.590108,1616
85.525104,27.590098,1616
85.525095,27.590089,1615
85.525086,27.590082,1615
85.525077,27.590075,1615
85.525067,27.590068,1615
85.525057,27.590061,1615
85.525046,27.590054,1615
85.525035,27.590047,1615
85.525024,27.590039,1615
85.525013,27.590031,1615
85.525002,27.590024,1615
85.524992,27.590017,1615
85.524981,27.59001,1615
85.524971,27.590003,1614
85.52496,27.589995,1614
85.524948,27.589989,1614
85.524935,27.589983,1614
85.524922,27.589978,1614
85.524909,27.589975,1614
85.524897,27.58997,1614
85.524884,27.589967,1614
85.524872,27.589963,1614
85.52486,27.58996,1614
85.524849,27.589957,1614
85.524839,27.589955,1614
85.524828,27.589953,1614
85.524816,27.589951,1614
85.524804,27.58995,1614
85.524792,27.58995,1614
85.524779,27.589948,1614
85.524765,27.589946,1614
85.524752,27.589944,1614
85.524738,27.589941,1614
85.524725,27.589939,1614
85.524711,27.589937,1614
85.524698,27.589935,1614
85.524684,27.589933,1614
85.524671,27.589931,1614
85.524657,27.589931,1614
85.524644,27.589931,1614
85.52463,27.589929,1614
85.524617,27.589929,1614
85.524604,27.589929,1614
85.524591,27.589929,1614
85.524578,27.589927,1614
85.524565,27.589926,1614
85.524551,27.589923,1614
85.52454,27.58992,1614
85.524527,27.589917,1614
85.524516,27.589914,1614
85.524503,27.589909,1614
85.524491,27.589903,1614
85.52448,27.589898,1614
85.524468,27.589892,1614
85.524455,27.589885,1614
85.524441,27.589878,1614
85.524429,27.589871,1614
85.524416,27.589864,1614
85.524407,27.589854,1614
85.524401,27.589844,1614
85.524395,27.589835,1614
85.524387,27.589829,1614
85.524378,27.589823,1614
85.524367,27.589816,1614
85.524355,27.58981,1612
85.524342,27.589805,1612
85.524331,27.589799,1612
85.524322,27.589793,1612
85.524311,27.589787,1612
85.5243,27.589781,1612
85.524291,27.589772,1612
85.52428,27.589763,1612
85.524265,27.589755,1612
85.52425,27.589748,1612
85.524236,27.589742,1612
85.524224,27.589736,1612
85.524212,27.58973,1612
85.524201,27.589723,1612
85.524189,27.589716,1612
85.524178,27.589709,1612
85.524166,27.589702,1612
85.524156,27.589694,1612
85.524147,27.589687,1612
85.524139,27.589678,1612
85.524131,27.589669,1612
85.524123,27.58966,1612
85.524114,27.589651,1612
85.524104,27.589642,1612
85.524095,27.589632,1612
85.524087,27.589622,1612
85.524079,27.589611,1612
85.52407,27.589601,1612
85.524064,27.58959,1612
85.524059,27.589582,1612
85.524054,27.589575,1612
85.52405,27.589568,1612
85.524045,27.589561,1612
85.524039,27.589553,1612
85.524034,27.589544,1612
85.52403,27.589533,1612
85.524026,27.589523,1612
85.524021,27.589512,1612
85.524016,27.5895,1612
85.524011,27.58949,1612
85.524004,27.589479,1612
85.523998,27.589469,1612
85.523991,27.589458,1612
85.523985,27.589448,1612
85.52398,27.589437,1612
85.523976,27.589425,1612
85.523972,27.589414,1612
85.523967,27.589402,1612
85.523962,27.589392,1612
85.523957,27.589381,1612
85.523953,27.589371,1612
85.523948,27.589361,1612
85.523943,27.58935,1612
85.523938,27.589339,1612
85.523932,27.589328,1612
85.523924,27.589317,1612
85.523915,27.589305,1612
85.523908,27.589295,1612
85.523901,27.589284,1612
85.523897,27.589273,1612
85.523894,27.589262,1612
85.523891,27.589251,1612
85.523888,27.589241,1612
85.523885,27.58923,1612
85.52388,27.589219,1612
85.523873,27.589209,1612
85.523865,27.5892,1612
85.523856,27.58919,1612
85.523847,27.58918,1612
85.523839,27.589169,1612
85.523833,27.589158,1612
85.523827,27.589148,1612
85.523821,27.589139,1612
85.523816,27.58913,1612
85.52381,27.58912,1612
85.523805,27.58911,1612
85.523799,27.5891,1612
85.523791,27.589091,1612
85.523784,27.58908,1612
85.523775,27.58907,1612
85.523766,27.58906,1612
85.52376,27.589051,1612
85.523755,27.589041,1612
85.523751,27.589031,1612
85.523745,27.589019,1612
85.523739,27.589008,1612
85.523732,27.588996,1612
85.523727,27.588985,1612
85.523721,27.588974,1612
85.523715,27.588963,1612
85.523709,27.588952,1612
85.523703,27.58894,1612
85.523697,27.588928,1612
85.523692,27.588915,1612
85.523687,27.588902,1612
85.523684,27.588889,1612
85.523682,27.588876,1612
85.523679,27.588864,1612
85.523676,27.588852,1612
85.523674,27.588839,1612
85.523672,27.588826,1612
85.523671,27.588812,1612
85.52367,27.588799,1612
85.523669,27.588786,1612
85.523668,27.588773,1612
85.523667,27.588761,1612
85.523665,27.58875,1612
85.523664,27.588737,1612
85.523663,27.588725,1612
85.523663,27.588712,1612
85.523663,27.588698,1612
85.523663,27.588685,1612
85.523661,27.588672,1612
85.523659,27.58866,1611
85.523656,27.588649,1611
85.523653,27.588639,1611
85.523647,27.588632,1611
85.523641,27.588624,1611
85.523637,27.588614,1611
85.523635,27.588605,1610
85.523634,27.588597,1610
85.523635,27.588588,1610
85.523636,27.588578,1610
85.523637,27.588568,1610
85.523636,27.588558,1610
85.523635,27.588547,1610
85.523631,27.588537,1610
85.523628,27.588526,1610
85.523624,27.588516,1610
85.523619,27.588506,1609
85.523613,27.588498,1609
85.523606,27.58849,1609
85.523597,27.588483,1609
85.523588,27.588475,1609
85.523578,27.58847,1609
85.523568,27.588464,1609
85.523559,27.588458,1609
85.523549,27.588452,1608
85.52354,27.588446,1608
85.523531,27.58844,1608
85.523522,27.588436,1608
85.523513,27.588433,1608
85.523503,27.588431,1608
85.523495,27.58843,1608
85.523487,27.588429,1607
85.52348,27.588429,1607
85.523475,27.588428,1607
85.52347,27.588427,1607
85.523467,27.588426,1607
85.523465,27.588426,1607
85.523462,27.588426,1607
85.523452,27.588426,1607
85.523451,27.588426,1607
85.523442,27.588428,1607
85.523443,27.588427,1607
85.523445,27.588425,1607
85.523442,27.588425,1607
85.523435,27.588425,1607
85.523426,27.588426,1607
85.523414,27.588427,1606
85.523399,27.588429,1606
85.523384,27.588431,1606
85.523368,27.588436,1606
85.523351,27.588441,1605
85.523335,27.588447,1605
85.523322,27.588454,1605
85.523312,27.588463,1605
85.523304,27.588471,1605
85.523295,27.588479,1605
85.523287,27.588487,1604
85.523278,27.588494,1604
85.52327,27.588499,1604
85.523261,27.588505,1604
85.523251,27.58851,1604
85.523241,27.588516,1604
85.523233,27.588524,1603
85.523225,27.588532,1603
85.523217,27.58854,1603
85.523209,27.588548,1603
85.523201,27.588554,1603
85.523193,27.588562,1603
85.523184,27.58857,1602
85.523176,27.588578,1602
85.523168,27.588587,1602
85.523159,27.588596,1602
85.52315,27.588604,1602
85.523141,27.588613,1602
85.523132,27.588623,1601
85.523124,27.588634,1601
85.523114,27.588645,1601
85.523103,27.588654,1601
85.523092,27.588663,1601
85.523083,27.588671,1601
85.523074,27.588679,1600
85.523064,27.588686,1600
85.523054,27.588692,1600
85.523044,27.588698,1600
85.523034,27.588704,1600
85.523025,27.58871,1600
85.523016,27.588716,1600
85.523008,27.588722,1599
85.523,27.588729,1599
85.522993,27.588736,1599
85.522985,27.588743,1599
85.522975,27.588747,1599
85.522963,27.58875,1599
85.522952,27.588753,1599
85.522943,27.588758,1599
85.522933,27.588764,1598
85.522924,27.58877,1598
85.522914,27.588776,1598
85.522904,27.588781,1598
85.522893,27.588786,1598
85.522882,27.588791,1597
85.52287,27.588796,1597
85.522859,27.588803,1597
85.522849,27.588808,1597
85.522839,27.588814,1597
85.522829,27.588817,1597
85.522819,27.588819,1596
85.522809,27.588823,1596
85.522799,27.588827,1596
85.52279,27.588832,1596
85.522781,27.588837,1596
85.522772,27.588842,1596
85.522764,27.588847,1596
85.522757,27.588854,1596
85.522751,27.588861,1595
85.522745,27.588866,1595
85.522741,27.588871,1595
85.522738,27.588876,1595
85.522726,27.588881,1595
85.522724,27.588881,1595
85.522721,27.588881,1595
85.522711,27.588886,1595
85.522709,27.588886,1595
85.522707,27.588885,1595
85.522704,27.588886,1595
85.522701,27.588888,1595
85.522692,27.588895,1595
85.522692,27.588897,1595
85.522691,27.588899,1595
85.52269,27.588902,1595
85.522684,27.588908,1595
85.522684,27.588913,1595
85.522683,27.588916,1595
85.522682,27.588923,1595
85.522678,27.588933,1595
85.522673,27.588945,1595
85.522667,27.588959,1595
85.522661,27.588973,1595
85.522656,27.588987,1595
85.522651,27.589002,1595
85.522644,27.589017,1595
85.522638,27.589031,1595
85.522634,27.589044,1595
85.522629,27.589056,1595
85.522625,27.589068,1595
85.522621,27.589081,1595
85.522617,27.589094,1595
85.522615,27.589107,1595
85.522615,27.589118,1595
85.522617,27.58913,1595
85.522622,27.589142,1595
85.522627,27.589152,1595
85.522632,27.589162,1595
85.522638,27.589172,1595
85.522643,27.589183,1595
85.522648,27.589193,1595
85.522654,27.589203,1595
85.522658,27.589211,1595
85.522661,27.589219,1595
85.522662,27.589227,1595
85.522661,27.589237,1595
85.522658,27.589245,1595
85.522652,27.589254,1595
85.522645,27.589262,1595
85.522638,27.589268,1595
85.52263,27.589275,1595
85.522622,27.589281,1595
85.522614,27.589286,1595
85.522604,27.589291,1595
85.522593,27.589295,1595
85.522581,27.589298,1595
85.522568,27.589301,1596
85.522557,27.589304,1596
85.522543,27.589306,1596
85.522529,27.589307,1596
85.522514,27.589308,1596
85.522499,27.589308,1596
85.522486,27.589308,1596
85.522473,27.589307,1596
85.522461,27.589306,1596
85.522448,27.589304,1596
85.522435,27.589302,1596
85.522422,27.5893,1596
85.52241,27.589297,1596
85.522399,27.589294,1596
85.522387,27.589291,1596
85.522377,27.589288,1596
85.522367,27.589284,1596
85.522356,27.589282,1596
85.522345,27.589279,1596
85.522333,27.589276,1596
85.522322,27.589274,1596
85.522309,27.589271,1596
85.522298,27.589268,1596
85.522287,27.589265,1596
85.522278,27.589261,1596
85.522268,27.589257,1596
85.522258,27.589254,1596
85.522249,27.58925,1596
85.522239,27.589245,1596
85.52223,27.589241,1596
85.522221,27.589237,1596
85.522211,27.589233,1596
85.522202,27.589229,1596
85.522193,27.589225,1596
85.522183,27.58922,1596
85.522173,27.589216,1596
85.522163,27.589212,1598
85.522152,27.589208,1598
85.522143,27.589205,1598
85.522133,27.589202,1598
85.522122,27.589199,1598
85.522112,27.589197,1598
85.522101,27.589196,1598
85.522089,27.589196,1598
85.522078,27.589197,1598
85.522067,27.589199,1598
85.522056,27.589201,1599
85.522047,27.589203,1599
85.522038,27.589204,1599
85.52203,27.589206,1599
85.522022,27.589208,1599
85.522014,27.589211,1599
85.522007,27.589215,1599
85.522,27.58922,1599
85.521992,27.589226,1599
85.521985,27.589232,1599
85.521978,27.589238,1599
85.521958,27.589253,1600
85.521956,27.589253,1600
85.521952,27.589257,1600
85.52195,27.589257,1600
85.521947,27.589259,1600
85.521942,27.589259,1600
85.521935,27.58926,1600
85.521928,27.589259,1600
85.521919,27.58926,1600
85.52191,27.589261,1600
85.521901,27.589262,1601
85.521892,27.589262,1601
85.521883,27.589262,1601
85.521875,27.589263,1601
85.521866,27.589264,1601
85.521858,27.589265,1601
85.52185,27.589266,1601
85.521842,27.589266,1602
85.521834,27.589266,1602
85.521825,27.589265,1602
85.521816,27.589264,1602
85.521807,27.589262,1602
85.521798,27.58926,1602
85.521789,27.589258,1603
85.52178,27.589256,1603
85.52177,27.589256,1603
85.52176,27.589256,1603
85.521751,27.589256,1603
85.521743,27.589255,1603
85.521736,27.589254,1603
85.521728,27.589251,1603
85.521721,27.589248,1603
85.521713,27.589243,1604
85.521707,27.589237,1604
85.521701,27.589231,1604
85.521694,27.589226,1604
85.521686,27.589221,1604
85.52168,27.589216,1604
85.521675,27.589209,1604
85.521671,27.589202,1604
85.521668,27.589194,1604
85.521665,27.589186,1604
85.521661,27.589179,1604
85.521656,27.589171,1604
85.52165,27.589164,1604
85.521642,27.589158,1604
85.521634,27.589151,1604
85.521627,27.589145,1604
85.521618,27.589139,1604
85.521608,27.589132,1604
85.521598,27.589125,1603
85.521589,27.589118,1603
85.52158,27.589111,1603
85.521571,27.589104,1603
85.521563,27.589096,1603
85.521556,27.589088,1603
85.521549,27.589081,1603
85.521542,27.589073,1603
85.521536,27.589065,1602
85.52153,27.589058,1602
85.521523,27.589051,1602
85.521517,27.589043,1602
85.521511,27.589034,1602
85.521504,27.589026,1602
85.521497,27.589016,1601
85.52149,27.589007,1601
85.521482,27.588997,1601
85.521473,27.588989,1601
85.521462,27.588981,1601
85.52145,27.588975,1601
85.52144,27.588968,1601
85.521429,27.588962,1600
85.521417,27.588955,1600
85.521405,27.588948,1600
85.521392,27.588942,1600
85.521381,27.588936,1600
85.521369,27.58893,1600
85.521359,27.588923,1600
85.521348,27.588916,1600
85.521338,27.58891,1600
85.521328,27.588903,1600
85.52132,27.588897,1600
85.521312,27.588891,1600
85.521304,27.588885,1600
85.521294,27.588878,1600
85.521284,27.58887,1600
85.521273,27.588863,1600
85.521261,27.588854,1600
85.521251,27.588844,1600
85.52124,27.588835,1600
85.521231,27.588828,1600
85.52122,27.588824,1600
85.52121,27.588821,1600
85.5212,27.588818,1600
85.521189,27.588815,1600
85.521179,27.588812,1600
85.521168,27.588809,1600
85.521157,27.588804,1600
85.521148,27.588801,1600
85.521139,27.5888,1600
85.521131,27.588798,1600
85.521122,27.588795,1600
85.521113,27.588791,1600
85.521104,27.588787,1600
85.521095,27.588783,1600
85.521086,27.58878,1600
85.521074,27.588775,1600
85.521063,27.588772,1600
85.521053,27.588767,1600
85.521042,27.588762,1600
85.521032,27.588756,1600
85.521023,27.58875,1600
85.521014,27.588743,1600
85.521005,27.588736,1600
85.520998,27.588728,1600
85.52099,27.588721,1598
85.520983,27.588714,1598
85.520975,27.588706,1598
85.520966,27.588697,1598
85.520957,27.588689,1598
85.520947,27.58868,1597
85.520938,27.588672,1597
85.520929,27.588663,1597
85.520922,27.588653,1597
85.520912,27.588644,1597
85.520901,27.588635,1597
85.52089,27.588626,1597
85.520881,27.588617,1597
85.520874,27.588609,1597
85.520869,27.588599,1597
85.520864,27.588591,1597
85.520857,27.588582,1597
85.520852,27.588573,1597
85.520848,27.588564,1597
85.520846,27.588556,1597
85.520844,27.588548,1597
85.520842,27.58854,1597
85.52084,27.588533,1597
85.520839,27.588526,1597
85.520839,27.58852,1597
85.520841,27.588513,1597
85.520841,27.588507,1597
85.520841,27.5885,1597
85.520841,27.588494,1597
85.52084,27.588488,1597
85.520837,27.58848,1598
85.520835,27.58847,1598
85.520835,27.58846,1598
85.520836,27.588452,1598
85.520836,27.588445,1598
85.520834,27.588439,1598
85.520831,27.588433,1598
85.520825,27.588426,1598
85.520819,27.588419,1598
85.520812,27.588412,1598
85.520804,27.588404,1599
85.520795,27.588397,1599
85.520785,27.58839,1599
85.520774,27.588384,1599
85.520765,27.588377,1599
85.520754,27.588372,1599
85.520745,27.588367,1599
85.520735,27.588363,1599
85.520726,27.588358,1599
85.520719,27.588353,1599
85.520712,27.588348,1599
85.520704,27.588344,1599
85.520697,27.58834,1599
85.520692,27.588337,1600
85.520687,27.588334,1600
85.520673,27.588326,1600
85.520672,27.588325,1600
85.52067,27.588323,1601
85.520669,27.588322,1601
85.520661,27.588321,1601
85.520659,27.588321,1601
85.520656,27.588322,1602
85.520653,27.588322,1602
85.52065,27.588324,1603
85.520647,27.588326,1603
85.520646,27.588329,1603
85.520644,27.588333,1603
85.520642,27.588337,1604
85.52064,27.588342,1604
85.520638,27.588346,1604
85.520637,27.588351,1604
85.520636,27.588355,1604
85.520635,27.588359,1604
85.520634,27.588364,1604
85.520631,27.588367,1605
85.520625,27.588372,1605
85.520619,27.588375,1605
85.520611,27.588378,1605
85.520604,27.58838,1605
85.520595,27.588381,1605
85.520586,27.58838,1605
85.520578,27.588378,1605
85.520571,27.588375,1605
85.520564,27.588371,1606
85.520557,27.588368,1606
85.52055,27.588366,1606
85.520545,27.588364,1607
85.520541,27.588361,1607
85.520538,27.588357,1607
85.520534,27.588355,1607
85.520529,27.588351,1607
85.520519,27.588345,1607
85.520509,27.588339,1608
85.520499,27.588333,1608
85.52049,27.588328,1608
85.520482,27.588325,1608
85.520474,27.588321,1608
85.520467,27.588317,1608
85.520462,27.588313,1609
85.520457,27.58831,1609
85.520453,27.588306,1609
85.520447,27.588302,1609
85.520442,27.5883,1609
85.520441,27.5883,1609
85.520445,27.588298,1609
85.520421,27.588289,1609
85.520421,27.588288,1609
85.520418,27.588284,1609
85.520415,27.588276,1609
85.520411,27.588267,1609
85.520406,27.588256,1609
85.520401,27.588244,1609
85.520396,27.588233,1609
85.520389,27.588221,1609
85.520382,27.588209,1609
85.520373,27.588197,1609
85.520365,27.588186,1609
85.520356,27.588176,1609
85.520348,27.588167,1609
85.520341,27.588157,1609
85.520335,27.588148,1609
85.52033,27.588138,1609
85.520325,27.58813,1609
85.520319,27.588122,1609
85.520315,27.588114,1609
85.520311,27.588106,1609
85.5203,27.588081,1609
85.520299,27.588079,1609
85.520296,27.588074,1609
85.520293,27.588066,1609
85.520288,27.588058,1609
85.520282,27.588048,1609
85.520276,27.588039,1609
85.520269,27.58803,1609
85.520264,27.588021,1609
85.520258,27.588015,1609
85.520252,27.58801,1609
85.520246,27.588006,1609
85.52023,27.587995,1609
85.520226,27.587994,1609
85.520218,27.587994,1609
85.520208,27.587995,1609
85.520199,27.587995,1609
85.520189,27.587994,1609
85.520184,27.58799,1609
85.520181,27.587985,1609
85.520178,27.587979,1609
85.520179,27.587974,1609
85.520181,27.587969,1609
85.520184,27.587964,1609
85.520184,27.587959,1609
85.520183,27.587953,1609
85.52018,27.587946,1609
85.520175,27.587941,1609
85.520168,27.587937,1611
85.520159,27.587933,1611
85.520151,27.587927,1611
85.520144,27.587919,1611
85.520137,27.587913,1611
85.52013,27.587906,1611
85.520121,27.587899,1611
85.520114,27.587891,1611
85.520108,27.587885,1611
85.520101,27.587879,1611
85.520096,27.587873,1611
85.52009,27.587865,1611
85.520084,27.587857,1611
85.520077,27.587849,1611
85.520071,27.58784,1611
85.520065,27.587831,1611
85.52006,27.587822,1611
85.520054,27.587814,1611
85.520049,27.587807,1611
85.520043,27.5878,1611
85.520038,27.587794,1611
85.520025,27.587782,1611
85.52002,27.587785,1611
85.520019,27.58779,1611
85.520017,27.587793,1611
85.52001,27.587788,1611
85.520007,27.587787,1611
85.520001,27.587784,1611
85.519995,27.587778,1611
85.51999,27.587769,1611
85.519987,27.587758,1611
85.51998,27.587748,1611
85.51997,27.587738,1611
85.51996,27.587728,1611
85.519949,27.587718,1611
85.519938,27.587708,1608
85.519928,27.5877,1608
85.51992,27.587691,1608
85.519912,27.587682,1608
85.519905,27.587673,1608
85.519897,27.587664,1607
85.51989,27.587656,1607
85.519882,27.587648,1607
85.519875,27.587641,1607
85.519866,27.587635,1607
85.519856,27.587629,1607
85.519845,27.587621,1606
85.519835,27.587613,1606
85.519825,27.587605,1606
85.519814,27.587597,1606
85.519805,27.587589,1606
85.519796,27.58758,1606
85.519788,27.587572,1606
85.51978,27.587563,1606
85.519773,27.587556,1606
85.519766,27.587547,1606
85.519758,27.587539,1606
85.519748,27.58753,1606
85.519737,27.587523,1606
85.519727,27.587516,1606
85.519718,27.587509,1606
85.519709,27.587502,1606
85.519701,27.587493,1606
85.519694,27.587484,1606
85.519687,27.587475,1606
85.519679,27.587467,1606
85.519673,27.587461,1606
85.51967,27.587455,1606
85.519668,27.58745,1606
85.519665,27.587445,1606
85.519664,27.587441,1606
85.519665,27.587438,1606
85.519666,27.587433,1607
85.519669,27.587427,1607
85.519672,27.587421,1607
85.519675,27.587417,1607
85.519676,27.587413,1607
85.519674,27.587405,1607
85.519671,27.587404,1607
85.51967,27.587403,1607
85.519674,27.587404,1607
85.519677,27.587407,1607
85.519678,27.587406,1607
85.51968,27.587403,1607
85.519681,27.587399,1607
85.519683,27.587393,1607
85.519684,27.587388,1607
85.519685,27.587382,1607
85.519683,27.587376,1607
85.519681,27.587369,1607
85.519679,27.587363,1607
85.519678,27.587357,1607
85.519676,27.58735,1607
85.519677,27.587344,1607
85.519677,27.587337,1607
85.519677,27.587328,1607
85.519676,27.587319,1607
85.519676,27.587308,1607
85.519676,27.5873,1607
85.519681,27.587282,1607
85.519679,27.587279,1607
85.519682,27.587277,1607
85.519681,27.587276,1607
85.519684,27.587272,1607
85.519684,27.587271,1607
85.519683,27.587271,1607
85.519679,27.587264,1607
85.519678,27.587263,1607
85.519677,27.587262,1607
85.519677,27.587261,1607
85.519677,27.587252,1607
85.519672,27.587251,1607
85.519671,27.587246,1607
85.519671,27.587243,1607
85.519671,27.587238,1607
85.519672,27.587231,1607
85.51967,27.587222,1607
85.519668,27.587214,1607
85.519665,27.587207,1607
85.519661,27.587201,1607
85.519656,27.587196,1607
85.51965,27.587189,1607
85.519642,27.587184,1607
85.519634,27.587178,1607
85.519626,27.587172,1607
85.519619,27.587166,1607
85.519611,27.587159,1607
85.519604,27.587154,1607
85.519598,27.58715,1607
85.519592,27.587146,1607
85.519586,27.587143,1607
85.519579,27.587142,1607
85.519572,27.587141,1607
85.519566,27.587141,1607
85.519561,27.587138,1607
85.519558,27.587134,1607
85.519556,27.587127,1607
85.519554,27.58712,1607
85.519551,27.587111,1607
85.519546,27.587102,1607
85.519539,27.587093,1607
85.51953,27.587084,1607
85.519521,27.587075,1607
85.519514,27.587068,1607
85.519508,27.587062,1607
85.519503,27.587057,1607
85.519499,27.587054,1607
85.519495,27.587054,1607
85.519492,27.587055,1607
85.519493,27.587055,1607
85.519498,27.587059,1607
85.519498,27.587062,1607
85.519494,27.587064,1607
85.519496,27.587067,1607
85.519497,27.58707,1607
85.519501,27.587075,1607
85.519507,27.587083,1607
85.519513,27.587092,1607
85.519521,27.587102,1607
85.519527,27.587112,1607
85.519533,27.587121,1607
85.519538,27.587128,1607
85.519545,27.587133,1607
85.519552,27.587135,1607
85.519558,27.587135,1607
85.519568,27.587124,1607
85.519567,27.587122,1607
85.519565,27.587119,1607
85.519564,27.587114,1607
85.519558,27.587097,1607
85.519558,27.587095,1607
85.519559,27.587092,1607
85.519559,27.587088,1607
85.519559,27.587084,1607
85.519559,27.58708,1607
85.519559,27.587076,1607
85.519559,27.587073,1607
85.519562,27.587069,1607
85.519564,27.587065,1607
85.519567,27.587062,1607
85.51957,27.587057,1607
85.519573,27.587052,1607
85.519577,27.587046,1607
85.51958,27.587039,1607
85.519582,27.587034,1607
85.519581,27.587029,1607
85.519578,27.587019,1607
85.519581,27.587014,1607
85.519581,27.587013,1607
85.51958,27.587008,1607
85.519578,27.587002,1607
85.519576,27.586996,1607
85.519571,27.586983,1607
85.519572,27.586983,1607
85.519568,27.586973,1601
85.519565,27.586974,1601
85.519575,27.586974,1601
85.519581,27.586979,1601
85.519582,27.586979,1601
85.519588,27.586979,1601
85.519588,27.586984,1601
85.519575,27.586984,1601
85.519573,27.586986,1601
85.519573,27.586989,1601
85.519573,27.58699,1601
85.519576,27.586989,1601
85.519576,27.586988,1601
85.519576,27.586984,1601
85.519576,27.586981,1601
85.519573,27.586963,1601
85.51957,27.586961,1601
85.519564,27.586957,1601
85.519555,27.586952,1601
85.519544,27.586947,1601
85.519531,27.586942,1601
85.51952,27.586936,1601
85.519516,27.586934,1601
</coordinates>
</LineString>
</Placemark>
<Placemark>
<name/>
<styleUrl>#line-0000FF-2000-nodesc</styleUrl>
<LineString>
<tessellate>1</tessellate>
<coordinates>
85.569095,27.610717,1758
85.569097,27.610717,1758
85.569104,27.610714,1758
85.569109,27.610713,1758
85.569133,27.610701,1758
85.569134,27.6107,1758
85.569133,27.610698,1758
85.569128,27.610696,1758
85.56912,27.610692,1758
85.569109,27.610686,1758
85.569096,27.610679,1758
85.569082,27.610672,1758
85.569066,27.610664,1758
85.56905,27.610658,1758
85.569035,27.610654,1758
85.56902,27.610653,1758
85.569006,27.610652,1758
85.568993,27.610652,1758
85.568982,27.610654,1758
85.568972,27.610656,1758
85.568965,27.610658,1758
85.568958,27.610658,1758
85.568952,27.610655,1758
85.568946,27.610651,1758
85.568939,27.610644,1758
85.568934,27.610636,1758
85.568927,27.610627,1758
85.56892,27.610619,1758
85.568914,27.610609,1758
85.568908,27.610602,1758
85.568906,27.610596,1758
85.568902,27.610581,1758
85.5689,27.610578,1758
85.568898,27.610574,1758
85.568894,27.610568,1758
85.568888,27.610562,1758
85.568883,27.610557,1758
85.568878,27.610552,1758
85.568873,27.610548,1758
85.568867,27.610542,1758
85.56886,27.610536,1758
85.568851,27.61053,1758
85.568843,27.610525,1758
85.568834,27.61052,1758
85.568825,27.610516,1758
85.568817,27.610512,1758
85.568807,27.610509,1758
85.568796,27.610505,1758
85.568787,27.610499,1758
85.568776,27.610492,1758
85.568765,27.610483,1758
85.568754,27.610474,1758
85.568745,27.610464,1758
85.568736,27.610453,1758
85.568727,27.610443,1758
85.568719,27.610434,1758
85.568711,27.610427,1758
85.568702,27.610422,1758
85.56869,27.61042,1758
85.56868,27.610418,1758
85.568673,27.610418,1758
85.568667,27.610418,1758
85.568663,27.610417,1758
85.56865,27.61042,1758
85.568649,27.610419,1758
85.568646,27.610417,1758
85.568644,27.610414,1758
85.568642,27.610409,1758
85.568639,27.610403,1758
85.568636,27.610395,1758
85.568632,27.610388,1758
85.568628,27.610381,1758
85.568622,27.610375,1758
85.568616,27.610369,1758
85.56861,27.610364,1758
85.568605,27.610359,1758
85.5686,27.610356,1758
85.568597,27.610353,1758
85.568595,27.610349,1758
85.568592,27.610345,1758
85.56859,27.610341,1758
85.568588,27.610335,1758
85.568584,27.61033,1758
85.56858,27.610325,1758
85.568579,27.61032,1758
85.56858,27.610316,1758
85.568585,27.61031,1758
85.568593,27.610305,1758
85.568602,27.6103,1758
85.568613,27.610295,1758
85.568625,27.61029,1758
85.568635,27.610284,1758
85.568643,27.610277,1758
85.568648,27.61027,1758
85.568651,27.610263,1758
85.56865,27.610256,1758
85.568647,27.610249,1758
85.568641,27.610242,1758
85.568633,27.610234,1758
85.568624,27.610224,1758
85.568619,27.610213,1758
85.568614,27.6102,1758
85.56861,27.610187,1758
85.568609,27.610174,1758
85.568607,27.610161,1757
85.568604,27.610148,1757
85.5686,27.610136,1757
85.568597,27.610123,1757
85.568592,27.610111,1757
85.568588,27.6101,1757
85.568584,27.61009,1757
85.568578,27.610081,1757
85.568571,27.610072,1757
85.568563,27.610064,1757
85.568553,27.610059,1757
85.568544,27.610054,1757
85.568535,27.610051,1757
85.568527,27.61005,1757
85.568519,27.610051,1757
85.568509,27.610053,1757
85.568499,27.610057,1757
85.568489,27.61006,1757
85.568478,27.610064,1757
85.568466,27.610068,1757
85.568457,27.610071,1757
85.568451,27.610074,1757
85.568427,27.610082,1757
85.568425,27.610083,1757
85.568421,27.610085,1757
85.568417,27.610088,1757
85.568412,27.610091,1757
85.568405,27.610093,1757
85.568397,27.610095,1757
85.568389,27.610098,1757
85.568382,27.6101,1757
85.568364,27.610107,1757
85.568367,27.610107,1757
85.568372,27.61011,1757
85.568371,27.610112,1757
85.56837,27.610112,1757
85.56837,27.610114,1757
85.568361,27.610115,1757
85.568355,27.610117,1757
85.568346,27.610121,1757
85.568335,27.610126,1757
85.56832,27.610131,1757
85.568303,27.610136,1757
85.568285,27.610139,1757
85.568266,27.610141,1757
85.568249,27.610144,1757
85.568234,27.610147,1757
85.568222,27.610149,1757
85.568201,27.610152,1757
85.568201,27.610151,1757
85.568202,27.610149,1757
85.568204,27.610148,1757
85.568208,27.610143,1757
85.568211,27.61014,1757
85.568214,27.610136,1757
85.568218,27.61013,1757
85.568214,27.610135,1757
85.568211,27.610138,1757
85.568204,27.61014,1757
85.568203,27.61014,1757
85.568201,27.610141,1757
85.568196,27.610144,1757
85.568184,27.610153,1757
85.568183,27.610154,1757
85.568179,27.610157,1757
85.568175,27.61016,1757
85.56817,27.610162,1757
85.568164,27.610166,1757
85.568158,27.610169,1757
85.568146,27.610178,1757
85.568145,27.610177,1757
85.568142,27.610178,1757
85.568134,27.61018,1757
85.568124,27.610182,1757
85.568116,27.610183,1757
85.568106,27.610186,1758
85.568094,27.610189,1758
85.568083,27.610194,1758
85.568071,27.6102,1758
85.56806,27.610207,1758
85.568039,27.61022,1758
85.56804,27.610219,1758
85.568041,27.610217,1758
85.568046,27.610213,1758
85.568053,27.610209,1758
85.568061,27.610204,1758
85.568072,27.610196,1758
85.568086,27.610187,1758
85.568101,27.610178,1758
85.568115,27.61017,1757
85.568129,27.610161,1757
85.568141,27.610151,1757
85.568151,27.61014,1757
85.568159,27.610129,1757
85.568166,27.610118,1756
85.568174,27.610107,1756
85.568184,27.610096,1756
85.568195,27.610086,1756
85.568204,27.610075,1755
85.568214,27.610065,1755
85.56822,27.610056,1755
85.568227,27.610046,1755
85.568231,27.610034,1755
85.568235,27.61002,1755
85.568237,27.610005,1754
85.56824,27.60999,1754
85.568243,27.609977,1754
85.56825,27.609964,1754
85.568256,27.60995,1754
85.568262,27.609936,1754
85.568265,27.609922,1754
85.568268,27.609909,1754
85.56827,27.609896,1753
85.56827,27.609885,1753
85.568271,27.609877,1753
85.568274,27.60987,1753
85.568277,27.609864,1753
85.568279,27.609858,1752
85.56828,27.609851,1752
85.568282,27.609845,1752
85.568285,27.609839,1752
85.568287,27.609833,1752
85.56829,27.609825,1751
85.568293,27.609818,1751
85.568295,27.60981,1751
85.568295,27.609803,1751
85.568296,27.609794,1750
85.568297,27.609786,1750
85.568298,27.609779,1750
85.568298,27.609772,1750
85.5683,27.609763,1750
85.568303,27.609754,1749
85.568307,27.609744,1749
85.568309,27.609736,1749
85.56831,27.609729,1749
85.568312,27.609722,1749
85.568316,27.609714,1748
85.568319,27.609706,1748
85.568324,27.609699,1748
85.568328,27.609693,1748
85.56833,27.609685,1747
85.568333,27.609677,1747
85.568335,27.609667,1747
85.568339,27.609656,1747
85.568343,27.609645,1746
85.568347,27.609635,1746
85.568352,27.609625,1746
85.568357,27.609615,1746
85.568361,27.609606,1746
85.568363,27.6096,1746
85.568365,27.609595,1746
85.568368,27.609577,1746
85.568368,27.609576,1745
85.568366,27.609574,1745
85.568365,27.609574,1745
85.568366,27.609584,1745
85.568368,27.609585,1745
85.568372,27.609589,1745
85.56838,27.609596,1745
85.568386,27.609601,1745
85.568391,27.609606,1745
85.568397,27.609609,1745
85.568409,27.609612,1745
85.568408,27.609613,1745
85.568406,27.609612,1745
85.568405,27.609612,1745
85.568407,27.609611,1745
85.56841,27.609607,1745
85.568414,27.609601,1745
85.568416,27.609592,1745
85.568417,27.609583,1745
85.568413,27.609574,1745
85.56841,27.609567,1745
85.568411,27.609549,1745
85.568412,27.609548,1745
85.568411,27.609547,1745
85.568412,27.609545,1745
85.568415,27.609542,1745
85.568417,27.609539,1743
85.568421,27.609532,1743
85.568428,27.609522,1743
85.568435,27.609511,1743
85.56844,27.6095,1743
85.568442,27.609488,1743
85.568445,27.609477,1743
85.568448,27.609464,1743
85.568451,27.609453,1743
85.568453,27.609442,1742
85.568453,27.609431,1742
85.568454,27.60942,1742
85.568453,27.609407,1742
85.568453,27.609394,1742
85.568452,27.609379,1742
85.568452,27.609364,1742
85.568452,27.60935,1742
85.568455,27.609334,1742
85.568461,27.609319,1742
85.568468,27.609304,1742
85.568474,27.609289,1742
85.56848,27.609273,1742
85.568484,27.609256,1742
85.568489,27.609239,1742
85.568495,27.609221,1742
85.568498,27.609202,1742
85.568497,27.609184,1742
85.568497,27.609168,1742
85.568496,27.609154,1742
85.568496,27.609142,1742
85.568495,27.60913,1742
85.568493,27.609121,1742
85.568492,27.609114,1742
85.568486,27.609101,1742
85.568486,27.6091,1742
85.568487,27.609097,1742
85.568488,27.609091,1742
85.568488,27.609085,1742
85.568489,27.609079,1742
85.568492,27.609071,1742
85.568494,27.609062,1742
85.568494,27.609053,1742
85.568492,27.609043,1742
85.568491,27.609032,1742
85.56849,27.60902,1742
85.568489,27.609007,1742
85.568488,27.608996,1742
85.568489,27.608984,1742
85.568488,27.608972,1742
85.568487,27.608959,1742
85.568487,27.608948,1742
85.568484,27.608936,1742
85.568481,27.608924,1742
85.568479,27.608912,1742
85.568479,27.608899,1742
85.568478,27.608887,1742
85.568477,27.608875,1742
85.568476,27.608862,1742
85.568476,27.608849,1742
85.568476,27.608836,1742
85.568475,27.608824,1742
85.568474,27.608812,1742
85.568471,27.608801,1742
85.568467,27.608789,1742
85.56846,27.608778,1742
85.568452,27.608766,1742
85.568442,27.60875,1742
85.568434,27.608733,1742
85.568429,27.608717,1742
85.568426,27.608702,1742
85.568426,27.608688,1742
85.568426,27.608676,1742
85.568425,27.608665,1742
85.568424,27.608654,1742
85.568424,27.608644,1742
85.568424,27.608634,1742
85.568423,27.608624,1742
85.568423,27.608614,1742
85.568425,27.608604,1742
85.568426,27.608592,1742
85.568429,27.60858,1742
85.568432,27.608568,1742
85.568435,27.608555,1742
85.568439,27.608542,1742
85.568442,27.60853,1742
85.568445,27.608518,1742
85.568447,27.608506,1742
85.568448,27.608496,1742
85.568448,27.608485,1742
85.568448,27.608475,1742
85.568447,27.608464,1742
85.568447,27.608453,1742
85.568444,27.608438,1742
85.568444,27.608422,1742
85.568445,27.608406,1742
85.568445,27.608392,1742
85.568447,27.608377,1742
85.568447,27.608363,1742
85.568448,27.608349,1742
85.56845,27.608337,1742
85.568452,27.608325,1742
85.568453,27.608313,1742
85.568454,27.608301,1742
85.568455,27.60829,1742
85.568457,27.608278,1742
85.568458,27.608265,1742
85.568459,27.608254,1742
85.56846,27.608242,1742
85.568461,27.60823,1742
85.568462,27.608218,1742
85.568463,27.608206,1742
85.568465,27.608194,1742
85.568467,27.608182,1742
85.568468,27.608169,1742
85.56847,27.608156,1742
85.568472,27.608143,1742
85.568473,27.608131,1742
85.568475,27.60812,1742
85.568477,27.608111,1742
85.568479,27.608103,1742
85.568481,27.608098,1742
85.568484,27.608095,1742
85.568489,27.608092,1742
85.568495,27.608088,1742
85.568501,27.608084,1742
85.568506,27.608079,1742
85.568511,27.608073,1742
85.568518,27.608067,1742
85.568526,27.608061,1742
85.568536,27.608055,1742
85.568547,27.608051,1742
85.568556,27.608046,1743
85.568564,27.60804,1743
85.56857,27.608034,1743
85.568576,27.60803,1743
85.568582,27.608025,1743
85.568589,27.608022,1743
85.568598,27.608017,1743
85.568605,27.608011,1744
85.568611,27.608004,1744
85.568618,27.607995,1744
85.568625,27.607986,1744
85.568633,27.607976,1744
85.568641,27.607968,1744
85.56865,27.60796,1744
85.568659,27.607951,1744
85.56867,27.607944,1744
85.56868,27.607935,1744
85.568688,27.607926,1745
85.568697,27.607918,1745
85.568703,27.607909,1745
85.568709,27.607901,1745
85.568713,27.607891,1745
85.568717,27.607881,1745
85.568722,27.607871,1745
85.568728,27.607861,1745
85.568735,27.607852,1745
85.568742,27.607843,1745
85.568749,27.607833,1745
85.568756,27.607821,1745
85.568761,27.607809,1745
85.568765,27.607798,1745
85.568769,27.607786,1746
85.568771,27.607775,1746
85.568773,27.607765,1746
85.568774,27.607755,1746
85.568776,27.607745,1746
85.568778,27.607735,1746
85.568781,27.607723,1746
85.568785,27.607712,1746
85.568788,27.607702,1746
85.568791,27.607692,1746
85.568794,27.607683,1746
85.568797,27.607674,1746
85.5688,27.607665,1747
85.568802,27.607656,1747
85.568805,27.607648,1747
85.568808,27.607638,1747
85.568812,27.607628,1747
85.568814,27.607616,1747
85.568815,27.607605,1747
85.568816,27.607595,1747
85.568819,27.607586,1748
85.568824,27.607576,1748
85.568829,27.607567,1748
85.568834,27.607558,1748
85.568837,27.60755,1748
85.568839,27.607543,1748
85.568841,27.607536,1749
85.568844,27.607529,1749
85.568848,27.607521,1749
85.568852,27.607513,1749
85.568857,27.607504,1749
85.568862,27.607496,1749
85.568865,27.607488,1749
85.568869,27.607479,1749
85.568873,27.60747,1749
85.568876,27.607461,1750
85.568878,27.607452,1750
85.568879,27.607443,1750
85.568879,27.607434,1750
85.56888,27.607425,1750
85.568881,27.607414,1750
85.568886,27.607404,1750
85.568891,27.607395,1751
85.568895,27.607385,1751
85.5689,27.607375,1751
85.568904,27.607366,1751
85.568907,27.607358,1751
85.568909,27.607348,1751
85.568909,27.607339,1751
85.568908,27.607331,1751
85.568905,27.607321,1751
85.568901,27.607313,1751
85.568897,27.607305,1752
85.568892,27.607298,1752
85.568887,27.607291,1752
85.568879,27.607284,1752
85.56887,27.607278,1752
85.56886,27.607273,1752
85.56885,27.607268,1752
85.568841,27.607264,1752
85.568834,27.607261,1752
85.568826,27.607258,1752
85.568818,27.607254,1751
85.56881,27.607251,1751
85.568802,27.607247,1751
85.568793,27.607245,1751
85.568786,27.607244,1751
85.568779,27.607243,1751
85.568773,27.607242,1751
85.568766,27.607242,1751
85.568759,27.607241,1751
85.568751,27.607242,1751
85.568742,27.607243,1751
85.568731,27.607244,1751
85.568721,27.607243,1751
85.568712,27.607242,1751
85.568705,27.607239,1751
85.568699,27.607238,1751
85.568689,27.607235,1751
85.568678,27.607231,1750
85.568669,27.607227,1750
85.568661,27.607223,1750
85.568654,27.607221,1750
85.568651,27.607217,1750
85.56865,27.607212,1749
85.568649,27.607207,1749
85.568646,27.6072,1749
85.568639,27.607193,1749
85.568632,27.607185,1749
85.568624,27.607177,1749
85.568616,27.607169,1749
85.568608,27.607162,1748
85.568601,27.607157,1748
85.568595,27.607152,1748
85.56859,27.60715,1748
85.568584,27.60715,1748
85.568577,27.607151,1748
85.568572,27.607153,1747
85.568566,27.607154,1747
85.568559,27.607154,1747
85.56855,27.607155,1747
85.56854,27.607157,1747
85.568529,27.60716,1746
85.568518,27.607162,1746
85.568509,27.607165,1746
85.568503,27.607166,1746
85.568501,27.607163,1746
85.568499,27.607156,1746
85.568499,27.607147,1745
85.568499,27.607138,1745
85.568499,27.607127,1745
85.5685,27.607116,1745
85.568501,27.607103,1745
85.5685,27.60709,1745
85.568501,27.607075,1745
85.568502,27.607061,1745
85.568503,27.607049,1745
85.5685,27.607039,1745
85.568495,27.607029,1745
85.568488,27.607019,1745
85.568483,27.607009,1745
85.56848,27.606999,1744
85.568478,27.606989,1744
85.568477,27.606982,1744
85.568477,27.606976,1744
85.568475,27.606961,1744
85.568474,27.60696,1744
85.568472,27.606959,1744
85.568471,27.606955,1744
85.568464,27.606949,1744
85.568463,27.606948,1743
85.568457,27.606941,1743
85.568456,27.606939,1743
85.568453,27.606937,1743
85.568448,27.606935,1743
85.568444,27.606932,1742
85.568438,27.606929,1742
85.568431,27.606924,1742
85.56842,27.606919,1742
85.568408,27.606915,1742
85.568392,27.606913,1742
85.568377,27.606911,1741
85.568362,27.606906,1741
85.568352,27.606899,1741
85.568345,27.60689,1741
85.568341,27.60688,1741
85.568337,27.606867,1741
85.568334,27.606855,1741
85.568331,27.606842,1741
85.56833,27.606829,1741
85.568326,27.606815,1741
85.568321,27.606803,1741
85.568318,27.606791,1741
85.568316,27.606779,1741
85.568317,27.606767,1741
85.56832,27.606753,1741
85.568321,27.606739,1741
85.568321,27.606726,1741
85.56832,27.606714,1741
85.568317,27.606703,1741
85.568312,27.606691,1741
85.568306,27.606681,1741
85.568299,27.606672,1741
85.568293,27.606665,1741
85.568287,27.606655,1741
85.568282,27.606645,1741
85.568275,27.606635,1741
85.568266,27.606627,1741
85.568258,27.60662,1741
85.568245,27.606615,1741
85.568231,27.606609,1741
85.568217,27.606603,1741
85.568206,27.606598,1741
85.568198,27.606593,1741
85.568193,27.606586,1741
85.568189,27.606578,1741
85.568184,27.606572,1741
85.568176,27.606566,1741
85.568165,27.60656,1741
85.568153,27.606554,1741
85.568139,27.606549,1741
85.568127,27.606543,1741
85.568117,27.606535,1741
85.568109,27.606526,1741
85.568104,27.606515,1741
85.568101,27.606504,1741
85.568099,27.606492,1741
85.568097,27.60648,1741
85.568095,27.606469,1741
85.568093,27.606457,1741
85.568091,27.606444,1741
85.568089,27.606433,1741
85.568085,27.606424,1741
85.56808,27.606415,1741
85.568076,27.606405,1741
85.568072,27.606394,1741
85.568068,27.606385,1741
85.568063,27.606375,1741
85.568058,27.606365,1741
85.568054,27.606355,1741
85.568049,27.606344,1741
85.568046,27.606331,1741
85.568042,27.606317,1741
85.568035,27.606303,1741
85.568027,27.606288,1741
85.568021,27.606276,1741
85.568015,27.606266,1741
85.568009,27.606257,1739
85.568005,27.606247,1739
85.568002,27.606236,1739
85.567997,27.606224,1739
85.567991,27.60621,1739
85.567984,27.606196,1739
85.567978,27.606182,1739
85.567977,27.606168,1739
85.567975,27.606153,1739
85.567972,27.606139,1739
85.567968,27.606126,1739
85.567964,27.606113,1739
85.567959,27.606099,1739
85.567954,27.606084,1739
85.567949,27.606069,1739
85.567948,27.606053,1739
85.567947,27.606039,1739
85.567946,27.606026,1739
85.567943,27.606015,1739
85.56794,27.606006,1739
85.567936,27.605998,1739
85.567932,27.605988,1739
85.567926,27.605977,1739
85.567918,27.605965,1739
85.56791,27.605952,1739
85.567902,27.605941,1739
85.567895,27.605931,1739
85.567889,27.605923,1741
85.567881,27.605916,1741
85.567871,27.605908,1741
85.567859,27.6059,1741
85.567845,27.60589,1741
85.567834,27.605883,1741
85.567825,27.605876,1741
85.567816,27.60587,1741
85.567805,27.605864,1742
85.567795,27.605858,1742
85.567784,27.605853,1742
85.567772,27.605847,1742
85.56776,27.605841,1742
85.567749,27.605834,1742
85.567739,27.605827,1742
85.567728,27.605821,1742
85.567717,27.605813,1742
85.567707,27.605807,1743
85.567698,27.605801,1743
85.567687,27.605795,1743
85.567677,27.60579,1743
85.567666,27.605785,1743
85.567656,27.605781,1743
85.567645,27.605778,1743
85.567635,27.605776,1743
85.567628,27.605776,1744
85.567622,27.605775,1744
85.567618,27.605775,1744
85.567611,27.605775,1744
85.567605,27.605776,1744
85.567597,27.605778,1744
85.567588,27.60578,1744
85.56758,27.605782,1744
85.567572,27.605784,1744
85.567565,27.605785,1744
85.567554,27.605785,1744
85.567545,27.605786,1743
85.567534,27.605784,1743
85.567526,27.605783,1743
85.567517,27.605783,1743
85.56751,27.605784,1743
85.567499,27.605783,1743
85.567489,27.605783,1743
85.567477,27.605784,1742
85.567468,27.605784,1742
85.567459,27.605784,1742
85.56745,27.605783,1742
85.567441,27.605781,1742
85.567434,27.60578,1741
85.567427,27.605777,1741
85.56742,27.605775,1741
85.567413,27.605772,1741
85.567407,27.605768,1741
85.567401,27.605763,1741
85.567394,27.605757,1740
85.567387,27.605752,1740
85.567378,27.605747,1740
85.56737,27.605743,1740
85.567361,27.605738,1740
85.567351,27.605734,1740
85.567341,27.605731,1739
85.567333,27.605727,1739
85.567325,27.605723,1739
85.567317,27.60572,1739
85.567309,27.605716,1739
85.567302,27.605713,1739
85.567295,27.60571,1738
85.567289,27.605709,1738
85.56728,27.605709,1738
85.567273,27.605707,1738
85.567264,27.605704,1738
85.567255,27.6057,1738
85.567248,27.605698,1737
85.567242,27.605697,1737
85.567237,27.605697,1737
85.56723,27.605696,1737
85.567222,27.605696,1737
85.567214,27.605695,1737
85.567207,27.605692,1736
85.567201,27.60569,1736
85.567195,27.605688,1736
85.567188,27.605686,1736
85.56718,27.605684,1736
85.567171,27.605681,1736
85.567161,27.605678,1735
85.567152,27.605674,1735
85.567143,27.60567,1735
85.567133,27.605666,1735
85.567122,27.605662,1735
85.567112,27.605659,1735
85.567103,27.605657,1734
85.567095,27.605653,1734
85.567086,27.60565,1734
85.567076,27.605646,1734
85.567063,27.605642,1734
85.567051,27.605641,1733
85.567038,27.60564,1733
85.567023,27.605641,1733
85.567009,27.605641,1732
85.566995,27.60564,1732
85.566982,27.605639,1732
85.566969,27.605639,1732
85.566956,27.605637,1732
85.566943,27.605634,1732
85.566929,27.60563,1732
85.566916,27.605626,1731
85.566905,27.605623,1731
85.566895,27.605617,1731
85.566887,27.60561,1731
85.566879,27.605603,1731
85.56687,27.605596,1731
85.566863,27.605588,1731
85.566856,27.605581,1731
85.566849,27.605574,1731
85.56684,27.605567,1731
85.566832,27.60556,1731
85.566825,27.605553,1731
85.566817,27.605546,1731
85.56681,27.605538,1730
85.566803,27.605529,1730
85.566795,27.605521,1730
85.566787,27.605514,1730
85.566777,27.605507,1730
85.566767,27.6055,1730
85.566756,27.605492,1730
85.566744,27.605485,1729
85.566734,27.605479,1729
85.566724,27.605473,1729
85.566716,27.605469,1729
85.56671,27.605466,1729
85.566704,27.605464,1729
85.566696,27.605461,1729
85.566688,27.60546,1729
85.566681,27.605459,1729
85.566673,27.605459,1729
85.566663,27.605457,1729
85.566655,27.605454,1729
85.566641,27.60545,1729
85.566628,27.605446,1729
85.566615,27.60544,1729
85.566602,27.605434,1729
85.56659,27.605427,1728
85.566578,27.605418,1728
85.566567,27.60541,1728
85.566555,27.605401,1728
85.566545,27.605394,1728
85.566531,27.60539,1728
85.566513,27.605386,1728
85.566494,27.605382,1728
85.566478,27.60538,1728
85.566464,27.605378,1728
85.566452,27.605376,1728
85.566442,27.605374,1728
85.566431,27.605372,1728
85.566421,27.605367,1728
85.56641,27.60536,1727
85.566397,27.605353,1727
85.566384,27.605347,1727
85.566368,27.605343,1727
85.566354,27.605343,1727
85.56634,27.605345,1727
85.566326,27.605346,1726
85.566315,27.605345,1726
85.566304,27.605342,1726
85.566296,27.605338,1726
85.566286,27.605334,1726
85.566277,27.605327,1725
85.566266,27.60532,1725
85.566256,27.605313,1725
85.566247,27.605306,1725
85.566238,27.605298,1725
85.566229,27.605291,1725
85.566221,27.605283,1724
85.566213,27.605276,1724
85.566205,27.60527,1724
85.566197,27.605262,1724
85.56619,27.605255,1723
85.566182,27.60525,1723
85.566171,27.605248,1723
85.566158,27.605246,1723
85.566144,27.605245,1722
85.566131,27.605243,1722
85.566118,27.605241,1722
85.566108,27.60524,1722
85.5661,27.605238,1722
85.566095,27.605235,1722
85.566093,27.605228,1721
85.566093,27.60522,1721
85.566092,27.605214,1721
85.566088,27.60521,1720
85.566082,27.605205,1720
85.566076,27.605201,1720
85.566068,27.605197,1720
85.566059,27.605196,1720
85.566052,27.605194,1720
85.566031,27.605194,1719
85.566031,27.605196,1719
85.56603,27.605199,1719
85.566029,27.605202,1719
85.566027,27.605206,1719
85.566029,27.605213,1719
85.56603,27.605212,1719
85.566031,27.605203,1719
85.566026,27.605201,1719
85.566025,27.6052,1719
85.566023,27.605201,1719
85.56602,27.605201,1719
85.566017,27.605203,1718
85.566012,27.605208,1718
85.566005,27.605215,1718
85.565998,27.60522,1718
85.565989,27.605224,1718
85.56598,27.605227,1717
85.565971,27.605226,1717
85.565965,27.605222,1717
85.56596,27.605217,1717
85.565956,27.605212,1716
85.565951,27.605207,1716
85.565946,27.605204,1716
85.565941,27.605203,1716
85.56593,27.605199,1715
85.56593,27.605198,1715
85.565928,27.605195,1715
85.565925,27.60519,1715
85.56592,27.605183,1714
85.565915,27.605175,1714
85.565913,27.605168,1714
85.565913,27.605162,1714
85.565917,27.605154,1714
85.565922,27.60515,1713
85.565925,27.60515,1713
85.565926,27.605151,1713
85.565925,27.605154,1713
85.565926,27.605154,1713
85.565926,27.605152,1713
85.565926,27.605146,1713
85.565927,27.605137,1713
85.565926,27.605127,1713
85.565925,27.605117,1713
85.565923,27.605105,1713
85.565923,27.605095,1713
85.565923,27.605084,1713
85.565922,27.605075,1713
85.565921,27.605067,1713
85.56592,27.605059,1713
85.565917,27.605054,1712
85.565914,27.605049,1712
85.565909,27.605044,1712
85.565902,27.605038,1712
85.565894,27.605034,1712
85.565888,27.605031,1712
85.56588,27.605029,1711
85.565875,27.605029,1711
85.565868,27.605029,1711
85.565861,27.605032,1711
85.565852,27.605035,1711
85.565842,27.605037,1711
85.56583,27.605041,1710
85.565819,27.605047,1710
85.565811,27.60505,1710
85.565804,27.60505,1710
85.565797,27.605048,1710
85.565788,27.605044,1709
85.56578,27.605038,1709
85.565773,27.605031,1709
85.565768,27.605027,1708
85.565762,27.605025,1708
85.565753,27.605015,1708
85.565754,27.605013,1708
85.565757,27.605009,1707
85.565764,27.605006,1707
85.565773,27.605002,1707
85.56578,27.604996,1707
85.565786,27.604988,1706
85.565788,27.604979,1706
85.565786,27.60497,1706
85.565782,27.60496,1706
85.56578,27.604957,1706
85.565778,27.604955,1706
85.565779,27.604951,1706
85.565781,27.604947,1705
85.565782,27.604943,1705
85.565781,27.604939,1705
85.565781,27.604936,1705
85.565782,27.604933,1705
85.56578,27.604933,1705
85.565779,27.604932,1705
85.565777,27.604932,1705
85.56577,27.604933,1705
85.565772,27.604931,1705
85.565775,27.604935,1705
85.56578,27.604936,1705
85.565785,27.604938,1705
85.565786,27.604938,1705
85.565787,27.604939,1705
85.565788,27.604938,1705
85.565789,27.604938,1705
85.565788,27.604936,1705
85.565773,27.60493,1705
85.565767,27.604928,1705
85.565761,27.604925,1705
85.565753,27.604922,1705
85.565707,27.604908,1705
85.565706,27.604907,1705
85.565695,27.604908,1705
85.565691,27.604908,1705
85.565683,27.604908,1705
85.565673,27.604906,1705
85.565665,27.604905,1705
85.565658,27.604904,1705
85.56565,27.604903,1705
85.565646,27.604901,1705
85.565645,27.604896,1705
85.565644,27.604891,1705
85.565643,27.604885,1705
85.565644,27.604878,1703
85.565646,27.60487,1703
85.565646,27.604862,1703
85.565646,27.604853,1703
85.565643,27.604845,1702
85.565637,27.604838,1702
85.56563,27.604833,1702
85.565623,27.604828,1702
85.565616,27.604826,1701
85.565609,27.604824,1701
85.565602,27.604822,1701
85.565596,27.604821,1701
85.565594,27.604817,1700
85.565593,27.604811,1700
85.565594,27.604804,1700
85.565594,27.604796,1700
85.565597,27.604789,1699
85.5656,27.604783,1699
85.565601,27.604777,1699
85.565599,27.604769,1699
85.565596,27.60476,1698
85.565592,27.60475,1698
85.565589,27.60474,1698
85.565586,27.60473,1698
85.565582,27.604721,1697
85.56558,27.604712,1697
85.565577,27.604704,1697
85.565574,27.604695,1697
85.56557,27.604686,1696
85.565568,27.604675,1696
85.565565,27.604664,1696
85.565563,27.604653,1696
85.56556,27.604643,1695
85.565559,27.604633,1695
85.565557,27.604623,1695
85.565557,27.604612,1694
85.565555,27.604603,1694
85.56555,27.604594,1694
85.565545,27.604586,1694
85.56554,27.604579,1694
85.565536,27.604573,1694
85.565527,27.604555,1693
85.565528,27.604553,1693
85.56553,27.604549,1692
85.565532,27.604544,1692
85.565535,27.604536,1692
85.565537,27.604528,1692
85.565536,27.604519,1692
85.565536,27.60451,1691
85.565538,27.604502,1691
85.565539,27.604494,1691
85.565539,27.604485,1691
85.565533,27.60448,1691
85.565526,27.604477,1690
85.565518,27.604475,1690
85.565512,27.604473,1690
85.565508,27.604469,1690
85.565505,27.604464,1690
85.565503,27.604459,1690
85.565502,27.604455,1690
85.565504,27.60445,1689
85.565505,27.604446,1689
85.565506,27.604442,1689
85.565509,27.604432,1689
85.56552,27.604433,1689
85.565524,27.604432,1689
85.565524,27.604431,1689
85.565525,27.60443,1689
85.565522,27.604415,1689
85.565522,27.604412,1689
85.565519,27.604405,1686
85.565514,27.604396,1685
85.565506,27.604386,1685
85.565499,27.604377,1684
85.565492,27.604369,1684
85.565485,27.604362,1683
85.565479,27.604355,1683
85.565474,27.604349,1683
85.565472,27.604344,1683
85.56547,27.604334,1683
85.565471,27.604333,1683
85.565471,27.604332,1683
85.565473,27.604331,1683
85.565475,27.604332,1683
85.565476,27.604334,1682
85.565473,27.604336,1682
85.565465,27.604336,1682
85.565456,27.604336,1682
85.565447,27.604337,1682
85.565437,27.604336,1682
85.565427,27.604337,1682
85.565417,27.604339,1681
85.565406,27.604339,1681
85.565394,27.604335,1681
85.565385,27.60433,1680
85.56538,27.604323,1680
85.565378,27.604316,1680
85.565379,27.604306,1680
85.565383,27.604297,1679
85.565388,27.604286,1679
85.565395,27.604275,1679
85.565401,27.604262,1679
85.565406,27.604249,1679
85.565411,27.604237,1679
85.565416,27.604227,1679
85.565419,27.604214,1679
85.565423,27.604202,1679
85.565426,27.60419,1679
85.565429,27.604179,1678
85.565435,27.604169,1678
85.565441,27.604158,1678
85.565447,27.604146,1678
85.565451,27.604136,1678
85.565455,27.604125,1677
85.565459,27.604114,1677
85.565462,27.604102,1677
85.565464,27.60409,1677
85.565465,27.604078,1676
85.565465,27.604069,1676
85.565464,27.604061,1676
85.565459,27.604042,1676
85.56546,27.60404,1676
85.565462,27.604037,1676
85.565464,27.604033,1676
85.565467,27.604021,1675
85.565469,27.604019,1675
85.565469,27.604018,1675
85.565471,27.604013,1675
85.565489,27.603976,1675
85.565488,27.603978,1675
85.565487,27.603982,1675
85.565486,27.603986,1675
85.565483,27.603991,1675
85.565481,27.603999,1675
85.565479,27.603999,1675
85.56548,27.603996,1675
85.565484,27.603992,1675
85.565486,27.603986,1675
85.565489,27.603978,1675
85.565493,27.603972,1675
85.565494,27.603968,1675
85.56549,27.603967,1675
85.565488,27.603965,1675
85.565488,27.603961,1675
85.56549,27.603957,1675
85.565493,27.603951,1675
85.565496,27.603944,1675
85.565499,27.603938,1674
85.565503,27.603933,1674
85.565506,27.603926,1674
85.565511,27.603918,1673
85.565514,27.603909,1673
85.565518,27.603897,1673
85.565522,27.603885,1673
85.565525,27.603875,1673
85.565527,27.603842,1673
85.565528,27.603841,1673
85.565529,27.603839,1673
85.565532,27.603834,1672
85.565536,27.603827,1672
85.565541,27.603819,1672
85.565548,27.60381,1672
85.565557,27.6038,1672
85.565567,27.603791,1672
85.565578,27.603783,1672
85.565589,27.603774,1672
85.565602,27.603766,1672
85.565613,27.603758,1672
85.565624,27.603749,1672
85.565634,27.603742,1672
85.565646,27.603735,1672
85.565657,27.603728,1672
85.565668,27.603721,1672
85.565678,27.603714,1672
85.565688,27.603707,1672
85.565698,27.6037,1672
85.565708,27.603694,1672
85.565719,27.603689,1672
85.565729,27.603685,1672
85.565741,27.603681,1672
85.565753,27.603678,1672
85.565766,27.603675,1672
85.56578,27.603671,1672
85.565794,27.603667,1672
85.565807,27.60366,1672
85.56582,27.603652,1672
85.565829,27.603643,1672
85.565835,27.603634,1672
85.565839,27.603625,1672
85.565841,27.603617,1672
85.565844,27.603608,1672
85.565846,27.603598,1672
85.565847,27.603589,1672
85.565847,27.60358,1672
85.565847,27.60357,1672
85.565845,27.603561,1672
85.565842,27.603534,1672
85.565842,27.603533,1672
85.565842,27.60353,1672
85.565842,27.603525,1672
85.565841,27.603521,1672
85.56584,27.603515,1672
85.565839,27.603508,1672
85.565838,27.6035,1672
85.565837,27.603491,1672
85.565835,27.603481,1670
85.565832,27.603471,1670
85.565828,27.603461,1670
85.565825,27.60345,1670
85.565822,27.60344,1670
85.56582,27.603428,1669
85.565817,27.603416,1669
85.565816,27.603405,1669
85.565814,27.603392,1669
85.565813,27.60338,1669
85.565812,27.603368,1668
85.56581,27.603356,1668
85.565808,27.603345,1668
85.565805,27.603333,1668
85.565804,27.60332,1668
85.565801,27.603309,1667
85.565797,27.6033,1667
85.565792,27.60329,1667
85.565787,27.60328,1666
85.565783,27.603269,1666
85.565779,27.60326,1666
85.565774,27.603252,1666
85.565769,27.603246,1666
85.565764,27.603241,1666
85.565758,27.603237,1666
85.56575,27.603232,1666
85.565742,27.603227,1665
85.565732,27.603222,1665
85.565721,27.603218,1665
85.565711,27.603215,1665
85.565704,27.603211,1665
85.565696,27.603207,1665
85.565687,27.603203,1665
85.565678,27.6032,1665
85.565669,27.603197,1665
85.565658,27.603197,1665
85.565648,27.603197,1665
85.565639,27.603195,1665
85.565631,27.603194,1665
85.565625,27.603193,1665
85.565616,27.60319,1665
85.565614,27.603191,1665
85.565609,27.603188,1665
85.565606,27.603188,1665
85.565605,27.603188,1665
85.565603,27.603187,1665
85.565601,27.603186,1665
85.565598,27.603181,1665
85.565599,27.603185,1665
85.565591,27.603183,1665
85.56559,27.603182,1665
85.565591,27.603178,1665
85.565579,27.603175,1665
85.565574,27.603174,1665
85.565564,27.603172,1665
85.565551,27.603171,1665
85.565537,27.603166,1665
85.565521,27.603162,1665
85.565505,27.603157,1665
85.565489,27.603151,1665
85.565473,27.603146,1665
85.565457,27.60314,1665
85.565443,27.603135,1665
85.56543,27.60313,1665
85.565417,27.603125,1665
85.565402,27.603122,1661
85.565386,27.60312,1661
85.565371,27.603122,1661
85.565357,27.603127,1661
85.565345,27.603133,1661
85.565334,27.603139,1660
85.565326,27.603148,1660
85.56532,27.603159,1660
85.565315,27.603171,1660
85.565313,27.603184,1660
85.565313,27.603196,1660
85.565313,27.603208,1659
85.565312,27.603221,1659
85.565312,27.603233,1659
85.565312,27.603245,1659
85.565313,27.603259,1659
85.565318,27.603272,1659
85.565326,27.603285,1658
85.565332,27.603299,1658
85.565342,27.603311,1658
85.565351,27.603323,1658
85.56536,27.603335,1658
85.565368,27.603346,1657
85.565375,27.603357,1657
85.565378,27.603369,1657
85.565379,27.603382,1657
85.56538,27.603394,1657
85.56538,27.603406,1657
85.565376,27.603418,1656
85.565372,27.603429,1656
85.565366,27.603439,1656
85.565359,27.603448,1656
85.565352,27.603457,1656
85.565346,27.603465,1655
85.56534,27.603474,1655
85.565334,27.603483,1655
85.565327,27.603492,1655
85.565319,27.603499,1655
85.565311,27.603507,1654
85.565304,27.603515,1654
85.565295,27.603523,1654
85.565288,27.603532,1654
85.565281,27.603541,1654
85.565272,27.603551,1653
85.565262,27.603561,1653
85.565251,27.60357,1653
85.56524,27.603578,1652
85.565229,27.603585,1652
85.565219,27.603593,1652
85.565207,27.603601,1652
85.565194,27.60361,1652
85.565179,27.603617,1652
85.565165,27.603624,1652
85.565152,27.603631,1652
85.565139,27.603639,1651
85.565127,27.603648,1651
85.565116,27.603657,1651
85.565106,27.603666,1651
85.565098,27.603675,1651
85.565091,27.603685,1651
85.565085,27.603698,1651
85.565078,27.603709,1651
85.565068,27.60372,1651
85.565058,27.603729,1651
85.565047,27.603739,1651
85.565037,27.603748,1651
85.565027,27.603758,1651
85.565018,27.603769,1651
85.56501,27.60378,1651
85.565005,27.603791,1651
85.565,27.603802,1651
85.564996,27.603814,1650
85.564994,27.603827,1650
85.564992,27.60384,1650
85.564989,27.603855,1650
85.564987,27.603872,1650
85.564986,27.60389,1650
85.564982,27.603906,1650
85.564976,27.60392,1650
85.564967,27.603934,1649
85.564959,27.603946,1649
85.564949,27.603958,1649
85.564939,27.603967,1649
85.564925,27.603975,1649
85.564912,27.60398,1649
85.564897,27.603984,1649
85.564884,27.603988,1649
85.564871,27.603993,1649
85.564859,27.603999,1649
85.564846,27.604005,1649
85.564832,27.604011,1648
85.564818,27.604018,1648
85.564804,27.604025,1648
85.564791,27.604032,1648
85.564778,27.604039,1648
85.564765,27.604045,1648
85.564752,27.604052,1648
85.564739,27.60406,1647
85.564727,27.604066,1647
85.564717,27.604071,1647
85.564706,27.604077,1646
85.564696,27.604086,1646
85.564689,27.604095,1646
85.564683,27.6041,1646
85.564678,27.604106,1646
85.564672,27.604113,1646
85.564667,27.604121,1646
85.564662,27.604133,1645
85.564659,27.604147,1645
85.564656,27.604161,1645
85.564652,27.604174,1645
85.564649,27.604188,1645
85.564644,27.604202,1645
85.564637,27.604217,1644
85.564629,27.60423,1644
85.564622,27.604244,1644
85.564617,27.604258,1644
85.564611,27.60427,1644
85.564608,27.604282,1644
85.564605,27.604294,1643
85.564602,27.604306,1643
85.564597,27.604318,1643
85.564591,27.60433,1643
85.564584,27.60434,1642
85.564576,27.604349,1642
85.564568,27.604358,1642
85.564563,27.604368,1642
85.564561,27.604379,1642
85.564559,27.604391,1641
85.564561,27.604406,1641
85.564561,27.604419,1641
85.56456,27.60443,1641
85.56456,27.604439,1641
85.564556,27.604448,1641
85.564549,27.604458,1640
85.56454,27.604467,1640
85.564531,27.604475,1640
85.56452,27.604483,1640
85.56451,27.604491,1640
85.564501,27.604498,1640
85.564492,27.604504,1639
85.564483,27.604509,1639
85.564472,27.604514,1639
85.56446,27.604518,1638
85.564446,27.60452,1638
85.564431,27.604525,1638
85.564416,27.604529,1638
85.564402,27.604538,1638
85.564389,27.604546,1638
85.564375,27.604553,1638
85.564361,27.604559,1637
85.564348,27.604564,1637
85.564336,27.604567,1637
85.564323,27.604569,1637
85.56431,27.60457,1637
85.564297,27.604573,1636
85.564285,27.604578,1636
85.564273,27.604586,1636
85.564264,27.604597,1636
85.564256,27.604608,1636
85.564249,27.60462,1636
85.564243,27.604631,1635
85.564236,27.60464,1635
85.564228,27.60465,1635
85.56422,27.604659,1635
85.564213,27.60467,1635
85.564206,27.604681,1635
85.564196,27.604693,1634
85.564187,27.604705,1634
85.564177,27.604718,1634
85.56417,27.604731,1634
85.564165,27.604744,1634
85.56416,27.604756,1634
85.564155,27.604768,1634
85.564148,27.604777,1634
85.564141,27.604787,1634
85.564134,27.604799,1634
85.564126,27.604811,1633
85.564118,27.604822,1633
85.56411,27.604832,1633
85.564101,27.604842,1633
85.564092,27.604852,1633
85.564084,27.604861,1633
85.564076,27.604866,1632
85.564066,27.60487,1632
85.564057,27.604874,1632
85.564047,27.604879,1632
85.564035,27.604885,1632
85.564023,27.604891,1632
85.564011,27.604896,1631
85.564001,27.604902,1631
85.563989,27.604908,1631
85.563978,27.604912,1630
85.563967,27.604916,1630
85.563956,27.60492,1630
85.563945,27.604925,1630
85.563935,27.60493,1630
85.563925,27.604933,1630
85.563916,27.604937,1630
85.563905,27.604944,1629
85.563894,27.60495,1629
85.563885,27.604958,1629
85.563878,27.604965,1628
85.563873,27.604971,1628
85.563869,27.604977,1628
85.563864,27.604984,1628
85.563856,27.604991,1628
85.563849,27.604999,1628
85.563844,27.605007,1628
85.563841,27.605017,1627
85.563838,27.605029,1627
85.563837,27.605046,1627
85.563832,27.605061,1627
85.563826,27.605075,1627
85.563819,27.605087,1627
85.563808,27.605098,1626
85.563796,27.605107,1626
85.563785,27.605116,1626
85.563776,27.605125,1626
85.563768,27.605136,1625
85.563762,27.605149,1625
85.563756,27.605163,1625
85.563753,27.605177,1624
85.563752,27.605192,1624
85.563751,27.605206,1624
85.56375,27.605218,1624
85.563747,27.605229,1624
85.563743,27.605238,1623
85.563738,27.605245,1623
85.563732,27.605251,1623
85.563725,27.605256,1623
85.563721,27.605263,1623
85.563718,27.605271,1623
85.563717,27.605283,1622
85.563716,27.605295,1622
85.563715,27.605309,1622
85.563715,27.605323,1622
85.563714,27.605335,1622
85.563713,27.605346,1621
85.563712,27.605356,1621
85.563711,27.605368,1621
85.563708,27.60538,1621
85.563704,27.605393,1621
85.563702,27.605406,1621
85.563701,27.605418,1620
85.5637,27.605429,1620
85.563699,27.60544,1620
85.563698,27.605452,1620
85.563699,27.605462,1620
85.563699,27.605471,1620
85.563696,27.605479,1620
85.563692,27.605487,1619
85.563688,27.605496,1619
85.563683,27.605505,1619
85.563675,27.605514,1619
85.563666,27.605523,1619
85.563654,27.605531,1619
85.563642,27.605536,1619
85.563633,27.605539,1619
85.563628,27.60554,1619
85.563624,27.605541,1618
85.563623,27.60554,1618
85.563624,27.605538,1618
85.563627,27.605533,1618
85.563631,27.605527,1618
85.563635,27.60552,1617
85.563638,27.605513,1617
85.563639,27.605506,1617
85.56364,27.605501,1617
85.563642,27.605496,1617
85.563643,27.60549,1616
85.563642,27.605484,1616
85.563638,27.605477,1616
85.563634,27.605469,1616
85.563632,27.60546,1616
85.563633,27.60545,1615
85.563635,27.605437,1615
85.563635,27.605424,1615
85.563634,27.605413,1615
85.563632,27.605403,1615
85.563631,27.605393,1614
85.56363,27.605383,1614
85.56363,27.605373,1613
85.563631,27.605361,1613
85.563631,27.605349,1613
85.563628,27.605341,1613
85.563621,27.605333,1612
85.563616,27.605326,1612
85.563614,27.605319,1612
85.563614,27.605312,1612
85.563614,27.605304,1612
85.563614,27.605298,1612
85.563611,27.60529,1611
85.563605,27.605281,1611
85.563602,27.605268,1611
85.563602,27.605255,1611
85.563601,27.605242,1611
85.5636,27.605231,1611
85.563599,27.605223,1611
85.563597,27.605214,1611
85.563596,27.605205,1610
85.563596,27.605196,1610
85.563597,27.605184,1610
85.5636,27.605172,1610
85.563603,27.60516,1610
85.563602,27.605148,1609
85.563597,27.605136,1609
85.563587,27.605128,1609
85.563576,27.605122,1609
85.563565,27.605121,1609
85.563558,27.60512,1609
85.56355,27.60512,1609
85.563539,27.60512,1609
85.563528,27.60512,1609
85.563514,27.605121,1609
85.5635,27.605125,1609
85.563487,27.605131,1609
85.563473,27.605137,1609
85.56346,27.605144,1609
85.563447,27.605151,1609
85.563435,27.605155,1609
85.563422,27.605158,1609
85.563406,27.605162,1609
85.563391,27.605164,1609
85.563375,27.605167,1609
85.563358,27.605169,1609
85.563341,27.60517,1609
85.563323,27.605173,1609
85.563307,27.605176,1609
85.56329,27.605181,1609
85.563276,27.605187,1609
85.563261,27.605191,1609
85.563246,27.605192,1609
85.563231,27.605192,1609
85.563219,27.605193,1609
85.56321,27.605194,1609
85.563203,27.605196,1609
85.563188,27.605204,1609
85.563189,27.605204,1609
85.563189,27.6052,1609
85.563188,27.6052,1609
85.563186,27.605199,1609
85.563184,27.605198,1609
85.563181,27.605195,1609
85.563178,27.605191,1609
85.563173,27.605189,1609
85.563166,27.605187,1609
85.563157,27.605188,1609
85.563148,27.605188,1609
85.563138,27.605189,1609
85.563128,27.605189,1609
85.563118,27.605188,1609
85.563108,27.605185,1609
85.563098,27.605182,1609
85.563087,27.60518,1609
85.563076,27.605177,1609
85.563065,27.605174,1609
85.563055,27.605172,1609
85.563046,27.60517,1609
85.563039,27.605169,1609
85.563033,27.605167,1609
85.563024,27.605165,1609
85.563014,27.605163,1609
85.563002,27.605162,1609
85.562989,27.605162,1610
85.562975,27.60516,1610
85.562962,27.605158,1610
85.562948,27.605156,1610
85.562933,27.605154,1610
85.562918,27.605153,1610
85.562905,27.60515,1610
85.562891,27.605147,1610
85.562876,27.605143,1610
85.562863,27.605139,1610
85.562851,27.605134,1610
85.56284,27.60513,1610
85.562829,27.605125,1610
85.562819,27.60512,1611
85.56281,27.605114,1611
85.562801,27.605107,1611
85.562793,27.605099,1611
85.562784,27.605092,1611
85.562775,27.605086,1611
85.562769,27.605079,1611
85.562763,27.605072,1611
85.562761,27.605066,1611
85.56276,27.605058,1611
85.562759,27.605048,1612
85.562757,27.605037,1612
85.562754,27.605026,1612
85.562752,27.605014,1612
85.562752,27.605002,1612
85.562752,27.604991,1612
85.562753,27.60498,1612
85.562756,27.604969,1612
85.56276,27.604959,1612
85.562763,27.604949,1612
85.562767,27.60494,1613
85.562771,27.60493,1613
85.562775,27.604921,1613
85.562777,27.60491,1613
85.562778,27.6049,1613
85.562779,27.604891,1613
85.562781,27.604881,1613
85.562785,27.604871,1613
85.562789,27.60486,1613
85.562795,27.604848,1613
85.562799,27.604837,1613
85.562805,27.604826,1614
85.562811,27.604814,1614
85.562817,27.604802,1614
85.562823,27.604791,1614
85.56283,27.604779,1614
85.562838,27.604768,1614
85.562846,27.604756,1614
85.562852,27.604744,1614
85.562857,27.604733,1614
85.562863,27.604723,1615
85.562868,27.604714,1615
85.562873,27.604705,1615
85.562878,27.604695,1615
85.562882,27.604686,1615
85.562886,27.604675,1615
85.562888,27.604664,1615
85.562889,27.604654,1615
85.56289,27.604643,1615
85.562891,27.604632,1615
85.562891,27.604622,1615
85.562892,27.604611,1615
85.562895,27.6046,1615
85.5629,27.60459,1615
85.562905,27.604579,1616
85.562907,27.604566,1616
85.562908,27.604553,1616
85.562908,27.60454,1616
85.562906,27.604526,1616
85.562903,27.604514,1616
85.562901,27.604504,1616
85.562898,27.604492,1616
85.562894,27.604479,1616
85.562889,27.604466,1616
85.562884,27.604454,1616
85.56288,27.604442,1616
85.562875,27.604432,1616
85.562868,27.604422,1616
85.562862,27.604413,1616
85.562855,27.604403,1616
85.562849,27.604394,1616
85.562842,27.604385,1616
85.562833,27.604377,1616
85.562824,27.604369,1616
85.562814,27.604362,1616
85.562804,27.604356,1616
85.562793,27.604351,1616
85.562782,27.604345,1616
85.56277,27.604338,1616
85.56276,27.604333,1616
85.56275,27.604327,1616
85.562741,27.60432,1616
85.56273,27.604312,1616
85.562717,27.604306,1616
85.562703,27.604302,1616
85.562688,27.604299,1616
85.562671,27.604295,1616
85.562654,27.604291,1616
85.562637,27.604288,1616
85.562621,27.604284,1616
85.562605,27.604282,1616
85.562591,27.60428,1616
85.562576,27.604278,1616
85.562561,27.604277,1616
85.562544,27.604273,1616
85.562527,27.604268,1616
85.562512,27.604265,1616
85.562498,27.604265,1616
85.562482,27.604266,1616
85.562469,27.604267,1616
85.562456,27.604268,1616
85.562443,27.604271,1616
85.562431,27.604271,1616
85.562422,27.604272,1616
85.562414,27.604273,1616
85.562407,27.604273,1616
85.562399,27.604274,1617
85.56239,27.604275,1617
85.56238,27.604277,1617
85.56237,27.604281,1617
85.562359,27.604285,1617
85.562349,27.604289,1617
85.562337,27.604292,1617
85.562324,27.604295,1617
85.56231,27.604297,1617
85.562297,27.604298,1617
85.562281,27.604299,1618
85.562265,27.6043,1618
85.562249,27.604301,1618
85.562234,27.604303,1618
85.56222,27.604305,1618
85.562205,27.604307,1618
85.562189,27.604308,1618
85.562172,27.604308,1618
85.562156,27.604308,1618
85.562139,27.604306,1618
85.562123,27.604305,1618
85.562108,27.604304,1618
85.562095,27.604303,1618
85.562081,27.6043,1618
85.562067,27.604296,1618
85.562054,27.604292,1618
85.562041,27.604288,1618
85.56203,27.604283,1618
85.562019,27.604278,1619
85.562007,27.604273,1619
85.561996,27.604267,1619
85.561985,27.604261,1619
85.561976,27.604255,1619
85.561966,27.604248,1619
85.561957,27.604241,1619
85.56195,27.604232,1619
85.561945,27.604222,1619
85.561941,27.604213,1619
85.561937,27.604204,1619
85.561934,27.604195,1619
85.56193,27.604185,1619
85.561926,27.604174,1619
85.561922,27.604163,1619
85.56192,27.604154,1619
85.561916,27.604145,1619
85.561912,27.604136,1619
85.561907,27.604127,1619
85.561902,27.604119,1619
85.561898,27.60411,1619
85.561891,27.604101,1620
85.561883,27.604091,1620
85.561877,27.604083,1620
85.561872,27.604075,1620
85.561868,27.604067,1620
85.561865,27.604058,1620
85.561861,27.604048,1620
85.561857,27.604038,1620
85.561853,27.604027,1620
85.561847,27.604016,1620
85.561842,27.604005,1620
85.561837,27.603993,1620
85.561832,27.603982,1620
85.561827,27.603971,1620
85.561822,27.603961,1620
85.561815,27.603951,1621
85.561807,27.603943,1621
85.561798,27.603934,1621
85.56179,27.603926,1621
85.561783,27.603917,1621
85.561777,27.603908,1621
85.561772,27.6039,1621
85.561767,27.60389,1621
85.561763,27.603879,1621
85.561757,27.603866,1621
85.56175,27.603853,1621
85.561745,27.603839,1621
85.561741,27.603827,1621
85.561735,27.603816,1621
85.561726,27.603804,1621
85.561717,27.603793,1622
85.561708,27.603782,1622
85.561698,27.603771,1622
85.56169,27.603761,1622
85.561682,27.60375,1622
85.561673,27.60374,1622
85.561664,27.603731,1622
85.561655,27.603721,1622
85.561646,27.603711,1622
85.561636,27.603701,1622
85.561627,27.603691,1622
85.561619,27.603681,1622
85.561613,27.603671,1622
85.561609,27.603661,1623
85.561605,27.603651,1623
85.5616,27.603641,1623
85.561596,27.603631,1623
85.561592,27.603621,1623
85.561587,27.60361,1623
85.56158,27.6036,1623
85.561572,27.603589,1623
85.561565,27.60358,1623
85.561559,27.603571,1623
85.561553,27.603562,1623
85.561546,27.603552,1624
85.561538,27.603542,1624
85.56153,27.603533,1624
85.561522,27.603524,1624
85.561514,27.603517,1624
85.561506,27.603509,1624
85.561497,27.6035,1624
85.561486,27.603489,1624
85.561475,27.60348,1624
85.56146,27.603471,1624
85.561445,27.603462,1624
85.561432,27.603452,1624
85.56142,27.603443,1624
85.561407,27.603434,1624
85.561394,27.603427,1624
85.561381,27.603421,1624
85.561367,27.603417,1624
85.561353,27.603414,1624
85.561339,27.603411,1624
85.561325,27.603408,1624
85.561312,27.603405,1624
85.5613,27.603401,1624
85.561286,27.603399,1624
85.561272,27.603396,1624
85.561259,27.603394,1624
85.561244,27.603393,1624
85.561232,27.603392,1624
85.561222,27.603391,1624
85.561214,27.60339,1624
85.561205,27.603388,1624
85.561196,27.603386,1624
85.561187,27.603383,1624
85.561177,27.603381,1624
85.561166,27.603379,1624
85.561155,27.603377,1624
85.561143,27.603375,1624
85.561128,27.603373,1624
85.561113,27.603372,1624
85.561099,27.603371,1624
85.561084,27.60337,1624
85.56107,27.603369,1624
85.561055,27.603367,1624
85.56104,27.603366,1624
85.561025,27.603364,1624
85.561012,27.603361,1624
85.560997,27.60336,1624
85.560982,27.603358,1624
85.560968,27.603356,1624
85.560954,27.603355,1624
85.560941,27.603355,1624
85.560928,27.603354,1624
85.560913,27.603352,1624
85.560896,27.603349,1626
85.56088,27.603346,1626
85.560866,27.603344,1626
85.56085,27.603344,1626
85.560834,27.603344,1626
85.560818,27.603344,1626
85.560804,27.603343,1626
85.56079,27.603342,1626
85.560773,27.60334,1626
85.560757,27.603338,1626
85.560741,27.603335,1626
85.560727,27.603332,1626
85.560713,27.603328,1626
85.5607,27.603322,1626
85.560688,27.603317,1626
85.560676,27.603312,1626
85.560664,27.603308,1626
85.560651,27.603305,1626
85.560636,27.603303,1626
85.560622,27.603302,1626
85.560608,27.6033,1626
85.560594,27.6033,1626
85.560582,27.6033,1626
85.560567,27.6033,1626
85.560553,27.603299,1626
85.560539,27.603297,1626
85.560526,27.603295,1626
85.560515,27.603294,1626
85.560502,27.60329,1626
85.560487,27.603286,1626
85.560473,27.603281,1626
85.560459,27.603278,1626
85.560447,27.603273,1626
85.560435,27.603269,1626
85.560424,27.603263,1626
85.560414,27.603258,1626
85.560403,27.603252,1626
85.560391,27.603245,1626
85.560378,27.603239,1626
85.560364,27.603233,1626
85.56035,27.603226,1626
85.560337,27.603219,1626
85.560327,27.603213,1626
85.560319,27.603204,1626
85.560312,27.603194,1626
85.560304,27.603183,1626
85.560296,27.603171,1626
85.560287,27.603158,1626
85.56028,27.603147,1626
85.560274,27.603134,1628
85.560269,27.603121,1628
85.560266,27.603107,1628
85.560267,27.603092,1628
85.560269,27.603078,1628
85.560274,27.603064,1628
85.560281,27.60305,1628
85.560288,27.603036,1628
85.560293,27.603023,1628
85.560297,27.603011,1628
85.560298,27.602999,1628
85.5603,27.602987,1628
85.560305,27.602974,1629
85.56031,27.602962,1629
85.560314,27.602949,1629
85.560317,27.602937,1629
85.560318,27.602924,1629
85.560321,27.602913,1629
85.560324,27.6029,1629
85.56033,27.602889,1629
85.560336,27.602878,1629
85.560342,27.602867,1629
85.560348,27.602856,1629
85.560354,27.602844,1629
85.560359,27.602833,1629
85.560364,27.60282,1629
85.560368,27.602808,1629
85.56037,27.602795,1629
85.56037,27.602782,1630
85.560372,27.602768,1630
85.560372,27.602755,1630
85.560372,27.602742,1630
85.560373,27.60273,1630
85.560372,27.602718,1630
85.560372,27.602706,1630
85.560372,27.602695,1630
85.560373,27.602684,1630
85.560373,27.602672,1630
85.56037,27.60266,1631
85.560365,27.602647,1631
85.560361,27.602635,1631
85.560357,27.602624,1631
85.560355,27.602612,1631
85.560352,27.602601,1631
85.560348,27.602589,1631
85.560343,27.602577,1631
85.560339,27.602566,1631
85.560336,27.602554,1631
85.560334,27.602543,1631
85.560332,27.602531,1631
85.560331,27.60252,1631
85.560331,27.602508,1631
85.56033,27.602496,1632
85.560328,27.602485,1632
85.560326,27.602474,1632
85.560322,27.602464,1632
85.560319,27.602453,1632
85.560316,27.602441,1632
85.560313,27.60243,1632
85.560309,27.602418,1632
85.560305,27.602407,1632
85.5603,27.602396,1632
85.560295,27.602386,1632
85.560289,27.602378,1632
85.56028,27.602369,1632
85.56027,27.602362,1632
85.56026,27.602354,1632
85.560249,27.602346,1633
85.560238,27.602336,1633
85.56023,27.602328,1633
85.560223,27.602321,1633
85.560211,27.602316,1633
85.560204,27.602313,1633
85.560203,27.60231,1633
85.560198,27.602307,1633
85.560191,27.6023,1633
85.560182,27.602292,1633
85.560171,27.602283,1633
85.560158,27.602275,1633
85.560144,27.602267,1633
85.560129,27.60226,1633
85.560113,27.602254,1633
85.560095,27.602245,1633
85.560077,27.602236,1633
85.560061,27.602225,1633
85.560047,27.602215,1633
85.560033,27.602205,1633
85.560019,27.602196,1633
85.560005,27.602186,1633
85.55999,27.602175,1633
85.559975,27.602165,1633
85.559961,27.602155,1633
85.559945,27.602146,1633
85.559929,27.602138,1633
85.559916,27.602131,1633
85.559905,27.602125,1633
85.559894,27.602119,1633
85.559883,27.602113,1633
85.559871,27.602108,1633
85.559858,27.602102,1633
85.559845,27.602095,1633
85.559831,27.602087,1634
85.559817,27.602079,1634
85.559803,27.602072,1634
85.55979,27.602065,1634
85.559777,27.602057,1634
85.559764,27.602048,1634
85.559751,27.602042,1634
85.559737,27.602035,1634
85.559724,27.602028,1634
85.55971,27.60202,1634
85.559697,27.602011,1634
85.559685,27.602004,1635
85.559673,27.601995,1635
85.55966,27.601987,1635
85.559648,27.60198,1635
85.559636,27.601974,1635
85.559624,27.601969,1635
85.559613,27.601964,1635
85.559602,27.601958,1635
85.559591,27.601952,1635
85.55958,27.601947,1635
85.559569,27.601939,1635
85.559557,27.60193,1635
85.559546,27.601923,1635
85.559533,27.601916,1635
85.559521,27.60191,1635
85.55951,27.601903,1635
85.559499,27.601896,1635
85.559489,27.601889,1635
85.55948,27.601882,1635
85.559473,27.601876,1635
85.559466,27.601871,1635
85.55946,27.601865,1635
85.559455,27.601858,1635
85.559447,27.601849,1635
85.559438,27.60184,1635
85.559427,27.601829,1635
85.559418,27.601817,1635
85.559411,27.601805,1635
85.559405,27.601793,1635
85.559402,27.601782,1635
85.5594,27.60177,1635
85.559397,27.601756,1635
85.559394,27.601744,1635
85.559392,27.601732,1635
85.559389,27.60172,1635
85.559386,27.601708,1635
85.559383,27.601697,1635
85.559378,27.601686,1635
85.559372,27.601676,1635
85.559366,27.601668,1635
85.559358,27.601661,1635
85.55935,27.601655,1635
85.559341,27.60165,1635
85.559332,27.601646,1635
85.559321,27.60164,1636
85.55931,27.601633,1636
85.559299,27.601626,1636
85.559288,27.601619,1636
85.559277,27.601612,1636
85.559266,27.601605,1636
85.559255,27.601597,1637
85.55924,27.601585,1637
85.559224,27.601576,1637
85.559207,27.601567,1637
85.559191,27.601561,1637
85.559174,27.601557,1637
85.559159,27.601553,1637
85.559144,27.601549,1637
85.559129,27.601546,1637
85.559113,27.601543,1637
85.559098,27.601542,1637
85.559083,27.601542,1637
85.559068,27.601544,1637
85.559052,27.601544,1637
85.559036,27.601544,1637
85.559023,27.601545,1638
85.559009,27.601545,1638
85.558997,27.601545,1638
85.558984,27.601543,1638
85.558972,27.60154,1638
85.55896,27.601537,1638
85.558948,27.601535,1638
85.558936,27.601533,1638
85.558924,27.60153,1638
85.558912,27.601527,1638
85.558899,27.601522,1638
85.558887,27.601516,1638
85.558875,27.601511,1639
85.558861,27.601505,1639
85.558848,27.601498,1639
85.558835,27.60149,1639
85.558825,27.601482,1639
85.558816,27.601475,1639
85.558808,27.601466,1639
85.558802,27.60146,1639
85.558797,27.601452,1639
85.558793,27.601443,1640
85.558788,27.601434,1640
85.558783,27.601425,1640
85.558777,27.601417,1640
85.558773,27.601406,1640
85.558769,27.601395,1640
85.558766,27.601384,1640
85.558765,27.601372,1640
85.558766,27.601359,1640
85.558768,27.601345,1641
85.558769,27.601332,1641
85.558769,27.60132,1641
85.558768,27.601308,1641
85.558768,27.601296,1641
85.558767,27.601284,1641
85.558766,27.601273,1641
85.558766,27.601262,1641
85.558766,27.60125,1641
85.558766,27.601239,1641
85.558767,27.601227,1641
85.558767,27.601214,1641
85.558763,27.601202,1641
85.558761,27.601191,1641
85.558757,27.601181,1642
85.558757,27.601168,1642
85.558758,27.601155,1642
85.558758,27.601141,1642
85.558761,27.601127,1642
85.558764,27.601113,1642
85.558767,27.6011,1642
85.55877,27.601086,1642
85.558773,27.601073,1642
85.558777,27.601061,1642
85.55878,27.601048,1642
85.558783,27.601036,1642
85.558784,27.601023,1642
85.558783,27.60101,1642
85.55878,27.600997,1642
85.558777,27.600982,1642
85.558772,27.600967,1642
85.558768,27.600954,1642
85.558765,27.600941,1642
85.558762,27.600929,1642
85.55876,27.600916,1642
85.558759,27.600903,1643
85.558758,27.600889,1643
85.558756,27.600876,1643
85.558753,27.600864,1643
85.558749,27.600852,1643
85.558745,27.600839,1643
85.558741,27.600827,1643
85.558735,27.600814,1643
85.55873,27.600802,1643
85.558724,27.600788,1643
85.558717,27.600774,1643
85.558709,27.600761,1643
85.5587,27.600748,1643
85.558691,27.600737,1643
85.558681,27.600728,1643
85.55867,27.600719,1643
85.55866,27.60071,1643
85.55865,27.600702,1643
85.558641,27.600694,1644
85.558632,27.600686,1644
85.558622,27.600678,1644
85.558611,27.600669,1644
85.558599,27.60066,1644
85.558587,27.600652,1644
85.558577,27.600646,1644
85.558568,27.600641,1644
85.558558,27.600637,1644
85.558547,27.600635,1644
85.558534,27.600634,1644
85.558521,27.600635,1644
85.558509,27.600637,1644
85.558496,27.600639,1644
85.558483,27.600643,1644
85.558468,27.600645,1644
85.558453,27.600647,1644
85.558439,27.600649,1644
85.558426,27.600652,1644
85.558413,27.600657,1644
85.558399,27.600663,1644
85.558385,27.600667,1644
85.55837,27.600671,1644
85.558357,27.600675,1644
85.558345,27.600678,1644
85.558331,27.600681,1644
85.558316,27.600685,1644
85.558301,27.600689,1645
85.558287,27.600694,1645
85.558272,27.600697,1645
85.558256,27.600698,1645
85.55824,27.600698,1645
85.558225,27.600699,1645
85.558211,27.6007,1645
85.558196,27.600701,1645
85.55818,27.600702,1645
85.558162,27.600704,1645
85.558145,27.600707,1645
85.558128,27.600711,1645
85.558112,27.600713,1645
85.558097,27.600714,1645
85.558082,27.600714,1645
85.558067,27.600712,1645
85.558052,27.60071,1645
85.558036,27.600708,1645
85.558019,27.600707,1645
85.558004,27.600707,1645
85.557989,27.600708,1645
85.557974,27.60071,1645
85.55796,27.600714,1645
85.557946,27.600719,1645
85.557934,27.600724,1645
85.557922,27.60073,1645
85.557911,27.600738,1645
85.557899,27.600745,1645
85.557887,27.600752,1645
85.557872,27.600756,1645
85.557858,27.600762,1645
85.557843,27.600766,1645
85.557827,27.600771,1645
85.557812,27.600775,1645
85.557796,27.600779,1646
85.55778,27.600783,1646
85.557765,27.600788,1646
85.55775,27.600793,1646
85.557735,27.600801,1646
85.557722,27.600811,1646
85.557708,27.600821,1646
85.557692,27.600826,1646
85.557674,27.600826,1646
85.557655,27.600823,1646
85.557637,27.600819,1646
85.557619,27.600816,1646
85.5576,27.600813,1646
85.557583,27.600813,1646
85.557565,27.600812,1646
85.557548,27.600811,1646
85.557532,27.60081,1646
85.557517,27.600808,1646
85.557503,27.600807,1646
85.55749,27.600808,1646
85.557477,27.60081,1646
85.557465,27.600812,1646
85.557453,27.600814,1646
85.557442,27.600816,1646
85.557432,27.600816,1646
85.557421,27.600814,1646
85.557409,27.60081,1646
85.557396,27.600803,1646
85.557382,27.600795,1646
85.557366,27.600786,1647
85.557351,27.600777,1647
85.557339,27.600768,1647
85.557328,27.60076,1647
85.557318,27.600751,1647
85.557311,27.600742,1647
85.557304,27.600734,1647
85.557299,27.600726,1647
85.557295,27.600717,1647
85.557295,27.600709,1647
85.557297,27.6007,1648
85.557301,27.600691,1648
85.557305,27.600683,1648
85.557308,27.600674,1648
85.557313,27.600664,1648
85.557317,27.600653,1648
85.557322,27.600643,1648
85.557324,27.600634,1648
85.557325,27.600625,1648
85.557326,27.600618,1648
85.557328,27.600609,1648
85.557331,27.600599,1648
85.557335,27.600589,1648
85.557339,27.600578,1649
85.557346,27.600569,1649
85.557358,27.600559,1649
85.557372,27.600549,1649
85.557388,27.600538,1649
85.557407,27.600529,1649
85.557423,27.600518,1649
85.557436,27.600507,1649
85.557447,27.600495,1649
85.557461,27.600484,1649
85.557475,27.600474,1649
85.557489,27.600465,1649
85.557501,27.600454,1649
85.557508,27.600441,1649
85.55751,27.600429,1649
85.557512,27.600419,1650
85.557515,27.600409,1650
85.557518,27.600397,1650
85.557524,27.600385,1650
85.55753,27.600374,1650
85.557536,27.600361,1650
85.557543,27.600347,1650
85.557548,27.600334,1650
85.557553,27.60032,1650
85.557559,27.600308,1650
85.557564,27.600295,1650
85.557568,27.600281,1650
85.557573,27.600269,1650
85.557575,27.600257,1650
85.557577,27.600244,1650
85.557578,27.60023,1650
85.557579,27.600217,1650
85.55758,27.600204,1651
85.55758,27.60019,1651
85.55758,27.600177,1651
85.557579,27.600163,1651
85.557578,27.60015,1651
85.557576,27.600137,1651
85.557574,27.600125,1651
85.557573,27.600113,1651
85.55757,27.600102,1651
85.557566,27.600091,1651
85.55756,27.600082,1651
85.557555,27.600072,1651
85.557547,27.600062,1651
85.557539,27.600052,1651
85.557534,27.600041,1651
85.557529,27.600028,1651
85.557525,27.600016,1651
85.55752,27.600004,1651
85.557514,27.599993,1651
85.557508,27.599984,1651
85.557501,27.599976,1651
85.557491,27.599965,1651
85.55748,27.599955,1651
85.557469,27.599945,1651
85.557459,27.599936,1652
85.557448,27.599927,1652
85.557437,27.599917,1652
85.557428,27.599907,1652
85.557418,27.599895,1652
85.557409,27.599883,1652
85.557402,27.599872,1652
85.557395,27.599861,1652
85.557388,27.59985,1652
85.55738,27.599839,1652
85.557373,27.599827,1652
85.557365,27.599816,1652
85.557355,27.599805,1652
85.557346,27.599792,1652
85.557338,27.59978,1652
85.557329,27.599767,1652
85.557319,27.599755,1653
85.557311,27.599743,1653
85.557302,27.599732,1653
85.557293,27.59972,1653
85.557285,27.599709,1653
85.557277,27.599699,1653
85.557269,27.599688,1653
85.557263,27.599678,1653
85.557258,27.599668,1653
85.557256,27.599658,1653
85.557251,27.599648,1653
85.557243,27.599639,1653
85.557233,27.599632,1653
85.55722,27.599625,1653
85.557206,27.599618,1653
85.557191,27.599613,1653
85.557178,27.599606,1653
85.557167,27.599599,1653
85.557157,27.59959,1654
85.557148,27.59958,1654
85.557138,27.599568,1654
85.55713,27.599557,1654
85.557122,27.599544,1654
85.557116,27.599532,1654
85.557111,27.599519,1654
85.557105,27.599505,1654
85.557099,27.599493,1654
85.557095,27.599481,1654
85.55709,27.599468,1654
85.557083,27.599457,1654
85.557075,27.599445,1655
85.55707,27.599432,1655
85.557063,27.599419,1655
85.557056,27.599406,1655
85.557049,27.599394,1655
85.557044,27.599381,1655
85.557035,27.59937,1655
85.557027,27.599359,1655
85.557019,27.599348,1655
85.557012,27.599337,1655
85.557005,27.599327,1655
85.556996,27.599317,1655
85.556988,27.599308,1655
85.556983,27.599298,1655
85.556981,27.599288,1655
85.556982,27.599277,1655
85.556984,27.599266,1655
85.556987,27.599254,1655
85.55699,27.599244,1656
85.556993,27.599234,1656
85.556996,27.599223,1656
85.556999,27.599215,1656
85.557,27.599207,1656
85.557,27.5992,1656
85.557001,27.599193,1656
85.557003,27.599187,1656
85.557006,27.599181,1656
85.557007,27.599176,1656
85.557004,27.59917,1656
85.556995,27.599177,1656
85.556993,27.599177,1656
85.556987,27.599176,1656
85.55698,27.599172,1656
85.556971,27.599167,1656
85.556962,27.599162,1656
85.556951,27.599158,1656
85.556941,27.599155,1656
85.55693,27.599151,1656
85.55692,27.599147,1656
85.556911,27.599144,1656
85.5569,27.599144,1656
85.55689,27.599143,1656
85.556879,27.599143,1656
85.556869,27.599143,1656
85.556859,27.599144,1656
85.556849,27.599145,1656
85.55684,27.599147,1656
85.55683,27.599148,1656
85.556822,27.599145,1656
85.556813,27.599142,1656
85.556803,27.599139,1656
85.556793,27.599135,1656
85.556781,27.599131,1656
85.556768,27.599127,1656
85.556755,27.599124,1656
85.556741,27.599125,1656
85.556729,27.599125,1656
85.556717,27.599126,1656
85.556706,27.599127,1656
85.556696,27.599126,1656
85.556686,27.599127,1656
85.556675,27.599128,1656
85.556662,27.599131,1656
85.55665,27.599131,1656
85.556636,27.599131,1656
85.556622,27.599131,1656
85.556609,27.599134,1658
85.556593,27.59914,1658
85.55658,27.599144,1658
85.556568,27.599148,1658
85.556555,27.599153,1658
85.556541,27.599157,1658
85.556527,27.599163,1658
85.556513,27.599169,1658
85.556501,27.599176,1658
85.556489,27.599183,1658
85.556476,27.59919,1658
85.556466,27.599196,1658
85.556457,27.599201,1658
85.556436,27.59921,1658
85.556436,27.599205,1658
85.556432,27.599212,1658
85.55643,27.599213,1658
85.556426,27.599216,1658
85.556418,27.599221,1658
85.556408,27.599226,1658
85.556398,27.59923,1658
85.556388,27.599235,1658
85.556377,27.599241,1658
85.556366,27.599249,1658
85.556356,27.599257,1658
85.556347,27.599266,1658
85.556339,27.599276,1658
85.55633,27.599288,1658
85.55632,27.599298,1658
85.556308,27.599308,1658
85.556295,27.599317,1658
85.556285,27.599325,1658
85.556275,27.599333,1658
85.556265,27.599342,1658
85.556257,27.59935,1658
85.556248,27.599359,1658
85.55624,27.599367,1660
85.556232,27.599378,1660
85.556225,27.59939,1660
85.556218,27.599402,1660
85.556212,27.599415,1660
85.556207,27.599427,1660
85.5562,27.599439,1660
85.556193,27.59945,1660
85.556185,27.599462,1660
85.556178,27.599473,1660
85.55617,27.599483,1660
85.556162,27.599494,1660
85.556155,27.599504,1661
85.556146,27.599515,1661
85.556137,27.599525,1661
85.556125,27.599536,1661
85.556114,27.599547,1661
85.556105,27.599559,1661
85.556096,27.59957,1661
85.556086,27.59958,1661
85.556077,27.599591,1661
85.556069,27.5996,1661
85.556062,27.59961,1661
85.556055,27.599621,1662
85.556049,27.59963,1662
85.556042,27.59964,1662
85.556034,27.599649,1662
85.556026,27.599658,1662
85.556018,27.599667,1662
85.55601,27.599674,1662
85.556001,27.599681,1662
85.555991,27.599688,1662
85.555979,27.599694,1662
85.555967,27.5997,1662
85.555955,27.599706,1662
85.555944,27.599712,1662
85.555932,27.599718,1662
85.555921,27.599721,1662
85.55591,27.599724,1662
85.555898,27.599723,1662
85.555884,27.599721,1662
85.55587,27.599718,1662
85.555857,27.599714,1662
85.555844,27.59971,1662
85.555832,27.599706,1663
85.55582,27.599703,1663
85.555809,27.599702,1663
85.555797,27.599703,1663
85.555785,27.599703,1663
85.555775,27.599703,1663
85.555766,27.599704,1663
85.55576,27.599705,1663
85.555738,27.599702,1663
85.555735,27.599701,1663
85.555731,27.599702,1663
85.555725,27.599704,1663
85.555715,27.599707,1664
85.555706,27.599707,1664
85.555696,27.599705,1664
85.555685,27.599705,1664
85.555676,27.599704,1664
85.555665,27.599702,1664
85.555651,27.599701,1664
85.555637,27.599701,1664
85.555624,27.5997,1664
85.55561,27.599696,1664
85.555598,27.599693,1664
85.555586,27.599691,1664
85.555575,27.599691,1664
85.555564,27.599692,1665
85.555551,27.599693,1665
85.555538,27.599694,1665
85.555523,27.599695,1665
85.555509,27.599695,1665
85.555496,27.599692,1665
85.555483,27.599688,1665
85.55547,27.599685,1665
85.555457,27.599682,1665
85.555445,27.599677,1665
85.555431,27.599674,1665
85.555419,27.599671,1665
85.555406,27.599669,1665
85.555394,27.599669,1666
85.555383,27.599671,1666
85.555372,27.599671,1666
85.555362,27.59967,1666
85.55535,27.599671,1666
85.555338,27.599672,1666
85.555326,27.599672,1666
85.555312,27.599671,1666
85.555298,27.599669,1666
85.555284,27.599666,1666
85.55527,27.599665,1666
85.555255,27.599664,1666
85.555239,27.599665,1666
85.555224,27.599665,1666
85.555209,27.599666,1666
85.555193,27.599669,1666
85.55518,27.599672,1666
85.555167,27.599675,1666
85.555155,27.599681,1667
85.555145,27.599687,1667
85.555139,27.599693,1667
85.555134,27.599699,1667
85.555127,27.599704,1667
85.555119,27.59971,1667
85.55511,27.599716,1667
85.555101,27.599723,1667
85.555092,27.59973,1667
85.555086,27.599738,1667
85.555081,27.599745,1667
85.555077,27.599752,1667
85.555071,27.599759,1667
85.555063,27.599765,1667
85.555055,27.599771,1667
85.555045,27.599775,1667
85.555034,27.59978,1667
85.555022,27.599786,1667
85.555011,27.59979,1667
85.555,27.599792,1667
85.554988,27.599796,1667
85.554976,27.599799,1667
85.554964,27.599802,1667
85.554952,27.599806,1667
85.554941,27.599811,1667
85.55493,27.599817,1667
85.55492,27.599822,1667
85.554909,27.599827,1667
85.554898,27.599834,1668
85.554888,27.599842,1668
85.554877,27.599854,1668
85.554866,27.599864,1668
85.554855,27.599872,1668
85.554843,27.599878,1668
85.554831,27.599885,1668
85.554819,27.599894,1668
85.554811,27.599901,1668
85.554805,27.59991,1668
85.554799,27.59992,1668
85.554791,27.599929,1668
85.554781,27.599939,1668
85.554771,27.599948,1668
85.55476,27.599957,1668
85.554751,27.599963,1669
85.554743,27.599968,1669
85.554735,27.599972,1669
85.554727,27.599975,1669
85.554722,27.599979,1669
85.554717,27.599985,1669
85.554712,27.599993,1669
85.554706,27.600002,1669
85.554698,27.600013,1669
85.554689,27.600025,1669
85.554681,27.600035,1669
85.554674,27.600045,1669
85.554667,27.600055,1669
85.554662,27.600064,1670
85.554657,27.600072,1670
85.554655,27.600077,1670
85.554653,27.600083,1670
85.554651,27.600088,1670
85.554648,27.600094,1670
85.554645,27.600102,1670
85.554642,27.600111,1670
85.554636,27.600122,1670
85.554631,27.600133,1670
85.554627,27.600143,1670
85.554622,27.600153,1670
85.554618,27.600162,1670
85.554613,27.600169,1670
85.554609,27.600175,1670
85.554603,27.600183,1670
85.554596,27.600192,1670
85.554588,27.600202,1670
85.554583,27.600213,1670
85.554577,27.600225,1670
85.55457,27.600238,1670
85.554564,27.600251,1670
85.55456,27.600264,1670
85.554557,27.600277,1670
85.554556,27.600288,1670
85.554554,27.600299,1670
85.554552,27.600309,1670
85.554552,27.60032,1670
85.554552,27.600332,1670
85.554551,27.600345,1671
85.554551,27.600357,1671
85.554549,27.600371,1671
85.554546,27.600386,1671
85.554543,27.600402,1671
85.554539,27.600416,1671
85.554534,27.600432,1671
85.554529,27.600447,1671
85.554524,27.600461,1671
85.554519,27.600473,1672
85.554511,27.600482,1672
85.5545,27.600491,1672
85.554489,27.600501,1672
85.554476,27.600508,1672
85.554463,27.600517,1672
85.554451,27.600523,1672
85.55444,27.600529,1672
85.554431,27.600536,1672
85.554424,27.600545,1672
85.554418,27.600555,1672
85.554411,27.600566,1672
85.554402,27.600579,1672
85.554395,27.60059,1672
85.554388,27.6006,1672
85.554381,27.600608,1672
85.554376,27.600615,1672
85.55437,27.60062,1672
85.554363,27.600626,1672
85.554355,27.600631,1672
85.554347,27.600636,1672
85.554337,27.60064,1672
85.554326,27.600644,1672
85.554315,27.600649,1672
85.554306,27.600655,1672
85.554295,27.60066,1672
85.554285,27.600664,1672
85.554275,27.600669,1672
85.554266,27.600675,1672
85.554257,27.600683,1672
85.554248,27.600691,1672
85.554237,27.600697,1672
85.554226,27.600702,1672
85.554216,27.600705,1672
85.554205,27.600707,1672
85.554195,27.600707,1672
85.554184,27.600708,1672
85.554173,27.60071,1672
85.554162,27.60071,1672
85.554152,27.600712,1672
85.554142,27.600713,1672
85.554132,27.600713,1672
85.554122,27.600715,1672
85.554112,27.600718,1672
85.5541,27.600721,1672
85.554089,27.600722,1672
85.554081,27.600727,1672
85.554076,27.600732,1672
85.554066,27.600735,1672
85.554054,27.600735,1672
85.554044,27.600734,1672
85.554035,27.600733,1672
85.554027,27.600736,1672
85.554018,27.60074,1672
85.554008,27.600746,1672
85.553999,27.60075,1672
85.55399,27.600752,1672
85.553981,27.600753,1672
85.55397,27.600754,1672
85.553957,27.600755,1672
85.553943,27.600755,1673
85.55393,27.600755,1673
85.553918,27.600755,1673
85.553905,27.600755,1673
85.553894,27.600756,1673
85.553884,27.600758,1673
85.553873,27.600762,1673
85.553861,27.600767,1673
85.553847,27.60077,1673
85.553834,27.600773,1673
85.553819,27.600775,1673
85.553802,27.600777,1673
85.553786,27.600777,1673
85.553771,27.600776,1673
85.553758,27.600776,1673
85.553746,27.600776,1673
85.553737,27.600778,1673
85.553732,27.600784,1673
85.553727,27.600789,1674
85.553728,27.600792,1674
85.553733,27.600795,1674
85.553739,27.600798,1674
85.553744,27.6008,1674
85.553747,27.600802,1674
85.553748,27.600805,1674
85.553753,27.600796,1674
85.553753,27.600791,1674
85.553753,27.600786,1674
85.553755,27.600781,1674
85.553753,27.600776,1674
85.553743,27.600772,1674
85.553741,27.600773,1674
85.553735,27.600773,1674
85.553726,27.600777,1674
85.553717,27.600782,1674
85.553708,27.600788,1674
85.553697,27.600792,1674
85.553687,27.600796,1674
85.553677,27.600799,1674
85.553667,27.600801,1674
85.553645,27.600801,1674
85.553644,27.6008,1674
85.553645,27.600802,1674
85.553655,27.600806,1674
85.553651,27.600806,1674
85.553647,27.600804,1674
85.553637,27.600806,1674
85.553636,27.600806,1674
85.553635,27.600807,1674
85.553632,27.600812,1674
85.553631,27.600812,1674
85.553622,27.600812,1674
85.55362,27.600812,1674
85.553617,27.600812,1674
85.553615,27.600812,1674
85.553602,27.600806,1674
85.553602,27.600805,1674
85.5536,27.600794,1674
85.553599,27.600792,1674
85.553595,27.600789,1674
85.553588,27.600786,1674
85.55358,27.600781,1674
85.553571,27.600777,1674
85.553562,27.600774,1674
85.553552,27.600772,1674
85.553542,27.60077,1674
85.553529,27.600768,1674
85.553516,27.600768,1674
85.553503,27.600767,1674
85.553489,27.600768,1674
85.553475,27.600769,1674
85.553458,27.600771,1674
85.553441,27.600775,1674
85.553424,27.600778,1674
85.553409,27.600782,1674
85.553396,27.600785,1674
85.553383,27.600788,1674
85.553372,27.60079,1674
85.55336,27.600788,1674
85.55335,27.600784,1674
85.553342,27.600781,1674
85.553334,27.60078,1674
85.553327,27.60078,1674
85.553321,27.600781,1674
85.553314,27.600781,1674
85.553305,27.600781,1674
85.553294,27.600779,1674
85.553283,27.600777,1674
85.553272,27.600777,1674
85.553261,27.600778,1674
85.553248,27.600779,1674
85.553233,27.60078,1675
85.553216,27.600778,1675
85.553197,27.600778,1675
85.553182,27.600782,1675
85.553171,27.600788,1675
85.553159,27.600793,1675
85.55315,27.600796,1675
85.553139,27.600798,1675
85.553128,27.600796,1675
85.553116,27.600797,1675
85.553099,27.600798,1675
85.55308,27.600799,1675
85.553057,27.600799,1675
85.553033,27.600798,1675
85.553011,27.600798,1675
85.552992,27.6008,1675
85.552976,27.600803,1675
85.552963,27.600808,1675
85.552953,27.600813,1676
85.552941,27.600814,1676
85.552931,27.600813,1676
85.552921,27.600813,1676
85.552912,27.600812,1676
85.552904,27.600812,1676
85.552898,27.600811,1676
85.55289,27.600809,1676
85.552881,27.600804,1676
85.552866,27.600796,1676
85.552851,27.600789,1676
85.552835,27.600782,1676
85.552822,27.600778,1676
85.55281,27.600776,1676
85.552798,27.600773,1676
85.552784,27.600771,1676
85.552771,27.600769,1676
85.552758,27.60077,1676
85.552741,27.600771,1676
85.552726,27.600771,1677
85.55271,27.600772,1677
85.552692,27.600772,1677
85.552675,27.600773,1677
85.552658,27.600773,1677
85.552641,27.600774,1677
85.552625,27.600773,1677
85.552608,27.600772,1677
85.552592,27.600774,1677
85.552579,27.600778,1677
85.552568,27.600783,1677
85.552557,27.600788,1677
85.552547,27.600793,1677
85.552538,27.600801,1677
85.552531,27.600807,1677
85.55252,27.600813,1677
85.552506,27.600822,1677
85.552494,27.600831,1677
85.552485,27.600838,1677
85.552477,27.600846,1677
85.552471,27.600851,1677
85.552461,27.600856,1677
85.552461,27.600855,1677
85.552461,27.600854,1677
85.55246,27.600856,1677
85.552463,27.600856,1677
85.552467,27.600857,1677
85.552466,27.600865,1677
85.552462,27.600877,1677
85.552458,27.600889,1677
85.552454,27.6009,1677
85.552447,27.600912,1677
85.552442,27.600923,1677
85.552435,27.600933,1677
85.552431,27.60094,1677
85.552427,27.600948,1677
85.552422,27.600957,1677
85.552416,27.600968,1677
85.552409,27.600979,1677
85.552401,27.60099,1677
85.552393,27.601001,1677
85.552387,27.60101,1677
85.552384,27.601016,1677
85.552383,27.60102,1677
85.552384,27.601023,1677
85.552379,27.601027,1677
85.552371,27.601036,1677
85.552359,27.601046,1677
85.552345,27.601059,1677
85.552333,27.601071,1677
85.552322,27.601085,1677
85.552309,27.601098,1677
85.552293,27.601111,1677
85.552276,27.601122,1677
85.55226,27.60113,1677
85.552249,27.601134,1678
85.552239,27.60114,1678
85.552233,27.601148,1678
85.55223,27.601158,1678
85.552228,27.60117,1678
85.552228,27.60118,1678
85.552226,27.601189,1678
85.552223,27.601199,1678
85.552221,27.60121,1678
85.552216,27.601229,1678
85.552215,27.601229,1678
85.552206,27.601229,1678
85.552205,27.601229,1678
85.552203,27.601229,1678
85.552201,27.601229,1678
85.552197,27.601229,1678
85.552184,27.601224,1678
85.552183,27.601224,1678
85.552181,27.601224,1678
85.552171,27.601231,1678
85.552173,27.601231,1678
85.55218,27.601232,1678
85.552187,27.601233,1678
85.552194,27.601233,1678
85.552203,27.601232,1678
85.55221,27.601232,1678
85.552216,27.60123,1678
85.552224,27.601226,1678
85.552224,27.601225,1678
85.552224,27.601226,1678
85.552223,27.601229,1678
85.552221,27.601232,1678
85.552218,27.601234,1678
85.552213,27.601238,1678
85.552214,27.601236,1678
85.552218,27.601232,1678
85.552222,27.60123,1678
85.552225,27.601227,1678
85.552239,27.601221,1678
85.552241,27.601222,1678
</coordinates>
</LineString>
</Placemark>
<Placemark>
<name/>
<styleUrl>#line-FF0000-2000-nodesc</styleUrl>
<LineString>
<tessellate>1</tessellate>
<coordinates>
85.540451,27.634129,1775
85.540463,27.634132,1775
85.540469,27.634132,1775
85.540473,27.634134,1775
85.540471,27.634139,1775
85.540471,27.63414,1775
85.540473,27.634144,1775
85.540477,27.634141,1775
85.540488,27.634136,1775
85.540503,27.634128,1775
85.54052,27.634119,1775
85.54054,27.634109,1775
85.540559,27.634099,1775
85.540578,27.634089,1771
85.540594,27.63408,1771
85.540609,27.63407,1771
85.540621,27.63406,1771
85.540632,27.634051,1770
85.540642,27.634044,1770
85.540652,27.634039,1770
85.540662,27.634037,1770
85.540673,27.634035,1770
85.540683,27.634032,1770
85.540694,27.634028,1769
85.540704,27.634022,1769
85.540715,27.634015,1769
85.540727,27.634008,1769
85.540737,27.634001,1769
85.540745,27.633995,1769
85.540754,27.63399,1769
85.540761,27.633984,1769
85.540768,27.633978,1768
85.540777,27.633972,1768
85.540784,27.633967,1768
85.540791,27.633965,1768
85.540798,27.633964,1768
85.540805,27.633963,1768
85.54081,27.633962,1767
85.540816,27.633959,1767
85.540819,27.633955,1767
85.540823,27.633951,1767
85.540828,27.633949,1767
85.540834,27.633946,1767
85.54084,27.633943,1766
85.540847,27.633938,1766
85.540855,27.633934,1766
85.540861,27.633929,1766
85.540867,27.633927,1766
85.540873,27.633925,1766
85.540881,27.633921,1766
85.540889,27.633916,1765
85.540897,27.633911,1765
85.540905,27.633906,1765
85.540912,27.633901,1765
85.540918,27.633897,1765
85.540923,27.633893,1765
85.540927,27.633889,1765
85.540932,27.633885,1765
85.540938,27.633881,1764
85.540945,27.633877,1764
85.540955,27.633873,1764
85.540964,27.633868,1764
85.540975,27.633861,1764
85.540985,27.633855,1764
85.540994,27.63385,1764
85.541014,27.633839,1763
85.541016,27.633838,1763
85.54102,27.633834,1763
85.541025,27.633831,1763
85.54103,27.633829,1763
85.541034,27.633827,1763
85.541046,27.633821,1763
85.541049,27.633821,1762
85.541049,27.633818,1762
85.541054,27.633815,1762
85.541057,27.633812,1762
85.541065,27.633808,1762
85.541073,27.633803,1761
85.541084,27.633797,1761
85.541094,27.63379,1761
85.541104,27.633782,1761
85.541113,27.633774,1760
85.541124,27.633767,1760
85.541134,27.63376,1760
85.541143,27.633754,1760
85.54115,27.633749,1760
85.541156,27.633745,1760
85.541161,27.633742,1759
85.541167,27.633738,1759
85.541172,27.633735,1759
85.541178,27.633731,1759
85.541185,27.633727,1759
85.54119,27.633724,1759
85.541195,27.63372,1758
85.541201,27.633716,1758
85.541209,27.633712,1758
85.541218,27.633709,1758
85.541227,27.633704,1758
85.541234,27.6337,1758
85.541243,27.633696,1757
85.541252,27.633691,1757
85.541262,27.633686,1757
85.541272,27.633679,1757
85.541283,27.633671,1757
85.541292,27.633665,1757
85.541302,27.633659,1756
85.541311,27.633653,1756
85.54132,27.633648,1756
85.541329,27.633644,1756
85.541336,27.633639,1756
85.541342,27.633636,1756
85.541348,27.633633,1755
85.541354,27.633632,1755
85.541361,27.633631,1755
85.541367,27.633628,1755
85.541373,27.633626,1755
85.541377,27.633623,1755
85.541381,27.633622,1755
85.541386,27.633619,1754
85.541393,27.633616,1754
85.5414,27.633611,1754
85.541407,27.633606,1754
85.541415,27.633601,1754
85.541422,27.633595,1754
85.541427,27.63359,1754
85.541439,27.633578,1754
85.541443,27.633577,1754
85.541446,27.633574,1754
85.541453,27.63357,1754
85.541462,27.633564,1753
85.541471,27.633558,1753
85.54148,27.63355,1752
85.54149,27.633542,1752
85.5415,27.633533,1752
85.541511,27.633523,1752
85.541522,27.633513,1752
85.541531,27.633504,1751
85.54154,27.633496,1751
85.541548,27.633489,1751
85.541556,27.633481,1751
85.541561,27.633474,1751
85.541563,27.633468,1750
85.541563,27.633462,1750
85.541562,27.633455,1750
85.54156,27.633449,1750
85.541557,27.633442,1750
85.541554,27.633435,1749
85.54155,27.633429,1749
85.541545,27.633421,1749
85.541542,27.633414,1749
85.541539,27.633408,1749
85.541535,27.6334,1749
85.541532,27.633393,1748
85.541529,27.633385,1748
85.541525,27.633378,1748
85.541521,27.633371,1748
85.541516,27.633364,1747
85.541511,27.633357,1747
85.541507,27.63335,1747
85.541504,27.633342,1747
85.5415,27.633335,1747
85.541496,27.633328,1746
85.541491,27.633323,1746
85.541487,27.633317,1746
85.541486,27.63331,1746
85.541486,27.633302,1746
85.541486,27.633295,1746
85.541486,27.633287,1745
85.541486,27.633278,1745
85.541485,27.633269,1745
85.541486,27.633261,1745
85.541488,27.633252,1744
85.54149,27.633244,1744
85.541493,27.633236,1744
85.541499,27.633229,1744
85.541506,27.633221,1744
85.541513,27.633214,1743
85.54152,27.633206,1743
85.541526,27.633198,1742
85.541534,27.63319,1742
85.541542,27.633181,1742
85.541549,27.633173,1742
85.541555,27.633166,1742
85.541561,27.633158,1742
85.541568,27.633149,1742
85.541575,27.633141,1742
85.541582,27.633134,1742
85.54159,27.633128,1741
85.541598,27.633121,1741
85.541606,27.633114,1741
85.541613,27.633106,1741
85.541619,27.633097,1741
85.541624,27.633088,1741
85.54163,27.633078,1740
85.541635,27.633068,1740
85.54164,27.633059,1740
85.541646,27.633049,1740
85.541651,27.633042,1740
85.541658,27.633032,1740
85.541665,27.633023,1740
85.541672,27.633014,1739
85.541679,27.633006,1739
85.541686,27.632997,1739
85.541692,27.632988,1739
85.541698,27.63298,1739
85.541704,27.632972,1739
85.541709,27.632963,1739
85.541715,27.632953,1739
85.541721,27.632943,1738
85.541726,27.632932,1738
85.541731,27.632923,1738
85.541738,27.632913,1738
85.541745,27.632902,1738
85.541752,27.632892,1738
85.541761,27.632881,1738
85.54177,27.632871,1738
85.541779,27.632861,1738
85.541788,27.632854,1738
85.541798,27.632848,1738
85.541808,27.632842,1738
85.541819,27.632837,1738
85.541829,27.632831,1738
85.54184,27.632826,1738
85.541852,27.63282,1738
85.541863,27.632813,1738
85.541873,27.632806,1738
85.541881,27.632797,1738
85.54189,27.632789,1738
85.5419,27.63278,1738
85.54191,27.632772,1738
85.541921,27.632765,1738
85.541932,27.632758,1738
85.541942,27.632751,1738
85.541948,27.632744,1738
85.541954,27.632737,1738
85.541961,27.63273,1738
85.541969,27.632722,1738
85.541977,27.632713,1738
85.541986,27.632704,1738
85.541997,27.632695,1738
85.542007,27.632685,1738
85.542017,27.632676,1738
85.542025,27.632667,1738
85.542034,27.632656,1738
85.542044,27.632642,1738
85.542055,27.63263,1738
85.54207,27.632618,1738
85.542083,27.632606,1738
85.542097,27.632596,1738
85.54211,27.632586,1738
85.542123,27.632576,1738
85.542134,27.632567,1738
85.542144,27.632558,1738
85.542154,27.632548,1738
85.542165,27.632538,1738
85.542177,27.632528,1738
85.54219,27.632518,1738
85.542203,27.632508,1738
85.542217,27.632497,1738
85.54223,27.632486,1738
85.542244,27.632474,1738
85.542257,27.632463,1738
85.54227,27.632452,1738
85.542284,27.632442,1738
85.542298,27.632432,1738
85.542312,27.632424,1738
85.542324,27.632416,1738
85.542337,27.63241,1738
85.542349,27.632403,1738
85.54236,27.632395,1738
85.542369,27.632387,1738
85.542378,27.632378,1738
85.542386,27.63237,1738
85.542394,27.632361,1738
85.542402,27.632352,1738
85.542409,27.632343,1738
85.542417,27.632333,1738
85.542425,27.632325,1738
85.542433,27.632316,1738
85.542443,27.632307,1738
85.542453,27.632298,1738
85.542462,27.63229,1738
85.542471,27.632281,1738
85.542479,27.632271,1738
85.542488,27.63226,1738
85.542497,27.632249,1738
85.542505,27.632237,1738
85.542515,27.632227,1738
85.542524,27.632217,1738
85.542533,27.632207,1738
85.542542,27.632196,1738
85.542551,27.632184,1738
85.542559,27.632171,1738
85.542566,27.632159,1738
85.542572,27.632146,1738
85.542577,27.632135,1738
85.542581,27.632122,1738
85.542586,27.632109,1738
85.542591,27.632096,1738
85.542596,27.632084,1738
85.542603,27.632074,1738
85.542609,27.632064,1738
85.542616,27.632053,1738
85.542624,27.632044,1738
85.542632,27.632035,1738
85.542639,27.632026,1738
85.542647,27.632017,1738
85.542656,27.632008,1738
85.542663,27.631999,1738
85.54267,27.63199,1738
85.542679,27.631982,1738
85.542689,27.631973,1738
85.542697,27.631965,1738
85.542704,27.631957,1738
85.54271,27.631948,1738
85.542717,27.631938,1738
85.542722,27.631929,1738
85.542729,27.631919,1738
85.542736,27.631909,1738
85.542742,27.631899,1737
85.542748,27.631888,1737
85.542754,27.631876,1737
85.54276,27.631864,1737
85.542768,27.63185,1737
85.542777,27.631836,1737
85.542788,27.631823,1737
85.5428,27.631811,1737
85.542812,27.6318,1737
85.54282,27.631789,1737
85.542828,27.63178,1737
85.542834,27.631771,1737
85.54284,27.631763,1736
85.542846,27.631754,1736
85.542853,27.631744,1736
85.54286,27.631734,1736
85.542867,27.631723,1736
85.542873,27.631712,1736
85.542879,27.631701,1736
85.542886,27.63169,1736
85.542893,27.631679,1735
85.542899,27.631667,1735
85.542905,27.631656,1735
85.54291,27.631645,1735
85.542914,27.631634,1735
85.542919,27.631623,1735
85.542923,27.631612,1735
85.542926,27.631601,1734
85.542926,27.631589,1734
85.542927,27.631577,1734
85.542927,27.631565,1734
85.542928,27.631555,1734
85.542928,27.631544,1734
85.542928,27.631534,1733
85.542931,27.631524,1733
85.542935,27.631514,1733
85.54294,27.631506,1733
85.542943,27.631498,1733
85.542946,27.63149,1733
85.542946,27.631482,1733
85.542946,27.631473,1732
85.542947,27.631464,1732
85.542949,27.631454,1732
85.542953,27.631444,1732
85.542959,27.631432,1732
85.542966,27.631422,1732
85.542973,27.631413,1731
85.54298,27.631403,1731
85.542989,27.631393,1731
85.542995,27.631384,1731
85.543,27.631376,1731
85.543006,27.631367,1731
85.543013,27.631358,1730
85.543018,27.631349,1730
85.543022,27.631341,1730
85.543026,27.631332,1730
85.543031,27.631323,1730
85.543036,27.631312,1730
85.543041,27.631301,1730
85.543046,27.63129,1729
85.543052,27.631278,1729
85.543056,27.631267,1729
85.54306,27.631256,1729
85.543065,27.631245,1728
85.543071,27.631235,1728
85.543075,27.631226,1728
85.543079,27.631218,1728
85.543084,27.631209,1727
85.543088,27.631201,1727
85.543092,27.631191,1727
85.543097,27.63118,1727
85.543101,27.631169,1727
85.543103,27.631158,1727
85.543106,27.631147,1726
85.54311,27.631134,1726
85.543114,27.631123,1726
85.543118,27.631111,1726
85.543121,27.631099,1725
85.543124,27.631088,1725
85.543125,27.631076,1725
85.543127,27.631063,1725
85.543129,27.63105,1724
85.54313,27.631035,1724
85.543132,27.63102,1724
85.543134,27.631006,1724
85.543138,27.630992,1724
85.543141,27.630979,1724
85.543146,27.630966,1723
85.543151,27.630954,1723
85.543157,27.630942,1723
85.54316,27.630929,1723
85.543162,27.630917,1723
85.543162,27.630904,1723
85.543163,27.630893,1722
85.543162,27.630882,1722
85.54316,27.630872,1722
85.54316,27.630862,1722
85.543157,27.630852,1722
85.543153,27.630842,1722
85.543148,27.630832,1722
85.543142,27.630822,1722
85.543137,27.630813,1721
85.543133,27.630805,1721
85.543129,27.630798,1721
85.543125,27.63079,1721
85.54312,27.630783,1721
85.543116,27.630778,1721
85.54311,27.630775,1721
85.543107,27.630771,1721
85.543106,27.630769,1721
85.543105,27.63076,1721
85.543103,27.630759,1721
85.543098,27.630758,1720
85.543089,27.630755,1720
85.54308,27.630751,1720
85.54307,27.630744,1720
85.543063,27.630736,1720
85.543056,27.630726,1720
85.54305,27.630713,1720
85.543043,27.630701,1720
85.543035,27.630689,1720
85.543028,27.630679,1719
85.543021,27.630668,1719
85.543013,27.630658,1719
85.543005,27.630649,1719
85.542996,27.630639,1719
85.542988,27.63063,1719
85.542981,27.630621,1719
85.542976,27.630611,1719
85.542974,27.630601,1719
85.542974,27.630592,1719
85.542977,27.630583,1719
85.542982,27.630575,1719
85.542988,27.630567,1719
85.542995,27.63056,1719
85.543,27.630554,1719
85.543006,27.63055,1719
85.543011,27.630545,1719
85.543015,27.63054,1719
85.543025,27.630534,1719
85.543025,27.630535,1718
85.543027,27.630537,1718
85.543032,27.630538,1718
85.543037,27.630538,1717
85.543043,27.630535,1717
85.543048,27.630533,1717
85.543054,27.63053,1717
85.543063,27.630524,1716
85.543069,27.630517,1716
85.543075,27.630512,1716
85.543079,27.630506,1716
85.543084,27.630499,1715
85.543091,27.630495,1715
85.543101,27.63049,1714
85.54311,27.630485,1714
85.543121,27.63048,1714
85.54313,27.630473,1714
85.543138,27.630466,1714
85.543144,27.630458,1714
85.543149,27.630451,1713
85.543154,27.630445,1713
85.543158,27.630437,1713
85.543164,27.630428,1713
85.543169,27.63042,1712
85.543175,27.630411,1712
85.543182,27.630401,1712
85.543187,27.630393,1712
85.543191,27.630387,1712
85.543195,27.630382,1711
85.5432,27.630375,1711
85.543206,27.630368,1711
85.543213,27.630359,1711
85.54322,27.63035,1710
85.543227,27.63034,1710
85.543236,27.630329,1710
85.543245,27.630319,1710
85.543253,27.63031,1710
85.543259,27.630302,1710
85.543265,27.630295,1709
85.543271,27.63029,1709
85.543278,27.630286,1709
85.543282,27.630283,1709
85.543287,27.630278,1709
85.543291,27.630273,1708
85.543295,27.630267,1708
85.543302,27.63026,1708
85.543309,27.630252,1708
85.543315,27.630243,1707
85.543323,27.630236,1707
85.54333,27.63023,1707
85.543338,27.630226,1707
85.543346,27.630225,1707
85.543354,27.630225,1707
85.543361,27.630227,1707
85.543367,27.63023,1707
85.543374,27.630233,1707
85.543381,27.630236,1707
85.543387,27.630238,1706
85.543393,27.630238,1706
85.543399,27.630235,1706
85.543404,27.630233,1706
85.543408,27.630229,1705
85.543413,27.630225,1705
85.543417,27.630219,1705
85.543419,27.630212,1705
85.543422,27.630205,1704
85.543425,27.630199,1704
85.543428,27.630193,1704
85.543431,27.630189,1704
85.543435,27.630187,1704
85.543438,27.630186,1703
85.543443,27.630185,1703
85.543449,27.630184,1703
85.543456,27.630183,1703
85.543464,27.630184,1702
85.543473,27.630186,1702
85.543482,27.630188,1702
85.543491,27.630191,1702
85.543502,27.630193,1702
85.54351,27.630194,1702
85.543518,27.630192,1701
85.543524,27.630188,1701
85.543529,27.630184,1701
85.543532,27.630181,1701
85.543531,27.630177,1700
85.543529,27.630172,1700
85.543527,27.630167,1699
85.543529,27.630161,1699
85.543533,27.630156,1699
85.54354,27.630151,1699
85.543549,27.630147,1699
85.543559,27.630144,1699
85.543568,27.630142,1699
85.543576,27.630142,1699
85.543583,27.630144,1699
85.543591,27.630149,1699
85.543598,27.630156,1699
85.543605,27.630164,1699
85.543613,27.630172,1699
85.54362,27.630178,1699
85.543627,27.630185,1699
85.543635,27.630195,1699
85.543642,27.630205,1699
85.543651,27.630216,1699
85.54366,27.630228,1699
85.543668,27.63024,1699
85.543678,27.63025,1699
85.543687,27.63026,1699
85.543696,27.630271,1699
85.543704,27.630282,1699
85.543712,27.630294,1699
85.543717,27.630309,1699
85.543722,27.630321,1699
85.543726,27.630334,1699
85.543729,27.630347,1699
85.543733,27.63036,1699
85.543736,27.630372,1699
85.543738,27.630383,1699
85.54374,27.630394,1699
85.543742,27.630404,1699
85.543744,27.630414,1699
85.543747,27.630422,1699
85.54375,27.630429,1699
85.543755,27.630433,1699
85.543761,27.630435,1699
85.543767,27.630433,1699
85.543773,27.630429,1699
85.543777,27.630425,1699
85.543781,27.630421,1699
85.543786,27.630416,1697
85.543791,27.630411,1697
85.543796,27.630405,1697
85.543802,27.630399,1697
85.543811,27.630392,1697
85.54382,27.630387,1696
85.54383,27.630385,1696
85.543839,27.630384,1696
85.543845,27.630384,1696
85.543856,27.63039,1696
85.543856,27.630392,1696
85.543855,27.630396,1695
85.543855,27.630402,1695
85.543851,27.630407,1695
85.543847,27.630411,1694
85.543842,27.630412,1694
85.543833,27.630421,1694
85.543834,27.630422,1694
85.543837,27.630422,1694
85.543843,27.630423,1694
85.543849,27.630424,1693
85.543855,27.630425,1693
85.54386,27.630428,1693
85.543868,27.630431,1693
85.543868,27.63043,1692
85.543867,27.630429,1692
85.543875,27.630425,1692
85.543876,27.630424,1692
85.543882,27.630422,1692
85.543889,27.630419,1691
85.543897,27.630416,1691
85.543903,27.630412,1691
85.543909,27.630408,1691
85.543914,27.630405,1691
85.543921,27.6304,1690
85.543928,27.630395,1690
85.543936,27.63039,1690
85.543943,27.630386,1690
85.543949,27.630385,1689
85.543952,27.630387,1689
85.543956,27.630392,1689
85.543962,27.630398,1689
85.54397,27.630404,1688
85.543979,27.630408,1688
85.543987,27.630411,1688
85.543996,27.630413,1688
85.544007,27.630414,1688
85.544019,27.630414,1688
85.544032,27.630415,1688
85.544046,27.630415,1688
85.544061,27.630416,1688
85.544075,27.630415,1688
85.544088,27.630414,1687
85.5441,27.630413,1687
85.544113,27.630414,1687
85.544124,27.630417,1687
85.544135,27.63042,1687
85.544144,27.630424,1687
85.544152,27.63043,1687
85.54416,27.630437,1687
85.544169,27.630444,1687
85.544177,27.630451,1687
85.544187,27.630456,1687
85.544197,27.630459,1687
85.544207,27.63046,1687
85.544218,27.630461,1687
85.54423,27.630462,1687
85.544242,27.630462,1687
85.544255,27.630464,1687
85.544267,27.630465,1687
85.544279,27.630465,1687
85.544291,27.630466,1687
85.544304,27.630466,1687
85.544318,27.630467,1687
85.54433,27.630468,1687
85.544343,27.630469,1687
85.544357,27.630472,1687
85.54437,27.630476,1687
85.544386,27.630482,1687
85.544403,27.630487,1687
85.544418,27.630491,1687
85.544434,27.630493,1687
85.54445,27.630497,1687
85.544465,27.630501,1687
85.54448,27.630506,1687
85.544496,27.630511,1687
85.544511,27.630514,1687
85.544526,27.630515,1687
85.54454,27.630514,1687
85.544554,27.630514,1687
85.544569,27.630512,1687
85.544583,27.630508,1687
85.544595,27.630503,1687
85.544608,27.630497,1687
85.544622,27.630493,1687
85.544638,27.630491,1687
85.544654,27.63049,1687
85.54467,27.630486,1687
85.544685,27.630482,1687
85.5447,27.630479,1685
85.544715,27.630475,1685
85.544731,27.63047,1685
85.544745,27.630463,1685
85.544761,27.630457,1685
85.544776,27.63045,1685
85.544791,27.630444,1685
85.544805,27.630439,1685
85.54482,27.630435,1685
85.544835,27.630432,1685
85.544848,27.63043,1685
85.544861,27.630429,1685
85.544874,27.630433,1685
85.544886,27.630437,1685
85.544899,27.63044,1685
85.544911,27.630443,1685
85.544924,27.630444,1685
85.54494,27.630446,1685
85.544955,27.630445,1685
85.54497,27.630441,1685
85.544985,27.630435,1685
85.545,27.630428,1684
85.545015,27.63042,1684
85.545029,27.63041,1684
85.545043,27.630399,1684
85.545056,27.630387,1684
85.545069,27.630376,1684
85.545081,27.630365,1683
85.545092,27.630353,1683
85.545103,27.630342,1683
85.545113,27.630331,1683
85.545123,27.63032,1683
85.545133,27.630308,1683
85.545141,27.630298,1682
85.545149,27.630291,1682
85.545159,27.630286,1682
85.545169,27.630284,1682
85.545178,27.630282,1682
85.545184,27.630281,1682
85.545191,27.63028,1682
85.545197,27.630278,1682
85.545208,27.630277,1682
85.545207,27.630277,1682
85.545205,27.630278,1682
85.545208,27.630277,1682
85.54521,27.630278,1682
85.545213,27.63028,1682
85.545208,27.630277,1682
85.545195,27.630275,1682
85.545194,27.630274,1682
85.54519,27.630268,1682
85.545185,27.630263,1682
85.545183,27.63026,1682
85.54518,27.630253,1682
85.545173,27.630253,1682
85.545172,27.630253,1682
85.545162,27.630252,1682
85.545158,27.63025,1682
85.545152,27.630253,1682
85.545143,27.630255,1682
85.54514,27.630257,1682
85.545133,27.630263,1682
85.545132,27.630275,1682
85.545133,27.630277,1682
85.54514,27.630278,1682
85.545141,27.630278,1682
85.545144,27.630279,1682
85.545147,27.63028,1682
85.545151,27.630281,1682
85.545157,27.630285,1682
85.545155,27.630286,1682
85.545152,27.630287,1682
85.545147,27.630286,1682
85.545142,27.630284,1682
85.545137,27.630281,1682
85.545132,27.630278,1682
85.545126,27.630273,1682
85.545122,27.630266,1682
85.545119,27.630257,1682
85.545118,27.630247,1682
85.54512,27.630238,1682
85.545124,27.630228,1682
85.545127,27.630216,1682
85.54513,27.630205,1682
85.545131,27.630193,1682
85.545132,27.630182,1682
85.545132,27.630171,1682
85.545133,27.630158,1682
85.545133,27.630146,1682
85.545133,27.630133,1682
85.545133,27.630121,1682
85.545132,27.630109,1682
85.545131,27.630098,1682
85.545129,27.630085,1682
85.545128,27.630073,1682
85.545128,27.630062,1682
85.545129,27.630052,1682
85.545131,27.630042,1682
85.545131,27.630032,1682
85.545133,27.630021,1682
85.545134,27.630009,1682
85.545135,27.629998,1682
85.545134,27.629986,1682
85.545134,27.629975,1682
85.545134,27.629963,1682
85.545135,27.629953,1682
85.545135,27.629941,1682
85.545135,27.62993,1682
85.545135,27.629919,1682
85.545137,27.629907,1682
85.545142,27.629894,1682
85.545146,27.62988,1682
85.545151,27.629868,1682
85.545156,27.629856,1682
85.545161,27.629844,1677
85.545168,27.629832,1677
85.545175,27.62982,1677
85.545182,27.629809,1676
85.54519,27.629798,1676
85.545198,27.629787,1676
85.545206,27.629775,1676
85.545213,27.629763,1676
85.545221,27.629751,1676
85.545229,27.62974,1676
85.545238,27.62973,1675
85.545247,27.629719,1675
85.545257,27.629709,1675
85.545267,27.629699,1675
85.545276,27.62969,1675
85.545286,27.629679,1675
85.545295,27.62967,1675
85.545302,27.629662,1674
85.545309,27.629653,1674
85.545315,27.629644,1674
85.545322,27.629634,1674
85.545331,27.629625,1674
85.545342,27.629616,1674
85.545352,27.629608,1674
85.545361,27.629599,1674
85.545371,27.629591,1673
85.54538,27.629581,1673
85.54539,27.629571,1673
85.545401,27.629561,1673
85.545413,27.629549,1673
85.545426,27.629537,1673
85.545439,27.629524,1673
85.545451,27.629512,1672
85.545462,27.629499,1672
85.545472,27.629488,1672
85.54548,27.629477,1672
85.545486,27.629465,1672
85.545492,27.629452,1672
85.545499,27.62944,1672
85.545508,27.629429,1672
85.545517,27.629416,1672
85.545525,27.629403,1671
85.545532,27.629391,1671
85.545539,27.629381,1671
85.545546,27.629371,1671
85.545551,27.629359,1671
85.545553,27.629347,1671
85.545554,27.629333,1671
85.545557,27.629318,1670
85.54556,27.629303,1670
85.545563,27.629288,1670
85.545565,27.629275,1670
85.545566,27.629261,1670
85.545567,27.629248,1670
85.545567,27.629235,1670
85.545566,27.629223,1670
85.545564,27.629211,1670
85.545561,27.629198,1670
85.545558,27.629185,1670
85.545556,27.629172,1670
85.545553,27.629158,1669
85.54555,27.629145,1669
85.545547,27.629132,1669
85.545545,27.629119,1669
85.545542,27.629108,1669
85.54554,27.629097,1669
85.545539,27.629087,1669
85.545539,27.629079,1669
85.54554,27.629073,1669
85.54554,27.629065,1669
85.545538,27.629058,1669
85.545537,27.62905,1669
85.545537,27.629042,1669
85.545541,27.629032,1669
85.545547,27.629021,1669
85.545553,27.629008,1669
85.545559,27.628993,1669
85.545563,27.628979,1668
85.545566,27.628963,1668
85.545568,27.628947,1668
85.545572,27.628933,1668
85.545577,27.628919,1668
85.545585,27.628908,1668
85.545594,27.628899,1668
85.545604,27.628889,1668
85.545613,27.628879,1668
85.545622,27.628869,1668
85.545631,27.628861,1668
85.545641,27.628853,1668
85.545652,27.628845,1668
85.545662,27.628837,1667
85.545671,27.628829,1667
85.545681,27.62882,1667
85.54569,27.62881,1667
85.545699,27.628801,1667
85.545706,27.628792,1667
85.545713,27.628783,1667
85.54572,27.628774,1667
85.545728,27.628764,1667
85.545736,27.628754,1667
85.545744,27.628745,1667
85.54575,27.628735,1667
85.545756,27.628727,1667
85.545766,27.628719,1667
85.545777,27.62871,1667
85.545788,27.628701,1666
85.545798,27.628691,1666
85.545808,27.628681,1666
85.545817,27.628669,1666
85.545825,27.628657,1666
85.545834,27.628645,1666
85.545842,27.628631,1666
85.54585,27.628618,1666
85.545858,27.628604,1665
85.545866,27.628592,1665
85.545874,27.62858,1665
85.545883,27.628569,1665
85.545892,27.628559,1665
85.5459,27.628549,1665
85.545908,27.62854,1665
85.545915,27.628531,1665
85.545923,27.628524,1664
85.54593,27.628514,1664
85.545937,27.628506,1664
85.545943,27.628497,1664
85.545948,27.628488,1664
85.545955,27.628479,1664
85.545962,27.628469,1663
85.545969,27.628458,1663
85.545976,27.628448,1663
85.545984,27.628437,1663
85.545994,27.628426,1663
85.546004,27.628416,1663
85.546013,27.628406,1662
85.546021,27.628396,1662
85.546028,27.628387,1662
85.546035,27.628376,1662
85.54604,27.628365,1662
85.546044,27.628354,1662
85.546048,27.628342,1661
85.546051,27.628329,1661
85.546052,27.628317,1661
85.546053,27.628303,1661
85.546054,27.628289,1661
85.546055,27.628275,1661
85.546055,27.628259,1661
85.546053,27.628243,1660
85.546051,27.628228,1660
85.546048,27.628215,1660
85.546042,27.628203,1660
85.546034,27.62819,1660
85.546028,27.628179,1660
85.546023,27.628169,1660
85.546019,27.62816,1659
85.546014,27.62815,1659
85.546008,27.628141,1659
85.546003,27.628132,1659
85.545997,27.628122,1659
85.54599,27.628113,1659
85.545983,27.628103,1658
85.545973,27.628092,1658
85.545963,27.628082,1658
85.545953,27.628073,1658
85.545945,27.628063,1658
85.545937,27.628055,1658
85.545927,27.628047,1657
85.545916,27.628039,1657
85.545906,27.628031,1657
85.545897,27.628023,1657
85.545887,27.628016,1657
85.545877,27.62801,1656
85.545866,27.628003,1656
85.545854,27.627997,1656
85.545843,27.627992,1656
85.545833,27.627987,1656
85.545826,27.627981,1655
85.545821,27.627976,1655
85.545817,27.627972,1655
85.545813,27.627969,1655
85.54581,27.627968,1655
85.545804,27.627966,1655
85.545791,27.627967,1655
85.545787,27.627965,1655
85.545788,27.627966,1655
85.545784,27.627972,1655
85.545781,27.627972,1655
85.545774,27.627971,1655
85.545762,27.627969,1655
85.545748,27.627968,1655
85.545733,27.627966,1654
85.545719,27.627965,1654
85.545703,27.627965,1654
85.545687,27.627965,1653
85.54567,27.627965,1653
85.545654,27.627966,1652
85.545636,27.627967,1652
85.545617,27.627967,1652
85.545601,27.627967,1652
85.545586,27.627967,1652
85.545572,27.627969,1652
85.545558,27.62797,1652
85.545542,27.62797,1651
85.545529,27.627968,1651
85.545519,27.627962,1651
85.54551,27.627956,1651
85.545506,27.627947,1651
85.545503,27.627938,1651
85.545502,27.627926,1650
85.5455,27.627913,1650
85.545501,27.627901,1650
85.545505,27.627888,1650
85.545509,27.627875,1650
85.545516,27.627862,1650
85.545523,27.62785,1650
85.545532,27.627839,1650
85.54554,27.627827,1650
85.545548,27.627814,1649
85.545556,27.627803,1649
85.545565,27.627793,1649
85.545575,27.627784,1649
85.545586,27.627775,1649
85.545597,27.627765,1648
85.545608,27.627757,1648
85.545619,27.62775,1648
85.545629,27.627744,1648
85.545639,27.627736,1648
85.545648,27.627728,1647
85.545658,27.627717,1647
85.545668,27.627707,1647
85.545679,27.627697,1646
85.545689,27.627688,1646
85.545699,27.62768,1646
85.545709,27.627672,1646
85.545718,27.627664,1646
85.545729,27.627656,1646
85.545741,27.627648,1646
85.545752,27.627641,1645
85.545762,27.627632,1645
85.545772,27.627624,1644
85.545782,27.627616,1644
85.545792,27.627609,1644
85.545804,27.627603,1644
85.545816,27.627597,1644
85.545827,27.627591,1644
85.545837,27.627585,1643
85.545846,27.627579,1643
85.545855,27.627573,1643
85.545865,27.627566,1643
85.545874,27.627559,1643
85.545882,27.627554,1642
85.545891,27.627549,1642
85.545902,27.627543,1642
85.545914,27.627537,1642
85.545925,27.627531,1642
85.545936,27.627524,1641
85.545948,27.627517,1641
85.545959,27.627511,1641
85.545969,27.627504,1641
85.545977,27.627497,1641
85.545985,27.627489,1641
85.545992,27.62748,1640
85.545997,27.627473,1640
85.546003,27.627467,1640
85.546011,27.627461,1639
85.546018,27.627453,1639
85.546027,27.627445,1639
85.546036,27.627437,1639
85.546046,27.62743,1639
85.546056,27.627423,1639
85.546065,27.627415,1638
85.546075,27.627408,1638
85.546084,27.627402,1638
85.546093,27.627397,1638
85.5461,27.627392,1638
85.546106,27.627386,1638
85.546113,27.627379,1638
85.546121,27.627371,1638
85.546129,27.627362,1638
85.546137,27.627353,1638
85.546144,27.627344,1638
85.546149,27.627334,1638
85.546152,27.627323,1638
85.546154,27.627312,1638
85.546155,27.627302,1638
85.546155,27.627295,1637
85.546156,27.627288,1637
85.546156,27.62728,1637
85.546155,27.627271,1637
85.546155,27.627263,1637
85.546154,27.627254,1637
85.546153,27.627244,1637
85.546151,27.627233,1637
85.546149,27.627221,1637
85.546146,27.627208,1637
85.546142,27.627195,1637
85.546138,27.627183,1637
85.546133,27.627171,1637
85.546131,27.627157,1637
85.546128,27.627144,1636
85.546125,27.627131,1636
85.546122,27.627118,1636
85.54612,27.627106,1636
85.546117,27.627095,1636
85.546116,27.627086,1636
85.546114,27.627076,1636
85.546111,27.627067,1636
85.546109,27.627058,1636
85.546108,27.627047,1636
85.546107,27.627034,1636
85.546106,27.627022,1636
85.546107,27.627008,1636
85.546107,27.626995,1636
85.546107,27.626982,1636
85.546106,27.626969,1636
85.546105,27.626956,1636
85.546105,27.626943,1636
85.546106,27.626929,1636
85.546108,27.626915,1636
85.546112,27.626901,1636
85.546116,27.626887,1636
85.54612,27.626874,1636
85.546124,27.626862,1636
85.546128,27.62685,1636
85.546134,27.626839,1636
85.546141,27.626828,1636
85.54615,27.626818,1636
85.546159,27.626808,1636
85.546169,27.626798,1636
85.54618,27.62679,1636
85.546191,27.626781,1636
85.546203,27.626773,1636
85.546216,27.626764,1636
85.546228,27.626755,1636
85.54624,27.626746,1636
85.546252,27.626737,1636
85.546265,27.626728,1636
85.546278,27.626721,1636
85.54629,27.626713,1636
85.546301,27.626704,1634
85.546312,27.626696,1634
85.546324,27.626688,1634
85.546338,27.626682,1634
85.546353,27.626675,1634
85.546367,27.626669,1634
85.546381,27.626664,1634
85.546395,27.62666,1634
85.546408,27.626655,1634
85.546423,27.626651,1634
85.546438,27.626646,1634
85.546452,27.626641,1634
85.546468,27.626636,1634
85.546482,27.626632,1633
85.546497,27.626628,1633
85.546511,27.626622,1633
85.546523,27.626615,1633
85.546533,27.626605,1633
85.546542,27.626595,1633
85.546552,27.626587,1633
85.546563,27.626579,1633
85.546576,27.626574,1632
85.546589,27.62657,1632
85.546602,27.626565,1632
85.546615,27.62656,1632
85.546628,27.626555,1632
85.54664,27.626549,1632
85.546654,27.626542,1632
85.546668,27.626535,1631
85.54668,27.626528,1631
85.546689,27.626522,1631
85.546699,27.626515,1631
85.54671,27.626508,1631
85.546722,27.626502,1631
85.546733,27.626497,1631
85.546744,27.626491,1631
85.546755,27.626484,1630
85.546768,27.626478,1630
85.546782,27.626472,1630
85.546795,27.626467,1630
85.546809,27.626463,1630
85.546824,27.626459,1630
85.546838,27.626455,1629
85.546854,27.62645,1629
85.546869,27.626444,1629
85.546883,27.626438,1629
85.546897,27.626432,1629
85.546912,27.626425,1629
85.546926,27.626419,1628
85.546938,27.626413,1628
85.54695,27.626407,1628
85.54696,27.626401,1628
85.546973,27.626393,1628
85.546987,27.626385,1628
85.546999,27.626379,1628
85.547013,27.626374,1628
85.547027,27.626369,1628
85.547042,27.626363,1628
85.547058,27.626356,1628
85.547074,27.626351,1628
85.547092,27.626346,1627
85.547109,27.626342,1627
85.547124,27.626337,1627
85.547136,27.626333,1626
85.547147,27.626328,1626
85.547156,27.626323,1626
85.547168,27.626317,1626
85.54718,27.626311,1626
85.547193,27.626306,1626
85.547205,27.6263,1625
85.547217,27.626293,1625
85.547229,27.626285,1625
85.547241,27.626278,1625
85.547254,27.626272,1625
85.547265,27.626267,1625
85.547279,27.626263,1625
85.547294,27.626258,1624
85.547308,27.626254,1624
85.547323,27.626249,1624
85.547336,27.626245,1624
85.547351,27.626241,1624
85.547367,27.626236,1624
85.547382,27.626229,1624
85.547398,27.626222,1624
85.547413,27.626216,1624
85.547426,27.626209,1623
85.54744,27.626203,1623
85.547452,27.626199,1623
85.547466,27.626195,1623
85.547478,27.626191,1623
85.547491,27.626189,1623
85.547506,27.626185,1622
85.547522,27.62618,1622
85.547537,27.626175,1622
85.547552,27.626169,1622
85.547567,27.626164,1622
85.547582,27.626157,1622
85.547596,27.626152,1621
85.54761,27.626146,1621
85.547623,27.62614,1621
85.547636,27.626133,1621
85.547649,27.626127,1621
85.547663,27.62612,1621
85.547676,27.626113,1620
85.547689,27.626103,1620
85.547703,27.626094,1620
85.547718,27.626084,1620
85.547731,27.626075,1620
85.547744,27.626066,1620
85.547756,27.626057,1619
85.547769,27.626049,1619
85.547782,27.626041,1619
85.547795,27.626033,1619
85.547806,27.626025,1618
85.547815,27.626018,1618
85.547825,27.62601,1618
85.547834,27.626001,1618
85.547873,27.625975,1616
85.547875,27.625975,1616
85.54788,27.625976,1616
85.547882,27.625976,1616
85.547886,27.625976,1616
85.547892,27.625976,1616
85.547901,27.625977,1616
85.547909,27.625977,1616
85.547919,27.625978,1616
85.54793,27.62598,1616
85.547944,27.625982,1616
85.547963,27.625983,1616
85.547983,27.625981,1616
85.548004,27.62598,1616
85.548022,27.62598,1616
85.54804,27.625981,1616
85.548057,27.625983,1616
85.548073,27.625984,1615
85.548087,27.625988,1615
85.548101,27.625992,1615
85.548115,27.625992,1615
85.548129,27.62599,1615
85.548144,27.625988,1615
85.548157,27.625984,1615
85.548172,27.625979,1615
85.548189,27.625973,1615
85.548207,27.625965,1615
85.548224,27.625956,1615
85.54824,27.625946,1614
85.548256,27.625935,1614
85.54827,27.625924,1614
85.548284,27.625913,1614
85.548298,27.625902,1614
85.548311,27.625892,1614
85.548324,27.625881,1614
85.548338,27.625869,1614
85.54835,27.625858,1614
85.548362,27.625847,1614
85.548374,27.625837,1614
85.548385,27.625827,1614
85.548397,27.625817,1614
85.548408,27.625807,1614
85.548416,27.625797,1614
85.548424,27.625788,1614
85.548432,27.625778,1614
85.548438,27.625767,1614
85.548444,27.625755,1614
85.548452,27.625743,1614
85.548462,27.625731,1614
85.548473,27.625721,1614
85.548484,27.625712,1614
85.548495,27.625702,1614
85.548508,27.625694,1614
85.548522,27.625687,1614
85.548536,27.625679,1614
85.548549,27.62567,1614
85.548563,27.62566,1614
85.548576,27.62565,1614
85.548588,27.62564,1614
85.548599,27.62563,1614
85.548611,27.625619,1614
85.548624,27.625611,1614
85.548637,27.625603,1614
85.548649,27.625593,1614
85.548661,27.625583,1614
85.548672,27.625572,1613
85.548684,27.625561,1613
85.548695,27.62555,1613
85.548706,27.62554,1613
85.548718,27.62553,1613
85.548727,27.625519,1613
85.548736,27.625509,1613
85.548745,27.625499,1613
85.548754,27.625489,1613
85.548764,27.625478,1613
85.548774,27.62547,1613
85.548785,27.625462,1613
85.548795,27.625455,1613
85.548804,27.625448,1613
85.548814,27.62544,1613
85.548824,27.625432,1613
85.548833,27.625423,1613
85.548842,27.625414,1613
85.548852,27.625403,1613
85.548861,27.625391,1613
85.54887,27.62538,1613
85.548879,27.625368,1613
85.548887,27.625356,1613
85.548897,27.625345,1613
85.548906,27.625335,1613
85.548917,27.625324,1613
85.548927,27.625315,1613
85.548936,27.625305,1613
85.548945,27.625295,1613
85.548955,27.625285,1613
85.548964,27.625275,1613
85.548974,27.625265,1613
85.548983,27.625255,1613
85.548992,27.625245,1613
85.548999,27.625236,1613
85.549005,27.625225,1613
85.549013,27.625215,1611
85.549019,27.625204,1611
85.549025,27.625192,1611
85.54903,27.625178,1611
85.549035,27.625164,1611
85.549041,27.625149,1611
85.549046,27.625136,1611
85.549051,27.625122,1611
85.549056,27.625108,1611
85.549061,27.625095,1611
85.549066,27.625083,1611
85.54907,27.625072,1611
85.549074,27.62506,1611
85.549078,27.625049,1611
85.549083,27.625035,1611
85.549087,27.625021,1611
85.54909,27.625005,1611
85.549092,27.62499,1611
85.549093,27.624974,1610
85.549089,27.62496,1610
85.549087,27.624946,1610
85.549089,27.624933,1610
85.54909,27.624919,1610
85.549089,27.624906,1610
85.549089,27.624892,1610
85.549091,27.624879,1610
85.549094,27.624867,1610
85.549097,27.624855,1610
85.5491,27.624843,1610
85.549104,27.624831,1609
85.549107,27.624816,1609
85.549108,27.6248,1609
85.549109,27.624785,1609
85.549112,27.624771,1609
85.549116,27.624759,1609
85.549121,27.624746,1609
85.549127,27.624734,1609
85.549134,27.624723,1609
85.54914,27.624713,1609
85.549145,27.624705,1609
85.549151,27.624698,1609
85.549159,27.624691,1608
85.549167,27.624684,1608
85.549175,27.624677,1608
85.549183,27.62467,1608
85.549192,27.624662,1608
85.549202,27.624654,1608
85.549214,27.624646,1607
85.549226,27.624637,1607
85.549239,27.624627,1607
85.54925,27.624617,1607
85.549261,27.624607,1607
85.549273,27.624598,1607
85.549284,27.624589,1607
85.549296,27.624582,1606
85.549308,27.624575,1606
85.549321,27.624568,1606
85.549333,27.62456,1606
85.549346,27.624549,1606
85.549356,27.624537,1606
85.549366,27.624524,1605
85.549374,27.624513,1605
85.549384,27.624501,1605
85.549392,27.624491,1605
85.5494,27.624481,1605
85.549408,27.624472,1605
85.549415,27.624463,1605
85.549424,27.624455,1605
85.549433,27.624445,1605
85.549442,27.624436,1605
85.549449,27.624424,1605
85.549455,27.624412,1605
85.54946,27.624399,1605
85.549466,27.624386,1605
85.549474,27.624376,1605
85.549483,27.624366,1605
85.549493,27.624356,1605
85.549505,27.624344,1605
85.549515,27.624332,1605
85.549527,27.62432,1604
85.549541,27.62431,1604
85.549554,27.6243,1604
85.549568,27.624291,1604
85.549583,27.624281,1604
85.549598,27.624269,1604
85.549611,27.624258,1604
85.549623,27.624248,1604
85.549635,27.624238,1604
85.549644,27.624228,1604
85.549651,27.624217,1604
85.549659,27.624208,1604
85.54967,27.624197,1604
85.549682,27.624187,1604
85.549695,27.62418,1604
85.549706,27.624177,1604
85.549719,27.624176,1604
85.549733,27.624176,1604
85.549748,27.624177,1604
85.549763,27.624177,1604
85.549779,27.624178,1604
85.549794,27.624176,1604
85.549809,27.624174,1604
85.549824,27.624168,1604
85.549838,27.624161,1604
85.549853,27.624152,1604
85.549867,27.624143,1604
85.54988,27.624133,1604
85.549894,27.624123,1604
85.549909,27.624113,1604
85.549922,27.624103,1604
85.549935,27.624094,1604
85.549946,27.624086,1604
85.549957,27.624078,1604
85.549968,27.624071,1604
85.54998,27.624064,1604
85.549992,27.624059,1604
85.550005,27.624055,1604
85.550018,27.624051,1604
85.550029,27.624048,1605
85.550041,27.624044,1605
85.550053,27.62404,1605
85.550066,27.624035,1605
85.550078,27.624029,1605
85.55009,27.62402,1605
85.5501,27.62401,1605
85.55011,27.624001,1605
85.550119,27.623992,1605
85.55013,27.623984,1605
85.55014,27.623976,1605
85.550149,27.623968,1605
85.55016,27.62396,1605
85.550171,27.623951,1605
85.550181,27.623944,1605
85.550191,27.623936,1605
85.5502,27.623929,1605
85.55021,27.623921,1605
85.550219,27.623915,1605
85.550229,27.623909,1605
85.550238,27.623903,1605
85.550248,27.623896,1605
85.550258,27.623889,1605
85.550266,27.623883,1606
85.550273,27.623876,1606
85.55028,27.623869,1606
85.550289,27.62386,1606
85.550298,27.623854,1606
85.550307,27.623848,1606
85.550317,27.623842,1607
85.550326,27.623834,1607
85.550333,27.623825,1607
85.550341,27.623815,1607
85.55035,27.623806,1607
85.550357,27.623798,1607
85.550363,27.62379,1607
85.55037,27.62378,1607
85.550377,27.623769,1607
85.550384,27.62376,1607
85.550391,27.62375,1608
85.5504,27.623741,1608
85.550409,27.623732,1608
85.55042,27.623725,1608
85.55043,27.623718,1608
85.550441,27.62371,1608
85.550451,27.623703,1608
85.55046,27.623698,1608
85.550469,27.623694,1608
85.550476,27.62369,1608
85.550485,27.623687,1608
85.550496,27.623683,1609
85.550506,27.623679,1609
85.550515,27.623676,1609
85.550521,27.623673,1609
85.550527,27.623669,1609
85.550533,27.623665,1609
85.550539,27.62366,1609
85.550546,27.623657,1609
85.550553,27.623654,1609
85.550562,27.623651,1609
85.550572,27.623645,1609
85.550582,27.623638,1609
85.550592,27.623633,1609
85.550601,27.623628,1609
85.550611,27.623624,1609
85.550621,27.623622,1609
85.550633,27.62362,1609
85.550646,27.623616,1609
85.55066,27.623613,1610
85.550672,27.623611,1610
85.550684,27.62361,1610
85.550696,27.623609,1610
85.550708,27.623608,1610
85.550721,27.623603,1610
85.550734,27.623597,1610
85.550746,27.623591,1610
85.550757,27.623585,1610
85.550768,27.623581,1610
85.550779,27.623579,1610
85.550789,27.623578,1610
85.5508,27.623576,1610
85.550811,27.623574,1610
85.550821,27.623572,1610
85.550831,27.623569,1610
85.550843,27.623568,1611
85.550854,27.623565,1611
85.550864,27.623561,1611
85.550875,27.623559,1611
85.550884,27.623558,1611
85.550894,27.623557,1611
85.550904,27.623558,1611
85.550915,27.623559,1611
85.550926,27.623559,1612
85.550938,27.623558,1612
85.550949,27.623555,1612
85.55096,27.62355,1612
85.550972,27.623544,1612
85.550985,27.623538,1612
85.550997,27.623532,1612
85.551009,27.623526,1612
85.55102,27.62352,1612
85.551031,27.623515,1612
85.551041,27.62351,1612
85.551052,27.623504,1612
85.551063,27.6235,1612
85.551075,27.623495,1612
85.551087,27.623492,1613
85.5511,27.623488,1613
85.551113,27.623485,1613
85.551125,27.623483,1613
85.551138,27.62348,1613
85.551152,27.623478,1613
85.551164,27.623476,1613
85.551177,27.623474,1613
85.55119,27.623472,1613
85.551204,27.62347,1613
85.551216,27.623468,1613
85.55123,27.623466,1613
85.551243,27.623463,1613
85.551255,27.623462,1613
85.551268,27.62346,1613
85.55128,27.623458,1613
85.551293,27.623456,1613
85.551306,27.623455,1613
85.551319,27.623454,1613
85.551332,27.623453,1614
85.551344,27.623453,1614
85.551356,27.623452,1614
85.551367,27.623451,1614
85.551379,27.623448,1614
85.55139,27.623446,1614
85.551401,27.623446,1614
85.551411,27.623447,1614
85.551422,27.62345,1614
85.551432,27.623454,1614
85.551443,27.623456,1614
85.551455,27.623457,1614
85.551467,27.623456,1614
85.551481,27.623455,1614
85.551494,27.623454,1614
85.551508,27.623452,1614
85.551522,27.623451,1614
85.551535,27.62345,1615
85.551548,27.623448,1615
85.551562,27.623445,1615
85.551575,27.623441,1615
85.551588,27.623438,1615
85.551599,27.623434,1615
85.551609,27.623432,1615
85.551619,27.623431,1615
85.551629,27.623428,1615
85.551639,27.623425,1615
85.55165,27.623423,1615
85.551662,27.62342,1615
85.551674,27.623417,1615
85.551688,27.623413,1615
85.551702,27.623409,1615
85.551715,27.623405,1615
85.551728,27.623402,1615
85.55174,27.623398,1615
85.551753,27.623395,1615
85.551765,27.623392,1615
85.551777,27.623388,1616
85.55179,27.623386,1616
85.551804,27.623382,1616
85.551817,27.623379,1616
85.551829,27.623376,1616
85.551841,27.623372,1616
85.551852,27.62337,1616
85.551864,27.623366,1616
85.551874,27.623361,1616
85.551883,27.623356,1616
85.551891,27.623349,1616
85.5519,27.623342,1616
85.551909,27.623333,1616
85.551918,27.623322,1616
85.551927,27.623311,1616
85.551937,27.6233,1616
85.551948,27.62329,1616
85.551959,27.623282,1616
85.55197,27.623276,1616
85.551979,27.62327,1616
85.551988,27.623266,1617
85.551998,27.623262,1617
85.552009,27.623256,1617
85.552019,27.623251,1617
85.552029,27.623246,1617
85.552039,27.623241,1617
85.552049,27.623234,1617
85.552059,27.623228,1617
85.552069,27.623222,1617
85.552079,27.623216,1617
85.552089,27.623209,1617
85.552099,27.623202,1617
85.552107,27.623194,1617
85.552115,27.623187,1617
85.552125,27.623178,1618
85.552136,27.62317,1618
85.55215,27.623162,1618
85.552164,27.623155,1618
85.552178,27.623149,1618
85.552192,27.623142,1618
85.552206,27.623135,1618
85.552219,27.623128,1618
85.55223,27.623121,1618
85.552241,27.623113,1618
85.552253,27.623105,1618
85.552263,27.623098,1618
85.552272,27.623093,1618
85.552281,27.623088,1618
85.552289,27.623084,1618
85.552298,27.623077,1618
85.552306,27.623069,1618
85.552314,27.62306,1618
85.552321,27.623052,1618
85.552327,27.623044,1618
85.552332,27.623035,1619
85.552336,27.623025,1619
85.552336,27.623016,1619
85.552335,27.623007,1619
85.552333,27.622998,1619
85.552332,27.62299,1619
85.552332,27.622979,1619
85.552333,27.622968,1619
85.552334,27.622957,1619
85.552335,27.622946,1619
85.552337,27.622935,1619
85.55234,27.622925,1619
85.552345,27.622916,1619
85.552352,27.622906,1619
85.552359,27.622897,1619
85.552365,27.622889,1619
85.552371,27.622881,1619
85.552376,27.622874,1619
85.552383,27.622866,1619
85.552391,27.622857,1619
85.552399,27.622847,1619
85.552405,27.622837,1619
85.552409,27.622827,1619
85.552415,27.622818,1619
85.552423,27.622808,1620
85.552432,27.6228,1620
85.552443,27.622791,1620
85.552454,27.622784,1620
85.552464,27.622774,1620
85.552474,27.622765,1620
85.552482,27.622756,1620
85.552488,27.622746,1620
85.55249,27.622737,1620
85.552492,27.622727,1620
85.552493,27.622719,1620
85.552495,27.622709,1621
85.552494,27.622699,1621
85.552494,27.622689,1621
85.552495,27.622678,1621
85.552498,27.622667,1621
85.552501,27.622655,1621
85.552504,27.622644,1621
85.552508,27.622634,1621
85.552515,27.622625,1621
85.552524,27.622617,1621
85.552531,27.622609,1621
85.552538,27.6226,1621
85.552545,27.622591,1621
85.552552,27.622582,1621
85.552558,27.622572,1621
85.552563,27.622561,1621
85.552567,27.622551,1621
85.552571,27.622541,1621
85.552576,27.622532,1621
85.552582,27.622525,1621
85.552589,27.622516,1621
85.552596,27.622507,1621
85.552604,27.622499,1621
85.552611,27.62249,1621
85.552619,27.622483,1621
85.552626,27.622475,1621
85.552632,27.622467,1621
85.552638,27.622461,1621
85.552645,27.622457,1621
85.552655,27.622454,1621
85.552666,27.622449,1622
85.552676,27.622442,1622
85.552685,27.622434,1622
85.552695,27.622425,1622
85.552705,27.622416,1622
85.552716,27.622409,1622
85.552726,27.622401,1622
85.552736,27.622393,1622
85.552745,27.622387,1622
85.552753,27.62238,1622
85.552761,27.622372,1622
85.55277,27.622364,1622
85.552777,27.622355,1622
85.55278,27.622345,1622
85.552785,27.622337,1622
85.552793,27.622331,1622
85.552803,27.622327,1622
85.552812,27.622322,1622
85.552819,27.622315,1622
85.552824,27.622306,1622
85.55283,27.622295,1622
85.552837,27.622283,1622
85.552844,27.622271,1622
85.552852,27.622261,1622
85.552859,27.622252,1622
85.552866,27.622243,1622
85.552872,27.622236,1622
85.552879,27.62223,1622
85.552887,27.622225,1622
85.552894,27.62222,1622
85.552902,27.622215,1622
85.552909,27.622209,1622
85.552915,27.622204,1622
85.552923,27.622199,1622
85.552931,27.622193,1622
85.55294,27.622186,1622
85.552948,27.622177,1622
85.552955,27.622169,1622
85.552965,27.622162,1622
85.552975,27.622156,1622
85.552985,27.622151,1622
85.552994,27.622146,1622
85.553004,27.622143,1622
85.553013,27.622141,1622
85.553022,27.622135,1622
85.55303,27.622127,1624
85.553039,27.622119,1624
85.55305,27.622112,1624
85.55306,27.622104,1624
85.553068,27.622095,1624
85.553076,27.622087,1624
85.553083,27.622079,1624
85.55309,27.622072,1624
85.553098,27.622065,1624
85.553107,27.622056,1624
85.553115,27.622046,1624
85.553123,27.622036,1624
85.553129,27.622026,1624
85.553135,27.622016,1624
85.553142,27.622006,1624
85.553148,27.621997,1624
85.553158,27.62199,1624
85.55317,27.621984,1624
85.553182,27.621979,1624
85.553193,27.621971,1624
85.553203,27.621962,1624
85.553207,27.621949,1624
85.553213,27.621941,1624
85.553218,27.621934,1624
85.553225,27.621924,1624
85.55323,27.621913,1624
85.553235,27.621903,1624
85.553242,27.621892,1624
85.553249,27.62188,1624
85.553258,27.621868,1624
85.553266,27.621855,1624
85.553276,27.621844,1624
85.553285,27.621832,1624
85.553296,27.621822,1624
85.553306,27.621812,1624
85.553315,27.621801,1624
85.553324,27.621787,1624
85.553331,27.621775,1624
85.553336,27.621763,1624
85.553341,27.621749,1624
85.553347,27.621734,1624
85.553355,27.62172,1624
85.553362,27.621709,1624
85.55337,27.621699,1624
85.553377,27.621689,1624
85.553386,27.621679,1624
85.553394,27.621671,1624
85.553403,27.621662,1624
85.553412,27.621652,1624
85.553419,27.621641,1624
85.553425,27.62163,1624
85.55343,27.621617,1624
85.553435,27.621604,1624
85.55344,27.621591,1624
85.553444,27.621579,1624
85.55345,27.621567,1624
85.553454,27.621554,1624
85.553459,27.621542,1624
85.553464,27.621532,1624
85.55347,27.621522,1624
85.553477,27.621512,1624
85.553483,27.6215,1624
85.553488,27.621489,1624
85.553494,27.621478,1624
85.5535,27.621467,1624
85.553505,27.621457,1625
85.55351,27.621448,1625
85.553514,27.62144,1625
85.553519,27.621431,1625
85.553522,27.621423,1625
85.553524,27.621414,1625
85.553526,27.621405,1625
85.553529,27.621395,1625
85.553532,27.621383,1625
85.553533,27.621372,1625
85.553534,27.62136,1625
85.553536,27.621349,1625
85.553536,27.621338,1625
85.553537,27.621327,1625
85.553537,27.621314,1625
85.553537,27.621302,1625
85.553539,27.621291,1625
85.553543,27.621281,1625
85.553549,27.621272,1625
85.553555,27.621262,1625
85.55356,27.621252,1625
85.553562,27.621241,1625
85.553564,27.621231,1625
85.553566,27.62122,1625
85.553569,27.62121,1625
85.553571,27.6212,1626
85.553574,27.621188,1626
85.553576,27.621175,1626
85.553578,27.621161,1626
85.553581,27.621146,1626
85.55358,27.621132,1626
85.553577,27.621119,1626
85.553573,27.621107,1626
85.553567,27.621098,1626
85.553555,27.621093,1626
85.553542,27.621089,1626
85.553531,27.621082,1626
85.553521,27.621075,1626
85.553512,27.621066,1626
85.553503,27.621062,1626
85.553494,27.621059,1626
85.553488,27.621054,1626
85.553482,27.621049,1626
85.553476,27.621043,1626
85.553471,27.621036,1626
85.553467,27.621028,1626
85.553462,27.621022,1626
85.553457,27.621015,1626
85.553453,27.621007,1626
85.553448,27.621001,1626
85.553442,27.620996,1626
85.553436,27.620991,1626
85.553429,27.620986,1626
85.553422,27.620978,1626
85.553415,27.62097,1626
85.553408,27.620962,1626
85.553398,27.620955,1626
85.553389,27.620947,1626
85.553379,27.620939,1626
85.553368,27.620931,1626
85.553354,27.620924,1626
85.553339,27.620917,1626
85.553328,27.62091,1626
85.55332,27.6209,1626
85.553316,27.620889,1626
85.553314,27.620876,1626
85.553314,27.620863,1626
85.553316,27.62085,1626
85.553318,27.620838,1626
85.55332,27.620829,1626
85.55332,27.620821,1626
85.553319,27.620813,1626
85.553318,27.620805,1627
85.553316,27.620797,1627
85.553315,27.620788,1627
85.553314,27.620778,1627
85.553313,27.620769,1627
85.553312,27.620759,1627
85.553311,27.620748,1628
85.55331,27.620736,1628
85.553312,27.620719,1628
85.553314,27.620699,1628
85.55331,27.620682,1628
85.553304,27.620662,1628
85.553295,27.620641,1628
85.553283,27.62062,1628
85.553274,27.620602,1628
85.553275,27.620592,1628
85.553281,27.620587,1628
85.553288,27.620585,1628
85.553297,27.620585,1628
85.553306,27.620587,1628
85.553318,27.62059,1628
85.553327,27.620589,1628
85.553333,27.620585,1628
85.553334,27.620576,1628
85.553333,27.620565,1628
85.55333,27.620554,1628
85.553326,27.620544,1628
85.553319,27.620535,1628
85.553311,27.620525,1628
85.553305,27.620512,1628
85.553296,27.620496,1628
85.553288,27.620479,1628
85.55328,27.620464,1628
85.553274,27.620448,1628
85.553268,27.620432,1628
85.553262,27.620419,1628
85.553252,27.620407,1628
85.553242,27.620398,1628
85.553233,27.62039,1628
85.553223,27.620382,1628
85.553214,27.620373,1628
85.553207,27.620363,1628
85.553201,27.620353,1628
85.553194,27.620342,1628
85.553187,27.620333,1628
85.55318,27.620322,1628
85.553174,27.62031,1628
85.55317,27.620299,1628
85.55317,27.620287,1628
85.55317,27.620275,1628
85.553171,27.620261,1628
85.55317,27.620251,1628
85.55317,27.620243,1628
85.55317,27.620225,1628
85.55317,27.620224,1628
85.553162,27.620222,1628
85.553161,27.620221,1628
85.553161,27.620217,1628
85.553161,27.620211,1628
85.553162,27.620201,1628
85.553164,27.62019,1628
85.553166,27.620178,1629
85.553167,27.620163,1629
85.553166,27.620149,1629
85.553163,27.620138,1629
85.55316,27.620126,1629
85.55316,27.620114,1629
85.553162,27.620101,1629
85.553163,27.62009,1629
85.553163,27.620079,1629
85.553162,27.620068,1629
85.55316,27.620058,1629
85.553158,27.620047,1629
85.553155,27.620037,1629
85.553151,27.620027,1629
85.553146,27.620016,1629
85.553143,27.620006,1629
85.55314,27.619995,1629
85.553138,27.619985,1629
85.553136,27.619974,1629
85.553136,27.619961,1629
85.553137,27.619944,1629
85.553142,27.619929,1629
85.553148,27.619915,1629
85.553154,27.619904,1629
85.55316,27.619894,1629
85.553163,27.619885,1629
85.553165,27.619876,1629
85.553164,27.619866,1629
85.553163,27.619859,1629
85.553164,27.619853,1629
85.553167,27.619847,1629
85.553169,27.619841,1629
85.553171,27.619835,1629
85.553171,27.619829,1629
85.55317,27.619822,1629
85.553168,27.619815,1629
85.553166,27.619809,1629
85.553163,27.619802,1629
85.55316,27.619794,1629
85.553158,27.619785,1629
85.553155,27.619776,1629
85.553154,27.619769,1629
85.553153,27.619762,1629
85.553153,27.619757,1629
85.553154,27.619753,1629
85.553156,27.61975,1629
85.553157,27.619746,1629
85.553156,27.619742,1629
85.553154,27.619737,1629
85.553149,27.619731,1629
85.553144,27.619724,1629
85.553137,27.619718,1629
85.55313,27.619711,1628
85.55312,27.619704,1628
85.553112,27.619698,1628
85.553103,27.61969,1628
85.553094,27.619682,1628
85.553084,27.619675,1628
85.553076,27.619668,1628
85.553059,27.619652,1628
85.553055,27.61965,1628
85.553055,27.619651,1628
85.553053,27.619651,1628
85.55305,27.619652,1628
85.553045,27.619654,1628
85.55304,27.619656,1628
85.553034,27.619658,1628
85.553029,27.619662,1628
85.553023,27.619666,1628
85.553017,27.619672,1628
85.553011,27.619678,1628
85.553004,27.619685,1628
85.552997,27.619691,1628
85.552992,27.619696,1628
85.552987,27.619699,1628
85.552982,27.619702,1628
85.552977,27.619706,1628
85.552972,27.619709,1628
85.552967,27.619711,1628
85.552966,27.619712,1628
85.552965,27.619713,1628
85.552966,27.619713,1628
85.552967,27.619713,1628
85.552967,27.619712,1628
85.552967,27.619711,1628
85.552968,27.619709,1628
85.552971,27.619706,1628
85.552977,27.619703,1628
85.552983,27.619698,1628
85.552991,27.619695,1628
85.553,27.619692,1628
85.553009,27.619687,1628
85.553018,27.619681,1628
85.553028,27.619676,1628
85.553038,27.619671,1628
85.553049,27.619666,1628
85.553059,27.619661,1628
85.553068,27.619657,1628
85.553075,27.619653,1628
85.553097,27.619639,1628
85.553098,27.619636,1628
85.553104,27.619632,1628
85.55311,27.619625,1628
85.553116,27.619617,1628
85.553122,27.619609,1628
85.553126,27.619602,1628
85.553131,27.619594,1628
85.553137,27.619586,1628
85.553144,27.619579,1628
85.553151,27.619573,1628
85.553158,27.619566,1628
85.553164,27.619559,1628
85.553171,27.619552,1628
85.553178,27.619546,1628
85.553186,27.619539,1628
85.553194,27.619531,1628
85.553201,27.619523,1628
85.553209,27.619514,1628
85.553216,27.619504,1628
85.553224,27.619497,1628
85.553232,27.619491,1628
85.553242,27.619486,1628
85.553252,27.619481,1628
85.553262,27.619476,1628
85.553273,27.61947,1628
85.553283,27.619462,1628
85.553295,27.619454,1628
85.553306,27.619445,1628
85.553315,27.619436,1628
85.553325,27.619426,1628
85.553335,27.619417,1628
85.553345,27.619409,1628
85.553356,27.619401,1628
85.553366,27.619393,1628
85.553376,27.619386,1628
85.553384,27.619378,1628
85.553393,27.619371,1628
85.553402,27.619365,1628
85.553411,27.619358,1628
85.553422,27.619352,1626
85.553434,27.619345,1626
85.553446,27.619339,1626
85.553458,27.619332,1626
85.55347,27.619326,1626
85.553484,27.61932,1626
85.553497,27.619313,1626
85.55351,27.619307,1626
85.553524,27.619302,1626
85.553537,27.619296,1626
85.55355,27.619291,1625
85.553563,27.619287,1625
85.553576,27.619284,1625
85.553588,27.619281,1625
85.5536,27.619276,1625
85.553611,27.61927,1625
85.553621,27.619263,1625
85.553628,27.619256,1625
85.553635,27.619249,1625
85.553644,27.619242,1625
85.553653,27.619235,1625
85.553662,27.619228,1625
85.553672,27.619222,1625
85.553683,27.619215,1625
85.553694,27.619208,1624
85.553706,27.619201,1624
85.553719,27.619194,1624
85.553733,27.619187,1624
85.553747,27.619181,1624
85.553762,27.619176,1624
85.553779,27.619171,1624
85.553795,27.619164,1624
85.553812,27.619157,1624
85.553828,27.619149,1624
85.553844,27.61914,1624
85.553858,27.61913,1623
85.553872,27.61912,1623
85.553886,27.619108,1623
85.553899,27.619097,1623
85.553911,27.619086,1623
85.553923,27.619076,1623
85.553933,27.619065,1623
85.553942,27.619054,1623
85.55395,27.619043,1623
85.553958,27.619031,1623
85.553965,27.619019,1623
85.55397,27.619007,1623
85.553974,27.618996,1623
85.553979,27.618985,1623
85.553981,27.618974,1623
85.553982,27.618962,1623
85.553982,27.618949,1622
85.553981,27.618937,1622
85.553979,27.618925,1622
85.553979,27.618911,1622
85.553979,27.618898,1622
85.55398,27.618884,1622
85.553979,27.61887,1622
85.553977,27.618856,1622
85.553975,27.618842,1622
85.553974,27.618829,1622
85.553974,27.618815,1622
85.553975,27.618802,1622
85.553975,27.618788,1622
85.553974,27.618775,1622
85.553972,27.618762,1622
85.553971,27.618749,1621
85.553969,27.618736,1621
85.553968,27.618723,1621
85.553966,27.618709,1621
85.553965,27.618696,1621
85.553964,27.618684,1621
85.553964,27.61867,1621
85.553964,27.618657,1621
85.553965,27.618644,1621
85.553965,27.61863,1621
85.553965,27.618617,1621
85.553965,27.618603,1621
85.553966,27.61859,1621
85.553967,27.618576,1621
85.553969,27.618562,1621
85.553973,27.618549,1621
85.553975,27.618535,1621
85.553978,27.618524,1621
85.553979,27.618512,1621
85.55398,27.6185,1621
85.55398,27.618488,1621
85.55398,27.618475,1621
85.55398,27.618462,1621
85.553979,27.618451,1621
85.553979,27.618441,1621
85.55398,27.618433,1621
85.553982,27.618424,1621
85.553981,27.618414,1621
85.55398,27.618403,1621
85.553977,27.618393,1621
85.553973,27.618386,1621
85.55397,27.618379,1621
85.553966,27.61837,1621
85.553962,27.61836,1621
85.553958,27.618353,1621
85.553947,27.618335,1621
85.553946,27.618333,1621
85.553947,27.61833,1621
85.553948,27.618322,1621
85.553952,27.618315,1621
85.553961,27.618311,1621
85.553973,27.618307,1621
85.553985,27.618301,1621
85.553996,27.618294,1621
85.554005,27.618284,1621
85.554014,27.618273,1621
85.554024,27.618263,1621
85.554034,27.618254,1621
85.554045,27.618245,1621
85.554057,27.618235,1621
85.554068,27.618225,1621
85.554078,27.618214,1621
85.554088,27.618201,1621
85.554098,27.618189,1619
85.554106,27.618177,1619
85.554113,27.618166,1619
85.554118,27.618155,1619
85.554123,27.618143,1619
85.554128,27.618132,1619
85.554132,27.618121,1619
85.554137,27.618112,1619
85.554142,27.618101,1619
85.554146,27.618089,1619
85.55415,27.618078,1619
85.554152,27.618069,1620
85.554153,27.61806,1620
85.554153,27.618051,1620
85.554154,27.618041,1620
85.554156,27.618029,1620
85.554158,27.618017,1620
85.554161,27.618005,1620
85.554163,27.617994,1620
85.554166,27.617982,1620
85.55417,27.61797,1620
85.554174,27.617958,1620
85.554179,27.617945,1620
85.554182,27.617933,1620
85.554186,27.61792,1621
85.554192,27.617908,1621
85.554195,27.617895,1621
85.554198,27.617881,1621
85.554201,27.617868,1621
85.554205,27.617856,1621
85.554208,27.617843,1621
85.554213,27.61783,1621
85.554218,27.617818,1621
85.55422,27.61781,1621
85.554221,27.6178,1621
85.55422,27.617789,1622
85.554221,27.617778,1622
85.554222,27.617766,1622
85.554222,27.617754,1622
85.554222,27.617741,1622
85.554223,27.61773,1622
85.554223,27.617718,1622
85.554224,27.617708,1622
85.554225,27.6177,1623
85.554224,27.617693,1623
85.554224,27.617687,1623
85.554226,27.617681,1623
85.554229,27.617673,1623
85.554233,27.617665,1623
85.554236,27.617656,1623
85.554238,27.617646,1623
85.554243,27.617637,1623
85.554251,27.617631,1623
85.554261,27.617624,1623
85.554271,27.617616,1623
85.55428,27.617609,1623
85.554289,27.6176,1624
85.554297,27.617591,1624
85.554304,27.617581,1624
85.554311,27.617572,1624
85.554319,27.617564,1624
85.554328,27.617558,1624
85.554337,27.617556,1624
85.554347,27.617555,1624
85.554359,27.617555,1624
85.554372,27.617555,1624
85.554386,27.617557,1624
85.554402,27.61756,1624
85.554419,27.617565,1624
85.554435,27.61757,1624
85.554449,27.617575,1624
85.554462,27.617577,1624
85.554476,27.617574,1624
85.55449,27.617572,1624
85.554505,27.61757,1624
85.554519,27.617567,1624
85.554532,27.617564,1624
85.554543,27.617562,1624
85.554556,27.617561,1624
85.55457,27.617561,1624
85.554584,27.61756,1624
85.554598,27.617558,1624
85.554612,27.617557,1624
85.554628,27.617555,1624
85.554642,27.617555,1624
85.554656,27.617556,1624
85.55467,27.617558,1624
85.554683,27.617558,1624
85.554695,27.617559,1624
85.554706,27.617562,1624
85.554718,27.617564,1624
85.554729,27.617567,1624
85.554739,27.61757,1624
85.55475,27.617573,1624
85.554762,27.617576,1624
85.554773,27.617578,1624
85.554784,27.61758,1624
85.554793,27.617582,1624
85.554801,27.617585,1624
85.554808,27.61759,1624
85.554817,27.617595,1624
85.554825,27.617602,1624
85.554834,27.617609,1624
85.554841,27.617615,1624
85.554847,27.617622,1624
85.554854,27.617629,1624
85.554863,27.617634,1624
85.554874,27.61764,1624
85.554886,27.617644,1624
85.554899,27.617646,1624
85.554912,27.617647,1624
85.554925,27.617648,1624
85.554937,27.617649,1624
85.554949,27.61765,1624
85.554961,27.61765,1624
85.554971,27.617648,1624
85.554982,27.617647,1624
85.554993,27.617647,1624
85.555004,27.617649,1624
85.555014,27.61765,1624
85.555027,27.61765,1624
85.555039,27.61765,1624
85.55505,27.617648,1624
85.555062,27.617646,1624
85.555073,27.617643,1624
85.555086,27.617637,1624
85.555098,27.617631,1624
85.555109,27.617625,1624
85.55512,27.61762,1624
85.555132,27.617618,1625
85.555144,27.617618,1625
85.555157,27.617619,1625
85.555169,27.61762,1625
85.55518,27.617621,1625
85.555192,27.617623,1625
85.555206,27.617622,1625
85.555219,27.617619,1625
85.555232,27.617616,1625
85.555247,27.617612,1625
85.55526,27.617609,1625
85.555275,27.617608,1626
85.555291,27.617606,1626
85.555305,27.617604,1626
85.555318,27.617603,1626
85.555332,27.617601,1626
85.555345,27.617599,1626
85.555358,27.617594,1626
85.555369,27.617587,1626
85.55538,27.617581,1626
85.555392,27.617574,1626
85.555404,27.617568,1626
85.555416,27.61756,1626
85.555427,27.617553,1626
85.555439,27.617546,1627
85.555449,27.617538,1627
85.555458,27.61753,1627
85.555466,27.617522,1627
85.555475,27.617514,1627
85.555486,27.617509,1627
85.555498,27.617502,1627
85.55551,27.617494,1627
85.555522,27.617486,1627
85.555533,27.617478,1627
85.555544,27.617469,1627
85.555556,27.617462,1627
85.555567,27.617452,1627
85.555578,27.617443,1627
85.555589,27.617435,1627
85.555601,27.617427,1627
85.55561,27.617419,1627
85.55562,27.617412,1627
85.555629,27.617406,1627
85.555638,27.617399,1627
85.555649,27.617391,1627
85.555659,27.617382,1627
85.55567,27.617373,1627
85.555682,27.617365,1627
85.555696,27.617357,1627
85.555713,27.617349,1627
85.555729,27.617341,1627
85.555744,27.617333,1627
85.555757,27.617326,1627
85.555766,27.617321,1627
85.555776,27.617318,1627
85.555786,27.617314,1627
85.5558,27.617311,1627
85.555815,27.617306,1627
85.555833,27.6173,1627
85.55585,27.617291,1627
85.555865,27.617281,1627
85.555878,27.617273,1627
85.555893,27.617265,1627
85.555911,27.617259,1627
85.555929,27.617255,1627
85.555947,27.617251,1627
85.555963,27.617245,1627
85.555979,27.617237,1627
85.555993,27.617229,1627
85.556005,27.617218,1627
85.556017,27.61721,1627
85.556028,27.617203,1627
85.55604,27.617198,1627
85.556052,27.617193,1627
85.556066,27.617189,1627
85.556079,27.617184,1627
85.556092,27.617181,1627
85.556104,27.617179,1627
85.556116,27.617178,1627
85.556129,27.617177,1627
85.556142,27.617176,1627
85.556155,27.617174,1627
85.556169,27.617169,1627
85.556183,27.617164,1627
85.556199,27.617159,1627
85.556215,27.617153,1627
85.556229,27.617146,1627
85.556244,27.61714,1627
85.556259,27.617132,1627
85.556276,27.617124,1627
85.556293,27.617117,1627
85.556307,27.617111,1627
85.556322,27.617104,1626
85.556337,27.6171,1626
85.556352,27.617094,1626
85.556366,27.617088,1626
85.55638,27.617082,1626
85.556395,27.617076,1626
85.556409,27.617069,1626
85.556423,27.617063,1626
85.556438,27.617056,1626
85.556453,27.617048,1626
85.556468,27.617042,1626
85.556482,27.617034,1626
85.556496,27.617028,1626
85.55651,27.617022,1626
85.556522,27.617015,1626
85.556536,27.617009,1626
85.556551,27.617006,1626
85.556566,27.617002,1626
85.55658,27.617,1626
85.556595,27.616997,1626
85.556609,27.616995,1626
85.556623,27.616995,1626
85.556639,27.616997,1626
85.556657,27.616997,1626
85.556672,27.616999,1626
85.556686,27.617,1626
85.556699,27.617,1626
85.556714,27.616999,1626
85.556729,27.616997,1626
85.556744,27.616994,1626
85.55676,27.616989,1626
85.556775,27.616983,1626
85.55679,27.616978,1626
85.556803,27.616973,1626
85.556816,27.616967,1626
85.556828,27.616961,1626
85.556842,27.616953,1626
85.556856,27.616945,1626
85.55687,27.616939,1626
85.556883,27.616932,1626
85.556895,27.616924,1626
85.556906,27.616916,1626
85.556917,27.616908,1626
85.556927,27.6169,1626
85.556937,27.616892,1626
85.556946,27.616885,1626
85.556954,27.616878,1626
85.556961,27.61687,1626
85.556967,27.616862,1626
85.556973,27.616852,1626
85.556981,27.616841,1626
85.556989,27.616831,1626
85.556998,27.61682,1626
85.557005,27.616809,1626
85.557014,27.6168,1626
85.557024,27.616792,1626
85.557034,27.616783,1626
85.557045,27.616775,1625
85.557055,27.616767,1625
85.557065,27.616758,1625
85.557072,27.616752,1625
85.557079,27.616742,1625
85.557088,27.616732,1625
85.5571,27.616723,1625
85.557112,27.616715,1625
85.557122,27.616705,1625
85.557134,27.616694,1625
85.557146,27.616683,1625
85.55716,27.616672,1625
85.557175,27.61666,1625
85.557189,27.61665,1625
85.557203,27.616641,1625
85.557215,27.616633,1625
85.557227,27.616626,1625
85.55724,27.616619,1625
85.557255,27.616613,1625
85.557269,27.616609,1625
85.557284,27.616605,1625
85.557301,27.616602,1625
85.557316,27.616599,1625
85.557331,27.616596,1625
85.557345,27.616591,1625
85.557358,27.616585,1625
85.55737,27.616581,1625
85.557383,27.616577,1625
85.557395,27.616573,1625
85.557407,27.616569,1625
85.557419,27.616565,1625
85.557431,27.61656,1625
85.557444,27.616554,1625
85.557455,27.616549,1625
85.557467,27.616543,1625
85.55748,27.616538,1625
85.557492,27.616532,1625
85.557505,27.616528,1625
85.557519,27.616524,1625
85.557531,27.616519,1625
85.557545,27.616512,1625
85.557559,27.616506,1625
85.557572,27.616502,1625
85.557584,27.616499,1625
85.557598,27.616496,1625
85.557612,27.616493,1625
85.557627,27.61649,1625
85.557641,27.616486,1626
85.557654,27.616483,1626
85.557667,27.61648,1626
85.557679,27.616478,1626
85.557692,27.616476,1626
85.557705,27.616475,1627
85.557717,27.616474,1627
85.557728,27.616474,1627
85.55774,27.616473,1627
85.557753,27.616473,1627
85.557767,27.616472,1627
85.557779,27.616471,1627
85.557792,27.61647,1627
85.557806,27.616469,1627
85.557821,27.616469,1627
85.557835,27.61647,1627
85.557849,27.616471,1627
85.557863,27.616472,1627
85.557879,27.616473,1627
85.557893,27.616475,1627
85.557907,27.616478,1627
85.55792,27.616481,1627
85.557932,27.616483,1628
85.557945,27.616486,1628
85.557957,27.616487,1628
85.55797,27.616489,1628
85.557981,27.61649,1628
85.55799,27.616491,1628
85.557996,27.616493,1628
85.558001,27.616496,1628
85.558008,27.616498,1628
85.558015,27.6165,1628
85.558025,27.616502,1628
85.558034,27.616505,1628
85.558046,27.616511,1628
85.558056,27.616516,1629
85.558067,27.616523,1629
85.558078,27.61653,1629
85.558088,27.616537,1629
85.558099,27.616544,1629
85.558113,27.616551,1629
85.558127,27.616556,1629
85.558142,27.61656,1629
85.558155,27.616563,1629
85.558169,27.616566,1629
85.558181,27.61657,1629
85.558193,27.616572,1629
85.558204,27.616574,1629
85.558217,27.616575,1629
85.55823,27.616576,1629
85.558241,27.616577,1629
85.558251,27.616578,1630
85.55826,27.616579,1630
85.558297,27.61658,1630
85.5583,27.61658,1630
85.558306,27.616578,1630
85.558314,27.616576,1630
85.558324,27.616575,1630
85.558337,27.616573,1630
85.55835,27.616572,1630
85.558366,27.616572,1630
85.558381,27.616573,1630
85.558397,27.616573,1630
85.558409,27.616572,1630
85.558437,27.616569,1630
85.558439,27.616566,1630
85.558444,27.616561,1630
85.558451,27.616553,1630
85.55846,27.616543,1630
85.558468,27.616531,1630
85.558477,27.616517,1630
85.558486,27.616502,1630
85.558495,27.616487,1630
85.558506,27.616472,1630
85.558518,27.616458,1630
85.558532,27.616446,1630
85.558544,27.616433,1630
85.558558,27.616421,1630
85.558572,27.616411,1630
85.558585,27.616401,1630
85.558596,27.616393,1630
85.558607,27.616385,1630
85.558619,27.616379,1630
85.558634,27.616373,1630
85.558647,27.616367,1630
85.558662,27.616362,1630
85.558676,27.616356,1631
85.55869,27.616348,1631
85.558703,27.616339,1631
85.558714,27.616331,1631
85.558724,27.616323,1631
85.558734,27.616314,1631
85.558746,27.616304,1631
85.558756,27.616295,1631
85.558765,27.616285,1631
85.558773,27.616271,1631
85.55878,27.616255,1631
85.558786,27.616241,1631
85.558796,27.616228,1631
85.558809,27.616217,1631
85.55882,27.616208,1631
85.558832,27.616198,1631
85.558845,27.616189,1631
85.558857,27.61618,1631
85.558867,27.616174,1631
85.558878,27.616167,1631
85.55889,27.616158,1631
85.558904,27.616148,1631
85.558915,27.616137,1631
85.558925,27.616126,1631
85.558933,27.616116,1631
85.558942,27.616106,1631
85.558949,27.616097,1631
85.558957,27.616089,1631
85.558964,27.616079,1631
85.55897,27.616067,1631
85.558977,27.616056,1631
85.558984,27.616045,1631
85.55899,27.616034,1631
85.558996,27.616023,1631
85.559003,27.616012,1631
85.559011,27.615999,1632
85.55902,27.615986,1632
85.55903,27.615974,1632
85.559039,27.615964,1632
85.559049,27.615952,1632
85.559059,27.615941,1632
85.559068,27.615931,1632
85.559075,27.61592,1632
85.559083,27.615909,1632
85.559093,27.615897,1632
85.559103,27.615886,1632
85.559113,27.615878,1632
85.559123,27.615871,1632
85.559134,27.615866,1632
85.559144,27.615859,1632
85.559153,27.615851,1632
85.559162,27.615844,1632
85.559171,27.615835,1632
85.559177,27.615826,1632
85.559183,27.61582,1632
85.559192,27.615813,1632
85.559198,27.615806,1632
85.559205,27.615799,1632
85.559211,27.615791,1632
85.559217,27.615783,1632
85.559224,27.615774,1632
85.559229,27.615765,1632
85.559235,27.615756,1632
85.559242,27.615746,1632
85.55925,27.615735,1632
85.55926,27.615723,1632
85.559269,27.61571,1632
85.559278,27.615698,1632
85.559288,27.615686,1632
85.559297,27.615675,1632
85.559307,27.615664,1632
85.559318,27.615656,1632
85.559327,27.615649,1632
85.559336,27.615641,1632
85.559346,27.615634,1632
85.559356,27.615627,1632
85.559366,27.61562,1632
85.559376,27.615612,1632
85.559386,27.615604,1632
85.559397,27.615596,1632
85.559407,27.615589,1632
85.559416,27.615581,1632
85.559424,27.615574,1632
85.559433,27.615566,1632
85.559445,27.615557,1632
85.559455,27.615549,1632
85.559466,27.61554,1632
85.559477,27.615532,1632
85.559488,27.615523,1632
85.559499,27.615515,1632
85.559511,27.615507,1632
85.559522,27.6155,1632
85.559534,27.615491,1632
85.559546,27.615483,1632
85.55956,27.615474,1632
85.559573,27.615463,1632
85.559585,27.615455,1632
85.559596,27.615447,1632
85.559607,27.615441,1632
85.559618,27.615437,1632
85.55963,27.615432,1632
85.55964,27.615426,1632
85.559651,27.61542,1632
85.559661,27.615414,1632
85.55967,27.615408,1632
85.559679,27.615402,1632
85.559688,27.615395,1632
85.559697,27.615387,1632
85.559705,27.615379,1632
85.559708,27.615369,1632
85.55971,27.615357,1632
85.559709,27.615346,1632
85.559708,27.615335,1632
85.559708,27.615325,1632
85.559707,27.615315,1632
85.559707,27.615304,1632
85.559707,27.615294,1632
85.559707,27.615285,1632
85.559709,27.615275,1632
85.559712,27.615264,1632
85.559718,27.615253,1632
85.559725,27.615241,1632
85.559733,27.61523,1632
85.559742,27.615219,1632
85.559752,27.615208,1632
85.559762,27.615197,1632
85.559773,27.615189,1632
85.559783,27.61518,1632
85.559793,27.615172,1632
85.559802,27.615164,1631
85.559811,27.615156,1631
85.559817,27.615148,1631
85.559825,27.61514,1631
85.559834,27.615132,1631
85.559843,27.615123,1631
85.559853,27.615114,1631
85.559864,27.615106,1631
85.559873,27.615098,1631
85.559883,27.615091,1631
85.559894,27.615084,1631
85.559903,27.615078,1631
85.559914,27.615072,1631
85.559925,27.615065,1631
85.559937,27.615057,1631
85.559947,27.61505,1631
85.559957,27.615044,1631
85.559967,27.615036,1631
85.559977,27.615028,1631
85.559987,27.61502,1631
85.559996,27.615011,1631
85.560003,27.615002,1631
85.560009,27.614993,1631
85.560015,27.614984,1631
85.560021,27.614974,1631
85.560031,27.614965,1631
85.560043,27.614956,1631
85.560055,27.614948,1631
85.560066,27.614941,1631
85.560076,27.614935,1631
85.560086,27.614932,1631
85.560095,27.61493,1631
85.560106,27.614926,1631
85.560118,27.614922,1631
85.560128,27.614919,1631
85.560138,27.614917,1631
85.560146,27.614916,1631
85.560153,27.614915,1631
85.56016,27.614913,1631
85.560165,27.614913,1631
85.560171,27.614911,1631
85.560178,27.614909,1631
85.560186,27.614905,1631
85.560195,27.614901,1631
85.560206,27.614896,1631
85.560217,27.61489,1632
85.560228,27.614885,1632
85.56024,27.614881,1632
85.560252,27.614878,1632
85.560267,27.614876,1632
85.560282,27.614874,1632
85.560297,27.614872,1632
85.560313,27.61487,1632
85.560328,27.614867,1632
85.560343,27.614864,1632
85.560358,27.614861,1632
85.560373,27.614857,1632
85.560387,27.614853,1632
85.560399,27.614847,1632
85.560411,27.614843,1632
85.560423,27.61484,1632
85.560436,27.614837,1632
85.560451,27.614836,1632
85.560467,27.614833,1632
85.560484,27.614828,1632
85.560498,27.614824,1632
85.560509,27.614821,1632
85.56052,27.614818,1632
85.56053,27.614814,1632
85.560539,27.614809,1632
85.560549,27.614802,1632
85.560559,27.614797,1632
85.560568,27.614793,1632
85.560576,27.614789,1632
85.560585,27.614786,1632
85.560597,27.614784,1632
85.560606,27.614782,1632
85.560616,27.61478,1632
85.560629,27.614777,1632
85.560644,27.614775,1632
85.56066,27.614772,1632
85.560674,27.614771,1632
85.560689,27.61477,1632
85.560702,27.614769,1632
85.560715,27.614766,1632
85.560727,27.614764,1632
85.560738,27.614763,1632
85.560748,27.614766,1632
85.560757,27.614771,1632
85.560768,27.614777,1632
85.560779,27.614788,1632
85.560788,27.6148,1632
85.560795,27.614811,1632
85.560801,27.614819,1632
85.560808,27.614823,1632
85.560816,27.614824,1632
85.560822,27.614824,1632
85.560827,27.614828,1632
85.560834,27.614837,1632
85.560844,27.614844,1632
85.560854,27.614851,1632
85.560864,27.61486,1632
85.560872,27.614869,1632
85.560881,27.614879,1632
85.560891,27.614889,1632
85.5609,27.614898,1632
85.560909,27.614906,1632
85.560918,27.614912,1632
85.560929,27.614918,1632
85.56094,27.614924,1632
85.56095,27.61493,1632
85.560961,27.614937,1632
85.56097,27.614944,1632
85.560981,27.61495,1632
85.560991,27.614957,1632
85.561001,27.614965,1632
85.561012,27.614973,1632
85.561025,27.61498,1632
85.561035,27.614991,1632
85.561041,27.615005,1632
85.561046,27.61502,1632
85.561052,27.615032,1632
85.561057,27.615043,1632
85.561064,27.615049,1632
85.561074,27.615055,1632
85.561085,27.615056,1632
85.561097,27.615053,1632
85.56111,27.615048,1632
85.561124,27.615043,1632
85.561139,27.61504,1632
85.561153,27.615039,1632
85.561167,27.615037,1632
85.561179,27.615038,1632
85.561189,27.615041,1632
85.561197,27.615044,1632
85.561203,27.615048,1632
85.561209,27.615053,1633
85.561216,27.615058,1633
85.561226,27.615062,1633
85.561238,27.615065,1633
85.561251,27.615067,1633
85.561267,27.615071,1633
85.561285,27.615075,1633
85.561301,27.615078,1633
85.561317,27.615082,1633
85.561333,27.615086,1633
85.561349,27.61509,1633
85.561364,27.615092,1633
85.561378,27.615097,1633
85.561391,27.615101,1634
85.561403,27.615106,1634
85.561413,27.615111,1634
85.561423,27.615116,1634
85.561433,27.615124,1634
85.561444,27.615133,1634
85.561454,27.615143,1634
85.561465,27.615153,1634
85.561475,27.615162,1634
85.561486,27.61517,1634
85.561496,27.615178,1634
85.561506,27.615185,1634
85.561517,27.615191,1634
85.561527,27.615197,1634
85.561535,27.615203,1635
85.561542,27.615212,1635
85.561548,27.615221,1635
85.561553,27.615231,1635
85.561559,27.615241,1635
85.561567,27.615251,1635
85.561575,27.61526,1635
85.561585,27.615268,1635
85.561594,27.615274,1635
85.561602,27.615279,1635
85.56161,27.615282,1635
85.561617,27.615286,1635
85.561624,27.615291,1635
85.561632,27.615294,1636
85.561641,27.615297,1636
85.56165,27.6153,1636
85.561662,27.615303,1636
85.561675,27.615307,1636
85.561687,27.615311,1636
85.561699,27.615316,1636
85.561709,27.615323,1636
85.561717,27.615332,1636
85.561725,27.615344,1636
85.561735,27.615355,1636
85.561744,27.615367,1636
85.561754,27.615376,1636
85.561765,27.615385,1636
85.561779,27.615391,1636
85.561794,27.615395,1636
85.561811,27.615398,1636
85.561829,27.615402,1636
85.561844,27.615404,1636
85.561858,27.615404,1636
85.561871,27.615403,1636
85.561883,27.615403,1636
85.561897,27.615403,1636
85.561913,27.615402,1636
85.561928,27.615401,1636
85.561943,27.6154,1636
85.561958,27.615399,1636
85.561971,27.615399,1636
85.561984,27.6154,1636
85.561996,27.615404,1636
85.562011,27.61541,1636
85.562028,27.615419,1636
85.562043,27.615426,1636
85.562057,27.615435,1636
85.562071,27.615446,1636
85.562083,27.615454,1636
85.562094,27.615461,1636
85.562104,27.615466,1636
85.562115,27.615469,1636
85.562124,27.615472,1636
85.562136,27.615475,1636
85.562148,27.615477,1636
85.56216,27.615479,1636
85.562172,27.615482,1636
85.562185,27.615482,1636
85.562196,27.615481,1636
85.562209,27.615483,1637
85.562223,27.615487,1637
85.562236,27.615491,1637
85.562247,27.615495,1637
85.562259,27.615498,1637
85.562271,27.615501,1637
85.562284,27.615503,1637
85.562297,27.615506,1637
85.562309,27.61551,1637
85.56232,27.615514,1637
85.562331,27.615519,1637
85.562342,27.615522,1637
85.562351,27.615523,1637
85.562358,27.615527,1637
85.562365,27.615531,1637
85.562368,27.615536,1637
85.562371,27.61554,1637
85.562376,27.615543,1637
85.562385,27.615544,1637
85.562398,27.615544,1637
85.562411,27.615545,1637
85.562425,27.615547,1637
85.562437,27.615552,1637
85.56245,27.615559,1637
85.562464,27.615565,1637
85.562478,27.61557,1637
85.562491,27.615574,1637
85.562501,27.615577,1637
85.562512,27.61558,1637
85.562522,27.615583,1637
85.562533,27.615588,1637
85.562544,27.615593,1637
85.562555,27.615596,1637
85.562565,27.615601,1637
85.562573,27.615607,1637
85.562579,27.615612,1637
85.562586,27.615616,1637
85.562594,27.615618,1637
85.562604,27.61562,1637
85.562615,27.615622,1637
85.562628,27.615625,1637
85.562643,27.615628,1637
85.56266,27.615631,1637
85.562683,27.615634,1638
85.562707,27.615636,1638
85.562735,27.615637,1638
85.562759,27.615636,1638
85.562783,27.615633,1638
85.562806,27.615629,1638
85.562827,27.615621,1638
85.562845,27.615612,1638
85.562858,27.615602,1638
85.562867,27.615593,1638
85.562876,27.615583,1638
85.562888,27.615574,1638
85.562901,27.615564,1638
85.562914,27.615554,1638
85.562926,27.615545,1638
85.562937,27.615537,1638
85.562949,27.61553,1638
85.562963,27.615525,1638
85.562978,27.61552,1638
85.562994,27.615515,1638
85.563007,27.61551,1638
85.563019,27.615506,1638
85.563028,27.615504,1638
85.563036,27.615504,1638
85.563042,27.615504,1638
85.56305,27.615504,1638
85.56306,27.615502,1638
85.56307,27.6155,1638
85.563082,27.6155,1638
85.563094,27.6155,1638
85.563105,27.6155,1638
85.563115,27.6155,1638
85.563124,27.6155,1638
85.563134,27.615499,1638
85.563144,27.615499,1638
85.563153,27.615498,1638
85.563172,27.615497,1638
85.563174,27.615502,1638
85.563175,27.615502,1638
85.563176,27.615502,1638
85.563172,27.615497,1638
85.563172,27.615496,1638
85.563172,27.615499,1638
85.563174,27.615502,1638
85.563178,27.615509,1638
85.563183,27.615518,1638
85.563189,27.615527,1638
85.563194,27.615537,1638
85.563198,27.615547,1638
85.563202,27.615558,1638
85.563205,27.615572,1638
85.563204,27.615589,1638
85.5632,27.615602,1638
85.563195,27.615614,1638
85.563189,27.615623,1638
85.563183,27.615634,1638
85.563177,27.615646,1638
85.563173,27.615657,1638
85.56317,27.615667,1638
85.563167,27.615677,1638
85.563163,27.615686,1638
85.56316,27.615693,1638
85.563158,27.6157,1638
85.563156,27.615708,1638
85.563153,27.615718,1638
85.563148,27.615727,1638
85.563141,27.615734,1638
85.563134,27.615741,1638
85.563128,27.615749,1638
85.563123,27.615759,1638
85.563119,27.615771,1638
85.563116,27.615782,1638
85.563113,27.615794,1638
85.563111,27.615808,1638
85.563109,27.615822,1638
85.563109,27.615837,1638
85.563107,27.615852,1638
85.563103,27.61587,1638
85.563101,27.615887,1638
85.563101,27.615901,1638
85.563103,27.615915,1641
85.563105,27.61593,1641
85.563108,27.615942,1641
85.563111,27.615955,1641
85.563111,27.615968,1641
85.563111,27.615983,1642
85.563109,27.615998,1642
85.563107,27.616012,1642
85.563106,27.616025,1642
85.563104,27.616037,1642
85.5631,27.61605,1642
85.563095,27.616061,1643
85.56309,27.616072,1643
85.563085,27.61608,1643
85.56308,27.616088,1643
85.563075,27.616096,1643
85.56307,27.616102,1643
85.563064,27.616109,1644
85.563059,27.616117,1644
85.563059,27.616128,1644
85.56306,27.616136,1644
85.563064,27.616146,1644
85.563068,27.616155,1644
85.563075,27.616163,1644
85.56308,27.616171,1644
85.563084,27.616177,1644
85.563086,27.616184,1644
85.563085,27.616192,1644
85.563084,27.616199,1644
85.563081,27.616206,1644
85.563078,27.616211,1644
85.563075,27.616215,1644
85.563074,27.616219,1644
85.563072,27.616222,1644
85.563066,27.616232,1644
85.563065,27.616233,1644
85.563063,27.616236,1644
85.56306,27.61624,1644
85.563054,27.616245,1644
85.563047,27.616251,1644
85.56304,27.616258,1644
85.563035,27.616267,1644
85.563031,27.616274,1644
85.563029,27.61628,1644
85.563028,27.616291,1644
85.563031,27.61629,1644
85.563036,27.616289,1644
85.563041,27.616287,1644
85.563046,27.616284,1644
85.563048,27.616281,1644
85.563049,27.616278,1644
85.563053,27.616267,1644
85.56306,27.616261,1644
85.563062,27.616259,1644
85.563068,27.616257,1644
85.563075,27.616253,1644
85.563084,27.616247,1644
85.563093,27.616241,1644
85.5631,27.616234,1644
85.563108,27.616226,1644
85.563117,27.616218,1644
85.56313,27.616211,1644
85.563144,27.616204,1644
85.563156,27.616196,1644
85.563168,27.616189,1644
85.563179,27.61618,1644
85.56319,27.616171,1644
85.563202,27.616163,1644
85.563214,27.616156,1644
85.563229,27.616152,1644
85.563244,27.616149,1644
85.563259,27.616146,1644
85.563275,27.616143,1644
85.563288,27.616141,1644
85.563296,27.61614,1644
85.56332,27.616141,1644
85.563321,27.61614,1644
85.563322,27.616136,1644
85.56332,27.61613,1644
85.563315,27.616122,1644
85.563308,27.616114,1644
85.563299,27.616106,1644
85.563288,27.616099,1644
85.563277,27.616093,1644
85.563268,27.616088,1644
85.563264,27.616084,1644
85.56326,27.61608,1644
85.563258,27.616077,1644
85.563257,27.616073,1644
85.56325,27.616068,1644
85.563251,27.616068,1644
85.56324,27.616061,1644
85.563238,27.616057,1644
85.563235,27.616049,1644
85.563234,27.616039,1644
85.563231,27.616026,1644
85.563228,27.616013,1644
85.563224,27.615999,1644
85.563217,27.615985,1644
85.56321,27.615971,1644
85.563203,27.615956,1644
85.563199,27.615945,1644
85.563197,27.615933,1644
85.563195,27.615921,1644
85.563195,27.615909,1644
85.563197,27.615894,1644
85.563198,27.615877,1644
85.5632,27.615861,1644
85.563202,27.615846,1644
85.563204,27.615833,1644
85.563206,27.615821,1644
85.563207,27.61581,1644
85.563206,27.615797,1640
85.563202,27.615787,1640
85.563195,27.615779,1639
85.563185,27.615774,1639
85.563172,27.615771,1639
85.563158,27.615771,1639
85.563146,27.615772,1639
85.563138,27.615774,1639
85.563133,27.615776,1639
85.56313,27.615778,1639
85.563123,27.615784,1639
85.563122,27.615781,1639
85.563122,27.615777,1639
85.563121,27.615773,1639
85.563123,27.615767,1639
85.563125,27.615765,1639
85.563129,27.615765,1639
85.563133,27.615765,1639
85.563143,27.615773,1639
85.563142,27.615775,1639
85.563142,27.615777,1639
85.563141,27.615781,1639
85.56314,27.615783,1639
85.563137,27.615779,1639
85.563135,27.615779,1639
85.563132,27.615778,1639
85.563129,27.615775,1639
85.563126,27.61577,1639
85.563123,27.615766,1639
85.563119,27.615761,1639
85.563115,27.615756,1639
85.563111,27.615752,1639
85.563107,27.615749,1639
85.563097,27.615736,1639
85.563093,27.615724,1639
85.563092,27.615718,1639
85.563093,27.615713,1639
85.563092,27.615703,1639
85.563092,27.615702,1639
85.5631,27.615695,1639
85.563104,27.615692,1639
85.563113,27.61569,1639
85.563123,27.615687,1639
85.563135,27.615682,1639
85.563149,27.615676,1639
85.563163,27.61567,1639
85.56318,27.615664,1639
85.563198,27.615657,1639
85.56322,27.61565,1639
85.563243,27.615644,1639
85.563267,27.615639,1639
85.56329,27.615635,1639
85.56331,27.615633,1639
85.563329,27.615633,1639
85.563344,27.615631,1639
85.563358,27.615626,1639
85.563368,27.615619,1639
85.563376,27.615611,1639
85.563384,27.615601,1639
85.563391,27.61559,1639
85.5634,27.615578,1639
85.563409,27.615566,1639
85.563417,27.615553,1639
85.563425,27.615539,1639
85.563432,27.615523,1639
85.563436,27.615509,1639
85.56344,27.615494,1639
85.563445,27.615478,1639
85.56345,27.615465,1639
85.563456,27.615452,1639
85.56346,27.615442,1639
85.563464,27.615431,1639
85.563466,27.615421,1639
85.563466,27.615412,1639
85.563464,27.615402,1639
85.563464,27.61539,1639
85.563464,27.615378,1639
85.563466,27.615367,1639
85.563466,27.615356,1640
85.563465,27.615345,1640
85.563467,27.615334,1640
85.563469,27.615322,1640
85.563472,27.61531,1640
85.563476,27.615298,1640
85.563481,27.615286,1640
85.56349,27.615274,1640
85.5635,27.615263,1641
85.563509,27.615249,1641
85.563518,27.615238,1641
85.563526,27.615225,1641
85.563534,27.615212,1641
85.56354,27.615199,1641
85.563545,27.615187,1641
85.563548,27.615176,1642
85.563551,27.615165,1642
85.563555,27.615153,1642
85.563559,27.615142,1642
85.563564,27.61513,1642
85.56357,27.615118,1642
85.563577,27.615104,1642
85.563585,27.615091,1642
85.563592,27.615078,1642
85.563598,27.615066,1642
85.563606,27.615053,1642
85.563613,27.615041,1643
85.563618,27.61503,1643
85.563621,27.61502,1643
85.563624,27.615014,1643
85.563627,27.61501,1643
85.56363,27.615008,1643
85.563633,27.615007,1643
85.563637,27.615006,1643
85.563643,27.615003,1643
85.563651,27.615001,1643
85.56366,27.614999,1643
85.563668,27.614996,1643
85.563677,27.614994,1643
85.563688,27.614991,1643
85.563699,27.614987,1644
85.563709,27.614983,1644
85.563717,27.614979,1644
85.563725,27.614977,1644
85.56373,27.614975,1644
85.563734,27.614974,1644
85.563745,27.614967,1644
85.563748,27.614965,1644
85.563745,27.614965,1644
85.563744,27.614964,1644
85.563748,27.614962,1644
85.563749,27.614963,1644
85.563752,27.614964,1644
85.563755,27.614965,1644
85.563768,27.61497,1644
85.563769,27.614969,1644
85.563768,27.614965,1644
85.563768,27.614964,1644
85.563766,27.614961,1644
85.563766,27.614958,1644
85.563767,27.614956,1644
85.563768,27.614954,1644
85.563769,27.614952,1644
85.563771,27.61495,1644
85.563774,27.614949,1644
85.56378,27.614948,1644
85.563777,27.614947,1644
85.563776,27.614946,1644
85.563775,27.614947,1644
85.563774,27.614942,1644
85.563773,27.61494,1644
85.563773,27.614937,1644
85.563773,27.614933,1644
85.563775,27.614929,1644
85.563777,27.614924,1644
85.563775,27.614915,1644
85.563776,27.614916,1644
85.563775,27.614916,1644
85.563769,27.61492,1644
85.563768,27.614921,1644
85.563767,27.614922,1644
85.563759,27.614925,1644
85.563762,27.614937,1644
85.563763,27.614938,1644
85.563762,27.614937,1644
85.563762,27.614935,1644
85.563762,27.614932,1644
85.563762,27.614927,1644
85.56376,27.614923,1644
85.56376,27.614918,1644
85.563762,27.614912,1644
85.563764,27.614906,1644
85.563767,27.614897,1644
85.563773,27.614887,1644
85.563779,27.614877,1644
85.563786,27.614868,1644
85.563793,27.614861,1644
85.563798,27.614853,1644
85.563804,27.614845,1644
85.56381,27.614837,1647
85.563816,27.614829,1647
85.563822,27.614821,1647
85.56383,27.614812,1648
85.563841,27.614804,1648
85.563853,27.614794,1648
85.563863,27.614783,1648
85.563873,27.614773,1648
85.56388,27.614765,1648
85.563884,27.614757,1648
85.563887,27.614749,1648
85.563888,27.614741,1649
85.563891,27.614733,1649
85.563893,27.614725,1649
85.563898,27.614716,1649
85.563905,27.614707,1649
85.563912,27.6147,1649
85.563918,27.614689,1650
85.563922,27.614679,1650
85.563926,27.614667,1650
85.563928,27.614655,1650
85.563929,27.614642,1650
85.563929,27.614628,1650
85.563929,27.614616,1650
85.563931,27.614606,1650
85.563933,27.614598,1650
85.563936,27.614593,1650
85.563938,27.614588,1650
85.563942,27.614584,1650
85.563949,27.614581,1650
85.563955,27.614579,1651
85.563962,27.614575,1651
85.563968,27.614571,1651
85.563974,27.614565,1651
85.563981,27.61456,1651
85.56399,27.614555,1651
85.563998,27.614549,1652
85.564006,27.614544,1652
85.564014,27.614538,1652
85.56402,27.61453,1652
85.564025,27.614522,1652
85.564027,27.614511,1652
85.564026,27.614498,1652
85.564024,27.614485,1653
85.564024,27.614474,1653
85.564021,27.614466,1653
85.56402,27.614459,1653
85.564018,27.614455,1653
85.564016,27.614452,1653
85.564014,27.614444,1653
85.564012,27.614442,1653
85.564009,27.61444,1653
85.564007,27.614436,1653
85.564006,27.614431,1654
85.564003,27.614428,1654
85.564,27.614425,1654
85.563998,27.614419,1654
85.563996,27.614411,1654
85.563994,27.614403,1654
85.563993,27.614394,1654
85.563994,27.614386,1654
85.563994,27.614377,1655
85.563991,27.614369,1655
85.563989,27.61436,1655
85.563986,27.614347,1655
85.563985,27.614336,1655
85.563989,27.614328,1655
85.563997,27.614319,1655
85.564003,27.61431,1656
85.564011,27.614302,1656
85.564018,27.614294,1656
85.564023,27.614285,1656
85.564024,27.614275,1656
85.564023,27.614265,1656
85.564022,27.614254,1656
85.564021,27.614243,1656
85.564019,27.614235,1657
85.564019,27.614225,1657
85.56402,27.614216,1657
85.564023,27.614207,1657
85.564026,27.614195,1657
85.564029,27.614185,1657
85.564031,27.614173,1657
85.564031,27.614161,1657
85.564031,27.61415,1657
85.564035,27.61414,1657
85.564041,27.61413,1658
85.564045,27.614121,1658
85.564048,27.614113,1658
85.56405,27.614106,1658
85.564051,27.614099,1658
85.564056,27.614092,1658
85.564063,27.614083,1658
85.564071,27.614073,1658
85.564077,27.614065,1659
85.564081,27.614057,1659
85.564084,27.614048,1659
85.564087,27.614038,1659
85.564089,27.61403,1659
85.564093,27.614022,1659
85.564097,27.614014,1660
85.564102,27.614004,1660
85.564106,27.613994,1660
85.564112,27.613985,1660
85.564118,27.613976,1660
85.564125,27.613967,1660
85.564132,27.613957,1661
85.56414,27.613948,1661
85.56415,27.613941,1661
85.564157,27.613935,1661
85.564164,27.613928,1661
85.564173,27.613921,1662
85.564181,27.613915,1662
85.564187,27.613908,1662
85.564193,27.6139,1662
85.564197,27.613892,1662
85.564203,27.613885,1662
85.564208,27.613879,1663
85.564212,27.613872,1663
85.564217,27.613868,1663
85.564213,27.613864,1663
85.564209,27.61386,1663
85.564205,27.613857,1663
85.564201,27.613853,1664
85.564198,27.613848,1664
85.564195,27.613844,1664
85.564195,27.613837,1664
85.564197,27.613829,1664
85.564202,27.613823,1664
85.564207,27.613816,1665
85.564214,27.613809,1665
85.564224,27.613802,1665
85.564237,27.613795,1665
85.564253,27.613791,1665
85.564266,27.613789,1665
85.564273,27.613789,1666
85.564283,27.613783,1666
85.564292,27.613777,1666
85.5643,27.61377,1666
85.564305,27.613765,1666
85.56431,27.613759,1666
85.564317,27.613752,1667
85.564325,27.613745,1667
85.564335,27.613737,1667
85.564344,27.61373,1667
85.564352,27.613721,1667
85.564358,27.613712,1667
85.564362,27.613699,1667
85.564365,27.613686,1667
85.56437,27.613673,1667
85.564375,27.613663,1668
85.564379,27.613654,1668
85.564382,27.613647,1668
85.564383,27.61364,1668
85.564384,27.613634,1668
85.564386,27.613628,1668
85.56439,27.613621,1668
85.564397,27.613612,1668
85.564405,27.613602,1668
85.564412,27.613592,1668
85.564413,27.613588,1668
85.564413,27.613587,1668
85.564404,27.613575,1668
85.564402,27.613572,1668
85.564399,27.613567,1668
85.564396,27.613562,1668
85.564394,27.613556,1668
85.56439,27.613552,1668
85.564385,27.613548,1668
85.564385,27.613545,1668
85.564388,27.613542,1668
85.564387,27.613544,1668
85.564379,27.61355,1668
85.564367,27.613562,1668
85.564358,27.61357,1668
85.56435,27.613574,1668
85.564345,27.613576,1668
85.564347,27.613573,1668
85.564352,27.613568,1668
85.564349,27.613564,1668
85.564344,27.613557,1668
85.564341,27.613552,1668
85.564337,27.613546,1668
85.564335,27.613542,1668
85.564336,27.613532,1668
85.564338,27.613532,1668
85.564347,27.613533,1668
85.564349,27.613534,1668
85.564352,27.613535,1668
85.564355,27.613536,1670
85.564355,27.613537,1670
85.564347,27.613538,1670
85.564338,27.613538,1670
85.564329,27.613537,1670
85.564321,27.613537,1670
85.564315,27.613535,1671
85.564313,27.613534,1671
85.564316,27.613528,1671
85.564316,27.613529,1671
85.564317,27.61353,1671
85.564316,27.613531,1671
85.564317,27.613532,1671
85.564311,27.613529,1671
85.564311,27.613516,1671
85.564325,27.613501,1671
85.564341,27.613484,1671
85.56436,27.61347,1671
85.564376,27.613457,1671
85.564389,27.613446,1671
85.5644,27.613438,1671
85.564411,27.61343,1671
85.564421,27.613425,1671
85.56443,27.61342,1671
85.564434,27.613415,1671
85.56444,27.61341,1671
85.564445,27.613406,1672
85.564451,27.613403,1672
85.564456,27.6134,1672
85.564456,27.613396,1673
85.564454,27.613391,1673
85.564448,27.613386,1673
85.564444,27.613379,1673
85.564441,27.613373,1673
85.564442,27.613367,1673
85.564446,27.613359,1674
85.564453,27.613347,1674
85.564457,27.613337,1674
85.56446,27.613328,1674
85.56447,27.613324,1674
85.56448,27.61332,1675
85.564491,27.613316,1675
85.564502,27.613311,1675
85.564515,27.613305,1675
85.564528,27.6133,1675
85.56454,27.613295,1675
85.564552,27.613291,1676
85.564565,27.613288,1676
85.564575,27.613284,1676
85.564585,27.613278,1676
85.564594,27.613273,1676
85.564603,27.613269,1677
85.564611,27.613263,1677
85.564617,27.613258,1677
85.564621,27.613253,1677
85.564625,27.613246,1677
85.564627,27.613238,1678
85.564629,27.613232,1678
85.564634,27.613227,1678
85.564638,27.613223,1678
85.564642,27.613217,1678
85.564648,27.613211,1678
85.564654,27.613204,1679
85.564655,27.613198,1679
85.564657,27.613192,1679
85.564659,27.613187,1679
85.564659,27.613183,1679
85.56466,27.613178,1679
85.56466,27.613173,1680
85.56466,27.613167,1680
85.564661,27.613161,1680
85.564662,27.613156,1680
85.564664,27.61315,1680
85.564664,27.613144,1680
85.564665,27.613138,1680
85.564671,27.613132,1681
85.564681,27.613124,1681
85.56469,27.613117,1681
85.564694,27.613108,1681
85.564696,27.613098,1681
85.564708,27.613091,1681
85.564721,27.613085,1681
85.564728,27.613081,1681
85.564733,27.613079,1681
85.564738,27.613075,1682
85.564738,27.613071,1682
85.564739,27.613067,1682
85.56474,27.613059,1682
85.564738,27.61305,1682
85.564736,27.613043,1682
85.564733,27.613037,1683
85.564735,27.613034,1683
85.56474,27.61303,1683
85.564747,27.613027,1683
85.564752,27.613025,1683
85.564758,27.613024,1683
85.564764,27.613021,1684
85.56477,27.613016,1684
85.564776,27.613009,1684
85.564782,27.613004,1684
85.564789,27.612997,1684
85.564794,27.612987,1684
85.564798,27.612976,1685
85.564801,27.612967,1685
85.564804,27.612959,1685
85.564808,27.612952,1685
85.564819,27.612935,1685
85.564824,27.612933,1686
85.564833,27.612931,1686
85.564844,27.612929,1686
85.564847,27.612926,1687
85.564851,27.612924,1687
85.564857,27.612922,1687
85.564857,27.612923,1687
85.564857,27.612926,1687
85.564856,27.612929,1688
85.564854,27.612932,1688
85.564854,27.612934,1688
85.564853,27.612938,1688
85.564852,27.612946,1688
85.564851,27.612955,1688
85.564857,27.612964,1688
85.564868,27.612984,1689
85.564869,27.612983,1689
85.564873,27.612984,1689
85.56488,27.612987,1689
85.564884,27.612993,1689
85.564885,27.612998,1689
85.564887,27.613005,1689
85.564888,27.613008,1690
85.564889,27.613011,1690
85.564891,27.613016,1690
85.564892,27.61302,1690
85.564893,27.613022,1690
85.564894,27.613024,1690
85.564894,27.613026,1690
85.5649,27.613029,1691
85.564912,27.61303,1691
85.564953,27.613032,1691
85.564956,27.613031,1691
85.564965,27.613028,1691
85.564974,27.613026,1691
85.564986,27.613025,1691
85.564999,27.613025,1692
85.565015,27.613024,1692
85.565029,27.613024,1692
85.565042,27.613026,1692
85.565054,27.613029,1692
85.565064,27.61303,1692
85.565073,27.613031,1692
85.565081,27.613029,1692
85.565089,27.613026,1693
85.565098,27.613022,1693
85.565109,27.613016,1693
85.56512,27.613012,1693
85.565131,27.613005,1693
85.565143,27.612999,1693
85.565154,27.612989,1693
85.565165,27.612978,1693
85.565173,27.612966,1693
85.565178,27.612955,1693
85.56518,27.612946,1693
85.565183,27.612936,1693
85.565186,27.612926,1694
85.565193,27.612914,1694
85.565201,27.612903,1694
85.565209,27.612893,1694
85.565216,27.612881,1694
85.565223,27.61287,1694
85.565229,27.612861,1694
85.565237,27.612852,1694
85.565245,27.612843,1694
85.565252,27.612835,1694
85.565257,27.612826,1694
85.565262,27.612818,1694
85.565266,27.612812,1694
85.565272,27.612806,1694
85.56528,27.6128,1694
85.565288,27.612795,1694
85.565298,27.612789,1694
85.565308,27.612784,1694
85.565319,27.612777,1694
85.565328,27.612768,1694
85.565335,27.612759,1694
85.565342,27.612752,1694
85.565348,27.612745,1694
85.565354,27.612739,1694
85.565358,27.612732,1694
85.565361,27.612725,1694
85.565362,27.612719,1694
85.565364,27.612714,1694
85.565368,27.612711,1694
85.565373,27.612708,1694
85.56538,27.612706,1695
85.565385,27.612704,1695
85.56539,27.6127,1695
85.565398,27.612694,1696
85.565405,27.612688,1696
85.565413,27.612683,1696
85.565421,27.612679,1696
85.565428,27.612674,1696
85.565435,27.612671,1696
85.565443,27.612669,1697
85.565451,27.612668,1697
85.565457,27.612668,1697
85.565471,27.612664,1697
85.565472,27.612664,1697
85.565478,27.612663,1697
85.565485,27.61266,1697
85.565492,27.612657,1697
85.565498,27.612654,1697
85.565504,27.612652,1697
85.565509,27.612651,1698
85.565515,27.612651,1698
85.565523,27.612653,1698
85.565532,27.612655,1698
85.565542,27.612657,1698
85.56555,27.61266,1698
85.565559,27.612667,1698
85.565571,27.612675,1698
85.565582,27.612682,1698
85.565591,27.612685,1698
85.5656,27.612687,1699
85.565607,27.612689,1699
85.565614,27.612693,1699
85.565619,27.612695,1699
85.565626,27.612698,1699
85.565633,27.612701,1699
85.565639,27.612703,1699
85.565646,27.612706,1699
85.565653,27.612707,1699
85.56566,27.612707,1700
85.565668,27.612705,1700
85.565677,27.612703,1700
85.565687,27.612701,1700
85.565697,27.612697,1700
85.565705,27.612693,1700
85.565713,27.61269,1700
85.565719,27.612687,1700
85.565722,27.612683,1701
85.565724,27.612677,1701
85.565726,27.612671,1701
85.565727,27.612665,1701
85.56573,27.612659,1701
85.565732,27.612652,1701
85.565735,27.612642,1701
85.565738,27.612634,1702
85.565742,27.612626,1702
85.565746,27.612616,1702
85.56575,27.612606,1702
85.565755,27.612598,1702
85.565761,27.612592,1702
85.565769,27.612586,1702
85.565777,27.612579,1702
85.565785,27.612574,1702
85.565792,27.612569,1703
85.565797,27.612562,1703
85.5658,27.612555,1703
85.565803,27.612549,1703
85.565806,27.612545,1703
85.56581,27.61254,1703
85.565811,27.612536,1703
85.565823,27.612518,1704
85.565823,27.612515,1704
85.565825,27.612511,1704
85.565826,27.612508,1705
85.565828,27.612504,1705
85.56583,27.612502,1705
85.565834,27.612501,1705
85.56584,27.612501,1705
85.565846,27.6125,1705
85.565868,27.612503,1706
85.565872,27.612501,1706
85.565879,27.612499,1706
85.565886,27.612497,1706
85.565897,27.612494,1706
85.565909,27.612487,1706
85.565921,27.612481,1706
85.565934,27.612477,1706
85.565945,27.612476,1706
85.565954,27.612478,1707
85.565966,27.612478,1707
85.565978,27.612476,1707
85.565989,27.612472,1707
85.565997,27.612468,1707
85.566008,27.612466,1707
85.566019,27.612464,1707
85.566031,27.612463,1707
85.566042,27.612462,1708
85.566052,27.612461,1708
85.566058,27.612461,1708
85.566061,27.612461,1708
85.566071,27.612456,1708
85.566077,27.612453,1708
85.566087,27.612445,1708
85.566099,27.612435,1709
85.566108,27.612424,1709
85.566117,27.612412,1709
85.566122,27.612403,1709
85.566128,27.612396,1709
85.566136,27.612389,1709
85.566141,27.61238,1709
85.566145,27.612372,1710
85.566148,27.612362,1710
85.566151,27.612354,1710
85.566156,27.612346,1710
85.566161,27.61234,1710
85.566165,27.612336,1710
85.566171,27.612335,1710
85.566174,27.612337,1710
85.566176,27.612339,1710
85.566178,27.61234,1710
85.566183,27.61234,1711
85.56619,27.612337,1711
85.566197,27.612332,1711
85.566201,27.612324,1711
85.566205,27.612315,1711
85.566204,27.612308,1711
85.56621,27.612301,1711
85.566226,27.612301,1711
85.566246,27.612302,1712
85.566268,27.612304,1712
85.566285,27.612305,1712
85.566297,27.612305,1712
85.566309,27.612306,1712
85.566319,27.61231,1712
85.566329,27.612317,1712
85.566338,27.612324,1713
85.566348,27.612328,1713
85.566356,27.612334,1713
85.566367,27.612336,1713
85.566376,27.612338,1713
85.566385,27.612336,1713
85.566395,27.612335,1714
85.566404,27.612332,1714
85.566409,27.61232,1714
85.566412,27.612303,1714
85.566415,27.612289,1714
85.566416,27.612279,1714
85.566415,27.612268,1714
85.566414,27.612257,1715
85.566418,27.612249,1715
85.566423,27.612242,1715
85.566431,27.612237,1715
85.566438,27.612232,1715
85.566444,27.612227,1715
85.56645,27.612222,1715
85.566454,27.612218,1716
85.566456,27.612208,1716
85.566457,27.612208,1716
85.566457,27.612209,1716
85.566461,27.61221,1716
85.566464,27.612208,1716
85.566467,27.612204,1716
85.56647,27.612198,1716
85.566474,27.61219,1716
85.566478,27.612184,1716
85.566482,27.612182,1717
85.566487,27.612181,1717
85.566491,27.61218,1717
85.566495,27.61218,1717
85.5665,27.612181,1717
85.566504,27.612183,1717
85.566509,27.612185,1717
85.566512,27.612185,1718
85.566517,27.612184,1718
85.566522,27.612181,1718
85.566527,27.612178,1718
85.566535,27.612177,1718
85.566543,27.612176,1718
85.566551,27.612173,1718
85.566557,27.61217,1719
85.566565,27.612167,1719
85.566571,27.612163,1719
85.566589,27.612153,1719
85.56659,27.612153,1719
85.566593,27.612151,1719
85.566596,27.61215,1720
85.566601,27.612149,1720
85.566606,27.612149,1720
85.56661,27.612148,1720
85.566614,27.612145,1720
85.566618,27.612141,1720
85.566621,27.612136,1721
85.566624,27.612131,1721
85.566626,27.612126,1721
85.566629,27.612122,1721
85.566632,27.612117,1721
85.566634,27.612113,1721
85.566636,27.61211,1722
85.566634,27.612104,1722
85.566632,27.612105,1722
85.566626,27.612109,1722
85.566619,27.612116,1722
85.566609,27.612124,1722
85.566602,27.612132,1722
85.566598,27.612141,1722
85.566595,27.612148,1722
85.566591,27.612172,1722
85.566603,27.612175,1722
85.566604,27.612185,1722
85.566602,27.612189,1722
85.566598,27.612198,1722
85.566592,27.612208,1722
85.566587,27.612219,1722
85.56658,27.612231,1722
85.566573,27.612242,1722
85.566563,27.612256,1722
85.566549,27.612273,1722
85.566537,27.612289,1722
85.566529,27.612301,1722
85.566522,27.612314,1722
85.566515,27.612324,1724
85.566508,27.612333,1724
85.566503,27.61234,1724
85.566499,27.612346,1725
85.566497,27.612351,1725
85.566495,27.612357,1725
85.566492,27.612364,1725
85.566489,27.612373,1725
85.566487,27.612382,1725
85.566484,27.612391,1725
85.566483,27.612401,1725
85.566481,27.612409,1725
85.56648,27.612418,1725
85.566478,27.612428,1725
85.566476,27.612436,1725
85.566475,27.612444,1725
85.566475,27.612453,1725
85.566476,27.61246,1725
85.56648,27.61247,1725
85.566476,27.612467,1725
85.56648,27.612465,1725
85.566482,27.612463,1725
85.566485,27.612459,1725
85.566487,27.612454,1725
85.566489,27.612448,1725
85.566491,27.612443,1725
85.566493,27.612438,1725
85.566495,27.612434,1725
85.566498,27.61243,1725
85.566503,27.61243,1725
85.566502,27.612433,1725
85.5665,27.612437,1725
85.566496,27.612442,1725
85.566492,27.612449,1725
85.566488,27.612455,1725
85.566483,27.612462,1725
85.566479,27.612469,1725
85.566483,27.612482,1725
85.566484,27.612483,1725
85.566488,27.612488,1725
85.566493,27.612494,1725
85.566498,27.612497,1725
85.566505,27.612499,1725
85.566512,27.612499,1725
85.566519,27.612498,1725
85.566526,27.612496,1725
85.566532,27.612491,1725
85.566538,27.612484,1725
85.566543,27.612478,1725
85.56655,27.612473,1725
85.566559,27.612469,1725
85.566571,27.612463,1725
85.566583,27.612456,1725
85.566595,27.612449,1725
85.566604,27.612441,1725
85.566612,27.612433,1725
85.566617,27.612426,1725
85.566624,27.612421,1725
85.566629,27.612416,1725
85.566634,27.612413,1725
85.566639,27.612409,1725
85.56664,27.612405,1725
85.566639,27.612401,1725
85.566638,27.612395,1725
85.566637,27.612389,1725
85.566634,27.612382,1725
85.566632,27.612374,1725
85.566631,27.612364,1725
85.566629,27.612355,1725
85.566627,27.612346,1725
85.566622,27.612337,1725
85.566617,27.61233,1725
85.566611,27.612324,1725
85.56661,27.612318,1725
85.566609,27.612312,1725
85.566609,27.612304,1725
85.566609,27.612294,1725
85.56661,27.612285,1725
85.566612,27.612277,1725
85.566614,27.612266,1725
85.566617,27.612254,1725
85.566619,27.612244,1725
85.566619,27.612233,1725
85.566616,27.612223,1725
85.566611,27.612215,1725
85.566604,27.612207,1725
85.566595,27.612199,1725
85.566586,27.612192,1725
85.566583,27.612184,1725
85.566579,27.612177,1725
85.566575,27.612172,1725
85.566572,27.612169,1725
85.56657,27.612166,1725
85.566568,27.612165,1725
85.566565,27.612166,1725
85.566566,27.612169,1725
85.566568,27.612176,1725
85.566573,27.612185,1725
85.566581,27.612189,1725
85.56664,27.612252,1725
85.566639,27.612251,1725
85.566639,27.612249,1725
85.56664,27.612244,1725
85.56664,27.612243,1725
85.566639,27.61224,1725
85.566641,27.612236,1725
85.566644,27.61223,1725
85.566646,27.612224,1725
85.566647,27.612217,1725
85.56665,27.612212,1725
85.56665,27.612208,1725
85.566648,27.612206,1725
85.566644,27.612206,1725
85.566637,27.612206,1725
85.566629,27.612207,1725
85.566619,27.61221,1725
85.566614,27.612212,1725
85.566613,27.612216,1725
85.566612,27.612219,1725
85.566622,27.612232,1725
85.566626,27.612233,1725
85.566633,27.612235,1725
85.566673,27.612242,1725
85.566675,27.612242,1725
85.566677,27.612241,1725
85.566678,27.612239,1725
85.56668,27.612235,1725
85.566685,27.612232,1725
85.566692,27.612223,1725
85.566704,27.612214,1725
85.566718,27.612206,1725
85.566734,27.612202,1725
85.56675,27.612202,1725
85.566765,27.612203,1725
85.566779,27.612206,1725
85.566788,27.61221,1725
85.56679,27.612213,1725
85.566788,27.612213,1725
85.566782,27.612207,1725
85.566772,27.612201,1725
85.566761,27.612195,1725
85.566748,27.61219,1725
85.566733,27.612185,1725
85.566724,27.612181,1725
85.566717,27.612178,1725
85.566712,27.612175,1725
85.566708,27.612171,1725
85.566703,27.612167,1725
85.566697,27.612164,1725
85.566688,27.612162,1725
85.566674,27.612161,1725
85.566662,27.612161,1725
85.566655,27.612163,1725
85.566654,27.612163,1725
85.566648,27.612162,1725
85.56664,27.612156,1725
85.566637,27.612147,1725
85.566635,27.61214,1725
85.566634,27.612134,1725
85.566632,27.61213,1725
85.566627,27.612129,1725
85.566619,27.612129,1725
85.566612,27.612128,1725
85.566601,27.61213,1725
85.566589,27.612125,1725
85.56658,27.612125,1725
85.566574,27.612124,1725
85.566569,27.612123,1725
85.566567,27.612124,1725
85.566569,27.612129,1725
85.566573,27.612135,1725
85.566575,27.612148,1725
85.566579,27.612144,1725
85.566594,27.61214,1725
85.566616,27.612138,1725
85.566641,27.612137,1725
85.566662,27.612134,1725
85.566678,27.612129,1725
85.566692,27.612124,1725
85.566704,27.612119,1725
85.566713,27.612115,1725
85.566721,27.61211,1725
85.566728,27.612104,1725
85.566733,27.612097,1725
85.566738,27.612095,1725
85.566757,27.612088,1725
85.56676,27.612087,1725
85.566761,27.612084,1725
85.56676,27.612082,1725
85.566763,27.612079,1725
85.566766,27.612074,1725
85.566765,27.612067,1725
85.566763,27.612059,1725
85.566762,27.612057,1725
85.566761,27.612055,1725
85.566759,27.612056,1725
85.566751,27.612056,1725
85.566741,27.612056,1725
85.566729,27.612056,1725
85.566702,27.612053,1725
85.566703,27.612053,1725
85.566707,27.612051,1725
85.566711,27.612049,1725
85.566714,27.612049,1725
85.566717,27.612048,1725
85.566715,27.612045,1725
85.566705,27.612046,1725
85.566706,27.612047,1725
85.566705,27.612051,1725
85.566706,27.612054,1725
85.566709,27.612056,1725
85.56671,27.612055,1725
85.566711,27.612054,1725
85.566714,27.612049,1725
85.566713,27.612048,1725
85.566713,27.61205,1725
85.56671,27.612054,1725
85.566709,27.612055,1725
85.566708,27.612058,1725
85.566708,27.612062,1725
85.566708,27.612066,1725
85.566709,27.612069,1725
85.566709,27.612072,1725
85.56671,27.612075,1725
85.566713,27.612079,1725
85.566715,27.612084,1725
85.566717,27.612088,1725
85.566715,27.612098,1725
85.566714,27.612106,1725
85.566712,27.612109,1725
85.56671,27.612111,1725
85.566717,27.612101,1725
85.566718,27.612101,1725
85.566719,27.6121,1725
85.566721,27.612098,1725
85.566723,27.612097,1725
85.566715,27.612091,1725
85.566714,27.612086,1725
85.566714,27.612085,1725
85.566714,27.612081,1725
85.566709,27.612078,1725
85.566709,27.612085,1725
85.566709,27.612093,1725
85.566708,27.612094,1725
85.566704,27.612098,1725
85.566702,27.612105,1725
85.566701,27.612105,1725
85.5667,27.612103,1725
85.566702,27.6121,1725
85.566706,27.612094,1725
85.566711,27.612088,1725
85.566718,27.612081,1725
85.566727,27.612075,1725
85.566736,27.612068,1725
85.566742,27.612056,1725
85.566746,27.612041,1725
85.566749,27.612027,1725
85.566752,27.612015,1725
85.566756,27.612006,1725
85.56676,27.611995,1725
85.566767,27.611985,1725
85.566773,27.611975,1725
85.566778,27.611966,1725
85.566784,27.611955,1725
85.566792,27.611942,1725
85.5668,27.611929,1725
85.566806,27.611915,1725
85.566811,27.611904,1725
85.566817,27.611892,1725
85.566823,27.611882,1726
85.566828,27.611874,1726
85.56683,27.611865,1726
85.566831,27.611856,1726
85.566835,27.611847,1726
85.566841,27.611838,1726
85.566849,27.611829,1726
85.566857,27.611819,1726
85.566865,27.611811,1726
85.566874,27.611804,1727
85.566884,27.611797,1727
85.566894,27.611791,1727
85.566901,27.611783,1727
85.566906,27.611775,1727
85.56691,27.611766,1727
85.566915,27.61176,1727
85.56692,27.611755,1728
85.566924,27.611751,1728
85.566925,27.611745,1728
85.566926,27.611737,1728
85.566926,27.611727,1728
85.566925,27.611716,1728
85.566926,27.611705,1728
85.566929,27.611697,1729
85.566931,27.611688,1729
85.566932,27.611678,1729
85.566928,27.611667,1729
85.566923,27.611656,1729
85.566918,27.611645,1729
85.566911,27.611634,1729
85.566906,27.611623,1729
85.566902,27.611613,1730
85.566899,27.611604,1730
85.566898,27.611595,1730
85.566894,27.611584,1730
85.56689,27.611571,1730
85.566884,27.611557,1730
85.566881,27.611544,1730
85.566882,27.611532,1730
85.566885,27.611524,1730
85.56689,27.611517,1730
85.566892,27.611508,1731
85.566897,27.611498,1731
85.566901,27.611489,1731
85.566906,27.611482,1731
85.56691,27.611474,1731
85.566912,27.611465,1731
85.566915,27.611456,1731
85.566922,27.611448,1731
85.56693,27.611442,1731
85.566938,27.611436,1731
85.566946,27.611429,1731
85.566954,27.611421,1731
85.566961,27.611412,1731
85.566967,27.611402,1732
85.566973,27.611392,1732
85.566979,27.611384,1732
85.566982,27.611376,1732
85.566981,27.611368,1732
85.566981,27.611361,1732
85.566983,27.611355,1732
85.566985,27.611351,1732
85.566986,27.611344,1732
85.566986,27.611334,1733
85.566984,27.611324,1733
85.566983,27.611314,1733
85.566983,27.611306,1733
85.566984,27.611301,1733
85.566982,27.611292,1733
85.566977,27.611282,1733
85.566973,27.611272,1734
85.566972,27.611263,1734
85.566973,27.611256,1734
85.566974,27.611249,1734
85.566975,27.611244,1734
85.566978,27.611238,1734
85.566979,27.611232,1734
85.56698,27.611225,1735
85.566982,27.611218,1735
85.566986,27.611211,1735
85.566994,27.611206,1735
85.567002,27.611202,1735
85.567014,27.611196,1735
85.567026,27.611192,1735
85.567038,27.611187,1736
85.567052,27.611184,1736
85.567066,27.611181,1736
85.567079,27.611179,1736
85.567089,27.611174,1736
85.567098,27.61117,1736
85.567108,27.611166,1736
85.567122,27.611163,1737
85.567137,27.611159,1737
85.567152,27.611155,1737
85.567167,27.611151,1737
85.567181,27.611149,1737
85.567197,27.611147,1737
85.567213,27.611145,1737
85.567225,27.61114,1737
85.567234,27.611135,1737
85.567241,27.611128,1738
85.567252,27.611119,1738
85.567252,27.611118,1738
85.567252,27.61111,1738
85.56725,27.611099,1738
85.567248,27.611096,1738
85.567243,27.61109,1739
85.56724,27.611082,1739
85.567236,27.611072,1739
85.567236,27.611063,1740
85.567238,27.611056,1740
85.56724,27.611049,1740
85.567244,27.611041,1740
85.56725,27.611033,1740
85.567257,27.611025,1740
85.56726,27.611016,1740
85.567254,27.611004,1741
85.567244,27.61099,1741
85.567231,27.610976,1741
85.567219,27.610964,1741
85.567216,27.610959,1741
85.567217,27.610952,1741
85.567219,27.610946,1741
85.567223,27.610938,1741
85.567227,27.61093,1741
85.567233,27.610921,1741
85.567241,27.610915,1741
85.567252,27.610911,1741
85.567261,27.610909,1741
85.567266,27.610904,1742
85.56727,27.610899,1742
85.567269,27.610893,1742
85.567265,27.610886,1742
85.567258,27.610881,1742
85.567248,27.610875,1742
85.56724,27.61087,1742
85.567234,27.610864,1743
85.567228,27.610858,1743
85.567224,27.610852,1743
85.567221,27.610845,1743
85.567217,27.610837,1743
85.567212,27.610829,1743
85.567206,27.610819,1743
85.567201,27.61081,1743
85.567197,27.610801,1744
85.56719,27.610792,1744
85.567182,27.610782,1744
85.567171,27.610774,1744
85.567162,27.610767,1744
85.567159,27.610761,1744
85.567157,27.610756,1744
85.567156,27.610751,1744
85.567158,27.610747,1745
85.567163,27.610743,1745
85.567172,27.610739,1745
85.567184,27.610736,1745
85.567195,27.61073,1745
85.567204,27.610723,1745
85.567211,27.610717,1745
85.567201,27.610708,1745
85.5672,27.610708,1746
85.567198,27.610708,1746
85.567196,27.610708,1746
85.567194,27.610708,1746
85.567188,27.61071,1746
85.56718,27.610716,1746
85.567174,27.61072,1746
85.567162,27.610731,1746
85.567163,27.61073,1746
85.567165,27.61073,1746
85.567162,27.610734,1746
85.567164,27.610731,1746
85.567165,27.610728,1746
85.567167,27.610724,1746
85.56717,27.610717,1746
85.567171,27.610708,1746
85.567171,27.610697,1746
85.567175,27.610684,1746
85.567181,27.610672,1746
85.567187,27.61066,1746
85.567192,27.610651,1746
85.567196,27.610642,1746
85.567199,27.610632,1746
85.5672,27.610623,1746
85.567201,27.610613,1746
85.567203,27.610602,1746
85.567207,27.610591,1746
85.567212,27.61058,1746
85.567217,27.610571,1747
85.567223,27.610563,1747
85.567228,27.610556,1747
85.567236,27.610548,1748
85.567245,27.610539,1748
85.567254,27.610531,1748
85.567261,27.610524,1748
85.567267,27.610517,1748
85.567271,27.610512,1748
85.567278,27.610508,1748
85.567283,27.610504,1749
85.567288,27.610501,1749
85.56729,27.610498,1749
85.567297,27.610496,1750
85.567302,27.610489,1750
85.567304,27.610488,1750
85.567306,27.610484,1750
85.567308,27.610478,1751
85.567312,27.610473,1751
85.567316,27.610471,1751
85.56732,27.610471,1751
85.567322,27.610472,1751
85.567324,27.610473,1752
85.567325,27.610471,1752
85.567328,27.610467,1752
85.567333,27.610464,1752
85.567336,27.61046,1752
85.567354,27.610454,1752
85.567357,27.610455,1753
85.567361,27.610454,1753
85.567365,27.610453,1753
85.567368,27.610452,1753
85.567376,27.610441,1753
85.567377,27.610439,1753
85.56738,27.610438,1754
85.567384,27.610436,1754
85.56739,27.610436,1754
85.567398,27.610438,1754
85.567406,27.61044,1754
85.567414,27.610441,1754
85.567421,27.610441,1754
85.567428,27.610441,1754
85.567435,27.610439,1755
85.567442,27.610436,1755
85.567448,27.610432,1755
85.567451,27.610425,1755
85.567454,27.610418,1755
85.567458,27.610412,1755
85.567463,27.610407,1756
85.56747,27.610402,1756
85.567479,27.6104,1756
85.56749,27.610399,1756
85.5675,27.610399,1756
85.567509,27.610399,1757
85.567517,27.610401,1757
85.567524,27.610402,1757
85.567531,27.610401,1757
85.567538,27.610399,1757
85.567544,27.610397,1757
85.567552,27.610395,1758
85.56756,27.610394,1758
85.567568,27.610394,1758
85.567574,27.610392,1758
85.567578,27.610389,1758
85.56758,27.610386,1759
85.567583,27.610382,1759
85.567588,27.610377,1759
85.567594,27.610372,1759
85.5676,27.610367,1759
85.567607,27.610362,1759
85.567613,27.610357,1760
85.567619,27.610353,1760
85.567624,27.610348,1760
85.56763,27.610342,1760
85.567634,27.610335,1760
85.56764,27.61033,1760
85.567646,27.610323,1760
85.567654,27.610317,1760
85.567661,27.610311,1760
85.567669,27.610305,1760
85.567676,27.610298,1761
85.567683,27.610293,1761
85.567692,27.61029,1761
85.567702,27.610291,1761
85.567712,27.610294,1761
85.567722,27.610296,1761
85.567733,27.610297,1761
85.567744,27.610295,1761
85.567755,27.610295,1761
85.567765,27.610296,1761
85.567776,27.610296,1761
85.567785,27.610299,1761
85.567792,27.610302,1762
85.567798,27.610306,1762
85.567802,27.610308,1762
85.567803,27.610309,1762
85.567803,27.610312,1762
85.567805,27.610315,1763
85.567808,27.610317,1763
85.56781,27.610316,1763
85.567813,27.610314,1763
85.567815,27.610311,1763
85.567819,27.610308,1763
85.567823,27.610307,1763
85.567825,27.610307,1764
85.567826,27.610309,1764
85.567827,27.610311,1764
85.567828,27.610313,1764
85.567831,27.610317,1764
85.567834,27.610321,1764
85.567837,27.610326,1765
85.567839,27.610331,1765
85.567841,27.610335,1765
85.567844,27.610338,1765
85.567846,27.61034,1766
85.56785,27.610342,1766
85.567853,27.610344,1766
85.567857,27.610346,1766
85.56786,27.610348,1766
85.567864,27.610352,1766
85.567877,27.61036,1767
85.567878,27.610362,1767
85.56788,27.610364,1767
85.567884,27.610367,1767
85.567886,27.61037,1768
85.567889,27.610374,1768
85.567892,27.61038,1768
85.567896,27.610386,1768
85.5679,27.610393,1768
85.567904,27.610398,1768
85.567908,27.610403,1769
85.567912,27.610408,1769
85.567915,27.610412,1769
85.567927,27.610425,1769
85.567927,27.610426,1770
85.567927,27.610428,1770
85.567928,27.610432,1770
85.567929,27.610436,1770
85.567931,27.61044,1770
85.567933,27.610444,1771
85.567935,27.610449,1771
85.567938,27.610454,1771
85.567944,27.610459,1771
85.567953,27.610467,1771
85.567963,27.610474,1771
85.567973,27.61048,1771
85.567984,27.610485,1771
85.567994,27.610489,1772
85.568005,27.610494,1772
85.568016,27.610497,1772
85.568027,27.610498,1772
85.568038,27.610497,1772
85.568049,27.610494,1772
85.568056,27.610492,1772
85.568062,27.610489,1772
85.568074,27.610483,1772
85.568082,27.610488,1772
85.568081,27.610486,1772
85.56808,27.610486,1772
85.568079,27.610485,1772
85.568072,27.610486,1772
85.568072,27.610489,1772
85.568073,27.610496,1772
85.568076,27.610504,1772
85.568081,27.61051,1772
85.568086,27.610517,1772
85.568092,27.610522,1772
85.568098,27.610528,1772
85.568105,27.610534,1772
85.568113,27.610542,1772
85.568122,27.610548,1772
85.568129,27.610553,1772
85.568136,27.610555,1772
85.568142,27.610555,1772
85.568147,27.610555,1772
85.568151,27.610558,1772
85.568156,27.61056,1774
85.568162,27.610562,1774
85.568171,27.610561,1774
85.568181,27.610559,1774
85.568192,27.610556,1774
85.568504,27.610385,1777
85.568329,27.610603,1777
85.568315,27.610603,1777
85.568302,27.610612,1777
85.568291,27.610624,1777
85.568282,27.610637,1777
85.568272,27.61065,1777
85.568265,27.610658,1777
85.568261,27.610663,1777
85.568256,27.610678,1777
85.568255,27.610678,1777
85.568248,27.61068,1777
85.568248,27.610682,1777
85.568249,27.610682,1777
85.56825,27.610684,1777
85.568252,27.610686,1777
85.568261,27.610692,1777
85.568262,27.610693,1777
85.568263,27.610693,1777
85.568263,27.610694,1777
85.568265,27.610695,1777
85.568266,27.610695,1777
85.568269,27.610695,1777
85.568269,27.610694,1777
85.568268,27.61069,1777
85.568268,27.610689,1777
85.568269,27.610689,1777
85.568276,27.610683,1777
85.568274,27.610682,1777
85.568271,27.61068,1777
85.568268,27.610677,1777
85.568267,27.610677,1777
85.568271,27.61068,1777
85.568269,27.610683,1777
85.568266,27.610685,1777
85.56826,27.610689,1777
85.568251,27.610695,1777
85.56824,27.610702,1777
85.568226,27.610709,1777
85.568212,27.610715,1777
85.568198,27.610719,1777
85.568186,27.610723,1777
85.568176,27.610725,1777
85.568169,27.610727,1777
85.568163,27.61073,1777
85.568155,27.610734,1777
85.568148,27.610737,1777
85.568138,27.610742,1777
85.568128,27.610745,1777
85.568118,27.610747,1777
85.568108,27.610748,1777
85.5681,27.610748,1777
85.568094,27.610747,1777
85.56809,27.610746,1778
85.568086,27.610745,1778
85.568082,27.610745,1778
85.568079,27.610745,1779
85.568075,27.610744,1779
85.568072,27.610742,1779
85.568068,27.61074,1779
85.568063,27.610739,1779
85.568057,27.610738,1779
85.568051,27.610736,1779
85.568046,27.610735,1779
85.568042,27.610734,1779
85.568034,27.610728,1780
85.568039,27.610727,1780
85.568041,27.610723,1780
85.568042,27.610723,1780
85.568045,27.610723,1780
85.568047,27.610723,1780
85.56805,27.610725,1780
85.568052,27.610727,1780
85.568056,27.61073,1780
85.56806,27.610734,1780
85.568065,27.610736,1780
85.568071,27.610737,1780
85.568079,27.610738,1780
85.568087,27.61074,1780
85.568097,27.610743,1778
85.568108,27.610746,1778
85.568119,27.610751,1778
85.568131,27.610755,1778
85.568142,27.610759,1778
85.568154,27.610762,1778
85.568165,27.610767,1778
85.568175,27.610771,1778
85.568181,27.610774,1778
85.568185,27.610778,1778
85.568188,27.610788,1778
85.568187,27.610789,1778
85.568188,27.61079,1777
85.568187,27.610791,1777
85.568183,27.61079,1777
85.568182,27.610789,1777
85.56818,27.610788,1777
85.568178,27.610788,1777
85.568178,27.610783,1777
85.568179,27.61078,1777
85.568183,27.610774,1777
85.568188,27.610767,1777
85.568194,27.610758,1777
85.568202,27.610748,1777
85.568209,27.610738,1777
85.568217,27.610728,1777
85.568226,27.610719,1777
85.568235,27.61071,1777
85.568245,27.610704,1777
85.568252,27.610698,1777
85.568259,27.610694,1777
85.568264,27.610693,1777
85.568267,27.610694,1777
85.56827,27.610698,1777
85.568268,27.610697,1777
85.568265,27.610693,1777
85.568261,27.610689,1777
85.56826,27.610684,1777
85.568256,27.610681,1777
85.56825,27.610679,1777
85.568243,27.610679,1777
85.568235,27.610676,1777
85.568226,27.610672,1777
85.568206,27.61066,1777
85.568207,27.610661,1777
85.568203,27.610662,1777
85.568202,27.610661,1777
85.568198,27.610652,1777
85.568196,27.610649,1777
85.568193,27.610646,1777
85.568189,27.610641,1777
85.568185,27.610637,1777
85.568178,27.610632,1777
85.56817,27.610628,1777
85.568162,27.610625,1777
85.568155,27.610625,1777
85.568147,27.610624,1777
85.56814,27.610623,1777
85.568135,27.61062,1777
85.568132,27.610615,1777
85.568128,27.610611,1777
85.568126,27.610607,1777
85.568125,27.610603,1777
85.568128,27.610598,1777
85.568129,27.610594,1777
85.568128,27.61059,1777
85.568127,27.610585,1777
85.568123,27.610581,1777
85.568119,27.610578,1777
85.568114,27.610576,1777
85.568109,27.610575,1777
85.568103,27.610573,1777
85.568096,27.610571,1777
85.568089,27.610568,1777
85.568083,27.610563,1777
85.568077,27.610558,1777
85.568075,27.610552,1777
85.568075,27.610547,1777
85.568076,27.610542,1777
85.56808,27.610538,1777
85.568088,27.610535,1777
85.568101,27.610533,1777
85.568113,27.610534,1777
85.568124,27.610535,1777
85.568135,27.610537,1777
85.568149,27.610542,1777
85.568161,27.610547,1777
85.568173,27.610552,1777
85.568183,27.610557,1777
85.568193,27.610562,1777
85.568202,27.610569,1777
85.568212,27.610579,1777
85.568221,27.610588,1777
85.568229,27.610595,1777
85.568237,27.6106,1777
85.568243,27.610605,1777
85.56825,27.61061,1777
85.568255,27.610615,1777
85.568263,27.61062,1777
85.568273,27.610626,1777
85.568282,27.610633,1777
85.56829,27.61064,1777
85.568296,27.610647,1777
85.568302,27.610653,1777
85.568308,27.610661,1777
85.568311,27.610668,1777
85.568311,27.610675,1777
85.56831,27.610683,1777
85.568311,27.610689,1777
85.568314,27.610694,1777
85.56832,27.610697,1777
85.568327,27.610698,1777
85.568336,27.610698,1777
85.568344,27.610695,1777
85.568353,27.610689,1777
85.56836,27.610682,1777
85.568366,27.610675,1777
85.568372,27.610669,1777
85.56838,27.610664,1777
85.568387,27.610658,1777
85.568394,27.610653,1777
85.568401,27.61065,1777
85.568408,27.610649,1777
85.568414,27.610647,1777
85.568419,27.610646,1777
85.568433,27.610646,1777
85.568434,27.610648,1777
85.568434,27.610652,1777
85.568432,27.610661,1777
85.56843,27.610671,1777
85.568431,27.610683,1777
85.568433,27.610694,1777
85.568434,27.610704,1777
85.568437,27.610713,1777
85.568439,27.610722,1777
85.568441,27.610731,1777
85.568443,27.610738,1777
85.568446,27.610743,1769
85.568451,27.610745,1769
85.568456,27.610745,1769
85.568459,27.610744,1769
85.568464,27.610741,1769
85.568467,27.610738,1769
85.56847,27.610734,1768
85.568473,27.610731,1768
85.568477,27.610729,1768
85.568483,27.610726,1768
85.568489,27.610724,1767
85.568494,27.61072,1767
85.568501,27.610714,1767
85.56851,27.610707,1767
85.568522,27.610699,1766
85.568533,27.610693,1766
85.568543,27.610687,1766
85.568553,27.61068,1766
85.56856,27.610674,1765
85.568567,27.610669,1765
85.568573,27.610665,1765
85.56858,27.610663,1765
85.568588,27.61066,1765
85.568597,27.610658,1764
85.568605,27.610655,1764
85.568612,27.610652,1764
85.568618,27.610649,1764
85.568624,27.610647,1763
85.568629,27.610645,1763
85.568634,27.610643,1763
85.568641,27.610641,1763
85.568646,27.610639,1763
85.56865,27.610637,1762
85.568658,27.610633,1762
85.568669,27.610629,1762
85.568679,27.610625,1762
85.568689,27.61062,1761
85.568698,27.610615,1761
85.568705,27.610608,1761
85.568713,27.610601,1761
85.568721,27.610594,1761
85.568731,27.610586,1760
85.56874,27.610579,1760
85.568749,27.610573,1760
85.568758,27.610567,1760
85.568768,27.610561,1760
85.568779,27.610557,1760
85.568789,27.610553,1760
85.568798,27.610549,1759
85.568806,27.610544,1759
85.568813,27.61054,1759
85.568819,27.610539,1759
85.568826,27.61054,1759
85.568833,27.610543,1759
85.56884,27.610548,1759
85.568848,27.610556,1759
85.568855,27.610564,1759
85.568862,27.610574,1759
85.568869,27.610584,1759
85.568875,27.610596,1758
85.568881,27.610609,1758
85.568889,27.610622,1758
85.568895,27.610633,1758
85.5689,27.610644,1758
85.568906,27.610651,1758
85.568909,27.610657,1758
85.56891,27.610664,1758
85.56891,27.610671,1758
85.568911,27.610679,1758
85.568915,27.610685,1758
85.568921,27.610688,1758
85.568929,27.610688,1758
85.568938,27.610686,1758
85.568949,27.610685,1758
85.56896,27.610682,1758
85.568973,27.610678,1758
85.568985,27.610675,1758
85.568997,27.610672,1758
85.569008,27.610671,1758
85.569018,27.610671,1758
85.569027,27.610671,1758
85.569036,27.610673,1758
85.569045,27.610678,1758
85.569054,27.610683,1758
85.569062,27.610687,1758
85.569068,27.61069,1758
85.569073,27.610693,1758
85.569076,27.610696,1758
85.569083,27.610708,1758
85.569083,27.610709,1758
85.569082,27.61071,1758
85.569083,27.610713,1758
85.569086,27.610715,1758
85.569092,27.610717,1758
85.569095,27.610717,1758
</coordinates>
</LineString>
</Placemark>
<Placemark>
<name/>
<styleUrl>#line-FF0000-2000-nodesc</styleUrl>
<LineString>
<tessellate>1</tessellate>
<coordinates>
85.52041,27.693025,2124
85.520399,27.69303,2124
85.52038,27.693031,2124
85.520351,27.693038,2124
85.520326,27.693042,2124
85.520306,27.693036,2124
85.520287,27.693031,2124
85.520268,27.693027,2124
85.520253,27.693025,2124
85.520236,27.69301,2124
85.520225,27.692975,2124
85.520212,27.692929,2124
85.520195,27.692902,2124
85.520176,27.692875,2124
85.520151,27.69285,2124
85.520124,27.692827,2124
85.520098,27.692815,2124
85.520075,27.692806,2124
85.520055,27.692793,2124
85.520039,27.692783,2124
85.520025,27.692771,2124
85.520014,27.692758,2124
85.520009,27.692745,2124
85.520005,27.692729,2124
85.520004,27.692712,2124
85.52,27.692707,2123
85.519995,27.692707,2123
85.519988,27.692706,2123
85.519979,27.692701,2123
85.519968,27.692697,2123
85.519957,27.692691,2123
85.519944,27.692687,2123
85.519931,27.692683,2123
85.519917,27.692681,2123
85.519904,27.69268,2123
85.519891,27.692678,2122
85.519879,27.692674,2122
85.519869,27.692667,2122
85.519859,27.692658,2122
85.519848,27.692648,2122
85.51984,27.692637,2122
85.519833,27.692626,2122
85.519827,27.692617,2122
85.519818,27.692607,2122
85.519807,27.6926,2122
85.519795,27.692597,2121
85.519784,27.69259,2121
85.519774,27.69258,2121
85.519766,27.692568,2121
85.519754,27.69256,2121
85.519734,27.692553,2121
85.519715,27.692547,2121
85.519696,27.692542,2121
85.519679,27.692537,2121
85.519665,27.692533,2121
85.519652,27.69253,2121
85.519637,27.692524,2121
85.519584,27.692519,2121
85.51958,27.692523,2121
85.519571,27.692529,2121
85.519554,27.692534,2120
85.519527,27.692531,2120
85.519502,27.692528,2120
85.519478,27.692525,2120
85.519458,27.692525,2120
85.51944,27.69253,2120
85.519426,27.692536,2120
85.519417,27.692543,2120
85.519412,27.692549,2120
85.51941,27.692558,2120
85.519406,27.69257,2120
85.519403,27.692581,2120
85.519396,27.692591,2120
85.519391,27.692597,2120
85.519384,27.692604,2120
85.51938,27.692616,2120
85.519378,27.692628,2120
85.519376,27.692639,2120
85.519373,27.692651,2120
85.519368,27.692666,2120
85.519361,27.692692,2120
85.519351,27.692714,2120
85.519338,27.692733,2120
85.51932,27.692763,2119
85.519296,27.692799,2119
85.519273,27.692834,2119
85.519255,27.692867,2119
85.519239,27.692899,2119
85.519225,27.692928,2119
85.519214,27.692956,2119
85.519209,27.692978,2119
85.51921,27.692996,2118
85.519218,27.693004,2118
85.519233,27.693004,2118
85.519253,27.692998,2118
85.519275,27.692991,2118
85.519293,27.692986,2118
85.519307,27.692978,2118
85.519318,27.692969,2118
85.519325,27.69296,2117
85.519332,27.692952,2117
85.519337,27.692945,2117
85.519343,27.692938,2117
85.519349,27.692931,2117
85.519353,27.692927,2117
85.519357,27.692924,2116
85.519363,27.692924,2116
85.519372,27.692927,2116
85.519377,27.692929,2116
85.51938,27.692928,2116
85.519385,27.69293,2116
85.519401,27.69293,2116
85.519404,27.69293,2115
85.519407,27.69293,2115
85.51941,27.692928,2115
85.519412,27.692924,2114
85.519413,27.692919,2114
85.519416,27.692916,2114
85.519421,27.692914,2114
85.519429,27.692911,2113
85.519437,27.692914,2113
85.519444,27.692921,2112
85.519452,27.692931,2112
85.519463,27.692944,2112
85.519474,27.692958,2112
85.519502,27.692986,2111
85.519503,27.692986,2111
85.519504,27.692985,2111
85.519509,27.692982,2111
85.519514,27.692994,2111
85.51952,27.692999,2111
85.519533,27.69301,2111
85.519549,27.693024,2111
85.519567,27.69304,2110
85.519583,27.693052,2110
85.519597,27.693064,2110
85.519609,27.693074,2110
85.51962,27.693084,2110
85.519629,27.693093,2109
85.519654,27.693116,2109
85.519653,27.693115,2109
85.519652,27.693116,2109
85.519649,27.693116,2109
85.519646,27.693117,2109
85.519637,27.693126,2109
85.519637,27.693128,2109
85.519635,27.693131,2109
85.519635,27.693136,2109
85.519634,27.69314,2109
85.519641,27.693154,2109
85.519645,27.693153,2109
85.519653,27.693153,2109
85.519663,27.693152,2109
85.519674,27.693153,2109
85.519684,27.693156,2109
85.519694,27.693159,2109
85.519702,27.693164,2109
85.519711,27.693168,2109
85.51972,27.693173,2109
85.519727,27.693173,2109
85.519736,27.69317,2109
85.519748,27.693166,2109
85.519762,27.693163,2109
85.519779,27.693159,2109
85.519796,27.693159,2109
85.519811,27.69316,2109
85.519821,27.693163,2109
85.519829,27.693166,2109
85.519837,27.693171,2109
85.519844,27.693175,2109
85.51985,27.693178,2109
85.519855,27.693181,2109
85.51986,27.693183,2109
85.519865,27.693186,2109
85.519868,27.69319,2109
85.519873,27.693197,2109
85.519881,27.693205,2109
85.519889,27.693211,2109
85.519899,27.693216,2109
85.519906,27.693219,2109
85.519911,27.693221,2109
85.519916,27.693221,2109
85.51992,27.693219,2112
85.519923,27.693218,2112
85.519923,27.693214,2112
85.519924,27.69321,2112
85.519924,27.693206,2112
85.519927,27.693201,2112
85.519931,27.693195,2113
85.519936,27.693187,2113
85.519942,27.693179,2113
85.519949,27.693171,2113
85.519955,27.693163,2113
85.519959,27.693152,2113
85.51996,27.693143,2114
85.519964,27.693139,2114
85.519971,27.693136,2114
85.519981,27.693134,2114
85.519994,27.693134,2114
85.520002,27.693133,2114
85.520011,27.693131,2115
85.520023,27.693129,2115
85.520032,27.693128,2115
85.520041,27.693125,2115
85.520046,27.693122,2115
85.520061,27.693104,2115
85.520061,27.693103,2116
85.520061,27.6931,2116
85.520059,27.693096,2116
85.520057,27.69309,2116
85.520057,27.693077,2116
85.520058,27.693078,2117
85.520061,27.693075,2117
85.520064,27.693068,2117
85.520067,27.693061,2117
85.520071,27.693056,2117
85.520074,27.693048,2118
85.520076,27.693042,2118
85.520081,27.693028,2118
85.520081,27.693027,2118
85.520086,27.693023,2118
85.520088,27.693021,2119
85.520091,27.693019,2119
85.520097,27.693017,2119
85.520102,27.693014,2119
85.520109,27.693009,2119
85.520112,27.693002,2120
85.520115,27.692997,2120
85.520119,27.692991,2120
85.520124,27.692986,2120
85.520131,27.692982,2120
85.520137,27.692981,2121
85.520141,27.692978,2121
85.520152,27.692968,2121
85.520154,27.692966,2121
85.520158,27.692963,2121
85.520162,27.69296,2121
85.520171,27.692949,2122
85.520172,27.69295,2122
85.520174,27.692955,2122
85.520177,27.692962,2122
85.520186,27.692973,2122
85.520188,27.692975,2123
85.520193,27.692975,2123
85.520198,27.692976,2123
85.520201,27.692977,2123
85.520203,27.692979,2123
85.520205,27.692981,2123
85.520209,27.692981,2124
85.520214,27.69298,2124
85.520219,27.69298,2124
85.520226,27.692981,2124
85.520237,27.692985,2124
85.520251,27.692988,2124
85.520265,27.692991,2124
85.520279,27.692991,2124
85.520294,27.692988,2124
85.520309,27.692983,2124
85.520324,27.692977,2124
85.520337,27.692968,2124
85.520351,27.69296,2124
85.520364,27.692953,2124
85.520376,27.692948,2124
85.520388,27.692943,2124
85.520399,27.69294,2124
85.52041,27.692937,2124
85.520423,27.692935,2124
85.520436,27.692932,2124
85.520449,27.692929,2124
85.520462,27.692926,2124
85.520474,27.692923,2124
85.520486,27.692918,2124
85.520497,27.692914,2124
85.520507,27.692909,2124
85.520514,27.692904,2124
85.520524,27.692898,2124
85.520531,27.692889,2124
85.520538,27.692881,2124
85.520546,27.692871,2124
85.520555,27.69286,2124
85.520566,27.692849,2124
85.52058,27.692837,2124
85.520592,27.692823,2124
85.520602,27.69281,2124
85.520611,27.692796,2124
85.520616,27.692783,2124
85.520619,27.692772,2124
85.520621,27.692763,2124
85.520621,27.692751,2124
85.52062,27.692738,2124
85.520619,27.692725,2124
85.520617,27.692715,2124
85.520618,27.692703,2126
85.520622,27.692689,2126
85.520625,27.692674,2126
85.520627,27.69266,2126
85.520629,27.692644,2126
85.520629,27.692631,2126
85.520631,27.69262,2127
85.520632,27.692612,2127
85.520632,27.692605,2127
85.520631,27.692597,2127
85.52063,27.69259,2128
85.520625,27.692582,2128
85.52062,27.692575,2128
85.520616,27.692569,2128
85.520612,27.692563,2128
85.520606,27.692559,2128
85.5206,27.692555,2129
85.520594,27.692549,2129
85.520588,27.692542,2129
85.520579,27.692536,2129
85.520572,27.692529,2129
85.520566,27.692525,2129
85.520559,27.69252,2129
85.520552,27.692514,2130
85.520543,27.692509,2130
85.52053,27.692503,2130
85.52052,27.692496,2130
85.520512,27.692491,2130
85.520508,27.692485,2130
85.520507,27.692478,2130
85.520507,27.692472,2131
85.520505,27.692465,2131
85.520501,27.692459,2131
85.520498,27.692454,2131
85.520493,27.69245,2131
85.520489,27.692445,2131
85.520484,27.69244,2132
85.52048,27.692435,2132
85.520472,27.692432,2132
85.520465,27.692427,2132
85.52046,27.692418,2132
85.520455,27.69241,2133
85.52045,27.692403,2133
85.520445,27.692398,2133
85.520441,27.692393,2133
85.520435,27.692389,2133
85.520429,27.692385,2134
85.520424,27.69238,2134
85.520417,27.692376,2134
85.520406,27.692372,2134
85.520394,27.692369,2134
85.520383,27.692368,2135
85.520372,27.692366,2135
85.520363,27.692363,2135
85.520356,27.692361,2135
85.520349,27.69236,2135
85.52034,27.692359,2135
85.520331,27.692355,2135
85.520323,27.692354,2136
85.520316,27.692354,2136
85.520312,27.692356,2136
85.520308,27.692358,2136
85.520304,27.692361,2136
85.520299,27.692362,2136
85.520293,27.692362,2136
85.520288,27.692362,2136
85.520282,27.692362,2137
85.520276,27.692359,2137
85.520269,27.692356,2137
85.520261,27.69235,2137
85.520253,27.692345,2137
85.520245,27.69234,2137
85.520238,27.692338,2137
85.520226,27.692337,2138
85.520227,27.692337,2138
85.520225,27.692339,2138
85.520218,27.692338,2138
85.520207,27.692336,2139
85.520194,27.692334,2139
85.520184,27.692332,2139
85.52015,27.692328,2139
85.520146,27.692328,2139
85.520142,27.692328,2139
85.520137,27.692327,2140
85.52013,27.692327,2140
85.520124,27.692327,2140
85.520119,27.692328,2140
85.520113,27.692328,2140
85.520105,27.692327,2141
85.520097,27.692324,2141
85.520089,27.692321,2141
85.520084,27.692313,2141
85.520079,27.692308,2141
85.520066,27.69229,2141
85.520066,27.692289,2141
85.520066,27.692286,2141
85.520065,27.692281,2141
85.520063,27.692276,2141
85.520058,27.692268,2141
85.520055,27.692261,2141
85.520052,27.692254,2142
85.520048,27.692248,2142
85.520044,27.692242,2142
85.520039,27.692235,2142
85.520035,27.692229,2142
85.520025,27.69221,2142
85.520025,27.692207,2143
85.520024,27.692204,2143
85.520021,27.692202,2143
85.520019,27.692202,2143
85.520017,27.692203,2143
85.520015,27.692205,2143
85.520013,27.692209,2143
85.52001,27.692213,2143
85.520007,27.692218,2143
85.519997,27.692234,2143
85.519998,27.692236,2143
85.52,27.692241,2143
85.520005,27.692247,2143
85.520007,27.692252,2143
85.520008,27.692257,2143
85.520007,27.692267,2143
85.520007,27.692272,2143
85.520007,27.692273,2143
85.520012,27.692272,2143
85.520007,27.692272,2143
85.519998,27.692267,2143
85.519997,27.692267,2143
85.519995,27.692265,2143
85.519993,27.692263,2143
85.519991,27.69226,2143
85.519989,27.692255,2143
85.519987,27.692252,2143
85.519985,27.692249,2143
85.519978,27.69224,2143
85.519973,27.692237,2143
85.519972,27.692236,2143
85.519969,27.692236,2143
85.519967,27.692234,2143
85.519953,27.692229,2143
85.519953,27.692228,2143
85.519947,27.692225,2143
85.519947,27.692219,2143
85.519946,27.692218,2143
85.519946,27.692217,2143
85.519943,27.692209,2143
85.519943,27.692208,2143
85.519943,27.692184,2143
85.519938,27.692174,2143
85.519927,27.692172,2143
85.51993,27.692171,2143
85.519937,27.692167,2143
85.519945,27.692164,2143
85.519953,27.692163,2143
85.519962,27.692164,2143
85.51997,27.692167,2143
85.51998,27.692172,2143
85.519987,27.692179,2143
85.519995,27.692186,2143
85.520002,27.692193,2143
85.520007,27.692202,2143
85.52001,27.69221,2143
85.520016,27.692217,2143
85.520023,27.692222,2143
85.520033,27.692225,2143
85.520043,27.692229,2143
85.520054,27.69223,2143
85.520066,27.692229,2143
85.520079,27.692225,2143
85.520093,27.692221,2143
85.520104,27.692219,2143
85.520113,27.692217,2143
85.520148,27.692207,2143
85.520152,27.692206,2143
85.520156,27.692204,2143
85.520163,27.692205,2143
85.520172,27.692205,2143
85.520181,27.692208,2143
85.520194,27.692213,2143
85.520208,27.692218,2143
85.52022,27.692225,2143
85.520231,27.692229,2143
85.520239,27.692233,2143
85.520247,27.692241,2143
85.520257,27.69225,2143
85.520267,27.692258,2143
85.520277,27.692264,2143
85.520286,27.692269,2143
85.520295,27.692275,2143
85.520305,27.69228,2143
85.520316,27.692285,2143
85.520327,27.692289,2143
85.520337,27.692291,2143
85.520346,27.692294,2143
85.520358,27.692298,2143
85.520369,27.692302,2143
85.52038,27.692307,2143
85.52039,27.692311,2143
85.520399,27.692315,2143
85.520408,27.692316,2143
85.520415,27.692318,2143
85.520422,27.692318,2143
85.520429,27.692317,2143
85.520435,27.692314,2143
85.520444,27.692313,2143
85.520454,27.692315,2143
85.520466,27.692321,2143
85.520479,27.69233,2132
85.520493,27.692339,2132
85.520507,27.69235,2131
85.520519,27.692359,2131
85.520529,27.692368,2131
85.520535,27.692378,2131
85.52054,27.692388,2131
85.520546,27.6924,2130
85.520553,27.69241,2130
85.52056,27.692422,2130
85.52057,27.692434,2130
85.520578,27.692446,2130
85.520591,27.692459,2129
85.520604,27.692472,2129
85.520616,27.692484,2129
85.520625,27.692494,2129
85.520629,27.692501,2128
85.52064,27.692512,2128
85.520639,27.692513,2128
85.520638,27.692518,2128
85.520637,27.692525,2127
85.520636,27.692534,2127
85.520635,27.692545,2127
85.520635,27.692556,2127
85.520637,27.692565,2126
85.52064,27.692574,2126
85.520643,27.692581,2126
85.520648,27.69259,2126
85.520653,27.692601,2125
85.520658,27.692612,2125
85.520665,27.692625,2125
85.520674,27.692638,2125
85.520684,27.692649,2125
85.520696,27.692656,2124
85.520706,27.69266,2124
85.520717,27.692661,2124
85.520729,27.692659,2124
85.520739,27.692655,2124
85.520747,27.692648,2124
85.520751,27.692638,2124
85.520753,27.692628,2124
85.520752,27.692619,2124
85.520754,27.69261,2123
85.520756,27.6926,2123
85.520757,27.692592,2123
85.520758,27.692586,2123
85.520759,27.69258,2123
85.520758,27.692573,2123
85.520757,27.692564,2123
85.520756,27.692553,2123
85.520754,27.692541,2123
85.520754,27.692529,2123
85.520754,27.692518,2123
85.520754,27.692507,2123
85.520754,27.692497,2122
85.520754,27.692487,2122
85.520753,27.692475,2122
85.520753,27.692462,2122
85.520751,27.692448,2122
85.520749,27.692435,2121
85.520746,27.692422,2121
85.520744,27.692409,2121
85.520742,27.692396,2121
85.520741,27.692383,2121
85.520742,27.69237,2121
85.520742,27.692358,2121
85.520741,27.692347,2120
85.520738,27.692338,2120
85.520735,27.692328,2120
85.520731,27.69232,2120
85.520728,27.692312,2120
85.520725,27.692303,2120
85.520724,27.692293,2119
85.520724,27.692282,2119
85.520725,27.69227,2119
85.520726,27.692259,2119
85.520727,27.692249,2119
85.520727,27.692241,2119
85.520728,27.692235,2119
85.52073,27.69223,2118
85.520732,27.692228,2118
85.520732,27.692227,2118
85.520731,27.692228,2118
85.52073,27.692229,2118
85.520722,27.692229,2118
85.520721,27.692228,2118
85.52072,27.692227,2118
85.520717,27.692225,2118
85.520717,27.692221,2118
85.520719,27.692214,2118
85.520721,27.692209,2118
85.520721,27.692206,2118
85.520731,27.692207,2118
85.520744,27.692208,2118
85.520757,27.692209,2118
85.520769,27.69221,2118
85.520795,27.692208,2118
85.520795,27.692205,2118
85.520797,27.692199,2118
85.520801,27.69219,2118
85.520803,27.692183,2118
85.520805,27.692176,2118
85.520807,27.692168,2118
85.520811,27.692158,2118
85.520815,27.692147,2118
85.52082,27.692134,2118
85.520824,27.69212,2117
85.520828,27.692105,2117
85.520833,27.692092,2117
85.520838,27.692077,2116
85.52084,27.692062,2116
85.520841,27.692049,2116
85.520842,27.692036,2116
85.520843,27.692022,2116
85.520846,27.692008,2116
85.52085,27.691994,2115
85.520856,27.691981,2115
85.52086,27.691968,2115
85.520865,27.691955,2115
85.520873,27.691945,2115
85.520882,27.691936,2114
85.520894,27.691927,2114
85.520903,27.691919,2114
85.520912,27.69191,2114
85.520922,27.6919,2114
85.520933,27.691891,2114
85.520945,27.691884,2113
85.520956,27.691877,2113
85.520966,27.69187,2113
85.520978,27.691862,2113
85.520989,27.691853,2113
85.521003,27.691847,2113
85.521018,27.691842,2112
85.521034,27.691841,2112
85.521052,27.691841,2112
85.521067,27.691841,2112
85.521082,27.691842,2112
85.521097,27.691842,2112
85.521111,27.691842,2111
85.521125,27.691842,2111
85.521138,27.691842,2111
85.521151,27.691841,2111
85.521165,27.691839,2111
85.52118,27.691837,2111
85.521196,27.691834,2110
85.521211,27.69183,2110
85.521226,27.691824,2110
85.52124,27.691817,2110
85.521253,27.691808,2110
85.521262,27.691797,2110
85.521271,27.691786,2110
85.521279,27.691774,2110
85.521283,27.69176,2109
85.521288,27.691748,2109
85.521294,27.691737,2109
85.5213,27.691726,2109
85.521304,27.691713,2109
85.521305,27.691698,2109
85.521303,27.691683,2109
85.521299,27.691668,2109
85.521296,27.691655,2108
85.521294,27.69164,2108
85.521293,27.691628,2108
85.521293,27.691616,2108
85.521291,27.691605,2108
85.52129,27.691592,2108
85.521288,27.69158,2108
85.521286,27.691569,2107
85.521285,27.691559,2107
85.521284,27.691551,2107
85.521282,27.691544,2107
85.521281,27.69154,2107
85.521279,27.691533,2107
85.521278,27.691532,2107
85.521274,27.691531,2106
85.521275,27.691525,2106
85.521275,27.691521,2106
85.521278,27.691513,2106
85.521282,27.691502,2106
85.521286,27.691488,2106
85.521289,27.691473,2106
85.521292,27.691455,2106
85.521296,27.691437,2105
85.5213,27.691417,2105
85.521303,27.691398,2104
85.52131,27.691381,2104
85.52132,27.691368,2104
85.521332,27.691355,2104
85.521345,27.691344,2104
85.52136,27.691334,2103
85.521376,27.691322,2103
85.521389,27.691309,2103
85.5214,27.691297,2103
85.52141,27.691286,2103
85.52142,27.691277,2102
85.521429,27.691268,2102
85.521438,27.691257,2102
85.521446,27.691247,2102
85.521454,27.691235,2102
85.521461,27.691221,2102
85.521466,27.691206,2101
85.521471,27.691192,2101
85.521474,27.691179,2101
85.521474,27.691164,2101
85.521473,27.691149,2101
85.521471,27.691134,2101
85.521468,27.691119,2100
85.521463,27.691102,2100
85.521455,27.691085,2100
85.521448,27.691069,2100
85.52144,27.691055,2100
85.521432,27.691042,2100
85.521422,27.691029,2099
85.52141,27.691017,2099
85.521395,27.691007,2099
85.521381,27.690997,2099
85.521369,27.690988,2099
85.521355,27.69098,2098
85.521341,27.690972,2098
85.521328,27.690965,2098
85.521314,27.690957,2098
85.521301,27.690949,2098
85.521288,27.69094,2098
85.521275,27.690929,2097
85.521264,27.690919,2097
85.521253,27.690908,2097
85.521245,27.690897,2097
85.521236,27.690885,2096
85.521229,27.690874,2096
85.521224,27.690862,2096
85.521217,27.690848,2096
85.52121,27.690835,2096
85.521205,27.690822,2096
85.521203,27.690806,2096
85.521203,27.690789,2095
85.521205,27.690773,2095
85.521208,27.690758,2095
85.521212,27.690744,2095
85.521217,27.69073,2094
85.521221,27.690716,2094
85.521224,27.690704,2094
85.521228,27.690689,2094
85.521231,27.690673,2094
85.521235,27.690659,2093
85.521239,27.690643,2093
85.521241,27.690629,2093
85.521242,27.690613,2093
85.521243,27.690599,2092
85.521243,27.690584,2092
85.521244,27.69057,2092
85.521245,27.690555,2092
85.521246,27.690541,2091
85.521247,27.690528,2091
85.521248,27.690514,2091
85.521248,27.690499,2091
85.521247,27.690485,2090
85.521245,27.690471,2090
85.521243,27.690455,2090
85.521243,27.69044,2090
85.521244,27.690425,2089
85.521247,27.690411,2089
85.521251,27.690397,2089
85.521257,27.690382,2089
85.521263,27.690367,2088
85.52127,27.690352,2088
85.521277,27.690337,2088
85.521286,27.690324,2088
85.521297,27.690313,2088
85.521308,27.690304,2087
85.521318,27.690296,2087
85.521327,27.690288,2087
85.521335,27.690278,2087
85.521343,27.690267,2086
85.521351,27.690258,2086
85.52136,27.690248,2086
85.521369,27.690239,2086
85.521378,27.69023,2086
85.521386,27.690221,2085
85.521394,27.690213,2085
85.521402,27.690205,2085
85.521412,27.690197,2085
85.521422,27.690188,2084
85.521431,27.690179,2084
85.521441,27.690173,2084
85.52145,27.690165,2084
85.521458,27.690156,2084
85.521464,27.690145,2083
85.52147,27.690134,2083
85.521478,27.690122,2083
85.521488,27.69011,2083
85.521499,27.690101,2083
85.521508,27.690091,2083
85.521517,27.690078,2082
85.521522,27.690064,2082
85.521525,27.690049,2082
85.521528,27.690034,2082
85.521529,27.690021,2082
85.521529,27.690008,2082
85.521529,27.689995,2081
85.521532,27.689981,2081
85.521536,27.689967,2081
85.521541,27.689952,2081
85.521544,27.689936,2081
85.521544,27.689921,2081
85.521542,27.689907,2081
85.521539,27.689894,2080
85.521535,27.689881,2080
85.52153,27.689868,2080
85.521524,27.689854,2080
85.521517,27.689842,2080
85.521509,27.68983,2079
85.521499,27.689819,2079
85.521489,27.68981,2079
85.521477,27.6898,2079
85.521464,27.689792,2079
85.52145,27.689783,2079
85.521437,27.689775,2078
85.521424,27.689767,2078
85.521411,27.68976,2078
85.521397,27.689753,2078
85.521384,27.689746,2078
85.521368,27.68974,2078
85.521352,27.689733,2078
85.521335,27.689728,2077
85.521319,27.689722,2077
85.521303,27.689716,2077
85.521287,27.689711,2077
85.521273,27.689706,2077
85.521259,27.689699,2077
85.521247,27.689691,2076
85.521233,27.689682,2076
85.521218,27.689674,2076
85.5212,27.689667,2076
85.521184,27.689658,2076
85.521167,27.689649,2076
85.521149,27.689641,2076
85.521135,27.689633,2075
85.52112,27.689624,2075
85.521105,27.689617,2075
85.52109,27.689609,2075
85.521076,27.689602,2075
85.521065,27.689594,2075
85.521053,27.689586,2075
85.52104,27.689579,2074
85.521028,27.689572,2074
85.521015,27.689565,2074
85.521,27.689559,2074
85.520985,27.689555,2074
85.52097,27.689552,2074
85.520954,27.689551,2074
85.520938,27.689551,2074
85.520922,27.689553,2074
85.520903,27.689557,2074
85.520885,27.68956,2074
85.520868,27.689563,2073
85.520851,27.689567,2073
85.520834,27.689571,2073
85.520819,27.689575,2073
85.520805,27.689578,2073
85.520791,27.689582,2073
85.520778,27.689588,2073
85.520768,27.689593,2073
85.520758,27.689597,2072
85.520748,27.689599,2072
85.520735,27.6896,2072
85.520721,27.689601,2072
85.520708,27.689604,2072
85.520693,27.68961,2072
85.520679,27.689615,2072
85.520663,27.689619,2071
85.520649,27.689624,2071
85.520637,27.689629,2071
85.520626,27.689633,2071
85.520614,27.689636,2071
85.520602,27.689638,2071
85.520591,27.689639,2071
85.520582,27.689638,2071
85.520576,27.689637,2070
85.520571,27.689635,2070
85.520568,27.689634,2070
85.52056,27.689636,2070
85.520559,27.689639,2070
85.520558,27.689649,2070
85.520553,27.689649,2070
85.520555,27.689646,2070
85.520553,27.689647,2070
85.520551,27.689646,2070
85.520548,27.689645,2070
85.520544,27.689642,2070
85.520537,27.689639,2070
85.520529,27.689636,2070
85.520516,27.689634,2070
85.520504,27.689631,2070
85.520493,27.689627,2070
85.520485,27.689622,2070
85.520479,27.689617,2070
85.520475,27.68961,2069
85.520471,27.689602,2069
85.52047,27.689593,2069
85.52047,27.689586,2069
85.520471,27.689579,2069
85.520475,27.68957,2069
85.52048,27.689562,2069
85.520488,27.689554,2069
85.520498,27.689547,2068
85.520511,27.689541,2068
85.520526,27.689535,2068
85.52054,27.689531,2068
85.520551,27.689529,2068
85.520568,27.689526,2068
85.520567,27.689527,2068
85.520565,27.689527,2068
85.520563,27.689528,2068
85.520558,27.689533,2068
85.52056,27.689534,2068
85.520565,27.689535,2068
85.520573,27.689535,2068
85.520586,27.689534,2068
85.520601,27.689532,2068
85.520617,27.689529,2067
85.520632,27.689527,2067
85.520647,27.689525,2067
85.52066,27.689523,2067
85.520674,27.689519,2067
85.520687,27.689515,2067
85.520701,27.689511,2067
85.520715,27.689505,2067
85.520727,27.6895,2066
85.520738,27.689494,2066
85.520749,27.689487,2066
85.520761,27.68948,2066
85.520775,27.689472,2066
85.520791,27.689464,2066
85.520807,27.689456,2066
85.520822,27.689451,2066
85.520836,27.689447,2065
85.520848,27.689441,2065
85.520859,27.689435,2065
85.520869,27.689428,2065
85.52088,27.68942,2065
85.520891,27.689413,2065
85.520901,27.689406,2065
85.520913,27.689399,2065
85.520926,27.689391,2065
85.520937,27.689384,2065
85.520947,27.689379,2064
85.520956,27.689377,2064
85.520963,27.68938,2064
85.52097,27.689386,2064
85.520977,27.689392,2064
85.520984,27.6894,2064
85.520993,27.689406,2064
85.521002,27.689411,2064
85.521011,27.689415,2064
85.521019,27.689419,2064
85.521025,27.689425,2064
85.521031,27.689433,2063
85.521039,27.68944,2063
85.521048,27.689447,2063
85.521058,27.689452,2063
85.521066,27.68946,2063
85.521072,27.689467,2063
85.521076,27.689474,2063
85.52108,27.68948,2063
85.521085,27.689486,2063
85.521093,27.689492,2062
85.521103,27.689498,2062
85.521114,27.689503,2062
85.521125,27.689507,2062
85.521135,27.689509,2062
85.521147,27.689511,2062
85.521158,27.689513,2061
85.521171,27.689514,2061
85.521183,27.689516,2061
85.521196,27.689517,2061
85.52121,27.689515,2061
85.521225,27.68951,2061
85.521236,27.689506,2060
85.521248,27.6895,2060
85.521256,27.689495,2060
85.521265,27.689492,2060
85.521275,27.68949,2060
85.521287,27.689487,2060
85.521296,27.689483,2059
85.521306,27.689478,2059
85.521317,27.689473,2059
85.521329,27.689466,2059
85.521341,27.689459,2059
85.521352,27.68945,2059
85.521363,27.689444,2058
85.521374,27.689439,2058
85.521385,27.689436,2058
85.521396,27.689433,2058
85.521406,27.68943,2058
85.521415,27.689423,2058
85.521423,27.689412,2058
85.52143,27.6894,2058
85.521438,27.68939,2058
85.521447,27.689379,2058
85.521458,27.689369,2058
85.521469,27.689358,2058
85.52148,27.689349,2058
85.521491,27.689343,2058
85.521521,27.689335,2058
85.521522,27.689335,2058
85.521524,27.689337,2058
85.521525,27.689339,2058
85.52153,27.689342,2058
85.52153,27.68934,2058
85.52153,27.689337,2058
85.52154,27.689332,2058
85.521539,27.689335,2058
85.521539,27.689338,2058
85.521537,27.68935,2058
85.521535,27.689349,2058
85.521533,27.68935,2058
85.521531,27.689351,2058
85.521528,27.689352,2058
85.521528,27.689358,2058
85.521528,27.689359,2058
85.521527,27.689368,2058
85.521527,27.689369,2058
85.521528,27.689372,2058
85.521529,27.689376,2058
85.52153,27.689381,2058
85.52153,27.689387,2058
85.521531,27.689394,2058
85.52153,27.689402,2058
85.521529,27.689408,2058
85.521529,27.689414,2058
85.521531,27.689419,2058
85.52153,27.689425,2058
85.52153,27.689424,2058
85.521532,27.689422,2058
85.521533,27.689425,2058
85.521538,27.689428,2058
85.52154,27.689432,2058
85.521542,27.689432,2058
85.521543,27.689433,2058
85.521555,27.689435,2058
85.521557,27.689445,2058
85.521557,27.68945,2058
85.521555,27.68946,2058
85.521555,27.689461,2058
85.521555,27.689464,2058
85.521555,27.689468,2058
85.521555,27.689472,2058
85.521555,27.689475,2058
85.521558,27.689485,2058
85.521558,27.689482,2058
85.521557,27.689477,2058
85.521547,27.68947,2058
85.52154,27.689477,2058
85.521542,27.689476,2058
85.521549,27.689473,2058
85.521559,27.68947,2058
85.521573,27.689468,2058
85.521589,27.689466,2058
85.521608,27.689465,2058
85.521629,27.689463,2058
85.521649,27.689462,2058
85.521668,27.68946,2058
85.521686,27.689457,2058
85.5217,27.689452,2058
85.521712,27.689445,2058
85.521721,27.689441,2058
85.521743,27.689433,2058
85.521752,27.689428,2058
85.521752,27.68943,2058
85.521751,27.689435,2058
85.521752,27.68944,2058
85.521757,27.689444,2058
85.52176,27.689448,2058
85.521764,27.689451,2058
85.521771,27.689454,2058
85.52178,27.689458,2058
85.521793,27.689462,2058
85.521807,27.689467,2058
85.521817,27.689471,2058
85.521847,27.689482,2058
85.521848,27.689483,2058
85.521853,27.689487,2058
85.521861,27.689492,2058
85.521872,27.6895,2058
85.521881,27.689508,2058
85.521891,27.689517,2058
85.521903,27.689527,2057
85.521914,27.689537,2057
85.521923,27.689547,2057
85.52193,27.689557,2057
85.521934,27.689568,2057
85.521935,27.68958,2057
85.521936,27.689593,2057
85.52193,27.689608,2057
85.52192,27.689621,2057
85.521907,27.689634,2057
85.521896,27.689647,2057
85.52189,27.689659,2057
85.521885,27.68967,2057
85.521882,27.68968,2057
85.521877,27.689688,2056
85.52187,27.689693,2056
85.52187,27.6897,2056
85.521876,27.689707,2056
85.521885,27.689716,2056
85.521898,27.689726,2056
85.521908,27.689735,2056
85.521914,27.689741,2056
85.521918,27.689749,2056
85.521921,27.689758,2056
85.521921,27.689766,2056
85.521925,27.689779,2056
85.521931,27.689796,2056
85.52194,27.689814,2056
85.521949,27.689826,2056
85.521959,27.68984,2056
85.521972,27.689854,2056
85.521984,27.689867,2056
85.521994,27.689879,2056
85.522003,27.68989,2056
85.522013,27.689901,2056
85.522018,27.689909,2056
85.52202,27.689916,2056
85.522021,27.689918,2056
85.522025,27.689919,2056
85.522031,27.68992,2056
85.522039,27.68992,2056
85.522049,27.68992,2056
85.522058,27.689919,2056
85.522069,27.689917,2056
85.52208,27.689915,2056
85.522093,27.689913,2056
85.522105,27.689912,2056
85.522123,27.68991,2056
85.522142,27.689914,2056
85.522161,27.689919,2056
85.522178,27.689929,2056
85.522192,27.689939,2056
85.522203,27.689948,2056
85.522212,27.689953,2056
85.522219,27.689959,2056
85.522225,27.689961,2056
85.522232,27.689965,2056
85.522236,27.689967,2056
85.522241,27.689969,2056
85.522246,27.689973,2056
85.522252,27.68998,2056
85.522264,27.689987,2056
85.522278,27.689998,2056
85.522297,27.690009,2056
85.522311,27.690022,2056
85.522322,27.690031,2056
85.52233,27.690035,2056
85.522336,27.690036,2056
85.52234,27.690037,2056
85.522341,27.690043,2056
85.522343,27.690049,2056
85.522347,27.690056,2055
85.52235,27.690064,2055
85.522348,27.690075,2055
85.522348,27.690083,2055
85.522347,27.690092,2055
85.522344,27.6901,2055
85.522341,27.690111,2055
85.522339,27.690126,2055
85.52234,27.690142,2055
85.522344,27.690156,2054
85.522354,27.690168,2054
85.522369,27.690177,2054
85.522395,27.690184,2054
85.52242,27.690185,2054
85.522445,27.690184,2054
85.522466,27.690181,2054
85.522482,27.690181,2054
85.522499,27.69018,2054
85.522515,27.69018,2054
85.522531,27.690178,2054
85.522545,27.690176,2054
85.522559,27.690174,2054
85.522574,27.690172,2054
85.522582,27.690171,2054
85.52259,27.69017,2054
85.522597,27.69017,2054
85.522601,27.69017,2054
85.522606,27.690171,2054
85.522608,27.690171,2054
85.522614,27.690166,2054
85.52262,27.690164,2054
85.522629,27.690165,2054
85.52264,27.690169,2054
85.522651,27.690175,2054
85.522662,27.690181,2054
85.522677,27.690184,2054
85.522694,27.690186,2054
85.522711,27.690188,2054
85.522727,27.690189,2054
85.522743,27.690194,2054
85.522758,27.690203,2054
85.522772,27.690214,2054
85.522782,27.690225,2054
85.522785,27.690234,2054
85.522793,27.69026,2054
85.522795,27.690263,2054
85.522796,27.690268,2054
85.522804,27.690273,2054
85.522817,27.690278,2054
85.522832,27.690281,2055
85.522845,27.690284,2055
85.522854,27.690287,2055
85.522858,27.690292,2055
85.522863,27.690297,2055
85.522866,27.690303,2055
85.522869,27.690312,2055
85.522869,27.690322,2055
85.522863,27.690335,2055
85.522859,27.690341,2055
85.522852,27.690345,2055
85.522852,27.690348,2055
85.52285,27.690349,2055
85.522857,27.690346,2054
85.522867,27.690342,2054
85.522882,27.690343,2054
85.522892,27.690349,2054
85.522904,27.690358,2054
85.522906,27.690369,2054
85.522924,27.690378,2054
85.522943,27.690388,2054
85.522959,27.690397,2054
85.522962,27.690406,2054
85.522959,27.690409,2054
85.522958,27.690409,2054
85.52296,27.690406,2054
85.522964,27.690401,2054
85.522965,27.690396,2054
85.522966,27.690391,2054
85.522964,27.690387,2054
85.522957,27.690383,2054
85.522949,27.690378,2054
85.522941,27.690372,2054
85.522914,27.690345,2053
85.522919,27.690315,2053
85.522915,27.690312,2053
85.522905,27.690305,2053
85.522903,27.69029,2053
85.52291,27.690276,2053
85.522908,27.690263,2053
85.522904,27.690249,2053
85.522906,27.690233,2053
85.522992,27.690052,2052
85.52296,27.690057,2052
85.522964,27.690061,2052
85.52302,27.690092,2052
85.523023,27.690095,2052
85.523026,27.690096,2052
85.523015,27.690092,2052
85.522993,27.690085,2052
85.522974,27.69008,2052
85.522954,27.690075,2052
85.522945,27.690067,2052
85.522938,27.690058,2052
85.522932,27.690048,2052
85.522924,27.690035,2052
85.522918,27.690024,2052
85.522908,27.690011,2051
85.5229,27.689997,2051
85.522891,27.689984,2051
85.522881,27.689969,2051
85.522875,27.689957,2051
85.52287,27.689946,2051
85.522865,27.689936,2051
85.522864,27.689927,2051
85.522863,27.689916,2051
85.522866,27.689906,2051
85.52287,27.689895,2050
85.522874,27.689886,2050
85.522877,27.689876,2050
85.522881,27.689862,2050
85.522896,27.68985,2050
85.522912,27.689841,2050
85.522922,27.689833,2050
85.522932,27.689825,2050
85.522942,27.689814,2050
85.522956,27.689804,2049
85.522973,27.689796,2049
85.522993,27.689792,2049
85.523,27.689779,2049
85.523001,27.689778,2049
85.523001,27.689776,2049
85.523006,27.689773,2049
85.523019,27.689769,2049
85.52304,27.689766,2049
85.523059,27.689761,2049
85.523075,27.689756,2049
85.523085,27.689751,2049
85.523091,27.689744,2049
85.523098,27.689737,2049
85.523106,27.68973,2049
85.523113,27.689724,2048
85.523137,27.689709,2048
85.52314,27.689708,2048
85.52315,27.689706,2048
85.523166,27.689704,2048
85.523189,27.689701,2048
85.523211,27.689698,2048
85.523233,27.689696,2048
85.523254,27.689694,2048
85.523274,27.689692,2048
85.523304,27.689683,2047
85.523339,27.689672,2047
85.523425,27.689662,2047
85.523426,27.689663,2047
85.523427,27.68966,2047
85.523428,27.689657,2047
85.52343,27.689653,2047
85.523432,27.68965,2047
85.523434,27.689644,2047
85.523436,27.689638,2046
85.523441,27.689636,2046
85.523449,27.689636,2046
85.523459,27.689635,2046
85.523469,27.689631,2046
85.523476,27.689624,2046
85.52348,27.689614,2046
85.523486,27.689605,2046
85.523497,27.689602,2045
85.523513,27.689604,2045
85.52353,27.689609,2045
85.523546,27.689614,2045
85.52356,27.689618,2045
85.523575,27.689621,2045
85.52359,27.689627,2045
85.523605,27.689634,2045
85.523616,27.68964,2044
85.523623,27.689644,2044
85.523625,27.689645,2044
85.523627,27.689646,2044
85.523627,27.689636,2044
85.523624,27.689634,2044
85.523624,27.689627,2044
85.523623,27.689619,2044
85.523625,27.689606,2044
85.523627,27.689592,2044
85.523634,27.689576,2043
85.523645,27.689556,2043
85.523657,27.689539,2043
85.523655,27.689548,2043
85.523651,27.689562,2043
85.523647,27.689577,2043
85.523648,27.689591,2043
85.523648,27.689605,2043
85.52365,27.689617,2043
85.523656,27.689626,2042
85.523671,27.689628,2042
85.523691,27.689625,2042
85.523714,27.689619,2042
85.523736,27.689611,2042
85.523761,27.689603,2042
85.523791,27.689596,2042
85.523825,27.689591,2042
85.523864,27.689584,2042
85.523901,27.689576,2042
85.523947,27.689561,2042
85.523991,27.689547,2041
85.524032,27.689532,2041
85.524071,27.689512,2041
85.524108,27.689495,2041
85.524145,27.689478,2041
85.524152,27.689465,2041
85.524145,27.689457,2041
85.524132,27.689452,2041
85.524121,27.689446,2041
85.524115,27.689441,2041
85.524122,27.689435,2041
85.524135,27.689429,2041
85.524149,27.689425,2041
85.524192,27.689416,2041
85.524179,27.689414,2041
85.524165,27.689412,2040
85.52415,27.689409,2040
85.524133,27.689405,2040
85.524116,27.689395,2040
85.524106,27.689389,2040
85.524107,27.689384,2040
85.524109,27.68938,2040
85.524107,27.689378,2040
85.524105,27.689375,2040
85.524104,27.689369,2039
85.524104,27.689363,2039
85.524101,27.689351,2039
85.524102,27.689339,2039
85.524102,27.689326,2039
85.524102,27.689314,2039
85.5241,27.689303,2039
85.524102,27.689296,2039
85.524102,27.689295,2038
85.524106,27.689294,2038
85.524105,27.689289,2038
85.524105,27.689282,2038
85.524104,27.689276,2038
85.524097,27.68927,2038
85.524088,27.689259,2038
85.524076,27.689248,2038
85.524058,27.689235,2038
85.524047,27.689225,2038
85.524042,27.689215,2037
85.524039,27.689208,2037
85.52404,27.689201,2037
85.524042,27.689195,2037
85.524045,27.689189,2037
85.52405,27.689181,2037
85.524059,27.689169,2037
85.524067,27.689162,2037
85.524069,27.689159,2037
85.524076,27.689153,2036
85.524077,27.689147,2036
85.524083,27.689147,2036
85.524091,27.68915,2036
85.5241,27.689157,2036
85.524111,27.689166,2036
85.524117,27.689167,2036
85.524128,27.689169,2036
85.524149,27.689179,2036
85.524172,27.689193,2036
85.524193,27.68921,2036
85.524212,27.689225,2036
85.524225,27.68924,2036
85.524259,27.689261,2036
85.524258,27.689257,2036
85.524259,27.689252,2036
85.524261,27.689244,2036
85.524264,27.689237,2036
85.52427,27.689234,2036
85.524278,27.689231,2035
85.524287,27.68923,2035
85.524298,27.68923,2035
85.524322,27.689231,2035
85.524324,27.689232,2035
85.524331,27.689228,2035
85.524331,27.689227,2035
85.52433,27.689225,2035
85.524329,27.689222,2035
85.524341,27.689215,2034
85.524343,27.689211,2034
85.524357,27.689211,2034
85.524376,27.689212,2034
85.524398,27.689213,2034
85.524419,27.689213,2034
85.524436,27.689215,2034
85.524446,27.689214,2034
85.524451,27.689215,2034
85.524456,27.689215,2034
85.524458,27.689213,2034
85.524463,27.689207,2034
85.52448,27.689201,2034
85.524495,27.689198,2034
85.524557,27.68921,2034
85.524558,27.689211,2034
85.524561,27.689214,2034
85.524564,27.689219,2034
85.524567,27.689226,2034
85.524573,27.689234,2034
85.524577,27.689242,2034
85.52458,27.689249,2034
85.524581,27.689253,2034
85.524585,27.689257,2034
85.524586,27.689258,2034
85.524593,27.689264,2034
85.524601,27.689266,2034
85.524615,27.68927,2034
85.524633,27.689277,2034
85.524648,27.689286,2034
85.524662,27.689296,2034
85.524677,27.689305,2034
85.524691,27.689313,2034
85.5247,27.689321,2034
85.524708,27.689327,2034
85.524716,27.689334,2034
85.524722,27.689341,2032
85.524731,27.689345,2032
85.52474,27.689346,2032
85.524743,27.689341,2032
85.524742,27.689338,2032
85.524732,27.68933,2031
85.524723,27.689323,2031
85.524716,27.689311,2031
85.524714,27.689302,2031
85.524715,27.689294,2031
85.524714,27.689277,2031
85.524712,27.689263,2031
85.524708,27.689244,2031
85.524705,27.689225,2031
85.524706,27.689207,2031
85.52471,27.689191,2031
85.524718,27.689182,2031
85.524721,27.689176,2031
85.524729,27.689169,2031
85.524742,27.689163,2031
85.524752,27.689158,2031
85.52476,27.689157,2031
85.524768,27.689158,2031
85.524779,27.689161,2031
85.52479,27.689165,2031
85.524804,27.689168,2031
85.524817,27.689169,2031
85.52483,27.689172,2031
85.524845,27.689177,2031
85.52486,27.689181,2031
85.524875,27.689185,2031
85.524888,27.689188,2031
85.524901,27.68919,2031
85.524909,27.689191,2031
85.524916,27.689189,2031
85.524924,27.689186,2031
85.52493,27.689183,2030
85.524935,27.689181,2030
85.524938,27.689181,2030
85.524942,27.68918,2030
85.524945,27.689181,2030
85.524947,27.689183,2029
85.52495,27.689185,2029
85.524955,27.689187,2029
85.524962,27.689191,2029
85.524974,27.689195,2029
85.524999,27.689195,2029
85.525021,27.689198,2029
85.525042,27.689202,2029
85.525062,27.689208,2029
85.525087,27.689217,2029
85.525112,27.689227,2029
85.525141,27.689239,2029
85.525164,27.689247,2029
85.525182,27.689259,2029
85.525195,27.689274,2029
85.525206,27.68929,2029
85.525216,27.689303,2029
85.525226,27.689315,2028
85.525235,27.689327,2028
85.525239,27.689333,2028
85.525238,27.689338,2028
85.525237,27.689347,2028
85.525235,27.689357,2028
85.525237,27.689371,2028
85.52524,27.689386,2028
85.525239,27.689401,2028
85.52524,27.689416,2028
85.52524,27.689432,2028
85.525234,27.689447,2028
85.525228,27.689461,2028
85.525223,27.689475,2028
85.525217,27.689487,2028
85.525211,27.689499,2028
85.525208,27.689508,2028
85.525206,27.689515,2027
85.525205,27.689521,2027
85.525206,27.689528,2027
85.525208,27.689536,2027
85.52521,27.689546,2027
85.525211,27.689557,2027
85.525214,27.689569,2027
85.525217,27.689581,2027
85.525216,27.689594,2027
85.525211,27.689601,2027
85.525203,27.689602,2027
85.525199,27.689602,2027
85.525198,27.689601,2027
85.525198,27.689604,2027
85.5252,27.689609,2027
85.525204,27.689613,2027
85.525209,27.689614,2027
85.525217,27.689612,2027
85.525228,27.689608,2027
85.525246,27.689599,2026
85.525266,27.689586,2026
85.525282,27.689569,2026
85.525296,27.689553,2026
85.52531,27.689538,2026
85.525323,27.689527,2026
85.525334,27.68953,2026
85.525345,27.689536,2025
85.525355,27.689546,2025
85.525365,27.689557,2025
85.525372,27.689568,2025
85.525392,27.689587,2025
85.525393,27.689586,2025
85.525394,27.68958,2025
85.525395,27.689579,2024
85.525398,27.689577,2024
85.525441,27.689562,2023
85.525446,27.689562,2023
85.525459,27.689563,2023
85.525471,27.689564,2023
85.525487,27.68957,2023
85.525503,27.689579,2023
85.52552,27.689589,2023
85.525534,27.689596,2023
85.525571,27.689613,2023
85.525569,27.689614,2023
85.525565,27.689616,2022
85.525559,27.68962,2022
85.525554,27.689627,2022
85.52555,27.689631,2022
85.525556,27.689636,2022
85.525561,27.68964,2022
85.525567,27.689651,2022
85.525575,27.689662,2022
85.525586,27.689671,2022
85.525605,27.689673,2022
85.525626,27.689675,2022
85.525652,27.689675,2022
85.525674,27.689677,2022
85.525689,27.68968,2022
85.525687,27.689686,2022
85.525673,27.6897,2021
85.525661,27.689712,2021
85.525661,27.689716,2021
85.525658,27.689719,2021
85.525655,27.689723,2021
85.525653,27.689727,2021
85.525655,27.689731,2021
85.525666,27.689735,2021
85.525679,27.689738,2020
85.525691,27.689744,2020
85.525709,27.68975,2020
85.525731,27.689758,2020
85.525756,27.689766,2020
85.52578,27.689775,2020
85.5258,27.689785,2020
85.525819,27.689792,2020
85.525836,27.689799,2020
85.525851,27.689803,2020
85.525864,27.689807,2020
85.525874,27.689806,2020
85.525884,27.689804,2019
85.525893,27.689801,2019
85.525903,27.6898,2019
85.525914,27.689799,2019
85.525926,27.689798,2019
85.525937,27.689796,2019
85.525942,27.689794,2019
85.525945,27.689797,2019
85.525949,27.6898,2019
85.525955,27.689804,2019
85.525963,27.689812,2019
85.525972,27.689822,2018
85.52598,27.689831,2018
85.525984,27.689837,2018
85.525987,27.689845,2018
85.525989,27.689851,2018
85.525991,27.689856,2018
85.525993,27.689862,2018
85.52599,27.689868,2017
85.525984,27.689873,2017
85.525975,27.689877,2017
85.525967,27.689879,2017
85.525962,27.689878,2017
85.525959,27.689876,2017
85.525958,27.689872,2017
85.525963,27.689853,2016
85.52597,27.689853,2016
85.52598,27.689852,2016
85.525991,27.689848,2016
85.525991,27.689845,2016
85.525988,27.689841,2016
85.525988,27.68984,2016
85.525991,27.689843,2016
85.525995,27.689843,2016
85.525993,27.68984,2016
85.525988,27.689835,2016
85.525983,27.689829,2016
85.525972,27.689822,2016
85.525959,27.689816,2016
85.525949,27.689811,2016
85.525944,27.689807,2016
85.525946,27.6898,2016
85.525959,27.689792,2016
85.525983,27.68978,2016
85.526015,27.689774,2015
85.526052,27.689762,2015
85.526219,27.689697,2014
85.526531,27.689594,2014
85.526493,27.68961,2013
85.526663,27.689535,2013
85.526744,27.689472,2013
85.526484,27.689427,2012
85.526482,27.689431,2012
85.526476,27.689454,2012
85.526475,27.689456,2012
85.526469,27.689454,2012
85.526457,27.689451,2012
85.526441,27.689442,2012
85.526424,27.689434,2012
85.526405,27.689427,2012
85.526392,27.689423,2012
85.526383,27.689419,2012
85.526378,27.689415,2012
85.526376,27.689409,2012
85.526379,27.689404,2012
85.526382,27.689398,2012
85.526386,27.689393,2012
85.526391,27.689388,2012
85.526397,27.689383,2012
85.526404,27.689378,2012
85.526413,27.689373,2012
85.526418,27.68937,2012
85.526422,27.689366,2012
85.526426,27.689362,2012
85.52643,27.689358,2012
85.526436,27.689353,2012
85.526447,27.689348,2012
85.526457,27.689345,2012
85.526468,27.689342,2012
85.526483,27.689341,2011
85.526498,27.689339,2011
85.526511,27.689338,2011
85.52652,27.689336,2011
85.526528,27.689335,2011
85.526536,27.689334,2011
85.526542,27.689334,2011
85.526547,27.689335,2011
85.526549,27.689336,2011
85.526548,27.689335,2010
85.52654,27.689331,2010
85.526531,27.689327,2010
85.52652,27.689323,2010
85.526515,27.689324,2010
85.526513,27.689324,2010
85.526515,27.689323,2010
85.526518,27.68932,2010
85.526523,27.689317,2010
85.526537,27.689315,2010
85.526553,27.689313,2010
85.52657,27.689313,2010
85.526588,27.689314,2010
85.526605,27.689315,2010
85.526625,27.689313,2010
85.526643,27.689317,2010
85.526658,27.689319,2010
85.526671,27.689319,2010
85.52668,27.689318,2009
85.52669,27.689314,2009
85.526701,27.689309,2009
85.526713,27.689302,2009
85.526725,27.689295,2009
85.526736,27.68929,2009
85.526749,27.689285,2009
85.526763,27.68928,2009
85.526775,27.689274,2009
85.526786,27.689271,2009
85.526811,27.689266,2009
85.526814,27.689264,2009
85.52682,27.689262,2009
85.526828,27.689262,2009
85.526836,27.689264,2009
85.526842,27.689266,2009
85.526851,27.689268,2008
85.526863,27.689273,2008
85.526872,27.689277,2008
85.526877,27.689283,2008
85.526879,27.689291,2008
85.526879,27.689299,2008
85.526878,27.689308,2008
85.526876,27.689316,2008
85.526876,27.689324,2008
85.526877,27.689331,2008
85.526882,27.689339,2008
85.526892,27.689346,2008
85.526904,27.689354,2008
85.526916,27.689363,2008
85.526935,27.689373,2007
85.526959,27.689381,2007
85.526983,27.689387,2007
85.527005,27.689392,2007
85.52703,27.689394,2007
85.527046,27.689396,2007
85.527055,27.689399,2007
85.527063,27.689403,2007
85.527074,27.68941,2007
85.527087,27.689417,2007
85.527099,27.689425,2007
85.527109,27.689434,2007
85.52712,27.689442,2007
85.527127,27.68945,2007
85.527129,27.689455,2007
85.527128,27.689461,2007
85.527123,27.689467,2007
85.52712,27.689474,2007
85.527118,27.689482,2007
85.527115,27.689487,2007
85.527117,27.689488,2006
85.527119,27.689486,2006
85.527125,27.689481,2006
85.527132,27.689474,2006
85.527141,27.68947,2006
85.527152,27.689469,2006
85.527162,27.689469,2006
85.527172,27.689472,2006
85.527186,27.689478,2006
85.527202,27.689489,2006
85.527218,27.689509,2006
85.52724,27.689519,2006
85.527266,27.689528,2006
85.527287,27.689533,2006
85.527319,27.689539,2006
85.527358,27.689556,2005
85.527398,27.689573,2005
85.527423,27.689573,2005
85.527443,27.689577,2005
85.527461,27.689582,2005
85.527477,27.689587,2005
85.527491,27.689591,2005
85.527501,27.689592,2005
85.527507,27.68959,2005
85.527509,27.68959,2005
85.527507,27.689589,2005
85.5275,27.689588,2005
85.52749,27.68959,2005
85.527482,27.68959,2005
85.527481,27.689592,2005
85.527483,27.689592,2004
85.527485,27.689592,2004
85.527485,27.689594,2004
85.527479,27.689593,2004
85.527474,27.689591,2004
85.527476,27.68959,2004
85.527476,27.689589,2004
85.527476,27.689588,2004
85.527481,27.689588,2004
85.527485,27.689587,2004
85.527491,27.689588,2004
85.527495,27.689588,2004
85.527495,27.689589,2004
85.527493,27.68959,2004
85.52749,27.689591,2004
85.527485,27.68959,2004
85.527475,27.68959,2004
85.527463,27.68959,2004
85.52745,27.689586,2004
85.52744,27.689578,2004
85.527437,27.689568,2004
85.527436,27.689556,2004
85.527435,27.689545,2003
85.527434,27.689534,2003
85.527428,27.689525,2003
85.527423,27.689516,2003
85.527419,27.689509,2003
85.527418,27.689503,2003
85.527419,27.689498,2002
85.527422,27.689493,2002
85.527429,27.68949,2002
85.527437,27.689487,2002
85.527447,27.689485,2002
85.527458,27.689483,2002
85.527468,27.689482,2002
85.527498,27.689477,2001
85.527496,27.689476,2001
85.527492,27.689476,2001
85.527487,27.689476,2001
85.527484,27.689476,2001
85.527485,27.689477,2001
85.527489,27.689477,2001
85.527505,27.689474,2000
85.527523,27.689469,2000
85.527544,27.689466,2000
85.527567,27.689462,2000
85.527589,27.689459,2000
85.5276,27.689454,2000
85.527611,27.68945,2000
85.527627,27.689443,2000
85.527646,27.689434,2000
85.527669,27.689421,2000
85.527687,27.689406,2000
85.527704,27.689396,1999
85.527719,27.689388,1999
85.527733,27.68938,1999
85.527747,27.689372,1999
85.527759,27.689366,1999
85.52777,27.689362,1999
85.527779,27.689359,1999
85.52779,27.689362,1999
85.527801,27.689366,1999
85.52781,27.689369,1999
85.527819,27.689376,1999
85.527828,27.68938,1999
85.527833,27.689383,1998
85.527837,27.689388,1998
85.527844,27.689394,1998
85.527855,27.689403,1998
85.527881,27.689424,1998
85.527888,27.689423,1998
85.527898,27.689422,1998
85.527908,27.68942,1998
85.527922,27.689424,1998
85.527938,27.68943,1998
85.527955,27.689436,1998
85.527973,27.689438,1998
85.527991,27.689436,1998
85.528006,27.689428,1998
85.528017,27.68942,1998
85.528031,27.68941,1998
85.528047,27.689401,1997
85.528064,27.689391,1997
85.528081,27.689381,1997
85.528095,27.689371,1997
85.52811,27.689363,1997
85.528125,27.689358,1997
85.528137,27.689357,1997
85.52815,27.68936,1997
85.528165,27.689366,1997
85.52818,27.689373,1997
85.528193,27.689379,1997
85.528203,27.689385,1997
85.528209,27.68939,1997
85.528214,27.689389,1996
85.528219,27.689388,1996
85.528227,27.689389,1996
85.528237,27.68939,1996
85.52825,27.689396,1996
85.528265,27.689406,1996
85.528282,27.68942,1996
85.528296,27.689432,1996
85.528317,27.689444,1996
85.528336,27.689455,1996
85.528352,27.689464,1996
85.52837,27.689473,1996
85.528386,27.689481,1996
85.528398,27.689485,1996
85.528409,27.689487,1996
85.528417,27.689487,1995
85.528425,27.689489,1995
85.528431,27.689489,1995
85.528432,27.689488,1995
85.528432,27.689484,1995
85.528436,27.689481,1995
85.52844,27.68948,1995
85.528444,27.689479,1995
85.528448,27.68948,1995
85.528455,27.689483,1995
85.528464,27.689487,1995
85.528475,27.689492,1995
85.528489,27.6895,1995
85.528505,27.689507,1995
85.528522,27.689512,1995
85.528541,27.689517,1995
85.528562,27.68952,1995
85.528581,27.68952,1995
85.528599,27.68952,1994
85.528614,27.68952,1994
85.528624,27.689517,1994
85.528636,27.689512,1994
85.528649,27.689507,1994
85.528662,27.689509,1994
85.528673,27.68951,1994
85.528684,27.689511,1994
85.528698,27.689511,1994
85.528706,27.689519,1994
85.528709,27.689528,1994
85.528709,27.689533,1994
85.528709,27.689535,1994
85.528705,27.689538,1993
85.528704,27.689541,1993
85.528691,27.689558,1993
85.528694,27.68956,1993
85.528697,27.689567,1993
85.5287,27.689577,1993
85.528704,27.689589,1993
85.528714,27.6896,1993
85.528733,27.689605,1993
85.528758,27.689609,1993
85.528785,27.689613,1993
85.528813,27.689616,1993
85.528834,27.68962,1993
85.528855,27.689622,1993
85.528872,27.689626,1993
85.528892,27.689623,1993
85.528907,27.689618,1993
85.528918,27.689614,1993
85.528926,27.68961,1993
85.528955,27.689604,1993
85.528956,27.689605,1993
85.52896,27.689603,1993
85.528968,27.689603,1993
85.528977,27.689606,1993
85.528989,27.689608,1993
85.529001,27.689611,1993
85.529013,27.689615,1993
85.529022,27.689616,1993
85.529027,27.689615,1992
85.529032,27.689613,1992
85.529036,27.689608,1992
85.52904,27.689602,1992
85.529046,27.689602,1992
85.529053,27.689601,1992
85.529062,27.689602,1992
85.52907,27.689603,1992
85.529079,27.689605,1992
85.529089,27.689606,1991
85.5291,27.689606,1991
85.529111,27.689605,1991
85.529123,27.689602,1991
85.529129,27.689604,1991
85.529133,27.689607,1991
85.529142,27.68961,1991
85.529141,27.689615,1991
85.529136,27.68962,1991
85.529135,27.689623,1991
85.529136,27.689625,1991
85.529141,27.689631,1991
85.529146,27.689634,1990
85.529149,27.689638,1990
85.529149,27.689643,1990
85.529149,27.689648,1990
85.529156,27.689652,1990
85.529169,27.689657,1990
85.529185,27.68966,1990
85.529201,27.689664,1990
85.529238,27.689683,1990
85.529241,27.689685,1990
85.52925,27.689695,1990
85.529257,27.689707,1990
85.529265,27.689719,1990
85.529276,27.689727,1990
85.52929,27.689735,1990
85.529305,27.689738,1990
85.529318,27.689738,1990
85.529331,27.689738,1990
85.529343,27.689738,1990
85.529352,27.68974,1990
85.529358,27.689745,1990
85.529359,27.689753,1989
85.529358,27.689762,1989
85.529359,27.689769,1989
85.52936,27.689777,1989
85.529362,27.689785,1989
85.529367,27.689794,1989
85.529373,27.689805,1989
85.529381,27.689818,1989
85.52939,27.689832,1989
85.529398,27.689844,1989
85.529407,27.689856,1989
85.529413,27.689866,1989
85.529418,27.689874,1989
85.529422,27.68988,1989
85.529426,27.689887,1989
85.529432,27.689895,1989
85.529439,27.689902,1989
85.529445,27.689908,1989
85.529452,27.689915,1989
85.529458,27.68992,1989
85.529466,27.689925,1989
85.529474,27.689932,1989
85.529481,27.689938,1989
85.529487,27.689943,1989
85.529493,27.689948,1990
85.529498,27.689953,1990
85.529502,27.689959,1990
85.529506,27.689965,1990
85.52951,27.689971,1991
85.529515,27.689978,1991
85.52952,27.689985,1991
85.529527,27.689993,1991
85.529537,27.689998,1991
85.529547,27.690002,1991
85.529558,27.690006,1991
85.529569,27.690009,1991
85.52958,27.690011,1991
85.52959,27.690014,1991
85.529601,27.690015,1991
85.529609,27.690014,1991
85.529621,27.690014,1991
85.529635,27.690015,1991
85.529652,27.690015,1991
85.529668,27.690015,1991
85.529683,27.690015,1991
85.529699,27.690014,1991
85.529713,27.690012,1991
85.529726,27.690009,1991
85.529739,27.690005,1990
85.529754,27.690002,1990
85.529771,27.689998,1990
85.529785,27.689993,1990
85.529799,27.689989,1990
85.529813,27.689984,1990
85.529826,27.689978,1990
85.52984,27.689971,1990
85.529854,27.689964,1990
85.529866,27.689956,1989
85.529879,27.689947,1989
85.529892,27.68994,1989
85.529907,27.689935,1989
85.529918,27.689929,1989
85.529927,27.689925,1989
85.529937,27.689921,1988
85.529948,27.689918,1988
85.52996,27.689913,1988
85.529972,27.689907,1988
85.529985,27.689903,1988
85.529998,27.689898,1988
85.530011,27.689895,1988
85.530024,27.689893,1987
85.530037,27.689892,1987
85.530049,27.689893,1987
85.530061,27.689897,1987
85.530073,27.6899,1987
85.530086,27.689905,1987
85.5301,27.689911,1987
85.530113,27.689916,1986
85.530125,27.689918,1986
85.530137,27.689918,1986
85.530148,27.689917,1986
85.530159,27.689914,1986
85.530169,27.689914,1986
85.53018,27.689918,1986
85.530191,27.689924,1986
85.530201,27.689933,1986
85.530209,27.689943,1985
85.530214,27.689951,1985
85.530216,27.68996,1985
85.530213,27.689972,1985
85.530209,27.689982,1985
85.530207,27.689991,1985
85.530204,27.689998,1985
85.530192,27.690006,1985
85.53019,27.690008,1985
85.530186,27.690014,1985
85.530181,27.690025,1984
85.530177,27.69004,1984
85.530172,27.690056,1984
85.530168,27.690072,1984
85.530164,27.690087,1984
85.530163,27.690101,1984
85.530163,27.690113,1984
85.530163,27.690123,1984
85.530165,27.69013,1984
85.530167,27.690133,1984
85.530175,27.690143,1984
85.530172,27.690145,1984
85.530178,27.690141,1984
85.53018,27.69014,1984
85.530184,27.690139,1984
85.53019,27.690136,1984
85.530196,27.690133,1984
85.530201,27.69013,1984
85.530208,27.690127,1984
85.530215,27.690124,1984
85.530223,27.690121,1984
85.530233,27.690119,1984
85.530245,27.690116,1984
85.530259,27.690115,1984
85.530275,27.690114,1984
85.53029,27.690113,1984
85.530304,27.690113,1984
85.530316,27.690112,1984
85.530327,27.690112,1984
85.530339,27.690112,1984
85.53035,27.690111,1984
85.530362,27.690112,1984
85.530376,27.690113,1984
85.530391,27.690113,1984
85.530406,27.690113,1984
85.530419,27.690109,1984
85.530433,27.690105,1984
85.530443,27.6901,1984
85.530453,27.690096,1984
85.530462,27.690092,1984
85.530471,27.690089,1984
85.530479,27.690087,1984
85.530486,27.690085,1984
85.530491,27.690085,1984
85.530496,27.690085,1984
85.530504,27.690084,1984
85.530511,27.690081,1984
85.53052,27.690076,1984
85.530528,27.690072,1984
85.530538,27.690068,1984
85.530547,27.690066,1984
85.530553,27.690065,1984
85.530572,27.690062,1984
85.530573,27.690062,1984
85.530576,27.690064,1984
85.530581,27.690064,1984
85.530588,27.690066,1984
85.530596,27.690067,1984
85.530606,27.690068,1984
85.530616,27.690069,1984
85.530627,27.69007,1984
85.530638,27.690069,1984
85.530649,27.690068,1984
85.53066,27.690067,1983
85.530672,27.690066,1983
85.530682,27.690066,1983
85.530691,27.690065,1983
85.530712,27.690067,1983
85.530712,27.690066,1983
85.530715,27.690065,1983
85.530721,27.690064,1983
85.530728,27.690062,1983
85.530737,27.690059,1983
85.530745,27.690056,1983
85.530768,27.690048,1983
85.530773,27.69005,1983
85.530774,27.690049,1983
85.530773,27.690049,1983
85.530773,27.690047,1983
85.53077,27.690042,1983
85.530773,27.690042,1983
85.530776,27.690041,1983
85.530783,27.690039,1983
85.530792,27.690036,1983
85.530802,27.690033,1983
85.530815,27.690031,1983
85.530827,27.69003,1983
85.530838,27.690029,1983
85.530847,27.690029,1983
85.530855,27.690029,1983
85.530873,27.690029,1983
85.530874,27.690028,1983
85.530874,27.690027,1983
85.530875,27.690026,1983
85.530877,27.690027,1983
85.530885,27.690027,1983
85.53089,27.690025,1983
85.530894,27.690024,1983
85.530902,27.690021,1983
85.530912,27.690017,1983
85.530922,27.69001,1983
85.530932,27.690003,1983
85.530939,27.689997,1983
85.530945,27.689991,1983
85.530951,27.689985,1983
85.530956,27.68998,1983
85.530962,27.689978,1983
85.530968,27.689977,1983
85.530976,27.689976,1983
85.530987,27.689975,1983
85.530998,27.689972,1983
85.53101,27.689969,1983
85.531022,27.689965,1983
85.531036,27.689962,1983
85.531049,27.689958,1983
85.531062,27.689953,1983
85.531074,27.689948,1983
85.531084,27.689943,1983
85.531094,27.689936,1983
85.531105,27.689931,1983
85.531115,27.689927,1983
85.531126,27.689923,1983
85.531138,27.689919,1986
85.531151,27.689915,1986
85.531162,27.689911,1986
85.531174,27.689908,1986
85.531186,27.689905,1986
85.531199,27.689902,1986
85.531212,27.689897,1986
85.531225,27.689893,1986
85.531238,27.689888,1986
85.531252,27.689886,1986
85.531266,27.689885,1986
85.531281,27.689886,1987
85.531297,27.689885,1987
85.53131,27.689879,1987
85.531319,27.689873,1987
85.53133,27.689869,1987
85.531342,27.689866,1987
85.531353,27.689864,1987
85.531361,27.689862,1987
85.531366,27.689858,1987
85.53137,27.689855,1987
85.53138,27.689852,1987
85.531382,27.689854,1987
85.531383,27.689857,1987
85.53139,27.689857,1987
85.531394,27.689857,1987
85.531404,27.689857,1987
85.531416,27.689856,1987
85.531431,27.689853,1987
85.531447,27.689849,1987
85.531464,27.689845,1987
85.531479,27.689843,1987
85.531495,27.689841,1988
85.53151,27.689842,1988
85.531523,27.689845,1988
85.531535,27.689848,1988
85.531548,27.689851,1989
85.531562,27.689857,1989
85.531576,27.689863,1989
85.53159,27.689867,1989
85.531602,27.689871,1989
85.531616,27.689873,1989
85.531629,27.689875,1989
85.531642,27.689877,1989
85.531654,27.689878,1989
85.531666,27.689877,1989
85.53168,27.689876,1990
85.531692,27.689875,1990
85.531703,27.689873,1990
85.531712,27.689872,1990
85.531732,27.689876,1990
85.531733,27.689876,1990
85.531736,27.689875,1990
85.531741,27.689876,1990
85.531748,27.68988,1990
85.531755,27.689883,1990
85.531764,27.689888,1990
85.531775,27.689893,1990
85.531786,27.689897,1990
85.531797,27.689903,1991
85.531807,27.689907,1991
85.53182,27.689912,1991
85.531834,27.689915,1991
85.531849,27.689917,1991
85.531864,27.689918,1991
85.53188,27.689919,1991
85.531894,27.689922,1991
85.531908,27.689925,1992
85.531921,27.689927,1992
85.531934,27.689929,1992
85.531946,27.689933,1992
85.531957,27.689937,1992
85.531969,27.689941,1992
85.53198,27.689945,1992
85.53199,27.689946,1993
85.531999,27.689946,1993
85.532009,27.689944,1993
85.53202,27.689941,1993
85.532031,27.689938,1993
85.532042,27.689937,1993
85.532055,27.689937,1993
85.532068,27.689936,1993
85.53208,27.689935,1993
85.532091,27.68993,1993
85.5321,27.689924,1993
85.532108,27.689917,1993
85.532116,27.68991,1994
85.532124,27.689904,1994
85.532135,27.689901,1994
85.532147,27.689899,1994
85.532159,27.689897,1994
85.532172,27.689894,1994
85.532184,27.689889,1994
85.532195,27.689883,1994
85.532206,27.689877,1994
85.532217,27.68987,1994
85.532226,27.689863,1994
85.532237,27.689858,1994
85.532249,27.689853,1994
85.532261,27.689848,1994
85.532271,27.689843,1994
85.532283,27.689841,1994
85.532296,27.689837,1995
85.532308,27.689834,1995
85.53232,27.689831,1995
85.532332,27.689828,1995
85.532344,27.689826,1995
85.532356,27.689825,1995
85.532367,27.689823,1995
85.532378,27.689821,1995
85.532389,27.689816,1995
85.5324,27.689811,1995
85.532411,27.689805,1995
85.532422,27.689799,1995
85.532435,27.689795,1996
85.532448,27.689791,1996
85.532463,27.689785,1996
85.532476,27.689779,1996
85.53249,27.689772,1996
85.532501,27.689765,1996
85.532512,27.689757,1996
85.532522,27.689751,1996
85.532532,27.689746,1996
85.532541,27.689741,1996
85.53255,27.689736,1996
85.532559,27.689729,1996
85.532569,27.689721,1996
85.53258,27.689712,1996
85.532592,27.689703,1996
85.532601,27.689695,1996
85.532612,27.689687,1996
85.532623,27.689679,1996
85.532632,27.689669,1996
85.532639,27.689658,1996
85.532644,27.689646,1996
85.532649,27.689634,1996
85.532654,27.689622,1997
85.53266,27.689611,1997
85.532664,27.6896,1997
85.532669,27.689589,1997
85.532672,27.689575,1997
85.532675,27.689563,1997
85.532678,27.689553,1997
85.532681,27.689543,1997
85.532687,27.689529,1997
85.532686,27.689528,1997
85.532684,27.689524,1997
85.532681,27.68952,1997
85.532679,27.689516,1997
85.532677,27.689513,1997
85.532674,27.68951,1997
85.532667,27.689498,1997
85.532667,27.689495,1997
85.532668,27.689492,1997
85.532669,27.689488,1997
85.532671,27.689482,1997
85.532674,27.689475,1997
85.532677,27.689468,1997
85.53268,27.689461,1997
85.532685,27.689454,1997
85.532691,27.689448,1997
85.532696,27.68944,1997
85.532701,27.689433,1997
85.532706,27.689424,1997
85.532709,27.689414,1997
85.532711,27.689403,1997
85.532713,27.689395,1997
85.532714,27.689384,1997
85.532716,27.689375,1997
85.532721,27.689365,1997
85.532725,27.689355,1997
85.532729,27.689343,1997
85.532732,27.689331,1997
85.532737,27.68932,1997
85.532744,27.689309,1997
85.532751,27.689298,1997
85.532759,27.689289,1997
85.532767,27.68928,1997
85.532773,27.689269,1997
85.532779,27.689259,1997
85.532784,27.689249,1997
85.532788,27.689239,1997
85.532792,27.689229,1997
85.532795,27.68922,1997
85.5328,27.68921,1997
85.532803,27.6892,1997
85.532807,27.689189,1997
85.532811,27.689179,1997
85.532815,27.689169,1997
85.532819,27.689158,1997
85.532825,27.689147,1997
85.532829,27.689137,1997
85.532832,27.689126,1997
85.532835,27.689117,1997
85.532838,27.689108,1997
85.53284,27.689097,1998
85.532842,27.689087,1998
85.532843,27.689077,1998
85.532843,27.689068,1998
85.532843,27.689059,1998
85.532846,27.68905,1998
85.532848,27.689039,1998
85.532851,27.689029,1998
85.532856,27.689018,1998
85.532861,27.689008,1998
85.532869,27.688997,1998
85.532878,27.688986,1998
85.532885,27.688975,1998
85.532891,27.688965,1998
85.532898,27.688955,1998
85.532906,27.688946,1998
85.532913,27.688935,1998
85.53292,27.688927,1998
85.532928,27.688918,1998
85.532937,27.688912,1998
85.532946,27.688906,1998
85.532957,27.6889,1998
85.532968,27.688895,1998
85.532979,27.68889,1998
85.532991,27.688884,1998
85.533004,27.688878,1998
85.533017,27.688872,1998
85.533029,27.688869,1998
85.533039,27.688866,1998
85.53305,27.688864,1998
85.53306,27.688861,1998
85.533069,27.688857,1998
85.533076,27.688849,1998
85.533083,27.688841,1998
85.533086,27.688833,1998
85.53309,27.688825,1998
85.533094,27.688819,1998
85.533099,27.688814,1998
85.533113,27.688788,1998
85.533116,27.688786,1998
85.533121,27.688782,1998
85.533127,27.688777,1998
85.53313,27.688769,1998
85.533132,27.688759,1998
85.533134,27.688749,1998
85.533136,27.688739,1998
85.533139,27.688729,1999
85.533143,27.688719,1999
85.533145,27.688711,1999
85.533147,27.688703,1999
85.53315,27.688693,1999
85.533157,27.688683,1999
85.533167,27.688672,1999
85.533176,27.688662,1999
85.533187,27.688656,1999
85.533193,27.688644,1999
85.533198,27.688634,2000
85.533204,27.688625,2000
85.53321,27.688617,2000
85.533217,27.688609,2000
85.533225,27.688596,2000
85.533231,27.68858,2000
85.533237,27.688561,2000
85.533244,27.688544,2001
85.533251,27.688528,2001
85.53326,27.688514,2001
85.533272,27.688501,2001
85.533286,27.68849,2001
85.533302,27.688482,2001
85.533316,27.688476,2002
85.53333,27.688469,2002
85.533341,27.688466,2002
85.53335,27.688463,2002
85.533358,27.688464,2002
85.533364,27.688466,2002
85.53337,27.68847,2002
85.533375,27.688478,2002
85.533381,27.688483,2003
85.533386,27.688487,2003
85.533391,27.688492,2003
85.533395,27.688496,2003
85.533398,27.688491,2003
85.533401,27.688484,2003
85.533408,27.688479,2003
85.533426,27.688475,2003
85.533445,27.688464,2004
85.533467,27.688453,2004
85.533494,27.688443,2004
85.533518,27.68843,2004
85.533542,27.688419,2004
85.533562,27.688408,2004
85.53358,27.688398,2004
85.533591,27.688387,2005
85.533598,27.688377,2005
85.533607,27.688369,2005
85.533616,27.688374,2005
85.533619,27.68838,2005
85.53362,27.688387,2005
85.533623,27.688393,2005
85.533629,27.688393,2005
85.533636,27.688402,2005
85.533643,27.68841,2006
85.533656,27.688413,2006
85.53367,27.688406,2006
85.533684,27.688397,2006
85.533697,27.688384,2006
85.533709,27.688373,2006
85.533716,27.688369,2006
85.533722,27.688365,2006
85.533727,27.688362,2007
85.533731,27.688363,2007
85.533738,27.688366,2007
85.533745,27.688367,2007
85.533752,27.68837,2007
85.533758,27.688373,2007
85.533765,27.688367,2008
85.53377,27.688361,2008
85.533777,27.688365,2008
85.533787,27.688363,2008
85.533797,27.688362,2008
85.533806,27.688361,2008
85.533813,27.688358,2008
85.533818,27.688353,2009
85.533827,27.688339,2009
85.533833,27.688336,2009
85.533839,27.688331,2009
85.533845,27.688325,2009
85.533851,27.68832,2009
85.533858,27.688314,2009
85.533865,27.688307,2010
85.533871,27.688303,2010
85.533877,27.688297,2010
85.533884,27.688299,2010
85.533892,27.688306,2010
85.533897,27.688313,2010
85.533897,27.688304,2010
85.533897,27.688298,2011
85.533896,27.688292,2011
85.533895,27.688287,2011
85.533898,27.688281,2011
85.5339,27.688276,2011
85.533903,27.688268,2011
85.533907,27.688261,2011
85.53391,27.688255,2011
85.533913,27.68825,2012
85.533917,27.688245,2012
85.53392,27.68824,2012
85.533925,27.688235,2012
85.533925,27.688231,2012
85.533923,27.688223,2012
85.533923,27.688213,2012
85.533925,27.68821,2012
85.533929,27.688212,2012
85.533934,27.688213,2012
85.533938,27.688218,2012
85.533941,27.688228,2012
85.533938,27.688245,2012
85.53394,27.688262,2012
85.533944,27.688278,2012
85.53395,27.688291,2012
85.533957,27.688297,2012
85.533967,27.688301,2012
85.533971,27.688303,2012
85.533975,27.688304,2012
85.533978,27.688304,2012
85.533983,27.688302,2012
85.533984,27.688298,2013
85.533983,27.688293,2013
85.53398,27.688289,2013
85.533977,27.688284,2013
85.533974,27.688276,2013
85.533971,27.688266,2013
85.533971,27.688257,2014
85.533971,27.688254,2014
85.533971,27.688251,2014
85.533971,27.688248,2014
85.533972,27.688246,2014
85.533974,27.688241,2014
85.533976,27.688237,2014
85.533978,27.688232,2015
85.533981,27.688224,2015
85.533985,27.688216,2015
85.533989,27.688209,2015
85.533995,27.688202,2015
85.534003,27.688197,2015
85.534012,27.688193,2016
85.534023,27.68819,2016
85.534032,27.688189,2016
85.53404,27.688187,2016
85.534067,27.688178,2016
85.534068,27.688176,2016
85.53407,27.688174,2016
85.534074,27.688172,2017
85.534082,27.688169,2017
85.534092,27.688167,2017
85.534104,27.688167,2017
85.534132,27.688169,2017
85.534132,27.688171,2018
85.534132,27.688175,2018
85.534134,27.68818,2018
85.534136,27.688184,2018
85.534139,27.688185,2018
85.534144,27.688181,2019
85.534147,27.688177,2019
85.534154,27.688173,2019
85.534165,27.688169,2019
85.534175,27.688164,2019
85.534183,27.68816,2019
85.534198,27.688146,2019
85.534199,27.688144,2019
85.534201,27.688139,2019
85.534204,27.688132,2019
85.534209,27.688123,2019
85.534215,27.688114,2019
85.534221,27.688104,2019
85.534225,27.688095,2019
85.534225,27.688088,2019
85.534225,27.688075,2019
85.534224,27.688063,2019
85.534225,27.688053,2019
85.534235,27.68804,2019
85.534246,27.688033,2019
85.534259,27.688029,2019
85.534271,27.688028,2019
85.534272,27.688021,2019
85.53429,27.688011,2019
85.534292,27.688012,2019
85.534299,27.688015,2019
85.534307,27.688022,2019
85.534315,27.688028,2019
85.534321,27.688033,2019
85.534327,27.688039,2019
85.534335,27.688048,2019
85.534334,27.688048,2019
85.534334,27.688046,2019
85.534335,27.688043,2020
85.534335,27.688036,2020
85.534334,27.688029,2020
85.534334,27.688023,2020
85.534333,27.688016,2021
85.534336,27.688009,2021
85.534338,27.688002,2021
85.534342,27.687997,2021
85.534349,27.687998,2021
85.534357,27.688,2021
85.534371,27.688001,2021
85.534383,27.688002,2022
85.534397,27.688004,2022
85.53441,27.688009,2022
85.534403,27.688004,2022
85.534403,27.687997,2022
85.534405,27.687986,2022
85.534408,27.687975,2023
85.534412,27.687966,2023
85.53442,27.687961,2023
85.53443,27.687968,2023
85.534446,27.687979,2023
85.534466,27.687991,2023
85.534492,27.688005,2023
85.534515,27.688016,2023
85.534533,27.688022,2023
85.534549,27.688024,2023
85.534562,27.688022,2023
85.534573,27.688021,2024
85.53458,27.688019,2024
85.534583,27.688013,2024
85.534584,27.688008,2024
85.534583,27.688002,2024
85.534581,27.687993,2024
85.534578,27.687995,2024
85.534574,27.68799,2025
85.534567,27.687956,2025
85.534568,27.687948,2025
85.534571,27.687941,2025
85.534577,27.687932,2025
85.534584,27.687921,2025
85.53459,27.687912,2026
85.534596,27.687904,2026
85.534596,27.6879,2026
85.534595,27.687894,2026
85.534593,27.687892,2026
85.534591,27.687873,2026
85.534589,27.687855,2026
85.534586,27.687834,2027
85.534585,27.687815,2027
85.534583,27.687805,2027
85.534584,27.687802,2027
85.534587,27.6878,2027
85.534589,27.687795,2028
85.534587,27.687793,2028
85.534587,27.687788,2028
85.534589,27.687786,2028
85.534592,27.687783,2028
85.534595,27.687782,2028
85.534596,27.687782,2028
85.534595,27.68777,2029
85.534596,27.687764,2029
85.534595,27.687752,2029
85.534595,27.687735,2029
85.534594,27.687715,2029
85.534593,27.687697,2029
85.534591,27.687679,2030
85.534591,27.687657,2030
85.534591,27.687636,2030
85.534595,27.687619,2030
85.5346,27.687605,2030
85.534605,27.68759,2030
85.534609,27.687576,2030
85.534612,27.687567,2031
85.534615,27.687558,2031
85.53462,27.687553,2031
85.534625,27.687549,2031
85.534629,27.687545,2031
85.534632,27.687539,2031
85.534638,27.687538,2031
85.534674,27.687548,2031
85.534678,27.687551,2031
85.534686,27.687555,2031
85.534692,27.68756,2031
85.534698,27.687562,2031
85.534706,27.687562,2031
85.534714,27.687562,2031
85.534723,27.687562,2031
85.534732,27.687562,2031
85.534743,27.687564,2031
85.534759,27.687564,2031
85.534773,27.687561,2031
85.534785,27.687562,2032
85.534791,27.687563,2032
85.534801,27.687558,2032
85.53481,27.687544,2032
85.534817,27.687526,2032
85.534821,27.687512,2032
85.534824,27.687501,2032
85.534827,27.687491,2032
85.53483,27.687487,2032
85.534833,27.687488,2032
85.534838,27.687487,2032
85.534843,27.687485,2032
85.534849,27.687482,2032
85.534852,27.687478,2032
85.534854,27.687473,2032
85.534857,27.687468,2032
85.534861,27.687463,2032
85.534865,27.687456,2032
85.53487,27.687449,2032
85.534878,27.687438,2032
85.534889,27.687427,2032
85.534904,27.687411,2032
85.534921,27.687403,2032
85.534935,27.687396,2032
85.534948,27.687387,2032
85.53496,27.687381,2032
85.534972,27.687376,2032
85.534985,27.687367,2032
85.534998,27.687358,2031
85.53501,27.687348,2031
85.535021,27.687338,2031
85.535032,27.687332,2031
85.535041,27.687327,2031
85.535053,27.687323,2031
85.535065,27.68732,2031
85.535084,27.687322,2031
85.535103,27.687329,2031
85.535123,27.687336,2031
85.53514,27.687339,2031
85.535158,27.68734,2031
85.535174,27.687337,2031
85.535188,27.687335,2030
85.5352,27.687333,2030
85.53521,27.687334,2030
85.535217,27.687335,2030
85.535225,27.687337,2030
85.535234,27.68734,2030
85.535241,27.687342,2029
85.535249,27.687344,2029
85.535257,27.687346,2029
85.535267,27.687349,2029
85.535277,27.687351,2029
85.535289,27.687353,2029
85.535301,27.687355,2029
85.535312,27.687354,2028
85.535323,27.687351,2028
85.535331,27.687345,2028
85.535336,27.687339,2028
85.53534,27.687334,2028
85.535345,27.687326,2028
85.535351,27.687318,2028
85.535358,27.687311,2028
85.535365,27.687298,2028
85.53537,27.687283,2028
85.535373,27.687272,2028
85.535384,27.687252,2028
85.535394,27.687237,2028
85.535396,27.687236,2027
85.535401,27.687232,2027
85.535407,27.687226,2027
85.535416,27.687217,2027
85.535429,27.687208,2027
85.535444,27.687199,2027
85.535457,27.687189,2027
85.535482,27.687165,2027
85.535484,27.687166,2027
85.53549,27.687169,2026
85.5355,27.68717,2026
85.535511,27.687168,2026
85.535523,27.687164,2026
85.535534,27.68716,2026
85.535546,27.687156,2026
85.535557,27.687151,2026
85.535568,27.687145,2025
85.535578,27.687138,2025
85.535586,27.687129,2025
85.535594,27.687121,2025
85.535603,27.687113,2025
85.535613,27.687106,2025
85.535624,27.687099,2024
85.535636,27.687094,2024
85.53565,27.68709,2024
85.535657,27.687081,2024
85.535664,27.687074,2024
85.535669,27.687068,2024
85.535673,27.687055,2024
85.535685,27.687005,2023
85.535684,27.687001,2023
85.535685,27.686996,2023
85.53569,27.686992,2023
85.535695,27.686985,2023
85.535699,27.686975,2023
85.535705,27.686964,2022
85.535709,27.686953,2022
85.535713,27.686942,2022
85.535718,27.686932,2022
85.535721,27.686924,2022
85.535722,27.686914,2022
85.535723,27.686899,2021
85.535722,27.686883,2021
85.53572,27.686864,2021
85.535714,27.686847,2021
85.535709,27.686836,2021
85.535705,27.686828,2021
85.5357,27.686816,2021
85.535696,27.686808,2020
85.535692,27.686798,2020
85.535688,27.68679,2020
85.535683,27.686782,2020
85.535681,27.686775,2020
85.53568,27.686768,2020
85.535683,27.68676,2019
85.535687,27.686753,2019
85.535694,27.686748,2019
85.535702,27.686742,2019
85.535707,27.686736,2019
85.535713,27.686728,2018
85.53572,27.686719,2018
85.535727,27.686708,2018
85.535734,27.686699,2018
85.535741,27.686692,2018
85.535748,27.686685,2018
85.535756,27.686678,2017
85.535764,27.686671,2017
85.535775,27.686665,2017
85.535789,27.686662,2017
85.535802,27.686658,2017
85.535811,27.686653,2017
85.535817,27.686649,2016
85.535819,27.686642,2016
85.535819,27.686633,2016
85.535817,27.68662,2015
85.535818,27.686608,2015
85.535818,27.686596,2015
85.535817,27.686587,2015
85.535817,27.686578,2015
85.535819,27.686572,2015
85.535821,27.686567,2014
85.535824,27.68656,2014
85.535828,27.686551,2014
85.535832,27.686543,2014
85.535836,27.686535,2014
85.535837,27.686527,2013
85.535838,27.68652,2013
85.535837,27.686514,2013
85.535837,27.68651,2013
85.535838,27.686505,2012
85.535838,27.686497,2012
85.53584,27.68649,2012
85.535842,27.686481,2012
85.535845,27.686472,2012
85.535849,27.686462,2011
85.535851,27.686452,2011
85.535853,27.686444,2011
85.535854,27.686438,2011
85.535853,27.686431,2011
85.535851,27.68642,2010
85.535847,27.686404,2010
85.535842,27.686388,2010
85.535837,27.686374,2010
85.535833,27.686364,2010
85.535829,27.686357,2010
85.535826,27.686334,2010
85.535828,27.686332,2010
85.535832,27.686331,2009
85.535837,27.686329,2009
85.535841,27.686326,2009
85.535845,27.686321,2009
85.535853,27.686318,2009
85.535863,27.686315,2008
85.535868,27.686314,2008
85.53587,27.686313,2008
85.535875,27.686309,2008
85.535879,27.686305,2008
85.535883,27.686299,2007
85.535885,27.686293,2007
85.535885,27.686288,2007
85.535886,27.686278,2007
85.535885,27.686268,2007
85.535885,27.686256,2006
85.535887,27.686245,2006
85.535888,27.686236,2006
85.535889,27.686226,2006
85.535891,27.686216,2006
85.535891,27.686207,2006
85.53589,27.686199,2006
85.535888,27.686192,2005
85.535895,27.686185,2005
85.535903,27.686178,2005
85.535911,27.68617,2005
85.535918,27.686161,2004
85.535921,27.68615,2004
85.535924,27.686142,2004
85.535932,27.68613,2004
85.535943,27.686118,2004
85.535954,27.686109,2003
85.535966,27.686101,2003
85.535976,27.686095,2003
85.535991,27.68609,2003
85.536005,27.686085,2003
85.536016,27.68608,2002
85.536021,27.686071,2002
85.536024,27.686059,2002
85.536024,27.686045,2002
85.536024,27.68603,2002
85.536025,27.686013,2002
85.536024,27.685999,2002
85.536024,27.685987,2002
85.536026,27.685977,2002
85.536029,27.685965,2002
85.536032,27.685956,2002
85.536046,27.685921,2002
85.536048,27.685919,2001
85.536053,27.685916,2001
85.536059,27.685912,2001
85.536065,27.685906,2001
85.536072,27.685898,2001
85.536078,27.685889,2001
85.536082,27.68588,2001
85.536083,27.68587,2001
85.536084,27.68586,2001
85.536084,27.685849,2000
85.536085,27.685837,2000
85.536086,27.685825,2000
85.536087,27.685813,2000
85.536091,27.685801,2000
85.536093,27.685788,2000
85.536094,27.685777,2000
85.536093,27.685763,2000
85.536091,27.68575,2000
85.536089,27.685736,2000
85.536086,27.685723,2000
85.536084,27.68571,1999
85.536081,27.685698,1999
85.53608,27.685689,1999
85.536082,27.685682,1999
85.536087,27.685676,1999
85.536094,27.685669,1999
85.536103,27.685662,1998
85.536118,27.685657,1998
85.536135,27.685652,1998
85.536149,27.685648,1998
85.536161,27.685643,1998
85.536174,27.685637,1998
85.536187,27.68563,1997
85.536198,27.685623,1997
85.536208,27.685616,1997
85.536215,27.685607,1997
85.53622,27.685596,1997
85.536225,27.685584,1996
85.536232,27.685572,1996
85.53624,27.685563,1996
85.536247,27.685555,1996
85.536252,27.685546,1996
85.536255,27.685536,1996
85.536259,27.685525,1995
85.536263,27.685515,1995
85.536266,27.685505,1995
85.53627,27.685497,1995
85.536274,27.68549,1995
85.536277,27.685483,1994
85.536281,27.685477,1994
85.536285,27.685471,1994
85.536289,27.685465,1994
85.536295,27.68546,1994
85.536302,27.685454,1993
85.536308,27.68545,1993
85.536316,27.685446,1993
85.536327,27.685443,1993
85.53634,27.685443,1993
85.536352,27.685442,1992
85.536363,27.685438,1992
85.536371,27.685433,1992
85.536377,27.685427,1992
85.536381,27.685419,1991
85.536384,27.685411,1991
85.536387,27.685406,1991
85.536397,27.685401,1991
85.536408,27.685392,1990
85.536416,27.68538,1990
85.536422,27.685367,1990
85.536429,27.685356,1990
85.53644,27.685348,1989
85.53645,27.685341,1989
85.536461,27.685336,1989
85.536475,27.685331,1989
85.536488,27.685328,1989
85.5365,27.685325,1988
85.536512,27.685322,1988
85.536523,27.685317,1988
85.536535,27.685313,1988
85.536547,27.685308,1987
85.536559,27.6853,1987
85.536571,27.685291,1987
85.536586,27.685283,1987
85.5366,27.685277,1986
85.536611,27.685272,1986
85.53662,27.685269,1986
85.536628,27.685267,1986
85.536634,27.685264,1986
85.536641,27.68526,1986
85.536645,27.685258,1986
85.536648,27.685256,1986
85.536648,27.685254,1985
85.536645,27.68525,1985
85.53664,27.685247,1985
85.536633,27.685244,1985
85.536624,27.685235,1985
85.536623,27.685234,1985
85.536622,27.685234,1985
85.536622,27.68523,1985
85.536621,27.685228,1985
85.536623,27.685223,1985
85.536624,27.685219,1985
85.536632,27.685205,1985
85.536633,27.685202,1985
85.536634,27.685197,1985
85.536635,27.685189,1985
85.536634,27.685182,1985
85.536634,27.685175,1985
85.536635,27.68517,1985
85.536634,27.685167,1985
85.536634,27.685164,1985
85.536634,27.685162,1985
85.536635,27.68516,1985
85.536644,27.685155,1985
85.536646,27.685155,1985
85.536646,27.685156,1985
85.536652,27.685157,1985
85.536652,27.685156,1985
85.536651,27.685154,1985
85.536651,27.685153,1985
85.53665,27.685152,1985
85.536651,27.685152,1985
85.53665,27.685151,1985
85.536649,27.68515,1985
85.536651,27.685152,1985
85.536653,27.685153,1985
85.536667,27.685158,1985
85.536677,27.68516,1985
85.536682,27.685158,1985
85.536692,27.685156,1985
85.536705,27.685151,1985
85.536719,27.685147,1985
85.536735,27.685142,1985
85.53675,27.685138,1985
85.536766,27.685134,1985
85.53678,27.685129,1985
85.536795,27.685124,1985
85.536807,27.685116,1985
85.536819,27.685107,1985
85.536833,27.685101,1985
85.536849,27.685096,1985
85.536863,27.685093,1985
85.536877,27.685089,1985
85.536889,27.685086,1985
85.5369,27.685081,1985
85.536909,27.685074,1985
85.53692,27.685065,1985
85.536931,27.685057,1985
85.536942,27.68505,1985
85.536954,27.685042,1985
85.536965,27.685034,1985
85.536976,27.685026,1985
85.536988,27.685019,1985
85.536999,27.685014,1985
85.537007,27.685008,1985
85.537014,27.684999,1985
85.537021,27.684987,1985
85.53703,27.684976,1984
85.537038,27.684966,1984
85.537045,27.684956,1984
85.537052,27.684949,1984
85.537058,27.684941,1984
85.537066,27.684934,1984
85.537075,27.684928,1985
85.537085,27.684924,1985
85.537095,27.684918,1985
85.537104,27.684911,1985
85.537111,27.684902,1985
85.537118,27.684894,1985
85.537126,27.684887,1985
85.537133,27.684882,1985
85.537139,27.684875,1986
85.537143,27.684867,1986
85.537146,27.684858,1986
85.53715,27.68485,1986
85.537158,27.684843,1986
85.537166,27.684835,1986
85.537173,27.684826,1986
85.537177,27.684815,1986
85.537182,27.684806,1987
85.537186,27.684796,1987
85.53719,27.684786,1987
85.537193,27.684774,1987
85.537197,27.684765,1987
85.537202,27.684758,1987
85.537207,27.684751,1987
85.537212,27.684742,1987
85.537215,27.684731,1988
85.537219,27.68472,1988
85.537222,27.68471,1988
85.537229,27.684669,1988
85.53723,27.684666,1988
85.537235,27.684662,1988
85.537241,27.684658,1988
85.537246,27.684656,1988
85.537254,27.684644,1989
85.537253,27.684645,1989
85.537252,27.684647,1989
85.537248,27.684656,1989
85.537244,27.684664,1989
85.537243,27.684671,1989
85.537244,27.684686,1989
85.537251,27.684687,1989
85.537253,27.684687,1989
85.537257,27.684686,1989
85.537263,27.684685,1989
85.537266,27.684684,1989
85.537268,27.684683,1989
85.537271,27.684682,1989
85.537276,27.684681,1989
85.537281,27.684674,1989
85.53728,27.684673,1989
85.537278,27.684672,1989
85.537276,27.684671,1989
85.537273,27.684667,1989
85.537269,27.684664,1989
85.537264,27.684661,1989
85.53726,27.684658,1989
85.537256,27.684654,1989
85.537255,27.68465,1989
85.537253,27.684647,1989
85.537253,27.684643,1989
85.537251,27.68464,1989
85.537246,27.684632,1989
85.537246,27.684633,1989
85.537244,27.684637,1989
85.537243,27.684641,1989
85.537242,27.684644,1989
85.537242,27.684648,1989
85.537241,27.684649,1989
85.537239,27.684646,1989
85.537238,27.684647,1989
85.537234,27.684641,1989
85.537229,27.684639,1989
85.537221,27.684636,1989
85.537218,27.684634,1989
85.537217,27.684633,1989
85.537215,27.684631,1989
85.537212,27.68463,1989
85.537209,27.684628,1989
85.537201,27.684622,1989
85.537196,27.684624,1989
85.537193,27.684624,1989
85.53719,27.684626,1989
85.537186,27.684628,1989
85.537181,27.684629,1989
85.537176,27.68463,1989
85.537171,27.684632,1989
85.537168,27.684634,1989
85.537164,27.684636,1989
85.537161,27.684639,1989
85.537158,27.684638,1989
85.537156,27.684638,1989
85.537153,27.684634,1989
85.537151,27.684615,1989
85.537147,27.684598,1989
85.537143,27.684583,1989
85.537141,27.68457,1989
85.537144,27.684574,1989
85.537147,27.68457,1989
85.537155,27.684569,1989
85.537166,27.684568,1989
85.537171,27.68457,1989
85.537179,27.684572,1989
85.537187,27.684572,1989
85.537196,27.684567,1989
85.537175,27.684548,1989
85.537157,27.68453,1989
85.537142,27.684513,1989
85.537137,27.684495,1989
85.537136,27.684479,1989
85.537139,27.684461,1989
85.537144,27.684444,1989
85.53715,27.684419,1989
85.537158,27.684382,1989
85.537164,27.684343,1989
85.537171,27.684308,1990
85.537182,27.684275,1990
85.537188,27.684246,1990
85.537195,27.684224,1990
85.5372,27.684208,1990
85.537203,27.684188,1990
85.537203,27.684162,1990
85.537212,27.684149,1990
85.537224,27.684136,1990
85.53724,27.684119,1991
85.537253,27.684079,1991
85.537268,27.684047,1991
85.53728,27.684011,1991
85.537292,27.683974,1991
85.537304,27.683942,1991
85.537316,27.68391,1991
85.537325,27.683875,1991
85.537333,27.683834,1991
85.537341,27.683792,1992
85.53735,27.683759,1992
85.537356,27.683734,1992
85.537362,27.683716,1992
85.537363,27.683698,1992
85.537358,27.6837,1992
85.537353,27.683706,1992
85.537353,27.683717,1992
85.537366,27.683776,1992
85.537367,27.683776,1992
85.537363,27.68378,1992
85.537354,27.683782,1992
85.537338,27.683785,1992
85.537318,27.683789,1992
85.537301,27.683789,1992
85.537291,27.683784,1992
85.537284,27.683779,1992
85.537283,27.683784,1992
85.537286,27.683781,1992
85.53729,27.683769,1992
85.537296,27.683763,1992
85.537298,27.683761,1992
85.537301,27.683764,1992
85.537305,27.68377,1992
85.537328,27.683794,1992
85.537345,27.683683,1992
85.537346,27.683678,1992
85.537345,27.68367,1992
85.537342,27.683663,1992
85.537339,27.683666,1992
85.537336,27.683677,1992
85.537338,27.683693,1992
85.537335,27.683678,1992
85.537336,27.683684,1992
85.537337,27.683685,1992
85.537337,27.683683,1992
85.537338,27.683702,1992
85.537335,27.683723,1992
85.537327,27.683741,1992
85.537322,27.683755,1992
85.537317,27.683762,1992
85.537312,27.68377,1992
85.537308,27.683778,1992
85.537307,27.683784,1992
85.537304,27.683793,1992
85.5373,27.6838,1992
85.537292,27.683802,1992
85.537284,27.683805,1992
85.537272,27.683806,1992
85.537256,27.683807,1992
85.537238,27.683809,1992
85.537215,27.683807,1992
85.537186,27.683799,1992
85.537152,27.683791,1992
85.53712,27.683784,1992
85.537087,27.683778,1992
85.537055,27.683769,1992
85.537025,27.683761,1992
85.537002,27.683758,1992
85.536985,27.683764,1992
85.536969,27.683774,1992
85.536956,27.683782,1992
85.536941,27.683778,1992
85.536922,27.683763,1992
85.536905,27.683752,1992
85.536888,27.683739,1992
85.536872,27.683727,1994
85.536865,27.683726,1994
85.536861,27.683732,1994
85.536856,27.683734,1994
85.53685,27.683745,1995
85.536844,27.683752,1995
85.536838,27.683757,1995
85.536834,27.683759,1995
85.536832,27.683754,1995
85.536832,27.683744,1995
85.536826,27.683729,1995
85.536822,27.683718,1995
85.536817,27.683702,1995
85.536812,27.683684,1995
85.536811,27.683672,1995
85.536807,27.683663,1995
85.536803,27.683659,1995
85.536799,27.683658,1995
85.536794,27.683657,1995
85.536788,27.683647,1995
85.536784,27.683649,1996
85.536793,27.68367,1996
85.536798,27.68368,1996
85.536802,27.683685,1996
85.536832,27.683692,1996
85.536854,27.683698,1996
85.536875,27.683703,1996
85.536897,27.683715,1996
85.536911,27.683724,1997
85.536924,27.68373,1997
85.536931,27.683729,1997
85.536934,27.683724,1997
85.536932,27.683714,1997
85.536928,27.683702,1997
85.536923,27.683689,1997
85.536902,27.683645,1998
85.536899,27.683636,1998
85.536897,27.683622,1998
85.536895,27.683605,1998
85.536893,27.683586,1998
85.536891,27.683564,1998
85.536888,27.683544,1998
85.536898,27.683533,1998
85.536899,27.683509,1998
85.536907,27.68342,1998
85.536909,27.683418,1998
85.536911,27.683411,1998
85.536914,27.683402,1998
85.536917,27.683394,1998
85.536922,27.683388,1998
85.536929,27.68338,1998
85.536937,27.683374,1998
85.536947,27.683369,1998
85.536959,27.683366,1998
85.536969,27.683363,1998
85.536979,27.683361,1998
85.536987,27.683363,1998
85.536994,27.683368,1998
85.537002,27.683375,1998
85.537008,27.683381,1998
85.537013,27.683388,1998
85.537016,27.683389,1998
85.537025,27.683386,1998
85.537031,27.683384,1998
85.537037,27.683382,1998
85.537044,27.683382,1998
85.537046,27.68338,1998
85.537045,27.683374,1998
85.53704,27.683365,1998
85.53703,27.683355,1998
85.537034,27.683356,1998
85.53704,27.68336,1998
85.537048,27.683365,1998
85.537058,27.683371,1998
85.537069,27.683378,1998
85.537079,27.683381,1998
85.537084,27.683381,1998
85.537088,27.68338,1998
85.53709,27.683378,1998
85.537101,27.683372,1998
85.53712,27.68336,1998
85.537132,27.683348,1998
85.537155,27.68332,1998
85.537154,27.683319,1998
85.537154,27.683317,1998
85.537159,27.683317,1998
85.537168,27.683321,1998
85.537176,27.683324,1998
85.537188,27.683324,1998
85.537205,27.683322,1998
85.537218,27.683337,1998
85.53723,27.683356,1998
85.537243,27.683367,1998
85.537257,27.683374,1998
85.537269,27.683378,1998
85.537278,27.68338,1998
85.537285,27.683381,1998
85.537288,27.683381,1998
85.537288,27.68338,1998
85.537287,27.683376,1998
85.537285,27.683368,1998
85.537295,27.683375,1998
85.537298,27.68338,1998
85.537303,27.683387,1998
85.537305,27.683393,1998
85.537305,27.683396,1998
85.537303,27.683395,1998
85.537301,27.683391,1998
85.537274,27.683348,1998
85.537272,27.683345,1998
85.537269,27.683338,1998
85.53727,27.68333,1998
85.537275,27.683335,1998
85.537284,27.683345,1998
85.537293,27.683357,1998
85.537302,27.68337,1998
85.537306,27.68338,1998
85.537312,27.683367,1998
85.537315,27.683367,1998
85.537318,27.683362,1998
85.537316,27.683344,1998
85.537315,27.683327,1998
85.537314,27.683312,1998
85.537305,27.683278,1998
85.537296,27.683242,1999
85.537284,27.683205,1999
85.537225,27.683055,1999
85.537187,27.682975,1999
85.53713,27.682888,1999
85.537129,27.682878,1999
85.537123,27.682859,1999
85.537112,27.682832,1999
85.537099,27.682803,1999
85.537096,27.682809,1999
85.537101,27.682809,1999
85.537111,27.682807,1999
85.53712,27.682806,2000
85.537126,27.682798,2000
85.537125,27.682792,2000
85.537123,27.68279,2000
85.537116,27.682787,2000
85.537104,27.68278,2000
85.537087,27.682769,2000
85.537071,27.682759,2000
85.537056,27.682751,2000
85.537044,27.68275,2000
85.537033,27.682748,2001
85.537022,27.682748,2001
85.537014,27.682757,2001
85.537004,27.682761,2001
85.537008,27.682786,2001
85.537009,27.682807,2001
85.537007,27.682825,2001
85.537003,27.682849,2001
85.537001,27.68288,2001
85.536998,27.682902,2001
85.536997,27.682915,2001
85.536997,27.682926,2001
85.536999,27.682937,2001
85.536998,27.682941,2001
85.537001,27.682942,2001
85.537003,27.682939,2001
85.537004,27.682932,2001
85.537003,27.682922,2001
85.537,27.682909,2001
85.536996,27.682912,2001
85.536994,27.682918,2001
85.536992,27.682924,2001
85.536991,27.68293,2001
85.536995,27.68293,2001
85.536996,27.682932,2001
85.536991,27.682935,2001
85.536988,27.682941,2001
85.536985,27.682947,2001
85.536983,27.682954,2001
85.536981,27.68296,2001
85.53698,27.682965,2001
85.536977,27.682966,2001
85.536973,27.682959,2001
85.53697,27.682953,2001
85.536963,27.682951,2001
85.536957,27.68295,2001
85.536953,27.682952,2001
85.536947,27.68295,2001
85.536942,27.682946,2001
85.536942,27.682943,2001
85.536943,27.682935,2001
85.536942,27.682922,2001
85.536936,27.682899,2001
85.536928,27.682873,2001
85.536917,27.682845,2001
85.536905,27.682816,2001
85.536893,27.682787,2001
85.536884,27.682768,2001
85.536879,27.682758,2001
85.536876,27.682748,2001
85.536859,27.682714,2001
85.536858,27.682713,2001
85.53686,27.682709,2001
85.536863,27.682704,2001
85.536871,27.682698,2001
85.536883,27.682693,2001
85.536893,27.682678,2001
85.536904,27.682661,2003
85.536914,27.682646,2003
85.536925,27.682626,2003
85.536931,27.682609,2003
85.536937,27.682595,2003
85.536933,27.682581,2003
85.536927,27.682568,2003
85.536921,27.682558,2003
85.536917,27.682552,2004
85.536915,27.682547,2004
85.536915,27.682541,2004
85.536917,27.682533,2004
85.536924,27.682524,2004
85.536937,27.682516,2004
85.536963,27.682513,2004
85.536995,27.682511,2004
85.537032,27.682515,2005
85.537058,27.68252,2005
85.537078,27.68252,2005
85.537092,27.682514,2005
85.537101,27.682507,2005
85.537112,27.682501,2005
85.537126,27.682495,2005
85.537136,27.682481,2005
85.53714,27.682463,2005
85.537143,27.682443,2005
85.537144,27.682424,2005
85.537146,27.682408,2005
85.537146,27.682391,2005
85.537142,27.682372,2005
85.537138,27.682355,2005
85.537133,27.682337,2005
85.537127,27.682325,2005
85.537119,27.682314,2005
85.53711,27.682305,2005
85.537102,27.682294,2005
85.537095,27.682285,2005
85.537091,27.682278,2005
85.537074,27.682257,2005
85.537072,27.682255,2005
85.537068,27.682249,2005
85.537063,27.682239,2005
85.537059,27.682229,2005
85.537054,27.682218,2005
85.537047,27.682206,2005
85.537036,27.682196,2005
85.537022,27.682186,2005
85.537008,27.68218,2005
85.536994,27.682174,2005
85.536982,27.682168,2005
85.536971,27.682162,2005
85.536964,27.68216,2005
85.536958,27.682158,2005
85.53695,27.682157,2005
85.536943,27.682156,2005
85.536938,27.682156,2005
85.536933,27.682156,2005
85.536927,27.682154,2005
85.536909,27.682144,2005
85.536907,27.682143,2005
85.536904,27.682139,2005
85.5369,27.682135,2005
85.536896,27.682131,2005
85.536891,27.682127,2006
85.536885,27.682123,2006
85.536879,27.68212,2006
85.536868,27.682111,2006
85.536863,27.682105,2006
85.536852,27.682093,2006
85.53684,27.682078,2006
85.536823,27.682059,2007
85.536811,27.682039,2007
85.536804,27.682018,2007
85.536799,27.682001,2007
85.536797,27.681986,2007
85.536793,27.681972,2007
85.536787,27.681961,2007
85.536779,27.681955,2007
85.536772,27.681952,2008
85.536766,27.68195,2008
85.536761,27.68195,2008
85.536756,27.681957,2008
85.53675,27.681963,2008
85.536743,27.681966,2008
85.536718,27.681964,2008
85.536716,27.681965,2008
85.536715,27.681978,2008
85.536715,27.681981,2008
85.536715,27.681988,2008
85.536718,27.681996,2008
85.536722,27.682007,2008
85.536728,27.682039,2008
85.536729,27.682042,2008
85.536732,27.682046,2008
85.536735,27.68205,2009
85.53674,27.682057,2009
85.536746,27.682067,2009
85.536753,27.682076,2009
85.536762,27.682084,2009
85.53677,27.682091,2009
85.536778,27.682095,2009
85.536785,27.682096,2009
85.536795,27.682099,2009
85.536804,27.682101,2009
85.536809,27.682101,2009
85.536812,27.682098,2010
85.536816,27.682094,2010
85.536815,27.682094,2010
85.536816,27.682094,2010
85.536815,27.682092,2010
85.536814,27.68209,2010
85.536815,27.682087,2010
85.536814,27.682084,2010
85.536814,27.68208,2011
85.536813,27.682075,2011
85.536815,27.682072,2011
85.536816,27.682072,2011
85.536817,27.682069,2011
85.536816,27.682062,2012
85.536813,27.682055,2012
85.53681,27.682048,2012
85.536805,27.68204,2012
85.536801,27.682033,2013
85.536798,27.682026,2013
85.536795,27.682019,2013
85.536792,27.682014,2013
85.53679,27.682007,2013
85.536787,27.682001,2013
85.536784,27.681995,2013
85.536778,27.681989,2013
85.536772,27.681983,2013
85.536765,27.681978,2013
85.536758,27.681972,2013
85.536751,27.681964,2013
85.536746,27.681958,2013
85.536741,27.68195,2013
85.536737,27.68194,2013
85.536735,27.68193,2013
85.536735,27.681918,2013
85.536739,27.681905,2013
85.536743,27.681894,2013
85.536745,27.681884,2013
85.536748,27.681874,2013
85.53675,27.681865,2013
85.536751,27.681855,2013
85.536749,27.681843,2013
85.536747,27.681835,2013
85.536742,27.681825,2013
85.536736,27.681815,2013
85.536729,27.681805,2013
85.536721,27.681794,2013
85.536713,27.681782,2013
85.536705,27.68177,2013
85.536698,27.681761,2013
85.536692,27.681752,2013
85.536687,27.681744,2012
85.536683,27.681735,2012
85.536678,27.681728,2012
85.536671,27.681721,2012
85.536665,27.681716,2012
85.53666,27.681712,2012
85.536655,27.681709,2012
85.53665,27.681706,2012
85.536647,27.681701,2012
85.536644,27.681697,2012
85.536635,27.68169,2012
85.536634,27.68169,2012
85.536632,27.68169,2012
85.536629,27.681687,2012
85.536625,27.681681,2012
85.536624,27.681674,2012
85.536619,27.681667,2012
85.536617,27.681663,2012
85.536615,27.681663,2012
85.536611,27.681661,2012
85.536606,27.681654,2012
85.536601,27.681646,2012
85.536595,27.681635,2012
85.536588,27.681625,2012
85.536579,27.681614,2012
85.536567,27.681595,2012
85.536555,27.681578,2012
85.536541,27.681563,2012
85.53653,27.681549,2012
85.53652,27.681535,2012
85.536511,27.68152,2012
85.536506,27.681506,2012
85.536502,27.681495,2012
85.536499,27.681484,2012
85.536497,27.681472,2012
85.536496,27.681459,2012
85.536497,27.681449,2012
85.536497,27.681442,2012
85.536494,27.681432,2012
85.536492,27.681421,2012
85.536492,27.68141,2012
85.536491,27.681399,2012
85.536488,27.681392,2012
85.536486,27.681386,2012
85.536485,27.681378,2012
85.536482,27.681371,2012
85.536476,27.681364,2012
85.536469,27.681358,2012
85.53646,27.681352,2012
85.53645,27.681346,2012
85.536447,27.681335,2012
85.536448,27.681322,2012
85.536451,27.681307,2012
85.536452,27.681293,2013
85.536451,27.681282,2013
85.536448,27.681272,2013
85.536446,27.681263,2013
85.536446,27.681254,2013
85.536448,27.681245,2013
85.536452,27.681237,2013
85.536492,27.681207,2013
85.536493,27.681206,2013
85.536507,27.681198,2013
85.536508,27.681196,2013
85.536509,27.681191,2013
85.536511,27.681187,2013
85.53651,27.681182,2013
85.536507,27.681177,2013
85.536505,27.681173,2013
85.536506,27.681169,2013
85.536509,27.681172,2013
85.536512,27.681181,2013
85.536515,27.681191,2013
85.536518,27.681202,2013
85.536511,27.681196,2013
85.536501,27.681186,2013
85.53649,27.681172,2013
85.536481,27.68116,2013
85.536473,27.681147,2013
85.536463,27.681136,2013
85.536454,27.681128,2013
85.536445,27.681119,2013
85.536436,27.681111,2013
85.536431,27.681113,2013
85.536429,27.681115,2013
85.536432,27.681116,2013
85.536438,27.681117,2013
85.536445,27.681115,2013
85.536452,27.681112,2013
85.536459,27.681109,2013
85.536462,27.681106,2013
85.536458,27.681102,2013
85.53645,27.681089,2013
85.53644,27.681077,2013
85.536428,27.681064,2013
85.536417,27.681049,2013
85.536403,27.681036,2013
85.536389,27.681021,2013
85.536377,27.68101,2013
85.536342,27.680982,2013
85.536339,27.680979,2013
85.536334,27.680969,2013
85.536328,27.680955,2013
85.536321,27.680935,2013
85.536317,27.680917,2013
85.536312,27.680898,2013
85.536307,27.680879,2013
85.536305,27.680868,2013
85.536307,27.68085,2011
85.53631,27.680835,2011
85.536313,27.680825,2011
85.536315,27.680816,2011
85.536317,27.680808,2011
85.536319,27.6808,2011
85.536321,27.680794,2011
85.536321,27.680785,2011
85.536319,27.680775,2011
85.536317,27.680768,2011
85.536313,27.680759,2011
85.536307,27.680752,2011
85.536308,27.680743,2011
85.536313,27.680734,2011
85.53632,27.680725,2011
85.536329,27.680713,2011
85.53634,27.680698,2011
85.536348,27.680686,2011
85.536353,27.680675,2011
85.536357,27.680663,2011
85.536359,27.680649,2011
85.536358,27.680634,2011
85.536351,27.680621,2011
85.536343,27.680608,2011
85.536333,27.680592,2011
85.536322,27.680578,2011
85.536314,27.68057,2011
85.536307,27.680566,2011
85.5363,27.680563,2011
85.536294,27.680562,2011
85.536287,27.680559,2011
85.536279,27.680557,2011
85.536271,27.680554,2011
85.536262,27.680551,2011
85.536255,27.680551,2011
85.536239,27.680546,2011
85.536224,27.680543,2011
85.536209,27.68054,2011
85.536195,27.680542,2011
85.53618,27.680545,2011
85.536167,27.680547,2011
85.536153,27.680547,2011
85.536141,27.680547,2011
85.536141,27.680536,2011
85.536141,27.680519,2011
85.536142,27.680495,2011
85.536143,27.680478,2011
85.536141,27.680463,2011
85.536139,27.680451,2011
85.536136,27.680438,2011
85.536136,27.680425,2011
85.536137,27.680414,2011
85.536141,27.680404,2011
85.536148,27.680397,2011
85.536154,27.68039,2010
85.536154,27.680381,2010
85.536153,27.680368,2010
85.536151,27.680357,2010
85.536149,27.680345,2010
85.536147,27.680333,2010
85.536148,27.68032,2010
85.536151,27.680308,2010
85.536155,27.680296,2010
85.536159,27.680281,2010
85.536159,27.680261,2010
85.536156,27.68024,2010
85.53615,27.680221,2010
85.536145,27.680209,2010
85.536136,27.680198,2010
85.536123,27.680191,2010
85.536108,27.680187,2010
85.536097,27.680182,2010
85.536086,27.680176,2010
85.536073,27.68017,2010
85.536056,27.680167,2010
85.536041,27.680163,2010
85.536026,27.680158,2010
85.536013,27.680152,2010
85.536003,27.680145,2010
85.535992,27.680138,2010
85.53598,27.680132,2010
85.535969,27.680126,2010
85.535961,27.68012,2010
85.535957,27.680112,2010
85.535955,27.680103,2010
85.535956,27.680095,2010
85.535958,27.680087,2010
85.535959,27.680078,2010
85.535958,27.68007,2010
85.535954,27.680061,2010
85.535948,27.680051,2010
85.535941,27.680041,2010
85.535933,27.680031,2010
85.535926,27.680024,2010
85.53592,27.680019,2010
85.535916,27.680016,2010
85.535912,27.680013,2010
85.535909,27.680012,2010
85.535901,27.680011,2010
85.535899,27.680013,2010
85.535894,27.680018,2010
85.53589,27.680018,2010
85.535883,27.680017,2010
85.535873,27.680015,2011
85.53586,27.680012,2011
85.535847,27.68001,2011
85.535832,27.680009,2011
85.535817,27.68001,2011
85.535801,27.68001,2011
85.535785,27.680009,2011
85.535771,27.680006,2011
85.535758,27.680002,2011
85.535745,27.679998,2011
85.53573,27.679994,2011
85.535716,27.679991,2011
85.535702,27.679987,2011
85.535688,27.679985,2011
85.535675,27.679985,2011
85.535661,27.679985,2011
85.535648,27.679984,2011
85.535634,27.679981,2011
85.535621,27.679976,2011
85.535608,27.67997,2011
85.535596,27.679965,2011
85.535584,27.679959,2011
85.535576,27.679951,2011
85.535568,27.679943,2011
85.535562,27.679935,2011
85.535556,27.679926,2011
85.53555,27.679918,2011
85.535542,27.67991,2011
85.535535,27.679903,2011
85.535529,27.679896,2011
85.535524,27.679889,2011
85.53552,27.679882,2011
85.535517,27.679878,2011
85.535506,27.679865,2011
85.535505,27.679864,2011
85.535502,27.679863,2011
85.535498,27.679863,2011
85.535483,27.679866,2011
85.535482,27.679868,2011
85.53548,27.679871,2011
85.535476,27.679873,2011
85.535471,27.679876,2011
85.535464,27.679879,2011
85.535456,27.679878,2011
85.535447,27.679875,2011
85.535437,27.679871,2011
85.535428,27.679867,2011
85.535416,27.679863,2011
85.535405,27.679858,2011
85.535395,27.679854,2012
85.535384,27.679851,2012
85.535376,27.679847,2012
85.535367,27.679843,2012
85.535357,27.679837,2013
85.535348,27.679832,2013
85.535339,27.679826,2013
85.535332,27.679817,2013
85.535325,27.679808,2013
85.53532,27.679798,2013
85.535313,27.679788,2013
85.535305,27.679781,2013
85.535296,27.679775,2014
85.535287,27.67977,2014
85.535278,27.679766,2014
85.53527,27.679762,2014
85.535263,27.679759,2015
85.535255,27.679754,2015
85.535248,27.679751,2015
85.53524,27.679749,2015
85.535231,27.679747,2015
85.535221,27.679745,2015
85.535212,27.679744,2015
85.535205,27.679743,2015
85.535199,27.67974,2015
85.535189,27.679735,2015
85.535179,27.67973,2015
85.535166,27.679725,2015
85.535151,27.679721,2015
85.535136,27.679717,2015
85.535121,27.679714,2015
85.535106,27.679713,2015
85.535093,27.679712,2015
85.535081,27.679712,2016
85.53507,27.679711,2016
85.535059,27.679711,2016
85.535048,27.679709,2016
85.535038,27.679707,2016
85.535027,27.679706,2016
85.535016,27.679705,2016
85.535005,27.679706,2016
85.534995,27.679705,2016
85.534986,27.679706,2016
85.534977,27.679706,2016
85.534968,27.679706,2016
85.534959,27.679704,2016
85.534951,27.679701,2016
85.534943,27.679697,2016
85.534937,27.679692,2016
85.534931,27.679688,2016
85.534926,27.679683,2016
85.534922,27.679675,2016
85.53492,27.679667,2016
85.534918,27.679659,2016
85.534915,27.679653,2016
85.534911,27.679648,2016
85.534908,27.679644,2016
85.534904,27.679642,2016
85.534901,27.679641,2016
85.534892,27.679642,2016
85.534891,27.679642,2016
85.534894,27.679647,2016
85.534887,27.679642,2016
85.534885,27.67964,2016
85.534882,27.679637,2016
85.534876,27.679634,2016
85.534869,27.679629,2016
85.534862,27.679624,2016
85.534852,27.679617,2016
85.534842,27.67961,2016
85.534829,27.679605,2016
85.534814,27.6796,2016
85.5348,27.679596,2016
85.534787,27.679593,2016
85.534774,27.679589,2016
85.534763,27.679586,2016
85.534735,27.679585,2016
85.534734,27.679585,2016
85.53473,27.679584,2016
85.534723,27.679582,2016
85.534715,27.679579,2016
85.534706,27.679576,2016
85.534696,27.679574,2016
85.534687,27.67957,2016
85.534678,27.679565,2016
85.534666,27.679564,2016
85.534654,27.679566,2016
85.534643,27.679571,2016
85.534622,27.679587,2016
85.534623,27.679587,2016
85.534622,27.679588,2016
85.534619,27.679591,2016
85.534616,27.679596,2016
85.534611,27.679601,2016
85.534606,27.679608,2016
85.534603,27.679614,2016
85.534597,27.679632,2016
85.534597,27.679638,2016
85.534597,27.679633,2016
85.534592,27.679627,2016
85.534591,27.679627,2016
85.534591,27.679626,2016
85.534592,27.679627,2016
85.534596,27.679625,2016
85.534601,27.679622,2016
85.5346,27.679622,2016
85.534599,27.679621,2016
85.534599,27.67962,2016
85.534597,27.679619,2016
85.534597,27.679617,2016
85.534597,27.679616,2016
85.534599,27.679615,2016
85.534601,27.679614,2016
85.534607,27.679612,2016
85.534606,27.67961,2016
85.534612,27.679607,2016
85.534613,27.679606,2016
85.534615,27.679604,2016
85.534616,27.679602,2016
85.534618,27.6796,2016
85.534619,27.679589,2016
85.534616,27.679585,2016
85.53461,27.679579,2016
85.534602,27.679571,2016
85.534594,27.679561,2016
85.534584,27.67955,2016
85.534573,27.679538,2016
85.534563,27.679526,2016
85.534555,27.679517,2016
85.534548,27.679509,2016
85.534531,27.67949,2016
85.534529,27.67949,2016
85.534527,27.679488,2016
85.534524,27.679484,2016
85.534526,27.67948,2016
85.534526,27.679478,2016
85.534525,27.679474,2016
85.534524,27.67947,2016
85.534524,27.679466,2016
85.534524,27.679462,2016
85.534527,27.679447,2016
85.534528,27.679446,2016
85.534528,27.679444,2016
85.534534,27.679439,2016
85.534532,27.679435,2016
85.534532,27.679434,2016
85.534531,27.679431,2016
85.534528,27.679428,2016
85.534525,27.679422,2016
85.534519,27.679416,2017
85.534511,27.67941,2017
85.5345,27.679405,2017
85.53449,27.679399,2017
85.534477,27.679394,2017
85.534464,27.679388,2017
85.534451,27.679384,2017
85.534437,27.679381,2017
85.534423,27.67938,2017
85.534409,27.679379,2017
85.534397,27.679379,2017
85.534384,27.679378,2017
85.534374,27.679378,2017
85.534366,27.679378,2017
85.534351,27.679374,2017
85.534349,27.679377,2017
85.534347,27.679377,2017
85.534342,27.679377,2017
85.534326,27.679377,2017
85.534325,27.679377,2017
85.534319,27.679377,2017
85.534318,27.679372,2017
85.534318,27.679371,2017
85.534321,27.679367,2017
85.534325,27.67936,2017
85.534328,27.679354,2017
85.534332,27.679346,2017
85.534338,27.679338,2017
85.534345,27.67933,2017
85.534351,27.679323,2017
85.534354,27.679318,2017
85.534363,27.679309,2017
85.534356,27.679312,2017
85.534355,27.679313,2017
85.534341,27.679312,2017
85.53434,27.679312,2017
85.534339,27.67931,2017
85.534337,27.679309,2017
85.534336,27.679307,2017
85.534331,27.679321,2017
85.534329,27.679324,2017
85.534328,27.679342,2017
85.534321,27.679351,2017
85.534322,27.679348,2017
85.534325,27.679345,2017
85.534332,27.679341,2017
85.534339,27.679336,2017
85.534346,27.679331,2017
85.534355,27.679326,2017
85.534366,27.67932,2017
85.534378,27.67931,2017
85.534391,27.679302,2017
85.534404,27.679295,2017
85.534409,27.679293,2017
</coordinates>
</LineString>
</Placemark>
<Placemark>
<name/>
<styleUrl>#line-FF0000-2000-nodesc</styleUrl>
<LineString>
<tessellate>1</tessellate>
<coordinates>
85.543649,27.597445,0
85.541954,27.596808,0
85.54101,27.595373,0
85.540795,27.594022,0
</coordinates>
</LineString>
</Placemark>
<Placemark>
<name/>
<styleUrl>#line-FF0000-2000-nodesc</styleUrl>
<LineString>
<tessellate>1</tessellate>
<coordinates>
85.549507,27.599062,0
85.546492,27.597027,0
85.546578,27.597093,0
</coordinates>
</LineString>
</Placemark>
<Placemark>
<name/>
<styleUrl>#line-F0F000-2000-nodesc</styleUrl>
<LineString>
<tessellate>1</tessellate>
<coordinates>
85.540934,27.658564,1889
85.540934,27.65856,1889
85.540933,27.658554,1889
85.540931,27.658549,1889
85.54093,27.658545,1889
85.54093,27.658541,1889
85.540931,27.658538,1889
85.540932,27.658533,1889
85.540933,27.65853,1889
85.540937,27.658522,1889
85.540939,27.658519,1889
85.540942,27.658519,1889
85.540943,27.658519,1889
85.540944,27.658519,1889
85.540947,27.658519,1889
85.540949,27.658518,1889
85.540954,27.658509,1889
85.54095,27.658507,1889
85.54095,27.658505,1889
85.540949,27.658505,1889
85.540944,27.658504,1889
85.540939,27.658505,1889
85.540934,27.658504,1889
85.540932,27.658502,1889
85.540929,27.658499,1889
85.540925,27.658497,1889
85.54092,27.658495,1889
85.540918,27.658494,1889
85.540917,27.658493,1889
85.540914,27.658495,1889
85.540913,27.658497,1889
85.54091,27.658502,1889
85.540912,27.658502,1889
85.540915,27.658502,1889
85.540935,27.658502,1889
85.540938,27.658502,1889
85.540942,27.658502,1889
85.540959,27.658502,1889
85.540961,27.658502,1889
85.54097,27.658504,1889
85.540975,27.658505,1889
85.540974,27.658517,1889
85.540982,27.658517,1889
85.540982,27.658516,1889
85.540989,27.658514,1889
85.540995,27.65851,1889
85.541002,27.658519,1889
85.541001,27.658519,1889
85.541001,27.658521,1889
85.541001,27.658523,1889
85.541,27.658527,1889
85.540994,27.658557,1889
85.540986,27.658565,1889
85.540987,27.65857,1889
85.540994,27.658569,1889
85.540993,27.658568,1889
85.540992,27.658566,1889
85.540986,27.658562,1889
85.540984,27.65856,1889
85.540983,27.658559,1889
85.540981,27.658557,1889
85.540978,27.658556,1889
85.540976,27.658554,1889
85.540967,27.658549,1889
85.540964,27.65854,1889
85.540963,27.65854,1889
85.540963,27.658538,1889
85.540962,27.658536,1889
85.540961,27.658534,1889
85.540957,27.658527,1889
85.540967,27.658529,1889
85.540969,27.65853,1889
85.540971,27.658532,1889
85.540976,27.658537,1889
85.540977,27.658539,1889
85.540974,27.658534,1889
85.540969,27.658525,1889
85.540968,27.658526,1889
85.540965,27.658528,1889
85.540959,27.658531,1889
85.540954,27.658535,1889
85.54095,27.65854,1889
85.540846,27.658502,1889
85.54085,27.658503,1889
85.540853,27.658502,1889
85.540856,27.658501,1889
85.540857,27.658499,1889
85.540861,27.658494,1889
85.540864,27.658496,1889
85.540862,27.658491,1889
85.540862,27.65849,1889
85.540857,27.658487,1889
85.540854,27.658491,1889
85.540855,27.658491,1889
85.540857,27.658493,1889
85.540864,27.658492,1889
85.540861,27.658496,1889
85.540871,27.658502,1889
85.540879,27.658489,1889
85.540876,27.658474,1889
85.540875,27.658471,1889
85.540873,27.658466,1889
85.540869,27.65846,1889
85.540866,27.658452,1889
85.540863,27.658444,1889
85.540861,27.658435,1889
85.540858,27.658427,1889
85.540856,27.658417,1889
85.540856,27.658406,1889
85.540858,27.658397,1889
85.540864,27.658389,1889
85.540871,27.65838,1889
85.540877,27.658373,1889
85.540883,27.658367,1889
85.540887,27.65836,1889
85.540891,27.658353,1889
85.540891,27.658347,1889
85.540891,27.65834,1889
85.54089,27.658332,1889
85.540889,27.658325,1889
85.54089,27.658318,1889
85.540893,27.65831,1889
85.540897,27.658301,1889
85.540901,27.658292,1889
85.540905,27.658284,1889
85.54091,27.658274,1889
85.540916,27.658264,1889
85.540923,27.658254,1889
85.540929,27.658243,1889
85.540935,27.658233,1889
85.54094,27.658222,1889
85.540946,27.658214,1889
85.54095,27.658203,1889
85.540953,27.658192,1889
85.540955,27.658178,1889
85.540955,27.658165,1889
85.540955,27.658154,1889
85.540952,27.658126,1889
85.540949,27.658124,1889
85.540948,27.658121,1889
85.540948,27.658119,1889
85.540946,27.658119,1889
85.540944,27.658118,1889
85.540936,27.658119,1889
85.540936,27.658112,1889
85.540935,27.658108,1889
85.540934,27.658099,1889
85.540933,27.658085,1888
85.540931,27.658069,1888
85.540931,27.658052,1888
85.540932,27.658034,1888
85.540933,27.658015,1888
85.540935,27.657994,1888
85.540937,27.657974,1888
85.540939,27.657957,1888
85.540943,27.65794,1888
85.540947,27.657925,1888
85.540952,27.657912,1888
85.540956,27.657899,1888
85.540961,27.657887,1888
85.540966,27.657873,1888
85.540972,27.657858,1888
85.540978,27.657844,1888
85.540983,27.65783,1888
85.540985,27.657817,1888
85.540987,27.657803,1887
85.540989,27.65779,1887
85.540993,27.657775,1887
85.540997,27.657759,1887
85.541003,27.657743,1887
85.54101,27.657727,1887
85.541015,27.657712,1886
85.54102,27.657697,1886
85.541023,27.657683,1886
85.541026,27.657669,1886
85.541027,27.657656,1886
85.541029,27.657643,1886
85.54103,27.657631,1886
85.541032,27.657621,1886
85.541035,27.657613,1886
85.54104,27.657605,1886
85.541045,27.657596,1885
85.541048,27.657586,1885
85.541052,27.657575,1885
85.541057,27.657564,1885
85.541061,27.657553,1885
85.541066,27.657542,1885
85.54107,27.657532,1885
85.541075,27.657522,1884
85.541081,27.657513,1884
85.541086,27.657505,1884
85.541098,27.657491,1884
85.541097,27.657491,1884
85.541096,27.657492,1884
85.541095,27.657493,1884
85.541092,27.657494,1884
85.541093,27.657494,1884
85.541094,27.657493,1884
85.541097,27.657489,1884
85.541099,27.657483,1883
85.541103,27.657477,1883
85.541106,27.65747,1883
85.54111,27.657462,1883
85.541115,27.657454,1883
85.541122,27.657446,1883
85.541129,27.657437,1883
85.541135,27.657427,1883
85.541142,27.657417,1883
85.541147,27.657409,1883
85.541152,27.657401,1883
85.541157,27.657391,1883
85.541162,27.657381,1883
85.541168,27.657369,1883
85.541173,27.657358,1883
85.541178,27.657348,1883
85.541181,27.657337,1882
85.541185,27.657327,1882
85.541188,27.657318,1882
85.541189,27.657308,1882
85.54119,27.657299,1882
85.541191,27.657292,1882
85.541192,27.657283,1882
85.541195,27.657274,1882
85.5412,27.657265,1882
85.541206,27.657256,1882
85.541211,27.657246,1882
85.541217,27.657236,1882
85.541218,27.657228,1882
85.541219,27.65722,1882
85.541221,27.657212,1882
85.541225,27.657203,1882
85.54123,27.657195,1882
85.541236,27.657185,1882
85.541244,27.657175,1881
85.541254,27.657166,1881
85.54126,27.657158,1881
85.541265,27.65715,1881
85.541268,27.657144,1881
85.541267,27.657137,1881
85.541267,27.657129,1881
85.541267,27.657119,1881
85.541272,27.657109,1881
85.541275,27.6571,1881
85.541276,27.657094,1881
85.541277,27.657088,1881
85.541277,27.657084,1881
85.541277,27.65708,1881
85.541279,27.657067,1881
85.54128,27.657066,1881
85.54128,27.657067,1881
85.541282,27.657068,1881
85.541283,27.657068,1881
85.541286,27.657066,1881
85.541288,27.657062,1881
85.541291,27.657056,1881
85.541293,27.657047,1881
85.541295,27.657039,1881
85.541298,27.657029,1881
85.541302,27.657018,1881
85.541305,27.657007,1881
85.541308,27.656997,1881
85.541312,27.656987,1881
85.541315,27.656976,1880
85.541318,27.656964,1880
85.541321,27.656952,1880
85.541323,27.656942,1880
85.541327,27.656931,1880
85.541331,27.656921,1879
85.541335,27.65691,1879
85.54134,27.6569,1879
85.541345,27.656891,1879
85.54135,27.656882,1879
85.541354,27.656872,1879
85.541358,27.656861,1879
85.541361,27.656849,1879
85.541364,27.656836,1879
85.541368,27.656826,1879
85.541373,27.656815,1878
85.541379,27.656805,1878
85.541386,27.656795,1878
85.541392,27.656785,1878
85.541399,27.656775,1878
85.541408,27.656763,1878
85.541417,27.656752,1878
85.541424,27.656742,1878
85.541429,27.656732,1878
85.541433,27.656722,1877
85.541438,27.656712,1877
85.541447,27.656702,1877
85.541456,27.656693,1877
85.541465,27.656684,1877
85.541472,27.656674,1877
85.541479,27.656665,1877
85.541486,27.656656,1877
85.541492,27.656647,1876
85.541496,27.656638,1876
85.541499,27.656629,1876
85.541503,27.656619,1876
85.541505,27.656609,1876
85.541508,27.656598,1876
85.54151,27.656589,1876
85.541511,27.656581,1876
85.541511,27.656575,1876
85.541511,27.65657,1876
85.541508,27.65656,1876
85.541504,27.656557,1876
85.541505,27.656553,1876
85.541506,27.656545,1876
85.541508,27.656531,1876
85.54151,27.656517,1876
85.541513,27.6565,1876
85.541515,27.656483,1876
85.541518,27.656466,1876
85.54152,27.656448,1876
85.541521,27.656432,1876
85.541524,27.656416,1876
85.541528,27.656401,1876
85.541532,27.656385,1876
85.541535,27.656369,1876
85.541539,27.656355,1876
85.541543,27.656342,1876
85.541547,27.656329,1876
85.541549,27.656315,1876
85.541549,27.656299,1876
85.541551,27.656283,1876
85.541553,27.656268,1876
85.541554,27.656253,1876
85.541554,27.656239,1876
85.541554,27.656223,1876
85.541554,27.656209,1876
85.541553,27.656193,1876
85.541552,27.656179,1876
85.541551,27.656164,1876
85.54155,27.65615,1876
85.541549,27.656136,1876
85.541547,27.656123,1876
85.541545,27.656109,1876
85.541544,27.656094,1876
85.541542,27.656079,1876
85.541541,27.656066,1876
85.541541,27.656055,1875
85.54154,27.656043,1875
85.54154,27.656032,1875
85.541541,27.656021,1875
85.541543,27.656013,1875
85.541547,27.656005,1875
85.54155,27.655998,1875
85.541554,27.65599,1874
85.541558,27.655983,1874
85.541563,27.655976,1874
85.541569,27.655969,1874
85.541574,27.655962,1873
85.541578,27.655954,1873
85.541582,27.655946,1873
85.541587,27.655939,1873
85.541593,27.655932,1872
85.541599,27.655924,1872
85.541604,27.655916,1872
85.541608,27.655907,1872
85.541611,27.655899,1871
85.541613,27.65589,1871
85.541616,27.65588,1870
85.541619,27.655871,1870
85.541622,27.655863,1870
85.541625,27.655855,1870
85.541628,27.655849,1870
85.541631,27.655841,1870
85.541635,27.655831,1869
85.541642,27.655821,1869
85.541649,27.655811,1869
85.541657,27.655801,1868
85.541664,27.655791,1868
85.541669,27.655782,1868
85.541673,27.655773,1868
85.541677,27.655765,1868
85.541681,27.655758,1868
85.541682,27.655752,1868
85.541684,27.655747,1867
85.541686,27.655744,1867
85.541689,27.65574,1867
85.541692,27.655735,1867
85.541694,27.655731,1867
85.541698,27.655727,1867
85.541702,27.655722,1867
85.541706,27.655717,1867
85.54171,27.655713,1867
85.541715,27.655709,1866
85.541719,27.655704,1866
85.541722,27.655698,1866
85.541725,27.655693,1866
85.541729,27.655687,1866
85.541733,27.65568,1866
85.541737,27.655674,1866
85.541741,27.655667,1866
85.541743,27.65566,1866
85.541746,27.655654,1866
85.54175,27.655647,1865
85.541755,27.655638,1865
85.54176,27.655629,1865
85.541763,27.655619,1865
85.541765,27.655609,1864
85.541769,27.655599,1864
85.541773,27.655591,1864
85.541778,27.655583,1863
85.541782,27.655577,1863
85.541785,27.655569,1863
85.541789,27.65556,1863
85.541792,27.655551,1863
85.541794,27.655544,1863
85.541796,27.655536,1862
85.541799,27.655527,1862
85.541804,27.655517,1862
85.541809,27.655507,1862
85.541813,27.655497,1862
85.541817,27.655488,1862
85.541819,27.655479,1862
85.541821,27.655469,1862
85.541822,27.65546,1862
85.541821,27.655451,1861
85.54182,27.655443,1861
85.541818,27.655434,1861
85.541816,27.655428,1861
85.541811,27.655409,1861
85.541811,27.655408,1861
85.541811,27.655404,1861
85.541811,27.655398,1861
85.541812,27.655391,1860
85.541813,27.655381,1860
85.541816,27.655372,1860
85.541819,27.655362,1860
85.541823,27.655354,1860
85.541828,27.655346,1859
85.541834,27.655339,1859
85.541841,27.655332,1859
85.541849,27.655324,1859
85.541859,27.655317,1859
85.541872,27.655311,1859
85.541885,27.655304,1859
85.541898,27.655297,1859
85.541911,27.65529,1859
85.541923,27.655283,1859
85.541935,27.655278,1859
85.541948,27.655274,1859
85.54196,27.655269,1859
85.541974,27.655264,1859
85.541987,27.655258,1859
85.542,27.655251,1859
85.542012,27.655243,1859
85.542022,27.655234,1859
85.54203,27.655223,1859
85.542036,27.65521,1859
85.542042,27.655201,1859
85.542047,27.655192,1859
85.542053,27.655183,1859
85.542057,27.655174,1859
85.542059,27.655165,1859
85.542061,27.655155,1859
85.542063,27.655144,1859
85.542064,27.655133,1859
85.542066,27.655122,1859
85.54207,27.655114,1859
85.542076,27.655108,1859
85.542085,27.655103,1859
85.542095,27.655097,1859
85.542103,27.655091,1859
85.542111,27.655082,1859
85.542117,27.655068,1859
85.542123,27.655055,1859
85.542128,27.65504,1859
85.542134,27.655029,1859
85.542142,27.655021,1859
85.542152,27.655015,1859
85.542161,27.655011,1859
85.54217,27.655005,1859
85.542179,27.654998,1859
85.542187,27.65499,1859
85.542194,27.654983,1859
85.542202,27.654976,1860
85.542209,27.654968,1860
85.542214,27.65496,1860
85.542218,27.654953,1860
85.54222,27.654945,1860
85.542224,27.654939,1860
85.542228,27.654934,1860
85.542232,27.65493,1861
85.542235,27.654926,1861
85.542239,27.654923,1861
85.542242,27.654918,1861
85.542244,27.654913,1861
85.542245,27.654907,1861
85.542247,27.654902,1862
85.542248,27.654899,1862
85.542248,27.654895,1862
85.542247,27.654891,1862
85.542248,27.654887,1862
85.542249,27.654884,1862
85.542251,27.654881,1863
85.542253,27.654879,1863
85.542255,27.654877,1863
85.542256,27.654875,1863
85.542256,27.654872,1864
85.542255,27.654869,1864
85.542256,27.654866,1864
85.542256,27.654863,1864
85.542256,27.65486,1864
85.542257,27.654856,1864
85.542257,27.654852,1864
85.542255,27.654847,1865
85.542254,27.654843,1865
85.542254,27.654838,1865
85.542254,27.654833,1865
85.542255,27.654828,1865
85.542255,27.654823,1865
85.542256,27.654819,1865
85.542256,27.654815,1865
85.542258,27.654809,1865
85.54226,27.654803,1865
85.542262,27.654797,1865
85.542265,27.65479,1866
85.542267,27.654783,1866
85.54227,27.654776,1866
85.542273,27.654769,1866
85.542275,27.654761,1866
85.542277,27.654754,1866
85.542278,27.654748,1866
85.542278,27.654743,1866
85.542281,27.654732,1866
85.542278,27.654735,1866
85.542278,27.654737,1866
85.542283,27.654725,1866
85.542285,27.654722,1866
85.542289,27.654716,1866
85.542292,27.654707,1866
85.542295,27.654697,1867
85.542297,27.654686,1867
85.542301,27.654676,1868
85.542306,27.654664,1868
85.542311,27.654654,1868
85.542315,27.654644,1869
85.542328,27.654622,1869
85.542328,27.654621,1869
85.542329,27.654618,1869
85.542329,27.654612,1869
85.542329,27.654607,1869
85.54233,27.654601,1869
85.542331,27.654594,1870
85.542332,27.654588,1870
85.542332,27.654582,1870
85.542332,27.654577,1870
85.542329,27.654571,1870
85.542327,27.654566,1870
85.542325,27.65456,1871
85.542325,27.654556,1871
85.542326,27.654551,1871
85.542327,27.654547,1871
85.542325,27.654542,1871
85.542323,27.654537,1871
85.542322,27.654531,1872
85.54232,27.654526,1872
85.542318,27.65452,1872
85.542315,27.654515,1872
85.542312,27.654509,1872
85.542308,27.654505,1872
85.542305,27.6545,1873
85.542302,27.654496,1873
85.5423,27.654492,1873
85.542296,27.65448,1873
85.542295,27.654477,1873
85.542294,27.654474,1873
85.542293,27.65447,1873
85.542293,27.654465,1873
85.542291,27.65446,1874
85.54229,27.654455,1874
85.542289,27.65445,1874
85.542288,27.654446,1874
85.542288,27.654442,1874
85.542287,27.654439,1874
85.542285,27.654435,1875
85.542284,27.654431,1875
85.542283,27.654427,1875
85.542283,27.654422,1876
85.542283,27.654418,1876
85.542283,27.654407,1876
85.542282,27.654406,1876
85.542281,27.654404,1877
85.542279,27.654402,1877
85.542278,27.654398,1877
85.542275,27.654394,1877
85.542273,27.654389,1877
85.542271,27.654384,1878
85.542272,27.65438,1878
85.542275,27.654376,1878
85.542277,27.654373,1878
85.542279,27.654369,1878
85.542279,27.654366,1878
85.542279,27.654363,1879
85.542278,27.654359,1879
85.542278,27.654354,1879
85.542279,27.65435,1879
85.54228,27.654345,1879
85.542281,27.65434,1879
85.54228,27.654335,1880
85.542281,27.654329,1880
85.54228,27.654324,1880
85.542281,27.654318,1880
85.542281,27.654313,1880
85.542281,27.654308,1880
85.542281,27.654303,1881
85.542278,27.654297,1881
85.542275,27.654292,1881
85.542273,27.654288,1881
85.542271,27.654284,1881
85.542271,27.654279,1881
85.54227,27.654275,1882
85.54227,27.654271,1882
85.542271,27.654266,1882
85.542272,27.65426,1882
85.542274,27.654253,1882
85.542274,27.654248,1882
85.542274,27.654243,1882
85.542273,27.654239,1882
85.542273,27.654236,1883
85.542273,27.654229,1883
85.542272,27.654226,1883
85.542271,27.654221,1883
85.542268,27.654214,1883
85.542266,27.654205,1883
85.542264,27.654196,1883
85.542262,27.654184,1883
85.542261,27.654172,1883
85.54226,27.654161,1883
85.542259,27.65415,1883
85.542256,27.65414,1883
85.542254,27.654132,1883
85.542252,27.654124,1883
85.54225,27.654115,1883
85.542247,27.654107,1883
85.542245,27.654098,1884
85.542243,27.654089,1884
85.54224,27.654079,1884
85.542237,27.654067,1884
85.542235,27.654055,1884
85.542234,27.654044,1884
85.542236,27.654034,1884
85.542239,27.654023,1884
85.542241,27.654013,1884
85.542243,27.654004,1884
85.542245,27.653996,1884
85.542245,27.653989,1884
85.542245,27.653983,1884
85.542245,27.653978,1885
85.542245,27.653973,1885
85.542243,27.653967,1885
85.542241,27.653961,1885
85.54224,27.653953,1885
85.542239,27.653942,1885
85.54224,27.65393,1885
85.54224,27.653918,1885
85.542242,27.653908,1885
85.542245,27.6539,1885
85.542249,27.653894,1885
85.542253,27.653888,1885
85.542256,27.653879,1885
85.542255,27.653872,1885
85.542253,27.653865,1885
85.542251,27.653857,1885
85.542249,27.653847,1885
85.542247,27.653838,1885
85.542246,27.653832,1885
85.54224,27.653816,1885
85.542241,27.653815,1885
85.542239,27.653816,1885
85.542239,27.653813,1885
85.542239,27.653811,1885
85.54224,27.653806,1885
85.542242,27.653799,1885
85.542244,27.65379,1885
85.542246,27.65378,1885
85.54225,27.65377,1885
85.542255,27.653759,1885
85.542259,27.653748,1885
85.542264,27.653739,1885
85.542268,27.65373,1885
85.542271,27.653721,1885
85.542275,27.653713,1885
85.542278,27.653707,1885
85.542282,27.6537,1885
85.542289,27.653688,1885
85.542289,27.653684,1885
85.542288,27.653684,1885
85.542287,27.653684,1885
85.542284,27.653679,1885
85.542283,27.653675,1885
85.542283,27.653668,1885
85.542283,27.653657,1885
85.542283,27.653645,1885
85.542283,27.653632,1885
85.542282,27.653619,1885
85.542279,27.653606,1885
85.542275,27.653592,1885
85.542271,27.653579,1885
85.542268,27.653567,1885
85.542263,27.653556,1885
85.542258,27.653544,1885
85.54225,27.653531,1884
85.542243,27.653519,1884
85.542235,27.653508,1884
85.542228,27.653497,1884
85.54222,27.653488,1884
85.542214,27.653477,1884
85.542209,27.653467,1883
85.542203,27.653458,1883
85.542197,27.653448,1883
85.542193,27.653439,1883
85.542189,27.653429,1883
85.542185,27.653419,1883
85.542178,27.653411,1883
85.542172,27.653402,1883
85.542164,27.653393,1883
85.542156,27.653384,1883
85.542148,27.653375,1883
85.542139,27.653367,1883
85.542133,27.653358,1883
85.542129,27.65335,1883
85.542125,27.653341,1883
85.542124,27.653333,1883
85.542123,27.653323,1883
85.542121,27.653314,1884
85.542119,27.653304,1884
85.542118,27.653294,1884
85.542116,27.653284,1885
85.542115,27.653275,1885
85.542112,27.653268,1885
85.542109,27.653261,1885
85.542106,27.653255,1885
85.542104,27.653249,1886
85.542104,27.653244,1886
85.542105,27.653238,1886
85.542105,27.653233,1886
85.542103,27.653228,1886
85.542099,27.653222,1886
85.542094,27.653214,1887
85.54209,27.653204,1887
85.542087,27.653193,1887
85.542082,27.653185,1888
85.542077,27.653178,1888
85.542073,27.653173,1888
85.54207,27.653166,1888
85.542066,27.65316,1888
85.542062,27.653152,1888
85.542059,27.653146,1889
85.542052,27.653128,1889
85.542051,27.653124,1889
85.542049,27.653117,1889
85.542045,27.653108,1889
85.54204,27.653098,1889
85.542035,27.653086,1889
85.542028,27.653073,1889
85.542022,27.653061,1889
85.542015,27.653049,1889
85.542008,27.653037,1889
85.542003,27.653027,1889
85.541999,27.653018,1889
85.541997,27.65301,1889
85.541996,27.653002,1889
85.541997,27.652994,1889
85.541998,27.652985,1889
85.541998,27.652976,1889
85.541997,27.652967,1889
85.541995,27.652957,1889
85.541991,27.652946,1889
85.541987,27.652936,1889
85.541983,27.652926,1889
85.541978,27.652917,1889
85.541974,27.65291,1889
85.54197,27.652905,1889
85.541967,27.652903,1889
85.541967,27.652902,1889
85.541968,27.652901,1889
85.541973,27.652897,1889
85.541973,27.6529,1889
85.541971,27.652899,1889
85.541968,27.652897,1889
85.541962,27.652894,1889
85.541955,27.652892,1889
85.541948,27.652889,1889
85.541942,27.652886,1889
85.541934,27.652884,1889
85.541926,27.65288,1889
85.541918,27.652876,1889
85.54191,27.652872,1889
85.541903,27.652868,1889
85.541894,27.652865,1889
85.541884,27.65286,1889
85.541873,27.652854,1889
85.541862,27.652846,1889
85.54185,27.652836,1889
85.541838,27.652824,1889
85.541825,27.652811,1889
85.541811,27.652796,1886
85.541796,27.652782,1886
85.541781,27.652766,1885
85.541765,27.652748,1885
85.541749,27.652731,1885
85.541737,27.652716,1884
85.541727,27.652702,1884
85.54172,27.652689,1884
85.541714,27.652679,1884
85.541711,27.652671,1884
85.541704,27.652649,1883
85.541704,27.652654,1883
85.541703,27.652655,1883
85.541699,27.652657,1883
85.5417,27.652657,1883
85.541701,27.652657,1883
85.541698,27.652652,1883
85.541694,27.652649,1883
85.541685,27.652643,1883
85.541674,27.652636,1883
85.541662,27.652627,1883
85.541651,27.652617,1883
85.541639,27.652606,1883
85.541628,27.652595,1881
85.541616,27.652582,1881
85.541606,27.652569,1881
85.541598,27.652556,1881
85.541593,27.652544,1881
85.541591,27.652533,1881
85.54159,27.652526,1880
85.541585,27.652509,1880
85.541587,27.652508,1880
85.541588,27.652507,1880
85.541588,27.652505,1880
85.541583,27.652505,1880
85.541574,27.652505,1880
85.541562,27.652507,1880
85.541547,27.652508,1880
85.541532,27.652512,1880
85.541515,27.652515,1880
85.541498,27.652519,1880
85.541482,27.652521,1880
85.541466,27.65252,1879
85.541452,27.652518,1879
85.541441,27.652517,1879
85.541432,27.652512,1879
85.541427,27.652507,1879
85.541423,27.6525,1879
85.541421,27.652495,1878
85.541413,27.652482,1878
85.541411,27.65248,1878
85.541407,27.652478,1878
85.5414,27.652476,1878
85.541391,27.652474,1878
85.541383,27.652471,1878
85.541376,27.652467,1877
85.541369,27.652467,1877
85.541365,27.652465,1877
85.54136,27.652462,1877
85.541356,27.652457,1877
85.541352,27.65245,1876
85.54135,27.65244,1876
85.541346,27.65243,1876
85.541342,27.652421,1876
85.541339,27.652412,1876
85.541337,27.652409,1875
</coordinates>
</LineString>
</Placemark>
<Placemark>
<name/>
<styleUrl>#line-0000FF-2000-nodesc</styleUrl>
<LineString>
<tessellate>1</tessellate>
<coordinates>
85.519516,27.586934,1601
85.519511,27.58693,1601
85.519504,27.586925,1601
85.519498,27.586921,1601
85.519494,27.586919,1601
85.51949,27.586917,1601
85.519485,27.586912,1601
85.519479,27.586906,1601
85.519474,27.586901,1601
85.51947,27.586897,1601
85.519455,27.586889,1601
85.51945,27.586891,1601
85.519443,27.586893,1601
85.519435,27.586895,1601
85.519429,27.586894,1601
85.519423,27.586894,1601
85.519417,27.586893,1601
85.519411,27.586893,1601
85.519405,27.586893,1601
85.519397,27.586895,1601
85.51939,27.586898,1601
85.519383,27.586901,1601
85.519378,27.586904,1601
85.519372,27.586907,1601
85.519367,27.586911,1601
85.519364,27.586915,1601
85.519362,27.586918,1601
85.519357,27.586936,1601
85.519356,27.586937,1601
85.519355,27.586938,1601
85.519351,27.586941,1601
85.519346,27.586943,1601
85.519341,27.586944,1601
85.519336,27.586945,1601
85.519331,27.586946,1601
85.519324,27.586947,1601
85.519317,27.586949,1601
85.519309,27.58695,1601
85.519303,27.586951,1601
85.519297,27.586951,1601
85.519291,27.586951,1601
85.519287,27.586951,1601
85.519282,27.586948,1601
85.519278,27.586947,1601
85.519274,27.586945,1601
85.519269,27.586943,1601
85.519264,27.586942,1601
85.51926,27.586941,1601
85.519256,27.586939,1601
85.519253,27.586937,1601
85.519251,27.586934,1601
85.519248,27.586931,1601
85.519244,27.586927,1601
85.519238,27.586924,1601
85.519233,27.586922,1601
85.519228,27.58692,1601
85.519225,27.586918,1601
85.519223,27.586915,1601
85.51922,27.586913,1594
85.519217,27.586911,1594
85.519205,27.586916,1594
85.519204,27.586919,1594
85.519203,27.586922,1594
85.519201,27.586925,1594
85.519199,27.586928,1594
85.51919,27.586928,1594
85.519187,27.586926,1594
85.519187,27.586925,1594
85.519188,27.586922,1594
85.51919,27.58692,1592
85.519191,27.586917,1592
85.519192,27.586913,1591
85.519192,27.586909,1591
85.51919,27.586904,1591
85.519187,27.586899,1591
85.519184,27.586892,1591
85.51918,27.586885,1590
85.519177,27.586881,1590
85.519174,27.586876,1590
85.519168,27.58687,1590
85.519161,27.586864,1590
85.519154,27.586862,1590
85.519148,27.586858,1590
85.519142,27.586854,1590
85.519139,27.586848,1589
85.519137,27.586845,1589
85.519138,27.586844,1589
85.519137,27.586841,1589
85.519137,27.586836,1589
85.519137,27.586833,1589
85.519144,27.58682,1589
85.519143,27.586818,1589
85.519143,27.586815,1589
85.519142,27.586811,1589
85.519142,27.58681,1589
85.51913,27.586803,1589
85.519129,27.586802,1588
85.519122,27.586802,1588
85.51912,27.5868,1588
85.519116,27.586798,1587
85.519111,27.586796,1586
85.519105,27.586791,1586
85.519097,27.586786,1585
85.51909,27.586782,1585
85.519081,27.586776,1584
85.519072,27.58677,1584
85.519061,27.586765,1584
85.51905,27.586763,1583
85.519039,27.586761,1583
85.51903,27.58676,1582
85.519023,27.586759,1582
85.519017,27.586758,1582
85.519012,27.586756,1582
85.519009,27.586752,1581
85.519008,27.586747,1581
85.519008,27.586742,1581
85.519008,27.586739,1581
85.519008,27.586735,1580
85.519007,27.586731,1580
85.519006,27.586727,1580
85.519004,27.586723,1580
85.518994,27.58672,1580
85.518993,27.586719,1579
85.518991,27.586719,1579
85.518982,27.586717,1579
85.518982,27.586716,1579
85.518981,27.586715,1579
85.518977,27.58671,1579
85.518974,27.58671,1579
85.518962,27.586708,1579
85.518961,27.586708,1579
85.518956,27.586712,1579
85.518952,27.586717,1579
85.518951,27.586718,1579
85.518941,27.586723,1579
85.51894,27.586723,1579
85.518938,27.586725,1579
85.518935,27.586728,1579
85.518924,27.58673,1579
85.518923,27.586729,1579
85.518912,27.586723,1579
85.518912,27.586722,1577
85.518909,27.586713,1577
85.518906,27.586712,1577
85.518902,27.586708,1577
85.518896,27.586703,1576
85.518888,27.586697,1576
85.518877,27.586691,1576
85.518866,27.586685,1576
85.518855,27.58668,1575
85.518845,27.586673,1575
85.518835,27.586667,1575
85.518827,27.586663,1575
85.51882,27.586661,1574
85.518814,27.586661,1574
85.518807,27.586661,1574
85.518801,27.58666,1574
85.518795,27.58666,1574
85.518788,27.586658,1573
85.51878,27.586656,1573
85.518772,27.586655,1573
85.518765,27.586654,1573
85.518759,27.586653,1573
85.518753,27.586653,1573
85.518746,27.586653,1572
85.518738,27.586655,1572
85.518728,27.586657,1572
85.51872,27.586658,1572
85.518712,27.586658,1571
85.518705,27.586658,1571
85.5187,27.586658,1571
85.518695,27.586658,1571
85.518674,27.586665,1571
85.518673,27.586666,1570
85.51867,27.586667,1570
85.518666,27.586669,1570
85.51866,27.586671,1570
85.518651,27.586674,1569
85.518642,27.586678,1569
85.518631,27.58668,1569
85.518622,27.586682,1569
85.518614,27.586684,1568
85.518605,27.586687,1568
85.518594,27.586688,1568
85.518583,27.586688,1568
85.518573,27.586687,1568
85.518564,27.586686,1567
85.518555,27.586684,1567
85.518548,27.586684,1567
85.518542,27.586683,1567
85.518519,27.586684,1566
85.518518,27.586684,1566
85.518516,27.586685,1566
85.518513,27.586686,1566
85.518509,27.586686,1566
85.518505,27.586687,1565
85.518499,27.58669,1565
85.518493,27.586692,1565
85.518486,27.586695,1565
85.518478,27.586698,1565
85.518471,27.586699,1564
85.518463,27.5867,1564
85.518456,27.5867,1564
85.518449,27.5867,1564
85.518441,27.586699,1564
85.518434,27.586698,1563
85.518425,27.586697,1563
85.518417,27.586696,1563
85.518409,27.586694,1563
85.518403,27.586691,1562
85.518397,27.58669,1562
85.518393,27.586689,1562
85.518376,27.586687,1562
85.518374,27.586687,1561
85.518368,27.586687,1561
85.51836,27.586689,1560
85.518353,27.586692,1560
85.518326,27.586704,1560
85.518323,27.586704,1560
85.518317,27.586706,1559
85.51831,27.586708,1559
85.518304,27.58671,1559
85.518299,27.586712,1559
85.518293,27.586714,1558
85.518285,27.586718,1558
85.518278,27.586722,1557
85.518268,27.586725,1557
85.518261,27.586727,1557
85.518252,27.586729,1557
85.518242,27.586729,1556
85.518233,27.586729,1556
85.518225,27.586728,1556
85.518217,27.586728,1555
85.518211,27.586727,1555
85.518205,27.586726,1555
85.518199,27.586725,1555
85.51819,27.586723,1555
85.518178,27.586721,1555
85.518166,27.586719,1554
85.518155,27.586717,1554
85.518143,27.586717,1554
85.51813,27.586721,1554
85.518116,27.586727,1553
85.518103,27.586734,1553
85.518088,27.58674,1552
85.518074,27.586745,1552
85.518063,27.586749,1552
85.518053,27.586751,1552
85.518045,27.586752,1551
85.518038,27.586754,1551
85.518032,27.586755,1551
85.518027,27.586756,1551
85.518022,27.586754,1550
85.518019,27.586752,1550
85.518017,27.58675,1549
85.518015,27.586742,1549
85.518013,27.586744,1549
85.51801,27.586741,1549
85.518005,27.586739,1548
85.518001,27.586737,1548
85.517993,27.586735,1548
85.517993,27.58674,1548
85.517992,27.586748,1547
85.51799,27.58676,1547
85.517989,27.586772,1547
85.517986,27.586785,1547
85.517984,27.586799,1546
85.51798,27.586812,1546
85.517976,27.586825,1545
85.517974,27.586838,1545
85.517972,27.586848,1545
85.51797,27.586859,1545
85.517968,27.586868,1544
85.517964,27.586876,1544
85.517956,27.586883,1544
85.517947,27.586888,1544
85.517939,27.586892,1543
85.517929,27.586894,1543
85.517917,27.586895,1543
85.517905,27.586893,1543
85.517894,27.58689,1543
85.517886,27.586885,1542
85.517882,27.58688,1542
85.51788,27.586875,1542
85.517879,27.586869,1542
85.517876,27.586863,1542
85.517873,27.586857,1542
85.517871,27.586851,1541
85.517867,27.586843,1541
85.517864,27.586836,1541
85.517861,27.58683,1540
85.517859,27.586825,1540
85.517855,27.586818,1540
85.517851,27.586812,1540
85.517848,27.586805,1540
85.517847,27.586796,1539
85.517845,27.586787,1539
85.517842,27.586777,1539
85.517839,27.586768,1539
85.517837,27.58676,1538
85.517836,27.586751,1538
85.517835,27.586743,1538
85.517833,27.586737,1538
85.517831,27.58673,1537
85.51783,27.586722,1537
85.517833,27.586711,1537
85.517836,27.586703,1537
85.517834,27.586697,1536
85.517829,27.586692,1536
85.517822,27.586687,1536
85.517813,27.586682,1536
85.517807,27.586677,1536
85.5178,27.586672,1536
85.517792,27.586665,1536
85.517784,27.586658,1536
85.517779,27.586652,1536
85.517776,27.586647,1536
85.517775,27.586642,1536
85.517773,27.586638,1536
85.517772,27.586634,1536
85.517772,27.586629,1536
85.517777,27.586629,1536
85.517777,27.586632,1536
85.517774,27.586636,1536
85.517769,27.586644,1536
85.517762,27.586656,1536
85.517753,27.58667,1536
85.517742,27.586684,1536
85.51773,27.586696,1536
85.517715,27.586707,1536
85.517699,27.586717,1536
85.517682,27.586727,1536
85.517667,27.586735,1536
85.517652,27.586741,1536
85.517637,27.586748,1536
85.517624,27.586754,1536
85.51761,27.58676,1536
85.517596,27.586766,1536
85.517582,27.586772,1536
85.517568,27.586779,1536
85.517555,27.586785,1536
85.517541,27.586789,1536
85.517528,27.586793,1536
85.517515,27.586797,1536
85.517501,27.5868,1536
85.517487,27.586806,1536
85.517474,27.586813,1536
85.517459,27.586819,1536
85.517444,27.586824,1536
85.517429,27.586829,1536
85.517415,27.586832,1536
85.5174,27.586835,1536
85.517386,27.586837,1536
85.517372,27.586838,1536
85.517357,27.586837,1534
85.51734,27.586834,1534
85.517323,27.586831,1534
85.517307,27.58683,1534
85.517291,27.58683,1534
85.517275,27.58683,1534
85.517261,27.58683,1534
85.517245,27.58683,1534
85.517228,27.586831,1534
85.517211,27.586832,1534
85.517195,27.586834,1534
85.517178,27.586838,1534
85.517159,27.586842,1534
85.517142,27.586845,1534
85.517128,27.586846,1534
85.517116,27.586849,1534
85.517103,27.58685,1534
85.517089,27.586853,1534
85.517075,27.586856,1534
85.517061,27.58686,1534
85.517047,27.586862,1534
85.517036,27.586865,1534
85.517024,27.586868,1534
85.51701,27.586875,1534
85.516998,27.586881,1534
85.516984,27.586885,1534
85.516972,27.586887,1534
85.516964,27.58689,1534
85.516957,27.586892,1534
85.51695,27.586897,1534
85.516941,27.586901,1534
85.516931,27.586903,1534
85.516921,27.586903,1534
85.516909,27.586901,1534
85.516896,27.586899,1534
85.516882,27.586898,1534
85.516866,27.586896,1534
85.516849,27.586896,1534
85.516833,27.586895,1534
85.516818,27.586895,1534
85.516803,27.586895,1534
85.516788,27.586895,1534
85.516775,27.586895,1534
85.516763,27.586896,1534
85.516753,27.586899,1534
85.516741,27.5869,1534
85.516729,27.586899,1534
85.516716,27.5869,1534
85.516704,27.586902,1534
85.516691,27.586903,1534
85.516674,27.586904,1534
85.516657,27.586902,1534
85.516638,27.5869,1534
85.516618,27.586898,1534
85.5166,27.586895,1534
85.516583,27.586891,1534
85.516568,27.586887,1534
85.516554,27.586884,1534
85.516542,27.586883,1534
85.516528,27.586882,1534
85.516512,27.586882,1534
85.516495,27.586882,1534
85.516479,27.586881,1534
85.516462,27.586879,1534
85.516447,27.586878,1534
85.516433,27.586879,1534
85.51642,27.586883,1534
85.51641,27.586889,1534
85.516399,27.586897,1534
85.516388,27.586905,1534
85.516379,27.586912,1534
85.51637,27.586915,1534
85.516361,27.586915,1534
85.516353,27.586915,1534
85.516345,27.586914,1534
85.516336,27.586912,1534
85.516326,27.586909,1534
85.516316,27.586907,1534
85.516307,27.586904,1534
85.516297,27.586901,1534
85.516283,27.586898,1534
85.51627,27.586895,1534
85.516258,27.586893,1534
85.516246,27.586892,1534
85.516235,27.586892,1534
85.516224,27.586893,1534
85.516211,27.586897,1534
85.516198,27.586901,1534
85.516187,27.586904,1534
85.516177,27.586907,1534
85.516167,27.58691,1534
85.516157,27.586915,1534
85.516147,27.586919,1534
85.516136,27.586923,1534
85.516124,27.586923,1534
85.516112,27.586924,1534
85.516101,27.586925,1534
85.516088,27.586924,1534
85.516072,27.586921,1534
85.516054,27.586918,1534
85.516035,27.586915,1534
85.516011,27.586908,1534
85.515989,27.586902,1534
85.515971,27.586897,1534
85.515955,27.586893,1534
85.515941,27.586886,1534
85.515927,27.58688,1534
85.515915,27.586874,1534
85.515904,27.586869,1534
85.515891,27.586868,1534
85.515878,27.586868,1534
85.515864,27.586869,1534
85.515848,27.586872,1534
85.515831,27.586874,1534
85.515815,27.586874,1534
85.515801,27.586875,1534
85.515787,27.586878,1534
85.515773,27.586885,1534
85.515759,27.586891,1534
85.515745,27.586897,1534
85.51573,27.586902,1534
85.515714,27.586906,1534
85.5157,27.586909,1534
85.515685,27.586909,1534
85.515671,27.586905,1534
85.515659,27.586899,1534
85.515648,27.586893,1534
85.515638,27.586888,1534
85.515626,27.586883,1534
85.515614,27.58688,1534
85.515599,27.586877,1534
85.515586,27.586876,1534
85.515573,27.586878,1534
85.515562,27.586881,1534
85.51555,27.586884,1534
85.515538,27.586889,1534
85.515527,27.586894,1534
85.515517,27.586898,1534
85.515507,27.586901,1534
85.515495,27.586905,1534
85.515484,27.586909,1534
85.515472,27.586913,1534
85.515459,27.586917,1534
85.515445,27.586919,1534
85.515431,27.586919,1534
85.515415,27.586919,1534
85.5154,27.586919,1534
85.515385,27.586917,1534
85.515371,27.586916,1534
85.515355,27.586915,1534
85.515339,27.586915,1534
85.515323,27.586914,1534
85.515307,27.586913,1534
85.515291,27.586912,1534
85.515276,27.586911,1534
85.515261,27.58691,1534
85.515246,27.58691,1534
85.51523,27.586911,1534
85.515214,27.586912,1534
85.515197,27.586914,1534
85.515182,27.586915,1534
85.515166,27.586915,1534
85.51515,27.586916,1534
85.515136,27.586918,1534
85.51512,27.586921,1534
85.515106,27.586927,1534
85.515095,27.586933,1534
85.515083,27.586937,1534
85.515073,27.586941,1534
85.515062,27.586947,1534
85.51505,27.586953,1534
85.515038,27.586956,1534
85.515025,27.586958,1534
85.515012,27.586958,1534
85.514997,27.586955,1534
85.514981,27.58695,1534
85.514964,27.586945,1534
85.514946,27.586939,1534
85.51493,27.586933,1534
85.514913,27.586931,1534
85.5149,27.586929,1534
85.514889,27.586929,1534
85.514878,27.586931,1534
85.514866,27.586934,1534
85.514854,27.586938,1534
85.514841,27.586941,1534
85.514826,27.586941,1534
85.514811,27.58694,1534
85.514794,27.586939,1534
85.514779,27.586937,1534
85.514764,27.586936,1534
85.514749,27.586937,1534
85.514735,27.586938,1534
85.514722,27.586941,1534
85.51471,27.586945,1534
85.514698,27.586952,1534
85.514686,27.586957,1534
85.514674,27.586964,1534
85.514662,27.586968,1534
85.514651,27.586971,1534
85.51464,27.586975,1534
85.514627,27.58698,1534
85.514615,27.586985,1534
85.514601,27.586991,1534
85.514587,27.586994,1534
85.514572,27.586996,1534
85.514556,27.586997,1534
85.514539,27.586995,1534
85.514523,27.586991,1534
85.514507,27.586986,1534
85.51449,27.586983,1534
85.514476,27.586983,1534
85.514464,27.586985,1534
85.514453,27.586986,1534
85.514442,27.586989,1534
85.514432,27.586992,1533
85.514423,27.586993,1533
85.514413,27.586995,1533
85.514399,27.586999,1533
85.514384,27.587003,1533
85.514369,27.587007,1533
85.514357,27.587014,1533
85.514346,27.587021,1533
85.514334,27.587028,1533
85.514321,27.587033,1532
85.514307,27.587037,1532
85.514295,27.58704,1532
85.514282,27.587041,1532
85.514269,27.58704,1532
85.514255,27.587037,1532
85.514242,27.587036,1532
85.514229,27.587036,1532
85.514216,27.587035,1532
85.514204,27.587036,1532
85.514192,27.587038,1532
85.514181,27.587039,1532
85.51417,27.587038,1532
85.514161,27.587036,1532
85.51415,27.587035,1532
85.514138,27.587034,1532
85.514124,27.587032,1532
85.514108,27.587031,1532
85.514089,27.58703,1532
85.51407,27.58703,1532
85.514052,27.58703,1532
85.514035,27.587034,1532
85.514019,27.587038,1532
85.514004,27.58704,1532
85.513989,27.587042,1532
85.513975,27.587043,1532
85.513965,27.587042,1532
85.513952,27.58704,1532
85.513942,27.587039,1532
85.51393,27.587037,1532
85.513919,27.587035,1532
85.513907,27.587033,1532
85.513894,27.587033,1532
85.513881,27.587032,1532
85.51387,27.58703,1532
85.51386,27.587029,1532
85.51385,27.587029,1532
85.513842,27.587028,1532
85.513833,27.587029,1532
85.513826,27.587029,1532
85.513818,27.587029,1532
85.513808,27.587032,1532
85.513797,27.587035,1532
85.513784,27.587039,1532
85.513773,27.587042,1532
85.513762,27.587045,1532
85.513751,27.587045,1532
85.51374,27.587045,1532
85.51373,27.587045,1532
85.513722,27.587047,1532
85.513714,27.587052,1532
85.513707,27.587059,1532
85.513699,27.587066,1532
85.513691,27.587071,1532
85.513682,27.587077,1532
85.513674,27.587081,1532
85.513665,27.587086,1532
85.513657,27.587091,1532
85.513647,27.587096,1532
85.513637,27.587103,1532
85.513626,27.587109,1532
85.513615,27.587114,1532
85.513604,27.587121,1532
85.513593,27.587131,1532
85.513583,27.587139,1532
85.513574,27.587148,1532
85.513567,27.587157,1532
85.513561,27.587166,1532
85.513557,27.587176,1532
85.513554,27.587184,1532
85.513553,27.587194,1532
85.513553,27.587203,1532
85.513555,27.587212,1532
85.513557,27.58722,1532
85.513559,27.587228,1532
85.513559,27.587237,1532
85.513557,27.587244,1532
85.513553,27.587251,1532
85.513547,27.58726,1532
85.513539,27.587269,1532
85.513533,27.587277,1532
85.513526,27.587285,1532
85.513521,27.587294,1532
85.513518,27.587301,1532
85.513517,27.587308,1532
85.513517,27.587315,1532
85.513519,27.587322,1532
85.513518,27.587327,1532
85.513515,27.587333,1532
85.513511,27.587338,1532
85.513507,27.587346,1532
85.5135,27.587354,1532
85.513495,27.587362,1532
85.51349,27.587381,1532
85.513495,27.587378,1532
85.513495,27.587376,1532
85.513494,27.587373,1532
85.513493,27.587371,1532
85.513491,27.587369,1532
85.51349,27.587368,1532
85.513483,27.587368,1532
85.513483,27.587363,1532
85.513484,27.587362,1532
85.513486,27.587362,1532
85.513487,27.587364,1532
85.513488,27.587368,1532
85.513489,27.587373,1532
85.513492,27.587376,1532
85.513496,27.58738,1532
85.513501,27.587383,1532
85.513506,27.587388,1532
85.513511,27.587395,1532
85.513515,27.587405,1532
85.513518,27.587414,1532
85.513522,27.587425,1532
85.513527,27.587436,1532
85.513533,27.587448,1532
85.513539,27.587461,1532
85.513545,27.587474,1532
85.513552,27.587487,1532
85.513558,27.587502,1532
85.513564,27.587515,1532
85.513567,27.587528,1532
85.513567,27.58754,1532
85.513564,27.58755,1532
85.513561,27.587559,1532
85.51356,27.587568,1532
85.513559,27.587576,1532
85.513556,27.58758,1532
85.513552,27.587583,1532
85.513546,27.587585,1532
85.513537,27.587587,1532
85.513528,27.587589,1532
85.51352,27.58759,1532
85.513514,27.587588,1532
85.513507,27.587586,1532
85.513501,27.587587,1532
85.513492,27.587587,1532
85.513482,27.587586,1532
85.513471,27.587584,1532
85.513462,27.587584,1532
85.513452,27.587582,1532
85.513441,27.587579,1532
85.51343,27.587575,1532
85.51342,27.587573,1532
85.513412,27.587571,1532
85.513407,27.587568,1532
85.513402,27.587567,1532
85.513397,27.587567,1532
85.51339,27.587566,1532
85.513385,27.58756,1532
85.51338,27.587553,1532
85.513378,27.587548,1532
85.513376,27.587545,1532
85.513374,27.587545,1532
85.513377,27.587547,1532
85.513374,27.587549,1532
85.513373,27.587551,1532
85.513368,27.587557,1532
85.513367,27.587557,1532
85.513364,27.587556,1532
85.51336,27.587552,1532
85.513359,27.587552,1532
85.513359,27.587553,1532
85.513359,27.587555,1532
85.51336,27.587557,1532
85.513361,27.587557,1532
85.513359,27.58756,1532
85.513354,27.587572,1532
85.513353,27.587574,1532
85.513353,27.587578,1532
85.513355,27.587588,1532
85.51336,27.587595,1532
85.51337,27.587617,1532
85.513371,27.587619,1532
85.513372,27.587622,1532
85.513376,27.587626,1532
85.51338,27.587627,1532
85.513384,27.587628,1532
85.513387,27.587628,1532
85.513389,27.587627,1532
85.513389,27.587628,1532
85.513389,27.587632,1532
85.51339,27.587632,1532
85.513392,27.587632,1532
85.513396,27.587633,1532
85.513401,27.587632,1532
85.513407,27.58763,1532
85.513411,27.58763,1532
85.513427,27.587628,1532
85.513428,27.587627,1532
85.513432,27.587623,1532
85.513437,27.587621,1532
85.513442,27.587617,1532
85.513448,27.587612,1532
85.513454,27.587607,1532
85.513462,27.587601,1532
</coordinates>
</LineString>
</Placemark>
</Folder>
</Document>
</kml>
