<?xml version="1.0" encoding="UTF-8"?>
<kml xmlns="http://www.opengis.net/kml/2.2">
<Document>
<name>WNW_54.Kulekhani 2080 Dashain</name>
<description/>
<Style id="icon-1650-0288D1-nodesc-normal">
<IconStyle>
<color>ffd18802</color>
<scale>1</scale>
<Icon>
<href>https://www.gstatic.com/mapspro/images/stock/503-wht-blank_maps.png</href>
</Icon>
</IconStyle>
<LabelStyle>
<scale>0</scale>
</LabelStyle>
<BalloonStyle>
<text><![CDATA[<h3>$[name]</h3>]]></text>
</BalloonStyle>
</Style>
<Style id="icon-1650-0288D1-nodesc-highlight">
<IconStyle>
<color>ffd18802</color>
<scale>1</scale>
<Icon>
<href>https://www.gstatic.com/mapspro/images/stock/503-wht-blank_maps.png</href>
</Icon>
</IconStyle>
<LabelStyle>
<scale>1</scale>
</LabelStyle>
<BalloonStyle>
<text><![CDATA[<h3>$[name]</h3>]]></text>
</BalloonStyle>
</Style>
<StyleMap id="icon-1650-0288D1-nodesc">
<Pair>
<key>normal</key>
<styleUrl>#icon-1650-0288D1-nodesc-normal</styleUrl>
</Pair>
<Pair>
<key>highlight</key>
<styleUrl>#icon-1650-0288D1-nodesc-highlight</styleUrl>
</Pair>
</StyleMap>
<Style id="icon-1899-0288D1-nodesc-normal">
<IconStyle>
<color>ffd18802</color>
<scale>1</scale>
<Icon>
<href>https://www.gstatic.com/mapspro/images/stock/503-wht-blank_maps.png</href>
</Icon>
<hotSpot x="32" xunits="pixels" y="64" yunits="insetPixels"/>
</IconStyle>
<LabelStyle>
<scale>0</scale>
</LabelStyle>
<BalloonStyle>
<text><![CDATA[<h3>$[name]</h3>]]></text>
</BalloonStyle>
</Style>
<Style id="icon-1899-0288D1-nodesc-highlight">
<IconStyle>
<color>ffd18802</color>
<scale>1</scale>
<Icon>
<href>https://www.gstatic.com/mapspro/images/stock/503-wht-blank_maps.png</href>
</Icon>
<hotSpot x="32" xunits="pixels" y="64" yunits="insetPixels"/>
</IconStyle>
<LabelStyle>
<scale>1</scale>
</LabelStyle>
<BalloonStyle>
<text><![CDATA[<h3>$[name]</h3>]]></text>
</BalloonStyle>
</Style>
<StyleMap id="icon-1899-0288D1-nodesc">
<Pair>
<key>normal</key>
<styleUrl>#icon-1899-0288D1-nodesc-normal</styleUrl>
</Pair>
<Pair>
<key>highlight</key>
<styleUrl>#icon-1899-0288D1-nodesc-highlight</styleUrl>
</Pair>
</StyleMap>
<Style id="icon-1899-DB4436-nodesc-normal">
<IconStyle>
<color>ff3644db</color>
<scale>1</scale>
<Icon>
<href>https://www.gstatic.com/mapspro/images/stock/503-wht-blank_maps.png</href>
</Icon>
<hotSpot x="32" xunits="pixels" y="64" yunits="insetPixels"/>
</IconStyle>
<LabelStyle>
<scale>0</scale>
</LabelStyle>
<BalloonStyle>
<text><![CDATA[<h3>$[name]</h3>]]></text>
</BalloonStyle>
</Style>
<Style id="icon-1899-DB4436-nodesc-highlight">
<IconStyle>
<color>ff3644db</color>
<scale>1</scale>
<Icon>
<href>https://www.gstatic.com/mapspro/images/stock/503-wht-blank_maps.png</href>
</Icon>
<hotSpot x="32" xunits="pixels" y="64" yunits="insetPixels"/>
</IconStyle>
<LabelStyle>
<scale>1</scale>
</LabelStyle>
<BalloonStyle>
<text><![CDATA[<h3>$[name]</h3>]]></text>
</BalloonStyle>
</Style>
<StyleMap id="icon-1899-DB4436-nodesc">
<Pair>
<key>normal</key>
<styleUrl>#icon-1899-DB4436-nodesc-normal</styleUrl>
</Pair>
<Pair>
<key>highlight</key>
<styleUrl>#icon-1899-DB4436-nodesc-highlight</styleUrl>
</Pair>
</StyleMap>
<Style id="line-0000FF-2000-nodesc-normal">
<LineStyle>
<color>ffff0000</color>
<width>2</width>
</LineStyle>
<BalloonStyle>
<text><![CDATA[<h3>$[name]</h3>]]></text>
</BalloonStyle>
</Style>
<Style id="line-0000FF-2000-nodesc-highlight">
<LineStyle>
<color>ffff0000</color>
<width>3</width>
</LineStyle>
<BalloonStyle>
<text><![CDATA[<h3>$[name]</h3>]]></text>
</BalloonStyle>
</Style>
<StyleMap id="line-0000FF-2000-nodesc">
<Pair>
<key>normal</key>
<styleUrl>#line-0000FF-2000-nodesc-normal</styleUrl>
</Pair>
<Pair>
<key>highlight</key>
<styleUrl>#line-0000FF-2000-nodesc-highlight</styleUrl>
</Pair>
</StyleMap>
<Style id="line-00CD00-1000-nodesc-normal">
<LineStyle>
<color>ff00cd00</color>
<width>1</width>
</LineStyle>
<BalloonStyle>
<text><![CDATA[<h3>$[name]</h3>]]></text>
</BalloonStyle>
</Style>
<Style id="line-00CD00-1000-nodesc-highlight">
<LineStyle>
<color>ff00cd00</color>
<width>1.5</width>
</LineStyle>
<BalloonStyle>
<text><![CDATA[<h3>$[name]</h3>]]></text>
</BalloonStyle>
</Style>
<StyleMap id="line-00CD00-1000-nodesc">
<Pair>
<key>normal</key>
<styleUrl>#line-00CD00-1000-nodesc-normal</styleUrl>
</Pair>
<Pair>
<key>highlight</key>
<styleUrl>#line-00CD00-1000-nodesc-highlight</styleUrl>
</Pair>
</StyleMap>
<Style id="line-F0F000-2000-nodesc-normal">
<LineStyle>
<color>ff00f0f0</color>
<width>2</width>
</LineStyle>
<BalloonStyle>
<text><![CDATA[<h3>$[name]</h3>]]></text>
</BalloonStyle>
</Style>
<Style id="line-F0F000-2000-nodesc-highlight">
<LineStyle>
<color>ff00f0f0</color>
<width>3</width>
</LineStyle>
<BalloonStyle>
<text><![CDATA[<h3>$[name]</h3>]]></text>
</BalloonStyle>
</Style>
<StyleMap id="line-F0F000-2000-nodesc">
<Pair>
<key>normal</key>
<styleUrl>#line-F0F000-2000-nodesc-normal</styleUrl>
</Pair>
<Pair>
<key>highlight</key>
<styleUrl>#line-F0F000-2000-nodesc-highlight</styleUrl>
</Pair>
</StyleMap>
<Style id="line-FF0000-2000-nodesc-normal">
<LineStyle>
<color>ff0000ff</color>
<width>2</width>
</LineStyle>
<BalloonStyle>
<text><![CDATA[<h3>$[name]</h3>]]></text>
</BalloonStyle>
</Style>
<Style id="line-FF0000-2000-nodesc-highlight">
<LineStyle>
<color>ff0000ff</color>
<width>3</width>
</LineStyle>
<BalloonStyle>
<text><![CDATA[<h3>$[name]</h3>]]></text>
</BalloonStyle>
</Style>
<StyleMap id="line-FF0000-2000-nodesc">
<Pair>
<key>normal</key>
<styleUrl>#line-FF0000-2000-nodesc-normal</styleUrl>
</Pair>
<Pair>
<key>highlight</key>
<styleUrl>#line-FF0000-2000-nodesc-highlight</styleUrl>
</Pair>
</StyleMap>
<Folder>
<name>Points</name>
<Placemark>
<name>km3</name>
<styleUrl>#icon-1899-DB4436-nodesc</styleUrl>
<Point>
<coordinates>
85.150583,27.611972,0
</coordinates>
</Point>
</Placemark>
<Placemark>
<name>Boat</name>
<styleUrl>#icon-1899-DB4436-nodesc</styleUrl>
<Point>
<coordinates>
85.151457,27.606467,0
</coordinates>
</Point>
</Placemark>
<Placemark>
<name>km4</name>
<styleUrl>#icon-1899-DB4436-nodesc</styleUrl>
<Point>
<coordinates>
85.152567,27.608732,0
</coordinates>
</Point>
</Placemark>
<Placemark>
<name>Jhulunge pul 1</name>
<styleUrl>#icon-1650-0288D1-nodesc</styleUrl>
<Point>
<coordinates>
85.148249,27.619369,0
</coordinates>
</Point>
</Placemark>
<Placemark>
<name>km0</name>
<styleUrl>#icon-1899-DB4436-nodesc</styleUrl>
<Point>
<coordinates>
85.150081,27.623644,0
</coordinates>
</Point>
</Placemark>
<Placemark>
<name>Markhu</name>
<styleUrl>#icon-1899-DB4436-nodesc</styleUrl>
<Point>
<coordinates>
85.152862,27.617096,0
</coordinates>
</Point>
</Placemark>
<Placemark>
<name>View Point</name>
<styleUrl>#icon-1899-DB4436-nodesc</styleUrl>
<Point>
<coordinates>
85.150014,27.612696,0
</coordinates>
</Point>
</Placemark>
<Placemark>
<name>MahaBhir Jharana</name>
<styleUrl>#icon-1899-DB4436-nodesc</styleUrl>
<Point>
<coordinates>
85.14568,27.60274,0
</coordinates>
</Point>
</Placemark>
<Placemark>
<name>Kalanki</name>
<styleUrl>#icon-1899-DB4436-nodesc</styleUrl>
<Point>
<coordinates>
85.166498,27.593487,0
</coordinates>
</Point>
</Placemark>
<Placemark>
<name>km1</name>
<styleUrl>#icon-1899-DB4436-nodesc</styleUrl>
<Point>
<coordinates>
85.152791,27.617259,0
</coordinates>
</Point>
</Placemark>
<Placemark>
<name>Jhulunge pul 2</name>
<styleUrl>#icon-1899-DB4436-nodesc</styleUrl>
<Point>
<coordinates>
85.150486,27.604798,0
</coordinates>
</Point>
</Placemark>
</Folder>
<Folder>
<name>Polygons</name>
<Placemark>
<name>Boating area</name>
<styleUrl>#icon-1899-0288D1-nodesc</styleUrl>
<MultiGeometry>
<Point>
<coordinates>
85.152949,27.616265,0
</coordinates>
</Point>
<Polygon>
<outerBoundaryIs>
<LinearRing>
<tessellate>1</tessellate>
<coordinates>
85.152626,27.616356,0
85.153425,27.615962,0
85.153613,27.616148,0
85.152057,27.616585,0
85.152546,27.616219,0
85.152588,27.61639,0
85.152626,27.616356,0
</coordinates>
</LinearRing>
</outerBoundaryIs>
</Polygon>
</MultiGeometry>
</Placemark>
<Placemark>
<name/>
<styleUrl>#line-FF0000-2000-nodesc</styleUrl>
<LineString>
<tessellate>1</tessellate>
<coordinates>
85.146175,27.602705,1664
85.146173,27.602715,1664
85.14617,27.602735,1664
85.146167,27.602755,1661
85.146168,27.602774,1661
85.146173,27.602791,1659
85.146175,27.602791,1659
85.146177,27.602792,1659
85.146178,27.602793,1659
85.14618,27.602793,1659
85.146181,27.602794,1659
85.146183,27.602794,1659
85.146184,27.602795,1659
85.146186,27.602796,1659
85.146188,27.602796,1659
85.146189,27.602797,1659
85.146191,27.602798,1659
85.146192,27.602798,1659
85.146194,27.602799,1659
85.146196,27.6028,1659
85.146197,27.6028,1659
85.146199,27.602801,1659
85.1462,27.602801,1659
85.146202,27.602802,1659
85.146204,27.602803,1659
85.146205,27.602803,1659
85.146207,27.602804,1659
85.146208,27.602805,1659
85.14621,27.602805,1659
85.146211,27.602806,1659
85.146213,27.602807,1659
85.146215,27.602807,1659
85.146216,27.602808,1659
85.146218,27.602808,1659
85.146219,27.602809,1659
85.146221,27.60281,1659
85.146223,27.60281,1659
85.146224,27.602811,1659
85.146226,27.602812,1659
85.146227,27.602812,1659
85.146229,27.602813,1659
85.14623,27.602814,1659
85.146232,27.602814,1660
85.146234,27.602815,1660
85.146235,27.602815,1660
85.146237,27.602816,1660
85.146238,27.602817,1660
85.14624,27.602817,1660
85.146242,27.602818,1660
85.146243,27.602819,1657
85.146245,27.602819,1657
85.146246,27.60282,1657
85.146248,27.602821,1657
85.146249,27.602821,1657
85.146251,27.602822,1657
85.146253,27.602822,1657
85.146254,27.602823,1657
85.146256,27.602824,1657
85.146257,27.602824,1657
85.146259,27.602825,1657
85.146261,27.602826,1657
85.146262,27.602826,1657
85.146264,27.602827,1657
85.146265,27.602828,1657
85.146267,27.602828,1657
85.146269,27.602829,1657
85.14627,27.602829,1657
85.146272,27.60283,1657
85.146273,27.602831,1657
85.146275,27.602831,1658
85.146276,27.602832,1658
85.146278,27.602833,1658
85.14628,27.602833,1658
85.146281,27.602834,1658
85.146283,27.602835,1658
85.146284,27.602835,1658
85.146286,27.602836,1658
85.146288,27.602836,1658
85.146289,27.602837,1658
85.146291,27.602838,1658
85.146292,27.602838,1658
85.146294,27.602839,1658
85.146295,27.60284,1658
85.146297,27.60284,1658
85.146299,27.602841,1658
85.1463,27.602842,1658
85.146302,27.602842,1658
85.146303,27.602843,1658
85.146305,27.602843,1658
85.146307,27.602844,1658
85.146308,27.602845,1658
85.14631,27.602845,1658
85.146311,27.602846,1658
85.146313,27.602847,1658
85.146314,27.602847,1658
85.146316,27.602848,1658
85.146318,27.602849,1658
85.146319,27.602849,1658
85.146321,27.60285,1658
85.146322,27.60285,1658
85.146324,27.602851,1658
85.146326,27.602852,1658
85.146327,27.602852,1658
85.146329,27.602853,1658
85.14633,27.602854,1658
85.146332,27.602854,1658
85.146334,27.602855,1658
85.146335,27.602856,1658
85.146337,27.602856,1658
85.146338,27.602857,1655
85.14634,27.602857,1655
85.146341,27.602858,1655
85.146343,27.602859,1655
85.146345,27.602859,1655
85.146346,27.60286,1655
85.146348,27.602861,1655
85.146349,27.602861,1655
85.146351,27.602862,1655
85.146353,27.602863,1655
85.146354,27.602863,1655
85.146356,27.602864,1655
85.146357,27.602864,1655
85.146359,27.602865,1655
85.14636,27.602866,1655
85.146362,27.602866,1656
85.146364,27.602867,1656
85.146365,27.602868,1656
85.146367,27.602868,1656
85.146368,27.602869,1656
85.14637,27.60287,1656
85.146372,27.60287,1656
85.146373,27.602871,1656
85.146375,27.602871,1656
85.146376,27.602872,1656
85.146378,27.602873,1656
85.146379,27.602873,1656
85.146381,27.602874,1656
85.146383,27.602875,1656
85.146384,27.602875,1656
85.146386,27.602876,1656
85.146387,27.602877,1656
85.146389,27.602877,1656
85.146391,27.602878,1656
85.146392,27.602878,1656
85.146394,27.602879,1656
85.146395,27.60288,1656
85.146397,27.60288,1656
85.146409,27.602881,1657
85.146413,27.602882,1657
85.146417,27.602882,1657
85.146421,27.602883,1657
85.146425,27.602883,1657
85.146428,27.602884,1657
85.146432,27.602885,1657
85.146436,27.602885,1657
85.14644,27.602886,1657
85.146444,27.602886,1657
85.146448,27.602887,1657
85.146452,27.602888,1657
85.146456,27.602888,1657
85.14646,27.602889,1657
85.146464,27.602889,1657
85.146468,27.60289,1657
85.146471,27.602891,1657
85.146475,27.602891,1657
85.146479,27.602892,1657
85.146483,27.602892,1657
85.146487,27.602893,1657
85.146491,27.602894,1658
85.146495,27.602894,1658
85.146499,27.602895,1654
85.146503,27.602895,1654
85.146507,27.602896,1654
85.146511,27.602897,1654
85.146515,27.602897,1654
85.146518,27.602898,1654
85.146522,27.602899,1654
85.146526,27.602899,1654
85.14653,27.6029,1654
85.146534,27.6029,1654
85.146538,27.602901,1654
85.146542,27.602902,1654
85.146546,27.602902,1654
85.14655,27.602903,1654
85.146554,27.602903,1654
85.146558,27.602904,1654
85.146562,27.602905,1654
85.146565,27.602905,1654
85.146569,27.602906,1654
85.146573,27.602906,1654
85.146577,27.602907,1653
85.146581,27.602908,1653
85.146585,27.602908,1653
85.146589,27.602909,1653
85.146593,27.602909,1653
85.146597,27.60291,1653
85.146601,27.602911,1653
85.146605,27.602911,1653
85.146609,27.602912,1653
85.146612,27.602912,1653
85.146616,27.602913,1653
85.14662,27.602914,1652
85.146624,27.602914,1652
85.146628,27.602915,1652
85.146632,27.602915,1652
85.146636,27.602916,1652
85.14664,27.602917,1652
85.146644,27.602917,1652
85.146648,27.602918,1652
85.146652,27.602918,1652
85.146655,27.602919,1652
85.146659,27.60292,1652
85.146663,27.60292,1651
85.146667,27.602921,1651
85.146671,27.602922,1651
85.146675,27.602922,1651
85.146679,27.602923,1651
85.146683,27.602923,1651
85.146687,27.602924,1651
85.146691,27.602925,1651
85.146695,27.602925,1651
85.146699,27.602926,1651
85.146702,27.602926,1651
85.146706,27.602927,1650
85.14672,27.60292,1650
85.146726,27.602918,1650
85.146731,27.602916,1650
85.146736,27.602914,1650
85.146742,27.602912,1650
85.146747,27.602911,1648
85.146753,27.602909,1648
85.146758,27.602907,1648
85.146763,27.602905,1648
85.146769,27.602903,1648
85.146774,27.602901,1648
85.146779,27.602899,1648
85.146785,27.602897,1648
85.14679,27.602895,1647
85.146795,27.602893,1650
85.146801,27.602891,1650
85.146806,27.602889,1650
85.146812,27.602887,1650
85.146817,27.602885,1650
85.146822,27.602883,1650
85.146828,27.602881,1650
85.146833,27.602879,1647
85.146838,27.602877,1647
85.146844,27.602875,1647
85.146849,27.602873,1647
85.146854,27.602871,1647
85.14686,27.602869,1647
85.146865,27.602867,1647
85.146871,27.602865,1647
85.146876,27.602863,1646
85.146881,27.602861,1646
85.146887,27.602859,1646
85.146892,27.602857,1646
85.146897,27.602855,1648
85.146903,27.602853,1648
85.146908,27.602852,1648
85.146913,27.60285,1648
85.146919,27.602848,1647
85.146924,27.602846,1647
85.146933,27.602853,1647
85.146935,27.602858,1645
85.146937,27.602864,1645
85.146938,27.602869,1645
85.14694,27.602875,1645
85.146942,27.60288,1645
85.146944,27.602885,1645
85.146945,27.602891,1645
85.146947,27.602896,1643
85.146949,27.602902,1643
85.146951,27.602907,1643
85.146953,27.602912,1643
85.146954,27.602918,1643
85.146956,27.602923,1643
85.146958,27.602929,1643
85.14696,27.602934,1641
85.146961,27.602939,1641
85.146963,27.602945,1640
85.146965,27.60295,1640
85.146967,27.602956,1640
85.146969,27.602961,1640
85.14697,27.602966,1640
85.146972,27.602972,1638
85.146974,27.602977,1638
85.146976,27.602983,1638
85.146977,27.602988,1638
85.146979,27.602993,1638
85.146981,27.602999,1638
85.146983,27.603004,1638
85.146985,27.60301,1637
85.146986,27.603015,1637
85.146988,27.60302,1637
85.14699,27.603026,1637
85.146992,27.603031,1637
85.146994,27.603037,1637
85.146995,27.603042,1637
85.146997,27.603047,1635
85.146999,27.603053,1635
85.147001,27.603058,1635
85.147002,27.603064,1635
85.147004,27.603069,1635
85.147006,27.603074,1635
85.147008,27.60308,1635
85.14701,27.603085,1634
85.147011,27.603091,1634
85.147013,27.603096,1634
85.147015,27.603101,1634
85.147017,27.603107,1634
85.147018,27.603112,1634
85.14702,27.603118,1634
85.147022,27.603123,1632
85.147024,27.603128,1632
85.147026,27.603134,1632
85.147027,27.603139,1632
85.147029,27.603145,1632
85.147031,27.60315,1632
85.147033,27.603155,1632
85.147034,27.603161,1631
85.147036,27.603166,1631
85.147038,27.603172,1631
85.14704,27.603177,1631
85.147042,27.603182,1631
85.147043,27.603188,1631
85.147045,27.603193,1631
85.147047,27.603199,1631
85.147049,27.603204,1631
85.14705,27.603209,1631
85.147052,27.603215,1631
85.147054,27.60322,1631
85.147056,27.603226,1631
85.147058,27.603231,1631
85.147059,27.603236,1631
85.147061,27.603242,1630
85.147063,27.603247,1630
85.147065,27.603253,1630
85.147067,27.603258,1630
85.147068,27.603263,1630
85.14707,27.603269,1630
85.147072,27.603274,1630
85.147074,27.60328,1629
85.147075,27.603285,1629
85.147077,27.60329,1629
85.147079,27.603296,1629
85.147081,27.603301,1629
85.147083,27.603307,1629
85.147084,27.603312,1629
85.147086,27.603317,1629
85.147088,27.603323,1629
85.14709,27.603328,1629
85.147091,27.603334,1629
85.147093,27.603339,1629
85.147095,27.603344,1629
85.147097,27.60335,1629
85.147099,27.603355,1629
85.1471,27.603361,1629
85.147102,27.603366,1629
85.147104,27.603371,1629
85.147106,27.603377,1629
85.147107,27.603382,1629
85.147109,27.603388,1629
85.147111,27.603393,1629
85.147113,27.603398,1629
85.147115,27.603404,1629
85.147116,27.603409,1629
85.147118,27.603415,1629
85.147116,27.603423,1629
85.147115,27.603427,1629
85.147115,27.603432,1629
85.147114,27.603437,1629
85.147114,27.603442,1629
85.147113,27.603446,1629
85.147112,27.603451,1629
85.147112,27.603456,1629
85.147111,27.603461,1629
85.147111,27.603465,1629
85.14711,27.60347,1628
85.147109,27.603475,1628
85.147109,27.603479,1628
85.147108,27.603484,1628
85.147108,27.603489,1628
85.147107,27.603494,1628
85.147106,27.603498,1628
85.147106,27.603503,1628
85.147105,27.603508,1629
85.147105,27.603513,1629
85.147104,27.603517,1629
85.147103,27.603522,1629
85.147103,27.603527,1629
85.147102,27.603532,1629
85.147102,27.603536,1629
85.147101,27.603541,1629
85.1471,27.603546,1629
85.1471,27.603551,1629
85.147099,27.603555,1629
85.147099,27.60356,1629
85.147098,27.603565,1629
85.147097,27.60357,1629
85.147097,27.603574,1629
85.147096,27.603579,1629
85.147096,27.603584,1629
85.147095,27.603589,1629
85.147094,27.603593,1629
85.147094,27.603598,1629
85.147093,27.603603,1629
85.147093,27.603607,1629
85.147092,27.603612,1629
85.147091,27.603617,1629
85.147091,27.603622,1629
85.14709,27.603626,1629
85.14709,27.603631,1629
85.147089,27.603636,1629
85.147088,27.603641,1629
85.147088,27.603645,1629
85.147087,27.60365,1629
85.147087,27.603655,1629
85.147086,27.60366,1629
85.147085,27.603664,1629
85.147085,27.603669,1629
85.147084,27.603674,1629
85.147084,27.603679,1629
85.147083,27.603683,1629
85.147082,27.603688,1629
85.147082,27.603693,1629
85.147081,27.603698,1630
85.147081,27.603702,1630
85.147074,27.60371,1630
85.147072,27.603718,1630
85.147071,27.603725,1630
85.147075,27.603732,1630
85.147077,27.603737,1630
85.147081,27.603741,1630
85.147084,27.603745,1630
85.147091,27.60375,1630
85.147091,27.603752,1630
85.147092,27.603752,1630
85.147094,27.603753,1630
85.147097,27.603756,1630
85.1471,27.603758,1630
85.147101,27.603761,1630
85.147104,27.603764,1630
85.147106,27.603768,1630
85.147109,27.603772,1630
85.147111,27.603775,1630
85.147113,27.603779,1630
85.147116,27.603784,1630
85.14712,27.603788,1630
85.147124,27.603791,1630
85.147133,27.6038,1630
85.147143,27.603797,1630
85.147146,27.603795,1630
85.147144,27.603795,1630
85.147154,27.603793,1630
85.14716,27.603794,1630
85.147169,27.603795,1630
85.147181,27.603795,1630
85.147195,27.603796,1630
85.147209,27.603797,1630
85.147222,27.603797,1629
85.147235,27.603795,1629
85.147249,27.603789,1629
85.147263,27.603782,1629
85.147274,27.603776,1629
85.147285,27.60377,1629
85.147296,27.603766,1629
85.147307,27.603764,1629
85.147316,27.603762,1629
85.147323,27.603761,1629
85.147329,27.60376,1629
85.147338,27.603753,1629
85.147338,27.603751,1629
85.147338,27.603752,1629
85.147333,27.60375,1629
85.147332,27.603749,1629
85.147331,27.603748,1629
85.147329,27.603746,1629
85.147326,27.603738,1629
85.147327,27.603738,1629
85.147329,27.603738,1629
85.147341,27.603735,1629
85.147345,27.603733,1629
85.147353,27.603729,1630
85.147365,27.603724,1630
85.14738,27.603719,1630
85.147398,27.603712,1630
85.147417,27.6037,1630
85.147434,27.60369,1630
85.147452,27.60368,1630
85.147469,27.603671,1630
85.147485,27.603662,1630
85.147499,27.603653,1631
85.147513,27.603646,1631
85.147526,27.60364,1631
85.147541,27.603633,1631
85.147554,27.603627,1631
85.147566,27.603625,1631
85.147577,27.603625,1631
85.147584,27.603628,1631
85.14759,27.603631,1631
85.147594,27.603633,1631
85.147601,27.603643,1631
85.147603,27.60365,1631
85.147603,27.603651,1631
85.147594,27.603652,1631
85.147591,27.603648,1631
85.147588,27.603647,1631
85.147583,27.603647,1631
85.147581,27.603645,1631
85.147573,27.603635,1631
85.147568,27.60363,1631
85.147563,27.603632,1631
85.147561,27.603633,1631
85.147558,27.603636,1631
85.147555,27.603639,1631
85.147551,27.603642,1631
85.147539,27.603653,1631
85.147536,27.603656,1630
85.14753,27.603664,1630
85.147522,27.603675,1630
85.147512,27.603688,1630
85.147501,27.603703,1629
85.14749,27.603718,1629
85.147479,27.603736,1627
85.147468,27.603752,1628
85.147457,27.603766,1628
85.147447,27.603778,1627
85.147438,27.60379,1627
85.147429,27.603801,1628
85.147421,27.603813,1627
85.147412,27.603824,1627
85.147403,27.603835,1627
85.147393,27.603847,1627
85.147385,27.603861,1628
85.147376,27.603875,1628
85.147367,27.603889,1627
85.147358,27.603902,1627
85.14735,27.603915,1627
85.147343,27.603926,1627
85.147335,27.603937,1627
85.147328,27.603949,1627
85.14732,27.603961,1627
85.147312,27.603974,1627
85.147304,27.603988,1628
85.147295,27.604002,1627
85.147287,27.604015,1627
85.147281,27.604028,1627
85.147275,27.60404,1627
85.147269,27.604053,1627
85.147263,27.604066,1627
85.147256,27.604078,1628
85.14725,27.60409,1628
85.147245,27.604102,1628
85.14724,27.604115,1627
85.147236,27.604127,1627
85.147233,27.604139,1627
85.14723,27.604152,1627
85.147226,27.604165,1627
85.147222,27.604177,1627
85.147218,27.604191,1627
85.147214,27.604204,1627
85.14721,27.604217,1627
85.147206,27.604229,1627
85.147201,27.60424,1627
85.147196,27.604251,1627
85.147191,27.604263,1627
85.147186,27.604276,1626
85.147182,27.60429,1626
85.147177,27.604304,1625
85.147172,27.604317,1626
85.147166,27.60433,1626
85.14716,27.604343,1625
85.147154,27.604355,1625
85.147148,27.604366,1625
85.147142,27.604378,1625
85.147134,27.604389,1625
85.147126,27.604399,1626
85.147118,27.604408,1626
85.147109,27.604417,1625
85.147101,27.604429,1625
85.147103,27.604433,1625
85.147106,27.604437,1625
85.147108,27.604441,1625
85.14711,27.604445,1625
85.147113,27.604449,1625
85.147115,27.604453,1625
85.147118,27.604456,1624
85.14712,27.60446,1624
85.147123,27.604464,1624
85.147125,27.604468,1624
85.147128,27.604472,1624
85.14713,27.604476,1624
85.147132,27.604479,1624
85.147135,27.604483,1623
85.147137,27.604487,1623
85.14714,27.604491,1623
85.147142,27.604495,1622
85.147145,27.604499,1622
85.147147,27.604503,1622
85.14715,27.604506,1622
85.147152,27.60451,1622
85.147154,27.604514,1622
85.147157,27.604518,1622
85.147159,27.604522,1622
85.147162,27.604526,1622
85.147164,27.604529,1622
85.147167,27.604533,1621
85.147169,27.604537,1621
85.147172,27.604541,1621
85.147184,27.604536,1620
85.147185,27.604541,1620
85.147186,27.604546,1620
85.147187,27.60455,1620
85.147187,27.604555,1620
85.147188,27.60456,1620
85.147189,27.604564,1620
85.14719,27.604569,1619
85.14719,27.604574,1619
85.147191,27.604578,1619
85.147192,27.604583,1619
85.147193,27.604588,1619
85.147193,27.604593,1619
85.147194,27.604597,1619
85.147195,27.604602,1619
85.147196,27.604607,1618
85.147196,27.604611,1618
85.147197,27.604616,1618
85.147198,27.604621,1618
85.147199,27.604625,1618
85.147199,27.60463,1618
85.1472,27.604635,1618
85.147201,27.604639,1618
85.147202,27.604644,1618
85.147202,27.604649,1617
85.147203,27.604653,1617
85.147204,27.604658,1617
85.147205,27.604663,1617
85.147205,27.604668,1617
85.147206,27.604672,1617
85.147207,27.604677,1617
85.147208,27.604682,1617
85.147208,27.604686,1616
85.147209,27.604691,1616
85.14721,27.604696,1616
85.147211,27.6047,1616
85.147212,27.604705,1616
85.147212,27.60471,1616
85.147213,27.604714,1616
85.147214,27.604719,1616
85.147215,27.604724,1614
85.147215,27.604728,1614
85.147216,27.604733,1614
85.147217,27.604738,1614
85.147218,27.604743,1614
85.147218,27.604747,1614
85.147219,27.604752,1613
85.14722,27.604757,1613
85.147221,27.604761,1612
85.147221,27.604766,1612
85.147222,27.604771,1612
85.147223,27.604775,1612
85.147224,27.60478,1612
85.147224,27.604785,1612
85.147225,27.604789,1612
85.147226,27.604794,1612
85.147227,27.604799,1610
85.147227,27.604803,1610
85.147228,27.604808,1610
85.147229,27.604813,1610
85.147208,27.604823,1612
85.147199,27.604826,1612
85.14719,27.604828,1612
85.14718,27.604831,1612
85.147171,27.604834,1613
85.147162,27.604837,1612
85.147153,27.60484,1612
85.147143,27.604843,1612
85.147134,27.604845,1612
85.147125,27.604848,1613
85.147116,27.604851,1613
85.147106,27.604854,1613
85.147097,27.604857,1613
85.147088,27.60486,1614
85.147079,27.604863,1614
85.147069,27.604865,1614
85.14706,27.604868,1614
85.147051,27.604871,1614
85.147042,27.604874,1614
85.147032,27.604877,1614
85.147023,27.60488,1614
85.147014,27.604883,1614
85.147005,27.604885,1614
85.146995,27.604888,1615
85.146986,27.604891,1615
85.146977,27.604894,1615
85.146967,27.604897,1615
85.146958,27.6049,1616
85.146949,27.604902,1616
85.14694,27.604905,1616
85.14693,27.604908,1616
85.146921,27.604911,1615
85.146912,27.604914,1616
85.146903,27.604917,1616
85.146893,27.60492,1616
85.146884,27.604922,1616
85.146875,27.604925,1617
85.146866,27.604928,1617
85.146856,27.604931,1617
85.146847,27.604934,1617
85.146838,27.604937,1617
85.146829,27.60494,1618
85.146819,27.604942,1618
85.14681,27.604945,1618
85.146801,27.604948,1618
85.146791,27.604951,1616
85.146782,27.604954,1617
85.146773,27.604957,1617
85.146764,27.60496,1617
85.146754,27.604962,1617
85.146745,27.604965,1617
85.146736,27.604968,1617
85.146727,27.604971,1617
85.146717,27.604974,1617
85.146708,27.604977,1617
85.146695,27.604984,1618
85.146687,27.604987,1616
85.14668,27.604991,1616
85.146672,27.604995,1616
85.146665,27.604998,1616
85.146657,27.605002,1617
85.14665,27.605005,1617
85.146642,27.605009,1617
85.146635,27.605012,1617
85.146627,27.605016,1617
85.14662,27.60502,1617
85.146612,27.605023,1617
85.146595,27.605035,1615
85.146578,27.605048,1615
85.146559,27.60506,1615
85.14654,27.605072,1613
85.146524,27.605082,1614
85.146509,27.60509,1614
85.146494,27.605096,1614
85.146481,27.605102,1611
85.146469,27.605109,1611
85.146458,27.605117,1611
85.146446,27.605125,1611
85.146433,27.605133,1611
85.14642,27.605138,1611
85.146406,27.605143,1609
85.146395,27.60515,1609
85.146383,27.605159,1609
85.146371,27.605167,1609
85.146356,27.605175,1609
85.146343,27.605185,1607
85.14633,27.605194,1607
85.146317,27.605202,1607
85.146305,27.605212,1607
85.146295,27.605223,1605
85.146286,27.605234,1605
85.146278,27.605245,1605
85.146271,27.605256,1603
85.146263,27.605266,1603
85.146253,27.605278,1603
85.146243,27.605288,1603
85.146233,27.6053,1601
85.146224,27.605312,1602
85.146215,27.605322,1602
85.146208,27.605332,1600
85.146202,27.605342,1600
85.146195,27.605352,1600
85.146188,27.605364,1601
85.146182,27.605375,1599
85.146176,27.605386,1599
85.14617,27.605397,1599
85.146165,27.605408,1597
85.146159,27.605419,1597
85.146152,27.605431,1597
85.146145,27.605443,1597
85.146139,27.605455,1597
85.146133,27.605467,1597
85.146128,27.605479,1597
85.146127,27.605491,1595
85.146127,27.605504,1595
85.146128,27.605517,1595
85.146127,27.60553,1594
85.146126,27.605544,1594
85.146123,27.60556,1592
85.146118,27.605577,1592
85.146112,27.605592,1592
85.146107,27.605605,1591
85.146103,27.605616,1591
85.146099,27.605623,1592
85.146096,27.60563,1592
85.146093,27.605636,1590
85.146092,27.605642,1590
85.14609,27.605647,1590
85.146087,27.605652,1590
85.146086,27.605652,1590
85.146085,27.605651,1590
85.146083,27.60565,1590
85.146081,27.605649,1590
85.146065,27.605649,1590
85.146064,27.605651,1590
85.146062,27.605656,1590
85.146058,27.605665,1592
85.146054,27.605675,1589
85.14604,27.605699,1589
85.146031,27.605711,1587
85.146023,27.605723,1587
85.146015,27.605735,1588
85.146007,27.605747,1586
85.145998,27.60576,1586
85.14599,27.605772,1586
85.145982,27.605784,1586
85.145974,27.605796,1585
85.145965,27.605808,1585
85.145957,27.60582,1585
85.145949,27.605832,1584
85.145941,27.605844,1584
85.145933,27.605856,1584
85.145924,27.605868,1582
85.145916,27.60588,1582
85.14591,27.605893,1582
85.145903,27.605907,1581
85.145898,27.60592,1581
85.145893,27.605932,1581
85.145887,27.605944,1579
85.145881,27.605955,1579
85.145875,27.605965,1579
85.14587,27.605976,1578
85.145864,27.605987,1578
85.145859,27.605997,1578
85.145852,27.606008,1578
85.145844,27.606018,1576
85.145836,27.606028,1576
85.145826,27.606037,1576
85.145817,27.606048,1576
85.145807,27.606061,1574
85.1458,27.606074,1574
85.145794,27.606085,1574
85.14579,27.606093,1572
85.14579,27.606103,1572
85.145791,27.60611,1572
85.145794,27.606122,1572
85.145789,27.606125,1572
85.145786,27.606127,1572
85.145782,27.606131,1571
85.145775,27.606138,1571
85.145767,27.606146,1571
85.145758,27.606154,1571
85.145748,27.606164,1571
85.145739,27.606173,1570
85.14573,27.606181,1570
85.14572,27.60619,1570
85.145709,27.606197,1570
85.145698,27.606205,1569
85.145686,27.606213,1569
85.145674,27.606219,1569
85.145663,27.606227,1570
85.145651,27.606236,1570
85.145641,27.606242,1568
85.145632,27.606246,1568
85.145625,27.60625,1569
85.145606,27.606254,1569
85.145609,27.606255,1569
85.145604,27.606257,1569
85.145599,27.606258,1569
85.145589,27.606261,1569
85.145576,27.606265,1569
85.145564,27.60627,1569
85.145554,27.606274,1569
85.145546,27.606277,1569
85.145539,27.60628,1569
85.145532,27.606283,1569
85.145526,27.606284,1569
85.145514,27.606284,1569
85.145513,27.606285,1569
85.145513,27.606286,1569
85.145511,27.606272,1570
85.145511,27.60626,1570
85.145511,27.606259,1570
85.145512,27.606247,1570
85.145512,27.606239,1571
85.145509,27.606219,1571
85.145509,27.606218,1571
85.145514,27.60621,1571
85.145516,27.60622,1571
85.145519,27.606224,1571
85.145528,27.606232,1571
85.145543,27.606243,1570
85.145561,27.606255,1569
85.14558,27.606267,1569
85.145601,27.606277,1569
85.145621,27.606288,1567
85.145642,27.606297,1567
85.145662,27.606302,1567
85.145679,27.606303,1566
85.145694,27.606299,1566
85.145708,27.606292,1566
85.145722,27.606286,1565
85.145734,27.606279,1566
85.145746,27.606274,1566
85.145758,27.60627,1566
85.145772,27.606265,1566
85.145786,27.606261,1566
85.1458,27.606259,1566
85.145812,27.606261,1565
85.145821,27.606267,1565
85.145826,27.606275,1565
85.145827,27.606285,1563
85.145825,27.606296,1563
85.145821,27.606307,1563
85.145815,27.606318,1561
85.145808,27.60633,1561
85.145798,27.606341,1562
85.145788,27.606353,1562
85.145776,27.606363,1561
85.145763,27.606373,1561
85.145748,27.606382,1562
85.145732,27.606392,1562
85.145714,27.606402,1561
85.145693,27.60641,1561
85.14567,27.606416,1562
85.145648,27.606418,1562
85.145625,27.606421,1563
85.145603,27.606425,1563
85.145582,27.606432,1563
85.145564,27.606441,1563
85.145554,27.606454,1563
85.145551,27.606469,1563
85.145556,27.606481,1561
85.145571,27.606491,1561
85.145591,27.606498,1560
85.145628,27.606505,1560
85.145641,27.606507,1559
85.145666,27.60651,1558
85.145692,27.606512,1557
85.14572,27.606512,1557
85.145746,27.606512,1557
85.145772,27.606513,1556
85.145794,27.606515,1556
85.14581,27.606519,1555
85.145818,27.606525,1555
85.145817,27.606534,1555
85.145809,27.606542,1555
85.145798,27.60655,1555
85.145784,27.606557,1555
85.145766,27.606562,1555
85.145749,27.606566,1556
85.145729,27.606571,1556
85.145708,27.606577,1556
85.145686,27.606585,1555
85.145666,27.606596,1556
85.14565,27.606609,1556
85.145641,27.606625,1555
85.14564,27.606642,1555
85.145647,27.606657,1555
85.14566,27.606671,1555
85.145675,27.606682,1554
85.145694,27.606692,1554
85.145718,27.606702,1553
85.145742,27.606712,1553
85.145767,27.606722,1553
85.145793,27.606733,1553
85.145819,27.606742,1552
85.145845,27.606751,1552
85.145869,27.60676,1552
85.145892,27.606769,1552
85.145916,27.606778,1552
85.145942,27.606786,1552
85.145968,27.606791,1552
85.145993,27.606794,1552
85.146018,27.606793,1552
85.146043,27.606789,1552
85.146067,27.606782,1552
85.14609,27.606773,1552
85.146111,27.606761,1552
85.146132,27.606747,1552
85.146152,27.606734,1552
85.146172,27.606721,1552
85.146192,27.60671,1552
85.146212,27.606699,1552
85.146232,27.60669,1553
85.146254,27.606683,1553
85.146274,27.606678,1553
85.146292,27.606674,1553
85.146307,27.606669,1553
85.14632,27.606662,1554
85.146332,27.606657,1553
85.146354,27.606647,1553
85.146353,27.606647,1553
85.146354,27.606648,1553
85.146358,27.606644,1553
85.146368,27.606635,1554
85.146382,27.606624,1554
85.146399,27.606609,1554
85.146416,27.606595,1554
85.146435,27.60658,1554
85.146459,27.606566,1554
85.146485,27.606554,1554
85.146513,27.606544,1554
85.146542,27.606536,1554
85.146572,27.606528,1554
85.1466,27.606517,1555
85.146627,27.606506,1555
85.146652,27.606494,1555
85.146676,27.606482,1555
85.146701,27.606471,1555
85.146726,27.606461,1555
85.146751,27.60645,1555
85.146776,27.606438,1555
85.1468,27.606425,1554
85.146823,27.606411,1554
85.146847,27.606397,1554
85.14687,27.606383,1553
85.146892,27.606369,1553
85.146915,27.606356,1553
85.146936,27.606346,1552
85.146954,27.606336,1552
85.146971,27.606325,1552
85.146974,27.606322,1552
85.146977,27.60632,1552
85.14698,27.606317,1552
85.146984,27.606314,1552
85.146987,27.606312,1552
85.14699,27.606309,1552
85.146993,27.606306,1552
85.146996,27.606304,1552
85.146999,27.606301,1552
85.147002,27.606299,1552
85.147005,27.606296,1552
85.147009,27.606293,1552
85.147012,27.606291,1552
85.147015,27.606288,1552
85.147018,27.606285,1552
85.147021,27.606283,1552
85.147024,27.60628,1552
85.147027,27.606278,1551
85.14703,27.606275,1551
85.147033,27.606272,1551
85.147037,27.60627,1551
85.14704,27.606267,1551
85.147043,27.606264,1551
85.147046,27.606262,1551
85.147043,27.606256,1551
85.147041,27.606253,1551
85.147038,27.606251,1551
85.147036,27.606248,1551
85.147034,27.606245,1551
85.147032,27.606242,1551
85.147039,27.606243,1551
85.147049,27.606246,1551
85.14706,27.606251,1551
85.147071,27.606256,1551
85.14708,27.60626,1551
85.147088,27.606264,1551
85.14711,27.606272,1550
85.147107,27.606269,1550
85.147092,27.606269,1550
85.147069,27.60626,1551
85.147074,27.606262,1551
85.147084,27.606266,1551
85.147096,27.606272,1550
85.147111,27.606283,1551
85.147129,27.606296,1551
85.147148,27.606313,1551
85.147166,27.606331,1552
85.147186,27.606349,1551
85.147207,27.606366,1553
85.147226,27.606379,1552
85.147247,27.606395,1554
85.147252,27.6064,1554
85.147257,27.606405,1554
85.147263,27.60641,1554
85.147268,27.606415,1554
85.147273,27.60642,1554
85.147278,27.606425,1554
85.147283,27.60643,1554
85.147288,27.606435,1555
85.147293,27.60644,1555
85.147298,27.606445,1555
85.147303,27.60645,1555
85.147308,27.606455,1555
85.147313,27.60646,1555
85.147318,27.606465,1555
85.147323,27.60647,1556
85.147329,27.606475,1556
85.147334,27.60648,1556
85.147339,27.606485,1556
85.147344,27.60649,1556
85.147349,27.606495,1556
85.147354,27.6065,1556
85.147359,27.606505,1556
85.147364,27.60651,1558
85.147369,27.606515,1558
85.147374,27.60652,1558
85.147379,27.606525,1558
85.147384,27.60653,1558
85.147389,27.606535,1558
85.147395,27.60654,1558
85.1474,27.606545,1558
85.147405,27.60655,1559
85.14741,27.606555,1559
85.147415,27.60656,1559
85.14742,27.606565,1559
85.147425,27.60657,1559
85.14743,27.606575,1559
85.147435,27.60658,1559
85.14744,27.606585,1561
85.147445,27.60659,1561
85.14745,27.606595,1561
85.147456,27.6066,1561
85.147461,27.606605,1561
85.147466,27.60661,1561
85.147471,27.606615,1561
85.147476,27.60662,1561
85.147481,27.606625,1562
85.147486,27.60663,1562
85.147491,27.606635,1562
85.147496,27.60664,1562
85.147501,27.606645,1562
85.147506,27.60665,1562
85.147511,27.606655,1562
85.147516,27.60666,1564
85.147522,27.606665,1564
85.147527,27.60667,1564
85.147532,27.606675,1564
85.147537,27.60668,1564
85.147542,27.606685,1564
85.147547,27.60669,1564
85.147552,27.606695,1564
85.147557,27.6067,1566
85.147562,27.606705,1566
85.147567,27.60671,1566
85.147572,27.606716,1566
85.147577,27.606721,1566
85.147582,27.606726,1566
85.147588,27.606731,1566
85.147593,27.606736,1569
85.147598,27.606741,1569
85.147603,27.606746,1569
85.147608,27.606751,1569
85.147613,27.606756,1569
85.147618,27.606761,1569
85.147623,27.606766,1569
85.147628,27.606771,1569
85.147633,27.606776,1571
85.147638,27.606781,1571
85.147643,27.606786,1571
85.147648,27.606791,1572
85.147654,27.606796,1572
85.147659,27.606801,1572
85.147664,27.606806,1572
85.147669,27.606811,1572
85.147674,27.606816,1574
85.147679,27.606821,1574
85.147684,27.606826,1574
85.147689,27.606831,1574
85.147694,27.606836,1575
85.147699,27.606841,1575
85.147704,27.606846,1575
85.147709,27.606851,1578
85.147714,27.606856,1578
85.14772,27.606861,1578
85.147725,27.606866,1578
85.14773,27.606871,1578
85.147735,27.606876,1578
85.14774,27.606881,1578
85.147745,27.606886,1578
85.14775,27.606891,1581
85.147755,27.606896,1581
85.14776,27.606901,1581
85.147765,27.606906,1581
85.14777,27.606911,1581
85.147775,27.606916,1581
85.147781,27.606921,1581
85.147786,27.606926,1584
85.147804,27.606925,1581
85.147814,27.606926,1584
85.147824,27.606928,1584
85.147834,27.606929,1584
85.147843,27.606931,1584
85.147853,27.606933,1584
85.147863,27.606934,1584
85.147873,27.606936,1584
85.147883,27.606937,1584
85.147893,27.606939,1584
85.147903,27.60694,1584
85.147913,27.606942,1584
85.147923,27.606943,1584
85.147933,27.606945,1584
85.147943,27.606946,1584
85.147952,27.606948,1583
85.147962,27.606949,1583
85.147972,27.606951,1583
85.147982,27.606952,1583
85.147992,27.606954,1583
85.148002,27.606955,1583
85.148012,27.606957,1583
85.148022,27.606958,1583
85.148032,27.60696,1583
85.148042,27.606961,1583
85.148052,27.606963,1583
85.148061,27.606964,1586
85.148071,27.606966,1586
85.148081,27.606967,1587
85.148091,27.606969,1587
85.148101,27.60697,1587
85.148111,27.606972,1587
85.148121,27.606973,1587
85.148131,27.606975,1587
85.148141,27.606976,1587
85.148151,27.606978,1587
85.148161,27.60698,1587
85.14817,27.606981,1588
85.14818,27.606983,1588
85.14819,27.606984,1588
85.1482,27.606986,1588
85.14821,27.606987,1588
85.14822,27.606989,1588
85.14823,27.60699,1588
85.14824,27.606992,1588
85.14825,27.606993,1589
85.14826,27.606995,1589
85.14827,27.606996,1589
85.14828,27.606998,1589
85.148289,27.606999,1589
85.148299,27.607001,1590
85.148309,27.607002,1593
85.148319,27.607004,1593
85.148329,27.607005,1593
85.148325,27.60701,1593
85.148326,27.607013,1593
85.148325,27.607017,1593
85.148324,27.607017,1593
85.148324,27.607018,1593
85.148328,27.60701,1593
85.148332,27.607011,1593
85.148339,27.607012,1594
85.148349,27.607014,1594
85.14836,27.607015,1594
85.14837,27.607016,1594
85.148382,27.607021,1594
85.148392,27.607025,1594
85.148407,27.607029,1594
85.148424,27.607031,1595
85.148441,27.607033,1595
85.148455,27.607035,1595
85.148468,27.607036,1597
85.148481,27.607037,1597
85.148493,27.607039,1597
85.148504,27.607042,1600
85.148515,27.607044,1601
85.148524,27.607046,1601
85.14853,27.607049,1601
85.148538,27.607051,1601
85.148547,27.607054,1601
85.14856,27.607057,1603
85.148571,27.607059,1603
85.148579,27.607059,1603
85.148589,27.607059,1603
85.148598,27.607059,1604
85.148609,27.607057,1604
85.148622,27.607052,1604
85.148638,27.607044,1605
85.148655,27.607034,1602
85.148682,27.607017,1604
85.14869,27.607012,1604
85.148714,27.606996,1601
85.148722,27.60699,1602
85.148729,27.606984,1602
85.148737,27.606978,1602
85.148744,27.606972,1602
85.148752,27.606965,1602
85.148759,27.606959,1599
85.148767,27.606953,1601
85.148774,27.606947,1601
85.148782,27.606941,1601
85.148789,27.606935,1601
85.148797,27.606929,1601
85.148804,27.606923,1599
85.148812,27.606917,1600
85.148819,27.606911,1600
85.148827,27.606905,1600
85.148834,27.606899,1600
85.148842,27.606893,1600
85.148849,27.606887,1598
85.148857,27.606881,1599
85.148864,27.606875,1599
85.148872,27.606868,1599
85.148879,27.606862,1599
85.148887,27.606856,1599
85.148895,27.60685,1601
85.148902,27.606844,1598
85.14891,27.606838,1598
85.148917,27.606832,1598
85.148925,27.606826,1598
85.148932,27.60682,1598
85.14894,27.606814,1599
85.148947,27.606808,1597
85.148955,27.606802,1597
85.148962,27.606796,1597
85.14897,27.60679,1597
85.148977,27.606784,1597
85.148985,27.606777,1598
85.148992,27.606771,1595
85.149,27.606765,1595
85.149012,27.606765,1595
85.149024,27.606764,1597
85.149035,27.606765,1597
85.149047,27.606766,1597
85.149059,27.606768,1597
85.14907,27.606771,1598
85.149081,27.606773,1598
85.149093,27.606775,1600
85.149105,27.606777,1600
85.149116,27.606779,1601
85.149127,27.606781,1601
85.149138,27.606784,1601
85.149148,27.606787,1601
85.149159,27.606791,1602
85.14917,27.606794,1602
85.149181,27.606797,1602
85.149192,27.606799,1602
85.149203,27.606802,1603
85.149215,27.606804,1603
85.149225,27.606806,1603
85.149235,27.60681,1603
85.149244,27.606812,1607
85.149253,27.606813,1607
85.149262,27.606813,1607
85.149273,27.606813,1607
85.149284,27.606814,1607
85.149296,27.606815,1607
85.149309,27.606819,1607
85.14932,27.606823,1607
85.149329,27.606826,1608
85.149351,27.606828,1608
85.149351,27.606825,1608
85.14935,27.606824,1608
85.149344,27.606823,1608
85.149344,27.606824,1608
85.149346,27.606826,1608
85.149349,27.606831,1608
85.149353,27.606838,1608
85.149358,27.606846,1608
85.149363,27.606854,1610
85.149369,27.606861,1610
85.149375,27.606869,1610
85.14938,27.606877,1610
85.149386,27.606886,1610
85.149391,27.606896,1613
85.149396,27.606906,1613
85.149399,27.606917,1613
85.149401,27.606929,1615
85.149403,27.60694,1615
85.149406,27.606949,1615
85.14941,27.60696,1615
85.149413,27.60697,1616
85.149416,27.606981,1616
85.149419,27.606991,1616
85.149423,27.607001,1616
85.149426,27.607011,1618
85.149431,27.607023,1618
85.149435,27.607034,1618
85.149441,27.607045,1619
85.149447,27.607056,1619
85.149454,27.607067,1619
85.149461,27.607077,1619
85.14947,27.607086,1620
85.149478,27.607095,1620
85.149487,27.607103,1620
85.149497,27.607111,1620
85.149507,27.607118,1621
85.149518,27.607125,1621
85.149529,27.607131,1621
85.14954,27.607136,1621
85.149552,27.607141,1621
85.149564,27.607146,1621
85.149578,27.607152,1621
85.149592,27.607158,1621
85.149607,27.607163,1621
85.14962,27.607165,1621
85.149635,27.607166,1621
85.149649,27.607165,1621
85.149661,27.607163,1621
85.149676,27.607159,1621
85.149689,27.607156,1621
85.149703,27.60715,1620
85.149727,27.607144,1620
85.149737,27.607144,1620
85.149748,27.607143,1620
85.149758,27.607142,1619
85.149768,27.607142,1619
85.149779,27.607141,1619
85.149789,27.607141,1619
85.149799,27.60714,1619
85.14981,27.607139,1619
85.14982,27.607139,1619
85.14983,27.607138,1619
85.149841,27.607137,1618
85.149851,27.607137,1618
85.149862,27.607136,1618
85.149872,27.607135,1618
85.149882,27.607135,1618
85.149893,27.607134,1618
85.149903,27.607134,1618
85.149913,27.607133,1618
85.149924,27.607132,1617
85.149934,27.607132,1617
85.149944,27.607131,1617
85.149955,27.60713,1616
85.149965,27.60713,1616
85.149976,27.607129,1616
85.149986,27.607128,1615
85.149996,27.607128,1615
85.150007,27.607127,1615
85.150017,27.607127,1614
85.150027,27.607126,1614
85.150038,27.607125,1614
85.150048,27.607125,1614
85.150058,27.607124,1613
85.150069,27.607123,1613
85.150079,27.607123,1613
85.15009,27.607122,1613
85.1501,27.607121,1612
85.15011,27.607136,1612
85.150114,27.607141,1611
85.150118,27.607147,1611
85.150122,27.607153,1611
85.150126,27.607159,1612
85.15013,27.607164,1611
85.150134,27.60717,1611
85.150137,27.607176,1611
85.150141,27.607181,1610
85.150145,27.607187,1610
85.150149,27.607193,1611
85.150153,27.607198,1610
85.150157,27.607204,1610
85.150161,27.60721,1610
85.150165,27.607215,1610
85.150169,27.607221,1610
85.150173,27.607227,1610
85.150176,27.607233,1610
85.15018,27.607238,1609
85.150184,27.607244,1609
85.150188,27.60725,1609
85.150199,27.607267,1609
85.150203,27.607274,1609
85.150207,27.60728,1609
85.150212,27.607287,1609
85.150216,27.607293,1609
85.15022,27.6073,1609
85.150225,27.607307,1609
85.150229,27.607313,1609
85.150233,27.60732,1609
85.150238,27.607327,1608
85.150242,27.607333,1608
85.150246,27.60734,1608
85.150251,27.607347,1609
85.150255,27.607353,1609
85.150259,27.60736,1609
85.150264,27.607366,1609
85.150268,27.607373,1608
85.150272,27.60738,1608
85.150277,27.607386,1609
85.150281,27.607393,1608
85.150285,27.6074,1608
85.150289,27.607406,1608
85.150294,27.607413,1608
85.150298,27.60742,1608
85.150302,27.607426,1609
85.150307,27.607433,1608
85.150311,27.60744,1607
85.150315,27.607446,1607
85.15032,27.607453,1607
85.150324,27.607459,1608
85.150328,27.607466,1607
85.150333,27.607473,1607
85.150337,27.607479,1607
85.150341,27.607486,1607
85.150346,27.607493,1607
85.15035,27.607499,1608
85.150354,27.607506,1606
85.150359,27.607513,1606
85.150363,27.607519,1606
85.150367,27.607526,1605
85.150372,27.607532,1605
85.150376,27.607539,1606
85.15038,27.607546,1606
85.150384,27.607552,1606
85.150389,27.607559,1606
85.150393,27.607566,1605
85.150397,27.607572,1604
85.150402,27.607579,1605
85.150406,27.607586,1604
85.15041,27.607592,1604
85.150415,27.607599,1604
85.150419,27.607605,1604
85.150423,27.607612,1604
85.150428,27.607619,1604
85.150432,27.607625,1604
85.150436,27.607632,1604
85.150448,27.607655,1603
85.150452,27.607664,1603
85.150457,27.607674,1603
85.150461,27.607684,1603
85.150467,27.607696,1603
85.150473,27.607709,1603
85.15048,27.607723,1603
85.150487,27.607736,1603
85.150495,27.607749,1603
85.150503,27.60776,1603
85.150512,27.607771,1604
85.15052,27.607782,1604
85.150528,27.607792,1603
85.150536,27.607803,1604
85.150544,27.607815,1604
85.150551,27.607826,1604
85.150557,27.607838,1604
85.150563,27.607849,1605
85.15057,27.60786,1604
85.150578,27.60787,1604
85.150586,27.607879,1604
85.150593,27.607887,1604
85.1506,27.607897,1604
85.150606,27.607906,1604
85.150611,27.607914,1603
85.150617,27.607923,1603
85.150624,27.607933,1603
85.150632,27.607942,1603
85.15064,27.607949,1603
85.150647,27.607955,1602
85.150654,27.607959,1601
85.150668,27.607964,1601
85.150672,27.607969,1601
85.150665,27.607964,1601
85.150659,27.607964,1601
85.150648,27.607964,1602
85.150633,27.607964,1602
85.150615,27.607965,1602
85.150595,27.607966,1603
85.150573,27.607968,1603
85.150549,27.607968,1604
85.150523,27.607967,1605
85.150496,27.607966,1605
85.150471,27.607965,1606
85.150448,27.607964,1606
85.150427,27.607961,1607
85.150409,27.607959,1607
85.150396,27.607957,1607
85.150386,27.607955,1608
85.15037,27.607949,1608
85.15037,27.607951,1608
85.150369,27.60795,1608
85.150365,27.607947,1608
85.150358,27.607942,1608
85.15035,27.607939,1609
85.15034,27.607936,1609
85.150332,27.607933,1609
85.150323,27.60793,1609
85.150317,27.607928,1609
85.15031,27.607926,1609
85.150303,27.607925,1610
85.150295,27.607923,1610
85.150287,27.607922,1610
85.150278,27.607922,1610
85.150269,27.607922,1610
85.15026,27.607922,1612
85.150249,27.60792,1612
85.150239,27.60792,1612
85.150229,27.607921,1612
85.15022,27.607923,1613
85.150209,27.607924,1613
85.150198,27.607924,1613
85.150186,27.607922,1613
85.150175,27.607922,1614
85.150163,27.607923,1614
85.150152,27.607926,1614
85.15014,27.60793,1614
85.150129,27.607935,1615
85.150118,27.607941,1615
85.150106,27.607946,1615
85.150095,27.60795,1615
85.150084,27.607953,1616
85.150072,27.607955,1616
85.150061,27.607958,1616
85.150048,27.607962,1617
85.150036,27.607967,1617
85.150024,27.607972,1617
85.150014,27.607976,1617
85.150003,27.60798,1618
85.149991,27.607983,1618
85.149981,27.607984,1618
85.14997,27.607985,1618
85.14996,27.607986,1619
85.149949,27.607987,1619
85.149938,27.607988,1619
85.149927,27.607989,1619
85.149917,27.60799,1620
85.149908,27.607989,1620
85.149899,27.607988,1620
85.149889,27.607988,1620
85.14988,27.607988,1620
85.149871,27.607987,1620
85.149863,27.607986,1620
85.149852,27.607985,1620
85.149841,27.607984,1620
85.149829,27.607983,1621
85.149816,27.607982,1621
85.149803,27.607982,1621
85.14979,27.607982,1621
85.149777,27.607981,1621
85.149765,27.60798,1621
85.149752,27.607979,1621
85.149738,27.607978,1620
85.149723,27.607978,1620
85.149709,27.607977,1620
85.149696,27.607976,1620
85.149683,27.607975,1620
85.14967,27.607973,1620
85.149657,27.607971,1619
85.149644,27.607968,1619
85.14963,27.607965,1619
85.149616,27.607962,1619
85.149602,27.60796,1619
85.149588,27.607958,1619
85.149566,27.607959,1618
85.149559,27.607961,1618
85.149551,27.607964,1618
85.149544,27.607967,1618
85.149537,27.60797,1618
85.149529,27.607973,1617
85.149522,27.607976,1617
85.149514,27.607979,1617
85.149507,27.607981,1617
85.149499,27.607984,1617
85.149492,27.607987,1616
85.149484,27.60799,1616
85.149477,27.607993,1616
85.149469,27.607996,1616
85.149462,27.607999,1616
85.149455,27.608001,1616
85.149447,27.608004,1616
85.14944,27.608007,1616
85.149432,27.60801,1616
85.149425,27.608013,1616
85.149417,27.608016,1616
85.14941,27.608019,1616
85.149402,27.608022,1615
85.149395,27.608024,1615
85.149388,27.608027,1615
85.14938,27.60803,1615
85.149373,27.608033,1615
85.149365,27.608036,1615
85.149358,27.608039,1614
85.14935,27.608042,1614
85.149343,27.608044,1614
85.149335,27.608047,1614
85.149328,27.60805,1614
85.14932,27.608053,1614
85.149313,27.608056,1614
85.149306,27.608059,1614
85.149298,27.608062,1614
85.149291,27.608064,1614
85.149283,27.608067,1613
85.149276,27.60807,1613
85.149268,27.608073,1613
85.149261,27.608076,1613
85.149253,27.608079,1613
85.149246,27.608082,1613
85.149238,27.608084,1613
85.149231,27.608087,1613
85.149224,27.60809,1613
85.149216,27.608093,1613
85.149209,27.608096,1613
85.149201,27.608099,1613
85.149194,27.608102,1613
85.149186,27.608105,1613
85.149179,27.608107,1613
85.149171,27.60811,1613
85.149164,27.608113,1613
85.149156,27.608116,1613
85.149149,27.608119,1613
85.149142,27.608122,1613
85.149134,27.608125,1613
85.149127,27.608127,1613
85.149119,27.60813,1613
85.149112,27.608133,1613
85.149104,27.608136,1614
85.149097,27.608139,1614
85.149089,27.608142,1614
85.149082,27.608145,1613
85.149074,27.608147,1613
85.149067,27.60815,1613
85.14906,27.608153,1615
85.149052,27.608156,1615
85.149045,27.608159,1615
85.149037,27.608162,1615
85.14903,27.608165,1615
85.149022,27.608167,1615
85.149015,27.60817,1617
85.149007,27.608173,1617
85.149,27.608176,1617
85.148992,27.608179,1617
85.148986,27.608185,1615
85.148976,27.608192,1617
85.148974,27.608195,1617
85.148966,27.6082,1617
85.148963,27.608201,1617
85.14896,27.608203,1617
85.148957,27.608205,1617
85.148955,27.608206,1617
85.148952,27.608208,1617
85.148949,27.608209,1617
85.148946,27.608211,1617
85.148943,27.608212,1617
85.14894,27.608214,1617
85.148937,27.608215,1617
85.148934,27.608217,1618
85.148931,27.608219,1616
85.148928,27.60822,1616
85.148925,27.608222,1616
85.148922,27.608223,1616
85.148919,27.608225,1616
85.148917,27.608226,1616
85.148914,27.608228,1616
85.148911,27.60823,1616
85.148908,27.608231,1616
85.148905,27.608233,1616
85.148902,27.608234,1616
85.148899,27.608236,1616
85.148896,27.608237,1616
85.148893,27.608239,1616
85.14889,27.608241,1618
85.148887,27.608242,1618
85.148884,27.608244,1618
85.148881,27.608245,1618
85.148878,27.608247,1618
85.148876,27.608248,1618
85.148873,27.60825,1618
85.14887,27.608252,1618
85.148867,27.608253,1618
85.148864,27.608255,1618
85.148861,27.608256,1618
85.148858,27.608258,1615
85.148855,27.608259,1615
85.148852,27.608261,1615
85.148849,27.608263,1617
85.148853,27.608267,1615
85.148857,27.608272,1615
85.148858,27.608277,1615
85.148856,27.608282,1615
85.148852,27.608288,1615
85.148848,27.608294,1617
85.148845,27.608301,1615
85.148841,27.608306,1615
85.148836,27.608311,1615
85.148832,27.608317,1615
85.148828,27.608323,1615
85.148823,27.60833,1615
85.148819,27.608337,1613
85.148816,27.608346,1613
85.148812,27.608354,1613
85.148808,27.608364,1613
85.148803,27.608375,1612
85.148799,27.608387,1612
85.148795,27.608397,1612
85.148792,27.608408,1612
85.148788,27.608419,1609
85.148783,27.608429,1609
85.148769,27.608456,1606
85.148767,27.608456,1606
85.148765,27.608455,1606
85.148763,27.608454,1608
85.148751,27.608461,1608
85.148748,27.608462,1608
85.148736,27.608467,1608
85.148731,27.60847,1608
85.14872,27.608477,1609
85.148707,27.608485,1607
85.148693,27.608494,1607
85.148678,27.608503,1607
85.148663,27.608513,1608
85.148646,27.608522,1608
85.148628,27.608534,1607
85.148609,27.608547,1607
85.148591,27.60856,1609
85.148575,27.608574,1607
85.148559,27.608587,1607
85.148542,27.608599,1609
85.148527,27.608612,1607
85.148514,27.608625,1607
85.148501,27.608636,1609
85.14849,27.608645,1607
85.148481,27.608653,1607
85.148472,27.608661,1607
85.148464,27.608667,1607
85.148458,27.608672,1609
85.148453,27.608676,1608
85.148444,27.608682,1608
85.148446,27.608677,1608
85.148448,27.608674,1609
85.148444,27.608676,1608
85.148442,27.608678,1608
85.148436,27.608682,1608
85.148427,27.608688,1608
85.148415,27.608695,1610
85.148402,27.608703,1610
85.148388,27.608709,1610
85.148376,27.608715,1611
85.148363,27.608721,1611
85.14835,27.608727,1611
85.148339,27.608732,1611
85.148328,27.608738,1613
85.148318,27.608741,1613
85.148307,27.608742,1613
85.148298,27.608744,1613
85.14829,27.608745,1616
85.148282,27.608746,1616
85.148274,27.608748,1616
85.148263,27.608751,1616
85.14825,27.608754,1614
85.148235,27.608758,1617
85.148221,27.608762,1617
85.148208,27.608764,1617
85.148197,27.608766,1619
85.148187,27.608768,1619
85.148178,27.608773,1619
85.148171,27.608778,1619
85.148165,27.608784,1619
85.148159,27.608791,1620
85.148152,27.608797,1620
85.148147,27.608801,1620
85.148143,27.608806,1620
85.148137,27.608812,1620
85.148129,27.608818,1620
85.148119,27.608825,1622
85.14811,27.608831,1620
85.148083,27.608851,1620
85.148079,27.608855,1620
85.148068,27.608865,1622
85.148057,27.608874,1620
85.14802,27.608909,1620
85.148017,27.608912,1620
85.148013,27.608919,1620
85.148008,27.608926,1620
85.148002,27.608935,1620
85.147996,27.608941,1620
85.14799,27.608952,1620
85.147985,27.608966,1620
85.14798,27.608978,1620
85.147975,27.60899,1617
85.14797,27.608999,1617
85.147965,27.609006,1617
85.14796,27.609009,1617
85.147955,27.609011,1617
85.14795,27.609015,1617
85.147947,27.609019,1616
85.147943,27.609022,1616
85.147933,27.609034,1616
85.14793,27.609036,1616
85.147924,27.609041,1616
85.147915,27.609047,1616
85.147903,27.609054,1619
85.147887,27.609059,1616
85.147871,27.609063,1616
85.147856,27.609066,1619
85.14784,27.609071,1619
85.147827,27.609076,1619
85.147816,27.609083,1622
85.147808,27.609089,1622
85.147799,27.609094,1619
85.147792,27.609098,1619
85.147784,27.609103,1619
85.147778,27.609106,1619
85.147773,27.609111,1622
85.14777,27.609117,1622
85.147767,27.609121,1622
85.147764,27.609124,1622
85.147759,27.609127,1622
85.147751,27.609135,1620
85.14774,27.609145,1620
85.14773,27.609153,1623
85.14772,27.609163,1623
85.147711,27.609172,1620
85.147702,27.609179,1620
85.147678,27.609195,1624
85.147677,27.609197,1624
85.147674,27.609198,1624
85.147671,27.609202,1624
85.147667,27.609207,1624
85.147662,27.609209,1621
85.147657,27.609208,1621
85.147651,27.609209,1621
85.147645,27.609209,1625
85.147639,27.60921,1625
85.147622,27.60921,1625
85.14762,27.60921,1625
85.147621,27.609209,1625
85.147622,27.60921,1625
85.14762,27.609215,1625
85.147617,27.609225,1625
85.147614,27.609234,1625
85.147612,27.60924,1625
85.147607,27.609249,1622
85.147603,27.60926,1625
85.1476,27.609269,1625
85.147597,27.609276,1625
85.147596,27.609281,1625
85.147596,27.609287,1623
85.147596,27.609294,1623
85.147594,27.609302,1623
85.147591,27.609311,1623
85.147584,27.609321,1623
85.147574,27.60933,1620
85.147565,27.609338,1620
85.147558,27.609346,1623
85.147552,27.609357,1623
85.147544,27.609372,1620
85.147534,27.609388,1620
85.147525,27.609407,1618
85.147515,27.609434,1620
85.147511,27.609445,1618
85.147507,27.609456,1618
85.147501,27.60948,1616
85.1475,27.609486,1616
85.147499,27.609493,1616
85.147497,27.6095,1616
85.147496,27.609506,1616
85.147495,27.609513,1614
85.147494,27.60952,1614
85.147493,27.609526,1614
85.147492,27.609533,1614
85.147491,27.60954,1614
85.14749,27.609546,1614
85.147489,27.609553,1613
85.147488,27.609559,1613
85.147487,27.609566,1613
85.147486,27.609573,1613
85.147485,27.609579,1613
85.147484,27.609586,1613
85.147483,27.609593,1611
85.147481,27.609599,1611
85.14748,27.609606,1611
85.147479,27.609613,1611
85.147478,27.609619,1611
85.147477,27.609626,1609
85.147476,27.609633,1612
85.147475,27.609639,1612
85.147474,27.609646,1612
85.147473,27.609652,1612
85.147472,27.609659,1612
85.147471,27.609666,1610
85.14747,27.609672,1610
85.147469,27.609679,1610
85.147468,27.609686,1610
85.147466,27.609692,1610
85.147465,27.609699,1610
85.147464,27.609706,1608
85.147463,27.609712,1608
85.147462,27.609719,1608
85.147461,27.609726,1608
85.14746,27.609732,1608
85.147459,27.609739,1608
85.147458,27.609745,1607
85.147457,27.609752,1607
85.147456,27.609759,1607
85.147455,27.609765,1607
85.147454,27.609772,1607
85.147453,27.609779,1605
85.147452,27.609785,1605
85.14745,27.609792,1605
85.147449,27.609799,1605
85.147433,27.609815,1608
85.147427,27.609823,1606
85.147421,27.60983,1606
85.147414,27.609838,1606
85.147408,27.609846,1606
85.147402,27.609854,1606
85.147395,27.609862,1605
85.147389,27.60987,1607
85.147382,27.609878,1607
85.147376,27.609886,1607
85.14737,27.609894,1606
85.147363,27.609902,1606
85.147357,27.60991,1606
85.147351,27.609918,1606
85.147344,27.609926,1608
85.147338,27.609934,1607
85.147331,27.609942,1607
85.147325,27.60995,1607
85.147319,27.609958,1607
85.147312,27.609966,1607
85.147306,27.609974,1605
85.1473,27.609982,1608
85.147293,27.60999,1608
85.147287,27.609998,1608
85.147281,27.610006,1608
85.147274,27.610014,1607
85.147268,27.610022,1607
85.147261,27.61003,1609
85.147255,27.610038,1609
85.147249,27.610045,1608
85.147242,27.610053,1608
85.147236,27.610061,1608
85.14723,27.610069,1608
85.147223,27.610077,1608
85.147217,27.610085,1609
85.14721,27.610093,1609
85.147204,27.610101,1609
85.147198,27.610109,1609
85.147191,27.610117,1609
85.147185,27.610125,1607
85.147179,27.610133,1607
85.147172,27.610141,1610
85.147166,27.610149,1610
85.14716,27.610157,1610
85.147153,27.610165,1608
85.147147,27.610173,1608
85.14714,27.610181,1608
85.147134,27.610189,1608
85.147128,27.610197,1609
85.147121,27.610205,1609
85.147102,27.610209,1609
85.147093,27.610212,1609
85.147083,27.610215,1611
85.147074,27.610219,1611
85.147064,27.610222,1611
85.147054,27.610226,1611
85.147045,27.610229,1613
85.147035,27.610233,1613
85.147024,27.61025,1611
85.147017,27.610258,1611
85.14701,27.610265,1611
85.147003,27.610273,1611
85.146997,27.61028,1611
85.14699,27.610287,1611
85.146983,27.610295,1611
85.146976,27.610302,1611
85.146969,27.610309,1611
85.146963,27.610317,1609
85.146956,27.610324,1610
85.146949,27.610332,1610
85.146942,27.610339,1610
85.146936,27.610346,1610
85.146929,27.610354,1609
85.146922,27.610361,1609
85.146915,27.610368,1611
85.146909,27.610376,1611
85.146902,27.610383,1611
85.146895,27.610391,1610
85.146888,27.610398,1610
85.146881,27.610405,1610
85.146875,27.610413,1611
85.146868,27.61042,1611
85.146861,27.610427,1610
85.146854,27.610435,1610
85.146848,27.610442,1610
85.146841,27.61045,1610
85.146834,27.610457,1610
85.146827,27.610464,1612
85.146821,27.610472,1612
85.146814,27.610479,1612
85.146807,27.610486,1612
85.1468,27.610494,1612
85.146793,27.610501,1612
85.146787,27.610509,1614
85.14678,27.610516,1614
85.146773,27.610523,1614
85.146766,27.610531,1614
85.14676,27.610538,1614
85.146753,27.610546,1614
85.146746,27.610553,1617
85.146739,27.61056,1617
85.146733,27.610568,1617
85.146726,27.610575,1617
85.146719,27.610582,1616
85.146712,27.61059,1616
85.146706,27.610597,1616
85.146699,27.610605,1619
85.146692,27.610612,1619
85.146685,27.610619,1619
85.146678,27.610627,1619
85.146672,27.610634,1619
85.146665,27.610641,1619
85.146658,27.610649,1621
85.146651,27.610656,1621
85.146645,27.610664,1621
85.146638,27.610671,1621
85.146631,27.610678,1621
85.146624,27.610686,1621
85.146627,27.61069,1621
85.146636,27.610701,1620
85.146638,27.610702,1620
85.146641,27.610703,1620
85.146645,27.610706,1620
85.146652,27.610712,1620
85.146658,27.610716,1620
85.146663,27.61072,1618
85.146664,27.610743,1618
85.146665,27.610745,1618
85.146669,27.610749,1618
85.146674,27.610756,1618
85.146683,27.610764,1618
85.146692,27.610773,1618
85.146702,27.61078,1618
85.146711,27.610789,1615
85.14672,27.610796,1615
85.146729,27.610802,1615
85.146735,27.610807,1616
85.146746,27.610821,1616
85.146744,27.610824,1616
85.146743,27.61083,1616
85.146742,27.610838,1616
85.146743,27.610847,1617
85.146748,27.610856,1613
85.146752,27.610868,1613
85.146758,27.610877,1613
85.146765,27.610886,1614
85.146772,27.610895,1614
85.146776,27.610905,1614
85.146778,27.610915,1614
85.146778,27.610923,1614
85.146778,27.61093,1614
85.146779,27.610946,1614
85.146778,27.610947,1614
85.146778,27.610951,1614
85.146776,27.610956,1614
85.146774,27.610964,1615
85.146772,27.610975,1615
85.146769,27.610987,1615
85.146766,27.610998,1616
85.146763,27.61101,1616
85.146759,27.611023,1616
85.146754,27.611038,1617
85.146751,27.611052,1617
85.146748,27.611065,1617
85.146745,27.611077,1622
85.14674,27.611089,1622
85.146735,27.6111,1622
85.146727,27.611111,1622
85.14672,27.611121,1622
85.146715,27.611131,1622
85.146711,27.61114,1622
85.14671,27.611148,1623
85.146708,27.611154,1623
85.146707,27.611161,1623
85.146706,27.611168,1623
85.146704,27.611178,1623
85.146701,27.611188,1627
85.1467,27.611196,1627
85.1467,27.611205,1627
85.146697,27.611216,1627
85.146691,27.611229,1628
85.146685,27.611242,1628
85.14668,27.611254,1628
85.146679,27.611263,1628
85.146679,27.611272,1628
85.146679,27.61128,1628
85.14668,27.611288,1628
85.146681,27.611295,1628
85.146684,27.611302,1629
85.14669,27.611309,1629
85.146697,27.611317,1629
85.146704,27.611325,1625
85.146711,27.611335,1625
85.146718,27.611344,1626
85.146727,27.611357,1626
85.146736,27.611372,1626
85.146744,27.611386,1628
85.14675,27.6114,1624
85.146754,27.61141,1624
85.146762,27.611423,1626
85.146769,27.611425,1626
85.146776,27.611427,1626
85.146783,27.611429,1626
85.14679,27.611432,1622
85.146797,27.611434,1622
85.146803,27.611436,1622
85.14681,27.611438,1622
85.146817,27.611441,1622
85.146824,27.611443,1622
85.146831,27.611445,1622
85.146838,27.611447,1618
85.146845,27.61145,1618
85.146852,27.611452,1621
85.146859,27.611454,1621
85.146866,27.611456,1621
85.146873,27.611459,1621
85.14688,27.611461,1618
85.146887,27.611463,1618
85.146894,27.611465,1618
85.146901,27.611468,1618
85.146908,27.61147,1618
85.146914,27.611472,1618
85.146921,27.611474,1616
85.146928,27.611477,1616
85.146935,27.611479,1616
85.146942,27.611481,1616
85.146949,27.611483,1616
85.146956,27.611486,1616
85.146963,27.611488,1614
85.14697,27.61149,1616
85.146977,27.611493,1616
85.146984,27.611495,1616
85.146991,27.611497,1616
85.146998,27.611499,1616
85.147005,27.611502,1614
85.147012,27.611504,1614
85.147018,27.611506,1614
85.147025,27.611508,1614
85.147032,27.611511,1614
85.147039,27.611513,1614
85.147046,27.611515,1614
85.147053,27.611517,1612
85.14706,27.61152,1612
85.147067,27.611522,1612
85.147074,27.611524,1612
85.147081,27.611526,1612
85.147088,27.611529,1614
85.147095,27.611531,1612
85.147102,27.611533,1612
85.147109,27.611535,1612
85.147116,27.611538,1612
85.147122,27.61154,1612
85.147129,27.611542,1612
85.147136,27.611544,1611
85.147143,27.611547,1611
85.14715,27.611549,1611
85.147157,27.611551,1611
85.147164,27.611553,1611
85.147171,27.611556,1611
85.147178,27.611558,1609
85.147185,27.61156,1609
85.147192,27.611562,1609
85.147199,27.611565,1609
85.147206,27.611567,1611
85.147213,27.611569,1611
85.14722,27.611571,1610
85.147227,27.611574,1610
85.147233,27.611576,1610
85.14724,27.611578,1610
85.147247,27.611581,1610
85.147254,27.611583,1610
85.147261,27.611585,1610
85.147268,27.611587,1608
85.147275,27.61159,1608
85.147282,27.611592,1608
85.147289,27.611594,1608
85.147296,27.611596,1608
85.147303,27.611599,1608
85.14731,27.611601,1606
85.147317,27.611603,1606
85.147324,27.611605,1607
85.147331,27.611608,1607
85.147337,27.61161,1607
85.147344,27.611612,1607
85.147351,27.611614,1605
85.147358,27.611617,1605
85.14739,27.611621,1605
85.147405,27.611621,1603
85.14742,27.611621,1603
85.147435,27.611622,1600
85.14745,27.611622,1600
85.147464,27.611622,1600
85.147479,27.611623,1598
85.147494,27.611623,1598
85.147509,27.611624,1598
85.14753,27.611635,1595
85.147539,27.61164,1595
85.147549,27.611645,1597
85.147558,27.611649,1597
85.147568,27.611654,1594
85.147577,27.611659,1594
85.147587,27.611664,1594
85.147596,27.611668,1594
85.147606,27.611673,1590
85.147615,27.611678,1590
85.147625,27.611683,1593
85.147634,27.611687,1593
85.147644,27.611692,1593
85.147653,27.611697,1590
85.147663,27.611701,1590
85.147672,27.611706,1590
85.147682,27.611711,1590
85.147691,27.611716,1586
85.147701,27.61172,1589
85.14771,27.611725,1589
85.14772,27.61173,1589
85.147729,27.611735,1589
85.147739,27.611739,1587
85.147748,27.611744,1587
85.147758,27.611749,1587
85.147767,27.611753,1587
85.147777,27.611758,1588
85.147786,27.611763,1588
85.147796,27.611768,1588
85.147805,27.611772,1588
85.147815,27.611777,1588
85.147824,27.611782,1586
85.147834,27.611786,1586
85.147843,27.611791,1586
85.147853,27.611796,1589
85.147862,27.611801,1589
85.147872,27.611805,1587
85.147881,27.61181,1587
85.147891,27.611815,1587
85.1479,27.61182,1587
85.14791,27.611824,1585
85.147919,27.611829,1585
85.147929,27.611834,1588
85.147938,27.611838,1588
85.147948,27.611843,1588
85.147957,27.611848,1586
85.147967,27.611853,1586
85.147976,27.611857,1586
85.147986,27.611862,1586
85.147995,27.611867,1584
85.148011,27.611872,1586
85.148017,27.611878,1586
85.148024,27.611883,1586
85.14803,27.611888,1586
85.148037,27.611893,1584
85.148043,27.611898,1584
85.14805,27.611903,1584
85.148057,27.611908,1586
85.148063,27.611913,1586
85.14807,27.611918,1586
85.148076,27.611923,1586
85.148083,27.611928,1583
85.148089,27.611933,1583
85.148096,27.611938,1583
85.148102,27.611943,1583
85.148109,27.611948,1586
85.148116,27.611953,1586
85.148122,27.611958,1583
85.148129,27.611963,1583
85.148135,27.611968,1583
85.148142,27.611973,1583
85.148148,27.611978,1583
85.148155,27.611984,1586
85.148162,27.611989,1586
85.148168,27.611994,1584
85.148175,27.611999,1584
85.148181,27.612004,1584
85.148188,27.612009,1584
85.148194,27.612014,1584
85.148201,27.612019,1584
85.148208,27.612024,1585
85.148214,27.612029,1585
85.148221,27.612034,1585
85.148227,27.612039,1585
85.148234,27.612044,1585
85.14824,27.612049,1585
85.148247,27.612054,1585
85.148254,27.612059,1583
85.14826,27.612064,1586
85.148267,27.612069,1586
85.148273,27.612074,1586
85.14828,27.612079,1586
85.148286,27.612084,1586
85.148293,27.612089,1585
85.1483,27.612095,1585
85.148306,27.6121,1588
85.148313,27.612105,1588
85.148319,27.61211,1588
85.148326,27.612115,1588
85.148332,27.61212,1588
85.148339,27.612125,1586
85.148346,27.61213,1586
85.148352,27.612135,1586
85.148359,27.61214,1589
85.148365,27.612145,1589
85.148372,27.61215,1589
85.148378,27.612155,1588
85.148385,27.61216,1588
85.148391,27.612165,1588
85.148398,27.61217,1588
85.148405,27.612175,1591
85.148411,27.61218,1591
85.148418,27.612185,1591
85.148424,27.61219,1589
85.148431,27.612195,1589
85.148437,27.6122,1589
85.148444,27.612206,1589
85.148451,27.612211,1589
85.148457,27.612216,1592
85.148464,27.612221,1591
85.14847,27.612226,1591
85.148477,27.612231,1591
85.148483,27.612236,1591
85.14849,27.612241,1591
85.148497,27.612246,1591
85.148503,27.612251,1593
85.14851,27.612256,1592
85.148516,27.612261,1592
85.148523,27.612266,1592
85.148529,27.612271,1592
85.148536,27.612276,1592
85.148543,27.612281,1592
85.148549,27.612286,1592
85.148556,27.612291,1593
85.148562,27.612296,1593
85.148569,27.612301,1593
85.148575,27.612306,1593
85.148582,27.612312,1593
85.148589,27.612317,1593
85.148595,27.612322,1591
85.148602,27.612327,1594
85.148608,27.612332,1594
85.148624,27.612343,1594
85.148632,27.612349,1594
85.148641,27.612354,1593
85.148649,27.612359,1593
85.148657,27.612365,1596
85.148665,27.61237,1596
85.148673,27.612376,1596
85.148681,27.612381,1594
85.148689,27.612386,1594
85.148697,27.612392,1594
85.148706,27.612397,1594
85.148714,27.612403,1597
85.148722,27.612408,1596
85.14873,27.612413,1596
85.148738,27.612419,1596
85.148746,27.612424,1596
85.148754,27.61243,1596
85.148762,27.612435,1596
85.148771,27.612441,1597
85.148779,27.612446,1597
85.148787,27.612451,1597
85.148795,27.612457,1597
85.148803,27.612462,1597
85.148811,27.612468,1596
85.148819,27.612473,1596
85.148827,27.612478,1599
85.148836,27.612484,1599
85.148844,27.612489,1599
85.148852,27.612495,1597
85.14886,27.6125,1597
85.148868,27.612505,1597
85.148876,27.612511,1597
85.148884,27.612516,1600
85.148892,27.612522,1600
85.148901,27.612527,1599
85.148909,27.612533,1599
85.148917,27.612538,1599
85.148925,27.612543,1599
85.148933,27.612549,1599
85.148941,27.612554,1601
85.148949,27.61256,1601
85.148958,27.612565,1601
85.148966,27.61257,1601
85.148974,27.612576,1601
85.148982,27.612581,1600
85.14899,27.612587,1600
85.148998,27.612592,1600
85.149006,27.612598,1603
85.149014,27.612603,1603
85.149023,27.612608,1602
85.149031,27.612614,1602
85.149039,27.612619,1602
85.149047,27.612625,1602
85.149055,27.61263,1602
85.149063,27.612635,1606
85.149071,27.612641,1605
85.149079,27.612646,1605
85.149088,27.612652,1605
85.149096,27.612657,1605
85.149116,27.612663,1605
85.149124,27.612665,1605
85.149131,27.612666,1605
85.149138,27.612668,1605
85.149145,27.61267,1608
85.149153,27.612672,1608
85.14916,27.612674,1608
85.149167,27.612676,1608
85.149174,27.612678,1608
85.149181,27.61268,1608
85.149189,27.612682,1608
85.149196,27.612684,1607
85.149203,27.612685,1607
85.14921,27.612687,1607
85.149217,27.612689,1607
85.149225,27.612691,1607
85.149232,27.612693,1607
85.149239,27.612695,1606
85.149246,27.612697,1606
85.149253,27.612699,1606
85.149261,27.612701,1606
85.149268,27.612703,1606
85.149275,27.612704,1606
85.149282,27.612706,1605
85.149289,27.612708,1609
85.149297,27.61271,1609
85.149304,27.612712,1609
85.149311,27.612714,1609
85.149318,27.612716,1609
85.149326,27.612718,1607
85.149333,27.61272,1607
85.14934,27.612721,1607
85.149347,27.612723,1607
85.149354,27.612725,1607
85.149362,27.612727,1607
85.149369,27.612729,1605
85.149376,27.612731,1605
85.149383,27.612733,1605
85.14939,27.612735,1605
85.149398,27.612737,1605
85.149405,27.612739,1605
85.149412,27.61274,1604
85.149419,27.612742,1604
85.149426,27.612744,1604
85.149434,27.612746,1607
85.149441,27.612748,1607
85.149448,27.61275,1607
85.149455,27.612752,1605
85.149462,27.612754,1605
85.14947,27.612756,1605
85.149477,27.612758,1605
85.149484,27.612759,1605
85.149491,27.612761,1605
85.149498,27.612763,1603
85.149506,27.612765,1603
85.149513,27.612767,1603
85.14952,27.612769,1603
85.149527,27.612771,1603
85.149535,27.612773,1603
85.149542,27.612775,1601
85.149552,27.612781,1601
85.149555,27.612785,1603
85.149558,27.612789,1603
85.149561,27.612793,1603
85.149564,27.612797,1603
85.149567,27.612802,1603
85.14957,27.612806,1603
85.149573,27.61281,1603
85.149576,27.612814,1603
85.149579,27.612818,1603
85.149582,27.612822,1603
85.149585,27.612826,1603
85.149588,27.612831,1603
85.149591,27.612835,1603
85.149594,27.612839,1603
85.149597,27.612843,1603
85.1496,27.612847,1603
85.149603,27.612851,1603
85.149606,27.612855,1603
85.149609,27.61286,1605
85.149612,27.612864,1605
85.149615,27.612868,1605
85.149619,27.612872,1605
85.149622,27.612876,1603
85.149625,27.61288,1603
85.149628,27.612884,1603
85.149631,27.612889,1603
85.149634,27.612893,1603
85.149637,27.612897,1604
85.14964,27.612901,1604
85.149643,27.612905,1604
85.149646,27.612909,1604
85.149649,27.612913,1604
85.149652,27.612918,1604
85.149655,27.612922,1604
85.149658,27.612926,1604
85.149661,27.61293,1604
85.149664,27.612934,1604
85.149667,27.612938,1603
85.14967,27.612942,1603
85.149673,27.612947,1603
85.149676,27.612951,1603
85.149679,27.612955,1603
85.149682,27.612959,1603
85.149685,27.612963,1603
85.149688,27.612967,1603
85.149691,27.612971,1603
85.149694,27.612976,1604
85.149697,27.61298,1604
85.1497,27.612984,1604
85.149703,27.612988,1604
85.149706,27.612992,1604
85.149709,27.612996,1603
85.149712,27.613,1603
85.149715,27.613005,1603
85.149718,27.613009,1603
85.149721,27.613013,1604
85.149724,27.613017,1604
85.149727,27.613021,1604
85.14973,27.613025,1604
85.149733,27.613029,1604
85.149736,27.613034,1604
85.149739,27.613038,1604
85.149742,27.613042,1604
85.149745,27.613046,1604
85.149748,27.61305,1604
85.149751,27.613054,1603
85.149754,27.613058,1603
85.149757,27.613063,1603
85.14976,27.613067,1603
85.149763,27.613071,1603
85.149767,27.613075,1603
85.14977,27.613079,1603
85.149773,27.613083,1603
85.149776,27.613088,1602
85.149779,27.613092,1602
85.149782,27.613096,1602
85.149785,27.6131,1602
85.149788,27.613104,1602
85.149791,27.613108,1602
85.149794,27.613112,1600
85.149797,27.613117,1600
85.1498,27.613121,1600
85.149803,27.613125,1600
85.149806,27.613129,1600
85.149809,27.613133,1600
85.149812,27.613137,1600
85.149815,27.613141,1600
85.149818,27.613146,1600
85.149821,27.61315,1600
85.149824,27.613154,1600
85.149827,27.613158,1600
85.14983,27.613162,1600
85.149833,27.613166,1599
85.149836,27.61317,1599
85.149839,27.613175,1598
85.149842,27.613179,1598
85.149845,27.613183,1598
85.149848,27.613187,1598
85.149851,27.613191,1598
85.149854,27.613195,1598
85.149857,27.613199,1598
85.14986,27.613204,1597
85.149863,27.613208,1597
85.149866,27.613212,1597
85.149869,27.613216,1597
85.149872,27.61322,1597
85.149875,27.613224,1597
85.149878,27.613228,1597
85.149881,27.613233,1596
85.149884,27.613237,1596
85.149887,27.613241,1594
85.14989,27.613245,1594
85.149893,27.613249,1594
85.149896,27.613253,1594
85.149899,27.613257,1594
85.149902,27.613262,1594
85.149905,27.613266,1594
85.149892,27.613284,1593
85.149883,27.613295,1593
85.149874,27.613306,1593
85.149865,27.613317,1593
85.149856,27.613327,1593
85.149847,27.613338,1593
85.149838,27.613349,1593
85.149829,27.61336,1593
85.14982,27.613371,1593
85.149811,27.613382,1592
85.149802,27.613393,1592
85.149793,27.613404,1592
85.149784,27.613415,1592
85.149775,27.613426,1592
85.149766,27.613437,1592
85.149757,27.613448,1592
85.149748,27.613459,1592
85.149739,27.61347,1592
85.14973,27.613481,1592
85.149721,27.613492,1591
85.149712,27.613503,1591
85.149703,27.613514,1591
85.149694,27.613525,1591
85.149685,27.613536,1591
85.149676,27.613547,1591
85.149667,27.613557,1591
85.149658,27.613568,1591
85.149649,27.613579,1591
85.14964,27.61359,1591
85.149631,27.613601,1590
85.149622,27.613612,1590
85.149613,27.613623,1590
85.149604,27.613634,1590
85.149595,27.613645,1590
85.149586,27.613656,1590
85.149577,27.613667,1590
85.149568,27.613678,1590
85.149559,27.613689,1590
85.14955,27.6137,1590
85.149541,27.613711,1590
85.149532,27.613722,1589
85.149523,27.613733,1589
85.149514,27.613744,1589
85.149505,27.613755,1589
85.149496,27.613766,1589
85.149487,27.613777,1589
85.149478,27.613788,1589
85.149474,27.6138,1589
85.149469,27.613813,1589
85.149464,27.613827,1589
85.149458,27.613839,1588
85.149451,27.613853,1588
85.149443,27.613867,1588
85.149435,27.61388,1588
85.149427,27.613893,1588
85.14942,27.613903,1588
85.149416,27.613911,1588
85.149412,27.613917,1588
85.149408,27.613921,1588
85.149404,27.613925,1588
85.1494,27.613929,1588
85.149395,27.613937,1588
85.149389,27.613946,1588
85.149383,27.613955,1588
85.149377,27.613966,1587
85.149371,27.613977,1587
85.149364,27.613988,1587
85.149356,27.613998,1587
85.149349,27.614011,1587
85.149342,27.614023,1587
85.149335,27.614035,1587
85.149328,27.614046,1587
85.149321,27.614059,1587
85.149314,27.614072,1587
85.149306,27.614086,1586
85.149297,27.614099,1586
85.149287,27.614113,1586
85.149277,27.614126,1586
85.149268,27.614139,1586
85.14926,27.614149,1586
85.149251,27.614158,1586
85.149239,27.614167,1586
85.149226,27.614177,1586
85.149215,27.614186,1586
85.149204,27.614196,1586
85.149193,27.614205,1585
85.149181,27.614214,1585
85.149169,27.614225,1585
85.149158,27.614235,1585
85.149147,27.614244,1585
85.149136,27.614253,1585
85.149126,27.61426,1585
85.149115,27.614266,1585
85.149104,27.614273,1585
85.149093,27.614279,1585
85.14908,27.614286,1584
85.149068,27.614294,1584
85.149054,27.614303,1584
85.14904,27.614311,1584
85.149027,27.614318,1584
85.149015,27.614325,1584
85.149003,27.614333,1584
85.148993,27.614343,1584
85.148982,27.614355,1584
85.148972,27.614368,1584
85.148956,27.614385,1583
85.14895,27.614391,1583
85.148939,27.6144,1583
85.148927,27.614408,1583
85.148916,27.614416,1583
85.148904,27.614423,1583
85.14889,27.61443,1583
85.148875,27.614436,1583
85.148861,27.614441,1583
85.148849,27.614446,1583
85.148839,27.614451,1583
85.148828,27.614457,1583
85.148816,27.614463,1582
85.148802,27.614467,1582
85.148787,27.614469,1582
85.148773,27.61447,1582
85.14876,27.614473,1582
85.148746,27.614477,1582
85.148734,27.61448,1582
85.148723,27.614483,1582
85.148713,27.614486,1582
85.148705,27.614491,1582
85.148698,27.6145,1582
85.148694,27.61451,1582
85.148693,27.614522,1582
85.148694,27.614536,1582
85.148698,27.61455,1582
85.148702,27.614563,1581
85.148707,27.614576,1581
85.148711,27.614588,1581
85.148717,27.6146,1581
85.148722,27.614611,1581
85.148727,27.614623,1581
85.148734,27.614634,1581
85.14874,27.614644,1581
85.148747,27.614656,1581
85.148754,27.614666,1581
85.14876,27.614679,1581
85.148766,27.61469,1581
85.148771,27.614701,1581
85.148774,27.614712,1581
85.148776,27.614723,1581
85.148777,27.614735,1581
85.148779,27.614743,1580
85.148778,27.614762,1580
85.148777,27.614763,1580
85.148775,27.614767,1580
85.148771,27.614772,1580
85.148766,27.614787,1580
85.148763,27.61478,1580
85.148763,27.614777,1580
85.148764,27.61478,1580
85.148766,27.614782,1580
85.148776,27.614799,1580
85.148774,27.614802,1580
85.14877,27.614805,1580
85.148763,27.614812,1580
85.148753,27.614821,1580
85.148743,27.614831,1580
85.148732,27.614842,1580
85.148722,27.614852,1580
85.148712,27.614864,1580
85.148703,27.614876,1580
85.148695,27.61489,1580
85.148689,27.614902,1580
85.148684,27.614914,1580
85.148679,27.614927,1580
85.148676,27.614939,1580
85.148674,27.614951,1580
85.148675,27.614963,1580
85.148678,27.614976,1580
85.148682,27.614989,1580
85.148686,27.615002,1580
85.148691,27.615015,1580
85.148695,27.615028,1580
85.1487,27.615041,1580
85.148706,27.615055,1580
85.148714,27.615069,1580
85.148721,27.615084,1580
85.148727,27.615098,1580
85.148732,27.615114,1580
85.148736,27.615129,1580
85.14874,27.615145,1580
85.148741,27.615159,1580
85.148741,27.615174,1580
85.14874,27.615187,1580
85.14874,27.6152,1580
85.148739,27.615212,1580
85.148736,27.615223,1580
85.148732,27.615233,1580
85.148726,27.615242,1580
85.14872,27.615252,1580
85.148713,27.615262,1580
85.148707,27.615274,1580
85.1487,27.615287,1580
85.148695,27.6153,1580
85.148688,27.615314,1580
85.14868,27.615328,1580
85.148673,27.61534,1580
85.148666,27.615352,1581
85.14866,27.615365,1581
85.148653,27.615378,1581
85.148649,27.61539,1581
85.148644,27.615401,1581
85.148638,27.615411,1581
85.14863,27.615421,1581
85.148622,27.615431,1581
85.148613,27.615441,1581
85.148603,27.61545,1581
85.148594,27.615459,1581
85.148586,27.615469,1581
85.148578,27.615478,1581
85.148571,27.615488,1581
85.148563,27.615498,1581
85.148554,27.615507,1581
85.148544,27.615516,1581
85.148535,27.615526,1581
85.148526,27.615537,1581
85.14852,27.615549,1581
85.148516,27.615562,1581
85.148513,27.615575,1581
85.148512,27.615589,1581
85.148512,27.615601,1581
85.148512,27.615611,1581
85.148512,27.615618,1581
85.148508,27.615628,1581
85.148503,27.615632,1581
85.148502,27.615633,1581
85.1485,27.615637,1581
85.148496,27.615642,1581
85.148491,27.615649,1581
85.148485,27.615657,1581
85.148478,27.615666,1581
85.148471,27.615677,1581
85.148464,27.615689,1581
85.148457,27.615702,1581
85.148451,27.615717,1581
85.148448,27.615731,1581
85.148448,27.615745,1581
85.148449,27.615757,1581
85.148448,27.615768,1581
85.148446,27.615778,1581
85.148443,27.615789,1581
85.148437,27.615812,1582
85.148436,27.615823,1582
85.148435,27.615835,1582
85.148434,27.615846,1582
85.148433,27.615857,1582
85.148432,27.615869,1582
85.148431,27.61588,1582
85.14843,27.615891,1582
85.148429,27.615903,1582
85.148427,27.615914,1582
85.148426,27.615925,1582
85.148425,27.615937,1582
85.148424,27.615948,1582
85.148423,27.615959,1582
85.148422,27.615971,1582
85.148421,27.615982,1582
85.14842,27.615993,1582
85.148419,27.616004,1582
85.148417,27.616016,1582
85.148416,27.616027,1582
85.148415,27.616038,1582
85.148414,27.61605,1582
85.148413,27.616061,1582
85.148412,27.616072,1582
85.148411,27.616084,1582
85.14841,27.616095,1582
85.148409,27.616106,1582
85.148407,27.616118,1582
85.148406,27.616129,1582
85.148405,27.61614,1582
85.148404,27.616151,1582
85.148403,27.616163,1582
85.148402,27.616174,1582
85.148401,27.616185,1582
85.1484,27.616197,1582
85.148399,27.616208,1582
85.148399,27.616226,1582
85.148397,27.616235,1582
85.148395,27.616245,1582
85.148393,27.616255,1582
85.148391,27.616264,1582
85.148389,27.616274,1582
85.148387,27.616284,1582
85.148386,27.616293,1582
85.148384,27.616303,1582
85.148382,27.616313,1582
85.14838,27.616322,1582
85.148378,27.616332,1582
85.148376,27.616342,1582
85.148374,27.616351,1582
85.148372,27.616361,1582
85.148371,27.616371,1582
85.148369,27.61638,1582
85.148367,27.61639,1582
85.148365,27.6164,1582
85.148363,27.616409,1582
85.148361,27.616419,1581
85.148359,27.616428,1581
85.148357,27.616438,1581
85.148356,27.616448,1581
85.148354,27.616457,1581
85.148352,27.616467,1581
85.14835,27.616477,1581
85.148348,27.616486,1581
85.148346,27.616496,1581
85.148344,27.616506,1581
85.148342,27.616515,1581
85.14834,27.616525,1581
85.148339,27.616535,1581
85.148337,27.616544,1581
85.148335,27.616554,1581
85.148333,27.616564,1581
85.148331,27.616573,1581
85.148329,27.616583,1581
85.148327,27.616593,1581
85.148325,27.616602,1581
85.148324,27.616612,1581
85.148322,27.616622,1581
85.14832,27.616631,1581
85.148318,27.616641,1581
85.148316,27.616651,1581
85.148314,27.61666,1581
85.148312,27.61667,1581
85.14831,27.61668,1581
85.148309,27.616689,1581
85.148307,27.616699,1581
85.148305,27.616709,1581
85.148303,27.616718,1581
85.148301,27.616728,1581
85.148299,27.616737,1581
85.148297,27.616747,1581
85.148295,27.616757,1581
85.148293,27.616766,1581
85.148292,27.616776,1581
85.148297,27.616802,1581
85.1483,27.616814,1581
85.148302,27.616826,1581
85.148305,27.616838,1581
85.148308,27.616849,1581
85.148311,27.616861,1581
85.148313,27.616873,1581
85.148316,27.616885,1581
85.148319,27.616896,1581
85.148322,27.616908,1581
85.148325,27.61692,1581
85.148327,27.616931,1581
85.14833,27.616943,1581
85.148333,27.616955,1581
85.148336,27.616967,1581
85.148339,27.616978,1581
85.148341,27.61699,1581
85.148344,27.617002,1581
85.148347,27.617013,1581
85.14835,27.617025,1581
85.148352,27.617037,1581
85.148355,27.617049,1581
85.148358,27.61706,1581
85.148361,27.617072,1581
85.148364,27.617084,1581
85.148366,27.617096,1581
85.148369,27.617107,1581
85.148372,27.617119,1581
85.148375,27.617131,1581
85.148378,27.617142,1581
85.14838,27.617154,1581
85.148383,27.617166,1581
85.148386,27.617178,1581
85.148389,27.617189,1581
85.148392,27.617201,1581
85.148394,27.617213,1581
85.148397,27.617224,1581
85.1484,27.617236,1581
85.148403,27.617248,1581
85.148405,27.61726,1581
85.148408,27.617271,1581
85.148411,27.617283,1581
85.148414,27.617295,1581
85.148417,27.617306,1581
85.148419,27.617318,1581
85.148421,27.617334,1581
85.148422,27.617333,1581
85.148423,27.61733,1581
85.148425,27.617327,1581
85.148424,27.617316,1581
85.148419,27.61732,1581
85.148411,27.617328,1581
85.148401,27.617338,1581
85.14839,27.617351,1581
85.148379,27.617365,1581
85.148367,27.61738,1581
85.148357,27.617395,1581
85.148345,27.61741,1581
85.148334,27.617426,1581
85.148322,27.617441,1581
85.148312,27.617456,1581
85.148301,27.617471,1581
85.14829,27.617485,1581
85.148278,27.617497,1581
85.148265,27.617507,1581
85.148253,27.617514,1581
85.14824,27.61752,1581
85.148228,27.617526,1581
85.148217,27.617532,1581
85.148205,27.617538,1581
85.148193,27.617543,1581
85.148181,27.617549,1581
85.148169,27.617554,1581
85.148158,27.61756,1581
85.148147,27.617567,1581
85.148137,27.617575,1581
85.148126,27.617584,1581
85.148115,27.617595,1581
85.148105,27.617606,1581
85.148095,27.617618,1581
85.148087,27.61763,1582
85.148078,27.617644,1582
85.14807,27.617656,1582
85.148063,27.617669,1582
85.148058,27.61768,1582
85.148055,27.617692,1582
85.148055,27.617703,1582
85.148056,27.617713,1582
85.148056,27.617724,1582
85.148054,27.617734,1582
85.148051,27.617745,1582
85.148047,27.617755,1582
85.148044,27.617765,1582
85.14804,27.617775,1582
85.148036,27.617785,1581
85.148031,27.617796,1581
85.148025,27.617808,1581
85.148019,27.617819,1581
85.148014,27.61783,1581
85.148007,27.617842,1581
85.148,27.617853,1581
85.147994,27.617863,1581
85.147986,27.617872,1581
85.147979,27.617881,1581
85.14797,27.617889,1580
85.147959,27.617896,1580
85.147948,27.617904,1580
85.147937,27.61791,1580
85.147926,27.617917,1580
85.147915,27.617924,1579
85.147907,27.61793,1579
85.147899,27.617936,1579
85.147893,27.617943,1579
85.147887,27.617952,1579
85.14788,27.617962,1579
85.147873,27.617971,1578
85.147866,27.617978,1578
85.147859,27.617985,1578
85.147854,27.617992,1578
85.147849,27.618,1578
85.147842,27.618008,1577
85.147835,27.618015,1577
85.147828,27.618021,1577
85.14782,27.618027,1577
85.14781,27.618032,1577
85.147797,27.618038,1577
85.147784,27.618045,1576
85.147771,27.618049,1576
85.147756,27.618054,1576
85.14774,27.618057,1575
85.147726,27.618061,1575
85.147712,27.618063,1575
85.147696,27.618065,1575
85.147678,27.618067,1574
85.147661,27.618072,1574
85.147645,27.618077,1574
85.147631,27.618081,1574
85.147616,27.618085,1573
85.147603,27.618089,1573
85.147592,27.618094,1573
85.147581,27.6181,1573
85.147572,27.618106,1572
85.147565,27.618114,1572
85.147558,27.618122,1572
85.147552,27.618134,1572
85.147546,27.618146,1572
85.14754,27.61816,1571
85.147534,27.618174,1571
85.147528,27.618189,1571
85.14752,27.618204,1570
85.147514,27.618219,1570
85.147508,27.618233,1570
85.147503,27.618247,1570
85.147496,27.618259,1569
85.14749,27.618271,1569
85.147484,27.618283,1569
85.147478,27.618295,1569
85.147471,27.618307,1568
85.147466,27.61832,1568
85.14746,27.618333,1568
85.147454,27.618344,1568
85.147447,27.618354,1567
85.14744,27.618364,1567
85.147433,27.618375,1567
85.147426,27.618386,1567
85.147419,27.618399,1566
85.147413,27.618411,1566
85.147405,27.618424,1566
85.147398,27.618437,1566
85.14739,27.61845,1565
85.147383,27.61846,1565
85.147378,27.618468,1565
85.147377,27.618476,1565
85.147375,27.618483,1565
85.147373,27.618491,1565
85.14737,27.618499,1564
85.147365,27.618507,1564
85.147358,27.618515,1564
85.147352,27.618522,1564
85.147345,27.618531,1564
85.14734,27.618539,1564
85.147336,27.618545,1563
85.147334,27.618552,1563
85.147333,27.61856,1563
85.147333,27.618569,1563
85.147332,27.618578,1563
85.147332,27.618588,1563
85.147332,27.6186,1562
85.14733,27.618611,1562
85.147329,27.618623,1562
85.147327,27.618635,1562
85.147327,27.61865,1561
85.147329,27.618655,1561
85.147331,27.61866,1561
85.147334,27.618665,1561
85.147336,27.61867,1561
85.147338,27.618675,1561
85.147341,27.618679,1561
85.147343,27.618684,1561
85.147345,27.618689,1561
85.147348,27.618694,1561
85.14735,27.618699,1561
85.147352,27.618704,1561
85.147355,27.618708,1561
85.147357,27.618713,1561
85.147359,27.618718,1559
85.147362,27.618723,1559
85.147364,27.618728,1559
85.147366,27.618733,1559
85.147368,27.618737,1559
85.147371,27.618742,1559
85.147373,27.618747,1559
85.147375,27.618752,1559
85.147378,27.618757,1557
85.14738,27.618762,1557
85.147382,27.618766,1557
85.147385,27.618771,1557
85.147387,27.618776,1557
85.147389,27.618781,1557
85.147392,27.618786,1556
85.147394,27.618791,1554
85.147396,27.618795,1554
85.147399,27.6188,1554
85.147401,27.618805,1554
85.147403,27.61881,1554
85.147406,27.618815,1554
85.147408,27.61882,1554
85.14741,27.618824,1554
85.147413,27.618829,1553
85.147415,27.618834,1553
85.147417,27.618839,1553
85.14742,27.618844,1553
85.147422,27.618849,1553
85.147424,27.618853,1553
85.147427,27.618858,1553
85.147429,27.618863,1553
85.147431,27.618868,1552
85.147434,27.618873,1552
85.147436,27.618878,1552
85.147438,27.618882,1552
85.14744,27.618887,1552
85.147443,27.618892,1552
85.147445,27.618897,1552
85.147447,27.618902,1552
85.14745,27.618907,1551
85.147452,27.618911,1551
85.147454,27.618916,1551
85.147457,27.618921,1551
85.147459,27.618926,1551
85.147461,27.618931,1551
85.147464,27.618936,1551
85.147466,27.61894,1551
85.147468,27.618945,1550
85.147471,27.61895,1550
85.147473,27.618955,1550
85.147475,27.61896,1550
85.147478,27.618965,1549
85.14748,27.618969,1549
85.147482,27.618974,1549
85.147485,27.618979,1549
85.147487,27.618984,1551
85.147498,27.618991,1553
85.147508,27.618998,1555
85.147518,27.619005,1556
85.147529,27.619011,1557
85.147538,27.619016,1559
85.147546,27.619022,1560
85.147552,27.619026,1560
85.147559,27.61903,1560
85.147565,27.619033,1559
85.147583,27.619038,1559
85.147586,27.61904,1559
85.147591,27.619042,1559
85.147595,27.619044,1559
85.147608,27.619052,1558
85.147609,27.619052,1558
85.147611,27.619054,1558
85.14762,27.619063,1557
85.147621,27.619065,1557
85.147624,27.619069,1557
85.147629,27.619074,1557
85.147634,27.619079,1557
85.147642,27.619085,1557
85.147651,27.619091,1556
85.14766,27.619098,1556
85.147668,27.619105,1556
85.147676,27.619112,1556
85.147684,27.619118,1556
85.147693,27.619123,1555
85.147699,27.619127,1555
85.147705,27.619131,1555
85.14771,27.619135,1554
85.147715,27.619138,1554
85.14772,27.619141,1554
85.147725,27.619145,1554
85.147731,27.619149,1554
85.147738,27.619153,1554
85.147746,27.619158,1554
85.147756,27.619163,1554
85.147767,27.619169,1554
85.147777,27.619175,1552
85.147786,27.61918,1552
85.147806,27.619188,1552
85.14781,27.619186,1552
85.147811,27.619193,1552
85.147812,27.619193,1552
85.147814,27.619193,1552
85.14782,27.619196,1552
85.147822,27.619196,1552
85.147833,27.619198,1552
85.147843,27.619201,1552
85.147846,27.619204,1552
85.147852,27.619209,1551
85.147862,27.619217,1551
85.147875,27.619226,1551
85.147887,27.619234,1551
85.147898,27.619243,1551
85.147907,27.619249,1550
85.147915,27.619255,1550
85.147921,27.61926,1550
85.147931,27.619271,1550
85.147931,27.619275,1550
85.147934,27.619277,1550
85.14794,27.619282,1550
85.147951,27.619289,1549
85.147962,27.619297,1549
85.147973,27.619305,1549
85.147984,27.619313,1549
85.147995,27.619321,1548
85.148006,27.619329,1548
85.148018,27.619337,1548
85.14803,27.619346,1548
85.148039,27.619355,1548
85.148049,27.619363,1548
85.148059,27.619371,1548
85.148068,27.619378,1548
85.148076,27.619385,1548
85.148084,27.619394,1547
85.148095,27.619404,1547
85.148106,27.619412,1547
85.148116,27.61942,1547
85.148128,27.619427,1547
85.148138,27.619434,1547
85.148146,27.619438,1547
85.148158,27.619448,1547
85.148157,27.619447,1547
85.148155,27.61945,1547
85.148159,27.619451,1547
85.148167,27.619455,1547
85.148177,27.61946,1547
85.148187,27.619465,1547
85.148197,27.61947,1547
85.148204,27.619474,1547
85.14821,27.619478,1546
85.148215,27.619481,1546
85.148225,27.619488,1546
85.148234,27.619496,1546
85.148258,27.61951,1546
85.14826,27.619511,1546
85.148264,27.619513,1546
85.14827,27.619518,1546
85.148278,27.619525,1546
85.148286,27.61953,1546
85.148296,27.619536,1546
85.148305,27.619542,1546
85.148313,27.619547,1546
85.148321,27.619553,1546
85.148329,27.619559,1546
85.148336,27.619565,1546
85.148344,27.619571,1546
85.148353,27.619578,1546
85.148362,27.619585,1546
85.148372,27.61959,1547
85.148381,27.619597,1547
85.14839,27.619603,1547
85.148401,27.619609,1547
85.148412,27.619616,1547
85.148424,27.619622,1547
85.148436,27.619628,1547
85.148447,27.619635,1547
85.148459,27.619642,1547
85.14847,27.61965,1547
85.148482,27.619658,1547
85.148494,27.619667,1547
85.148507,27.619675,1547
85.148521,27.619682,1547
85.148535,27.61969,1547
85.148549,27.619698,1547
85.148563,27.619707,1547
85.148576,27.619715,1548
85.148587,27.619724,1549
85.148597,27.619731,1549
85.148604,27.619737,1549
85.148621,27.619753,1548
85.148622,27.619753,1548
85.148624,27.619755,1548
85.148627,27.619757,1548
85.148632,27.619761,1548
85.148637,27.619763,1550
85.148642,27.619766,1550
85.148646,27.619768,1550
85.14865,27.61977,1550
85.148655,27.619772,1550
85.148662,27.619775,1550
85.14867,27.61978,1549
85.148679,27.619786,1551
85.148687,27.619792,1551
85.148695,27.619799,1551
85.148702,27.619805,1551
85.14871,27.61981,1551
85.148718,27.619815,1551
85.148727,27.61982,1552
85.148737,27.619826,1552
85.148747,27.619833,1552
85.148756,27.619839,1552
85.148765,27.619844,1553
85.148776,27.619851,1553
85.148787,27.619857,1553
85.148798,27.619863,1553
85.148808,27.61987,1554
85.148818,27.619876,1554
85.148831,27.619883,1554
85.148836,27.619886,1554
85.148849,27.619896,1554
85.148855,27.6199,1555
85.14886,27.619904,1555
85.148866,27.619908,1555
85.148871,27.619912,1555
85.148877,27.619916,1555
85.148882,27.61992,1555
85.148888,27.619924,1555
85.148893,27.619928,1557
85.148899,27.619932,1556
85.148904,27.619936,1556
85.14891,27.61994,1556
85.148915,27.619944,1556
85.148921,27.619948,1556
85.148926,27.619952,1556
85.148932,27.619957,1556
85.148937,27.619961,1557
85.148943,27.619965,1557
85.148948,27.619969,1557
85.148954,27.619973,1557
85.148959,27.619977,1557
85.148964,27.619981,1557
85.14897,27.619985,1557
85.148975,27.619989,1557
85.148981,27.619993,1558
85.148986,27.619997,1558
85.148992,27.620001,1558
85.148997,27.620005,1558
85.149003,27.620009,1557
85.149008,27.620013,1557
85.149014,27.620017,1557
85.149019,27.620021,1557
85.149025,27.620025,1559
85.14903,27.620029,1559
85.149036,27.620033,1559
85.149041,27.620037,1559
85.149047,27.620041,1559
85.149052,27.620045,1559
85.149058,27.620049,1559
85.149063,27.620054,1559
85.149069,27.620058,1561
85.149074,27.620062,1561
85.14908,27.620066,1561
85.149085,27.62007,1561
85.149091,27.620074,1561
85.149096,27.620078,1561
85.14909,27.620072,1561
85.149081,27.620064,1561
85.149072,27.620054,1561
85.149063,27.620042,1559
85.149057,27.620032,1559
85.149052,27.620022,1559
85.149051,27.620013,1559
85.149053,27.620003,1559
85.149058,27.619994,1559
85.149064,27.619987,1559
85.149072,27.619979,1560
85.14908,27.619971,1560
85.149089,27.619962,1560
85.149098,27.619951,1560
85.149107,27.619939,1561
85.149115,27.619927,1560
85.149121,27.619914,1560
85.149127,27.6199,1560
85.149133,27.619887,1560
85.149138,27.619874,1560
85.149143,27.619862,1560
85.149148,27.619852,1560
85.149151,27.619843,1560
85.149155,27.619834,1560
85.14916,27.619824,1560
85.149166,27.619814,1560
85.149171,27.619802,1560
85.149177,27.619789,1560
85.149184,27.619776,1560
85.14919,27.619761,1560
85.149196,27.619746,1560
85.149202,27.619731,1560
85.149209,27.619718,1560
85.149215,27.619705,1560
85.149221,27.619692,1560
85.149225,27.61968,1560
85.149229,27.619668,1560
85.149233,27.619656,1560
85.149236,27.619643,1561
85.149237,27.619631,1561
85.14924,27.61962,1562
85.149243,27.619607,1562
85.149248,27.619594,1562
85.149254,27.619582,1562
85.14926,27.619569,1562
85.149266,27.619557,1562
85.149273,27.619545,1561
85.149279,27.61953,1562
85.149285,27.619516,1562
85.14929,27.619502,1561
85.149293,27.619488,1561
85.149294,27.619475,1561
85.149293,27.619465,1560
85.149291,27.619439,1560
85.149294,27.619438,1560
85.149291,27.619433,1559
85.149289,27.61943,1559
85.149287,27.619424,1559
85.149284,27.619418,1559
85.149282,27.619411,1559
85.14928,27.619405,1559
85.149278,27.619399,1557
85.149277,27.619394,1554
85.149275,27.619388,1554
85.149273,27.619383,1554
85.149272,27.619369,1554
85.149285,27.619358,1554
85.149295,27.61935,1554
85.149304,27.619341,1554
85.149314,27.619332,1554
85.149324,27.619324,1556
85.149333,27.619315,1554
85.149343,27.619306,1554
85.149353,27.619298,1554
85.149362,27.619289,1554
85.149372,27.61928,1555
85.149382,27.619271,1555
85.149391,27.619263,1555
85.149401,27.619254,1555
85.149411,27.619245,1557
85.14942,27.619237,1557
85.14943,27.619228,1557
85.14944,27.619219,1557
85.149449,27.619211,1557
85.149459,27.619202,1558
85.149469,27.619193,1558
85.149478,27.619184,1558
85.149488,27.619176,1558
85.149498,27.619167,1559
85.149507,27.619158,1559
85.149517,27.61915,1559
85.149527,27.619141,1559
85.149534,27.619135,1559
85.149542,27.619127,1559
85.149549,27.619119,1559
85.149557,27.619111,1559
85.149565,27.619104,1559
85.149572,27.619096,1559
85.149579,27.61909,1556
85.149585,27.619084,1559
85.149589,27.619079,1559
85.149594,27.619074,1559
85.149598,27.619069,1559
85.149602,27.619066,1559
85.149617,27.619058,1559
85.149615,27.61906,1559
85.149619,27.61906,1559
85.14962,27.619059,1559
85.149621,27.619058,1559
85.149624,27.619058,1561
85.14964,27.619056,1559
85.149641,27.619056,1559
85.149654,27.619058,1561
85.149655,27.619056,1559
85.149658,27.619052,1559
85.149661,27.619047,1559
85.149666,27.619039,1561
85.14967,27.619031,1561
85.149674,27.61902,1561
85.149679,27.61901,1560
85.149684,27.619,1560
85.149692,27.61899,1560
85.1497,27.618983,1560
85.149707,27.618977,1558
85.149712,27.618973,1561
85.149729,27.618956,1561
85.149729,27.618954,1561
85.149731,27.618952,1561
85.149734,27.618948,1561
85.149734,27.618943,1561
85.149733,27.618937,1560
85.149733,27.618929,1560
85.149735,27.618919,1560
85.149737,27.61891,1560
85.149739,27.618902,1559
85.149739,27.618895,1559
85.149738,27.61889,1559
85.149737,27.618884,1559
85.149734,27.618877,1559
85.149732,27.618871,1559
85.14973,27.618864,1558
85.149728,27.618858,1558
85.149725,27.61885,1558
85.149723,27.618842,1558
85.149723,27.618835,1558
85.149723,27.618829,1558
85.149725,27.618823,1557
85.149726,27.618817,1557
85.14973,27.618809,1557
85.149733,27.618803,1557
85.149738,27.618796,1557
85.149744,27.618789,1555
85.149751,27.618782,1559
85.149756,27.618776,1559
85.149761,27.618771,1559
85.149765,27.618765,1559
85.14977,27.618758,1559
85.149775,27.618751,1557
85.149781,27.618743,1557
85.149786,27.618734,1557
85.149789,27.618724,1557
85.14979,27.618714,1555
85.149791,27.618704,1555
85.149793,27.618693,1555
85.149795,27.618683,1557
85.1498,27.618672,1555
85.149806,27.618661,1555
85.149814,27.618652,1555
85.149823,27.618643,1555
85.149832,27.618635,1554
85.149843,27.618627,1554
85.149854,27.61862,1554
85.149866,27.618613,1554
85.149878,27.618607,1554
85.14989,27.618601,1554
85.149902,27.618595,1553
85.149913,27.618589,1553
85.149924,27.618582,1553
85.149935,27.618574,1553
85.149946,27.618567,1553
85.149958,27.618561,1552
85.149969,27.618558,1552
85.14998,27.618555,1552
85.14999,27.618552,1552
85.150001,27.618551,1552
85.150013,27.618548,1552
85.150027,27.618535,1552
85.15003,27.618526,1552
85.150033,27.618517,1550
85.150036,27.618508,1550
85.150039,27.618499,1550
85.150042,27.618489,1550
85.150045,27.61848,1549
85.150048,27.618471,1549
85.150051,27.618462,1549
85.150054,27.618453,1549
85.150057,27.618444,1548
85.15006,27.618435,1548
85.150063,27.618425,1548
85.150066,27.618416,1548
85.150069,27.618407,1547
85.150072,27.618398,1547
85.150075,27.618389,1547
85.150078,27.61838,1547
85.150081,27.618371,1546
85.150084,27.618361,1546
85.150087,27.618352,1546
85.150089,27.618343,1546
85.150092,27.618334,1546
85.150095,27.618325,1546
85.150098,27.618316,1546
85.150101,27.618306,1546
85.150104,27.618297,1546
85.150107,27.618288,1546
85.15011,27.618279,1546
85.150113,27.61827,1546
85.150121,27.618256,1546
85.150125,27.618249,1546
85.150129,27.618242,1546
85.150133,27.618234,1546
85.150138,27.618227,1546
85.150142,27.61822,1546
85.150146,27.618213,1546
85.15015,27.618206,1546
85.150155,27.618199,1546
85.150159,27.618192,1546
85.150163,27.618185,1546
85.150167,27.618178,1546
85.150172,27.618171,1546
85.150176,27.618164,1546
85.15018,27.618157,1546
85.150185,27.618149,1546
85.150189,27.618142,1546
85.150193,27.618135,1546
85.150197,27.618128,1546
85.150202,27.618121,1546
85.150206,27.618114,1546
85.15021,27.618107,1546
85.150214,27.6181,1546
85.150219,27.618093,1546
85.150223,27.618086,1545
85.150227,27.618079,1545
85.150231,27.618071,1545
85.150236,27.618064,1545
85.15024,27.618057,1545
85.150244,27.61805,1545
85.150248,27.618043,1545
85.150253,27.618036,1545
85.150257,27.618029,1545
85.150261,27.618022,1545
85.150265,27.618015,1545
85.15027,27.618008,1545
85.150274,27.618001,1545
85.150278,27.617994,1545
85.150282,27.617986,1545
85.150287,27.617979,1545
85.150291,27.617972,1545
85.150295,27.617965,1545
85.150299,27.617958,1545
85.150304,27.617951,1544
85.150308,27.617944,1544
85.150312,27.617937,1545
85.150316,27.61793,1545
85.150321,27.617923,1545
85.150325,27.617916,1545
85.150329,27.617908,1545
85.150333,27.617901,1545
85.150338,27.617894,1545
85.150342,27.617887,1545
85.150346,27.61788,1545
85.150351,27.617873,1544
85.150355,27.617866,1544
85.150359,27.617859,1544
85.150363,27.617852,1544
85.150372,27.617841,1544
85.150376,27.617837,1544
85.15038,27.617834,1544
85.150384,27.61783,1544
85.150389,27.617826,1544
85.150393,27.617822,1544
85.150397,27.617819,1544
85.150401,27.617815,1544
85.150405,27.617811,1544
85.150409,27.617807,1544
85.150413,27.617804,1544
85.150417,27.6178,1543
85.150421,27.617796,1543
85.150426,27.617792,1543
85.15043,27.617789,1543
85.150434,27.617785,1543
85.150438,27.617781,1543
85.150442,27.617777,1543
85.150446,27.617774,1543
85.15045,27.61777,1543
85.150454,27.617766,1543
85.150459,27.617763,1542
85.150466,27.617758,1542
85.150471,27.617754,1542
85.150477,27.61775,1542
85.150482,27.617747,1543
85.150487,27.617744,1543
85.150489,27.617739,1543
85.150492,27.617735,1543
85.150496,27.617733,1543
85.150501,27.617732,1543
85.150505,27.61773,1543
85.150509,27.617729,1543
85.150513,27.617727,1543
85.150518,27.617722,1542
85.150513,27.617722,1542
85.150525,27.617722,1544
85.15053,27.617719,1544
85.150541,27.617713,1544
85.150555,27.617706,1544
85.150571,27.617699,1546
85.150589,27.617691,1546
85.15061,27.617683,1546
85.150632,27.617677,1546
85.150654,27.617672,1548
85.150676,27.61767,1548
85.150707,27.617669,1550
85.15072,27.617668,1550
85.150732,27.617667,1550
85.150745,27.617665,1551
85.150758,27.617664,1551
85.150771,27.617663,1551
85.150784,27.617662,1553
85.150797,27.617661,1553
85.15081,27.61766,1553
85.150823,27.617659,1553
85.150835,27.617658,1554
85.150848,27.617656,1554
85.150861,27.617655,1554
85.150874,27.617654,1555
85.150887,27.617653,1555
85.150899,27.617645,1552
85.150909,27.617637,1552
85.150919,27.617628,1553
85.150926,27.617618,1553
85.150929,27.617607,1550
85.150928,27.617597,1550
85.150925,27.617587,1550
85.150919,27.617578,1550
85.150913,27.617569,1548
85.150906,27.617558,1548
85.150901,27.617548,1548
85.1509,27.617538,1548
85.1509,27.617528,1546
85.150903,27.617517,1546
85.150907,27.617505,1546
85.150911,27.617492,1544
85.150917,27.61748,1544
85.150923,27.617469,1544
85.150929,27.617459,1542
85.150935,27.617448,1542
85.150941,27.617437,1542
85.150947,27.617426,1542
85.150952,27.617415,1542
85.150957,27.617404,1542
85.150963,27.617393,1542
85.150968,27.61738,1541
85.150974,27.617368,1541
85.150978,27.617358,1541
85.150983,27.617346,1541
85.150988,27.617335,1540
85.150992,27.617325,1540
85.150995,27.617317,1540
85.150998,27.617311,1541
85.151001,27.617296,1540
85.151002,27.617295,1540
85.151006,27.617293,1540
85.151011,27.617289,1540
85.151018,27.617284,1540
85.151025,27.617277,1540
85.151031,27.61727,1540
85.151037,27.617263,1540
85.151042,27.617257,1540
85.151047,27.617253,1540
85.151053,27.617249,1540
85.151059,27.617245,1540
85.151066,27.617242,1540
85.151072,27.617238,1540
85.151079,27.617233,1540
85.151087,27.617226,1541
85.151095,27.617218,1541
85.151104,27.617211,1541
85.151114,27.617203,1541
85.151122,27.617196,1541
85.151131,27.617188,1541
85.151139,27.617178,1541
85.151148,27.617166,1541
85.151156,27.617153,1541
85.151164,27.617139,1541
85.151171,27.617126,1542
85.151178,27.617113,1542
85.151186,27.617101,1542
85.151192,27.617089,1542
85.1512,27.617078,1543
85.151207,27.617068,1543
85.151215,27.61706,1543
85.151224,27.617052,1543
85.151232,27.617046,1543
85.151238,27.617041,1543
85.151243,27.617037,1543
85.151259,27.617029,1543
85.151256,27.617031,1543
85.151254,27.617028,1543
85.151258,27.617021,1543
85.151258,27.61702,1543
85.151258,27.617018,1543
85.151258,27.617016,1543
85.151259,27.617003,1543
85.151254,27.616998,1543
85.151252,27.617004,1544
85.151255,27.617011,1543
85.151259,27.617017,1543
85.151263,27.617024,1543
85.151267,27.61703,1543
85.151271,27.617036,1543
85.151275,27.617043,1543
85.151278,27.617049,1543
85.151282,27.617056,1543
85.151286,27.617062,1543
85.15129,27.617069,1543
85.151294,27.617075,1543
85.151298,27.617082,1543
85.151301,27.617088,1543
85.151305,27.617095,1543
85.151309,27.617101,1543
85.151313,27.617108,1543
85.151317,27.617114,1543
85.151321,27.61712,1543
85.151324,27.617127,1543
85.151328,27.617133,1543
85.151332,27.61714,1543
85.151336,27.617146,1543
85.15134,27.617153,1544
85.151344,27.617159,1544
85.151347,27.617169,1544
85.151349,27.617179,1544
85.151351,27.617189,1544
85.151354,27.617198,1545
85.151359,27.617208,1545
85.151363,27.617216,1545
85.151369,27.617224,1545
85.151377,27.617231,1545
85.151387,27.617237,1547
85.151399,27.617242,1547
85.15141,27.617245,1547
85.151424,27.617246,1547
85.151437,27.617248,1548
85.151451,27.617249,1548
85.151466,27.617249,1548
85.151478,27.61725,1549
85.151488,27.617251,1549
85.151496,27.617254,1549
85.151505,27.617255,1549
85.151514,27.617256,1550
85.151526,27.617255,1550
85.151537,27.617254,1550
85.151549,27.617252,1550
85.15156,27.617249,1551
85.151571,27.617245,1551
85.151582,27.617239,1551
85.151593,27.617233,1551
85.151602,27.617226,1550
85.151611,27.617219,1550
85.15162,27.617211,1550
85.151629,27.617203,1550
85.151638,27.617195,1550
85.151647,27.617186,1550
85.151656,27.617178,1550
85.151664,27.617169,1550
85.151671,27.61716,1550
85.151676,27.617151,1549
85.151679,27.617142,1549
85.15168,27.617133,1549
85.151679,27.617124,1549
85.151679,27.617113,1548
85.151679,27.617102,1548
85.15168,27.617091,1548
85.151682,27.617079,1547
85.151686,27.61707,1547
85.15169,27.617061,1547
85.151696,27.617053,1547
85.1517,27.617044,1547
85.151704,27.617035,1545
85.151707,27.617025,1545
85.15171,27.617015,1545
85.151712,27.617004,1545
85.151714,27.616993,1544
85.151714,27.616982,1544
85.151714,27.616971,1544
85.151713,27.616961,1543
85.151713,27.616951,1543
85.151714,27.616941,1543
85.151715,27.616931,1543
85.151718,27.61692,1542
85.151719,27.616909,1542
85.15172,27.616897,1542
85.151721,27.616885,1541
85.151721,27.616873,1541
85.151721,27.616862,1541
85.151722,27.616851,1540
85.151721,27.61684,1540
85.15172,27.616829,1540
85.151717,27.616819,1540
85.151713,27.616808,1539
85.151709,27.616799,1539
85.151704,27.616791,1539
85.151698,27.616783,1539
85.151692,27.616777,1539
85.151677,27.616759,1539
85.151687,27.616753,1539
85.151688,27.616752,1539
85.151691,27.61675,1539
85.151694,27.61675,1539
85.151698,27.616749,1539
85.151703,27.616747,1539
85.151709,27.616745,1539
85.151714,27.616741,1539
85.151718,27.616738,1539
85.151729,27.616729,1537
85.151729,27.616728,1537
85.151733,27.616725,1537
85.15174,27.616721,1537
85.15175,27.616715,1537
85.151763,27.616707,1537
85.151777,27.616699,1537
85.151791,27.616689,1536
85.151806,27.61668,1536
85.151821,27.616671,1536
85.151836,27.616663,1536
85.151851,27.616656,1535
85.151865,27.616649,1535
85.151879,27.616644,1535
85.151892,27.616639,1535
85.151918,27.616635,1536
85.15193,27.616634,1536
85.151942,27.616634,1536
85.151954,27.616634,1536
85.151957,27.616634,1536
</coordinates>
</LineString>
</Placemark>
<Placemark>
<name/>
<styleUrl>#line-FF0000-2000-nodesc</styleUrl>
<LineString>
<tessellate>1</tessellate>
<coordinates>
85.148817,27.619925,1558
85.148818,27.619927,1558
85.148819,27.619932,1557
85.14882,27.619936,1557
85.148822,27.61994,1557
85.148823,27.619944,1557
85.148825,27.619948,1557
85.148826,27.619953,1557
85.148827,27.619957,1557
85.148829,27.619961,1557
85.14883,27.619965,1557
85.148831,27.619969,1557
85.148833,27.619974,1556
85.148834,27.619978,1556
85.148835,27.619982,1556
85.148837,27.619986,1556
85.148838,27.619991,1556
85.14884,27.619995,1556
85.148841,27.619999,1556
85.148842,27.620003,1556
85.148844,27.620007,1556
85.148845,27.620012,1556
85.148846,27.620016,1556
85.148848,27.62002,1556
85.148849,27.620024,1556
85.148851,27.620028,1557
85.148852,27.620033,1557
85.148853,27.620037,1557
85.148855,27.620041,1557
85.148856,27.620045,1557
85.148857,27.62005,1557
85.148859,27.620054,1557
85.14886,27.620058,1557
85.148861,27.620062,1557
85.148863,27.620066,1557
85.148864,27.620071,1557
85.148866,27.620075,1557
85.148867,27.620079,1557
85.148868,27.620083,1557
85.14887,27.620087,1558
85.148871,27.620092,1558
85.148872,27.620096,1558
85.148874,27.6201,1558
85.148875,27.620104,1558
85.148877,27.620109,1558
85.148878,27.620113,1558
85.148879,27.620117,1558
85.148881,27.620121,1558
85.148882,27.620125,1559
85.148883,27.62013,1559
85.148885,27.620134,1559
85.148886,27.620138,1559
85.148887,27.620142,1559
85.148889,27.620146,1559
85.14889,27.620151,1559
85.148892,27.620155,1559
85.148893,27.620159,1561
85.148894,27.620163,1562
85.148896,27.620167,1562
85.148897,27.620172,1562
85.148898,27.620176,1562
85.1489,27.62018,1562
85.148901,27.620184,1562
85.148902,27.620189,1562
85.148904,27.620193,1562
85.148905,27.620197,1562
85.148907,27.620201,1563
85.148908,27.620205,1563
85.148909,27.62021,1563
85.148911,27.620214,1563
85.148912,27.620218,1563
85.148913,27.620222,1563
85.148915,27.620226,1563
85.148916,27.620231,1563
85.148918,27.620235,1563
85.148919,27.620239,1564
85.14892,27.620243,1564
85.148922,27.620248,1564
85.148923,27.620252,1564
85.148924,27.620256,1564
85.148926,27.62026,1564
85.148927,27.620264,1564
85.148928,27.620269,1564
85.14893,27.620273,1564
85.148931,27.620277,1566
85.148933,27.620281,1566
85.148934,27.620285,1566
85.148935,27.62029,1566
85.148937,27.620294,1567
85.148938,27.620298,1567
85.148939,27.620302,1567
85.148941,27.620306,1567
85.148942,27.620311,1567
85.148944,27.620315,1568
85.148945,27.620319,1568
85.148946,27.620323,1568
85.148948,27.620328,1568
85.148949,27.620332,1568
85.14895,27.620336,1568
85.148952,27.62034,1568
85.148953,27.620344,1568
85.148954,27.620349,1568
85.148956,27.620353,1570
85.148957,27.620357,1570
85.148959,27.620361,1570
85.14896,27.620365,1570
85.148959,27.620373,1570
85.148957,27.620382,1570
85.148955,27.62039,1571
85.148955,27.620398,1571
85.148955,27.620407,1571
85.148956,27.620417,1571
85.148959,27.620425,1571
85.148963,27.620434,1572
85.148967,27.620442,1572
85.148971,27.62045,1572
85.148975,27.620458,1572
85.148977,27.620466,1574
85.14898,27.620473,1575
85.148982,27.620481,1575
85.148984,27.620489,1575
85.148986,27.620496,1575
85.148988,27.620502,1576
85.148989,27.620509,1576
85.148992,27.620516,1576
85.148995,27.620524,1576
85.148999,27.620534,1576
85.149003,27.620545,1577
85.149006,27.620556,1577
85.149009,27.620567,1577
85.149012,27.620577,1577
85.149016,27.620586,1578
85.149022,27.620593,1579
85.149029,27.620598,1579
85.149038,27.620602,1579
85.149048,27.620603,1579
85.14906,27.620603,1579
85.149071,27.620602,1580
85.149081,27.620599,1580
85.149091,27.620597,1580
85.149101,27.620595,1580
85.149111,27.620592,1581
85.14912,27.620588,1581
85.149128,27.620585,1581
85.149138,27.620581,1581
85.149146,27.620578,1581
85.149156,27.620575,1580
85.149167,27.620573,1580
85.14918,27.620571,1580
85.149194,27.62057,1580
85.149208,27.620568,1580
85.149221,27.620566,1580
85.149235,27.620563,1580
85.14925,27.62056,1580
85.149265,27.620558,1580
85.149276,27.620555,1580
85.149287,27.620553,1580
85.149298,27.620552,1580
85.14931,27.62055,1580
85.149323,27.620548,1580
85.149332,27.620546,1580
85.149341,27.620545,1580
85.14935,27.620544,1580
85.149358,27.620545,1580
85.149366,27.620546,1580
85.149373,27.620549,1580
85.14938,27.620553,1580
85.149386,27.620556,1580
85.149392,27.620561,1580
85.149397,27.620566,1580
85.149402,27.620571,1580
85.149406,27.620576,1580
85.149411,27.620581,1581
85.149416,27.620587,1581
85.149421,27.620592,1581
85.149428,27.620599,1581
85.149434,27.620607,1581
85.149442,27.620616,1581
85.149447,27.620625,1581
85.149453,27.620635,1582
85.149459,27.620644,1582
85.149465,27.620653,1582
85.149471,27.620662,1582
85.149478,27.620668,1582
85.149486,27.620674,1582
85.149495,27.62068,1583
85.149505,27.620685,1583
85.149515,27.62069,1583
85.149527,27.620694,1583
85.149539,27.620696,1584
85.14955,27.620698,1584
85.149561,27.620702,1584
85.149572,27.620705,1584
85.149582,27.620708,1584
85.149592,27.620712,1584
85.149601,27.620715,1584
85.14961,27.620717,1584
85.149619,27.62072,1584
85.149628,27.620722,1584
85.149637,27.620727,1584
85.149647,27.620732,1585
85.149658,27.620737,1585
85.14967,27.620745,1586
85.149681,27.620754,1586
85.149691,27.620762,1586
85.149699,27.62077,1586
85.149707,27.620778,1586
85.149714,27.620783,1587
85.149721,27.620788,1587
85.149726,27.620792,1587
85.149731,27.620795,1587
85.149738,27.620796,1587
85.149747,27.620796,1587
85.149756,27.620794,1588
85.149766,27.62079,1588
85.149778,27.620787,1588
85.149789,27.620784,1588
85.149799,27.620781,1588
85.149809,27.620779,1588
85.14982,27.620777,1588
85.149832,27.620774,1588
85.149843,27.620772,1589
85.149855,27.620768,1589
85.149867,27.620764,1588
85.149879,27.62076,1588
85.14989,27.620756,1589
85.149901,27.620753,1589
85.149912,27.62075,1589
85.149923,27.620748,1589
85.149934,27.620745,1589
85.149944,27.620743,1589
85.149955,27.62074,1589
85.149965,27.620738,1589
85.149975,27.620736,1590
85.149986,27.620735,1590
85.149996,27.620734,1590
85.150007,27.620734,1590
85.150017,27.620734,1590
85.150027,27.620733,1590
85.150034,27.620732,1590
85.150041,27.62073,1590
85.150046,27.620729,1589
85.150061,27.620725,1589
85.15007,27.620723,1589
85.15007,27.620722,1589
85.150073,27.620719,1589
85.150077,27.620714,1589
85.150083,27.62071,1589
85.15009,27.620704,1589
85.1501,27.620698,1590
85.15011,27.620692,1590
85.15012,27.620688,1589
85.150131,27.620684,1589
85.150143,27.620681,1589
85.150155,27.620677,1589
85.150167,27.620672,1589
85.150179,27.620668,1589
85.150191,27.620663,1589
85.150202,27.620657,1589
85.150212,27.620651,1588
85.150223,27.620645,1588
85.150232,27.620638,1588
85.15024,27.620629,1587
85.150247,27.620621,1587
85.150255,27.620612,1587
85.150262,27.620602,1587
85.150268,27.620593,1586
85.150275,27.620585,1586
85.150282,27.620578,1586
85.150289,27.620574,1586
85.150296,27.620571,1586
85.150303,27.620569,1586
85.150311,27.620569,1585
85.15032,27.62057,1585
85.150328,27.62057,1585
85.150337,27.620571,1585
85.150346,27.620573,1585
85.150356,27.620574,1585
85.150366,27.620576,1585
85.150376,27.620577,1585
85.150387,27.620579,1586
85.150396,27.620581,1585
85.150405,27.620582,1585
85.150414,27.620584,1585
85.150422,27.620586,1585
85.150431,27.62059,1585
85.150439,27.620593,1585
85.150448,27.620597,1585
85.150457,27.620601,1585
85.150466,27.620605,1585
85.150474,27.620609,1585
85.150483,27.620616,1585
85.150492,27.620625,1585
85.150493,27.620626,1585
85.150495,27.620626,1585
85.150496,27.620627,1585
85.150497,27.620628,1585
85.150499,27.620629,1585
85.1505,27.62063,1585
85.150502,27.620631,1585
85.150503,27.620632,1585
85.150504,27.620633,1585
85.150506,27.620634,1585
85.150507,27.620634,1585
85.150509,27.620635,1585
85.15051,27.620636,1585
85.150511,27.620637,1585
85.150513,27.620638,1585
85.150514,27.620639,1585
85.150516,27.62064,1585
85.150517,27.620641,1585
85.150518,27.620642,1585
85.15052,27.620643,1585
85.150521,27.620643,1585
85.150523,27.620644,1585
85.150524,27.620645,1585
85.150525,27.620646,1585
85.150527,27.620647,1585
85.150528,27.620648,1585
85.15053,27.620649,1585
85.150531,27.62065,1585
85.150532,27.620651,1585
85.150534,27.620651,1585
85.150535,27.620652,1585
85.150537,27.620653,1585
85.150538,27.620654,1586
85.150539,27.620655,1586
85.150541,27.620656,1586
85.150542,27.620657,1586
85.150544,27.620658,1586
85.150545,27.620659,1586
85.150547,27.62066,1586
85.150548,27.62066,1586
85.150549,27.620661,1586
85.150551,27.620662,1586
85.150548,27.62066,1586
85.150545,27.620658,1586
85.150535,27.620652,1585
85.150534,27.62065,1585
85.150532,27.620646,1585
85.150529,27.62064,1585
85.150525,27.620633,1585
85.15052,27.620627,1585
85.150513,27.620621,1585
85.150505,27.620616,1585
85.150497,27.620611,1584
85.150488,27.620607,1584
85.150479,27.620602,1585
85.150472,27.620597,1585
85.150464,27.620593,1585
85.150454,27.620589,1585
85.150442,27.620586,1585
85.150431,27.620583,1585
85.150419,27.62058,1585
85.150405,27.620577,1584
85.150391,27.620575,1585
85.150378,27.620572,1585
85.150365,27.620571,1585
85.150351,27.620569,1585
85.150338,27.620568,1585
85.150323,27.620565,1585
85.150309,27.620562,1585
85.150297,27.62056,1585
85.150288,27.620556,1585
85.150282,27.620548,1585
85.150278,27.62054,1585
85.150275,27.620531,1585
85.150274,27.620521,1585
85.150274,27.620511,1585
85.150275,27.6205,1584
85.150275,27.620489,1584
85.150275,27.620477,1584
85.150277,27.620466,1584
85.150283,27.620456,1583
85.150289,27.620446,1583
85.150294,27.620437,1583
85.150299,27.620428,1583
85.150305,27.620419,1582
85.15031,27.620409,1582
85.150315,27.6204,1582
85.150322,27.620389,1582
85.150329,27.620378,1581
85.150335,27.620369,1581
85.150341,27.620361,1581
85.150348,27.620353,1581
85.150356,27.620347,1580
85.150365,27.620341,1580
85.150376,27.620335,1580
85.150386,27.620331,1580
85.150398,27.620327,1580
85.150408,27.620325,1580
85.150419,27.620322,1580
85.150429,27.620319,1580
85.15044,27.620316,1581
85.150451,27.620313,1581
85.150461,27.620309,1580
85.150471,27.620306,1580
85.150482,27.620303,1580
85.150493,27.6203,1580
85.150504,27.620297,1580
85.150515,27.620294,1580
85.150526,27.62029,1580
85.150537,27.620286,1580
85.150548,27.620282,1580
85.150559,27.620277,1580
85.15057,27.620273,1580
85.150581,27.620268,1580
85.150591,27.620262,1580
85.1506,27.620255,1580
85.150611,27.620249,1580
85.150622,27.620242,1580
85.150633,27.620235,1580
85.150645,27.620227,1580
85.150657,27.620218,1580
85.150667,27.62021,1580
85.150678,27.620202,1580
85.15069,27.620195,1580
85.150702,27.620188,1580
85.150714,27.620182,1580
85.150728,27.620176,1580
85.150742,27.620169,1581
85.150754,27.620161,1581
85.150764,27.620152,1580
85.150772,27.620143,1580
85.150779,27.620132,1580
85.150786,27.620121,1580
85.150795,27.62011,1580
85.150804,27.620101,1580
85.150812,27.620093,1580
85.150821,27.620086,1580
85.150829,27.620078,1580
85.150838,27.620069,1580
85.150846,27.62006,1580
85.150854,27.620052,1580
85.150863,27.620045,1580
85.150872,27.620037,1580
85.15088,27.62003,1580
85.150889,27.620025,1580
85.150898,27.620022,1580
85.150907,27.62002,1580
85.150917,27.620021,1581
85.150926,27.620023,1581
85.150935,27.620027,1581
85.150944,27.620032,1581
85.150952,27.620037,1581
85.15096,27.620043,1581
85.150968,27.62005,1582
85.150976,27.620056,1582
85.150986,27.62006,1582
85.150995,27.620065,1582
85.151003,27.620069,1582
85.151012,27.620071,1582
85.15102,27.620072,1582
85.151029,27.620075,1582
85.15104,27.620077,1582
85.15105,27.620079,1582
85.15106,27.620081,1582
85.151072,27.620084,1583
85.151083,27.620085,1583
85.151091,27.620084,1583
85.151101,27.62008,1583
85.15111,27.620076,1583
85.15112,27.620072,1583
85.151129,27.620069,1583
85.151139,27.620067,1583
85.15115,27.620064,1583
85.15116,27.62006,1583
85.15117,27.620056,1583
85.15118,27.620051,1583
85.15119,27.620047,1583
85.151201,27.620042,1583
85.151212,27.620039,1583
85.151223,27.620034,1583
85.151235,27.62003,1583
85.151247,27.620026,1583
85.151259,27.620022,1584
85.15127,27.620019,1584
85.151281,27.620016,1583
85.151292,27.620013,1583
85.151302,27.62001,1584
85.15131,27.620007,1583
85.15132,27.620005,1583
85.151329,27.620004,1583
85.151339,27.620003,1583
85.151349,27.619999,1583
85.151355,27.619994,1583
85.151361,27.61999,1583
85.151387,27.619987,1584
85.151388,27.619988,1584
85.151388,27.619987,1584
85.15139,27.619984,1584
85.151394,27.619981,1584
85.1514,27.619977,1584
85.151406,27.619973,1583
85.151412,27.619969,1583
85.151418,27.619963,1583
85.151426,27.619957,1583
85.151433,27.61995,1583
85.15144,27.619943,1583
85.151448,27.619934,1583
85.151457,27.619926,1583
85.151464,27.619916,1583
85.15147,27.619906,1583
85.151477,27.619895,1583
85.151483,27.619883,1582
85.151489,27.619872,1582
85.151496,27.619862,1582
85.151504,27.619852,1582
85.151511,27.619842,1582
85.151518,27.619834,1582
85.151524,27.619825,1582
85.151531,27.619816,1582
85.151537,27.619807,1582
85.151543,27.619798,1582
85.151548,27.619789,1582
85.151557,27.61978,1581
85.151564,27.619771,1581
85.15157,27.619762,1581
85.151575,27.619754,1581
85.151581,27.619747,1581
85.151588,27.619742,1581
85.151594,27.619738,1581
85.151599,27.619735,1581
85.151604,27.619734,1581
85.151618,27.619733,1581
85.151619,27.619733,1581
85.151617,27.619731,1581
85.151616,27.61973,1581
85.151615,27.61973,1581
85.151617,27.619733,1581
85.151618,27.619734,1581
85.151619,27.619734,1581
85.15162,27.619733,1581
85.151621,27.619733,1581
85.151623,27.61973,1581
85.151626,27.619726,1581
85.151629,27.619721,1581
85.151631,27.619716,1581
85.151632,27.619709,1581
85.151634,27.619703,1581
85.151635,27.619697,1581
85.151638,27.619692,1581
85.151642,27.619687,1581
85.151647,27.619682,1581
85.151652,27.619676,1581
85.151657,27.619672,1580
85.151661,27.619668,1580
85.151666,27.619665,1580
85.151671,27.619662,1580
85.151678,27.619659,1580
85.151685,27.619658,1580
85.151693,27.619656,1580
85.151701,27.619654,1580
85.151709,27.619652,1580
85.151715,27.619649,1580
85.151721,27.619646,1580
85.151726,27.619641,1580
85.151731,27.619635,1580
85.151735,27.619628,1580
85.15174,27.619621,1580
85.151744,27.619612,1580
85.151748,27.619603,1580
85.151751,27.619593,1580
85.151754,27.619583,1580
85.151756,27.619574,1580
85.151759,27.619565,1580
85.15176,27.619556,1580
85.151762,27.619549,1580
85.151765,27.619541,1580
85.15177,27.619532,1580
85.151776,27.619523,1580
85.151783,27.619513,1580
85.151789,27.619502,1580
85.151794,27.619491,1580
85.151797,27.619479,1580
85.151798,27.619468,1580
85.1518,27.619457,1580
85.151801,27.619447,1580
85.1518,27.619435,1580
85.151801,27.619424,1580
85.151803,27.619414,1580
85.151806,27.619403,1580
85.15181,27.619393,1580
85.151814,27.619382,1580
85.151819,27.61937,1580
85.151823,27.619359,1580
85.151828,27.619349,1580
85.151833,27.61934,1580
85.151838,27.619333,1580
85.151843,27.619327,1580
85.15185,27.619322,1580
85.151858,27.619316,1580
85.151866,27.61931,1580
85.151873,27.619304,1580
85.15188,27.619297,1580
85.151888,27.619289,1580
85.151896,27.619281,1580
85.151903,27.619272,1580
85.151911,27.619262,1580
85.151918,27.619254,1580
85.151923,27.619246,1580
85.151928,27.619239,1580
85.151932,27.619232,1580
85.151936,27.619225,1580
85.151941,27.619217,1580
85.151947,27.619209,1580
85.151953,27.619201,1580
85.151959,27.619193,1580
85.151964,27.619186,1580
85.15197,27.61918,1580
85.151975,27.619174,1580
85.15198,27.619167,1580
85.151985,27.619159,1580
85.151991,27.61915,1580
85.151996,27.619141,1580
85.152003,27.619131,1580
85.15201,27.619121,1580
85.152016,27.619112,1580
85.152022,27.619103,1580
85.152027,27.619094,1580
85.152032,27.619087,1580
85.152037,27.619079,1580
85.152043,27.619071,1580
85.15205,27.619062,1580
85.152054,27.619051,1580
85.152058,27.619039,1581
85.152061,27.619026,1581
85.152063,27.619014,1581
85.152064,27.619003,1581
85.152066,27.618994,1581
85.152068,27.618985,1581
85.152071,27.618977,1581
85.152077,27.618969,1581
85.152083,27.618961,1581
85.152089,27.618953,1581
85.152094,27.618945,1581
85.152099,27.618937,1581
85.152103,27.618928,1581
85.152107,27.61892,1581
85.152112,27.618912,1581
85.152118,27.618902,1581
85.152126,27.618894,1581
85.152133,27.618887,1581
85.152139,27.618879,1581
85.152142,27.618872,1581
85.152146,27.618865,1581
85.152151,27.618857,1581
85.152155,27.618848,1581
85.152161,27.618839,1581
85.152166,27.61883,1581
85.152172,27.618821,1581
85.152178,27.618812,1581
85.152183,27.618805,1581
85.152187,27.618797,1581
85.152191,27.618788,1581
85.152194,27.618779,1581
85.152198,27.61877,1581
85.152201,27.618761,1581
85.152203,27.618754,1581
85.152203,27.618749,1580
85.152202,27.618745,1580
85.152198,27.618739,1580
85.152197,27.618742,1580
85.152197,27.618746,1580
85.152197,27.618751,1580
85.152197,27.618756,1581
85.152196,27.618761,1580
85.152205,27.618774,1581
85.152207,27.618774,1581
85.152212,27.618776,1581
85.15222,27.618778,1581
85.152228,27.618781,1581
85.152238,27.618785,1581
85.152248,27.618788,1582
85.152258,27.618792,1583
85.152269,27.618797,1583
85.152279,27.618801,1583
85.152287,27.618802,1584
85.152293,27.618803,1584
85.152298,27.618802,1584
85.152302,27.618801,1584
85.152305,27.618799,1584
85.152308,27.618797,1584
85.15231,27.618794,1584
85.152311,27.618791,1584
85.152313,27.618787,1583
85.152315,27.618783,1583
85.152317,27.61878,1583
85.152319,27.618777,1583
85.152321,27.618774,1583
85.152324,27.618772,1583
85.152328,27.618769,1584
85.152332,27.618768,1584
85.152336,27.618766,1584
85.152339,27.618764,1584
85.152342,27.618762,1584
85.152345,27.618761,1584
85.15235,27.618761,1584
85.152354,27.618761,1584
85.152359,27.61876,1584
85.152364,27.61876,1584
85.15237,27.618759,1585
85.152376,27.618759,1585
85.152382,27.61876,1585
85.152389,27.618762,1585
85.152396,27.618763,1585
85.152402,27.618765,1585
85.152408,27.618767,1585
85.152416,27.618769,1587
85.152425,27.618773,1587
85.152448,27.618782,1587
85.152449,27.618781,1587
85.15245,27.618781,1587
85.152454,27.618781,1587
85.152459,27.618782,1589
85.152465,27.618782,1589
85.15247,27.618781,1589
85.152474,27.61878,1589
85.152478,27.618778,1589
85.152481,27.618776,1589
85.152484,27.618773,1589
85.152488,27.618771,1589
85.15249,27.618768,1589
85.152492,27.618766,1589
85.152495,27.618763,1588
85.1525,27.61876,1590
85.152503,27.618758,1590
85.152508,27.618755,1590
85.152513,27.618754,1590
85.152518,27.618752,1590
85.152522,27.61875,1590
85.152526,27.618747,1590
85.152529,27.618745,1590
85.152532,27.618743,1590
85.152532,27.618742,1590
85.152531,27.618741,1590
85.152525,27.618737,1590
85.152528,27.618739,1590
85.152537,27.618732,1590
85.152538,27.61873,1590
85.152542,27.618725,1591
85.152546,27.61872,1591
85.15255,27.618714,1591
85.152555,27.618709,1591
85.152559,27.618705,1591
85.152563,27.6187,1591
85.152567,27.618695,1591
85.152571,27.618687,1591
85.152572,27.618678,1591
85.152571,27.618669,1590
85.152571,27.618659,1590
85.152571,27.618649,1590
85.152569,27.61864,1590
85.152569,27.618631,1590
85.152569,27.618623,1590
85.152571,27.618615,1590
85.152572,27.618607,1590
85.152573,27.618599,1590
85.152575,27.618591,1590
85.152577,27.618584,1590
85.152579,27.618578,1590
85.152582,27.618572,1590
85.152584,27.618566,1591
85.152586,27.61856,1591
85.152588,27.618553,1591
85.15259,27.618546,1591
85.152591,27.61854,1591
85.152592,27.618533,1591
85.152594,27.618526,1591
85.152595,27.618518,1590
85.152598,27.618511,1590
85.152601,27.618503,1590
85.152605,27.618494,1590
85.152607,27.618486,1590
85.152608,27.618478,1590
85.15261,27.618468,1590
85.152612,27.61846,1590
85.152613,27.618451,1590
85.152613,27.618443,1589
85.152619,27.618434,1589
85.152624,27.618426,1589
85.152627,27.618416,1590
85.152631,27.618407,1589
85.152633,27.618398,1589
85.152635,27.618388,1589
85.152637,27.618377,1589
85.152637,27.618367,1589
85.152638,27.618357,1589
85.152639,27.618348,1589
85.152642,27.618339,1589
85.152646,27.618332,1588
85.152649,27.618324,1588
85.152653,27.618316,1588
85.152657,27.618309,1588
85.152662,27.618302,1588
85.152668,27.618297,1588
85.152674,27.618293,1590
85.152681,27.618289,1590
85.152687,27.618284,1590
85.152692,27.618281,1590
85.152698,27.618279,1590
85.152704,27.618277,1590
85.152708,27.618275,1590
85.152712,27.618272,1591
85.152715,27.618269,1591
85.152719,27.618266,1591
85.152723,27.618262,1591
85.152726,27.618258,1591
85.152729,27.618253,1591
85.152732,27.618247,1591
85.152733,27.618242,1591
85.152734,27.618238,1591
85.152735,27.618232,1591
85.152736,27.618226,1591
85.152737,27.61822,1591
85.152738,27.618214,1590
85.152738,27.618207,1590
85.15274,27.618201,1590
85.152742,27.618195,1590
85.152744,27.61819,1590
85.152748,27.618184,1590
85.152751,27.618179,1590
85.152755,27.618174,1591
85.15276,27.618169,1591
85.152766,27.618166,1591
85.152773,27.618162,1591
85.152781,27.618158,1591
85.152789,27.618154,1591
85.152797,27.618151,1591
85.152805,27.618148,1592
85.152812,27.618145,1592
85.152819,27.618143,1591
85.152826,27.61814,1591
85.152833,27.618137,1591
85.15284,27.618134,1591
85.152847,27.618131,1591
85.152855,27.618128,1591
85.152862,27.618125,1591
85.152871,27.618124,1591
85.152878,27.618122,1592
85.152884,27.618122,1592
85.152889,27.618122,1592
85.152898,27.618126,1592
85.152897,27.618128,1592
85.152898,27.618131,1592
85.152902,27.618133,1592
85.152902,27.618135,1592
85.152903,27.618136,1592
85.152904,27.618138,1592
85.152908,27.61815,1592
85.152907,27.61816,1592
85.152906,27.61816,1592
85.152905,27.618161,1592
85.152904,27.618163,1592
85.152902,27.618166,1592
85.1529,27.618168,1592
85.152895,27.618178,1593
85.152893,27.618179,1593
85.152891,27.61818,1593
85.152887,27.618183,1593
85.152884,27.618186,1593
85.152882,27.618188,1593
85.15288,27.61819,1593
85.152878,27.618194,1593
85.152877,27.618197,1593
85.152876,27.6182,1593
85.152872,27.61821,1593
85.152871,27.61821,1593
85.152871,27.618212,1593
85.152869,27.618216,1593
85.152865,27.618226,1593
85.152865,27.618227,1593
85.152865,27.618229,1593
85.152866,27.618233,1593
85.152868,27.618237,1593
85.15287,27.618242,1593
85.152873,27.618246,1594
85.152876,27.61825,1594
85.15289,27.618263,1594
85.152892,27.618264,1594
85.152896,27.618267,1594
85.152903,27.618271,1594
85.15291,27.618275,1594
85.152917,27.61828,1594
85.152927,27.618285,1594
85.152936,27.618291,1594
85.152946,27.618297,1595
85.152954,27.618303,1595
85.152961,27.61831,1595
85.152968,27.618316,1595
85.152974,27.618321,1595
85.152979,27.618324,1595
85.152995,27.61833,1595
85.152996,27.61833,1595
85.152998,27.618332,1595
85.153,27.618334,1595
85.153007,27.618343,1595
85.153009,27.618348,1595
85.153009,27.618349,1595
85.15301,27.618352,1596
85.15301,27.618355,1596
85.153011,27.618358,1596
85.153015,27.618361,1596
85.153018,27.618364,1596
85.153021,27.618366,1596
85.153023,27.618369,1596
85.153026,27.618372,1596
85.153029,27.618374,1596
85.153031,27.618377,1596
85.153034,27.61838,1596
85.153036,27.618383,1596
85.153039,27.618386,1596
85.153039,27.61839,1596
85.153039,27.618393,1596
85.15304,27.618396,1596
85.15304,27.618399,1596
85.153044,27.618415,1596
85.153044,27.618417,1596
85.153045,27.618423,1596
85.153046,27.61843,1597
85.153048,27.618438,1597
85.15305,27.618447,1597
85.153052,27.618455,1597
85.153054,27.618464,1597
85.153057,27.618472,1597
85.15306,27.618481,1597
85.15307,27.618503,1597
85.153074,27.618513,1597
85.153074,27.618515,1598
85.153075,27.618517,1598
85.153075,27.618521,1598
85.153079,27.618533,1598
85.153079,27.618534,1598
85.153079,27.618535,1598
85.153079,27.618538,1598
85.153081,27.618541,1598
85.153087,27.61855,1598
85.153092,27.618558,1598
85.153093,27.618561,1598
85.153096,27.618568,1598
85.1531,27.618577,1598
85.153104,27.618588,1598
85.153109,27.6186,1599
85.153116,27.618613,1599
85.153121,27.618626,1599
85.153128,27.61864,1599
85.153135,27.618653,1599
85.153139,27.618663,1599
85.153142,27.618671,1599
85.153144,27.618677,1599
85.153144,27.618682,1600
85.153143,27.618686,1600
85.153141,27.618689,1600
85.153138,27.618691,1600
85.153136,27.618695,1600
85.153135,27.618697,1600
85.153133,27.6187,1600
85.153132,27.618703,1600
85.153131,27.618706,1600
85.153129,27.618709,1600
85.153126,27.618711,1600
85.153124,27.618713,1600
85.15312,27.618715,1600
85.153116,27.618717,1600
85.153111,27.61872,1600
85.153107,27.618722,1600
85.153103,27.618724,1600
85.153098,27.618725,1600
85.153094,27.618726,1600
85.153089,27.618726,1600
85.153084,27.618727,1600
85.153067,27.618731,1601
85.153067,27.618732,1601
85.153065,27.618732,1601
85.153064,27.618734,1601
85.153063,27.618737,1601
85.153064,27.618742,1601
85.153065,27.618747,1601
85.153067,27.61875,1601
85.153069,27.618754,1601
85.153072,27.618756,1601
85.153077,27.61876,1601
85.153082,27.618765,1601
85.153086,27.618769,1601
85.153089,27.618773,1601
85.153092,27.618776,1601
85.153093,27.618779,1601
85.153094,27.618783,1601
85.153095,27.618787,1601
85.153096,27.618791,1601
85.153098,27.618795,1601
85.1531,27.618799,1601
85.153102,27.618803,1602
85.153104,27.618807,1602
85.153107,27.618811,1602
85.153109,27.618815,1602
85.15311,27.618819,1602
85.15311,27.618824,1602
85.15311,27.61883,1602
85.153109,27.618835,1602
85.153108,27.61884,1602
85.153107,27.618844,1602
85.153107,27.618849,1602
85.153106,27.618854,1602
85.153107,27.618859,1602
85.153107,27.618864,1602
85.153109,27.618867,1602
85.153112,27.61887,1602
85.153115,27.618873,1602
85.153118,27.618876,1602
85.153123,27.61888,1602
85.153127,27.618884,1603
85.153131,27.618889,1603
85.153135,27.618896,1603
85.153138,27.618903,1603
85.15314,27.61891,1603
85.153142,27.618915,1603
85.153145,27.618919,1603
85.153146,27.618923,1603
85.153147,27.618928,1603
85.153147,27.618934,1603
85.153148,27.618939,1603
85.153149,27.618943,1603
85.153151,27.618947,1603
85.153152,27.61895,1603
85.153154,27.618952,1603
85.153154,27.618955,1603
85.153154,27.618959,1603
85.153155,27.618964,1604
85.153155,27.618968,1604
85.153155,27.618974,1604
85.153155,27.61898,1604
85.153154,27.618985,1604
85.153154,27.61899,1604
85.153154,27.618996,1604
85.153155,27.619002,1604
85.153156,27.619009,1604
85.153157,27.619014,1604
85.153157,27.61902,1604
85.153157,27.619026,1604
85.153155,27.619032,1604
85.153152,27.619038,1604
85.153149,27.619044,1604
85.153148,27.61905,1604
85.153151,27.619054,1605
85.153155,27.619058,1605
85.15316,27.619061,1605
85.153167,27.619063,1605
85.153175,27.619066,1605
85.153183,27.61907,1605
85.15319,27.619074,1605
85.153198,27.619078,1605
85.153205,27.619081,1605
85.153211,27.619085,1605
85.153216,27.619089,1605
85.15322,27.619094,1605
85.153222,27.619098,1605
85.153224,27.619103,1605
85.153225,27.619107,1606
85.153226,27.619112,1606
85.153227,27.619117,1606
85.153227,27.619122,1606
85.153228,27.619128,1606
85.153228,27.619135,1606
85.153228,27.619143,1606
85.153227,27.619151,1606
85.153226,27.619159,1606
85.153225,27.619167,1606
85.153225,27.619174,1606
85.153224,27.619181,1606
85.153224,27.619187,1606
85.153223,27.619193,1607
85.153222,27.619198,1607
85.153219,27.619203,1607
85.153216,27.619207,1607
85.153211,27.619211,1607
85.153207,27.619216,1607
85.153202,27.619222,1607
85.1532,27.619226,1607
85.153198,27.619229,1607
85.153199,27.619227,1607
85.153205,27.619221,1607
85.153211,27.619215,1607
85.153224,27.619205,1607
85.153222,27.61921,1607
85.153223,27.619211,1607
85.153224,27.619212,1607
85.153227,27.619213,1607
85.153229,27.619213,1608
85.153228,27.619217,1608
85.153222,27.619221,1608
85.153221,27.619221,1608
85.15322,27.619222,1608
85.153218,27.619223,1608
85.153216,27.619224,1608
85.153214,27.619223,1608
85.153212,27.619222,1608
</coordinates>
</LineString>
</Placemark>
<Placemark>
<name>Dam</name>
<styleUrl>#icon-1899-0288D1-nodesc</styleUrl>
<MultiGeometry>
<Point>
<coordinates>
85.155834,27.590569,0
</coordinates>
</Point>
<Polygon>
<outerBoundaryIs>
<LinearRing>
<tessellate>1</tessellate>
<coordinates>
85.15475,27.591576,0
85.154568,27.591558,0
85.156746,27.589561,0
85.15696,27.589723,0
85.154793,27.591625,0
85.15475,27.591576,0
</coordinates>
</LinearRing>
</outerBoundaryIs>
</Polygon>
</MultiGeometry>
</Placemark>
<Placemark>
<name>BM</name>
<styleUrl>#line-0000FF-2000-nodesc</styleUrl>
<LineString>
<tessellate>1</tessellate>
<coordinates>
85.150081,27.623644,1691
85.150086,27.623643,1691
85.150086,27.62364,1691
85.150086,27.623637,1691
85.150087,27.623634,1691
85.150087,27.623631,1691
85.150087,27.623628,1691
85.150088,27.623625,1691
85.150088,27.623622,1691
85.150088,27.623619,1691
85.150088,27.623616,1691
85.150089,27.623613,1691
85.150089,27.62361,1691
85.150089,27.623607,1691
85.15009,27.623604,1691
85.15009,27.623601,1691
85.15009,27.623598,1691
85.150091,27.623595,1691
85.150091,27.623591,1691
85.150091,27.623588,1691
85.150092,27.623585,1691
85.150092,27.623582,1690
85.150092,27.623579,1690
85.150093,27.623576,1690
85.150093,27.623573,1690
85.150093,27.62357,1690
85.150094,27.623567,1690
85.150094,27.623564,1690
85.150094,27.623561,1690
85.150095,27.623558,1690
85.150095,27.623555,1690
85.150095,27.623552,1690
85.150096,27.623549,1690
85.150096,27.623546,1690
85.150096,27.623543,1690
85.150097,27.62354,1690
85.150097,27.623537,1690
85.150097,27.623534,1690
85.150098,27.623531,1690
85.150098,27.623528,1690
85.150098,27.623525,1690
85.150099,27.623522,1690
85.150099,27.623519,1690
85.150099,27.623516,1690
85.1501,27.623513,1690
85.1501,27.62351,1690
85.1501,27.623506,1689
85.150101,27.623503,1689
85.150101,27.6235,1689
85.150101,27.623497,1689
85.150102,27.623494,1689
85.150102,27.623491,1689
85.150102,27.623488,1689
85.150103,27.623485,1689
85.150103,27.623482,1689
85.150103,27.623479,1689
85.150104,27.623476,1689
85.150104,27.623473,1689
85.150104,27.62347,1689
85.150105,27.623467,1689
85.150105,27.623464,1689
85.150105,27.623461,1689
85.150106,27.623458,1689
85.150106,27.623455,1689
85.150106,27.623452,1689
85.150107,27.623449,1689
85.150107,27.623446,1689
85.150107,27.623443,1689
85.150108,27.62344,1689
85.150108,27.623437,1689
85.150108,27.623434,1688
85.150109,27.623431,1688
85.150109,27.623428,1688
85.150109,27.623424,1688
85.15011,27.623421,1688
85.15011,27.623418,1688
85.15011,27.623415,1688
85.150111,27.623412,1688
85.150111,27.623409,1688
85.150111,27.623406,1688
85.150111,27.623403,1688
85.150112,27.6234,1688
85.150112,27.623397,1688
85.150112,27.623394,1688
85.150113,27.623391,1688
85.150113,27.623388,1688
85.150113,27.623385,1688
85.150114,27.623382,1688
85.150114,27.623379,1688
85.150114,27.623376,1688
85.150115,27.623373,1688
85.150115,27.62337,1688
85.150115,27.623367,1688
85.150116,27.623364,1688
85.150116,27.623361,1688
85.150116,27.623358,1687
85.150117,27.623355,1687
85.150117,27.623352,1687
85.150117,27.623349,1687
85.150118,27.623346,1687
85.150118,27.623343,1687
85.150118,27.623339,1687
85.150119,27.623336,1687
85.150119,27.623333,1687
85.150119,27.62333,1687
85.15012,27.623327,1687
85.15012,27.623324,1687
85.15012,27.623321,1687
85.150121,27.623318,1687
85.150121,27.623315,1687
85.150121,27.623312,1687
85.150122,27.623309,1687
85.150122,27.623306,1687
85.150122,27.623303,1687
85.150123,27.6233,1687
85.150123,27.623297,1687
85.150123,27.623294,1687
85.150124,27.623291,1687
85.150124,27.623288,1687
85.150124,27.623285,1686
85.150125,27.623282,1686
85.150125,27.623279,1686
85.150125,27.623276,1686
85.150126,27.623273,1686
85.150126,27.62327,1686
85.150126,27.623267,1686
85.150127,27.623264,1686
85.150127,27.623261,1686
85.150127,27.623257,1686
85.150128,27.623254,1686
85.150128,27.623251,1686
85.150128,27.623248,1686
85.150129,27.623245,1686
85.150129,27.623242,1686
85.150129,27.623239,1686
85.15013,27.623236,1686
85.15013,27.623233,1686
85.15013,27.62323,1686
85.150131,27.623227,1686
85.150131,27.623224,1686
85.150131,27.623221,1686
85.150132,27.623218,1686
85.150132,27.623215,1686
85.150132,27.623212,1686
85.150133,27.623209,1685
85.150133,27.623206,1685
85.150133,27.623203,1685
85.150134,27.6232,1685
85.150134,27.623197,1685
85.150134,27.623194,1685
85.150135,27.623191,1685
85.150135,27.623188,1685
85.150135,27.623185,1685
85.150135,27.623182,1685
85.150136,27.623179,1685
85.150136,27.623175,1685
85.150136,27.623172,1685
85.150137,27.623169,1685
85.150137,27.623166,1685
85.150137,27.623163,1685
85.150138,27.62316,1685
85.150138,27.623157,1685
85.150138,27.623154,1685
85.150139,27.623151,1685
85.150139,27.623148,1685
85.150139,27.623145,1685
85.15014,27.623142,1685
85.15014,27.623139,1685
85.15014,27.623136,1684
85.150141,27.623133,1684
85.150141,27.62313,1684
85.150141,27.623127,1684
85.150142,27.623124,1684
85.150142,27.623121,1684
85.150142,27.623118,1684
85.150143,27.623115,1684
85.150143,27.623112,1684
85.150143,27.623109,1684
85.150144,27.623106,1684
85.150144,27.623103,1684
85.150144,27.6231,1684
85.150145,27.623097,1684
85.150145,27.623094,1684
85.150145,27.62309,1684
85.150146,27.623087,1684
85.150146,27.623084,1684
85.150146,27.623081,1684
85.150147,27.623078,1684
85.150147,27.623075,1684
85.150146,27.623064,1684
85.150148,27.623059,1683
85.150151,27.623053,1683
85.150153,27.623048,1683
85.150156,27.623042,1683
85.150158,27.623037,1683
85.150161,27.623032,1683
85.150163,27.623026,1683
85.150166,27.623021,1683
85.150168,27.623015,1683
85.150171,27.62301,1683
85.150173,27.623005,1683
85.150176,27.622999,1683
85.150178,27.622994,1683
85.150181,27.622988,1682
85.150183,27.622983,1682
85.150185,27.622978,1682
85.150188,27.622972,1682
85.15019,27.622967,1682
85.150193,27.622962,1682
85.150195,27.622956,1682
85.150198,27.622951,1682
85.1502,27.622945,1682
85.150203,27.62294,1682
85.150205,27.622935,1682
85.150208,27.622929,1682
85.15021,27.622924,1682
85.150213,27.622918,1681
85.150215,27.622913,1681
85.150218,27.622908,1681
85.15022,27.622902,1681
85.150223,27.622897,1681
85.150225,27.622892,1681
85.150228,27.622886,1681
85.15023,27.622881,1681
85.150233,27.622875,1681
85.150235,27.62287,1681
85.150238,27.622865,1681
85.15024,27.622859,1681
85.150243,27.622854,1681
85.150245,27.622848,1680
85.150248,27.622843,1680
85.15025,27.622838,1680
85.150252,27.622832,1680
85.150255,27.622827,1680
85.150257,27.622822,1680
85.15026,27.622816,1680
85.150262,27.622811,1680
85.150265,27.622805,1680
85.150267,27.6228,1680
85.15027,27.622795,1680
85.150272,27.622789,1680
85.150275,27.622784,1680
85.150277,27.622778,1679
85.15028,27.622773,1679
85.150282,27.622768,1679
85.150285,27.622762,1679
85.150287,27.622757,1679
85.150295,27.622755,1679
85.150313,27.622754,1679
85.150315,27.622755,1679
85.150321,27.622757,1679
85.150328,27.622759,1679
85.150336,27.622761,1679
85.150344,27.622761,1678
85.150353,27.622762,1678
85.150365,27.622762,1678
85.150376,27.62276,1678
85.150388,27.622759,1678
85.150399,27.622759,1678
85.150411,27.622759,1678
85.150423,27.622758,1678
85.150437,27.622758,1677
85.150452,27.622758,1677
85.150466,27.622759,1677
85.150478,27.622759,1677
85.150487,27.622758,1677
85.150496,27.622757,1677
85.150505,27.622754,1677
85.150516,27.622751,1676
85.150528,27.622748,1676
85.150541,27.622745,1676
85.150554,27.622742,1676
85.150567,27.622738,1676
85.150579,27.622733,1676
85.15059,27.62273,1675
85.150602,27.622727,1675
85.150613,27.622724,1675
85.150624,27.62272,1675
85.150636,27.622717,1675
85.150649,27.622713,1675
85.150662,27.62271,1675
85.150675,27.622706,1674
85.150689,27.622703,1674
85.1507,27.6227,1674
85.150709,27.622696,1674
85.150716,27.622694,1674
85.150721,27.622691,1674
85.150725,27.622689,1674
85.150731,27.622683,1674
85.150731,27.622682,1674
85.150725,27.622683,1674
85.150724,27.622683,1674
85.15072,27.622681,1674
85.150725,27.622683,1673
85.150728,27.622683,1673
85.150735,27.622683,1673
85.150744,27.622683,1673
85.150755,27.622683,1673
85.150767,27.622683,1673
85.15078,27.622685,1673
85.150795,27.622686,1673
85.150809,27.622688,1672
85.150823,27.622689,1672
85.150835,27.622688,1672
85.150846,27.622687,1672
85.150856,27.622685,1672
85.150866,27.622681,1672
85.150875,27.622677,1672
85.150884,27.622673,1672
85.150891,27.622669,1671
85.150894,27.622664,1671
85.150895,27.62266,1671
85.150895,27.622658,1671
85.150896,27.622653,1671
85.150898,27.622652,1671
85.150903,27.622649,1671
85.150911,27.622646,1671
85.150922,27.622643,1671
85.150934,27.622642,1671
85.150946,27.622642,1671
85.150959,27.622641,1670
85.150971,27.62264,1670
85.150982,27.622639,1670
85.150994,27.622638,1670
85.151007,27.622638,1670
85.151019,27.622638,1670
85.151031,27.62264,1670
85.151044,27.622641,1669
85.151057,27.622642,1669
85.151071,27.622642,1669
85.151084,27.622643,1669
85.151095,27.622645,1669
85.151105,27.622645,1669
85.15112,27.622646,1669
85.151126,27.622647,1669
85.151133,27.622648,1668
85.15114,27.622649,1668
85.151147,27.62265,1668
85.151153,27.622651,1668
85.15116,27.622652,1668
85.151167,27.622653,1668
85.151174,27.622654,1668
85.151181,27.622655,1668
85.151187,27.622656,1668
85.151194,27.622657,1668
85.151201,27.622658,1668
85.151208,27.622659,1668
85.151214,27.622659,1667
85.151221,27.62266,1667
85.151228,27.622661,1667
85.151235,27.622662,1667
85.151241,27.622663,1667
85.151248,27.622664,1667
85.151255,27.622665,1667
85.151262,27.622666,1667
85.151268,27.622667,1667
85.151275,27.622668,1667
85.151282,27.622669,1667
85.151289,27.62267,1667
85.151295,27.622671,1666
85.151302,27.622672,1666
85.151309,27.622673,1666
85.151316,27.622674,1666
85.151323,27.622675,1666
85.151329,27.622676,1666
85.151336,27.622677,1666
85.151343,27.622678,1666
85.15135,27.622679,1666
85.151356,27.62268,1666
85.151363,27.622681,1666
85.15137,27.622682,1666
85.151377,27.622683,1666
85.151383,27.622684,1665
85.15139,27.622685,1665
85.151397,27.622686,1665
85.151404,27.622687,1665
85.15141,27.622688,1665
85.151417,27.622689,1665
85.151424,27.622689,1665
85.151431,27.62269,1665
85.151437,27.622691,1665
85.151444,27.622692,1665
85.151451,27.622693,1665
85.151458,27.622694,1665
85.151465,27.622695,1664
85.151471,27.622696,1664
85.151478,27.622697,1664
85.151485,27.622698,1664
85.151492,27.622699,1664
85.151498,27.6227,1664
85.151505,27.622701,1664
85.151512,27.622702,1664
85.151519,27.622703,1664
85.151525,27.622704,1664
85.151532,27.622705,1664
85.151539,27.622706,1664
85.151546,27.622707,1664
85.151552,27.622708,1663
85.151559,27.622709,1663
85.151566,27.62271,1663
85.151573,27.622711,1663
85.151579,27.622712,1663
85.151586,27.622713,1663
85.151593,27.622714,1663
85.1516,27.622715,1663
85.151607,27.622716,1663
85.151613,27.622717,1663
85.15162,27.622718,1663
85.151627,27.622719,1663
85.151634,27.62272,1662
85.15164,27.62272,1662
85.151647,27.622721,1662
85.151654,27.622722,1662
85.151661,27.622723,1662
85.151667,27.622724,1662
85.151674,27.622725,1662
85.151681,27.622726,1662
85.151688,27.622727,1662
85.151694,27.622728,1662
85.151701,27.622729,1662
85.151708,27.62273,1662
85.151715,27.622731,1662
85.151721,27.622732,1661
85.151728,27.622733,1661
85.151739,27.622717,1661
85.151745,27.622709,1661
85.151751,27.622701,1661
85.151758,27.622694,1661
85.151764,27.622686,1661
85.15177,27.622678,1660
85.151776,27.622671,1660
85.151782,27.622663,1660
85.151788,27.622656,1660
85.151795,27.622648,1660
85.151801,27.62264,1660
85.151807,27.622633,1660
85.151813,27.622625,1660
85.151819,27.622617,1659
85.151825,27.62261,1659
85.151832,27.622602,1659
85.151838,27.622594,1659
85.151844,27.622587,1659
85.15185,27.622579,1659
85.151856,27.622571,1659
85.151862,27.622564,1659
85.151869,27.622556,1658
85.151875,27.622548,1658
85.151881,27.622541,1658
85.151887,27.622533,1658
85.151893,27.622525,1658
85.151899,27.622518,1658
85.151905,27.62251,1658
85.151912,27.622502,1658
85.151918,27.622495,1657
85.151924,27.622487,1657
85.15193,27.622479,1657
85.151936,27.622472,1657
85.151942,27.622464,1657
85.151949,27.622457,1657
85.151955,27.622449,1657
85.151961,27.622441,1657
85.151967,27.622434,1656
85.151973,27.622426,1656
85.151979,27.622418,1656
85.151986,27.622411,1656
85.151992,27.622403,1656
85.151998,27.622395,1656
85.152004,27.622388,1656
85.15201,27.62238,1656
85.152016,27.622372,1655
85.152023,27.622365,1655
85.152029,27.622357,1655
85.152035,27.622349,1655
85.152041,27.622342,1655
85.152047,27.622334,1655
85.152053,27.622326,1655
85.15206,27.622319,1655
85.152066,27.622311,1654
85.152072,27.622303,1654
85.152078,27.622296,1654
85.152084,27.622288,1654
85.15209,27.622273,1654
85.152092,27.622267,1654
85.152095,27.622262,1654
85.152097,27.622257,1654
85.152099,27.622251,1654
85.152101,27.622246,1654
85.152103,27.622241,1653
85.152105,27.622235,1653
85.152107,27.62223,1653
85.15211,27.622225,1653
85.152112,27.622219,1653
85.152114,27.622214,1653
85.152116,27.622209,1653
85.152118,27.622203,1653
85.15212,27.622198,1653
85.152122,27.622193,1653
85.152124,27.622187,1653
85.152127,27.622182,1653
85.152129,27.622177,1653
85.152131,27.622172,1652
85.152133,27.622166,1652
85.152135,27.622161,1652
85.152137,27.622156,1652
85.152139,27.62215,1652
85.152141,27.622145,1652
85.152144,27.62214,1652
85.152146,27.622134,1652
85.152148,27.622129,1652
85.15215,27.622124,1652
85.152152,27.622118,1652
85.152154,27.622113,1652
85.152156,27.622108,1652
85.152158,27.622102,1651
85.152161,27.622097,1651
85.152163,27.622092,1651
85.152165,27.622086,1651
85.152167,27.622081,1651
85.152169,27.622076,1651
85.152171,27.622071,1651
85.152173,27.622065,1651
85.152175,27.62206,1651
85.152178,27.622055,1651
85.15218,27.622049,1651
85.152182,27.622044,1651
85.152184,27.622039,1651
85.152186,27.622033,1651
85.152188,27.622028,1650
85.15219,27.622023,1650
85.152193,27.622017,1650
85.152195,27.622012,1650
85.152197,27.622007,1650
85.152199,27.622001,1650
85.152201,27.621996,1650
85.152203,27.621991,1650
85.152205,27.621985,1650
85.152207,27.62198,1650
85.15221,27.621975,1650
85.152212,27.62197,1650
85.152214,27.621964,1650
85.152216,27.621959,1649
85.152218,27.621954,1649
85.15222,27.621948,1649
85.152222,27.621943,1649
85.152224,27.621938,1649
85.152227,27.621932,1649
85.152229,27.621927,1649
85.152231,27.621922,1649
85.152233,27.621916,1649
85.152235,27.621911,1649
85.152237,27.621906,1649
85.152239,27.6219,1649
85.152241,27.621895,1649
85.152244,27.62189,1649
85.152246,27.621884,1648
85.152248,27.621879,1648
85.15225,27.621874,1648
85.152252,27.621868,1648
85.152254,27.621863,1648
85.152256,27.621858,1648
85.152258,27.621853,1648
85.152261,27.621847,1648
85.152263,27.621842,1648
85.152269,27.621823,1648
85.152273,27.621815,1647
85.152278,27.621808,1647
85.152283,27.621801,1647
85.152288,27.621794,1647
85.152293,27.621786,1647
85.152298,27.621779,1647
85.152302,27.621772,1647
85.152307,27.621765,1647
85.152312,27.621758,1647
85.152317,27.62175,1646
85.152322,27.621743,1646
85.152327,27.621736,1646
85.152332,27.621729,1646
85.152336,27.621721,1646
85.152341,27.621714,1646
85.152346,27.621707,1646
85.152351,27.6217,1646
85.152356,27.621692,1646
85.152361,27.621685,1645
85.152365,27.621678,1645
85.15237,27.621671,1645
85.152375,27.621663,1645
85.15238,27.621656,1645
85.152385,27.621649,1645
85.15239,27.621642,1645
85.152395,27.621634,1645
85.152399,27.621627,1645
85.152404,27.62162,1644
85.152409,27.621613,1644
85.152416,27.621608,1644
85.152422,27.621604,1644
85.152425,27.6216,1644
85.152429,27.621598,1644
85.152436,27.621589,1644
85.152436,27.621588,1644
85.152436,27.621586,1644
85.152438,27.621582,1644
85.15244,27.621575,1644
85.152443,27.621566,1644
85.152447,27.621556,1643
85.152451,27.621547,1643
85.152456,27.621538,1643
85.152461,27.62153,1643
85.152467,27.621524,1643
85.152474,27.621517,1643
85.152482,27.62151,1643
85.152491,27.621503,1643
85.1525,27.621496,1642
85.152509,27.621489,1642
85.152519,27.621483,1642
85.152529,27.621476,1642
85.152538,27.621468,1642
85.152548,27.621461,1642
85.152559,27.621455,1642
85.152569,27.621448,1641
85.152581,27.621443,1641
85.152592,27.621438,1641
85.152605,27.621433,1641
85.152617,27.621428,1641
85.152629,27.621421,1641
85.152639,27.621413,1640
85.15265,27.621406,1640
85.152659,27.621398,1640
85.152669,27.621391,1640
85.152676,27.621386,1640
85.152682,27.621381,1640
85.152693,27.621369,1640
85.152688,27.621371,1639
85.152686,27.621371,1639
85.152686,27.62137,1639
85.152686,27.621368,1639
85.152689,27.621365,1639
85.152694,27.62136,1639
85.152699,27.621354,1639
85.152705,27.621347,1639
85.152711,27.621341,1639
85.152715,27.621335,1639
85.152731,27.621328,1639
85.152732,27.621328,1639
85.152741,27.621329,1639
85.152745,27.621328,1638
85.152753,27.621324,1638
85.152763,27.621318,1638
85.152775,27.621312,1638
85.152788,27.621307,1638
85.152803,27.621301,1638
85.152817,27.621295,1638
85.152833,27.62129,1637
85.152847,27.621284,1637
85.152858,27.621276,1637
85.152868,27.621268,1637
85.152878,27.621261,1637
85.152887,27.621255,1637
85.152893,27.621247,1636
85.152898,27.621239,1636
85.152902,27.62123,1636
85.152905,27.621221,1636
85.152906,27.621213,1636
85.152906,27.621205,1636
85.152906,27.621197,1636
85.152906,27.621188,1636
85.152906,27.621179,1635
85.152906,27.621169,1635
85.152903,27.621158,1635
85.1529,27.621146,1635
85.152898,27.621136,1635
85.152896,27.621126,1635
85.152895,27.621117,1635
85.152893,27.621107,1635
85.152891,27.621097,1634
85.152887,27.621088,1634
85.152882,27.621079,1634
85.152876,27.62107,1634
85.152869,27.621061,1634
85.152863,27.621053,1634
85.152856,27.621045,1634
85.152849,27.621037,1633
85.152842,27.621027,1633
85.152836,27.621016,1633
85.15283,27.621005,1633
85.152825,27.620994,1633
85.152823,27.620984,1633
85.152821,27.620973,1633
85.152818,27.620961,1632
85.152814,27.620949,1632
85.152812,27.620936,1632
85.15281,27.620922,1632
85.152807,27.620909,1632
85.152806,27.620897,1632
85.152806,27.620884,1631
85.152807,27.620873,1631
85.152809,27.620863,1631
85.152808,27.620838,1631
85.152807,27.620837,1631
85.152807,27.620833,1631
85.152806,27.620828,1631
85.152805,27.620823,1631
85.152804,27.620817,1630
85.152803,27.620811,1630
85.152801,27.620804,1630
85.152799,27.620798,1630
85.152799,27.620791,1630
85.152799,27.620784,1630
85.1528,27.620777,1630
85.152802,27.620769,1630
85.152802,27.620761,1630
85.152801,27.620752,1630
85.152799,27.620743,1629
85.152797,27.620733,1629
85.152794,27.620722,1629
85.152791,27.62071,1629
85.152789,27.620697,1629
85.152787,27.620683,1629
85.152786,27.620671,1628
85.152784,27.620658,1628
85.152784,27.620645,1628
85.152786,27.620631,1628
85.152788,27.62062,1628
85.152791,27.620611,1628
85.152793,27.620602,1628
85.152795,27.620594,1627
85.152796,27.620588,1627
85.152799,27.620583,1627
85.152805,27.620574,1627
85.152813,27.620566,1627
85.152822,27.620558,1627
85.152831,27.620549,1627
85.152839,27.620541,1627
85.152848,27.620534,1626
85.152856,27.620525,1626
85.152863,27.620514,1626
85.15287,27.620505,1626
85.152876,27.620495,1626
85.152882,27.620486,1626
85.152886,27.620477,1626
85.15289,27.62047,1625
85.1529,27.620452,1625
85.152897,27.62045,1625
85.1529,27.620442,1625
85.152902,27.62044,1625
85.152906,27.620437,1625
85.15291,27.620431,1625
85.152915,27.620423,1625
85.152918,27.620414,1625
85.152921,27.620403,1624
85.152924,27.620392,1624
85.15293,27.62038,1624
85.152935,27.620369,1624
85.152939,27.620359,1624
85.152943,27.62035,1624
85.152948,27.620341,1624
85.152952,27.620334,1623
85.152955,27.620326,1623
85.152955,27.62032,1623
85.152959,27.620313,1623
85.152961,27.620307,1623
85.152964,27.620301,1623
85.152968,27.620295,1623
85.152973,27.620288,1623
85.152976,27.620282,1623
85.152978,27.620276,1623
85.152979,27.620272,1623
85.152979,27.620269,1622
85.152982,27.620259,1622
85.152983,27.620252,1622
85.152984,27.620249,1622
85.152986,27.620246,1622
85.152987,27.620243,1622
85.152988,27.62024,1622
85.15299,27.620237,1622
85.152991,27.620234,1622
85.152992,27.620231,1622
85.152994,27.620228,1622
85.152995,27.620225,1622
85.152998,27.620214,1622
85.152999,27.620209,1622
85.153,27.620204,1622
85.153001,27.620199,1622
85.153002,27.620194,1621
85.153003,27.620189,1621
85.153004,27.620185,1621
85.153006,27.62018,1621
85.153007,27.620175,1621
85.153008,27.62017,1621
85.153009,27.620165,1621
85.15301,27.62016,1621
85.153011,27.620155,1621
85.153012,27.62015,1621
85.153014,27.620145,1621
85.153015,27.62014,1621
85.153016,27.620136,1621
85.153017,27.620131,1621
85.153018,27.620126,1621
85.153019,27.620121,1620
85.15302,27.620116,1620
85.153021,27.620111,1620
85.153023,27.620106,1620
85.153024,27.620101,1620
85.153025,27.620096,1620
85.153026,27.620091,1620
85.153027,27.620086,1620
85.153028,27.620082,1620
85.153029,27.620077,1620
85.153031,27.620072,1620
85.153032,27.620067,1620
85.153033,27.620062,1620
85.153034,27.620057,1620
85.153035,27.620052,1620
85.153036,27.620047,1619
85.153037,27.620042,1619
85.153038,27.620037,1619
85.15304,27.620033,1619
85.153041,27.620028,1619
85.153042,27.620023,1619
85.153043,27.620018,1619
85.153044,27.620013,1619
85.153045,27.620008,1619
85.153046,27.620003,1619
85.153048,27.619998,1619
85.153049,27.619993,1619
85.15305,27.619988,1619
85.153051,27.619983,1619
85.153052,27.619979,1619
85.153053,27.619974,1618
85.153054,27.619969,1618
85.153056,27.619964,1618
85.153057,27.619959,1618
85.153058,27.619954,1618
85.153059,27.619949,1618
85.15306,27.619944,1618
85.153061,27.619939,1618
85.153062,27.619934,1618
85.153063,27.61993,1618
85.153065,27.619925,1618
85.153066,27.61992,1618
85.153067,27.619915,1618
85.153068,27.61991,1618
85.153066,27.619904,1618
85.153067,27.619902,1618
85.153068,27.6199,1617
85.15307,27.619898,1617
85.153071,27.619896,1617
85.153073,27.619894,1617
85.153074,27.619892,1617
85.153075,27.61989,1617
85.153077,27.619888,1617
85.153078,27.619886,1617
85.153079,27.619884,1617
85.153081,27.619882,1617
85.153082,27.61988,1617
85.153084,27.619878,1617
85.153085,27.619876,1617
85.153086,27.619874,1617
85.153088,27.619872,1617
85.153089,27.61987,1617
85.15309,27.619868,1617
85.153092,27.619866,1617
85.153093,27.619864,1617
85.153095,27.619862,1617
85.153096,27.61986,1617
85.153097,27.619858,1617
85.153099,27.619856,1617
85.1531,27.619854,1617
85.153101,27.619852,1617
85.153103,27.61985,1617
85.153104,27.619848,1617
85.153106,27.619846,1617
85.153107,27.619844,1617
85.153108,27.619842,1617
85.15311,27.61984,1617
85.153111,27.619838,1616
85.153112,27.619836,1616
85.153114,27.619834,1616
85.153115,27.619832,1616
85.153117,27.61983,1616
85.153118,27.619828,1616
85.153119,27.619826,1616
85.153121,27.619824,1616
85.153122,27.619822,1616
85.153123,27.61982,1616
85.153125,27.619818,1616
85.153126,27.619816,1616
85.153128,27.619814,1616
85.153129,27.619812,1616
85.15313,27.61981,1616
85.153132,27.619808,1616
85.153133,27.619806,1616
85.153134,27.619804,1616
85.153136,27.619802,1616
85.153137,27.6198,1616
85.153139,27.619798,1616
85.15314,27.619796,1616
85.153141,27.619794,1616
85.153143,27.619792,1616
85.153144,27.61979,1616
85.153145,27.619788,1616
85.153147,27.619786,1616
85.153148,27.619784,1616
85.15315,27.619782,1616
85.153151,27.61978,1616
85.153152,27.619778,1616
85.153154,27.619776,1616
85.153155,27.619774,1615
85.153156,27.619772,1615
85.153158,27.61977,1615
85.153159,27.619768,1615
85.153161,27.619766,1615
85.153162,27.619764,1615
85.153163,27.619762,1615
85.153165,27.61976,1615
85.153166,27.619758,1615
85.153167,27.619756,1615
85.153169,27.619754,1615
85.15317,27.619752,1615
85.153172,27.61975,1615
85.153173,27.619748,1615
85.153174,27.619746,1615
85.153176,27.619744,1615
85.153177,27.619742,1615
85.153178,27.61974,1615
85.15318,27.619738,1615
85.153181,27.619736,1615
85.153183,27.619734,1615
85.153184,27.619732,1615
85.153185,27.61973,1615
85.153187,27.619728,1615
85.153188,27.619726,1615
85.153189,27.619724,1615
85.153191,27.619722,1615
85.153192,27.61972,1615
85.153194,27.619718,1615
85.153195,27.619716,1615
85.153196,27.619714,1615
85.153198,27.619712,1615
85.153199,27.61971,1614
85.1532,27.619708,1614
85.153202,27.619706,1614
85.153203,27.619704,1614
85.153205,27.619702,1614
85.153206,27.6197,1614
85.153207,27.619698,1614
85.153209,27.619696,1614
85.15321,27.619694,1614
85.153211,27.619692,1614
85.153213,27.61969,1614
85.153214,27.619688,1614
85.153216,27.619686,1614
85.153217,27.619684,1614
85.153218,27.619682,1614
85.15322,27.61968,1614
85.153221,27.619678,1614
85.153222,27.619676,1614
85.153224,27.619674,1614
85.153225,27.619672,1614
85.153227,27.61967,1614
85.153228,27.619668,1614
85.153229,27.619666,1614
85.153231,27.619664,1614
85.153232,27.619662,1614
85.153233,27.61966,1614
85.153235,27.619658,1614
85.153236,27.619656,1614
85.153238,27.619654,1614
85.153239,27.619652,1614
85.15324,27.61965,1614
85.153242,27.619648,1614
85.153243,27.619646,1613
85.153244,27.619644,1613
85.153246,27.619642,1613
85.153247,27.61964,1613
85.153249,27.619638,1613
85.15325,27.619636,1613
85.153251,27.619634,1613
85.153253,27.619632,1613
85.153254,27.61963,1613
85.153255,27.619628,1613
85.153257,27.619626,1613
85.153258,27.619624,1613
85.15326,27.619622,1613
85.153261,27.61962,1613
85.153262,27.619618,1613
85.153264,27.619616,1613
85.153265,27.619614,1613
85.153266,27.619612,1613
85.153268,27.61961,1613
85.153269,27.619608,1613
85.153271,27.619606,1613
85.153272,27.619604,1613
85.153273,27.619602,1613
85.153275,27.6196,1613
85.153276,27.619598,1613
85.153275,27.619588,1613
85.153275,27.619584,1613
85.153275,27.61958,1612
85.153275,27.619575,1612
85.153275,27.619571,1612
85.153275,27.619567,1612
85.153275,27.619563,1612
85.153275,27.619559,1612
85.153275,27.619555,1612
85.153275,27.619551,1612
85.153275,27.619547,1612
85.153275,27.619543,1612
85.153275,27.619538,1612
85.153275,27.619534,1612
85.153275,27.61953,1612
85.153275,27.619526,1612
85.153275,27.619522,1612
85.153275,27.619518,1612
85.153275,27.619514,1612
85.153275,27.61951,1612
85.153275,27.619506,1612
85.153275,27.619501,1611
85.153275,27.619497,1611
85.153275,27.619493,1611
85.153275,27.619489,1611
85.153275,27.619485,1611
85.153275,27.619481,1611
85.153275,27.619477,1611
85.153275,27.619473,1611
85.153275,27.619469,1611
85.153275,27.619464,1611
85.153275,27.61946,1611
85.153275,27.619456,1611
85.153275,27.619452,1611
85.153275,27.619448,1611
85.153275,27.619444,1611
85.153275,27.61944,1611
85.153275,27.619436,1611
85.153275,27.619432,1611
85.153275,27.619427,1610
85.153275,27.619423,1610
85.153275,27.619419,1610
85.153275,27.619415,1610
85.153272,27.619395,1610
85.153153,27.61872,1601
85.153154,27.618728,1601
85.153155,27.618743,1601
85.153154,27.618754,1601
85.153154,27.618764,1601
85.153152,27.61878,1601
85.153149,27.618796,1600
85.153146,27.618809,1600
85.153142,27.61882,1600
85.153139,27.618828,1600
85.153135,27.618834,1600
85.153132,27.618838,1600
85.153129,27.618839,1600
85.153126,27.618839,1600
85.153123,27.618838,1600
85.15312,27.618835,1600
85.153115,27.618833,1600
85.15311,27.618832,1600
85.153103,27.618832,1600
85.153097,27.618832,1600
85.153092,27.618831,1600
85.153083,27.618827,1600
85.153084,27.618827,1600
85.153085,27.618829,1600
85.153085,27.61883,1600
85.153075,27.618832,1600
85.153074,27.618832,1600
85.153065,27.618833,1600
85.153062,27.618833,1600
85.153054,27.618843,1599
85.153059,27.618842,1599
85.153059,27.618839,1599
85.15306,27.618834,1599
85.15306,27.618827,1599
85.153061,27.618819,1599
85.153061,27.618811,1599
85.153062,27.618803,1599
85.153063,27.618795,1599
85.153065,27.618788,1599
85.153067,27.61878,1599
85.153069,27.618757,1599
85.153068,27.618755,1599
85.153066,27.618751,1599
85.153064,27.618748,1599
85.153062,27.618743,1599
85.153059,27.618736,1599
85.153056,27.61873,1599
85.153052,27.618724,1599
85.153049,27.618712,1598
85.15305,27.618711,1598
85.153053,27.618709,1598
85.153057,27.618706,1598
85.153062,27.618704,1598
85.153068,27.618701,1598
85.153073,27.618698,1598
85.153078,27.618695,1598
85.153084,27.618693,1598
85.15309,27.618691,1598
85.153097,27.61869,1598
85.153105,27.61869,1598
85.153112,27.61869,1598
85.153119,27.618689,1598
85.153125,27.618688,1598
85.153132,27.618686,1598
85.153137,27.618684,1598
85.153155,27.618677,1598
85.153157,27.618675,1598
85.15316,27.618671,1598
85.153162,27.618666,1598
85.153163,27.61866,1598
85.153163,27.618652,1597
85.153162,27.618644,1597
85.15316,27.618635,1597
85.153156,27.618626,1597
85.153151,27.618616,1597
85.153146,27.618606,1597
85.153141,27.618596,1597
85.153136,27.618587,1597
85.153131,27.618579,1597
85.153127,27.618569,1597
85.153123,27.61856,1597
85.15312,27.618552,1597
85.153118,27.618545,1597
85.153116,27.618539,1597
85.153114,27.618533,1597
85.153113,27.618527,1597
85.153111,27.618523,1596
85.153109,27.618519,1596
85.153107,27.618515,1596
85.153105,27.618511,1596
85.153104,27.618505,1596
85.153102,27.6185,1596
85.153102,27.618494,1596
85.153103,27.618487,1596
85.153102,27.61848,1596
85.153102,27.618473,1596
85.153102,27.618466,1596
85.153102,27.61846,1596
85.153102,27.618455,1596
85.153104,27.618451,1596
85.153105,27.618446,1596
85.153107,27.618442,1596
85.153109,27.618437,1596
85.15311,27.618431,1596
85.153109,27.618424,1596
85.153107,27.618417,1596
85.153103,27.618408,1596
85.1531,27.618398,1596
85.153095,27.618389,1595
85.15309,27.618379,1595
85.153084,27.618369,1595
85.153079,27.61836,1595
85.153075,27.618352,1595
85.15307,27.618345,1595
85.153063,27.618338,1595
85.153055,27.618331,1595
85.153049,27.618324,1595
85.153044,27.618318,1595
85.153038,27.618313,1595
85.153033,27.618307,1595
85.153029,27.618302,1595
85.153025,27.618295,1595
85.153021,27.618288,1595
85.153016,27.618282,1595
85.153011,27.618276,1594
85.153004,27.61827,1594
85.152995,27.618265,1594
85.152985,27.618261,1594
85.152975,27.618259,1594
85.152966,27.618257,1594
85.152957,27.618256,1594
85.152948,27.618254,1594
85.152938,27.618251,1594
85.152929,27.618248,1594
85.152919,27.618243,1594
85.15291,27.61824,1594
85.152903,27.618236,1594
85.1529,27.618232,1594
85.152899,27.618226,1594
85.152898,27.618221,1594
85.152896,27.618217,1594
85.152894,27.618212,1593
85.15289,27.618207,1593
85.152887,27.618202,1593
85.152884,27.618196,1593
85.152883,27.61819,1593
85.152883,27.618183,1592
85.152884,27.618178,1592
85.152888,27.618173,1592
85.152891,27.618168,1592
85.152895,27.618164,1592
85.152898,27.61816,1592
85.1529,27.618156,1592
85.152902,27.618151,1592
85.152903,27.618146,1592
85.152904,27.61814,1591
85.152906,27.618133,1591
85.152906,27.618128,1591
85.152906,27.618122,1591
85.152905,27.618115,1591
85.152903,27.618108,1591
85.1529,27.618102,1591
85.152898,27.618095,1590
85.152893,27.618088,1590
85.152887,27.618082,1590
85.152879,27.618078,1590
85.152871,27.618075,1590
85.152864,27.618074,1590
85.152858,27.618073,1590
85.152853,27.618073,1589
85.152841,27.618074,1589
85.15284,27.618074,1589
85.152842,27.618071,1589
85.152842,27.618066,1589
85.152847,27.618061,1589
85.152848,27.618059,1589
85.15285,27.618055,1589
85.152853,27.61805,1589
85.152855,27.618039,1588
85.152853,27.618034,1588
85.152852,27.618028,1588
85.15285,27.618023,1588
85.152849,27.618017,1588
85.152847,27.618012,1588
85.152846,27.618006,1588
85.152844,27.618001,1588
85.152843,27.617996,1588
85.152841,27.61799,1587
85.15284,27.617985,1587
85.152838,27.617979,1587
85.152837,27.617974,1587
85.152835,27.617969,1587
85.152834,27.617963,1587
85.152832,27.617958,1587
85.152831,27.617952,1587
85.152829,27.617947,1587
85.152828,27.617942,1586
85.152826,27.617936,1586
85.152825,27.617931,1586
85.152824,27.617925,1586
85.152822,27.61792,1586
85.152821,27.617915,1586
85.152819,27.617909,1586
85.152818,27.617904,1586
85.152816,27.617898,1586
85.152815,27.617893,1585
85.152813,27.617887,1585
85.152812,27.617882,1585
85.15281,27.617877,1585
85.152809,27.617871,1585
85.152807,27.617866,1585
85.152806,27.61786,1585
85.152804,27.617855,1585
85.152803,27.61785,1585
85.152801,27.617844,1584
85.1528,27.617839,1584
85.152798,27.617833,1584
85.152797,27.617828,1584
85.152795,27.617823,1584
85.152794,27.617817,1584
85.152792,27.617812,1584
85.152791,27.617806,1584
85.152789,27.617801,1584
85.152788,27.617796,1583
85.152786,27.61779,1583
85.152785,27.617785,1583
85.152784,27.617779,1583
85.152782,27.617774,1583
85.152781,27.617769,1583
85.152779,27.617763,1583
85.152778,27.617758,1583
85.152776,27.617752,1582
85.152775,27.617747,1582
85.152773,27.617741,1582
85.152772,27.617736,1582
85.15277,27.617731,1582
85.152769,27.617725,1582
85.152767,27.61772,1582
85.152766,27.617714,1582
85.152764,27.617709,1582
85.152763,27.617704,1581
85.152761,27.617698,1581
85.15276,27.617693,1581
85.152758,27.617687,1581
85.152757,27.617682,1581
85.152755,27.617677,1581
85.152754,27.617671,1581
85.152752,27.617666,1581
85.152751,27.61766,1581
85.152749,27.617655,1580
85.152748,27.61765,1580
85.152746,27.617644,1580
85.152749,27.617636,1580
85.15275,27.617631,1580
85.152751,27.617626,1580
85.152753,27.617621,1580
85.152754,27.617615,1579
85.152755,27.61761,1579
85.152756,27.617605,1579
85.152758,27.617599,1579
85.152759,27.617594,1579
85.15276,27.617589,1579
85.152761,27.617583,1579
85.152762,27.617578,1579
85.152764,27.617573,1579
85.152765,27.617567,1579
85.152766,27.617562,1579
85.152767,27.617557,1579
85.152769,27.617551,1579
85.15277,27.617546,1579
85.152771,27.617541,1579
85.152772,27.617535,1578
85.152774,27.61753,1578
85.152775,27.617525,1578
85.152776,27.617519,1578
85.152777,27.617514,1578
85.152778,27.617509,1578
85.15278,27.617503,1578
85.152781,27.617498,1578
85.152782,27.617493,1577
85.152783,27.617487,1577
85.152785,27.617482,1577
85.152786,27.617477,1577
85.152787,27.617472,1577
85.152788,27.617466,1577
85.152789,27.617461,1577
85.152791,27.617456,1576
85.152792,27.61745,1576
85.152793,27.617445,1576
85.152794,27.61744,1576
85.152796,27.617434,1576
85.152797,27.617429,1576
85.152798,27.617424,1576
85.152799,27.617418,1575
85.152801,27.617413,1575
85.152802,27.617408,1575
85.152803,27.617402,1575
85.152804,27.617397,1575
85.152805,27.617392,1575
85.152807,27.617386,1575
85.152808,27.617381,1574
85.152809,27.617376,1574
85.15281,27.61737,1574
85.152812,27.617365,1574
85.152813,27.61736,1574
85.152814,27.617354,1574
85.152815,27.617349,1574
85.152816,27.617344,1573
85.152818,27.617339,1573
85.152819,27.617333,1573
85.15282,27.617328,1573
85.152826,27.617319,1573
85.152832,27.617309,1573
85.152838,27.617298,1572
85.152843,27.617288,1572
85.152848,27.617277,1572
85.152853,27.617268,1571
85.152858,27.617259,1571
85.152861,27.61725,1571
85.152863,27.617242,1571
85.152864,27.617234,1571
85.152864,27.617228,1570
85.152861,27.617223,1570
85.152858,27.617221,1570
85.152853,27.617221,1570
85.152846,27.617225,1570
85.152839,27.617229,1570
85.152831,27.617234,1571
85.152821,27.61724,1571
85.152811,27.617247,1571
85.152802,27.617253,1571
85.152792,27.617258,1571
85.152782,27.617264,1571
85.152772,27.61727,1572
85.152763,27.617276,1572
85.152755,27.617282,1572
85.152746,27.617287,1572
85.152737,27.617292,1572
85.152727,27.617298,1572
85.152718,27.617303,1572
85.152709,27.617307,1571
85.152701,27.617309,1572
85.152693,27.617307,1571
85.152686,27.617304,1571
85.152681,27.6173,1571
85.152678,27.617296,1571
85.152676,27.617293,1571
85.152676,27.617288,1571
85.15268,27.617284,1571
85.152685,27.617279,1571
85.15269,27.617273,1571
85.152695,27.617266,1570
85.152702,27.617259,1570
85.152708,27.617251,1570
85.152715,27.617241,1570
85.152719,27.617231,1570
85.152724,27.617221,1570
85.152727,27.617213,1570
85.152731,27.617204,1570
85.152736,27.617194,1570
85.152741,27.617183,1569
85.152744,27.617171,1569
85.152746,27.617158,1569
85.152747,27.617145,1568
85.152749,27.617133,1568
85.152749,27.617119,1568
85.152749,27.617106,1566
85.152748,27.617095,1566
85.152747,27.617085,1566
85.152747,27.617075,1565
85.152746,27.617064,1565
85.152745,27.617053,1565
85.152744,27.617043,1565
85.152743,27.617033,1564
85.152741,27.617023,1564
85.152739,27.617013,1564
85.152736,27.617002,1563
85.152732,27.616991,1563
85.152729,27.616983,1563
85.152724,27.616976,1563
85.152719,27.61697,1563
85.152715,27.616964,1562
85.152709,27.616959,1562
85.152704,27.616953,1562
85.152699,27.616946,1562
85.152694,27.616939,1562
85.152689,27.616932,1562
85.152684,27.616926,1560
85.152681,27.616919,1560
85.152677,27.616913,1560
85.152668,27.616897,1560
85.152669,27.616896,1560
85.152668,27.616894,1560
85.152666,27.616891,1560
85.152664,27.616888,1559
85.152661,27.616884,1559
85.152657,27.616881,1559
85.152652,27.616877,1559
85.152647,27.616873,1559
85.152643,27.616869,1559
85.15264,27.616865,1559
85.152638,27.616861,1559
85.152638,27.616858,1559
85.152639,27.616854,1559
85.152641,27.616851,1557
85.152644,27.616846,1557
85.152649,27.61684,1557
85.152653,27.616833,1557
85.152657,27.616827,1557
85.152658,27.61682,1557
85.152656,27.616814,1557
85.152652,27.61681,1557
85.152645,27.616808,1557
85.152636,27.616808,1557
85.152627,27.616809,1557
85.152619,27.616809,1557
85.15261,27.616809,1557
85.152603,27.616807,1557
85.152595,27.616804,1557
85.152588,27.616801,1557
85.152581,27.616798,1557
85.152575,27.616797,1557
85.152568,27.616798,1557
85.15256,27.616798,1557
85.152551,27.6168,1557
85.152542,27.616802,1557
85.152532,27.616806,1557
85.152522,27.61681,1557
85.152511,27.616814,1557
85.152502,27.616818,1557
85.152494,27.616822,1557
85.152487,27.616827,1557
85.152481,27.616831,1557
85.152465,27.616842,1557
85.152463,27.616844,1557
85.152459,27.616847,1557
85.152452,27.616851,1557
85.152443,27.616855,1557
85.152432,27.616858,1557
85.152419,27.616862,1557
85.152408,27.616866,1557
85.152397,27.616869,1557
85.152387,27.61687,1557
85.152377,27.61687,1557
85.152365,27.61687,1556
85.152354,27.616869,1556
85.152344,27.616867,1556
85.152336,27.616864,1556
85.15233,27.616861,1556
85.152326,27.616858,1556
85.15232,27.616851,1555
85.152321,27.61685,1555
85.152321,27.616849,1555
85.152322,27.616846,1555
85.152321,27.616842,1555
85.15232,27.616836,1555
85.152318,27.61683,1555
85.152315,27.616825,1555
85.152313,27.61682,1555
85.152309,27.616808,1554
85.152307,27.616806,1554
85.152305,27.616802,1554
85.152302,27.616797,1554
85.152299,27.616791,1554
85.152294,27.616786,1554
85.152289,27.616779,1554
85.152282,27.616774,1552
85.152275,27.616769,1552
85.152269,27.616765,1552
85.152263,27.616763,1552
85.152257,27.616762,1552
85.152249,27.616762,1552
85.152242,27.616763,1552
85.152233,27.616764,1551
85.152226,27.616767,1551
85.15222,27.616769,1551
85.152204,27.616769,1551
85.152203,27.616769,1551
85.152191,27.616766,1550
85.152189,27.616765,1550
85.152184,27.61676,1550
85.152175,27.616753,1550
85.152163,27.616745,1550
85.15215,27.616736,1548
85.152138,27.616727,1548
85.152126,27.616717,1548
85.152115,27.616708,1548
85.152104,27.6167,1547
85.152092,27.616692,1546
85.152084,27.616686,1546
85.152064,27.616671,1545
85.152061,27.616671,1545
85.152056,27.616671,1545
85.152047,27.616671,1545
85.152035,27.61667,1545
85.152021,27.61667,1544
85.152006,27.61667,1544
85.151992,27.61667,1544
85.151978,27.616669,1543
85.151964,27.616669,1543
85.151948,27.616669,1543
85.151934,27.616668,1543
85.151921,27.616665,1543
85.151909,27.61666,1542
85.151898,27.616652,1542
85.151887,27.616645,1542
85.151878,27.616638,1542
85.15187,27.616632,1542
85.151862,27.616627,1542
85.151847,27.616615,1541
85.151848,27.616615,1541
85.151852,27.616616,1541
85.151859,27.616621,1541
85.151849,27.616618,1541
85.151848,27.616617,1541
85.151846,27.616617,1541
85.151844,27.616616,1541
85.151842,27.616613,1541
85.15184,27.616611,1541
85.151834,27.616605,1541
85.151838,27.616601,1541
85.151838,27.6166,1541
85.151844,27.616583,1541
85.151841,27.616598,1541
85.15184,27.616599,1541
85.151837,27.616601,1541
85.151834,27.616604,1541
85.15183,27.616606,1541
85.151825,27.616608,1541
85.15182,27.61661,1541
85.151799,27.61662,1542
85.151808,27.616621,1542
85.151809,27.616621,1542
85.151811,27.616622,1541
85.151813,27.616622,1541
85.151816,27.616622,1541
85.151836,27.616628,1542
85.151836,27.616627,1542
85.151837,27.616627,1542
85.151839,27.616626,1542
85.15184,27.616625,1542
85.151844,27.616625,1542
85.151842,27.616627,1542
85.151839,27.616635,1542
85.151839,27.616637,1542
85.151838,27.616638,1542
85.151838,27.616637,1542
85.151846,27.616631,1542
85.151849,27.61663,1542
85.151856,27.616628,1542
85.151857,27.616628,1542
85.15186,27.616628,1542
85.151864,27.616627,1542
85.151868,27.616626,1542
85.151871,27.616625,1542
85.151874,27.616626,1542
85.151872,27.616628,1542
85.151867,27.616634,1542
85.15186,27.616643,1542
85.151852,27.616654,1542
85.151844,27.616666,1542
85.151834,27.61668,1542
85.151824,27.616694,1542
85.151815,27.61671,1543
85.151805,27.616725,1544
85.151797,27.616739,1544
85.151789,27.616752,1544
85.151781,27.616764,1544
85.151773,27.616776,1545
85.151764,27.616786,1546
85.151755,27.616796,1546
85.151746,27.616805,1546
85.151737,27.616815,1546
85.15173,27.616824,1546
85.151725,27.616831,1546
85.151721,27.616837,1547
85.151719,27.616841,1547
85.151721,27.616843,1547
85.151724,27.616843,1547
85.151728,27.616842,1546
85.151739,27.616843,1546
85.151734,27.616846,1546
85.151733,27.61685,1546
85.151731,27.616851,1546
85.151731,27.616852,1547
85.151729,27.616855,1547
85.151728,27.616859,1547
85.151728,27.616864,1547
85.151726,27.616867,1547
85.151724,27.616874,1548
85.151721,27.616884,1548
85.151718,27.616895,1549
85.151715,27.616907,1549
85.151712,27.61692,1549
85.151708,27.616935,1550
85.151704,27.616951,1550
85.1517,27.616967,1551
85.151697,27.616983,1551
85.151694,27.616999,1551
85.151691,27.617013,1552
85.151686,27.617026,1552
85.151681,27.617037,1552
85.151675,27.617047,1553
85.151671,27.617055,1553
85.151667,27.617061,1553
85.15166,27.617081,1554
85.15166,27.617083,1554
85.151661,27.617086,1554
85.151661,27.61709,1554
85.151661,27.617094,1554
85.15166,27.617098,1554
85.151659,27.617104,1554
85.151659,27.61711,1554
85.151657,27.617117,1554
85.151656,27.617125,1555
85.151654,27.617132,1555
85.151653,27.61714,1555
85.15165,27.617148,1555
85.151647,27.617157,1556
85.151643,27.617167,1556
85.151638,27.617176,1556
85.151633,27.617186,1556
85.151628,27.617195,1557
85.151621,27.617203,1557
85.151614,27.617211,1557
85.151606,27.617219,1557
85.151597,27.617227,1557
85.151588,27.617233,1557
85.15158,27.617239,1557
85.151571,27.617243,1557
85.151562,27.617247,1557
85.151553,27.617252,1556
85.151546,27.617255,1556
85.151539,27.617257,1556
85.151533,27.617258,1556
85.151528,27.617259,1556
85.151523,27.61726,1556
85.151517,27.617262,1556
85.151508,27.617263,1555
85.151497,27.617264,1555
85.151484,27.617263,1555
85.15147,27.617262,1555
85.151456,27.61726,1554
85.151442,27.617258,1554
85.151429,27.617256,1554
85.151416,27.617253,1553
85.151404,27.61725,1553
85.151395,27.617246,1553
85.151386,27.617242,1553
85.151378,27.617237,1552
85.151371,27.617231,1551
85.151365,27.617224,1551
85.151358,27.617216,1551
85.15135,27.617208,1551
85.151342,27.6172,1551
85.151334,27.617192,1550
85.151326,27.617183,1550
85.151316,27.617175,1550
85.151307,27.617167,1550
85.151298,27.61716,1550
85.15129,27.617154,1549
85.151285,27.617147,1549
85.151276,27.617138,1549
85.151268,27.617129,1549
85.15126,27.617121,1549
85.151254,27.617115,1549
85.151246,27.617108,1549
85.151237,27.617102,1549
85.151227,27.617099,1549
85.151221,27.617099,1549
85.151205,27.617098,1549
85.151204,27.617099,1549
85.151201,27.617099,1549
85.151198,27.617101,1549
85.151193,27.617104,1549
85.151188,27.617109,1549
85.151184,27.617114,1549
85.15118,27.617119,1548
85.151176,27.617125,1548
85.151171,27.617132,1548
85.151166,27.617139,1548
85.151161,27.617145,1548
85.151157,27.617152,1548
85.151153,27.617159,1548
85.151149,27.617164,1548
85.151144,27.617169,1548
85.151139,27.617174,1548
85.151133,27.61718,1547
85.151127,27.617187,1547
85.151121,27.617195,1547
85.151114,27.617202,1547
85.151108,27.617209,1547
85.151103,27.617216,1547
85.151099,27.617222,1547
85.151095,27.617227,1547
85.151092,27.61723,1547
85.151088,27.617232,1547
85.151082,27.617234,1547
85.151077,27.617235,1547
85.151071,27.617236,1547
85.151057,27.617238,1547
85.151056,27.617238,1547
85.151049,27.617237,1547
85.151048,27.617236,1547
85.151047,27.617235,1547
85.151057,27.617227,1547
85.151057,27.617226,1547
85.15106,27.61722,1547
85.151055,27.617222,1547
85.151054,27.617224,1547
85.151051,27.617226,1547
85.15104,27.617233,1547
85.151038,27.617234,1546
85.151034,27.617236,1546
85.151029,27.617238,1546
85.151005,27.617248,1546
85.151004,27.617252,1546
85.151,27.61726,1546
85.150995,27.617273,1546
85.150988,27.617288,1546
85.150982,27.617302,1546
85.150975,27.617316,1547
85.150968,27.617331,1547
85.150959,27.617346,1548
85.15095,27.617362,1547
85.150943,27.617376,1547
85.150938,27.61739,1548
85.150933,27.617403,1548
85.150929,27.617415,1548
85.150923,27.617427,1549
85.150918,27.617437,1549
85.150914,27.617448,1549
85.150908,27.61746,1550
85.150904,27.617472,1550
85.1509,27.617484,1550
85.150898,27.617495,1550
85.150899,27.617505,1552
85.150903,27.617516,1552
85.150908,27.617526,1552
85.150914,27.617537,1555
85.15092,27.617546,1555
85.150924,27.617556,1555
85.150926,27.617565,1555
85.150926,27.617574,1557
85.150923,27.617584,1557
85.150918,27.617594,1557
85.150913,27.617604,1557
85.150907,27.617613,1559
85.1509,27.617622,1559
85.150892,27.617629,1559
85.150884,27.617635,1559
85.150875,27.61764,1559
85.150867,27.617646,1559
85.150858,27.617651,1561
85.150849,27.617656,1561
85.15084,27.617661,1561
85.150831,27.617665,1561
85.150822,27.617668,1560
85.150814,27.61767,1560
85.150805,27.617671,1560
85.150798,27.61767,1560
85.15079,27.617668,1560
85.150784,27.617666,1560
85.150778,27.617664,1558
85.150773,27.617661,1558
85.150767,27.617658,1558
85.150762,27.617655,1558
85.150756,27.617652,1558
85.15075,27.617648,1556
85.150744,27.617644,1556
85.150738,27.617642,1556
85.150731,27.617641,1554
85.150724,27.61764,1554
85.150715,27.61764,1554
85.150707,27.617642,1554
85.1507,27.617644,1554
85.150693,27.617647,1553
85.150685,27.617651,1554
85.150677,27.617655,1554
85.150669,27.617661,1554
85.15066,27.617666,1554
85.150652,27.61767,1554
85.150644,27.617674,1552
85.150635,27.617678,1552
85.150627,27.617683,1552
85.150618,27.617687,1552
85.150608,27.617692,1552
85.1506,27.617696,1552
85.150593,27.6177,1552
85.150587,27.617702,1552
85.15058,27.617705,1552
85.150573,27.617706,1552
85.150564,27.617707,1550
85.150557,27.617707,1550
85.150548,27.617706,1550
85.15054,27.617707,1550
85.150531,27.617708,1550
85.150522,27.61771,1549
85.150512,27.617712,1549
85.150503,27.617715,1549
85.150493,27.617719,1549
85.150485,27.617724,1549
85.150477,27.617728,1549
85.15047,27.617734,1549
85.150463,27.61774,1549
85.150456,27.617745,1549
85.15045,27.617751,1549
85.150443,27.617756,1549
85.150437,27.617761,1548
85.15043,27.617767,1549
85.150422,27.617773,1549
85.150415,27.61778,1549
85.150408,27.617786,1549
85.150401,27.617791,1549
85.150395,27.617797,1549
85.150389,27.617802,1550
85.150382,27.617807,1550
85.150375,27.617813,1550
85.150368,27.617819,1550
85.150361,27.617825,1550
85.150354,27.617831,1550
85.150348,27.617837,1550
85.150343,27.617843,1550
85.150337,27.61785,1550
85.150333,27.617858,1550
85.150331,27.617866,1550
85.150332,27.617874,1550
85.150334,27.617882,1551
85.150338,27.617891,1551
85.150342,27.617898,1551
85.150348,27.617905,1551
85.150353,27.617912,1551
85.150359,27.617918,1552
85.150365,27.617926,1552
85.150373,27.617934,1552
85.15038,27.617943,1552
85.150387,27.61795,1552
85.150395,27.617958,1552
85.150402,27.617967,1552
85.150408,27.617974,1552
85.150413,27.617982,1552
85.150417,27.617988,1552
85.15042,27.617994,1552
85.150422,27.618,1552
85.150422,27.618006,1552
85.150421,27.618012,1552
85.150419,27.618018,1552
85.150416,27.618024,1552
85.150412,27.61803,1552
85.150407,27.618035,1552
85.150401,27.618041,1552
85.150395,27.618047,1552
85.150388,27.618054,1552
85.150381,27.618061,1552
85.150374,27.618067,1552
85.150368,27.618072,1552
85.150362,27.618078,1552
85.150356,27.618083,1552
85.150349,27.618088,1551
85.150341,27.618093,1551
85.150333,27.618097,1551
85.150325,27.618102,1551
85.150316,27.618108,1552
85.150308,27.618113,1551
85.150299,27.618119,1551
85.150289,27.618124,1551
85.15028,27.618129,1551
85.150271,27.618133,1551
85.150263,27.618137,1552
85.150254,27.618142,1552
85.150246,27.618147,1552
85.150237,27.618152,1552
85.150227,27.618156,1552
85.150218,27.61816,1552
85.15021,27.618162,1552
85.150202,27.618165,1552
85.150194,27.61817,1552
85.150188,27.618173,1552
85.150182,27.618177,1552
85.150177,27.618181,1552
85.150172,27.618184,1552
85.150168,27.618188,1552
85.150164,27.618193,1552
85.150161,27.618198,1552
85.150156,27.618203,1552
85.15015,27.618208,1552
85.150145,27.618214,1552
85.15014,27.618219,1552
85.150137,27.618224,1552
85.150133,27.618228,1552
85.150131,27.618233,1552
85.150128,27.618237,1552
85.150126,27.618241,1552
85.150125,27.618245,1552
85.15012,27.618257,1552
85.150115,27.618265,1552
85.150115,27.618269,1552
85.150116,27.618278,1552
85.150118,27.618289,1552
85.150121,27.618301,1552
85.150124,27.618313,1552
85.150127,27.618326,1552
85.150129,27.618339,1553
85.15013,27.618351,1553
85.15013,27.618362,1553
85.150129,27.618372,1553
85.150128,27.618382,1553
85.150128,27.61839,1553
85.150126,27.618398,1553
85.150124,27.618407,1553
85.150122,27.618416,1554
85.150119,27.618427,1554
85.150115,27.618437,1554
85.150112,27.618448,1554
85.150109,27.618457,1555
85.150106,27.618465,1555
85.150103,27.618472,1555
85.150099,27.618479,1555
85.150095,27.618484,1555
85.150089,27.61849,1556
85.150083,27.618495,1556
85.150076,27.618499,1556
85.150068,27.618504,1556
85.150059,27.618507,1556
85.150052,27.618509,1556
85.150045,27.618511,1556
85.15004,27.618513,1556
85.150036,27.618515,1556
85.150032,27.618515,1556
85.150028,27.618514,1556
85.150024,27.618514,1556
85.15002,27.618515,1556
85.150014,27.618514,1556
85.150009,27.618514,1556
85.150004,27.618515,1556
85.149998,27.618514,1556
85.149993,27.618514,1556
85.149989,27.618514,1556
85.149983,27.618514,1556
85.149978,27.618515,1556
85.149974,27.618516,1556
85.149969,27.618518,1556
85.149965,27.618522,1556
85.149959,27.618525,1557
85.149954,27.61853,1557
85.149949,27.618535,1557
85.149946,27.61854,1557
85.149939,27.618552,1557
85.149934,27.61855,1557
85.149925,27.618552,1557
85.149924,27.618552,1557
85.14992,27.618554,1557
85.149915,27.618558,1557
85.14991,27.618561,1557
85.149903,27.618565,1558
85.149898,27.618569,1558
85.149893,27.618572,1558
85.149887,27.618576,1558
85.149881,27.618579,1558
85.149877,27.618583,1558
85.149872,27.618585,1558
85.149868,27.618587,1558
85.149865,27.618588,1558
85.149862,27.618587,1558
85.149859,27.618588,1558
85.149855,27.618589,1558
85.14985,27.618593,1558
85.149843,27.618599,1558
85.149835,27.618606,1560
85.149829,27.618614,1560
85.149826,27.61862,1560
85.149824,27.618625,1560
85.149817,27.618637,1560
85.149815,27.618637,1560
85.149816,27.618637,1560
85.149819,27.61864,1561
85.149817,27.618643,1561
85.149816,27.61865,1561
85.149813,27.618659,1561
85.149808,27.61867,1561
85.149803,27.618683,1563
85.149798,27.618696,1563
85.14979,27.61871,1561
85.149783,27.618723,1563
85.149774,27.618735,1563
85.149766,27.618745,1563
85.149756,27.618755,1565
85.149746,27.618764,1561
85.149741,27.618772,1561
85.149735,27.618779,1561
85.14973,27.618786,1561
85.149726,27.618793,1563
85.149723,27.618801,1563
85.149721,27.618808,1563
85.149718,27.618816,1563
85.149717,27.618824,1563
85.149716,27.618831,1564
85.149717,27.61884,1564
85.149718,27.618849,1564
85.149718,27.618856,1564
85.149719,27.618863,1564
85.149719,27.61887,1565
85.149721,27.618875,1565
85.149722,27.618881,1565
85.149723,27.618886,1565
85.149724,27.618892,1565
85.149725,27.618898,1565
85.149726,27.618904,1565
85.149726,27.618909,1566
85.149726,27.618914,1566
85.149725,27.618919,1566
85.149725,27.618923,1566
85.149725,27.618928,1566
85.149723,27.618934,1566
85.149721,27.61894,1566
85.149717,27.618947,1567
85.149713,27.618954,1567
85.14971,27.618959,1567
85.149705,27.618967,1564
85.1497,27.618974,1564
85.149694,27.618982,1565
85.149687,27.61899,1565
85.14968,27.618995,1565
85.149675,27.619001,1565
85.149669,27.619007,1565
85.149664,27.619012,1563
85.149655,27.619015,1563
85.149648,27.61902,1565
85.149643,27.619024,1565
85.149639,27.619029,1565
85.149635,27.619033,1565
85.149631,27.619036,1564
85.149624,27.619047,1564
85.149625,27.619048,1564
85.149622,27.61905,1564
85.149621,27.619052,1562
85.14962,27.619055,1562
85.149618,27.619057,1564
85.149616,27.619058,1564
85.149614,27.61906,1564
85.149612,27.61906,1564
85.14961,27.61906,1564
85.149608,27.619061,1564
85.149604,27.619062,1564
85.149601,27.619065,1564
85.149598,27.619068,1564
85.149594,27.61907,1564
85.14959,27.619073,1564
85.149587,27.619077,1564
85.149584,27.619079,1564
85.149571,27.619097,1564
85.149567,27.619099,1564
85.14956,27.619105,1564
85.14955,27.619114,1564
85.149538,27.619124,1564
85.149527,27.619136,1564
85.149514,27.619148,1564
85.149503,27.619161,1564
85.149492,27.619173,1563
85.149483,27.619185,1563
85.149475,27.619195,1563
85.149468,27.619204,1563
85.149462,27.619212,1565
85.149456,27.619219,1565
85.14945,27.619227,1562
85.149443,27.619234,1562
85.149437,27.619241,1562
85.149431,27.619248,1564
85.149424,27.619255,1564
85.149418,27.61926,1564
85.149412,27.619265,1564
85.149407,27.619272,1561
85.149401,27.619279,1561
85.149394,27.619286,1562
85.149388,27.619292,1562
85.149383,27.619298,1562
85.149373,27.619308,1562
85.14937,27.619311,1562
85.149367,27.619315,1562
85.149363,27.619318,1559
85.14936,27.619322,1559
85.149357,27.619326,1561
85.149353,27.619329,1561
85.14935,27.619333,1561
85.149347,27.619336,1561
85.149343,27.61934,1561
85.14934,27.619344,1561
85.149337,27.619347,1561
85.149333,27.619351,1561
85.14933,27.619354,1561
85.149327,27.619358,1561
85.149323,27.619362,1563
85.14932,27.619365,1561
85.149317,27.619369,1561
85.149313,27.619372,1561
85.14931,27.619376,1561
85.149307,27.61938,1561
85.149303,27.619383,1561
85.1493,27.619387,1561
85.149297,27.61939,1561
85.149293,27.619394,1561
85.14929,27.619398,1561
85.149287,27.619401,1564
85.149283,27.619405,1564
85.14928,27.619408,1564
85.149277,27.619412,1562
85.149273,27.619416,1562
85.14927,27.619419,1562
85.149267,27.619423,1562
85.149267,27.619428,1562
85.149266,27.619434,1562
85.149267,27.619439,1564
85.149268,27.619445,1564
85.149269,27.619451,1564
85.149271,27.619455,1564
85.149273,27.61946,1564
85.149275,27.619466,1564
85.149277,27.619473,1564
85.149279,27.619479,1566
85.149279,27.619485,1566
85.149278,27.619492,1565
85.149276,27.6195,1565
85.149274,27.619508,1565
85.149271,27.619516,1566
85.149268,27.619522,1566
85.149265,27.619529,1566
85.149261,27.619536,1566
85.149258,27.619544,1566
85.149255,27.619551,1567
85.149253,27.619557,1567
85.14925,27.619562,1567
85.149246,27.619566,1567
85.149241,27.619571,1567
85.149237,27.619577,1567
85.149233,27.619582,1565
85.149229,27.619586,1565
85.149227,27.61959,1566
85.149218,27.619592,1566
85.149217,27.619591,1566
85.149216,27.619591,1566
85.149215,27.619589,1566
85.149214,27.619589,1566
85.149213,27.619591,1566
85.149212,27.619595,1566
85.149213,27.619601,1566
85.149213,27.619608,1566
85.149212,27.619617,1566
85.149211,27.619625,1566
85.14921,27.619635,1565
85.149209,27.619645,1565
85.149207,27.619655,1565
85.149206,27.619665,1565
85.149205,27.619673,1565
85.149205,27.619681,1565
85.149204,27.619688,1565
85.149204,27.619695,1565
85.149205,27.619702,1565
85.149204,27.619709,1565
85.149202,27.619716,1565
85.149199,27.619724,1565
85.149197,27.619732,1565
85.149193,27.619741,1565
85.14919,27.61975,1565
85.149188,27.619759,1565
85.149184,27.619769,1565
85.14918,27.619778,1565
85.149177,27.619787,1565
85.149173,27.619795,1565
85.149171,27.619803,1565
85.149168,27.61981,1565
85.149164,27.619818,1565
85.149161,27.619825,1565
85.149159,27.619832,1565
85.149157,27.619839,1565
85.149155,27.619846,1565
85.149154,27.619853,1565
85.149151,27.619861,1566
85.149148,27.619868,1565
85.149144,27.619876,1565
85.14914,27.619883,1565
85.149138,27.619889,1565
85.149134,27.619896,1565
85.149131,27.619903,1565
85.149127,27.61991,1565
85.149123,27.619917,1565
85.149118,27.619923,1565
85.149112,27.619928,1565
85.149107,27.619934,1566
85.149102,27.619939,1565
85.149097,27.619944,1565
85.149092,27.61995,1565
85.149086,27.619956,1565
85.14908,27.619962,1565
85.149074,27.619968,1565
85.149071,27.619974,1565
85.149069,27.61998,1565
85.149069,27.619986,1565
85.14907,27.619993,1565
85.149072,27.619998,1565
85.149075,27.620004,1565
85.149079,27.62001,1565
85.149085,27.620016,1565
85.14909,27.620022,1565
85.149096,27.620027,1565
85.149102,27.620032,1565
85.149108,27.620037,1566
85.149112,27.620041,1566
85.149117,27.620044,1566
85.149122,27.620049,1567
85.149127,27.620054,1567
85.14913,27.620061,1567
85.149132,27.620067,1567
85.149135,27.620078,1567
85.149138,27.62008,1567
85.149139,27.62008,1567
85.149139,27.620081,1567
85.14914,27.62008,1567
85.149139,27.620079,1567
85.149138,27.620077,1567
85.149137,27.620074,1567
85.149134,27.620071,1567
85.149132,27.620068,1567
85.149124,27.620065,1567
85.149125,27.620067,1567
85.149129,27.620065,1567
85.149134,27.620063,1567
85.149133,27.620063,1567
85.14913,27.620061,1567
85.149126,27.620058,1567
85.149121,27.620053,1567
85.149115,27.620049,1567
85.149109,27.620044,1566
85.149103,27.620038,1565
85.149096,27.620032,1565
85.149089,27.620028,1565
85.149082,27.620023,1565
85.149076,27.62002,1565
85.149071,27.620017,1565
85.149067,27.620013,1565
85.149063,27.62001,1564
85.149059,27.620006,1564
85.149056,27.620002,1564
85.149052,27.619997,1564
85.149047,27.619993,1564
85.149041,27.619989,1564
85.149036,27.619986,1564
85.149032,27.619982,1564
85.149028,27.619979,1564
85.149023,27.619976,1564
85.149019,27.619974,1562
85.149016,27.619971,1562
85.149012,27.619969,1563
85.149009,27.619968,1563
85.149006,27.619967,1563
85.149003,27.619965,1563
85.149,27.619963,1563
85.148997,27.619962,1563
85.148993,27.61996,1563
85.14899,27.619959,1563
85.14898,27.619954,1563
85.148979,27.619953,1563
85.148978,27.619952,1562
85.148976,27.619951,1562
85.148974,27.619949,1562
85.148972,27.619947,1562
85.148965,27.61994,1562
85.148964,27.61994,1562
85.148962,27.619939,1562
85.148958,27.619937,1562
85.148954,27.619934,1562
85.148949,27.619931,1563
85.148943,27.619928,1563
85.148939,27.619924,1563
85.148933,27.61992,1562
85.148927,27.619916,1561
85.148921,27.619914,1561
85.148916,27.619911,1561
85.148911,27.61991,1561
85.148907,27.619908,1561
85.148892,27.619902,1560
85.148891,27.619901,1560
85.148888,27.619901,1560
85.148886,27.619899,1560
85.148883,27.619897,1560
85.14888,27.619895,1560
85.148876,27.619892,1560
85.148873,27.619889,1560
85.148869,27.619886,1560
85.148865,27.61988,1560
85.14886,27.619874,1560
85.148855,27.619869,1560
85.14885,27.619863,1560
85.148836,27.619854,1559
85.148835,27.619854,1559
85.148836,27.619856,1559
85.148829,27.619851,1559
85.148826,27.619849,1559
85.14882,27.619845,1559
85.148811,27.619839,1559
85.148803,27.619834,1558
85.148794,27.619829,1558
85.148786,27.619824,1558
85.148778,27.61982,1558
85.148771,27.619816,1558
85.148764,27.619812,1558
85.148747,27.619799,1556
85.148746,27.619797,1556
85.148742,27.619793,1556
85.148735,27.619787,1556
85.148727,27.61978,1556
85.148717,27.619771,1555
85.148705,27.619762,1555
85.148694,27.619753,1555
85.148683,27.619744,1555
85.148672,27.619736,1554
85.148661,27.619729,1554
85.148652,27.619722,1554
85.148642,27.619716,1554
85.148632,27.619709,1553
85.148622,27.619702,1554
85.148613,27.619695,1554
85.148602,27.619688,1554
85.148592,27.61968,1554
85.148581,27.619672,1553
85.148571,27.619664,1553
85.148561,27.619656,1552
85.148553,27.619648,1552
85.148545,27.61964,1551
85.148537,27.619634,1551
85.148527,27.619628,1551
85.148518,27.619622,1551
85.148509,27.619615,1551
85.1485,27.619608,1551
85.148491,27.619601,1551
85.148482,27.619594,1551
85.148473,27.619587,1551
85.148458,27.619578,1551
85.148453,27.619575,1551
85.148447,27.619571,1551
85.148442,27.619567,1551
85.148436,27.619564,1551
85.14843,27.61956,1551
85.148425,27.619557,1551
85.148419,27.619553,1551
85.148413,27.619549,1551
85.148408,27.619546,1551
85.148402,27.619542,1551
85.148397,27.619539,1551
85.148391,27.619535,1551
85.148385,27.619531,1551
85.14838,27.619528,1551
85.148374,27.619524,1551
85.148368,27.619521,1551
85.148363,27.619517,1551
85.148357,27.619513,1551
85.148352,27.61951,1550
85.148346,27.619506,1550
85.14834,27.619503,1550
85.148335,27.619499,1550
85.148329,27.619496,1551
85.148324,27.619492,1551
85.148319,27.619489,1551
85.148312,27.619486,1551
85.148307,27.619483,1551
85.148302,27.619479,1551
85.148297,27.619475,1551
85.148292,27.619472,1550
85.148287,27.619468,1551
85.148281,27.619464,1551
85.148276,27.61946,1551
85.148273,27.619456,1551
85.148269,27.619451,1551
85.148265,27.619445,1551
85.14826,27.619441,1551
85.148254,27.619437,1551
85.148247,27.619434,1551
85.148241,27.61943,1551
85.148235,27.619426,1551
85.148228,27.619422,1551
85.148221,27.619417,1551
85.148214,27.619412,1551
85.148207,27.619408,1551
85.148201,27.619403,1551
85.148194,27.619397,1551
85.148188,27.619391,1551
85.148182,27.619385,1551
85.148174,27.619378,1551
85.148166,27.619372,1551
85.148157,27.619366,1551
85.148148,27.61936,1551
85.148138,27.619355,1551
85.148129,27.619349,1551
85.148121,27.619344,1551
85.148113,27.619339,1552
85.148106,27.619333,1552
85.148099,27.619328,1552
85.148093,27.619323,1552
85.148089,27.61932,1552
85.148085,27.619317,1552
85.148077,27.61931,1552
85.148075,27.619309,1552
85.148072,27.619308,1552
85.148068,27.619305,1552
85.148061,27.619301,1552
85.148055,27.619295,1552
85.148047,27.619289,1552
85.14804,27.619282,1552
85.148033,27.619275,1553
85.148027,27.619268,1553
85.148019,27.61926,1553
85.14801,27.619253,1553
85.148003,27.619248,1553
85.147996,27.619243,1553
85.147989,27.619239,1554
85.147982,27.619235,1554
85.147974,27.61923,1554
85.147966,27.619226,1554
85.147959,27.619221,1554
85.147951,27.619216,1554
85.147943,27.619211,1554
85.147935,27.619206,1555
85.147926,27.6192,1555
85.147918,27.619195,1555
85.14791,27.619191,1555
85.147902,27.619187,1555
85.147893,27.619182,1555
85.147885,27.619177,1555
85.147876,27.619172,1555
85.147867,27.619167,1556
85.147859,27.619163,1556
85.147853,27.619158,1556
85.147845,27.619151,1556
85.147838,27.619144,1556
85.14783,27.619139,1556
85.147824,27.619134,1556
85.147818,27.619128,1558
85.14781,27.619122,1558
85.147802,27.619119,1558
85.147793,27.619115,1558
85.147784,27.619112,1558
85.147777,27.619107,1558
85.14777,27.6191,1558
85.147763,27.619095,1558
85.147756,27.619089,1559
85.147749,27.619083,1559
85.147741,27.619078,1559
85.147734,27.619073,1559
85.147729,27.61907,1560
85.147714,27.619058,1560
85.147711,27.619057,1560
85.147704,27.619053,1560
85.147695,27.619047,1560
85.147685,27.619041,1561
85.147674,27.619035,1561
85.147662,27.619029,1561
85.14765,27.619022,1561
85.147637,27.619015,1563
85.147624,27.619008,1563
85.147613,27.619001,1563
85.147605,27.618995,1563
85.147597,27.618989,1564
85.147589,27.618983,1564
85.147582,27.618977,1561
85.147575,27.618973,1558
85.147567,27.618969,1555
85.147559,27.618966,1553
85.147551,27.618962,1553
85.147543,27.618958,1553
85.147536,27.618954,1553
85.147529,27.618951,1553
85.147524,27.618947,1552
85.147518,27.618944,1553
85.147512,27.618941,1554
85.147506,27.618937,1554
85.147501,27.618934,1554
85.147496,27.618931,1554
85.147492,27.618928,1554
85.147488,27.618925,1554
85.147483,27.618923,1554
85.147478,27.61892,1554
85.147473,27.618917,1555
85.147466,27.618913,1555
85.147461,27.61891,1555
85.147456,27.618908,1555
85.14745,27.618906,1555
85.147444,27.618904,1555
85.147438,27.618901,1555
85.147432,27.618898,1556
85.147427,27.618894,1556
85.147422,27.618889,1556
85.147417,27.618885,1556
85.147412,27.618881,1556
85.147407,27.618878,1556
85.1474,27.618874,1556
85.147394,27.61887,1556
85.147387,27.618865,1558
85.147381,27.61886,1558
85.147376,27.618854,1558
85.147369,27.618849,1558
85.147363,27.618844,1558
85.147358,27.618839,1558
85.147354,27.618835,1558
85.14735,27.618831,1558
85.147347,27.618827,1558
85.147343,27.618823,1558
85.147338,27.618819,1558
85.147332,27.618814,1558
85.147327,27.61881,1559
85.147322,27.618807,1559
85.147316,27.618804,1559
85.147311,27.618801,1559
85.147306,27.618799,1559
85.147299,27.618796,1559
85.147292,27.618792,1559
85.147285,27.618789,1559
85.147281,27.618787,1559
85.14728,27.618785,1559
85.147281,27.618785,1559
85.147283,27.618784,1560
85.147288,27.618785,1560
85.147295,27.618785,1560
85.147304,27.618784,1560
85.147311,27.618783,1560
85.147319,27.618781,1560
85.147327,27.618778,1560
85.147335,27.618775,1560
85.147342,27.618772,1560
85.147347,27.61877,1561
85.147364,27.61876,1561
85.147365,27.618756,1561
85.147369,27.618749,1561
85.147374,27.618737,1561
85.147382,27.618723,1562
85.14739,27.618708,1562
85.147398,27.618691,1562
85.147407,27.618672,1563
85.147414,27.618654,1563
85.147422,27.618636,1563
85.147434,27.618614,1564
85.147439,27.618608,1564
85.147445,27.618601,1564
85.14745,27.618595,1564
85.147456,27.618589,1564
85.147461,27.618582,1564
85.147467,27.618576,1565
85.147472,27.61857,1565
85.147478,27.618563,1565
85.147483,27.618557,1565
85.147489,27.618551,1565
85.147494,27.618544,1565
85.1475,27.618538,1565
85.147505,27.618532,1565
85.147518,27.61852,1566
85.147525,27.618514,1566
85.147531,27.618507,1566
85.147537,27.618501,1566
85.147543,27.618494,1566
85.147549,27.618488,1567
85.147555,27.618481,1567
85.147561,27.618475,1567
85.147567,27.618468,1567
85.147573,27.618462,1567
85.147579,27.618456,1567
85.147585,27.618449,1567
85.147591,27.618443,1568
85.147597,27.618436,1568
85.147603,27.61843,1568
85.147609,27.618423,1568
85.147615,27.618417,1568
85.147622,27.61841,1568
85.147628,27.618404,1568
85.147634,27.618398,1569
85.14764,27.618391,1569
85.147646,27.618385,1569
85.147652,27.618378,1569
85.147658,27.618372,1569
85.147664,27.618365,1569
85.14767,27.618359,1569
85.147676,27.618352,1570
85.147682,27.618346,1570
85.147688,27.618339,1570
85.147694,27.618333,1570
85.1477,27.618327,1570
85.147706,27.61832,1570
85.147712,27.618314,1570
85.147718,27.618307,1571
85.147725,27.618301,1571
85.147731,27.618294,1571
85.147737,27.618288,1571
85.147743,27.618281,1571
85.147749,27.618275,1571
85.147755,27.618269,1572
85.147761,27.618262,1572
85.147767,27.618256,1572
85.147773,27.618249,1572
85.147779,27.618243,1572
85.147785,27.618236,1572
85.147791,27.61823,1572
85.147797,27.618223,1573
85.147803,27.618217,1573
85.147809,27.61821,1573
85.147815,27.618204,1573
85.147822,27.618198,1573
85.147828,27.618191,1573
85.147834,27.618185,1573
85.14784,27.618178,1574
85.147846,27.618172,1574
85.147852,27.618165,1574
85.147858,27.618159,1574
85.147864,27.618152,1574
85.14787,27.618146,1574
85.147876,27.61814,1574
85.147884,27.618135,1575
85.147891,27.618129,1575
85.147899,27.618123,1575
85.147909,27.618116,1575
85.147919,27.618109,1575
85.147928,27.6181,1576
85.147937,27.618092,1576
85.147945,27.618083,1576
85.147955,27.618075,1576
85.147965,27.618066,1576
85.147975,27.618057,1577
85.147985,27.618048,1577
85.147994,27.618041,1577
85.148002,27.618034,1577
85.148009,27.618029,1577
85.148026,27.618019,1578
85.148026,27.618018,1578
85.148025,27.618017,1578
85.148021,27.618014,1578
85.148029,27.618008,1578
85.148031,27.618006,1578
85.148036,27.618002,1578
85.148041,27.617996,1578
85.148047,27.617989,1578
85.148054,27.617981,1579
85.148062,27.617973,1579
85.14807,27.617965,1579
85.148078,27.617957,1579
85.148087,27.617949,1579
85.148095,27.617942,1579
85.148102,27.617935,1580
85.148109,27.61793,1580
85.148116,27.617926,1580
85.148121,27.617921,1580
85.148126,27.617916,1580
85.148131,27.617912,1580
85.148135,27.617907,1580
85.148139,27.617902,1580
85.148143,27.617896,1581
85.148148,27.61789,1581
85.148152,27.617883,1581
85.148156,27.617874,1581
85.14816,27.617865,1581
85.148163,27.617856,1576
85.148168,27.617848,1576
85.148172,27.617839,1575
85.148177,27.617832,1574
85.14818,27.617825,1573
85.148185,27.617819,1573
85.148189,27.617813,1572
85.148194,27.617806,1571
85.148199,27.617799,1570
85.148205,27.617792,1570
85.148212,27.617785,1569
85.148221,27.617778,1568
85.148232,27.617772,1567
85.148244,27.617769,1566
85.148256,27.617766,1565
85.148267,27.617765,1564
85.148278,27.617765,1563
85.14829,27.617764,1562
85.1483,27.617764,1561
85.14831,27.617763,1560
85.148321,27.617763,1560
85.148331,27.617762,1560
85.148341,27.617759,1560
85.14835,27.617755,1560
85.148357,27.617749,1560
85.148363,27.617743,1560
85.148369,27.617736,1560
85.148375,27.61773,1560
85.148382,27.617724,1560
85.148388,27.617719,1560
85.148394,27.617714,1560
85.1484,27.617706,1560
85.148405,27.617699,1560
85.148411,27.617689,1560
85.148416,27.61768,1560
85.148422,27.617671,1560
85.148427,27.617663,1560
85.148434,27.617653,1560
85.14844,27.617645,1560
85.148444,27.617636,1560
85.148447,27.617628,1560
85.148452,27.617619,1560
85.148457,27.61761,1560
85.148461,27.6176,1561
85.148465,27.617591,1561
85.148469,27.617582,1561
85.148473,27.617572,1561
85.148478,27.617564,1561
85.148484,27.617555,1561
85.148491,27.617545,1561
85.148497,27.617535,1561
85.148504,27.617525,1561
85.148511,27.617516,1561
85.148518,27.617508,1561
85.148526,27.6175,1561
85.148533,27.617492,1561
85.148542,27.617484,1561
85.148549,27.617477,1561
85.148557,27.617471,1561
85.148565,27.617465,1561
85.148571,27.617461,1561
85.148577,27.617459,1561
85.148583,27.617457,1561
85.148591,27.617455,1561
85.148598,27.61745,1561
85.148606,27.617446,1561
85.148613,27.617439,1562
85.14862,27.617432,1562
85.148626,27.617424,1562
85.148633,27.617415,1562
85.14864,27.617407,1562
85.148647,27.6174,1562
85.148654,27.617394,1562
85.148661,27.617389,1562
85.148666,27.617386,1562
85.148671,27.617384,1562
85.148682,27.617383,1562
85.148683,27.617384,1562
85.148684,27.617385,1562
85.148689,27.617377,1562
85.148693,27.617375,1562
85.148702,27.617373,1562
85.148715,27.61737,1562
85.14873,27.617365,1562
85.148747,27.617359,1562
85.148763,27.617351,1562
85.148778,27.617342,1562
85.148792,27.617331,1562
85.148805,27.61732,1563
85.148816,27.617309,1563
85.148826,27.617298,1563
85.148835,27.617288,1563
85.148844,27.617279,1563
85.148851,27.61727,1563
85.148858,27.617261,1563
85.148865,27.617251,1563
85.148873,27.617242,1563
85.148881,27.617235,1563
85.148889,27.617228,1563
85.148898,27.617221,1563
85.148906,27.617216,1563
85.148914,27.617209,1563
85.148921,27.617203,1563
85.148929,27.617196,1563
85.148939,27.61719,1563
85.148949,27.617185,1563
85.14896,27.61718,1563
85.14897,27.617176,1563
85.148981,27.617172,1564
85.148992,27.617169,1564
85.149001,27.617164,1564
85.149009,27.617157,1564
85.149015,27.61715,1564
85.149021,27.617143,1564
85.149027,27.617136,1564
85.149032,27.617129,1564
85.149036,27.617121,1564
85.149037,27.617114,1564
85.149037,27.617107,1564
85.149035,27.617094,1564
85.149034,27.617088,1564
85.149032,27.617082,1564
85.149031,27.617076,1564
85.14903,27.61707,1564
85.149028,27.617064,1564
85.149027,27.617058,1564
85.149025,27.617051,1564
85.149024,27.617045,1564
85.149022,27.617039,1564
85.149021,27.617033,1564
85.14902,27.617027,1564
85.149018,27.617021,1564
85.149017,27.617015,1564
85.149015,27.617009,1564
85.149014,27.617003,1564
85.149012,27.616997,1564
85.149011,27.61699,1564
85.14901,27.616984,1565
85.149008,27.616978,1565
85.149007,27.616972,1565
85.149005,27.616966,1565
85.149004,27.61696,1565
85.149002,27.616954,1565
85.149001,27.616948,1565
85.149,27.616942,1565
85.148998,27.616935,1565
85.148997,27.616929,1565
85.148995,27.616923,1565
85.148994,27.616917,1565
85.148992,27.616911,1565
85.148991,27.616905,1565
85.14899,27.616899,1565
85.148988,27.616893,1565
85.148987,27.616887,1565
85.148985,27.616881,1565
85.148984,27.616874,1565
85.148982,27.616868,1565
85.148981,27.616862,1565
85.148982,27.616841,1565
85.148985,27.616832,1565
85.148987,27.616822,1565
85.14899,27.616813,1565
85.148992,27.616803,1565
85.148995,27.616794,1565
85.148997,27.616784,1565
85.149,27.616775,1566
85.149003,27.616765,1566
85.149005,27.616756,1566
85.149008,27.616746,1566
85.14901,27.616737,1566
85.149013,27.616727,1566
85.149015,27.616718,1566
85.149018,27.616708,1566
85.14902,27.616699,1566
85.149023,27.61669,1566
85.149025,27.61668,1566
85.149028,27.616671,1566
85.14903,27.616661,1566
85.149033,27.616652,1566
85.149035,27.616642,1566
85.149038,27.616633,1566
85.14904,27.616623,1566
85.149043,27.616614,1566
85.149046,27.616604,1566
85.149048,27.616595,1566
85.149051,27.616585,1566
85.149053,27.616576,1566
85.149056,27.616566,1567
85.149058,27.616557,1567
85.149061,27.616547,1567
85.149063,27.616538,1567
85.149066,27.616528,1567
85.149068,27.616519,1567
85.149071,27.616509,1567
85.149073,27.6165,1567
85.149076,27.61649,1567
85.149078,27.616481,1567
85.149081,27.616471,1567
85.149084,27.616462,1567
85.149086,27.616452,1567
85.149089,27.616443,1567
85.149091,27.616433,1567
85.149094,27.616424,1567
85.149096,27.616414,1567
85.149099,27.616405,1567
85.149101,27.616395,1567
85.149104,27.616386,1567
85.149106,27.616376,1567
85.149109,27.616367,1567
85.149111,27.616357,1568
85.149114,27.616348,1568
85.149116,27.616338,1568
85.149119,27.616329,1568
85.149122,27.616319,1568
85.149124,27.61631,1568
85.149127,27.6163,1568
85.149129,27.616291,1568
85.149136,27.616269,1568
85.149133,27.616268,1568
85.149129,27.616263,1568
85.14913,27.61626,1568
85.149132,27.616255,1568
85.149136,27.616248,1568
85.14914,27.61624,1568
85.149145,27.616231,1568
85.149151,27.616221,1568
85.149159,27.616211,1568
85.149166,27.6162,1568
85.149174,27.616187,1568
85.149181,27.616175,1568
85.149187,27.616162,1568
85.149191,27.616148,1569
85.149194,27.616134,1569
85.149198,27.616122,1569
85.149201,27.61611,1569
85.149206,27.6161,1569
85.149211,27.61609,1569
85.149216,27.616082,1569
85.149223,27.616073,1569
85.149229,27.616064,1569
85.149235,27.616055,1569
85.149242,27.616046,1569
85.149248,27.616039,1569
85.149253,27.616032,1569
85.149258,27.616025,1569
85.149263,27.616018,1569
85.149268,27.616008,1569
85.149274,27.615998,1569
85.149279,27.615987,1569
85.149284,27.615975,1569
85.149289,27.615965,1570
85.149294,27.615954,1570
85.149301,27.615943,1570
85.149306,27.615932,1570
85.149312,27.615923,1570
85.149319,27.615914,1570
85.149327,27.615905,1570
85.149335,27.615897,1570
85.149343,27.61589,1570
85.149351,27.615884,1570
85.149358,27.615879,1570
85.149364,27.615875,1570
85.149378,27.61586,1570
85.14938,27.615855,1570
85.149383,27.615848,1570
85.149388,27.615839,1570
85.149394,27.615828,1570
85.149401,27.615817,1570
85.149409,27.615805,1570
85.149417,27.615794,1570
85.149424,27.615781,1571
85.149431,27.61577,1571
85.149437,27.61576,1571
85.149441,27.615749,1571
85.149446,27.615739,1571
85.149449,27.615728,1571
85.149453,27.615718,1571
85.149456,27.615708,1571
85.149459,27.615697,1571
85.149463,27.615689,1571
85.149467,27.61568,1571
85.149471,27.615672,1571
85.149474,27.615662,1571
85.149477,27.615652,1571
85.149479,27.615642,1571
85.149482,27.615631,1571
85.149485,27.615619,1571
85.149487,27.615607,1571
85.149492,27.615594,1571
85.149496,27.615582,1572
85.149501,27.61557,1572
85.149506,27.615559,1572
85.149512,27.61555,1572
85.149519,27.615542,1572
85.149526,27.615534,1572
85.149534,27.615528,1572
85.149542,27.615521,1572
85.149548,27.615513,1572
85.149556,27.615506,1572
85.149562,27.615499,1572
85.149568,27.615491,1572
85.149577,27.615483,1572
85.149588,27.615473,1572
85.149595,27.615464,1572
85.149604,27.615456,1572
85.149613,27.615447,1572
85.149621,27.615437,1572
85.14963,27.615428,1572
85.149638,27.615418,1572
85.149647,27.615408,1573
85.149655,27.615398,1573
85.149662,27.615388,1573
85.149668,27.615379,1573
85.149671,27.615369,1573
85.149673,27.615358,1573
85.149674,27.615347,1573
85.149675,27.615338,1573
85.149676,27.615329,1573
85.149678,27.61532,1573
85.149681,27.61531,1573
85.149684,27.615302,1573
85.149689,27.615292,1573
85.149692,27.615283,1573
85.149694,27.615273,1573
85.149697,27.615263,1573
85.149701,27.615255,1573
85.149706,27.615249,1573
85.149711,27.615243,1573
85.149717,27.615234,1573
85.149721,27.615225,1573
85.149726,27.615214,1574
85.149731,27.615202,1574
85.149736,27.615192,1574
85.149741,27.615182,1574
85.149745,27.61517,1574
85.149748,27.615156,1574
85.149754,27.615142,1574
85.149758,27.61513,1574
85.149762,27.615119,1574
85.149765,27.61511,1574
85.149768,27.6151,1574
85.149773,27.615092,1574
85.149777,27.615082,1574
85.149781,27.615073,1574
85.149784,27.615064,1574
85.149786,27.615055,1574
85.149788,27.615045,1574
85.149789,27.615036,1574
85.149791,27.615028,1574
85.149791,27.615019,1574
85.149789,27.615011,1574
85.149787,27.615002,1575
85.149786,27.614994,1575
85.149786,27.614987,1575
85.149787,27.61498,1575
85.149789,27.614973,1575
85.149793,27.614965,1575
85.149796,27.614957,1575
85.1498,27.614949,1575
85.149803,27.614942,1575
85.149807,27.614934,1575
85.149811,27.614925,1575
85.149813,27.614915,1575
85.149816,27.614905,1575
85.149818,27.614896,1575
85.149819,27.614887,1575
85.149821,27.614877,1575
85.149822,27.614867,1575
85.149823,27.614858,1575
85.149825,27.614848,1575
85.149827,27.614836,1575
85.149832,27.614825,1575
85.14984,27.614814,1575
85.149848,27.614803,1575
85.149857,27.614792,1576
85.149864,27.614782,1576
85.14987,27.614771,1576
85.149878,27.614762,1576
85.149885,27.614752,1574
85.149893,27.614743,1574
85.149901,27.614735,1574
85.149908,27.614727,1574
85.149916,27.614719,1574
85.149923,27.614711,1573
85.149931,27.614705,1573
85.149939,27.614701,1573
85.149949,27.614699,1573
85.14996,27.614695,1573
85.14997,27.614692,1571
85.149981,27.614686,1571
85.14999,27.614679,1571
85.15,27.614673,1571
85.150009,27.614666,1569
85.150017,27.614661,1569
85.150023,27.614657,1569
85.15003,27.614652,1569
85.150036,27.614648,1569
85.150042,27.614644,1569
85.150048,27.614639,1569
85.150054,27.614635,1567
85.15006,27.614631,1567
85.150065,27.614628,1567
85.150074,27.614617,1567
85.150081,27.614619,1567
85.150082,27.614618,1567
85.150082,27.614616,1567
85.150093,27.61461,1567
85.150095,27.614609,1566
85.1501,27.614608,1566
85.150107,27.614607,1566
85.150117,27.614606,1566
85.150131,27.614605,1566
85.150146,27.614604,1565
85.150162,27.614602,1565
85.150179,27.614599,1565
85.150195,27.614595,1563
85.150209,27.614588,1563
85.15022,27.614579,1563
85.150227,27.614569,1563
85.150231,27.614559,1563
85.150234,27.61455,1563
85.150237,27.614542,1563
85.150238,27.614536,1563
85.15024,27.614531,1564
85.150248,27.614511,1564
85.150248,27.614508,1564
85.150248,27.614503,1564
85.150249,27.614496,1564
85.150251,27.614488,1565
85.150253,27.61448,1565
85.150254,27.614472,1565
85.150256,27.614464,1565
85.150259,27.614456,1565
85.150262,27.614447,1566
85.150264,27.614439,1566
85.150265,27.614429,1566
85.150265,27.61442,1566
85.150265,27.614411,1568
85.150264,27.614404,1568
85.150265,27.614386,1568
85.150265,27.614385,1568
85.150266,27.614383,1566
85.150269,27.61438,1566
85.150273,27.614375,1567
85.150278,27.614369,1567
85.150283,27.614362,1567
85.150287,27.614354,1567
85.150291,27.614346,1567
85.150293,27.614336,1568
85.150296,27.614324,1568
85.150297,27.614312,1568
85.1503,27.614301,1569
85.150304,27.614289,1569
85.150307,27.614275,1569
85.150313,27.614259,1568
85.150319,27.614242,1568
85.150326,27.614222,1569
85.150335,27.614203,1569
85.150344,27.614182,1570
85.150352,27.614161,1568
85.15036,27.614143,1568
85.150367,27.614126,1568
85.150375,27.614111,1569
85.150383,27.614097,1569
85.15039,27.614083,1569
85.150396,27.61407,1567
85.150402,27.614057,1567
85.150406,27.614044,1567
85.150412,27.614033,1567
85.150417,27.614022,1567
85.15042,27.614013,1567
85.150421,27.614004,1567
85.150422,27.613996,1567
85.150423,27.613974,1567
85.150423,27.613973,1567
85.150424,27.613969,1567
85.150426,27.613963,1567
85.150429,27.613955,1567
85.150435,27.613946,1567
85.150442,27.613936,1565
85.15045,27.613927,1565
85.150457,27.613917,1565
85.150463,27.613907,1565
85.150469,27.613898,1565
85.150475,27.61389,1565
85.150481,27.613884,1564
85.150484,27.613877,1564
85.150487,27.613871,1564
85.150489,27.613864,1564
85.150491,27.613857,1564
85.150491,27.613851,1564
85.150491,27.613847,1564
85.150488,27.613834,1564
85.150487,27.613835,1564
85.15048,27.613841,1566
85.150479,27.613841,1566
85.150479,27.613843,1566
85.15048,27.613844,1566
85.150486,27.613843,1564
85.150488,27.61384,1564
85.150491,27.613835,1564
85.150495,27.613829,1564
85.150499,27.613825,1564
85.1505,27.613821,1564
85.150503,27.613819,1564
85.150506,27.613816,1564
85.150509,27.613814,1564
85.150512,27.61381,1564
85.150518,27.613801,1565
85.15052,27.613803,1565
85.150525,27.613801,1564
85.150527,27.613799,1564
85.150534,27.613794,1564
85.150543,27.613787,1564
85.150554,27.613779,1564
85.150565,27.613769,1564
85.150575,27.613758,1563
85.150584,27.613746,1563
85.150592,27.613734,1563
85.1506,27.613723,1564
85.150608,27.613713,1564
85.150618,27.613705,1562
85.150626,27.613696,1562
85.150633,27.613688,1562
85.150639,27.613679,1562
85.15064,27.613668,1562
85.15064,27.613655,1563
85.150638,27.613643,1563
85.150635,27.613633,1563
85.150632,27.613625,1563
85.150632,27.61362,1563
85.150635,27.613616,1564
85.150638,27.613613,1564
85.150641,27.613608,1564
85.150645,27.613603,1564
85.150651,27.613598,1564
85.150658,27.613594,1563
85.150666,27.61359,1563
85.15068,27.613585,1563
85.150679,27.613584,1563
85.150679,27.613583,1563
85.150679,27.613581,1563
85.150676,27.613571,1564
85.150675,27.61357,1564
85.150674,27.613569,1564
85.150673,27.613563,1564
85.150675,27.613563,1564
85.150675,27.613562,1564
85.150673,27.613551,1564
85.150673,27.613545,1564
85.150673,27.613538,1565
85.150672,27.613537,1565
85.15067,27.613536,1565
85.15066,27.613531,1565
85.150653,27.613526,1565
85.150651,27.613523,1566
85.150651,27.613522,1566
85.15065,27.61352,1566
85.150648,27.613516,1566
85.150646,27.613509,1566
85.150644,27.613502,1568
85.150644,27.613495,1568
85.150646,27.613486,1568
85.150649,27.613476,1568
85.150652,27.613465,1567
85.150653,27.613452,1567
85.150655,27.61344,1567
85.150657,27.613429,1567
85.150664,27.613413,1568
85.150669,27.613408,1568
85.150673,27.613402,1568
85.150678,27.613397,1568
85.150682,27.613391,1568
85.150687,27.613386,1570
85.150692,27.61338,1570
85.150696,27.613375,1568
85.150701,27.613369,1568
85.150705,27.613364,1568
85.15071,27.613358,1568
85.150715,27.613353,1568
85.150719,27.613347,1569
85.150724,27.613342,1569
85.150728,27.613336,1569
85.150733,27.613331,1569
85.150738,27.613325,1568
85.150742,27.613319,1568
85.150747,27.613314,1569
85.150751,27.613308,1569
85.150756,27.613303,1569
85.150761,27.613297,1569
85.150765,27.613292,1569
85.15077,27.613286,1569
85.150774,27.613281,1569
85.150779,27.613275,1569
85.150784,27.61327,1568
85.150788,27.613264,1568
85.150793,27.613259,1568
85.150797,27.613253,1568
85.150802,27.613248,1568
85.150807,27.613242,1568
85.150811,27.613237,1569
85.150816,27.613231,1569
85.150821,27.613226,1569
85.150825,27.61322,1569
85.15083,27.613215,1569
85.150834,27.613209,1569
85.150839,27.613203,1569
85.150844,27.613198,1569
85.150848,27.613192,1569
85.150853,27.613187,1569
85.150857,27.613181,1569
85.150862,27.613176,1569
85.150867,27.61317,1569
85.150871,27.613165,1569
85.150876,27.613159,1568
85.15088,27.613154,1568
85.150885,27.613148,1568
85.15089,27.613143,1568
85.150894,27.613137,1568
85.150899,27.613132,1568
85.150903,27.613126,1568
85.150907,27.613118,1568
85.150908,27.613109,1568
85.150909,27.613099,1568
85.15091,27.613089,1567
85.150911,27.613081,1567
85.150912,27.613073,1567
85.150913,27.613065,1567
85.150915,27.613057,1567
85.150917,27.613048,1567
85.150919,27.613037,1567
85.15092,27.613026,1567
85.150922,27.613014,1567
85.150922,27.613003,1567
85.150922,27.612992,1567
85.150922,27.612982,1567
85.150923,27.612974,1567
85.150925,27.612966,1566
85.150928,27.612958,1566
85.15093,27.612949,1566
85.150932,27.612939,1566
85.150935,27.61293,1566
85.150938,27.612921,1566
85.150939,27.612913,1566
85.150939,27.612907,1566
85.150939,27.612903,1566
85.15094,27.612894,1566
85.150941,27.612885,1566
85.150942,27.612884,1566
85.150942,27.612882,1566
85.150945,27.612873,1566
85.150949,27.612861,1566
85.150954,27.612846,1565
85.150959,27.612829,1565
85.150963,27.612811,1565
85.150967,27.612793,1565
85.150971,27.612774,1564
85.150976,27.612756,1564
85.15098,27.612736,1564
85.15098,27.612718,1564
85.150979,27.612701,1564
85.150978,27.612684,1564
85.150977,27.612669,1564
85.150976,27.612655,1563
85.150975,27.612642,1563
85.150972,27.61263,1565
85.150974,27.612618,1566
85.150977,27.612605,1567
85.15098,27.612592,1568
85.150984,27.612578,1568
85.150987,27.612565,1568
85.15099,27.612551,1567
85.150991,27.612535,1567
85.150992,27.612522,1567
85.150994,27.612508,1567
85.150994,27.612494,1567
85.150994,27.612479,1567
85.150994,27.612466,1567
85.150996,27.612453,1565
85.150998,27.612441,1565
85.151,27.612429,1565
85.151003,27.612417,1565
85.151007,27.612406,1565
85.151012,27.612397,1565
85.151018,27.612389,1565
85.151024,27.612382,1565
85.151032,27.612376,1565
85.151039,27.612372,1564
85.151047,27.612369,1564
85.151057,27.612368,1564
85.151067,27.612367,1564
85.151076,27.612366,1564
85.151085,27.612364,1563
85.151093,27.612359,1563
85.151098,27.612354,1563
85.151103,27.612348,1563
85.151108,27.612343,1563
85.151113,27.612339,1563
85.151117,27.612335,1563
85.151122,27.61233,1563
85.151125,27.612326,1562
85.151129,27.612322,1562
85.151133,27.612318,1562
85.151136,27.612315,1562
85.151139,27.61231,1562
85.151143,27.612304,1562
85.151148,27.612296,1562
85.151152,27.612288,1562
85.151156,27.612281,1562
85.151159,27.612273,1562
85.151163,27.612266,1562
85.151165,27.61226,1562
85.151167,27.612254,1562
85.151169,27.61225,1562
85.151173,27.612241,1561
85.151173,27.61224,1561
85.151174,27.612241,1561
85.151185,27.612241,1560
85.151191,27.612241,1560
85.151192,27.61224,1560
85.151193,27.612238,1559
85.151194,27.612233,1559
85.151197,27.612227,1559
85.151199,27.61222,1559
85.151203,27.61221,1558
85.151207,27.6122,1558
85.151212,27.612189,1558
85.151216,27.612179,1558
85.151219,27.61217,1558
85.151223,27.612156,1558
85.151222,27.612156,1558
85.15122,27.612154,1558
85.151218,27.612152,1558
85.151214,27.612146,1558
85.151209,27.612139,1558
85.151204,27.612131,1558
85.1512,27.612121,1558
85.151196,27.61211,1558
85.151194,27.612098,1558
85.151191,27.612086,1557
85.151189,27.612073,1557
85.151187,27.612062,1557
85.151185,27.612051,1557
85.151184,27.612041,1557
85.151183,27.612031,1557
85.151182,27.612023,1557
85.151183,27.612012,1557
85.151183,27.612002,1557
85.151184,27.611994,1557
85.151184,27.611986,1557
85.151185,27.611979,1557
85.151186,27.611972,1557
85.151185,27.611965,1557
85.151184,27.611958,1557
85.151183,27.611951,1557
85.151181,27.611944,1557
85.15118,27.611938,1557
85.151176,27.611932,1557
85.151171,27.611926,1557
85.151165,27.611919,1557
85.151159,27.611913,1557
85.151153,27.611907,1557
85.151147,27.611902,1557
85.151142,27.611897,1557
85.151137,27.611891,1557
85.151131,27.611887,1557
85.151126,27.611884,1557
85.151122,27.611881,1557
85.151108,27.611879,1557
85.151108,27.611889,1557
85.151105,27.611891,1557
85.1511,27.611894,1557
85.151092,27.611898,1557
85.151083,27.611904,1557
85.151072,27.61191,1557
85.15106,27.611918,1557
85.151047,27.611926,1557
85.151032,27.611933,1558
85.151018,27.61194,1558
85.151004,27.611946,1558
85.15099,27.61195,1558
85.150978,27.611955,1558
85.150965,27.61196,1558
85.150951,27.611965,1558
85.150936,27.611969,1558
85.150921,27.611972,1558
85.150907,27.611976,1559
85.150893,27.611979,1559
85.15088,27.611982,1559
85.150866,27.611985,1561
85.150853,27.611985,1562
85.15084,27.611985,1564
85.150827,27.611986,1566
85.150815,27.611987,1568
85.150802,27.611989,1568
85.150789,27.611991,1568
85.150776,27.611993,1568
85.150762,27.611995,1568
85.150748,27.611996,1568
85.150733,27.611997,1569
85.150719,27.611998,1569
85.150706,27.611999,1569
85.150693,27.611996,1569
85.150681,27.611992,1569
85.15067,27.611991,1569
85.150658,27.611988,1569
85.150645,27.611985,1570
85.150635,27.611981,1569
85.150625,27.61198,1569
85.150615,27.611978,1569
85.150605,27.611976,1570
85.150596,27.611973,1570
85.150585,27.611972,1570
85.150574,27.61197,1570
85.150563,27.611969,1572
85.15055,27.611968,1572
85.150537,27.611967,1572
85.150524,27.611966,1572
85.150511,27.611964,1573
85.150498,27.611962,1573
85.150485,27.61196,1573
85.150472,27.611958,1575
85.150459,27.611956,1575
85.150446,27.611955,1575
85.150432,27.611955,1576
85.15042,27.611955,1576
85.15041,27.611957,1576
85.150402,27.611958,1576
85.150389,27.611968,1578
85.15038,27.611965,1578
85.150374,27.611965,1578
85.15037,27.611966,1578
85.150362,27.611967,1578
85.15035,27.61197,1580
85.150337,27.611973,1580
85.150322,27.611977,1580
85.150307,27.61198,1581
85.150292,27.611984,1583
85.150276,27.611987,1583
85.150258,27.611992,1584
85.150244,27.611997,1584
85.15023,27.612001,1584
85.150216,27.612007,1585
85.1502,27.612012,1585
85.150185,27.612018,1585
85.150171,27.612022,1588
85.150157,27.612027,1588
85.150143,27.612033,1588
85.150129,27.612039,1588
85.150116,27.612047,1588
85.150104,27.612053,1588
85.150092,27.612058,1588
85.150079,27.612061,1590
85.150066,27.612064,1590
85.150052,27.612067,1590
85.150039,27.612071,1589
85.150023,27.612075,1589
85.150009,27.612078,1589
85.149994,27.612082,1589
85.149981,27.612085,1589
85.149967,27.612087,1589
85.149955,27.612089,1589
85.149946,27.612091,1589
85.149937,27.612093,1589
85.14993,27.612095,1589
85.149924,27.612095,1589
85.149914,27.612096,1589
85.149913,27.612093,1589
85.149909,27.612088,1589
85.149904,27.612083,1589
85.1499,27.612077,1589
85.149896,27.612073,1589
85.149891,27.61207,1589
85.149884,27.612067,1589
85.149876,27.612063,1588
85.149867,27.612059,1586
85.14986,27.612056,1586
85.149854,27.612053,1586
85.149847,27.612052,1586
85.149841,27.61205,1586
85.149836,27.612049,1586
85.14983,27.612047,1586
85.149821,27.612046,1586
85.149813,27.612045,1586
85.149805,27.612044,1586
85.149795,27.612043,1586
85.149784,27.612042,1585
85.149772,27.612041,1585
85.14976,27.612041,1585
85.149747,27.61204,1585
85.149733,27.612041,1585
85.14972,27.61204,1585
85.149708,27.612039,1585
85.149693,27.612037,1585
85.14968,27.612034,1585
85.149668,27.612031,1585
85.149657,27.612027,1584
85.149647,27.612024,1584
85.149639,27.61202,1582
85.149632,27.612016,1582
85.149625,27.612012,1582
85.149619,27.612009,1582
85.149612,27.612006,1582
85.149604,27.612004,1582
85.149593,27.612002,1582
85.149582,27.611999,1582
85.149572,27.611996,1582
85.149562,27.611993,1582
85.149555,27.611992,1582
85.149549,27.611993,1582
85.149542,27.611994,1582
85.149533,27.611995,1582
85.149521,27.611997,1582
85.149508,27.611998,1582
85.149494,27.611998,1582
85.149482,27.611999,1582
85.149471,27.612,1582
85.149463,27.612001,1582
85.149456,27.612003,1582
85.149448,27.612004,1582
85.14944,27.612006,1582
85.149432,27.612008,1582
85.149421,27.612011,1582
85.149409,27.612012,1582
85.149398,27.612013,1582
85.149386,27.612016,1582
85.149374,27.612017,1582
85.149363,27.612018,1582
85.149352,27.612019,1582
85.149342,27.612018,1582
85.149332,27.612018,1582
85.149323,27.612017,1582
85.149313,27.612018,1583
85.149303,27.612017,1583
85.149294,27.612016,1583
85.149284,27.612014,1583
85.149276,27.612012,1583
85.149268,27.61201,1583
85.14926,27.612007,1583
85.149252,27.612004,1583
85.149245,27.612001,1583
85.149237,27.611998,1583
85.149229,27.611995,1585
85.149222,27.611991,1585
85.149218,27.611986,1585
85.149215,27.611982,1582
85.149214,27.611977,1582
85.149213,27.611972,1582
85.149212,27.611967,1582
85.149212,27.611962,1582
85.149211,27.611956,1582
85.149209,27.611951,1582
85.149207,27.611947,1582
85.149204,27.611943,1580
85.1492,27.611937,1580
85.149196,27.611932,1580
85.149192,27.611925,1581
85.149188,27.611917,1581
85.149186,27.61191,1581
85.149182,27.611904,1578
85.149177,27.611898,1578
85.149172,27.61189,1578
85.149165,27.611883,1578
85.149159,27.611877,1578
85.149152,27.611871,1578
85.149145,27.611864,1577
85.149138,27.611857,1577
85.149132,27.61185,1577
85.149125,27.611844,1577
85.149118,27.61184,1577
85.149111,27.611835,1577
85.149105,27.611832,1579
85.149099,27.611827,1576
85.149093,27.611822,1576
85.149088,27.611818,1576
85.149081,27.611813,1576
85.149074,27.611808,1576
85.149067,27.611802,1576
85.149059,27.611798,1579
85.149051,27.611793,1576
85.149044,27.611788,1576
85.149037,27.611785,1576
85.149032,27.611781,1576
85.149026,27.611778,1576
85.14902,27.611775,1579
85.149005,27.611772,1579
85.149005,27.611767,1579
85.149003,27.611767,1579
85.149,27.611766,1579
85.148994,27.611765,1579
85.148986,27.611765,1579
85.148975,27.611764,1581
85.148963,27.611763,1581
85.14895,27.611761,1581
85.148939,27.611758,1581
85.148925,27.611755,1580
85.148913,27.61175,1580
85.148902,27.611746,1580
85.148893,27.611741,1580
85.148884,27.611734,1582
85.148876,27.611726,1582
85.148869,27.611719,1582
85.148863,27.611711,1580
85.148858,27.611705,1580
85.148854,27.611698,1580
85.148849,27.611691,1582
85.148844,27.611684,1582
85.148839,27.611676,1579
85.148836,27.611669,1579
85.148832,27.611663,1579
85.148829,27.611658,1579
85.148826,27.611655,1579
85.148821,27.611649,1579
85.148817,27.611647,1579
85.148813,27.611644,1579
85.148809,27.611642,1579
85.148805,27.61164,1579
85.148802,27.611637,1579
85.148798,27.611635,1579
85.148794,27.611632,1579
85.14879,27.61163,1579
85.148786,27.611628,1579
85.148782,27.611625,1579
85.148778,27.611623,1579
85.148775,27.611621,1579
85.148771,27.611618,1579
85.148765,27.611615,1579
85.148758,27.611609,1580
85.14875,27.611604,1580
85.14874,27.611598,1578
85.14873,27.611593,1578
85.14872,27.611587,1579
85.148709,27.611581,1579
85.148697,27.611576,1579
85.148684,27.61157,1579
85.148673,27.611566,1581
85.148664,27.611561,1578
85.148655,27.611557,1578
85.148645,27.611554,1578
85.148634,27.611551,1580
85.148625,27.611547,1580
85.148615,27.611543,1580
85.148607,27.61154,1580
85.148598,27.611538,1580
85.148588,27.611535,1581
85.148579,27.611533,1581
85.14857,27.611531,1581
85.148562,27.61153,1581
85.148557,27.611529,1581
85.148553,27.611527,1578
85.14855,27.611523,1578
85.148547,27.611519,1579
85.148543,27.611515,1579
85.148538,27.61151,1579
85.148532,27.611504,1579
85.148527,27.611499,1579
85.148522,27.611494,1579
85.148517,27.61149,1579
85.148511,27.611485,1577
85.148503,27.61148,1578
85.148496,27.611475,1578
85.148489,27.611469,1578
85.148482,27.611464,1578
85.148477,27.61146,1578
85.148469,27.611456,1578
85.148463,27.61145,1576
85.14846,27.611444,1576
85.148455,27.611439,1576
85.148453,27.611432,1576
85.148451,27.611424,1576
85.148447,27.611415,1576
85.148446,27.611407,1574
85.148448,27.611399,1574
85.14845,27.611393,1574
85.148454,27.611385,1574
85.148458,27.611377,1574
85.14846,27.611367,1572
85.148458,27.611357,1572
85.148455,27.611346,1572
85.148452,27.611335,1570
85.148449,27.611325,1570
85.148449,27.611315,1570
85.14845,27.611308,1570
85.148451,27.611301,1570
85.148449,27.611294,1568
85.148448,27.611289,1568
85.148448,27.611285,1568
85.148446,27.611274,1568
85.148448,27.611266,1568
85.148448,27.611264,1568
85.148448,27.61126,1567
85.148448,27.611253,1567
85.148445,27.611246,1567
85.148443,27.611238,1567
85.14844,27.611231,1567
85.148436,27.611223,1565
85.148432,27.611216,1565
85.148428,27.611209,1565
85.148422,27.611202,1565
85.148414,27.611196,1566
85.148407,27.611191,1566
85.148399,27.611186,1566
85.14839,27.611181,1565
85.148382,27.611177,1565
85.148372,27.611174,1566
85.148365,27.611172,1566
85.148358,27.611171,1566
85.148351,27.611171,1566
85.148344,27.611171,1566
85.148335,27.611171,1566
85.148326,27.611173,1567
85.148316,27.611175,1567
85.148305,27.611177,1567
85.148294,27.611181,1567
85.148283,27.611183,1568
85.148266,27.611179,1568
85.148254,27.611177,1568
85.148244,27.611175,1569
85.148213,27.611171,1569
85.148209,27.611171,1569
85.148204,27.611172,1570
85.148198,27.611173,1570
85.148189,27.611173,1570
85.148178,27.611173,1570
85.148165,27.611173,1570
85.148151,27.611174,1571
85.148138,27.611175,1571
85.148125,27.611176,1571
85.148113,27.611177,1572
85.148101,27.611177,1572
85.14809,27.611177,1572
85.148078,27.611177,1572
85.148068,27.611177,1573
85.148056,27.611177,1573
85.148046,27.611176,1573
85.148035,27.611174,1573
85.148025,27.611174,1574
85.148015,27.611174,1574
85.148005,27.611173,1574
85.147996,27.61117,1574
85.147986,27.611168,1575
85.147976,27.611166,1575
85.147965,27.611163,1575
85.147953,27.61116,1575
85.14794,27.611158,1576
85.147927,27.611156,1576
85.147912,27.611153,1576
85.147898,27.611147,1577
85.147883,27.61114,1575
85.147871,27.611135,1575
85.147859,27.611128,1577
85.147851,27.611121,1577
85.147846,27.611113,1577
85.147841,27.611103,1575
85.147838,27.611093,1575
85.147839,27.611083,1575
85.147843,27.611072,1575
85.14785,27.611062,1573
85.147857,27.611051,1573
85.147863,27.611041,1571
85.147866,27.61103,1570
85.147868,27.611019,1570
85.147869,27.611007,1570
85.147868,27.610997,1570
85.147868,27.610984,1569
85.147869,27.610973,1569
85.147869,27.610963,1569
85.147869,27.610952,1567
85.147868,27.61094,1567
85.147868,27.610929,1567
85.147871,27.610919,1567
85.147874,27.610909,1567
85.147875,27.610899,1567
85.147876,27.610889,1567
85.14788,27.610884,1567
85.147888,27.610881,1567
85.147898,27.610879,1567
85.147908,27.610876,1564
85.147916,27.610873,1564
85.147926,27.610868,1564
85.147936,27.610864,1564
85.147947,27.610861,1564
85.147957,27.610858,1561
85.147965,27.610855,1561
85.147971,27.610852,1561
85.147976,27.610853,1561
85.147981,27.610856,1561
85.147986,27.610859,1561
85.147993,27.61086,1558
85.148002,27.610861,1558
85.14801,27.61086,1558
85.148017,27.61086,1558
85.148023,27.61086,1558
85.148038,27.610863,1555
85.148041,27.610863,1555
85.148045,27.61086,1555
85.14805,27.610852,1555
85.14805,27.610851,1555
85.148051,27.610843,1555
85.148051,27.610837,1555
85.148051,27.610828,1555
85.148046,27.61082,1555
85.148046,27.610825,1555
85.14805,27.610827,1555
85.14806,27.610827,1555
85.148058,27.610828,1555
85.148057,27.610829,1555
85.148051,27.61083,1555
85.148053,27.610832,1555
85.148054,27.610831,1555
85.148057,27.610831,1555
85.148061,27.61083,1555
85.148065,27.610829,1555
85.148068,27.610828,1555
85.148072,27.610827,1555
85.148091,27.610827,1553
85.148093,27.610828,1553
85.148093,27.610829,1553
85.148096,27.610833,1553
85.148097,27.610834,1553
85.148101,27.610842,1553
85.148105,27.610847,1553
85.148108,27.610845,1553
85.148109,27.610842,1553
85.148112,27.610834,1553
85.148117,27.610822,1553
85.148121,27.610809,1553
85.148126,27.610795,1552
85.148132,27.610783,1552
85.148139,27.61077,1552
85.148146,27.610758,0
85.148153,27.610743,0
85.148161,27.610728,1599
85.148168,27.610714,1597
85.148175,27.610702,1597
85.14818,27.610689,1598
85.148184,27.610677,1598
85.148189,27.610667,1598
85.148193,27.610656,1598
85.148194,27.610645,1599
85.148192,27.610633,1599
85.148191,27.610624,1599
85.148198,27.610598,1599
85.148197,27.610597,1599
85.148197,27.610594,1599
85.148195,27.610592,1599
85.14818,27.610578,1599
85.148178,27.610577,1599
85.148176,27.610574,1600
85.148166,27.610568,1600
85.148173,27.61057,1600
85.148178,27.610568,1600
85.148173,27.610567,1600
85.148172,27.610567,1600
85.14817,27.610565,1600
85.14817,27.610564,1600
85.148173,27.610562,1600
85.148177,27.610559,1600
85.148182,27.610555,1600
85.148185,27.610548,1600
85.148187,27.610541,1600
85.148187,27.610535,1601
85.148187,27.610531,1601
85.148183,27.610524,1601
85.148184,27.610525,1601
85.148188,27.610526,1601
85.148193,27.610527,1601
85.148198,27.610527,1601
85.148202,27.610524,1601
85.148205,27.610516,1601
85.148208,27.610507,1599
85.148209,27.610495,1600
85.148209,27.610483,1600
85.148209,27.610471,1600
85.148208,27.61046,1601
85.148207,27.610449,1601
85.148207,27.610437,1601
85.148208,27.610426,1601
85.148207,27.610416,1602
85.148205,27.610407,1604
85.148203,27.610398,1604
85.148202,27.61039,1604
85.148201,27.610381,1605
85.148201,27.610373,1605
85.1482,27.610363,1605
85.148198,27.610352,1605
85.148197,27.610342,1598
85.148194,27.610331,1591
85.148193,27.61032,1584
85.148191,27.61031,1578
85.148189,27.6103,1578
85.148185,27.610289,1578
85.148183,27.610278,1578
85.148184,27.610268,1578
85.148185,27.610259,1578
85.148187,27.61025,1578
85.148193,27.610241,1578
85.148199,27.610233,1579
85.148207,27.610225,1577
85.148213,27.610217,1577
85.148219,27.610211,1577
85.148225,27.610205,1577
85.148232,27.610198,1577
85.148239,27.610191,1577
85.148245,27.610182,1577
85.148252,27.610174,1575
85.148257,27.610164,1575
85.148261,27.610154,1576
85.148264,27.610143,1576
85.148266,27.61013,1576
85.148268,27.610119,1578
85.148269,27.610109,1578
85.148271,27.610098,1578
85.148274,27.610086,1578
85.148278,27.610075,1579
85.148283,27.610066,1579
85.148289,27.610058,1579
85.148295,27.610052,1578
85.148301,27.610044,1579
85.148308,27.610035,1579
85.148316,27.610029,1579
85.148323,27.610024,1579
85.148329,27.610019,1579
85.148334,27.610011,1579
85.14834,27.610003,1579
85.148345,27.609995,1579
85.148351,27.609987,1579
85.148356,27.60998,1579
85.148361,27.609972,1579
85.148365,27.609966,1581
85.148372,27.609951,1581
85.148373,27.609948,1581
85.148374,27.609942,1581
85.148374,27.609935,1581
85.148373,27.609929,1583
85.148375,27.609925,1583
85.148378,27.609922,1581
85.148378,27.609921,1581
85.148379,27.609921,1581
85.148382,27.609919,1581
85.148393,27.609911,1581
85.148395,27.609909,1581
85.148398,27.609907,1581
85.148407,27.609904,1581
85.148407,27.609901,1581
85.14841,27.609896,1581
85.148415,27.609891,1583
85.148423,27.609883,1581
85.148431,27.609874,1581
85.148439,27.609865,1581
85.148448,27.609856,1581
85.148457,27.609848,1582
85.148466,27.609838,1580
85.148474,27.60983,1580
85.14848,27.609821,1580
85.148488,27.609812,1581
85.148496,27.609803,1581
85.148505,27.609795,1581
85.148515,27.609785,1579
85.148524,27.609775,1580
85.148534,27.609766,1580
85.148543,27.609757,1580
85.148553,27.609748,1578
85.148562,27.60974,1578
85.148572,27.609731,1578
85.14858,27.609725,1578
85.148587,27.60972,1578
85.148593,27.609714,1576
85.148601,27.609705,1576
85.14861,27.609695,1577
85.148618,27.609685,1577
85.148626,27.609676,1577
85.148633,27.609669,1577
85.148639,27.609661,1577
85.148646,27.609657,1577
85.148654,27.609654,1577
85.148662,27.609653,1577
85.14867,27.609651,1577
85.148675,27.609647,1577
85.14868,27.609642,1575
85.148686,27.609636,1575
85.148694,27.609629,1575
85.148703,27.609622,1577
85.148713,27.609615,1577
85.148723,27.609606,1575
85.148733,27.609597,1575
85.148743,27.609588,1575
85.14875,27.609578,1577
85.148757,27.609569,1577
85.148761,27.609561,1577
85.148766,27.609554,1574
85.148769,27.609548,1577
85.148772,27.609542,1577
85.148774,27.609535,1577
85.148777,27.60953,1577
85.14878,27.609523,1577
85.148786,27.609516,1577
85.148792,27.609511,1580
85.148797,27.609507,1580
85.148799,27.609504,1580
85.148802,27.6095,1580
85.148806,27.609498,1580
85.14881,27.609496,1578
85.148817,27.609494,1578
85.148817,27.609495,1578
85.148818,27.609496,1578
85.148819,27.609495,1578
85.148828,27.609494,1578
85.148829,27.609495,1578
85.148831,27.609496,1578
85.148834,27.609496,1578
85.148845,27.609498,1578
85.148846,27.609497,1578
85.148846,27.609496,1578
85.148844,27.609499,1578
85.148841,27.609503,1578
85.148838,27.609506,1578
85.148837,27.609509,1578
85.148838,27.609515,1575
85.148845,27.609516,1575
85.148846,27.609516,1575
85.148849,27.609516,1575
85.148853,27.609516,1573
85.148857,27.609516,1573
85.148862,27.609516,1573
85.148866,27.609516,1573
85.148885,27.609515,1573
85.148888,27.609514,1573
85.148894,27.609512,1570
85.148903,27.609512,1570
85.148912,27.609512,1570
85.148921,27.609511,1574
85.148932,27.60951,1574
85.148943,27.609509,1574
85.148955,27.609507,1574
85.148966,27.609505,1574
85.148995,27.6095,1573
85.148995,27.609499,1573
85.149005,27.609498,1573
85.149006,27.609498,1573
85.149007,27.609498,1573
85.14901,27.609498,1573
85.149015,27.609497,1573
85.149021,27.609495,1573
85.149028,27.609492,1573
85.149036,27.609489,1573
85.149042,27.609486,1573
85.149048,27.609483,1573
85.149055,27.60948,1573
85.149063,27.609477,1573
85.149071,27.609473,1578
85.149077,27.60947,1578
85.149085,27.609467,1578
85.149092,27.609464,1578
85.149099,27.609461,1578
85.149108,27.609459,1578
85.14912,27.609457,1578
85.149132,27.609454,1578
85.149145,27.609452,1578
85.149157,27.60945,1579
85.149168,27.609448,1579
85.149195,27.609443,1579
85.149196,27.609443,1579
85.149198,27.609443,1579
85.149201,27.609443,1579
85.149204,27.609443,1579
85.149208,27.609444,1579
85.149212,27.609446,1579
85.149217,27.609447,1579
85.149222,27.609448,1579
85.149226,27.609448,1579
85.149231,27.609448,1579
85.149235,27.609447,1579
85.149239,27.609444,1579
85.149243,27.609442,1579
85.149247,27.60944,1579
85.14925,27.609438,1579
85.149268,27.60943,1583
85.14927,27.609428,1583
85.149273,27.609425,1583
85.149276,27.609422,1583
85.149282,27.609411,1582
85.149281,27.609411,1582
85.149282,27.609409,1582
85.149285,27.609408,1582
85.149289,27.609408,1582
85.149293,27.609407,1582
85.1493,27.609407,1582
85.149309,27.609407,1582
85.149317,27.609406,1582
85.149323,27.609404,1582
85.149342,27.6094,1582
85.149343,27.609399,1582
85.149344,27.609399,1582
85.149346,27.6094,1582
85.149351,27.6094,1582
85.149359,27.609401,1582
85.149366,27.609401,1581
85.149372,27.609401,1581
85.149376,27.6094,1581
85.14938,27.609397,1584
85.149382,27.609394,1584
85.149384,27.609391,1584
85.149387,27.609387,1584
85.149391,27.609384,1584
85.149397,27.609382,1584
85.149401,27.609379,1584
85.149413,27.60937,1583
85.149416,27.609368,1583
85.14942,27.609364,1583
85.149427,27.609359,1586
85.149435,27.609353,1586
85.149441,27.609348,1586
85.149448,27.609343,1586
85.149455,27.609338,1246
85.149461,27.609334,906
85.149465,27.60933,565
85.149471,27.609325,225
85.149475,27.60932,0
85.149479,27.609315,0
85.149484,27.609314,0
85.14949,27.609314,0
85.149495,27.609314,1589
85.1495,27.609313,1589
85.149506,27.609313,1589
85.149511,27.609314,1589
85.149516,27.609313,1589
85.149523,27.609312,1589
85.149533,27.609311,1589
85.149545,27.60931,1588
85.149557,27.609309,1588
85.149569,27.609308,1588
85.14958,27.609307,1587
85.149591,27.609307,1587
85.149602,27.609308,1587
85.149613,27.609307,1587
85.149622,27.609306,1587
85.149647,27.609302,1587
85.149648,27.609302,1587
85.149651,27.609303,1587
85.149656,27.609304,1587
85.149661,27.609304,1587
85.149665,27.609304,1586
85.149671,27.609303,1586
85.149677,27.609302,1586
85.149686,27.609301,1586
85.149696,27.609299,1586
85.149706,27.609298,1586
85.149716,27.609298,1585
85.149723,27.609297,1585
85.149728,27.609295,1585
85.149733,27.609293,1585
85.149737,27.609292,1585
85.14974,27.609291,1585
85.149743,27.609291,1585
85.149747,27.609291,1585
85.14975,27.60929,1585
85.149753,27.609289,1585
85.149756,27.609286,1585
85.149759,27.609283,1586
85.149763,27.609281,1586
85.149767,27.609278,1586
85.149771,27.609275,1586
85.149779,27.609271,1586
85.149788,27.609267,1586
85.149799,27.609262,1586
85.149809,27.609255,1586
85.14982,27.609249,1586
85.149832,27.609243,1590
85.149845,27.609238,1589
85.149855,27.609235,1589
85.149864,27.609232,1589
85.149873,27.60923,1589
85.149881,27.609228,1588
85.149886,27.609226,1588
85.14989,27.609223,1588
85.149895,27.609222,1588
85.149903,27.609223,1588
85.149912,27.609224,1588
85.14992,27.609225,1588
85.149927,27.609225,1586
85.149934,27.609225,1586
85.149958,27.609222,1586
85.149961,27.609221,1586
85.149966,27.60922,1585
85.149973,27.609219,1585
85.14998,27.609219,1585
85.149988,27.609216,1585
85.149996,27.609213,1585
85.150003,27.609211,1585
85.150011,27.60921,1585
85.15002,27.60921,1585
85.150028,27.60921,1585
85.150036,27.60921,1585
85.150044,27.60921,1585
85.150056,27.609206,1584
85.150062,27.609204,1584
85.150069,27.609202,1584
85.150075,27.6092,1584
85.150081,27.609197,1584
85.150088,27.609195,1584
85.150094,27.609193,1584
85.150101,27.609191,1583
85.150107,27.609188,1583
85.150113,27.609186,1583
85.15012,27.609184,1583
85.150126,27.609181,1583
85.150133,27.609179,1583
85.150139,27.609177,1582
85.150145,27.609175,1582
85.150152,27.609172,1582
85.150158,27.60917,1582
85.150165,27.609168,1582
85.150171,27.609166,1582
85.150177,27.609163,1582
85.150184,27.609161,1581
85.15019,27.609159,1581
85.150197,27.609156,1581
85.150203,27.609154,1581
85.150209,27.609152,1581
85.150216,27.60915,1581
85.150222,27.609147,1581
85.150229,27.609145,1580
85.150235,27.609143,1580
85.150241,27.609141,1580
85.150248,27.609138,1580
85.150254,27.609136,1580
85.150261,27.609134,1580
85.150267,27.609131,1580
85.150273,27.609129,1580
85.15028,27.609127,1580
85.150286,27.609125,1580
85.150293,27.609122,1580
85.150299,27.60912,1580
85.150305,27.609118,1580
85.150312,27.609116,1579
85.150318,27.609113,1579
85.150325,27.609111,1579
85.150331,27.609109,1579
85.150337,27.609106,1579
85.150344,27.609104,1579
85.15035,27.609102,1579
85.150357,27.6091,1579
85.150363,27.609097,1579
85.150369,27.609095,1579
85.150376,27.609093,1581
85.150382,27.609091,1581
85.150389,27.609088,1581
85.150395,27.609086,1581
85.150401,27.609084,1581
85.150408,27.609082,1581
85.150414,27.609079,1581
85.150421,27.609077,1581
85.150427,27.609075,1581
85.150433,27.609072,1581
85.15044,27.60907,1582
85.150446,27.609068,1582
85.150453,27.609066,1582
85.150459,27.609063,1582
85.150465,27.609061,1582
85.150472,27.609059,1582
85.150478,27.609057,1582
85.150485,27.609054,1583
85.150491,27.609052,1583
85.150497,27.60905,1583
85.150504,27.609047,1583
85.15051,27.609045,1583
85.150516,27.609043,1583
85.150523,27.609041,1583
85.150529,27.609038,1583
85.150536,27.609036,1583
85.150542,27.609034,1583
85.150548,27.609032,1583
85.150555,27.609029,1583
85.150561,27.609027,1583
85.150568,27.609025,1583
85.15058,27.609011,1585
85.15058,27.60901,1585
85.150578,27.609006,1585
85.150578,27.609005,1585
85.150579,27.609004,1585
85.150581,27.609002,1585
85.150584,27.608997,1585
85.150588,27.608992,1585
85.150594,27.608986,1585
85.1506,27.608981,1585
85.150607,27.608976,1586
85.150614,27.608971,1586
85.150623,27.608967,1586
85.150632,27.608963,1586
85.150641,27.608959,1586
85.150651,27.608955,1586
85.150662,27.608952,1586
85.150673,27.608948,1586
85.150683,27.608942,1586
85.15069,27.608937,1589
85.150695,27.608931,1589
85.1507,27.608927,1589
85.150706,27.608924,1589
85.150713,27.608922,1589
85.150719,27.60892,1589
85.150722,27.608918,1589
85.150735,27.608913,1589
85.15074,27.608909,1589
85.150743,27.608906,1589
85.150744,27.608905,1589
85.150746,27.608903,1591
85.150749,27.608902,1591
85.150752,27.608901,1591
85.150756,27.6089,1591
85.15076,27.608897,1591
85.150765,27.608894,1591
85.15077,27.608889,1591
85.150775,27.608884,1591
85.150779,27.60888,1591
85.150784,27.608875,1591
85.150789,27.60887,1591
85.150794,27.608866,1591
85.1508,27.608863,1594
85.150805,27.60886,1594
85.150812,27.608858,1594
85.15082,27.608857,1594
85.150828,27.608858,1594
85.150836,27.608855,1594
85.150845,27.608853,1594
85.150853,27.608851,1594
85.150862,27.608845,1594
85.15087,27.60884,1594
85.150877,27.608836,1594
85.150882,27.608835,1594
85.150886,27.608835,1594
85.150898,27.608834,1594
85.150899,27.608835,1594
85.150901,27.608833,1594
85.150904,27.60883,1594
85.150907,27.608828,1594
85.150913,27.608825,1596
85.150921,27.608825,1596
85.150929,27.608826,1596
85.150938,27.608825,1596
85.150948,27.608824,1596
85.150956,27.608825,1596
85.150965,27.608825,1596
85.150974,27.608826,1596
85.150984,27.608829,1594
85.150993,27.608833,1594
85.151002,27.608836,1594
85.151012,27.608841,1594
85.151023,27.608844,1594
85.151035,27.608847,1594
85.151048,27.608848,1594
85.151061,27.608849,1594
85.151073,27.60885,1594
85.151083,27.60885,1594
85.151093,27.60885,1594
85.151102,27.60885,1594
85.151112,27.60885,1594
85.151123,27.608849,1594
85.151134,27.608849,1594
85.151146,27.60885,1594
85.151157,27.608852,1594
85.15117,27.608854,1594
85.151182,27.608855,1594
85.151193,27.608857,1594
85.151205,27.608856,1594
85.151213,27.608855,1594
85.151219,27.608853,1594
85.151226,27.608851,1594
85.151235,27.608848,1594
85.151245,27.608845,1594
85.151252,27.608841,1594
85.151259,27.608834,1594
85.151266,27.608826,1597
85.151275,27.608818,1597
85.151285,27.608811,1597
85.151297,27.608803,1597
85.151307,27.608797,1597
85.151316,27.608792,1597
85.151326,27.608788,1599
85.151336,27.608785,1599
85.151347,27.608786,1599
85.151355,27.608789,1599
85.151361,27.608789,1599
85.151373,27.608793,1597
85.151374,27.608788,1599
85.151373,27.608783,1599
85.151383,27.608768,1599
85.151386,27.608768,1599
85.15139,27.608768,1599
85.151396,27.608771,1599
85.151403,27.608772,1599
85.151411,27.608774,1599
85.15142,27.608775,1599
85.151429,27.608773,1599
85.151438,27.608771,1599
85.151448,27.608769,1599
85.151458,27.608769,1599
85.151467,27.608771,1599
85.151476,27.608773,1599
85.151486,27.608775,1599
85.151497,27.608776,1599
85.151508,27.608775,1599
85.151521,27.608774,1600
85.151533,27.608775,1600
85.151545,27.608775,1600
85.151556,27.608775,1600
85.151569,27.608776,1600
85.151581,27.608775,1600
85.151594,27.608774,1600
85.151607,27.608771,1600
85.151622,27.608767,1600
85.151636,27.608765,1600
85.15165,27.608762,1600
85.151662,27.608758,1600
85.151675,27.608753,1600
85.151687,27.608747,1603
85.151698,27.608741,1603
85.151709,27.608736,1603
85.151717,27.608735,1603
85.151725,27.608736,1603
85.151732,27.608738,1603
85.151741,27.608738,1603
85.151752,27.608738,1603
85.151765,27.608737,1603
85.151779,27.608737,1603
85.151793,27.608735,1603
85.151806,27.608735,1603
85.15182,27.608733,1604
85.151834,27.608732,1604
85.151848,27.608733,1604
85.151861,27.608737,1604
85.151874,27.608741,1604
85.151885,27.608744,1604
85.151912,27.60875,1604
85.151914,27.608749,1604
85.151919,27.608748,1604
85.151926,27.608749,1604
85.151933,27.608751,1604
85.151942,27.608754,1601
85.15195,27.608757,1601
85.151957,27.60876,1601
85.151962,27.608762,1601
85.151968,27.608767,1601
85.151972,27.608772,1601
85.151976,27.608777,1601
85.151978,27.608781,1601
85.151979,27.608786,1601
85.151982,27.608806,1599
85.151982,27.608809,1599
85.151982,27.608816,1599
85.151983,27.608825,1599
85.151984,27.608835,1595
85.151986,27.608845,1595
85.15199,27.608856,1595
85.151996,27.608864,1595
85.152,27.608871,1592
85.152006,27.608878,1592
85.152011,27.608884,1592
85.152015,27.60889,1592
85.152021,27.608895,1592
85.152027,27.608898,1591
85.152031,27.608902,1591
85.152034,27.608907,1588
85.152039,27.608913,1588
85.152044,27.608919,1588
85.152049,27.608928,1588
85.152055,27.608935,1588
85.152061,27.608943,1585
85.152067,27.608948,1585
85.152076,27.608951,1584
85.152085,27.60895,1584
85.152094,27.608949,1584
85.152103,27.608947,1584
85.152113,27.608945,1583
85.152123,27.608944,1583
85.152134,27.608946,1583
85.152144,27.608948,1583
85.152157,27.608951,1581
85.152179,27.608953,1581
85.152189,27.60895,1581
85.152199,27.608948,1127
85.152209,27.608945,1127
85.152218,27.608943,1127
85.152228,27.60894,1582
85.152238,27.608938,1582
85.152248,27.608935,1581
85.152258,27.608933,1581
85.152268,27.60893,1581
85.152278,27.608928,1581
85.152288,27.608925,1580
85.152297,27.608923,1580
85.152307,27.60892,1580
85.152317,27.608918,1580
85.152327,27.608915,1578
85.152337,27.608913,1578
85.152347,27.60891,1578
85.152357,27.608908,1578
85.152366,27.608896,1580
85.152376,27.608886,1579
85.152387,27.608877,1579
85.152397,27.608869,1579
85.152406,27.608861,1581
85.152417,27.608853,1580
85.152428,27.608847,1580
85.15244,27.608842,1580
85.15245,27.608836,1580
85.15246,27.608831,1578
85.152468,27.608826,1580
85.152474,27.608822,1580
85.152485,27.608812,1580
85.15249,27.608812,1580
85.152491,27.60881,1580
85.152493,27.608807,1580
85.152498,27.608803,1579
85.152506,27.608799,1579
85.152515,27.608794,1579
85.152525,27.608788,1581
85.152535,27.60878,1581
85.152544,27.608771,1579
85.15255,27.60876,1579
85.152557,27.608748,1582
85.152564,27.608736,1582
85.152574,27.608723,1582
85.152582,27.608709,1584
85.152588,27.608693,1583
85.15259,27.60868,1583
85.152592,27.608669,1585
85.152593,27.60866,1585
85.152595,27.608654,1585
85.152595,27.608649,1585
85.152597,27.608637,1587
85.152598,27.608634,1587
85.152601,27.608629,1587
85.152604,27.608623,1587
85.152606,27.608615,1587
85.152611,27.608603,1587
85.152613,27.608594,1588
85.152616,27.608585,1588
85.152619,27.608576,1588
85.152623,27.608569,1588
85.152628,27.608563,1586
85.152632,27.608556,1587
85.152637,27.608548,1587
85.152644,27.60854,1587
85.152652,27.608532,1587
85.152659,27.608523,1588
85.152665,27.608515,1588
85.15267,27.608508,1586
85.152675,27.608501,1586
85.152679,27.608495,1586
85.152683,27.60849,1586
85.152686,27.608486,1586
85.152688,27.608483,1587
85.152689,27.608479,1587
85.15269,27.608474,1587
85.152693,27.608467,1587
85.152696,27.608459,1587
85.152698,27.608449,1587
85.1527,27.608439,1586
85.152704,27.60843,1586
85.152708,27.608422,1586
85.152713,27.608414,1584
85.152718,27.608407,1584
85.152724,27.608399,1584
85.152727,27.60839,1584
85.152729,27.608379,1584
85.152728,27.608365,1584
85.152726,27.608351,1584
85.152724,27.608338,1584
85.152722,27.608326,1584
85.152721,27.608315,1584
85.152719,27.608305,1584
85.152719,27.608296,1584
85.152718,27.608288,1584
85.152715,27.60828,1584
85.152713,27.608273,1584
85.152712,27.608264,1584
85.152712,27.608263,1584
85.152712,27.608257,1584
85.15271,27.608252,1586
85.152708,27.608249,1586
85.152704,27.608244,1586
85.152702,27.608237,1586
85.152691,27.608224,1586
85.152684,27.608218,1586
85.152676,27.608213,1586
85.152669,27.608207,1586
85.152661,27.608201,1587
85.152654,27.608196,1587
85.152647,27.60819,1587
85.152639,27.608185,1587
85.152632,27.608179,1587
85.152625,27.608173,1589
85.152617,27.608168,1589
85.15261,27.608162,1589
85.152603,27.608156,1589
85.152595,27.608151,1589
85.152588,27.608145,1589
85.152581,27.60814,1591
85.152573,27.608134,1591
85.152566,27.608128,1591
85.152559,27.608123,1591
85.152551,27.608117,1591
85.152544,27.608112,1591
85.152537,27.608106,1592
85.152529,27.6081,1592
85.152522,27.608095,1592
85.152515,27.608089,1592
85.152507,27.608084,1592
85.1525,27.608078,1592
85.152493,27.608072,1594
85.152485,27.608067,1594
85.152478,27.608061,1594
85.152471,27.608055,1594
85.152463,27.60805,1594
85.152456,27.608044,1594
85.152449,27.608039,1595
85.152441,27.608033,1595
85.152434,27.608027,1595
85.152427,27.608022,1595
85.152419,27.608016,1595
85.152412,27.608011,1595
85.152405,27.608005,1597
85.152397,27.607999,1597
85.15239,27.607994,1597
85.152383,27.607988,1597
85.152375,27.607983,1597
85.152368,27.607977,1598
85.152361,27.607971,1598
85.152353,27.607966,1598
85.152346,27.60796,1598
85.152339,27.607954,1598
85.152331,27.607949,1597
85.152324,27.607943,1598
85.152317,27.607938,1598
85.152309,27.607932,1598
85.152302,27.607926,1598
85.152295,27.607921,1598
85.152287,27.607915,1598
85.15228,27.60791,1597
85.152273,27.607904,1597
85.152265,27.607898,1597
85.152258,27.607893,1597
85.152251,27.607887,1597
85.152243,27.607882,1597
85.152236,27.607876,1596
85.152229,27.60787,1596
85.152221,27.607865,1596
85.152214,27.607859,1596
85.152206,27.607853,1596
85.152199,27.607848,1596
85.152192,27.607842,1596
85.152184,27.607837,1595
85.152177,27.607831,1595
85.15217,27.607825,1595
85.152162,27.60782,1595
85.152155,27.607814,1595
85.152148,27.607809,1595
85.15214,27.607803,1595
85.152133,27.607797,1593
85.152126,27.607792,1593
85.152118,27.607786,1593
85.152111,27.607781,1593
85.152104,27.607775,1593
85.152096,27.607769,1593
85.152089,27.607764,1593
85.15207,27.607754,1592
85.152062,27.607749,1592
85.152053,27.607745,1592
85.152045,27.60774,1592
85.152037,27.607735,1592
85.152029,27.60773,1592
85.152021,27.607726,1592
85.152013,27.607721,1590
85.152005,27.607716,1590
85.151997,27.607711,1590
85.151988,27.607706,1590
85.15198,27.607702,1590
85.151972,27.607697,1590
85.151964,27.607692,1590
85.151956,27.607687,1590
85.151948,27.607682,1588
85.15194,27.607678,1588
85.151932,27.607673,1588
85.151924,27.607668,1588
85.151915,27.607663,1588
85.151907,27.607658,1588
85.151899,27.607654,1588
85.151891,27.607649,1588
85.151883,27.607644,1586
85.151875,27.607639,1586
85.151867,27.607635,1586
85.151859,27.60763,1586
85.151851,27.607625,1587
85.151842,27.60762,1587
85.151834,27.607615,1587
85.151826,27.607611,1587
85.151818,27.607606,1585
85.15181,27.607601,1587
85.151802,27.607596,1587
85.151794,27.607591,1587
85.151786,27.607587,1587
85.151778,27.607582,1587
85.151769,27.607577,1587
85.151761,27.607572,1586
85.151753,27.607568,1586
85.151745,27.607563,1586
85.151737,27.607558,1586
85.151729,27.607553,1586
85.151721,27.607548,1588
85.151713,27.607544,1588
85.151704,27.607539,1588
85.151696,27.607534,1586
85.151688,27.607529,1586
85.15168,27.607524,1587
85.151672,27.60752,1587
85.151664,27.607515,1587
85.151656,27.60751,1587
85.151648,27.607505,1587
85.15164,27.6075,1587
85.151631,27.607496,1587
85.151623,27.607491,1587
85.151615,27.607486,1587
85.151607,27.607481,1587
85.151599,27.607477,1587
85.151591,27.607472,1588
85.151582,27.607464,1588
85.151578,27.607454,1587
85.151575,27.607445,1587
85.151572,27.607435,1587
85.151568,27.607424,1587
85.151563,27.607414,1585
85.151559,27.607403,1585
85.151555,27.607396,1585
85.151551,27.60739,1586
85.151546,27.607383,1586
85.151546,27.607385,1586
85.151538,27.607385,1586
85.151537,27.607385,1586
85.151533,27.607386,1586
85.151529,27.607387,1586
85.151525,27.607388,1586
85.151521,27.607388,1586
85.151519,27.607387,1586
85.151516,27.607385,1586
85.151513,27.607383,1586
85.151508,27.607382,1585
85.151506,27.607382,1585
85.151505,27.607378,1585
85.151498,27.607382,1585
85.151496,27.607385,1587
85.151495,27.607388,1587
85.151494,27.607389,1587
85.151486,27.607397,1587
85.151485,27.607402,1587
85.151484,27.607402,1587
85.151478,27.607407,1587
85.151475,27.607408,1587
85.15147,27.607412,1587
85.151469,27.607412,1587
85.151468,27.607414,1587
85.151467,27.607417,1589
85.151466,27.60742,1589
85.151464,27.607423,1591
85.15146,27.607408,1589
85.151458,27.607403,1589
85.151455,27.607396,1589
85.151451,27.607385,1589
85.151447,27.607375,1587
85.151444,27.607364,1587
85.151443,27.607353,1587
85.151441,27.607339,1585
85.151438,27.607326,1585
85.151433,27.607313,1585
85.151428,27.6073,1583
85.151423,27.607288,1584
85.15142,27.607275,1584
85.151419,27.607262,1582
85.15142,27.607249,1582
85.151421,27.607237,1582
85.151421,27.607225,1581
85.151421,27.607212,1581
85.151422,27.607198,1581
85.151423,27.607185,1579
85.151427,27.607172,1578
85.151431,27.607162,1578
85.151433,27.607149,1577
85.151433,27.607136,1577
85.151434,27.607122,1577
85.151433,27.60711,1575
85.151431,27.607099,1575
85.151427,27.607089,1575
85.151422,27.607078,1577
85.151415,27.607067,1576
85.151407,27.607056,1576
85.151399,27.607046,1576
85.151391,27.607036,1575
85.151383,27.607025,1575
85.151375,27.607013,1576
85.151367,27.607003,1576
85.151359,27.606993,1575
85.151352,27.606983,1575
85.151347,27.606973,1575
85.151343,27.606963,1574
85.151341,27.606954,1574
85.15134,27.606944,1574
85.151339,27.606934,1574
85.151338,27.606923,1576
85.151336,27.60691,1576
85.151337,27.606896,1576
85.151339,27.606879,1574
85.151341,27.606861,1574
85.151342,27.606837,1574
85.151342,27.606831,1574
85.151341,27.606825,1574
85.151341,27.606818,1574
85.15134,27.606812,1574
85.151339,27.606805,1574
85.151339,27.606799,1574
85.151338,27.606792,1576
85.151338,27.606786,1576
85.151337,27.60678,1576
85.151337,27.606773,1576
85.151336,27.606767,1576
85.151336,27.60676,1576
85.151335,27.606754,1576
85.151335,27.606747,1576
85.151334,27.606741,1576
85.151334,27.606735,1577
85.151333,27.606728,1577
85.151333,27.606722,1577
85.151332,27.606715,1577
85.151331,27.606709,1577
85.151331,27.606703,1577
85.15133,27.606696,1577
85.15133,27.60669,1577
85.151329,27.606683,1577
85.151329,27.606677,1577
85.151328,27.60667,1577
85.151328,27.606664,1577
85.151327,27.606658,1578
85.151327,27.606651,1578
85.151326,27.606645,1578
85.151326,27.606638,1578
85.151325,27.606632,1578
85.151324,27.606625,1578
85.151324,27.606619,1578
85.151323,27.606613,1578
85.151323,27.606606,1578
85.151322,27.6066,1578
85.151322,27.606593,1578
85.151321,27.606587,1578
85.151321,27.60658,1579
85.15132,27.606574,1579
85.15132,27.606568,1579
85.151319,27.606561,1579
85.151319,27.606555,1579
85.151318,27.606548,1579
85.151318,27.606542,1580
85.151317,27.606535,1580
85.151316,27.606529,1580
85.151316,27.606523,1580
85.151315,27.606516,1580
85.151315,27.60651,1580
85.151314,27.606503,1580
85.151314,27.606497,1580
85.151313,27.606491,1580
85.151313,27.606484,1580
85.151312,27.606478,1580
85.151312,27.606471,1580
85.151311,27.606465,1581
85.151311,27.606458,1581
85.15131,27.606452,1581
85.15131,27.606446,1581
85.151309,27.606439,1581
85.151308,27.606433,1581
85.151308,27.606426,1581
85.151307,27.60642,1581
85.151307,27.606413,1581
85.151306,27.606407,1581
85.151306,27.606401,1581
85.151305,27.606394,1581
85.151305,27.606388,1581
85.151304,27.606381,1581
85.151304,27.606375,1581
85.151303,27.606368,1581
85.151303,27.606362,1581
85.151302,27.606356,1581
85.151302,27.606349,1581
85.151301,27.606343,1581
85.1513,27.606336,1581
85.1513,27.60633,1581
85.151299,27.606323,1581
85.151299,27.606317,1582
85.151298,27.606311,1582
85.151298,27.606304,1582
85.151297,27.606298,1582
85.151297,27.606291,1582
85.151296,27.606285,1582
85.151296,27.606278,1582
85.151295,27.606272,1583
85.151295,27.606266,1583
85.151294,27.606259,1583
85.151294,27.606253,1583
85.151293,27.606246,1583
85.151292,27.60624,1583
85.151292,27.606234,1583
85.151291,27.606227,1583
85.151291,27.606221,1583
85.15129,27.606214,1583
85.15129,27.606208,1583
85.151296,27.606197,1583
85.151296,27.606195,1583
85.151296,27.606192,1583
85.151296,27.606189,1583
85.151296,27.606186,1583
85.151296,27.606183,1583
85.151297,27.606181,1583
85.151297,27.606178,1583
85.151297,27.606175,1583
85.151297,27.606172,1583
85.151297,27.606169,1583
85.151297,27.606167,1583
85.151297,27.606164,1583
85.151297,27.606161,1583
85.151297,27.606158,1583
85.151298,27.606155,1583
85.151298,27.606153,1583
85.151298,27.60615,1583
85.151298,27.606147,1583
85.151298,27.606144,1583
85.151298,27.606142,1583
85.151298,27.606139,1583
85.151298,27.606136,1583
85.151299,27.606133,1583
85.151299,27.60613,1583
85.151299,27.606128,1583
85.151299,27.606125,1583
85.151299,27.606122,1583
85.151299,27.606119,1583
85.151299,27.606116,1583
85.151299,27.606114,1583
85.151299,27.606111,1583
85.1513,27.606108,1583
85.1513,27.606105,1583
85.1513,27.606102,1583
85.1513,27.6061,1583
85.1513,27.606097,1583
85.1513,27.606094,1583
85.1513,27.606091,1583
85.1513,27.606088,1583
85.1513,27.606086,1583
85.151301,27.606083,1583
85.151301,27.60608,1583
85.151301,27.606077,1583
85.151301,27.606075,1583
85.151301,27.606072,1583
85.151301,27.606069,1583
85.151301,27.606066,1583
85.151301,27.606063,1583
85.151301,27.606061,1583
85.151302,27.606058,1583
85.151299,27.606059,1583
85.1513,27.606059,1583
85.151301,27.606063,1583
85.151299,27.606063,1583
85.151294,27.606066,1583
85.151296,27.606066,1583
85.151299,27.606063,1583
85.151302,27.606054,1583
85.151302,27.606053,1583
85.151302,27.606044,1583
85.151296,27.606041,1583
85.151295,27.606041,1583
85.151293,27.606039,1583
85.151291,27.606037,1583
85.151289,27.606035,1583
85.151288,27.606032,1583
85.151277,27.606013,1583
85.151277,27.606012,1583
85.151277,27.60601,1583
85.151277,27.606008,1583
85.151272,27.605998,1583
85.151272,27.605997,1583
85.151267,27.605995,1583
85.151264,27.605991,1583
85.151262,27.605988,1583
85.151259,27.60598,1583
85.151254,27.605973,1583
85.151252,27.605974,1583
85.151247,27.605978,1583
85.151237,27.60598,1583
85.151223,27.605982,1583
85.151205,27.605984,1584
85.151186,27.605983,1584
85.151168,27.605983,1584
85.151117,27.605981,1585
85.151115,27.605985,1585
85.151114,27.605986,1585
85.151113,27.605986,1585
85.151113,27.605987,1585
85.151112,27.605987,1585
85.151112,27.605988,1585
85.151111,27.605988,1585
85.15111,27.605989,1585
85.151109,27.605989,1585
85.151109,27.60599,1585
85.151108,27.60599,1585
85.151107,27.605991,1585
85.151106,27.605991,1585
85.151106,27.605992,1585
85.151105,27.605992,1585
85.151105,27.605993,1585
85.151104,27.605993,1585
85.151103,27.605994,1585
85.151102,27.605995,1585
85.151101,27.605995,1585
85.151101,27.605996,1585
85.1511,27.605996,1585
85.1511,27.605997,1585
85.151099,27.605997,1585
85.151098,27.605998,1585
85.151097,27.605998,1585
85.151097,27.605999,1585
85.151096,27.605999,1585
85.151096,27.606,1585
85.151095,27.606,1585
85.151094,27.606001,1585
85.151093,27.606002,1585
85.151092,27.606002,1585
85.151092,27.606003,1585
85.151091,27.606003,1585
85.151091,27.606004,1585
85.15109,27.606004,1585
85.151089,27.606004,1585
85.151089,27.606005,1585
85.151088,27.606005,1585
85.151081,27.606001,1586
85.151075,27.605995,1586
85.151069,27.605988,1586
85.151063,27.605981,1586
85.151056,27.605974,1586
85.15105,27.605968,1586
85.151042,27.605964,1586
85.151031,27.605947,1586
85.151032,27.605944,1586
85.151031,27.605941,1586
85.151029,27.605938,1586
85.151027,27.605936,1586
85.151023,27.605932,1586
85.151019,27.605928,1586
85.151015,27.605926,1586
85.151011,27.605925,1586
85.150993,27.60592,1587
85.150991,27.605919,1587
85.150988,27.605917,1587
85.150983,27.605914,1587
85.150978,27.605912,1587
85.150973,27.60591,1587
85.150966,27.605909,1587
85.150961,27.605908,1587
85.15095,27.605908,1589
85.150949,27.605909,1589
85.150943,27.6059,1589
85.150941,27.605899,1588
85.150937,27.605895,1588
85.150931,27.605889,1588
85.150923,27.605882,1588
85.150913,27.605873,1588
85.150902,27.605864,1589
85.15089,27.605855,1588
85.15088,27.605848,1588
85.150873,27.605841,1588
85.150869,27.605836,1588
85.150851,27.605822,1588
85.15085,27.605821,1588
85.150847,27.605822,1588
85.150844,27.605824,1589
85.150842,27.605827,1589
85.150839,27.605828,1589
85.150836,27.605828,1589
85.150833,27.605827,1589
85.150829,27.605826,1589
85.150823,27.605822,1590
85.150823,27.60582,1590
85.150824,27.605816,1588
85.150823,27.60581,1590
85.150822,27.605805,1590
85.150821,27.605801,1590
85.150819,27.605798,1590
85.150816,27.605795,1590
85.150796,27.605783,1589
85.150795,27.605782,1589
85.150791,27.60578,1589
85.150786,27.605777,1589
85.150782,27.605773,1589
85.150778,27.605768,1590
85.150772,27.605764,1590
85.150766,27.60576,1590
85.150759,27.605757,1590
85.150742,27.605745,1589
85.15074,27.605742,1589
85.150739,27.605741,1589
85.150737,27.605738,1591
85.150734,27.605734,1591
85.150729,27.605729,1591
85.150723,27.605723,1591
85.150718,27.605717,1591
85.150714,27.605709,1591
85.150711,27.605702,1589
85.15071,27.605697,1589
85.150709,27.605692,1589
85.150707,27.605686,1589
85.150706,27.605679,1589
85.150705,27.605672,1589
85.150704,27.605665,1586
85.150703,27.605659,1586
85.150701,27.605654,1586
85.150699,27.605648,1586
85.150697,27.605642,1586
85.150695,27.605637,1586
85.150693,27.605632,1585
85.150691,27.605628,1585
85.150685,27.605621,1585
85.150681,27.605616,1585
85.150677,27.60561,1585
85.150675,27.605604,1585
85.150672,27.605597,1585
85.150669,27.605591,1584
85.150665,27.605583,1584
85.150659,27.605576,1584
85.150652,27.605568,1584
85.150642,27.605559,1585
85.150636,27.605553,1583
85.150634,27.605547,1583
85.150634,27.60554,1583
85.150633,27.605533,1583
85.150632,27.605527,1583
85.15063,27.60552,1583
85.150628,27.605513,1582
85.150625,27.605506,1582
85.150622,27.6055,1582
85.150617,27.605484,1582
85.150617,27.605483,1582
85.150617,27.605482,1582
85.150618,27.605482,1582
85.150617,27.605482,1582
85.150617,27.605484,1582
85.150616,27.605487,1582
85.150616,27.60549,1582
85.150617,27.605489,1582
85.150616,27.605488,1582
85.150615,27.605486,1582
85.150614,27.605476,1580
85.150614,27.605473,1580
85.150613,27.60547,1580
85.150614,27.605466,1580
85.150615,27.605462,1580
85.150615,27.605458,1580
85.150612,27.605452,1580
85.150608,27.605445,1581
85.150606,27.605436,1579
85.150605,27.605428,1579
85.150605,27.60542,1579
85.150606,27.605412,1579
85.150608,27.605388,1578
85.150608,27.605384,1578
85.150607,27.60538,1578
85.150607,27.605376,1578
85.150606,27.605372,1578
85.150606,27.605368,1578
85.150605,27.605364,1576
85.150605,27.60536,1576
85.150604,27.605356,1576
85.150604,27.605352,1576
85.150603,27.605348,1576
85.150603,27.605343,1576
85.150602,27.605339,1576
85.150602,27.605335,1576
85.150601,27.605331,1576
85.150601,27.605327,1575
85.1506,27.605323,1575
85.1506,27.605319,1575
85.150599,27.605315,1575
85.150599,27.605311,1575
85.150598,27.605307,1575
85.150598,27.605303,1575
85.150597,27.605299,1575
85.150597,27.605295,1575
85.150596,27.605291,1575
85.150596,27.605287,1573
85.150595,27.605283,1573
85.150595,27.605278,1573
85.150594,27.605274,1573
85.150594,27.60527,1573
85.150593,27.605266,1573
85.150593,27.605262,1573
85.150593,27.605258,1573
85.150592,27.605254,1573
85.150592,27.60525,1572
85.150591,27.605246,1572
85.150591,27.605242,1572
85.15059,27.605238,1572
85.15059,27.605234,1572
85.150589,27.60523,1572
85.150589,27.605226,1572
85.150588,27.605222,1572
85.150588,27.605218,1572
85.150587,27.605213,1571
85.150587,27.605209,1571
85.150586,27.605205,1571
85.150586,27.605201,1571
85.150585,27.605197,1571
85.150585,27.605193,1571
85.150584,27.605189,1571
85.150584,27.605185,1571
85.150583,27.605181,1571
85.150583,27.605177,1571
85.150582,27.605173,1570
85.150582,27.605169,1570
85.150581,27.605165,1570
85.150581,27.605161,1570
85.15058,27.605157,1570
85.15058,27.605153,1570
85.150578,27.60514,1570
85.150576,27.605126,1569
85.150573,27.605113,1569
85.150568,27.605099,1568
85.150564,27.605086,1568
85.15056,27.605076,1568
85.150557,27.605065,1568
85.150554,27.605056,1567
85.150552,27.605045,1567
85.150548,27.605036,1567
85.150545,27.605027,1567
85.150541,27.605019,1566
85.150538,27.60501,1566
85.150535,27.605001,1566
85.150532,27.604993,1566
85.150529,27.604985,1565
85.150526,27.604977,1565
85.150522,27.604968,1565
85.150518,27.604958,1565
85.150513,27.604947,1564
85.150509,27.604937,1564
85.150505,27.604927,1564
85.150502,27.604917,1564
85.150498,27.604908,1563
85.150495,27.604899,1563
85.150492,27.604891,1563
85.150488,27.604882,1563
85.150485,27.604872,1562
85.150482,27.604863,1562
85.150478,27.604854,1561
85.150475,27.604843,1561
85.150472,27.604834,1561
85.150467,27.604823,1561
85.150463,27.604813,1561
85.150459,27.604802,1561
85.150456,27.604792,1560
85.150452,27.604782,1560
85.15045,27.604772,1560
85.150446,27.604762,1560
85.150443,27.604753,1560
85.150439,27.604744,1560
85.150434,27.604735,1560
85.150419,27.604706,1560
85.150418,27.604705,1560
85.150417,27.6047,1560
85.150415,27.604692,1560
85.150412,27.604683,1560
85.150408,27.604674,1560
85.150404,27.604663,1560
85.150399,27.604651,1560
85.150395,27.604641,1561
85.150391,27.604632,1561
85.150378,27.604605,1561
85.150376,27.604603,1561
85.150368,27.604596,1561
85.150367,27.604595,1561
85.150365,27.604592,1561
85.150364,27.604589,1561
85.150362,27.604586,1561
85.15036,27.604583,1561
85.150358,27.60458,1561
85.150356,27.604576,1561
85.150355,27.604572,1561
85.150351,27.604558,1562
85.150351,27.604557,1562
85.15035,27.604555,1562
85.150349,27.604553,1562
85.150349,27.60455,1562
85.150348,27.604545,1562
85.150348,27.604541,1562
85.150346,27.60453,1562
85.150346,27.604528,1563
85.150346,27.604527,1563
85.150346,27.604525,1563
85.150343,27.604516,1563
85.150333,27.604508,1563
85.150331,27.604505,1563
85.150328,27.6045,1563
85.150325,27.604492,1563
85.15032,27.604483,1564
85.150317,27.604474,1564
85.150314,27.604463,1564
85.150311,27.604453,1565
85.150303,27.604439,1566
85.150299,27.604435,1566
85.150295,27.60443,1566
85.150291,27.604426,1566
85.150287,27.604422,1566
85.150283,27.604417,1566
85.150279,27.604413,1567
85.150275,27.604409,1567
85.150271,27.604405,1567
85.150267,27.6044,1567
85.150263,27.604396,1568
85.150259,27.604392,1568
85.150255,27.604387,1568
85.150251,27.604383,1568
85.150247,27.604379,1568
85.150243,27.604375,1569
85.150239,27.60437,1569
85.150235,27.604366,1569
85.150231,27.604362,1569
85.150227,27.604357,1569
85.150223,27.604353,1569
85.150219,27.604349,1571
85.150215,27.604345,1571
85.150211,27.60434,1571
85.150207,27.604336,1572
85.150203,27.604332,1572
85.150199,27.604328,1572
85.150195,27.604323,1572
85.150191,27.604319,1572
85.150187,27.604315,1572
85.150183,27.60431,1572
85.150179,27.604306,1573
85.150175,27.604302,1573
85.150171,27.604298,1574
85.150167,27.604293,1574
85.150163,27.604289,1574
85.150159,27.604285,1574
85.150155,27.60428,1574
85.150151,27.604276,1574
85.150147,27.604272,1574
85.150143,27.604268,1574
85.150139,27.604263,1575
85.150134,27.604259,1577
85.15013,27.604255,1577
85.150126,27.60425,1577
85.150122,27.604246,1577
85.150118,27.604242,1577
85.150114,27.604238,1577
85.15011,27.604233,1577
85.150106,27.604229,1577
85.150102,27.604225,1577
85.150098,27.60422,1577
85.150094,27.604216,1579
85.15009,27.604212,1579
85.150086,27.604208,1579
85.150082,27.604203,1579
85.150078,27.604199,1579
85.150074,27.604195,1579
85.15007,27.60419,1579
85.150066,27.604186,1579
85.150062,27.604182,1579
85.150058,27.604178,1579
85.150054,27.604173,1579
85.15005,27.604169,1581
85.150046,27.604165,1581
85.150042,27.604161,1581
85.150038,27.604156,1581
85.150034,27.604152,1581
85.15003,27.604148,1581
85.150026,27.604143,1581
85.150022,27.604139,1581
85.150018,27.604135,1581
85.150014,27.604131,1581
85.15001,27.604126,1581
85.150006,27.604122,1583
85.150002,27.604118,1583
85.149998,27.604113,1583
85.149994,27.604109,1583
85.14999,27.604105,1583
85.149986,27.604101,1583
85.149982,27.604096,1583
85.149978,27.604092,1583
85.149974,27.604088,1583
85.14997,27.604083,1583
85.149966,27.604079,1583
85.149962,27.604075,1585
85.149958,27.604071,1585
85.149954,27.604066,1585
85.149955,27.604067,1585
85.149954,27.604066,1585
85.149952,27.604065,1585
85.149948,27.604063,1585
85.149944,27.604061,1585
85.149933,27.604054,1585
85.149933,27.604053,1585
85.149932,27.604052,1585
85.149933,27.60405,1585
85.149932,27.604047,1585
85.149928,27.60404,1585
85.149927,27.60404,1585
85.149924,27.604039,1585
85.149921,27.604039,1587
85.149916,27.604039,1587
85.14991,27.60404,1587
85.149905,27.60404,1587
85.1499,27.604039,1587
85.149897,27.604039,1587
85.14989,27.604034,1587
85.149885,27.604025,1587
85.149882,27.604022,1587
85.149877,27.604016,1590
85.149871,27.604009,1590
85.149864,27.604002,1590
85.149857,27.603994,1589
85.149848,27.603986,1589
85.14984,27.603978,1589
85.149833,27.60397,1592
85.149826,27.603962,1592
85.149803,27.603944,1591
85.149802,27.603943,1591
85.149799,27.603943,1591
85.149795,27.603941,1591
85.149791,27.60394,1594
85.149787,27.603939,1594
85.149783,27.603937,1594
85.149778,27.603936,1594
85.149774,27.603934,1594
85.14977,27.603933,1594
85.149765,27.603932,1594
85.149761,27.603931,1594
85.149757,27.603929,1594
85.149752,27.603927,1594
85.149749,27.603926,1597
85.149745,27.603924,1597
85.149741,27.603923,1597
85.149737,27.603922,1597
85.149733,27.60392,1597
85.149727,27.603919,1597
85.149722,27.603918,1597
85.149717,27.603917,1597
85.149712,27.603916,1597
85.149707,27.603916,1599
85.149702,27.603916,1599
85.149698,27.603916,1599
85.149694,27.603917,1599
85.14969,27.603917,1599
85.149686,27.603915,1599
85.149682,27.603914,1599
85.149678,27.603912,1599
85.149674,27.60391,1599
85.149669,27.603908,1599
85.149664,27.603907,1602
85.149659,27.603907,1602
85.149654,27.603908,1602
85.149649,27.603908,1602
85.149645,27.603908,1602
85.14964,27.603908,1602
85.149635,27.603908,1602
85.14963,27.603908,1602
85.149626,27.603909,1602
85.149621,27.60391,1605
85.149617,27.60391,1605
85.149612,27.60391,1605
85.149607,27.603909,1605
85.149602,27.603909,1605
85.149599,27.60391,1605
85.149596,27.603911,1605
85.149589,27.603916,1605
85.149588,27.603916,1605
85.149588,27.603917,1605
85.149589,27.603921,1605
85.149587,27.603924,1605
85.149582,27.603927,1605
85.149584,27.603914,1605
85.149582,27.603902,1605
85.149581,27.603901,1605
85.14958,27.603899,1605
85.149577,27.603897,1607
85.149575,27.603894,1607
85.149572,27.603892,1607
85.14957,27.60389,1607
85.149567,27.603888,1607
85.149564,27.603885,1607
85.149561,27.603883,1607
85.149558,27.603882,1607
85.149555,27.603879,1607
85.149553,27.603873,1607
85.149551,27.603864,1607
85.14955,27.603854,1607
85.149549,27.603843,1608
85.149549,27.60383,1608
85.149549,27.603815,1608
85.14955,27.6038,1608
85.149551,27.603784,1608
85.149553,27.603766,1608
85.14955,27.60375,1608
85.149546,27.603748,1608
85.149543,27.603747,1608
85.149539,27.603745,1608
85.149535,27.603743,1611
85.149531,27.603742,1611
85.149527,27.60374,1611
85.149523,27.603739,1611
85.149519,27.603737,1611
85.149515,27.603735,1611
85.149511,27.603734,1611
85.149507,27.603732,1611
85.149503,27.60373,1611
85.1495,27.603729,1611
85.149496,27.603727,1611
85.149492,27.603726,1614
85.149488,27.603724,1614
85.149484,27.603722,1614
85.14948,27.603721,1614
85.149476,27.603719,1614
85.149472,27.603717,1614
85.149468,27.603716,1614
85.149464,27.603714,1614
85.14946,27.603713,1614
85.149456,27.603711,1614
85.149453,27.603709,1614
85.149449,27.603708,1616
85.149445,27.603706,1616
85.149441,27.603704,1616
85.149437,27.603703,1616
85.149433,27.603701,1616
85.149429,27.6037,1616
85.149425,27.603698,1616
85.149421,27.603696,1616
85.149417,27.603695,1616
85.149413,27.603693,1617
85.149409,27.603691,1617
85.149406,27.60369,1619
85.149402,27.603688,1619
85.149398,27.603687,1619
85.149394,27.603685,1619
85.14939,27.603683,1619
85.149386,27.603682,1619
85.149382,27.60368,1619
85.149378,27.603678,1619
85.149374,27.603677,1619
85.14937,27.603675,1619
85.149366,27.603674,1619
85.149362,27.603672,1622
85.149359,27.60367,1622
85.149355,27.603669,1622
85.149351,27.603667,1622
85.149347,27.603666,1622
85.149343,27.603664,1622
85.149339,27.603662,1622
85.149335,27.603661,1622
85.149331,27.603659,1622
85.149327,27.603657,1622
85.149323,27.603656,1622
85.149319,27.603654,1625
85.149316,27.603653,1625
85.149312,27.603651,1625
85.149308,27.603649,1625
85.149304,27.603648,1625
85.1493,27.603646,1625
85.149296,27.603644,1625
85.149292,27.603643,1625
85.149288,27.603641,1625
85.149284,27.60364,1625
85.14928,27.603638,1625
85.149276,27.603636,1627
85.149272,27.603635,1627
85.149269,27.603633,1627
85.149265,27.603631,1627
85.149261,27.60363,1627
85.149257,27.603628,1627
85.149253,27.603627,1627
85.149249,27.603625,1627
85.149245,27.603623,1627
85.149241,27.603622,1627
85.149237,27.60362,1627
85.149233,27.603618,1628
85.149229,27.603617,1630
85.149225,27.603615,1630
85.149222,27.603614,1630
85.149218,27.603612,1630
85.149214,27.60361,1630
85.14921,27.603609,1630
85.149206,27.603607,1630
85.149202,27.603605,1630
85.149198,27.603604,1630
85.149194,27.603602,1630
85.14919,27.603601,1631
85.149186,27.603599,1631
85.149182,27.603597,1631
85.149178,27.603596,1631
85.149175,27.603594,1631
85.149171,27.603592,1631
85.149167,27.603591,1631
85.149163,27.603589,1631
85.149159,27.603588,1631
85.149155,27.603586,1631
85.149151,27.603584,1631
85.149147,27.603583,1633
85.149143,27.603581,1633
85.149139,27.603579,1634
85.149135,27.603578,1634
85.149132,27.603576,1634
85.149128,27.603575,1634
85.149124,27.603573,1634
85.14912,27.603571,1634
85.149116,27.60357,1634
85.149112,27.603568,1634
85.149108,27.603566,1634
85.149104,27.603565,1636
85.1491,27.603563,1636
85.149096,27.603562,1636
85.149092,27.60356,1636
85.149088,27.603558,1636
85.149085,27.603557,1636
85.149081,27.603555,1636
85.149077,27.603553,1636
85.149073,27.603552,1636
85.149069,27.60355,1636
85.149065,27.603549,1636
85.149061,27.603547,1637
85.149057,27.603545,1637
85.149053,27.603544,1637
85.149049,27.603542,1637
85.149045,27.60354,1639
85.149041,27.603539,1639
85.149038,27.603537,1639
85.149034,27.603536,1639
85.14903,27.603534,1639
85.149026,27.603532,1639
85.149022,27.603531,1639
85.149018,27.603529,1640
85.149014,27.603528,1640
85.14901,27.603526,1640
85.149006,27.603524,1640
85.149002,27.603523,1640
85.148998,27.603521,1640
85.148994,27.603519,1640
85.148991,27.603518,1640
85.148987,27.603516,1640
85.148983,27.603515,1640
85.148979,27.603513,1640
85.148975,27.603511,1641
85.148971,27.60351,1641
85.148967,27.603508,1641
85.148963,27.603506,1641
85.148959,27.603505,1641
85.148955,27.603503,1643
85.148951,27.603502,1643
85.148948,27.6035,1643
85.148944,27.603498,1643
85.14894,27.603497,1643
85.148936,27.603495,1643
85.148932,27.603493,1644
85.148928,27.603492,1644
85.148924,27.60349,1644
85.14892,27.603489,1644
85.14892,27.603486,1644
85.148919,27.603482,1644
85.148919,27.603479,1644
85.148918,27.603474,1644
85.148916,27.60347,1644
85.148913,27.603466,1644
85.148911,27.603463,1646
85.148908,27.60346,1646
85.148906,27.603458,1646
85.148904,27.603455,1646
85.148902,27.603453,1646
85.148898,27.603451,1646
85.148892,27.603447,1646
85.148884,27.603444,1646
85.148875,27.60344,1646
85.148866,27.603438,1646
85.148856,27.603435,1646
85.148847,27.603432,1646
85.148837,27.603428,1646
85.148826,27.603424,1648
85.148815,27.603421,1648
85.148806,27.603417,1648
85.148798,27.603412,1648
85.14879,27.603408,1648
85.148784,27.603404,1648
85.148778,27.603401,1648
85.148774,27.603398,1648
85.148771,27.603394,1648
85.148767,27.603389,1650
85.148764,27.603385,1650
85.148761,27.60338,1650
85.148758,27.603374,1650
85.148754,27.603368,1650
85.148751,27.603363,1650
85.148747,27.60336,1650
85.148742,27.603356,1650
85.148738,27.603352,1650
85.148737,27.603347,1652
85.148736,27.603341,1652
85.148734,27.603336,1652
85.148733,27.603332,1652
85.148731,27.603327,1652
85.148729,27.603321,1652
85.148726,27.603314,1652
85.148722,27.603308,1654
85.148718,27.603302,1654
85.148714,27.603296,1654
85.148711,27.603288,1654
85.148707,27.603281,1654
85.148704,27.603275,1654
85.1487,27.60327,1656
85.148696,27.603264,1656
85.148693,27.603259,1656
85.14869,27.603253,1656
85.148687,27.603247,1656
85.148679,27.603234,1658
85.148682,27.60324,1656
85.148677,27.603235,1659
85.148676,27.603232,1659
85.148673,27.603225,1659
85.14867,27.603216,1659
85.148667,27.603206,1659
85.148663,27.603194,1660
85.148658,27.603181,1660
85.148653,27.603168,1660
85.14865,27.603157,1662
85.148646,27.603146,1662
85.148643,27.603139,1662
85.148642,27.603133,1662
85.148641,27.603129,1662
85.148642,27.603125,1662
85.148643,27.603121,1663
85.148645,27.603116,1663
85.148645,27.603111,1663
85.148644,27.603094,1663
85.148643,27.603093,1663
85.148641,27.603091,1663
85.148638,27.603088,1663
85.148634,27.603086,1664
85.14863,27.603084,1665
85.148617,27.603075,1665
85.148615,27.603074,1665
85.14861,27.603072,1665
85.148605,27.603069,1665
85.148599,27.603067,1665
85.148594,27.603064,1665
85.148588,27.60306,1666
85.148584,27.603057,1666
85.14858,27.603054,1666
85.148572,27.60305,1666
85.148564,27.603046,1667
85.148554,27.603043,1667
85.148543,27.603041,1668
85.148532,27.60304,1668
85.148522,27.603039,1668
85.148511,27.603038,1668
85.1485,27.603037,1669
85.14849,27.603036,1669
85.14848,27.603036,1669
85.14847,27.603035,1669
85.148461,27.603033,1670
85.148453,27.60303,1670
85.148444,27.603029,1670
85.148435,27.603027,1670
85.148426,27.603026,1670
85.148417,27.603025,1670
85.148408,27.603024,1670
85.148398,27.603023,1670
85.148388,27.603022,1670
85.148379,27.60302,1670
85.148369,27.603017,1671
85.148358,27.603015,1671
85.148347,27.603014,1671
85.148335,27.603013,1671
85.148323,27.603012,1672
85.148312,27.603012,1672
85.148302,27.603013,1672
85.148294,27.603014,1672
85.148285,27.603013,1673
85.148278,27.603012,1673
85.14827,27.603012,1673
85.148264,27.603013,1673
85.148246,27.603019,1673
85.148244,27.60302,1673
85.148239,27.603023,1673
85.148233,27.603026,1673
85.148226,27.603029,1673
85.14822,27.603033,1673
85.148214,27.603037,1673
85.148209,27.603041,1673
85.148203,27.603046,1673
85.148199,27.603052,1672
85.148191,27.603061,1672
85.14819,27.60306,1672
85.148186,27.603057,1672
85.148185,27.603057,1672
85.148183,27.603057,1672
85.148178,27.603058,1672
85.148172,27.603059,1672
85.148166,27.60306,1672
85.148158,27.603062,1672
85.14815,27.603064,1672
85.148141,27.603067,1672
85.148132,27.603069,1672
85.148125,27.603071,1672
85.148105,27.603077,1672
85.14811,27.603077,1672
85.14811,27.603078,1672
85.148118,27.603079,1672
85.148118,27.603078,1672
85.148115,27.603076,1672
85.148111,27.603076,1672
85.148108,27.603077,1672
85.1481,27.603081,1672
85.148096,27.603083,1672
85.148089,27.603089,1671
85.148078,27.603097,1671
85.148065,27.603105,1671
85.148051,27.603115,1671
85.148035,27.603125,1669
85.148018,27.603137,1668
85.148002,27.603148,1668
85.147977,27.603163,1666
85.147968,27.603168,1666
85.147959,27.603174,1666
85.14795,27.603179,1666
85.14794,27.603184,1665
85.147931,27.603189,1665
85.147922,27.603194,1665
85.147913,27.6032,1664
85.147904,27.603205,1663
85.147894,27.60321,1663
85.147885,27.603215,1663
85.147876,27.603221,1663
85.147867,27.603226,1663
85.147858,27.603231,1662
85.147848,27.603236,1662
85.147839,27.603241,1661
85.14783,27.603247,1661
85.147821,27.603252,1661
85.147812,27.603257,1660
85.147803,27.603262,1660
85.147793,27.603267,1660
85.147784,27.603273,1660
85.147775,27.603278,1658
85.147766,27.603283,1658
85.147757,27.603288,1658
85.147747,27.603293,1658
85.147738,27.603299,1658
85.147729,27.603304,1658
85.14772,27.603309,1658
85.147711,27.603314,1657
85.147701,27.603319,1657
85.147692,27.603325,1657
85.147683,27.60333,1656
85.147674,27.603335,1656
85.147665,27.60334,1656
85.147649,27.603342,1656
85.147644,27.603346,1656
85.147639,27.60335,1656
85.147633,27.603354,1655
85.147628,27.603358,1655
85.147623,27.603361,1655
85.147618,27.603365,1655
85.147612,27.603369,1655
85.147607,27.603373,1655
85.147602,27.603376,1654
85.147597,27.60338,1654
85.147591,27.603384,1654
85.147586,27.603388,1654
85.147581,27.603391,1654
85.147576,27.603395,1654
85.14757,27.603399,1654
85.147565,27.603403,1654
85.14756,27.603407,1654
85.147555,27.60341,1654
85.147549,27.603414,1654
85.147544,27.603418,1654
85.147539,27.603422,1654
85.147534,27.603425,1654
85.147529,27.603429,1653
85.147523,27.603433,1653
85.147518,27.603437,1653
85.147513,27.60344,1653
85.147508,27.603444,1653
85.147502,27.603448,1653
85.147497,27.603452,1653
85.147492,27.603456,1653
85.147487,27.603459,1653
85.147481,27.603463,1653
85.147476,27.603467,1652
85.147471,27.603471,1652
85.147466,27.603474,1652
85.14746,27.603478,1652
85.147455,27.603482,1652
85.14745,27.603486,1652
85.147445,27.60349,1652
85.147439,27.603493,1652
85.147434,27.603497,1652
85.147429,27.603501,1652
85.147424,27.603505,1651
85.147418,27.603508,1651
85.147413,27.603512,1651
85.147408,27.603516,1651
85.147403,27.60352,1651
85.147397,27.603523,1651
85.147392,27.603527,1651
85.147387,27.603531,1651
85.147382,27.603535,1651
85.147377,27.603539,1651
85.147371,27.603542,1651
85.147366,27.603546,1651
85.147361,27.60355,1651
85.147356,27.603554,1651
85.14735,27.603557,1651
85.147345,27.603561,1650
85.14734,27.603565,1650
85.147335,27.603569,1650
85.147329,27.603572,1650
85.147324,27.603576,1650
85.147319,27.60358,1650
85.147314,27.603584,1650
85.147308,27.603588,1650
85.147303,27.603591,1649
85.147298,27.603595,1649
85.147293,27.603599,1649
85.147287,27.603603,1649
85.147282,27.603606,1649
85.147277,27.60361,1649
85.147272,27.603614,1649
85.147266,27.603618,1649
85.147261,27.603621,1649
85.147256,27.603625,1649
85.147251,27.603629,1649
85.147246,27.603633,1649
85.147231,27.603632,1649
85.147229,27.603631,1649
85.147228,27.603631,1649
85.147226,27.60363,1649
85.147216,27.603622,1648
85.147214,27.60362,1648
85.147212,27.603617,1648
85.147208,27.603612,1648
85.147205,27.603607,1648
85.147201,27.603601,1648
85.147197,27.603595,1648
85.14719,27.603585,1648
85.147182,27.603576,1648
85.147174,27.603567,1648
85.147156,27.603546,1648
85.147159,27.603543,1648
85.147161,27.603539,1648
85.147172,27.603534,1648
85.147171,27.603523,1648
85.147171,27.603522,1648
85.147176,27.603506,1648
85.147176,27.603505,1648
85.147179,27.603502,1648
85.147181,27.603499,1648
85.147183,27.603496,1648
85.147186,27.603492,1648
85.14719,27.603488,1648
85.147194,27.603482,1648
85.147197,27.603475,1648
85.1472,27.603467,1648
85.147204,27.603459,1648
85.147207,27.603453,1648
85.147211,27.603446,1648
85.147212,27.603437,1648
85.147214,27.60343,1648
85.147217,27.603423,1649
85.14722,27.603416,1649
85.147223,27.603409,1649
85.147226,27.603402,1649
85.147229,27.603396,1649
85.147231,27.603389,1650
85.147234,27.603384,1650
85.147236,27.603378,1650
85.147239,27.603374,1650
85.14724,27.603368,1650
85.14724,27.603362,1650
85.147239,27.603355,1650
85.147239,27.603348,1650
85.147239,27.603341,1650
85.147239,27.603334,1650
85.147239,27.603327,1650
85.147239,27.60332,1650
85.147239,27.603312,1650
85.147239,27.603305,1650
85.147241,27.603298,1650
85.147245,27.60329,1650
85.147252,27.603281,1650
85.147257,27.603272,1651
85.147262,27.603263,1651
85.147265,27.603258,1651
85.147268,27.603253,1651
85.147272,27.603248,1651
85.147276,27.603243,1651
85.147277,27.603238,1651
85.147278,27.603233,1652
85.147279,27.603227,1652
85.147279,27.603221,1652
85.147279,27.603214,1652
85.147279,27.603206,1652
85.147278,27.603198,1652
85.147278,27.603188,1652
85.147278,27.603176,1652
85.147276,27.603163,1652
85.147275,27.603151,1653
85.147275,27.603138,1653
85.147277,27.603128,1653
85.147279,27.603118,1654
85.147281,27.603108,1654
85.147282,27.603098,1654
85.147283,27.603089,1654
85.147284,27.603078,1656
85.147286,27.603068,1656
85.147288,27.603058,1656
85.147289,27.603049,1656
85.147289,27.603041,1657
85.147289,27.603031,1657
85.147287,27.603021,1657
85.147284,27.603012,1657
85.147278,27.603003,1659
85.147272,27.602996,1659
85.147265,27.602987,1659
85.147259,27.602979,1658
85.147253,27.602969,1661
85.147248,27.602959,1661
85.147242,27.602949,1661
85.147235,27.602938,1661
85.147227,27.602928,1663
85.147219,27.602918,1663
85.147213,27.602911,1662
85.147207,27.602904,1662
85.147203,27.602899,1662
85.1472,27.602894,1664
85.147197,27.60289,1664
85.147191,27.602887,1664
85.147183,27.602884,1664
85.147174,27.602879,1664
85.147168,27.602874,1664
85.147163,27.602869,1664
85.147149,27.602861,1664
85.147148,27.602862,1664
85.147143,27.602861,1664
85.147137,27.602861,1664
85.147129,27.602862,1663
85.14712,27.602866,1663
85.147111,27.60287,1663
85.147101,27.602871,1663
85.147092,27.602871,1663
85.147082,27.602871,1662
85.147074,27.60287,1662
85.147067,27.60287,1662
85.147062,27.602871,1662
85.147051,27.602875,1662
85.147049,27.602878,1662
85.147049,27.602883,1662
85.147053,27.602882,1662
85.147049,27.602885,1662
85.147048,27.602886,1662
85.147046,27.602885,1662
85.147043,27.602885,1662
85.14704,27.602885,1662
85.147037,27.602884,1662
85.147021,27.60288,1662
85.147019,27.602878,1662
85.147015,27.602876,1662
85.147009,27.602875,1662
85.147002,27.602873,1663
85.146993,27.602871,1663
85.146984,27.602868,1663
85.146972,27.602866,1663
85.146961,27.602863,1664
85.146948,27.60286,1664
85.146935,27.602857,1664
85.146924,27.602857,1664
85.146916,27.602855,1667
85.146907,27.602852,1667
85.146899,27.602848,1667
85.146892,27.602846,1667
85.146884,27.602844,1667
85.146874,27.602844,1669
85.146865,27.602845,1669
85.146858,27.602845,1669
85.146851,27.602846,1669
85.14683,27.602848,1671
85.146825,27.602857,1668
85.146825,27.602858,1668
85.146823,27.602862,1668
85.146819,27.602866,1668
85.146814,27.602869,1668
85.146808,27.602871,1668
85.146803,27.60287,1668
85.146798,27.60287,1668
85.146794,27.60287,1668
85.146793,27.60287,1668
85.146793,27.602872,1668
85.146792,27.602874,1668
85.146792,27.602877,1668
85.146792,27.60288,1668
85.14679,27.602882,1668
85.146788,27.602886,1671
85.146785,27.602893,1671
85.146782,27.602902,1667
85.146779,27.602911,1667
85.146777,27.602917,1667
85.146774,27.602922,1667
85.14677,27.602925,1667
85.146765,27.602926,1667
85.146759,27.602927,1667
85.146753,27.602928,1667
85.146747,27.602931,1667
85.146741,27.602936,1665
85.146735,27.602942,1665
85.146729,27.602947,1665
85.146727,27.602949,1665
85.146726,27.602951,1665
85.146726,27.602954,1665
85.146726,27.602958,1665
85.146725,27.602963,1665
85.146723,27.602967,1665
85.14672,27.60297,1665
85.146717,27.602971,1662
85.146713,27.60297,1665
85.146709,27.602968,1665
85.146704,27.602968,1665
85.1467,27.602968,1666
85.146695,27.602967,1666
85.14669,27.602967,1666
85.146685,27.602967,1666
85.146681,27.602968,1666
85.146675,27.602963,1666
85.14667,27.602958,1666
85.146666,27.602952,1666
85.146661,27.602946,1666
85.146655,27.602941,1667
85.14665,27.602936,1667
85.146644,27.602928,1671
85.146637,27.602916,1671
85.146631,27.602906,1671
85.146623,27.6029,1671
85.146615,27.602894,1676
85.14661,27.602891,1676
85.146606,27.60289,1676
85.146603,27.602888,1676
85.146599,27.602887,1676
85.146595,27.602886,1676
85.146591,27.602884,1676
85.146585,27.602884,1676
85.146579,27.602884,1676
85.146572,27.602885,1677
85.146564,27.602888,1677
85.146557,27.602892,1677
85.146551,27.602896,1673
85.146546,27.602899,1673
85.146532,27.602912,1673
85.146531,27.602911,1673
85.146528,27.602913,1673
85.146524,27.602916,1673
85.14652,27.602922,1673
85.146516,27.602927,1673
85.146513,27.60293,1673
85.14651,27.602932,1673
85.146508,27.602936,1669
85.146507,27.60294,1669
85.146509,27.602943,1669
85.146511,27.602946,1669
85.146515,27.602945,1669
85.146512,27.60294,1669
85.146522,27.602945,1669
85.146519,27.602944,1669
85.146518,27.602943,1669
85.14652,27.602949,1669
85.14652,27.60295,1669
85.146519,27.602952,1669
85.146519,27.602954,1669
85.146519,27.602958,1669
85.146519,27.602961,1669
85.14652,27.602964,1669
85.146521,27.602968,1669
85.146522,27.602984,1666
85.146524,27.602985,1666
85.146524,27.602999,1666
85.146525,27.603002,1666
85.146512,27.602999,1666
85.146509,27.602998,1666
85.146507,27.602999,1666
85.146505,27.603,1666
85.146505,27.603002,1666
85.146506,27.603003,1666
85.146495,27.602995,1666
85.146494,27.602995,1666
85.146492,27.602999,1666
85.14649,27.603004,1666
85.146488,27.603005,1665
85.146494,27.603007,1666
85.146493,27.603007,1666
85.146487,27.603009,1662
85.146488,27.603007,1665
85.146489,27.603006,1665
85.146487,27.603004,1665
85.146489,27.603002,1665
85.146491,27.603,1666
85.146496,27.602996,1666
85.146507,27.602987,1666
85.146505,27.602984,1666
85.146504,27.602982,1666
85.146505,27.602981,1666
85.146506,27.602982,1666
85.146507,27.602984,1666
85.146509,27.602984,1666
85.146511,27.602986,1666
85.146514,27.602988,1666
85.146516,27.602991,1666
85.146519,27.602994,1666
85.146518,27.602998,1666
85.146515,27.603001,1666
85.146505,27.603012,1662
85.1465,27.603014,1662
85.146499,27.603015,1662
85.146497,27.603017,1662
85.146494,27.603019,1662
85.14648,27.603024,1662
85.146479,27.603026,1662
85.146457,27.603025,1662
85.146454,27.603024,1662
85.146452,27.60302,1662
85.146451,27.60302,1662
85.146449,27.60302,1662
85.146441,27.60302,1662
85.146437,27.603019,1662
85.146431,27.603019,1662
85.14643,27.603019,1662
85.146426,27.603017,1662
85.146424,27.603014,1662
85.146421,27.60301,1662
85.146421,27.603009,1662
85.14642,27.603007,1665
85.14642,27.603004,1665
85.146419,27.603001,1665
85.146419,27.602998,1665
85.146416,27.602985,1665
85.146417,27.602984,1665
85.146421,27.60298,1665
85.146427,27.602976,1665
85.146433,27.602972,1665
85.14644,27.602967,1669
85.146444,27.602961,1669
85.146446,27.602954,1669
85.146444,27.602946,1669
85.146441,27.602938,1669
85.146437,27.60293,1672
85.146433,27.602925,1672
85.14643,27.602918,1672
85.146428,27.60291,1672
85.146424,27.602907,1672
85.146419,27.602906,1672
85.146417,27.602905,1672
85.146416,27.602902,1672
85.146413,27.602898,1672
85.146409,27.602896,1672
85.146403,27.602895,1671
85.146397,27.602896,1671
85.146391,27.602898,1671
85.146385,27.602899,1671
85.14638,27.602899,1671
85.146375,27.602901,1671
85.14637,27.602902,1671
85.146365,27.602902,1671
85.146359,27.6029,1671
85.146352,27.602899,1671
85.146346,27.602897,1671
85.146343,27.602895,1671
85.146338,27.602894,1674
85.146332,27.602892,1674
85.146327,27.602889,1674
85.146323,27.602886,1674
85.146319,27.602884,1674
85.146315,27.602882,1674
85.146312,27.602881,1674
85.146303,27.602874,1674
85.146302,27.602873,1674
85.146303,27.602872,1674
85.146303,27.602871,1674
85.146302,27.602868,1674
85.146301,27.602872,1674
85.146302,27.602874,1674
85.146311,27.602874,1674
85.146312,27.602873,1674
85.146314,27.602871,1674
85.146311,27.602861,1674
85.146314,27.602867,1674
85.146315,27.602868,1674
85.146318,27.60287,1674
85.146322,27.602873,1674
85.146329,27.602884,1674
85.146329,27.602885,1674
85.146329,27.602887,1674
85.146327,27.60289,1674
85.14632,27.602893,1674
85.14631,27.602896,1670
85.146298,27.602897,1670
85.146288,27.602895,1670
85.146276,27.602893,1674
85.146263,27.602893,1674
85.146248,27.6029,1670
85.146233,27.60291,1670
85.146218,27.602923,1669
85.146207,27.60294,1666
85.146199,27.602952,1666
85.146197,27.602975,1662
85.146197,27.602999,1662
85.146195,27.603021,1658
85.146194,27.603046,1658
85.146199,27.603064,1655
85.146201,27.603074,1655
85.146201,27.60308,1655
85.146203,27.603083,1655
85.146208,27.603085,1652
85.14621,27.603087,1652
85.146216,27.603085,1652
85.146221,27.603085,1652
85.146225,27.603082,1655
85.146244,27.603067,1656
85.146248,27.603068,1656
85.146256,27.603069,1656
85.146288,27.603079,1657
85.14629,27.603085,1654
85.146292,27.603092,1654
85.146294,27.603097,1654
85.146293,27.603105,1654
85.146291,27.603109,1654
85.146294,27.603111,1654
85.146301,27.603117,1654
85.146311,27.60312,1654
85.146318,27.603121,1655
85.146324,27.603123,1652
85.146328,27.603127,1652
85.146331,27.603131,1652
85.146335,27.603135,1652
85.146337,27.603137,1652
85.146343,27.603145,1652
85.146349,27.60315,1652
85.146351,27.603154,1652
85.146352,27.603153,1652
85.146351,27.603145,1652
85.14635,27.603136,1652
85.146349,27.603129,1652
85.146341,27.603123,1652
85.146335,27.603118,1655
85.146332,27.603113,1655
85.146329,27.60312,1655
85.146327,27.603124,1652
85.146325,27.603129,1652
85.146328,27.603138,1652
85.14633,27.603148,1652
85.146336,27.603162,1649
85.146341,27.603172,1649
85.146347,27.60318,1649
85.146352,27.603184,1649
85.146356,27.603183,1649
85.146359,27.603181,1649
85.146363,27.603186,1650
85.14636,27.603184,1649
85.146357,27.603183,1649
85.146352,27.603183,1649
85.146348,27.603182,1649
85.146343,27.603181,1649
85.146339,27.603182,1649
85.146334,27.603186,1649
85.14633,27.603193,1649
85.146325,27.6032,1647
85.146318,27.603209,1647
85.146312,27.60322,1646
85.146305,27.603229,1646
85.146285,27.603246,1644
85.146282,27.603249,1644
85.146275,27.603253,1644
85.146267,27.603257,1643
85.14626,27.603265,1643
85.146257,27.603276,1641
85.146257,27.603285,1641
85.146255,27.603289,1641
85.146252,27.603292,1641
85.146247,27.603291,1641
85.146241,27.60329,1641
85.146234,27.60329,1641
85.146227,27.603287,1640
85.14622,27.603283,1640
85.146207,27.603265,1642
85.146194,27.603242,1642
85.146181,27.603218,1643
85.146171,27.603201,1643
85.146166,27.603187,1645
85.146163,27.603176,1645
85.146162,27.603169,1645
85.146163,27.603153,1648
85.146166,27.603154,1648
85.146167,27.603153,1648
85.146168,27.603148,1648
85.146166,27.603144,1648
85.146165,27.603143,1648
85.146165,27.60314,1648
85.146165,27.603136,1648
85.146165,27.603132,1648
85.146166,27.603128,1648
85.146166,27.603116,1651
85.146167,27.603115,1651
85.146166,27.603112,1651
85.146166,27.603107,1651
85.146165,27.603103,1651
85.146161,27.603088,1651
85.146158,27.603086,1651
85.146157,27.603083,1654
85.146155,27.603066,1654
85.146153,27.603063,1654
85.14615,27.603056,1654
85.14615,27.603055,1654
85.14615,27.603046,1657
85.146149,27.603045,1657
85.146149,27.603043,1657
85.146148,27.60304,1657
85.146146,27.603035,1657
85.146143,27.60303,1658
85.14614,27.603023,1658
85.146126,27.603014,1658
85.146128,27.603012,1658
85.146129,27.60301,1658
85.146135,27.603011,1658
85.146138,27.603004,1661
85.146138,27.603003,1661
85.146139,27.603001,1661
85.14614,27.602997,1661
85.146139,27.602991,1661
85.146139,27.602983,1661
85.146142,27.602976,1661
85.146144,27.60297,1665
85.146148,27.602962,1665
85.146153,27.602952,1665
85.146166,27.602933,1665
85.146167,27.602929,1669
85.146168,27.602913,1669
85.146167,27.60291,1669
85.146166,27.602905,1669
85.146165,27.602898,1669
85.146164,27.602891,1673
85.146164,27.602884,1673
85.146165,27.602861,1673
85.146165,27.60286,1673
85.146165,27.602857,1673
85.146166,27.602845,1676
85.146165,27.602838,1676
85.146156,27.602833,1676
85.146156,27.602828,1676
85.146156,27.602827,1676
85.146158,27.602818,1678
85.14616,27.602816,1678
85.14616,27.602815,1678
85.146166,27.602811,1678
85.146167,27.60281,1678
85.14617,27.602809,1678
85.146181,27.602803,1678
85.146185,27.6028,1678
85.146185,27.602798,1678
85.146185,27.602795,1678
85.146186,27.602793,1678
85.146186,27.60279,1678
85.146188,27.60278,1680
85.146188,27.602778,1680
85.146188,27.602775,1680
85.146188,27.602771,1680
85.146188,27.602766,1680
85.146187,27.602761,1680
85.146187,27.602756,1680
85.146187,27.602752,1680
85.146187,27.602748,1680
85.146189,27.602743,1681
85.146189,27.602742,1681
</coordinates>
</LineString>
</Placemark>
<Placemark>
<name>Bheda farm area</name>
<styleUrl>#line-00CD00-1000-nodesc</styleUrl>
<LineString>
<tessellate>1</tessellate>
<coordinates>
85.15261,27.622058,0
85.152477,27.622063,0
85.152346,27.622078,0
85.152216,27.622104,0
85.15209,27.622139,0
85.151967,27.622184,0
85.15185,27.622238,0
85.151738,27.622301,0
85.151632,27.622373,0
85.151535,27.622452,0
85.151445,27.622539,0
85.151364,27.622632,0
85.151293,27.622731,0
85.151232,27.622836,0
85.151181,27.622944,0
85.151141,27.623056,0
85.151112,27.623171,0
85.151095,27.623288,0
85.151089,27.623405,0
85.151095,27.623523,0
85.151112,27.623639,0
85.151141,27.623754,0
85.151181,27.623866,0
85.151232,27.623975,0
85.151293,27.624079,0
85.151364,27.624178,0
85.151445,27.624271,0
85.151535,27.624358,0
85.151632,27.624437,0
85.151738,27.624509,0
85.15185,27.624572,0
85.151967,27.624626,0
85.15209,27.624671,0
85.152216,27.624707,0
85.152346,27.624732,0
85.152477,27.624748,0
85.15261,27.624753,0
85.152742,27.624748,0
85.152874,27.624732,0
85.153004,27.624707,0
85.15313,27.624671,0
85.153253,27.624626,0
85.15337,27.624572,0
85.153482,27.624509,0
85.153588,27.624437,0
85.153685,27.624358,0
85.153775,27.624271,0
85.153856,27.624178,0
85.153927,27.624079,0
85.153988,27.623975,0
85.154039,27.623866,0
85.154079,27.623754,0
85.154108,27.623639,0
85.154125,27.623523,0
85.154131,27.623405,0
85.154125,27.623288,0
85.154108,27.623171,0
85.154079,27.623056,0
85.154039,27.622944,0
85.153988,27.622836,0
85.153927,27.622731,0
85.153856,27.622632,0
85.153775,27.622539,0
85.153685,27.622452,0
85.153588,27.622373,0
85.153482,27.622301,0
85.15337,27.622238,0
85.153253,27.622184,0
85.15313,27.622139,0
85.153004,27.622104,0
85.152874,27.622078,0
85.152742,27.622063,0
85.15261,27.622058,0
85.152477,27.622063,0
</coordinates>
</LineString>
</Placemark>
<Placemark>
<name>c</name>
<styleUrl>#line-F0F000-2000-nodesc</styleUrl>
<LineString>
<tessellate>1</tessellate>
<coordinates>
85.164433,27.59246,1622
85.164398,27.592402,1621
85.164364,27.592345,1621
85.164347,27.592335,1621
85.164323,27.592331,1621
85.1643,27.592326,1620
85.164271,27.592323,1620
85.164262,27.592324,1620
85.164253,27.592325,1620
85.164244,27.592326,1620
85.164234,27.592327,1620
85.164225,27.592328,1620
85.164216,27.592329,1620
85.164204,27.592335,1620
85.164202,27.592334,1620
85.164201,27.592333,1620
85.164199,27.592332,1620
85.164197,27.592331,1620
85.164195,27.59233,1620
85.164194,27.592329,1620
85.164192,27.592329,1620
85.16419,27.592328,1620
85.164189,27.592327,1620
85.164187,27.592326,1620
85.164185,27.592325,1620
85.164183,27.592324,1620
85.164182,27.592323,1620
85.16418,27.592322,1620
85.164178,27.592321,1620
85.164177,27.59232,1620
85.164175,27.59232,1620
85.164173,27.592319,1620
85.164171,27.592318,1620
85.16417,27.592317,1620
85.164168,27.592316,1620
85.164166,27.592315,1620
85.164165,27.592314,1620
85.164163,27.592313,1620
85.164161,27.592312,1620
85.164159,27.592311,1620
85.164158,27.592311,1620
85.164156,27.59231,1620
85.164154,27.592309,1620
85.164152,27.592308,1619
85.164151,27.592307,1619
85.164149,27.592306,1619
85.164147,27.592305,1619
85.164146,27.592304,1619
85.164144,27.592303,1619
85.164142,27.592302,1619
85.16414,27.592302,1619
85.164139,27.592301,1619
85.164137,27.5923,1619
85.164135,27.592299,1619
85.164134,27.592298,1619
85.164132,27.592297,1619
85.16413,27.592296,1619
85.164128,27.592295,1619
85.164127,27.592294,1619
85.164125,27.592294,1619
85.164123,27.592293,1619
85.164122,27.592292,1619
85.16412,27.592291,1619
85.164118,27.59229,1619
85.164116,27.592289,1619
85.164115,27.592288,1619
85.164113,27.592287,1619
85.164111,27.592286,1619
85.16411,27.592285,1619
85.164108,27.592285,1619
85.164106,27.592284,1619
85.164104,27.592283,1619
85.164103,27.592282,1619
85.164101,27.592281,1619
85.164099,27.59228,1619
85.164098,27.592279,1619
85.164096,27.592278,1619
85.164094,27.592277,1619
85.164092,27.592276,1619
85.164091,27.592276,1619
85.164089,27.592275,1619
85.164087,27.592274,1619
85.164086,27.592273,1619
85.164084,27.592272,1619
85.164088,27.592254,1619
85.164087,27.592247,1619
85.164086,27.59224,1619
85.164085,27.592233,1619
85.164084,27.592226,1619
85.164084,27.592219,1619
85.164083,27.592212,1619
85.164082,27.592204,1619
85.164081,27.592197,1619
85.16408,27.59219,1618
85.16408,27.592183,1618
85.164079,27.592176,1618
85.164078,27.592169,1618
85.164077,27.592162,1618
85.164076,27.592155,1618
85.164076,27.592148,1618
85.164075,27.592141,1618
85.164074,27.592134,1618
85.164073,27.592127,1618
85.164072,27.59212,1618
85.164071,27.592113,1618
85.164071,27.592106,1618
85.16407,27.592098,1618
85.164069,27.592091,1618
85.164068,27.592084,1618
85.164067,27.592077,1618
85.164067,27.59207,1618
85.164066,27.592063,1618
85.164065,27.592056,1618
85.164064,27.592049,1618
85.164063,27.592042,1618
85.164063,27.592035,1617
85.164062,27.592028,1617
85.164061,27.592021,1617
85.16406,27.592014,1617
85.164059,27.592007,1617
85.164059,27.592,1617
85.164058,27.591993,1617
85.164057,27.591985,1617
85.164056,27.591978,1617
85.164055,27.591971,1617
85.164054,27.591964,1617
85.164054,27.591957,1617
85.164053,27.59195,1617
85.164052,27.591943,1617
85.164051,27.591936,1617
85.16405,27.591929,1617
85.16405,27.591922,1617
85.164049,27.591915,1617
85.164048,27.591908,1617
85.164047,27.591901,1617
85.164046,27.591894,1617
85.164046,27.591887,1616
85.164045,27.591879,1616
85.164044,27.591872,1616
85.164043,27.591865,1616
85.164042,27.591858,1616
85.164042,27.591851,1616
85.164041,27.591844,1616
85.16404,27.591837,1616
85.164039,27.59183,1616
85.164038,27.591823,1616
85.164037,27.591816,1616
85.164037,27.591809,1616
85.164036,27.591802,1616
85.164035,27.591795,1616
85.164034,27.591788,1616
85.164033,27.591781,1616
85.164033,27.591774,1616
85.164032,27.591766,1616
85.164031,27.591759,1616
85.16403,27.591752,1616
85.164029,27.591745,1616
85.164029,27.591738,1616
85.164028,27.591731,1615
85.164027,27.591724,1615
85.164026,27.591717,1615
85.164025,27.59171,1615
85.164025,27.591703,1615
85.164024,27.591696,1615
85.164023,27.591689,1615
85.164022,27.591682,1615
85.164021,27.591675,1615
85.16402,27.591668,1615
85.16402,27.591661,1615
85.164019,27.591653,1615
85.164018,27.591646,1615
85.164017,27.591639,1615
85.164016,27.591632,1615
85.164016,27.591625,1615
85.164015,27.591618,1615
85.164014,27.591611,1615
85.164013,27.591604,1615
85.164012,27.591597,1615
85.164012,27.59159,1615
85.164011,27.591583,1614
85.16401,27.591576,1614
85.164009,27.591569,1614
85.164015,27.591563,1614
85.164015,27.591562,1614
85.164015,27.591561,1614
85.164015,27.59156,1614
85.164015,27.591559,1614
85.164014,27.591559,1614
85.164017,27.591556,1614
85.16402,27.591554,1614
85.164026,27.591549,1614
85.164029,27.591544,1614
85.164028,27.591541,1614
85.164025,27.591538,1614
85.16402,27.591537,1614
85.164016,27.591538,1614
85.164005,27.59154,1614
85.164003,27.591539,1614
85.164,27.591535,1614
85.163997,27.59153,1614
85.163995,27.591524,1614
85.163992,27.591517,1614
85.163986,27.59151,1614
85.163977,27.5915,1614
85.163968,27.591491,1614
85.163956,27.591482,1614
85.163945,27.591472,1613
85.163937,27.591461,1613
85.163929,27.591446,1613
85.163918,27.591432,1613
85.163906,27.591417,1613
85.163892,27.591402,1613
85.16388,27.591387,1613
85.163868,27.591372,1613
85.163856,27.591346,1612
85.163852,27.591334,1612
85.163848,27.591323,1612
85.163843,27.591312,1612
85.163839,27.5913,1612
85.163835,27.591289,1612
85.16383,27.591278,1612
85.163826,27.591266,1612
85.163822,27.591255,1612
85.163817,27.591244,1612
85.163813,27.591232,1612
85.163809,27.591221,1612
85.163805,27.591205,1612
85.163802,27.591187,1611
85.163799,27.591171,1611
85.163795,27.591155,1611
85.163791,27.59114,1611
85.163785,27.591127,1611
85.163778,27.591115,1611
85.163769,27.591103,1611
85.163761,27.591092,1611
85.163753,27.591078,1611
85.163746,27.591063,1610
85.163739,27.591048,1610
85.163734,27.591033,1610
85.163731,27.591017,1610
85.163729,27.591001,1610
85.163726,27.590986,1610
85.163726,27.590972,1610
85.163731,27.590957,1610
85.163734,27.590943,1610
85.163736,27.590928,1610
85.163739,27.590912,1609
85.163741,27.590897,1609
85.163742,27.590886,1609
85.163749,27.590862,1609
85.163759,27.590851,1609
85.163759,27.590849,1609
85.163754,27.590849,1609
85.163747,27.590851,1609
85.163739,27.590857,1609
85.16373,27.590867,1609
85.163718,27.590881,1609
85.163706,27.590895,1609
85.163696,27.590911,1608
85.163685,27.590929,1608
85.163677,27.590945,1608
85.163672,27.590958,1608
85.16367,27.590966,1608
85.163669,27.590981,1608
85.16367,27.590977,1608
85.163672,27.590974,1608
85.163674,27.590969,1608
85.163675,27.590961,1608
85.163675,27.590956,1608
85.163677,27.590951,1608
85.163681,27.590941,1608
85.163689,27.590928,1608
85.163699,27.590913,1608
85.163708,27.590897,1607
85.163717,27.590882,1607
85.163725,27.590865,1607
85.163733,27.590847,1607
85.16374,27.590828,1607
85.163746,27.590808,1607
85.163751,27.59079,1607
85.163756,27.590773,1607
85.163759,27.590755,1606
85.163764,27.590735,1606
85.163771,27.59071,1606
85.163775,27.590687,1606
85.163777,27.590665,1606
85.163777,27.590647,1606
85.163775,27.590629,1606
85.163775,27.590612,1605
85.163774,27.590594,1605
85.163772,27.590575,1605
85.163769,27.590557,1605
85.163767,27.590537,1605
85.163767,27.590515,1605
85.163768,27.590495,1605
85.163769,27.590475,1605
85.163771,27.590457,1604
85.163769,27.590439,1604
85.163765,27.590422,1604
85.163759,27.590404,1604
85.163752,27.590389,1604
85.163743,27.590374,1604
85.163735,27.590361,1604
85.163727,27.590348,1604
85.163715,27.590335,1604
85.163703,27.590325,1603
85.163691,27.590315,1603
85.163679,27.590306,1603
85.163664,27.590299,1603
85.163649,27.590297,1603
85.163634,27.5903,1603
85.163623,27.590305,1603
85.163617,27.59031,1603
85.163611,27.590314,1603
85.163608,27.590316,1603
85.163608,27.590314,1603
85.163608,27.590311,1603
85.163608,27.590307,1603
85.163608,27.590304,1603
85.163606,27.590301,1603
85.163605,27.590298,1603
85.163607,27.590294,1603
85.163611,27.590288,1603
85.163617,27.590282,1603
85.16362,27.590275,1603
85.163619,27.590267,1602
85.163615,27.59026,1602
85.163606,27.590253,1602
85.163595,27.590247,1602
85.163581,27.590243,1602
85.163565,27.590241,1602
85.163551,27.59024,1602
85.16354,27.590239,1602
85.163529,27.590238,1602
85.163516,27.590239,1602
85.163501,27.590239,1602
85.163485,27.590239,1602
85.163471,27.590237,1602
85.163455,27.590235,1601
85.163436,27.590233,1601
85.163417,27.59023,1601
85.163397,27.590226,1601
85.163379,27.590221,1601
85.163362,27.590214,1601
85.163345,27.590208,1601
85.163329,27.590204,1601
85.163314,27.590199,1601
85.163299,27.590195,1601
85.163282,27.59019,1600
85.163267,27.590184,1600
85.163256,27.590177,1600
85.163247,27.59017,1600
85.163235,27.590165,1600
85.163222,27.59016,1600
85.163207,27.590156,1600
85.16319,27.59015,1600
85.163173,27.590143,1600
85.163154,27.590138,1600
85.163135,27.590132,1599
85.163116,27.590126,1599
85.163097,27.590118,1599
85.163064,27.590103,1599
85.163049,27.590097,1599
85.163035,27.59009,1599
85.16302,27.590083,1599
85.163006,27.590076,1599
85.162991,27.590069,1599
85.162976,27.590062,1598
85.162962,27.590055,1598
85.162947,27.590048,1598
85.162932,27.590041,1598
85.162918,27.590035,1598
85.162903,27.590028,1598
85.162889,27.590021,1598
85.162874,27.590014,1598
85.162859,27.590007,1598
85.162845,27.59,1598
85.16283,27.589993,1598
85.162816,27.589986,1597
85.162802,27.58998,1597
85.162788,27.589974,1597
85.162772,27.589967,1597
85.162758,27.589961,1597
85.162743,27.589954,1597
85.162729,27.589947,1597
85.162715,27.589939,1597
85.162699,27.589931,1597
85.16268,27.589923,1597
85.162661,27.589918,1596
85.162639,27.589914,1596
85.162619,27.589911,1596
85.162587,27.589907,1596
85.162575,27.589905,1596
85.162562,27.589903,1596
85.162549,27.589901,1596
85.162537,27.589899,1596
85.162524,27.589897,1596
85.162512,27.589895,1596
85.162499,27.589893,1595
85.162487,27.589892,1595
85.162474,27.58989,1595
85.162462,27.589888,1595
85.162449,27.589886,1595
85.162436,27.589884,1595
85.162424,27.589882,1595
85.162411,27.58988,1595
85.162399,27.589878,1595
85.162386,27.589876,1595
85.162374,27.589875,1595
85.162361,27.589873,1595
85.162348,27.589871,1595
85.162336,27.589869,1595
85.162323,27.589867,1594
85.162311,27.589865,1594
85.162298,27.58986,1594
85.162284,27.589856,1594
85.16227,27.589855,1594
85.162256,27.589852,1594
85.162242,27.589848,1594
85.16223,27.589843,1594
85.162217,27.589839,1594
85.162205,27.589834,1594
85.162192,27.58983,1594
85.162177,27.589828,1594
85.162161,27.589826,1593
85.162145,27.589824,1593
85.162129,27.589823,1593
85.162111,27.589823,1593
85.162095,27.589824,1593
85.162077,27.589824,1593
85.162059,27.589824,1593
85.162039,27.589824,1593
85.162019,27.589824,1593
85.162002,27.589824,1593
85.161986,27.589822,1592
85.16197,27.58982,1592
85.161958,27.589816,1592
85.161946,27.589811,1592
85.161935,27.589809,1592
85.16192,27.589807,1592
85.161903,27.589808,1592
85.161884,27.589807,1592
85.161866,27.589806,1592
85.161849,27.589804,1592
85.161834,27.589799,1592
85.16182,27.589795,1591
85.161806,27.589791,1591
85.161792,27.589788,1591
85.161778,27.589786,1591
85.161764,27.589783,1591
85.161748,27.589779,1591
85.161731,27.589776,1591
85.161713,27.589771,1591
85.161696,27.589766,1591
85.16168,27.58976,1591
85.161665,27.589754,1591
85.161651,27.589748,1590
85.161637,27.589741,1590
85.161626,27.589733,1590
85.161614,27.589724,1590
85.161601,27.589714,1590
85.161588,27.589701,1590
85.161573,27.589686,1590
85.161552,27.58967,1590
85.161525,27.589657,1589
85.161497,27.589647,1589
85.161467,27.58964,1589
85.161437,27.589636,1589
85.161409,27.589633,1589
85.161385,27.58963,1589
85.161352,27.589624,1588
85.161338,27.589623,1588
85.161325,27.589622,1588
85.161311,27.58962,1588
85.161292,27.58962,1588
85.161273,27.589622,1588
85.161254,27.589624,1588
85.161233,27.589626,1588
85.161214,27.589626,1588
85.161195,27.589625,1588
85.161175,27.589626,1587
85.161156,27.589624,1587
85.161135,27.589622,1587
85.161113,27.58962,1587
85.161094,27.589618,1587
85.161077,27.589617,1587
85.161061,27.589618,1587
85.161045,27.589623,1587
85.161032,27.589627,1587
85.161018,27.589631,1586
85.160999,27.589639,1586
85.160974,27.589651,1586
85.160948,27.589664,1586
85.160923,27.589677,1586
85.160899,27.58969,1586
85.160879,27.589703,1586
85.16086,27.589712,1585
85.160839,27.58972,1585
85.160819,27.589728,1585
85.1608,27.589734,1585
85.160782,27.589739,1585
85.160765,27.589743,1585
85.160747,27.589747,1585
85.160729,27.589751,1585
85.160709,27.589754,1585
85.160688,27.589758,1584
85.160667,27.589761,1584
85.16065,27.589763,1584
85.160634,27.589765,1584
85.160619,27.589767,1584
85.160606,27.589768,1584
85.160592,27.58977,1584
85.16058,27.589773,1584
85.160572,27.589777,1584
85.160553,27.58979,1584
85.160551,27.58979,1584
85.160547,27.589789,1584
85.16054,27.589786,1583
85.160532,27.589781,1583
85.160524,27.589773,1583
85.160514,27.589766,1583
85.160502,27.589761,1583
85.16049,27.589756,1583
85.160478,27.589749,1583
85.160467,27.589742,1583
85.160458,27.589735,1583
85.160451,27.589729,1583
85.160445,27.589724,1583
85.16044,27.589719,1583
85.16043,27.589701,1583
85.160428,27.589699,1583
85.160422,27.589694,1583
85.160412,27.589687,1582
85.160403,27.589677,1582
85.160393,27.589668,1582
85.160381,27.589658,1582
85.160369,27.589646,1582
85.160359,27.589634,1582
85.160351,27.589624,1582
85.160343,27.589613,1582
85.160337,27.589598,1582
85.160329,27.589583,1582
85.160319,27.589567,1582
85.160308,27.589553,1581
85.160296,27.589541,1581
85.160284,27.589529,1581
85.160271,27.589518,1581
85.16026,27.589505,1581
85.160248,27.589491,1581
85.160237,27.589478,1581
85.160226,27.589467,1581
85.160214,27.589457,1581
85.160205,27.589447,1580
85.160195,27.589437,1580
85.160184,27.589427,1580
85.160173,27.589416,1580
85.160163,27.589404,1580
85.160154,27.589392,1580
85.160145,27.58938,1580
85.160136,27.58937,1580
85.160128,27.589362,1580
85.160119,27.589356,1580
85.160109,27.589349,1580
85.160099,27.589341,1580
85.160088,27.58933,1579
85.160076,27.589321,1579
85.160062,27.589313,1579
85.160048,27.589309,1579
85.160035,27.589307,1579
85.160023,27.589305,1579
85.160011,27.589303,1579
85.159995,27.589301,1579
85.159982,27.589299,1579
85.15997,27.589298,1579
85.159956,27.589296,1579
85.159942,27.589294,1579
85.159928,27.589295,1578
85.159912,27.589296,1578
85.159896,27.589298,1578
85.159879,27.589303,1578
85.159858,27.589309,1578
85.159838,27.589318,1578
85.159816,27.589329,1578
85.159794,27.58934,1578
85.159773,27.589351,1577
85.159745,27.589364,1577
85.159732,27.58937,1577
85.15972,27.589375,1577
85.159708,27.589381,1577
85.159695,27.589387,1577
85.159677,27.589395,1577
85.159658,27.589402,1577
85.159639,27.589409,1577
85.15962,27.589414,1577
85.159585,27.58942,1576
85.159571,27.58942,1576
85.159556,27.58942,1576
85.159541,27.58942,1576
85.159526,27.589421,1576
85.159511,27.589421,1576
85.159496,27.589421,1576
85.159482,27.589422,1576
85.159467,27.589422,1576
85.159452,27.589422,1576
85.159437,27.589422,1575
85.159422,27.589423,1575
85.159407,27.589423,1575
85.159392,27.589423,1575
85.159378,27.589424,1575
85.159363,27.589424,1575
85.159348,27.589424,1575
85.159333,27.589425,1575
85.159318,27.589425,1575
85.159303,27.589425,1575
85.159289,27.589425,1575
85.159274,27.589426,1575
85.159259,27.589426,1575
85.159244,27.589426,1574
85.159229,27.589427,1574
85.159214,27.589427,1574
85.159199,27.589427,1574
85.159185,27.589428,1574
85.15917,27.589428,1574
85.159155,27.589428,1574
85.15914,27.589428,1574
85.159125,27.589429,1574
85.15911,27.589429,1574
85.159096,27.589429,1574
85.159081,27.58943,1574
85.159066,27.58943,1573
85.159053,27.589428,1573
85.15904,27.589426,1573
85.159027,27.589424,1573
85.159015,27.589424,1573
85.159002,27.589423,1573
85.158988,27.589423,1573
85.158971,27.589425,1573
85.158956,27.589428,1573
85.15894,27.589432,1573
85.158923,27.589437,1573
85.158904,27.589441,1573
85.158887,27.589445,1572
85.158871,27.589447,1572
85.158856,27.58945,1572
85.158842,27.589452,1572
85.158831,27.589455,1572
85.158822,27.589458,1572
85.158797,27.589462,1572
85.158793,27.589463,1572
85.158784,27.589464,1572
85.158772,27.589464,1572
85.158758,27.589466,1572
85.158742,27.589468,1572
85.158726,27.589471,1572
85.15871,27.589471,1572
85.158695,27.589474,1571
85.158677,27.589477,1571
85.158661,27.58948,1571
85.158646,27.589482,1571
85.158631,27.589483,1571
85.158615,27.589483,1571
85.158598,27.589483,1571
85.158583,27.589484,1571
85.158566,27.589483,1571
85.158549,27.589483,1571
85.158531,27.589484,1571
85.158514,27.589484,1570
85.158496,27.589486,1570
85.158476,27.589486,1570
85.158458,27.589486,1570
85.158442,27.589485,1570
85.158428,27.589483,1570
85.158414,27.589483,1570
85.158401,27.589483,1570
85.158389,27.589485,1570
85.158379,27.589486,1570
85.158371,27.589484,1570
85.158363,27.589484,1570
85.158355,27.589482,1570
85.158346,27.58948,1570
85.158334,27.58948,1569
85.158324,27.58948,1569
85.158313,27.58948,1569
85.158301,27.58948,1569
85.158288,27.58948,1569
85.158273,27.589481,1569
85.158257,27.589482,1569
85.158241,27.589484,1569
85.158212,27.589488,1569
85.158196,27.589491,1569
85.158181,27.589493,1569
85.158166,27.589496,1569
85.15815,27.589499,1568
85.158135,27.589502,1568
85.158119,27.589504,1568
85.158104,27.589507,1568
85.158088,27.58951,1568
85.158073,27.589512,1568
85.158057,27.589515,1568
85.158042,27.589518,1568
85.158026,27.58952,1568
85.158011,27.589523,1568
85.157995,27.589526,1568
85.15798,27.589529,1568
85.157964,27.589531,1567
85.157949,27.589534,1567
85.157934,27.589537,1567
85.157911,27.589535,1567
85.157903,27.589532,1567
85.157896,27.589528,1567
85.157888,27.589524,1567
85.157881,27.589521,1567
85.157873,27.589517,1567
85.157865,27.589514,1567
85.157858,27.58951,1567
85.15785,27.589507,1567
85.157843,27.589503,1567
85.157835,27.589499,1567
85.157828,27.589496,1567
85.15782,27.589492,1567
85.157813,27.589489,1567
85.157805,27.589485,1566
85.157798,27.589482,1566
85.15779,27.589478,1566
85.157783,27.589475,1566
85.157775,27.589471,1566
85.157768,27.589467,1566
85.15776,27.589464,1566
85.157752,27.58946,1566
85.157745,27.589457,1566
85.157737,27.589453,1566
85.15773,27.58945,1566
85.157722,27.589446,1566
85.157715,27.589443,1566
85.157707,27.589439,1566
85.1577,27.589435,1566
85.157692,27.589432,1566
85.157685,27.589428,1566
85.157677,27.589425,1566
85.15767,27.589421,1566
85.157662,27.589418,1566
85.157655,27.589414,1566
85.157647,27.58941,1565
85.15764,27.589407,1565
85.157632,27.589403,1565
85.157624,27.5894,1565
85.157617,27.589396,1565
85.157609,27.589393,1565
85.157602,27.589389,1565
85.157594,27.589386,1565
85.157587,27.589382,1565
85.157579,27.589378,1565
85.157572,27.589375,1565
85.157564,27.589371,1565
85.157557,27.589368,1565
85.157549,27.589364,1565
85.157542,27.589361,1565
85.157534,27.589357,1565
85.157527,27.589354,1565
85.157519,27.58935,1565
85.157511,27.589346,1565
85.157504,27.589343,1565
85.157496,27.589339,1565
85.157489,27.589336,1565
85.157481,27.589332,1564
85.157474,27.589329,1564
85.157466,27.589325,1564
85.157459,27.589322,1564
85.157451,27.589318,1564
85.157444,27.589314,1564
85.157436,27.589311,1564
85.157429,27.589307,1564
85.157421,27.589304,1564
85.157397,27.589291,1564
85.157386,27.589288,1564
85.157376,27.589285,1564
85.157365,27.589282,1564
85.157355,27.589279,1564
85.157344,27.589276,1564
85.157334,27.589273,1564
85.157323,27.58927,1564
85.157313,27.589267,1563
85.157302,27.589264,1563
85.157292,27.589261,1563
85.157281,27.589258,1563
85.157271,27.589255,1563
85.15726,27.589252,1563
85.15725,27.589249,1563
85.157239,27.589246,1563
85.157229,27.589243,1563
85.157218,27.58924,1563
85.157208,27.589237,1563
85.157197,27.589234,1563
85.157187,27.589231,1563
85.157176,27.589228,1563
85.157166,27.589225,1563
85.157155,27.589222,1563
85.157145,27.589219,1563
85.157134,27.589216,1562
85.157124,27.589213,1562
85.157113,27.58921,1562
85.157103,27.589207,1562
85.157092,27.589204,1562
85.157082,27.589201,1562
85.157071,27.589198,1562
85.157061,27.589195,1562
85.15705,27.589192,1562
85.15704,27.589189,1562
85.157023,27.589201,1562
85.156999,27.589218,1562
85.15699,27.589223,1562
85.156981,27.589229,1562
85.156966,27.589236,1561
85.15695,27.589242,1561
85.156934,27.58925,1561
85.156916,27.589257,1561
85.156898,27.589265,1561
85.156878,27.589276,1561
85.156859,27.589287,1561
85.156841,27.589297,1561
85.156823,27.589307,1561
85.156809,27.589314,1560
85.156797,27.589319,1560
85.156785,27.589322,1560
85.156772,27.589323,1560
85.156759,27.589325,1560
85.156744,27.58933,1560
85.15673,27.589336,1560
85.156718,27.589343,1560
85.156708,27.589349,1560
85.156697,27.589355,1560
85.156686,27.589362,1560
85.156677,27.589369,1560
85.156668,27.589377,1560
85.156658,27.589385,1560
85.156649,27.589392,1559
85.15664,27.589401,1559
85.156631,27.589409,1559
85.156622,27.589417,1559
85.156612,27.589426,1559
85.156602,27.589435,1559
85.156593,27.589444,1559
85.156584,27.589452,1559
85.156575,27.589461,1559
85.156567,27.58947,1559
85.156558,27.58948,1559
85.156548,27.589489,1559
85.15654,27.589498,1559
85.156532,27.589505,1558
85.156525,27.589513,1558
85.156518,27.58952,1558
85.156511,27.589528,1558
85.156505,27.589537,1558
85.156496,27.589546,1558
85.156486,27.589557,1558
85.156476,27.589567,1558
85.156466,27.589578,1558
85.156458,27.589587,1558
85.156451,27.589595,1558
85.156444,27.589604,1558
85.156436,27.589613,1558
85.156428,27.589623,1558
85.156418,27.589635,1557
85.156408,27.589647,1557
85.156398,27.589658,1557
85.156386,27.589669,1557
85.156372,27.589679,1557
85.156358,27.58969,1557
85.156345,27.589702,1557
85.156333,27.589714,1557
85.156321,27.589725,1557
85.156309,27.589736,1557
85.156297,27.589746,1557
85.156285,27.589756,1556
85.156273,27.589768,1556
85.156262,27.589779,1556
85.156251,27.589791,1556
85.156241,27.589802,1556
85.156233,27.589813,1556
85.156224,27.589822,1556
85.156206,27.58984,1556
85.156197,27.589849,1556
85.156188,27.589857,1556
85.156178,27.589866,1556
85.156169,27.589874,1555
85.156159,27.589883,1555
85.15615,27.589892,1555
85.15614,27.5899,1555
85.156131,27.589909,1555
85.156121,27.589917,1555
85.156112,27.589926,1555
85.156103,27.589934,1555
85.156093,27.589943,1555
85.156084,27.589951,1555
85.156074,27.58996,1555
85.156065,27.589968,1555
85.156055,27.589977,1555
85.156046,27.589986,1555
85.156036,27.589994,1554
85.156027,27.590003,1554
85.156017,27.590011,1554
85.156008,27.59002,1554
85.155999,27.590028,1554
85.155989,27.590037,1554
85.15598,27.590045,1554
85.15597,27.590054,1554
85.155961,27.590063,1554
85.155951,27.590071,1554
85.155942,27.59008,1554
85.155932,27.590088,1554
85.155923,27.590097,1554
85.155914,27.590105,1554
85.155904,27.590114,1553
85.155895,27.590122,1553
85.155885,27.590131,1553
85.155876,27.590139,1553
85.155866,27.590148,1553
85.155857,27.590157,1553
85.155847,27.590165,1553
85.155838,27.590174,1553
85.155829,27.590182,1553
85.155819,27.590191,1553
85.15581,27.590199,1553
85.1558,27.590208,1553
85.155791,27.590216,1553
85.155781,27.590225,1552
85.155772,27.590233,1552
85.155762,27.590242,1552
85.155753,27.590251,1552
85.155743,27.590259,1552
85.155733,27.590269,1552
85.155722,27.590278,1552
85.15571,27.590288,1552
85.155698,27.590297,1552
85.155685,27.590306,1552
85.155672,27.590316,1552
85.15566,27.590327,1552
85.155648,27.590338,1551
85.155636,27.590349,1551
85.155623,27.590362,1551
85.155612,27.590373,1551
85.155601,27.590385,1551
85.15559,27.590398,1551
85.15558,27.590409,1551
85.155573,27.590418,1551
85.155565,27.590425,1551
85.155557,27.590432,1551
85.155547,27.59044,1551
85.155538,27.590449,1551
85.155528,27.590459,1550
85.155518,27.590468,1550
85.155508,27.590478,1550
85.155497,27.590489,1550
85.155486,27.5905,1550
85.155475,27.590512,1550
85.155465,27.590525,1550
85.155456,27.590537,1550
85.155446,27.590549,1550
85.155435,27.590561,1550
85.155425,27.590572,1550
85.155415,27.590582,1550
85.155405,27.590592,1549
85.155395,27.590601,1549
85.155385,27.59061,1549
85.155374,27.590621,1549
85.155363,27.590631,1549
85.155352,27.59064,1549
85.155342,27.59065,1549
85.15533,27.59066,1549
85.155318,27.59067,1549
85.155306,27.590681,1549
85.155295,27.590692,1549
85.155283,27.590704,1548
85.155272,27.590714,1548
85.155259,27.590726,1548
85.155247,27.590738,1548
85.155236,27.590749,1548
85.155224,27.59076,1548
85.155212,27.590771,1548
85.155201,27.590781,1548
85.155191,27.590791,1548
85.15518,27.590801,1548
85.15516,27.59082,1548
85.15515,27.59083,1547
85.15514,27.59084,1547
85.15513,27.59085,1547
85.15512,27.59086,1547
85.15511,27.59087,1547
85.1551,27.59088,1547
85.15509,27.59089,1547
85.155068,27.590909,1547
85.155057,27.590915,1547
85.155047,27.590922,1547
85.155036,27.590928,1547
85.155026,27.590935,1546
85.155015,27.590941,1546
85.155005,27.590948,1546
85.154994,27.590954,1546
85.154984,27.59096,1546
85.154973,27.590967,1546
85.154963,27.590973,1546
85.154952,27.59098,1546
85.154942,27.590986,1546
85.154931,27.590993,1546
85.154921,27.590999,1546
85.154911,27.591005,1546
85.1549,27.591012,1546
85.15489,27.591018,1546
85.154879,27.591025,1546
85.154869,27.591031,1545
85.154858,27.591038,1545
85.154848,27.591044,1545
85.154837,27.59105,1545
85.154827,27.591057,1545
85.154816,27.591063,1545
85.154806,27.59107,1545
85.154795,27.591076,1545
85.154785,27.591083,1545
85.154774,27.591089,1545
85.154764,27.591095,1545
85.154753,27.591102,1545
85.154743,27.591108,1545
85.154732,27.591115,1545
85.154722,27.591121,1544
85.154711,27.591128,1544
85.154701,27.591134,1544
85.15469,27.59114,1544
85.15468,27.591147,1544
85.154669,27.591153,1544
85.154659,27.59116,1544
85.154648,27.591166,1544
85.154638,27.591173,1544
85.154627,27.591179,1544
85.154617,27.591186,1544
85.154606,27.591192,1544
85.154596,27.591198,1544
85.154585,27.591205,1544
85.154575,27.591211,1544
85.154564,27.591218,1543
85.154554,27.591224,1543
85.154543,27.591231,1543
85.154533,27.591237,1543
85.154522,27.591243,1543
85.154512,27.59125,1544
85.154501,27.591256,1544
85.154491,27.591263,1544
85.15448,27.591269,1544
85.15447,27.591276,1545
85.154459,27.591282,1545
85.154449,27.591288,1545
85.154438,27.591295,1545
85.154439,27.591292,1545
85.15444,27.591299,1545
85.15444,27.591306,1545
85.154441,27.591314,1545
85.154441,27.591321,1545
85.154442,27.591328,1545
85.154443,27.591336,1546
85.154443,27.591343,1546
85.154444,27.59135,1546
85.154445,27.591357,1546
85.154445,27.591365,1546
85.154446,27.591372,1546
85.154446,27.591379,1546
85.154447,27.591387,1546
85.154448,27.591394,1546
85.154448,27.591401,1546
85.154449,27.591409,1547
85.154452,27.591423,1547
85.154453,27.591436,1547
85.154454,27.59145,1547
85.154455,27.591462,1547
85.154456,27.591476,1547
85.154456,27.591489,1547
85.154456,27.591501,1547
85.154455,27.591511,1547
85.154452,27.59152,1547
85.154446,27.591529,1547
85.154438,27.591538,1547
85.154428,27.591547,1548
85.154417,27.591556,1548
85.154406,27.591565,1548
85.154386,27.591578,1548
85.154365,27.59159,1549
85.154348,27.591603,1549
85.154333,27.591614,1550
85.154324,27.591623,1550
85.154316,27.59163,1550
85.154307,27.591638,1550
85.154299,27.591647,1551
85.154291,27.591657,1551
85.154284,27.591667,1551
85.154277,27.591678,1550
85.15427,27.591689,1550
85.154264,27.591702,1550
85.154259,27.591715,1550
85.154255,27.591727,1552
85.154251,27.591741,1552
85.154248,27.591756,1552
85.154244,27.591772,1552
85.154241,27.591788,1552
85.15424,27.591802,1552
85.154239,27.591815,1552
85.15424,27.59183,1551
85.15424,27.591846,1551
85.154239,27.591861,1551
85.154238,27.591874,1551
85.154235,27.591888,1551
85.154232,27.591903,1551
85.154226,27.591919,1551
85.15422,27.591935,1551
85.154214,27.591949,1551
85.154209,27.591962,1552
85.154204,27.591975,1552
85.154199,27.59199,1551
85.154194,27.592004,1551
85.15419,27.592017,1551
85.154186,27.592029,1551
85.154184,27.592039,1551
85.15418,27.592049,1551
85.154177,27.592061,1550
85.154174,27.592073,1550
85.154171,27.592086,1550
85.154167,27.592097,1552
85.154163,27.592108,1552
85.154158,27.592121,1552
85.154153,27.592134,1551
85.154148,27.592149,1551
85.154142,27.592163,1551
85.154137,27.592176,1551
85.154131,27.592188,1551
85.154126,27.5922,1552
85.15412,27.592213,1552
85.154114,27.592225,1552
85.154107,27.592236,1552
85.154099,27.592247,1553
85.154091,27.592256,1553
85.154083,27.592265,1554
85.154076,27.592273,1554
85.15407,27.59228,1554
85.154063,27.592287,1555
85.154056,27.592293,1555
85.15404,27.592298,1556
85.154033,27.5923,1556
85.154025,27.592302,1556
85.154017,27.592305,1556
85.15401,27.592307,1556
85.154002,27.592309,1556
85.153995,27.592311,1558
85.153987,27.592313,1558
85.15398,27.592315,1558
85.153972,27.592318,1558
85.153965,27.59232,1558
85.153957,27.592322,1559
85.15395,27.592324,1560
85.153942,27.592326,1560
85.153935,27.592328,1560
85.153927,27.592331,1560
85.15392,27.592333,1560
85.153912,27.592335,1562
85.153905,27.592337,1562
85.153897,27.592339,1562
85.153889,27.592341,1562
85.153882,27.592344,1562
85.153874,27.592346,1562
85.153867,27.592348,1564
85.153859,27.59235,1564
85.153852,27.592352,1564
85.153844,27.592354,1564
85.153837,27.592357,1564
85.153829,27.592359,1564
85.153822,27.592361,1566
85.153814,27.592363,1566
85.153807,27.592365,1566
85.153799,27.592367,1566
85.153792,27.59237,1566
85.153784,27.592372,1567
85.153777,27.592374,1567
85.153769,27.592376,1567
85.153761,27.592378,1567
85.153754,27.59238,1567
85.153746,27.592383,1567
85.153739,27.592385,1569
85.153731,27.592387,1569
85.153724,27.592389,1569
85.153716,27.592391,1569
85.153709,27.592393,1569
85.153701,27.592399,1569
85.153699,27.592399,1569
85.153697,27.592399,1571
85.153694,27.5924,1571
85.153692,27.5924,1571
85.15369,27.5924,1571
85.153688,27.5924,1571
85.153685,27.592401,1571
85.153683,27.592401,1571
85.153681,27.592401,1571
85.153679,27.592401,1571
85.153677,27.592402,1571
85.153674,27.592402,1571
85.153672,27.592402,1571
85.15367,27.592402,1571
85.153668,27.592403,1571
85.153665,27.592403,1571
85.153663,27.592403,1571
85.153661,27.592403,1571
85.153659,27.592403,1571
85.153656,27.592404,1572
85.153654,27.592404,1573
85.153652,27.592404,1573
85.15365,27.592404,1573
85.153647,27.592405,1573
85.153645,27.592405,1573
85.153643,27.592405,1574
85.153641,27.592405,1574
85.153638,27.592406,1574
85.153636,27.592406,1574
85.153634,27.592406,1575
85.153632,27.592406,1575
85.15363,27.592406,1575
85.153627,27.592407,1575
85.153625,27.592407,1576
85.153623,27.592407,1576
85.153621,27.592407,1576
85.153628,27.592411,1576
85.153628,27.592414,1577
85.153629,27.592417,1577
85.153629,27.59242,1577
85.15363,27.592423,1577
85.15363,27.592426,1578
85.153631,27.592429,1578
85.153631,27.592432,1578
85.153632,27.592434,1578
85.153632,27.592437,1579
85.153632,27.59244,1579
85.153633,27.592443,1579
85.153633,27.592446,1580
85.153634,27.592449,1580
85.153634,27.592452,1580
85.153635,27.592455,1580
85.153635,27.592458,1581
85.153636,27.592461,1581
85.153636,27.592464,1581
85.153636,27.592467,1581
85.153637,27.59247,1582
85.153637,27.592473,1582
85.153638,27.592476,1582
85.153638,27.592479,1583
85.153639,27.592481,1583
85.153639,27.592484,1583
85.15364,27.592487,1583
85.153646,27.592495,1584
85.15365,27.5925,1584
85.153653,27.592505,1584
85.153657,27.59251,1583
85.153661,27.592514,1584
85.153664,27.592519,1585
85.153668,27.592524,1585
85.153671,27.592529,1585
85.153675,27.592533,1585
85.153679,27.592538,1586
85.153682,27.592543,1586
85.153686,27.592548,1586
85.153689,27.592553,1588
85.153693,27.592557,1588
85.153697,27.592562,1588
85.1537,27.592567,1588
85.153704,27.592572,1588
85.153707,27.592576,1588
85.153711,27.592581,1588
85.153715,27.592586,1589
85.153718,27.592591,1590
85.153722,27.592595,1590
85.153726,27.5926,1591
85.153729,27.592605,1591
85.153733,27.59261,1591
85.153736,27.592614,1591
85.15374,27.592619,1592
85.153744,27.592624,1591
85.153747,27.592629,1593
85.153751,27.592633,1593
85.153761,27.592649,1593
85.153768,27.592656,1594
85.153775,27.592663,1594
85.153782,27.592669,1596
85.153789,27.592676,1595
85.153797,27.592683,1596
85.153804,27.59269,1596
85.153811,27.592697,1596
85.153818,27.592704,1598
85.153826,27.59271,1598
85.153833,27.592717,1598
85.15384,27.592724,1598
85.153847,27.592731,1598
85.153854,27.592738,1599
85.153862,27.592745,1600
85.153869,27.592751,1601
85.153876,27.592758,1600
85.153883,27.592765,1601
85.15389,27.592772,1601
85.153898,27.592779,1603
85.153905,27.592786,1603
85.153912,27.592792,1603
85.153919,27.592799,1602
85.153926,27.592806,1602
85.153934,27.592813,1603
85.153941,27.59282,1605
85.153948,27.592827,1605
85.153955,27.592833,1605
85.153963,27.59284,1602
85.15397,27.592847,1602
85.153977,27.592854,1602
85.153984,27.592861,1604
85.153991,27.592868,1604
85.153999,27.592874,1604
85.154006,27.592881,1602
85.154013,27.592888,1602
85.15402,27.592895,1603
85.154027,27.592902,1603
85.154035,27.592908,1603
85.154042,27.592915,1603
85.154049,27.592922,1601
85.154056,27.592929,1601
85.154064,27.592936,1602
85.154071,27.592943,1602
85.154078,27.592949,1602
85.154085,27.592956,1602
85.154092,27.592963,1600
85.1541,27.59297,1601
85.154107,27.592977,1601
85.154114,27.592984,1601
85.154121,27.59299,1601
85.154128,27.592997,1601
85.154136,27.593004,1599
85.154143,27.593011,1600
85.15415,27.593018,1600
85.154157,27.593025,1600
85.154164,27.593031,1600
85.154172,27.593038,1598
85.154179,27.593045,1599
85.154186,27.593052,1599
85.154192,27.59306,1599
85.154197,27.593068,1599
85.154203,27.593076,1599
85.154208,27.593083,1600
85.154213,27.593087,1600
85.15422,27.593092,1598
85.154226,27.593098,1598
85.154232,27.593104,1598
85.154237,27.593109,1598
85.154242,27.593114,1598
85.154246,27.593118,1598
85.154251,27.593121,1599
85.154257,27.593124,1597
85.154263,27.593127,1597
85.154269,27.593131,1597
85.154275,27.593134,1597
85.154281,27.593137,1597
85.154287,27.593141,1597
85.154295,27.593143,1597
85.154304,27.593146,1595
85.154311,27.593149,1595
85.154317,27.593153,1595
85.154322,27.593158,1595
85.154325,27.593165,1596
85.154327,27.593172,1596
85.15433,27.593179,1596
85.154334,27.593187,1596
85.15434,27.593193,1596
85.154351,27.5932,1596
85.154363,27.593207,1596
85.154373,27.593217,1596
85.154381,27.593226,1596
85.154388,27.593234,1594
85.154392,27.593241,1596
85.154398,27.593248,1596
85.154403,27.593256,1596
85.154408,27.593264,1596
85.154413,27.593272,1596
85.154419,27.593279,1597
85.154425,27.593287,1597
85.154431,27.593295,1596
85.154437,27.593302,1596
85.154444,27.593309,1596
85.154452,27.593316,1597
85.154459,27.593324,1597
85.154467,27.593332,1597
85.154475,27.593339,1597
85.154484,27.593346,1597
85.154493,27.593354,1599
85.154501,27.59336,1599
85.15451,27.593366,1599
85.154517,27.593374,1598
85.154525,27.593381,1598
85.154534,27.593389,1600
85.154542,27.593397,1600
85.154551,27.593405,1600
85.15456,27.593412,1600
85.154569,27.59342,1600
85.154578,27.593427,1602
85.154587,27.593435,1602
85.154597,27.593444,1602
85.15461,27.593449,1602
85.154621,27.593455,1602
85.154633,27.59346,1602
85.154643,27.593465,1605
85.154656,27.59347,1606
85.154669,27.593474,1606
85.154681,27.593478,1606
85.154693,27.593482,1606
85.154704,27.593488,1606
85.154715,27.593495,1606
85.154727,27.593502,1609
85.154739,27.593511,1610
85.15475,27.593518,1610
85.15476,27.593525,1610
85.154771,27.593532,1610
85.154782,27.59354,1614
85.154792,27.593548,1614
85.154808,27.593558,1614
85.154813,27.593561,1614
85.154818,27.593564,1614
85.154824,27.593567,1614
85.154829,27.593571,1614
85.154834,27.593574,1614
85.15484,27.593577,1617
85.154845,27.59358,1617
85.15485,27.593583,1617
85.154856,27.593587,1617
85.154861,27.59359,1617
85.154866,27.593593,1617
85.154872,27.593596,1617
85.154877,27.5936,1617
85.154882,27.593603,1617
85.154887,27.593606,1617
85.154893,27.593609,1617
85.154898,27.593612,1617
85.154903,27.593616,1620
85.154909,27.593619,1620
85.154914,27.593622,1620
85.154919,27.593625,1620
85.154925,27.593629,1620
85.15493,27.593632,1620
85.154935,27.593635,1620
85.154941,27.593638,1620
85.154946,27.593641,1620
85.154951,27.593645,1620
85.154957,27.593648,1620
85.154962,27.593651,1620
85.154967,27.593654,1623
85.154973,27.593657,1623
85.154978,27.593661,1623
85.154983,27.593664,1623
85.154989,27.593667,1622
85.154994,27.59367,1622
85.154999,27.593674,1622
85.155004,27.593677,1622
85.15501,27.59368,1622
85.155015,27.593683,1622
85.15502,27.593686,1622
85.155026,27.59369,1622
85.155031,27.593693,1624
85.155036,27.593696,1624
85.155042,27.593699,1624
85.155047,27.593702,1624
85.155052,27.593706,1624
85.155058,27.593709,1624
85.155063,27.593712,1624
85.155068,27.593715,1624
85.155074,27.593719,1624
85.155079,27.593722,1624
85.155084,27.593725,1624
85.15509,27.593728,1624
85.155095,27.593731,1627
85.1551,27.593735,1627
85.155106,27.593738,1627
85.155111,27.593741,1627
85.155116,27.593744,1626
85.155121,27.593747,1626
85.155127,27.593751,1626
85.155132,27.593754,1626
85.155137,27.593757,1626
85.155143,27.59376,1626
85.155148,27.593764,1626
85.155153,27.593767,1629
85.155159,27.59377,1627
85.155164,27.593773,1627
85.155169,27.593776,1627
85.155175,27.59378,1627
85.15518,27.593783,1627
85.155185,27.593786,1627
85.155191,27.593789,1627
85.155196,27.593793,1627
85.155201,27.593796,1626
85.155207,27.593799,1626
85.155212,27.593802,1626
85.155217,27.593805,1629
85.155223,27.593809,1629
85.155228,27.593812,1629
85.155233,27.593815,1629
85.155238,27.593818,1629
85.155238,27.593824,1629
85.155244,27.593826,1628
85.15525,27.593829,1628
85.155256,27.593831,1628
85.155262,27.593833,1628
85.155268,27.593836,1628
85.155274,27.593838,1628
85.15528,27.593841,1628
85.155286,27.593843,1631
85.155292,27.593846,1631
85.155298,27.593848,1631
85.155304,27.593851,1631
85.15531,27.593853,1631
85.155316,27.593855,1631
85.155322,27.593858,1631
85.155328,27.59386,1631
85.155334,27.593863,1631
85.15534,27.593865,1631
85.155346,27.593868,1631
85.155352,27.59387,1631
85.155358,27.593873,1631
85.155364,27.593875,1631
85.15537,27.593877,1631
85.155376,27.59388,1631
85.155382,27.593882,1633
85.155387,27.593885,1633
85.155393,27.593887,1633
85.155399,27.59389,1633
85.155405,27.593892,1633
85.155411,27.593895,1633
85.155417,27.593897,1633
85.155423,27.593899,1633
85.155429,27.593902,1633
85.155435,27.593904,1633
85.155441,27.593907,1633
85.155447,27.593909,1633
85.155453,27.593912,1633
85.155459,27.593914,1634
85.155465,27.593917,1634
85.155471,27.593919,1637
85.155477,27.593921,1637
85.155483,27.593924,1637
85.155489,27.593926,1637
85.155495,27.593929,1637
85.155501,27.593931,1637
85.155507,27.593934,1637
85.155513,27.593936,1637
85.155519,27.593939,1637
85.155525,27.593941,1637
85.155531,27.593943,1637
85.155537,27.593946,1637
85.155543,27.593948,1637
85.155548,27.593951,1637
85.155554,27.593953,1637
85.15556,27.593956,1637
85.155566,27.593958,1640
85.155572,27.593961,1640
85.155578,27.593963,1640
85.155584,27.593965,1640
85.15559,27.593968,1640
85.155596,27.59397,1640
85.155602,27.593973,1640
85.155608,27.593975,1640
85.155614,27.593978,1640
85.15562,27.59398,1640
85.155626,27.593983,1640
85.155632,27.593985,1640
85.155638,27.593987,1640
85.155644,27.59399,1640
85.15565,27.593992,1640
85.155656,27.593995,1640
85.155662,27.593997,1643
85.155668,27.594,1643
85.155674,27.594002,1643
85.15568,27.594005,1643
85.155686,27.594007,1643
85.155692,27.594009,1643
85.155698,27.594012,1643
85.155711,27.594019,1643
85.155728,27.594028,1643
85.155732,27.59403,1643
85.155737,27.594033,1643
85.155741,27.594036,1646
85.155745,27.594039,1646
85.15575,27.594042,1646
85.155754,27.594045,1646
85.155758,27.594048,1646
85.155763,27.594051,1646
85.155767,27.594054,1646
85.155771,27.594057,1646
85.155776,27.59406,1646
85.15578,27.594063,1646
85.155784,27.594066,1646
85.155789,27.594068,1646
85.155793,27.594071,1646
85.155797,27.594074,1649
85.155802,27.594077,1649
85.155806,27.59408,1649
85.15581,27.594083,1649
85.155815,27.594086,1649
85.155819,27.594089,1649
85.155823,27.594092,1649
85.155827,27.594095,1649
85.155832,27.594098,1649
85.155836,27.594101,1649
85.15584,27.594104,1649
85.155845,27.594107,1649
85.155849,27.594109,1649
85.155853,27.594112,1652
85.155858,27.594115,1652
85.155862,27.594118,1652
85.155866,27.594121,1652
85.155871,27.594124,1652
85.155875,27.594127,1652
85.155879,27.59413,1652
85.155884,27.594133,1652
85.155888,27.594136,1653
85.155892,27.594139,1653
85.155897,27.594142,1653
85.155901,27.594145,1653
85.155905,27.594148,1656
85.15591,27.59415,1656
85.155914,27.594153,1656
85.155918,27.594156,1656
85.155923,27.594159,1656
85.155927,27.594162,1656
85.155931,27.594165,1656
85.155935,27.594168,1656
85.15594,27.594171,1656
85.155944,27.594174,1656
85.155948,27.594177,1656
85.155953,27.59418,1656
85.155957,27.594183,1656
85.155945,27.594186,1659
85.15594,27.594188,1659
85.155936,27.594189,1659
85.155931,27.594191,1659
85.155926,27.594192,1659
85.155922,27.594193,1659
85.155917,27.594195,1659
85.155912,27.594196,1659
85.155907,27.594198,1659
85.155903,27.594199,1659
85.155898,27.594201,1659
85.155893,27.594202,1659
85.155889,27.594203,1659
85.155884,27.594205,1658
85.155879,27.594206,1658
85.155875,27.594208,1658
85.15587,27.594209,1658
85.155865,27.59421,1658
85.155861,27.594212,1658
85.155856,27.594213,1658
85.155851,27.594215,1658
85.155846,27.594216,1658
85.155842,27.594218,1658
85.155837,27.594219,1658
85.155832,27.59422,1658
85.155828,27.594222,1658
85.155823,27.594223,1658
85.155818,27.594225,1661
85.155814,27.594226,1661
85.155809,27.594227,1661
85.155804,27.594229,1661
85.155799,27.59423,1661
85.155795,27.594232,1661
85.15579,27.594233,1661
85.155785,27.594235,1661
85.155781,27.594236,1661
85.155776,27.594237,1661
85.155771,27.594239,1661
85.155767,27.59424,1661
85.155762,27.594242,1661
85.155757,27.594243,1661
85.155753,27.594244,1661
85.155748,27.594246,1661
85.155743,27.594247,1661
85.155738,27.594249,1661
85.155734,27.59425,1661
85.155729,27.594251,1661
85.155724,27.594253,1661
85.15572,27.594254,1661
85.155715,27.594256,1662
85.15571,27.594257,1662
85.155706,27.594259,1662
85.155701,27.59426,1662
85.155696,27.594261,1662
85.155691,27.594263,1665
85.155687,27.594264,1665
85.155682,27.594266,1665
85.155677,27.594267,1665
85.155673,27.594268,1665
85.155668,27.59427,1665
85.155662,27.594272,1665
85.155656,27.594273,1665
85.155649,27.594273,1665
85.155642,27.594273,1665
85.155635,27.594274,1665
85.155628,27.594276,1666
85.155623,27.594277,1666
85.155619,27.59428,1666
85.155606,27.594283,1666
85.155608,27.594278,1666
85.15561,27.594276,1666
85.155611,27.594268,1666
85.155616,27.594269,1666
85.155617,27.594269,1666
85.15562,27.59427,1666
85.155624,27.594272,1666
85.155628,27.594274,1666
85.155633,27.594277,1665
85.155638,27.59428,1665
85.155642,27.594284,1665
85.155647,27.594287,1665
85.155653,27.594291,1665
85.155658,27.594294,1665
85.155664,27.594299,1665
85.15567,27.594305,1669
85.155676,27.594311,1669
85.155682,27.594317,1669
85.155689,27.594323,1669
85.155697,27.594329,1669
85.155706,27.594334,1669
85.155714,27.594336,1669
85.155723,27.594339,1672
85.155732,27.594342,1672
85.155741,27.594344,1672
85.155749,27.594346,1672
85.155758,27.594348,1672
85.155767,27.594351,1671
85.155775,27.594354,1671
85.155784,27.594357,1671
85.155794,27.594361,1671
85.155803,27.594365,1671
85.155812,27.59437,1671
85.155823,27.594374,1671
85.155835,27.594377,1674
85.155847,27.59438,1673
85.15586,27.594381,1673
85.155873,27.594381,1673
85.155886,27.594381,1673
85.155899,27.594382,1673
85.155912,27.594385,1673
85.155924,27.594388,1673
85.155936,27.594393,1673
85.155946,27.594396,1673
85.155956,27.594398,1673
85.155967,27.594399,1673
85.155978,27.594401,1673
85.15599,27.594403,1673
85.156003,27.594409,1673
85.156015,27.594414,1675
85.156025,27.594419,1675
85.156035,27.594422,1675
85.156043,27.594425,1675
85.156051,27.594429,1675
85.156059,27.594431,1675
85.156067,27.594435,1674
85.156075,27.594437,1674
85.156082,27.59444,1674
85.156089,27.594443,1674
85.156096,27.594446,1674
85.156105,27.594449,1674
85.156114,27.594453,1676
85.156124,27.594456,1676
85.156133,27.59446,1676
85.156141,27.594464,1676
85.156149,27.594469,1676
85.156157,27.594473,1676
85.156165,27.594477,1676
85.156172,27.594482,1676
85.156179,27.594487,1676
85.156186,27.594492,1678
85.156192,27.594498,1677
85.156198,27.594502,1677
85.156204,27.594506,1677
85.156209,27.594509,1677
85.156216,27.594513,1677
85.156224,27.594517,1677
85.156233,27.594522,1677
85.156244,27.594527,1677
85.156254,27.594531,1679
85.156263,27.594534,1679
85.156272,27.594537,1679
85.156281,27.594541,1678
85.15629,27.594545,1678
85.156301,27.594549,1678
85.156313,27.594554,1678
85.156326,27.594558,1678
85.156341,27.594563,1678
85.156355,27.594569,1680
85.156366,27.594574,1679
85.156376,27.594581,1679
85.156384,27.594589,1679
85.156394,27.594597,1679
85.156411,27.594605,1681
85.156417,27.594606,1681
85.156423,27.594607,1681
85.156429,27.594608,1681
85.156435,27.59461,1681
85.156441,27.594611,1681
85.156448,27.594612,1680
85.156454,27.594613,1680
85.15646,27.594614,1680
85.156466,27.594615,1680
85.156472,27.594616,1680
85.156478,27.594617,1680
85.156484,27.594618,1680
85.156491,27.594619,1680
85.156497,27.59462,1680
85.156503,27.594621,1680
85.15651,27.59463,1680
85.156514,27.594638,1680
85.156518,27.594645,1681
85.156522,27.594653,1681
85.156526,27.594661,1681
85.15653,27.594669,1681
85.156533,27.594676,1681
85.156537,27.594684,1681
85.156541,27.594692,1681
85.156545,27.5947,1681
85.156549,27.594707,1681
85.156553,27.594715,1681
85.156556,27.594723,1682
85.15656,27.594731,1682
85.156564,27.594738,1682
85.156568,27.594746,1682
85.156572,27.594754,1682
85.156576,27.594762,1682
85.15658,27.594769,1682
85.156583,27.594777,1682
85.156587,27.594785,1682
85.156591,27.594793,1682
85.156595,27.5948,1683
85.156599,27.594808,1683
85.156603,27.594816,1683
85.156607,27.594824,1683
85.15661,27.594831,1683
85.156614,27.594839,1683
85.156618,27.594847,1682
85.156622,27.594855,1682
85.156626,27.594862,1682
85.15663,27.59487,1683
85.156633,27.594878,1683
85.156637,27.594886,1683
85.156641,27.594893,1683
85.156645,27.594901,1683
85.156649,27.594909,1683
85.156653,27.594917,1683
85.156657,27.594924,1683
85.15666,27.594932,1683
85.15666,27.594937,1683
85.156659,27.594943,1683
85.156659,27.594949,1684
85.156659,27.594955,1684
85.15666,27.594962,1684
85.156661,27.59497,1682
85.156663,27.594978,1682
85.156666,27.594986,1682
85.156668,27.594993,1682
85.156669,27.595002,1682
85.15667,27.59501,1682
85.15667,27.595019,1682
85.156671,27.595028,1682
85.156672,27.595037,1682
85.156673,27.595047,1682
85.156676,27.595057,1682
85.15668,27.595066,1683
85.156686,27.595075,1683
85.156693,27.595083,1683
85.156701,27.595091,1683
85.156708,27.595098,1680
85.156715,27.595105,1680
85.156721,27.595114,1680
85.156727,27.595124,1680
85.156734,27.595132,1680
85.156741,27.595139,1681
85.156748,27.595147,1679
85.156755,27.595154,1679
85.156762,27.595165,1679
85.156771,27.595175,1680
85.156777,27.595188,1680
85.156783,27.5952,1680
85.156789,27.595212,1677
85.156795,27.595222,1678
85.1568,27.595232,1678
85.156805,27.595241,1678
85.15681,27.595251,1679
85.156813,27.595261,1679
85.156816,27.595269,1679
85.156819,27.595276,1679
85.15682,27.595282,1679
85.156822,27.595289,1680
85.156823,27.595297,1680
85.156826,27.595307,1680
85.156833,27.595318,1678
85.156839,27.595332,1679
85.156847,27.595343,1679
85.156857,27.595353,1679
85.156868,27.595362,1679
85.156877,27.595369,1678
85.156884,27.595378,1678
85.156891,27.595388,1678
85.156895,27.595398,1678
85.156898,27.595406,1680
85.156902,27.595425,1680
85.1569,27.595426,1680
85.156898,27.595426,1680
85.156899,27.595429,1680
85.156904,27.595434,1680
85.156904,27.595435,1680
85.156904,27.595438,1680
85.156903,27.595444,1683
85.156904,27.595453,1683
85.156906,27.595464,1683
85.156909,27.595473,1683
85.156914,27.595482,1685
85.156921,27.595489,1683
85.156928,27.595498,1683
85.156934,27.595508,1683
85.15694,27.59552,1686
85.156946,27.59553,1686
85.156953,27.595539,1686
85.15696,27.595548,1686
85.156967,27.595557,1686
85.156973,27.595568,1686
85.156978,27.595578,1686
85.156984,27.595588,1686
85.15699,27.595598,1689
85.156998,27.595608,1689
85.157003,27.595618,1689
85.157007,27.595628,1687
85.15701,27.595638,1689
85.157013,27.595647,1689
85.157016,27.595656,1689
85.15702,27.595664,1689
85.157024,27.595673,1691
85.157028,27.595685,1691
85.157032,27.595697,1691
85.157038,27.59571,1694
85.157047,27.595722,1692
85.157059,27.595733,1692
85.157073,27.595745,1694
85.15709,27.595757,1692
85.157112,27.595771,1692
85.157119,27.595775,1692
85.157125,27.59578,1692
85.157132,27.595785,1695
85.157138,27.595789,1693
85.157145,27.595794,1693
85.157151,27.595798,1693
85.157157,27.595803,1693
85.157164,27.595807,1693
85.15717,27.595812,1693
85.157177,27.595816,1691
85.157183,27.595821,1693
85.15719,27.595825,1693
85.157196,27.59583,1693
85.157203,27.595834,1693
85.157209,27.595839,1693
85.157215,27.595844,1693
85.157222,27.595848,1692
85.157228,27.595853,1692
85.157235,27.595857,1692
85.157241,27.595862,1694
85.157248,27.595866,1694
85.157254,27.595871,1694
85.157261,27.595875,1692
85.157267,27.59588,1692
85.157273,27.595884,1692
85.15728,27.595889,1692
85.157286,27.595894,1692
85.157293,27.595898,1694
85.157299,27.595903,1694
85.157306,27.595907,1692
85.157312,27.595912,1692
85.157318,27.595916,1692
85.157325,27.595921,1692
85.157331,27.595925,1692
85.157338,27.59593,1692
85.157344,27.595934,1692
85.157351,27.595939,1693
85.157357,27.595944,1693
85.157364,27.595948,1693
85.15737,27.595953,1693
85.157376,27.595957,1693
85.157383,27.595962,1693
85.157389,27.595966,1693
85.157396,27.595971,1691
85.157402,27.595975,1693
85.157409,27.59598,1693
85.157415,27.595984,1693
85.157422,27.595989,1693
85.157428,27.595994,1693
85.157434,27.595998,1691
85.157441,27.596003,1691
85.157447,27.596007,1691
85.157454,27.596012,1693
85.15746,27.596016,1693
85.157467,27.596021,1693
85.157473,27.596025,1693
85.157479,27.59603,1691
85.157486,27.596034,1691
85.157492,27.596039,1691
85.157499,27.596043,1691
85.157505,27.596048,1691
85.157512,27.596053,1693
85.157518,27.596057,1693
85.157525,27.596062,1691
85.157531,27.596066,1691
85.157537,27.596071,1691
85.157544,27.596075,1691
85.15755,27.59608,1691
85.157557,27.596084,1691
85.157563,27.596089,1691
85.15757,27.596093,1691
85.157576,27.596098,1691
85.157583,27.596103,1691
85.157589,27.596107,1691
85.157598,27.596106,1691
85.157602,27.596108,1691
85.157608,27.596112,1689
85.157617,27.596117,1689
85.157627,27.596124,1689
85.157638,27.596133,1691
85.15765,27.596142,1690
85.157663,27.596151,1690
85.157675,27.596159,1690
85.157684,27.596164,1691
85.157693,27.59617,1689
85.157702,27.596176,1689
85.157712,27.596181,1689
85.157724,27.596188,1689
85.157737,27.596196,1687
85.157753,27.596205,1689
85.157769,27.596214,1689
85.157785,27.596224,1687
85.157799,27.596232,1687
85.157811,27.596243,1690
85.157821,27.596253,1688
85.157828,27.596265,1688
85.157834,27.596277,1688
85.157838,27.596288,1690
85.157843,27.596298,1690
85.157848,27.596308,1690
85.157854,27.596319,1692
85.15786,27.596332,1692
85.157866,27.596344,1690
85.157873,27.596355,1693
85.157879,27.596368,1693
85.157885,27.596382,1693
85.157891,27.596396,1695
85.157897,27.59641,1695
85.157903,27.596422,1695
85.157908,27.596431,1695
85.157913,27.596437,1695
85.157918,27.596445,1695
85.157924,27.596452,1695
85.157932,27.59646,1695
85.157942,27.596466,1695
85.157952,27.596474,1695
85.157963,27.596482,1695
85.157973,27.59649,1695
85.157981,27.596499,1695
85.157988,27.596509,1696
85.157992,27.596518,1695
85.157998,27.596525,1695
85.158006,27.596534,1695
85.158017,27.596544,1697
85.15803,27.596554,1697
85.158043,27.596564,1695
85.158056,27.596573,1695
85.158065,27.596581,1695
85.158071,27.59659,1697
85.158076,27.596598,1697
85.15808,27.596607,1695
85.158084,27.596616,1695
85.158089,27.596623,1697
85.158093,27.596632,1697
85.158098,27.596641,1697
85.158101,27.596649,1697
85.158101,27.596657,1697
85.158088,27.596688,1698
85.158093,27.596691,1698
85.158097,27.596693,1698
85.158101,27.596696,1700
85.158105,27.596698,1700
85.158109,27.596701,1700
85.158113,27.596703,1700
85.158118,27.596705,1700
85.158122,27.596708,1698
85.158126,27.59671,1698
85.15813,27.596713,1698
85.158134,27.596715,1698
85.158138,27.596717,1698
85.158142,27.59672,1698
85.158146,27.596722,1698
85.158151,27.596725,1698
85.158155,27.596727,1698
85.158159,27.59673,1698
85.158163,27.596732,1696
85.158167,27.596734,1698
85.158171,27.596737,1698
85.158175,27.596739,1698
85.15818,27.596742,1698
85.158184,27.596744,1698
85.158188,27.596746,1698
85.158192,27.596749,1698
85.158196,27.596751,1698
85.1582,27.596754,1698
85.158204,27.596756,1698
85.158208,27.596758,1696
85.158213,27.596761,1696
85.158217,27.596763,1696
85.158221,27.596766,1696
85.158225,27.596768,1696
85.158229,27.596771,1696
85.158233,27.596773,1697
85.158237,27.596775,1697
85.158241,27.596778,1697
85.158246,27.59678,1697
85.15825,27.596783,1695
85.158254,27.596785,1695
85.158258,27.596787,1695
85.158262,27.59679,1695
85.158266,27.596792,1695
85.15827,27.596795,1695
85.158275,27.596797,1695
85.158279,27.5968,1695
85.158283,27.596802,1695
85.158287,27.596804,1695
85.158291,27.596807,1694
85.158295,27.596809,1694
85.158297,27.596809,1694
85.1583,27.596809,1694
85.158303,27.596811,1695
85.158308,27.596818,1695
85.158316,27.596828,1695
85.158324,27.59684,1695
85.15833,27.596856,1696
85.158337,27.596872,1694
85.158341,27.596888,1695
85.158343,27.596904,1695
85.158345,27.59692,1695
85.158348,27.596933,1696
85.158348,27.596966,1696
85.158346,27.596968,1696
85.158343,27.596972,1696
85.158339,27.596975,1696
85.158335,27.596978,1696
85.158331,27.596981,1696
85.158327,27.596986,1696
85.158321,27.596991,1696
85.158314,27.596996,1696
85.158308,27.597,1696
85.158303,27.597003,1696
85.158298,27.597004,1696
85.158294,27.597007,1696
85.158289,27.597009,1696
85.158286,27.597011,1696
85.158282,27.597012,1696
85.158278,27.59701,1696
85.158273,27.597008,1696
85.158268,27.597005,1696
85.158262,27.597003,1696
85.158255,27.597003,1695
85.158247,27.597003,1695
85.158239,27.597003,1695
85.158233,27.597002,1695
85.158227,27.597002,1695
85.158223,27.597002,1695
85.158208,27.597004,1695
85.158205,27.597004,1695
85.158198,27.597004,1695
85.158189,27.597003,1695
85.158176,27.597,1695
85.158165,27.596998,1695
85.158153,27.596996,1695
85.158139,27.596996,1695
85.158124,27.596996,1694
85.158109,27.596997,1694
85.158095,27.596998,1694
85.158079,27.596999,1694
85.158064,27.596999,1694
85.158049,27.597,1694
85.158036,27.597001,1694
85.158026,27.597002,1694
85.158018,27.597004,1694
85.158012,27.597005,1694
85.157998,27.597006,1694
85.157993,27.597007,1693
85.157991,27.597008,1693
85.157987,27.597009,1693
85.157981,27.597009,1693
85.157975,27.597009,1693
85.157966,27.59701,1693
85.157954,27.597013,1693
85.157942,27.597016,1693
85.15793,27.597016,1693
85.157919,27.597016,1693
85.157908,27.597016,1693
85.157894,27.597018,1693
85.15788,27.597021,1693
85.157865,27.597023,1692
85.157848,27.597025,1692
85.157831,27.597026,1692
85.157814,27.597026,1692
85.157798,27.597026,1692
85.157782,27.597026,1692
85.157765,27.597028,1692
85.157748,27.59703,1692
85.157732,27.597031,1691
85.157719,27.59703,1691
85.157705,27.59703,1691
85.157691,27.597032,1691
85.157679,27.597031,1691
85.157668,27.597032,1691
85.157657,27.597032,1691
85.157646,27.597033,1691
85.157635,27.597035,1691
85.157624,27.597037,1691
85.157614,27.597039,1691
85.157605,27.597041,1691
85.157596,27.597043,1690
85.157586,27.597045,1690
85.157575,27.597047,1690
85.157565,27.597048,1690
85.157556,27.597049,1690
85.157547,27.597051,1690
85.157541,27.597052,1690
85.157523,27.597057,1690
85.157522,27.597058,1690
85.157518,27.597069,1690
85.157518,27.597066,1690
85.157525,27.597064,1690
85.157526,27.597064,1690
85.157529,27.597064,1690
85.157532,27.597064,1690
85.157537,27.597066,1690
85.157536,27.597067,1690
85.157536,27.597068,1690
85.157537,27.59707,1690
85.15754,27.597077,1689
85.157539,27.597078,1689
85.157538,27.597079,1689
85.157537,27.597081,1689
85.157537,27.597082,1689
85.157535,27.597085,1689
85.157537,27.597085,1689
85.157538,27.597086,1689
85.157541,27.597088,1689
85.157544,27.597089,1689
85.157546,27.59709,1689
85.157549,27.59709,1689
85.157551,27.59709,1689
85.157556,27.597094,1689
85.157555,27.597087,1689
85.157553,27.597086,1689
85.157545,27.597085,1689
85.157545,27.59708,1689
85.157544,27.597079,1689
85.157544,27.597076,1689
85.157544,27.597073,1689
85.157544,27.597069,1689
85.157543,27.597055,1689
85.157538,27.597057,1689
85.157534,27.59706,1689
85.157526,27.597066,1689
85.157517,27.597074,1689
85.157506,27.597082,1688
85.157494,27.59709,1688
85.15748,27.597098,1688
85.157466,27.597107,1688
85.157453,27.597115,1688
85.15744,27.597123,1688
85.157428,27.597131,1687
85.157416,27.597138,1687
85.157405,27.597144,1687
85.157395,27.59715,1687
85.157386,27.597157,1687
85.157376,27.597162,1687
85.157366,27.597167,1687
85.157357,27.59717,1687
85.157349,27.59717,1687
85.157341,27.597172,1687
85.157331,27.597174,1687
85.157321,27.597176,1687
85.157311,27.597179,1687
85.157301,27.597181,1687
85.157291,27.597182,1687
85.15728,27.597182,1687
85.157268,27.597182,1687
85.157256,27.597183,1687
85.157244,27.597182,1687
85.157232,27.597182,1687
85.157221,27.597182,1687
85.157211,27.597183,1686
85.157199,27.597184,1686
85.157189,27.597185,1686
85.157178,27.597184,1686
85.157167,27.597184,1686
85.157153,27.597185,1686
85.15714,27.597189,1686
85.157128,27.597194,1686
85.157116,27.597198,1686
85.157104,27.597205,1686
85.157092,27.597212,1686
85.15708,27.597217,1686
85.157069,27.597223,1686
85.157056,27.597228,1686
85.157045,27.597234,1686
85.157033,27.597242,1686
85.15702,27.59725,1686
85.157007,27.597259,1685
85.156992,27.597269,1685
85.156979,27.597279,1685
85.156965,27.597291,1685
85.156952,27.597302,1685
85.156939,27.597313,1685
85.156927,27.597324,1685
85.156918,27.597335,1685
85.156909,27.597347,1685
85.1569,27.597359,1685
85.156891,27.59737,1685
85.156884,27.59738,1685
85.156876,27.597391,1685
85.156868,27.597403,1685
85.15686,27.597416,1684
85.156854,27.597423,1684
85.15683,27.597445,1684
85.156827,27.597447,1684
85.156808,27.597452,1684
85.156795,27.597454,1684
85.156782,27.597456,1684
85.156769,27.597458,1684
85.156757,27.59746,1684
85.156744,27.597462,1684
85.156731,27.597464,1684
85.156718,27.597466,1684
85.156705,27.597468,1684
85.156692,27.59747,1684
85.15668,27.597472,1684
85.156667,27.597474,1684
85.156654,27.597476,1683
85.156641,27.597477,1683
85.156628,27.597479,1683
85.156615,27.597481,1683
85.156602,27.597483,1683
85.15659,27.597485,1683
85.156577,27.597487,1683
85.156564,27.597489,1683
85.156551,27.597491,1683
85.156538,27.597493,1683
85.156525,27.597495,1683
85.156512,27.597497,1683
85.1565,27.597499,1683
85.156487,27.597501,1683
85.156474,27.597503,1683
85.156461,27.597505,1683
85.156448,27.597507,1683
85.156435,27.597509,1682
85.156423,27.597511,1682
85.15641,27.597513,1682
85.156397,27.597515,1682
85.156384,27.597516,1682
85.156371,27.597518,1682
85.156358,27.59752,1682
85.156345,27.597522,1682
85.156333,27.597524,1682
85.15632,27.597526,1682
85.156307,27.597528,1682
85.156294,27.59753,1682
85.156281,27.597532,1682
85.156268,27.597534,1682
85.156255,27.597536,1682
85.156243,27.597538,1682
85.15623,27.59754,1682
85.156217,27.597542,1682
85.156204,27.597544,1681
85.156191,27.597546,1681
85.156178,27.597548,1681
85.156166,27.59755,1681
85.156153,27.597552,1681
85.15614,27.597553,1681
85.156127,27.597555,1681
85.156114,27.597557,1681
85.156101,27.597559,1681
85.156088,27.597561,1681
85.156076,27.597563,1681
85.156063,27.597565,1681
85.15605,27.597567,1681
85.156033,27.597574,1681
85.156025,27.597577,1681
85.156017,27.59758,1681
85.156009,27.597582,1681
85.156001,27.597585,1681
85.155975,27.597586,1680
85.155963,27.597584,1680
85.155951,27.597582,1680
85.155939,27.59758,1680
85.155927,27.597578,1680
85.155915,27.597576,1680
85.155903,27.597574,1680
85.155891,27.597572,1680
85.155879,27.59757,1680
85.155867,27.597568,1680
85.155855,27.597566,1680
85.155843,27.597564,1680
85.155831,27.597562,1680
85.155819,27.59756,1680
85.155807,27.597558,1680
85.155795,27.597555,1680
85.155783,27.597553,1680
85.155771,27.597551,1680
85.155759,27.597549,1679
85.155747,27.597547,1679
85.155735,27.597545,1679
85.155723,27.597543,1679
85.155711,27.597541,1679
85.155699,27.597539,1679
85.155687,27.597537,1679
85.155675,27.597535,1679
85.155663,27.597533,1679
85.155651,27.597531,1679
85.155639,27.597529,1679
85.155627,27.597527,1679
85.155615,27.597525,1679
85.155603,27.597523,1679
85.155591,27.597521,1679
85.155579,27.597518,1679
85.155567,27.597516,1679
85.155555,27.597514,1679
85.155543,27.597512,1679
85.155531,27.59751,1678
85.155519,27.597508,1678
85.155507,27.597506,1678
85.155495,27.597504,1678
85.155483,27.597502,1678
85.155471,27.5975,1678
85.155459,27.597498,1678
85.155447,27.597496,1678
85.155435,27.597494,1678
85.155423,27.597492,1678
85.155411,27.59749,1678
85.155399,27.597488,1678
85.155387,27.597486,1678
85.155375,27.597483,1678
85.155363,27.597481,1678
85.155351,27.597479,1678
85.155339,27.597477,1678
85.155327,27.597475,1678
85.155315,27.597473,1677
85.155301,27.597469,1677
85.155287,27.597465,1677
85.155273,27.597459,1677
85.155259,27.597455,1677
85.155246,27.597452,1677
85.155232,27.597447,1677
85.155219,27.597443,1677
85.155206,27.597441,1677
85.155192,27.597439,1677
85.155178,27.597439,1677
85.155163,27.597438,1677
85.155149,27.597435,1677
85.155135,27.597433,1677
85.155122,27.597431,1677
85.155109,27.597429,1677
85.155096,27.597429,1677
85.155082,27.597429,1677
85.155069,27.597429,1676
85.155057,27.597429,1676
85.155044,27.597429,1676
85.15503,27.597429,1676
85.155017,27.597429,1676
85.155003,27.59743,1676
85.154991,27.597429,1676
85.154979,27.597428,1676
85.154968,27.597424,1676
85.154957,27.597421,1676
85.154947,27.597416,1676
85.154937,27.597409,1676
85.154927,27.597402,1676
85.154917,27.597396,1676
85.154907,27.59739,1676
85.154898,27.597384,1676
85.154888,27.597377,1676
85.154876,27.597371,1676
85.154862,27.597366,1675
85.154849,27.59736,1675
85.154837,27.597355,1675
85.154825,27.597348,1675
85.154814,27.597341,1675
85.154802,27.597336,1675
85.15479,27.597333,1675
85.154777,27.597332,1675
85.154761,27.597331,1675
85.154746,27.59733,1675
85.15473,27.597327,1675
85.154714,27.597324,1675
85.1547,27.59732,1675
85.154687,27.597317,1675
85.154672,27.597311,1675
85.154659,27.597304,1675
85.154645,27.597297,1674
85.154631,27.597288,1674
85.154616,27.597279,1674
85.154603,27.597268,1674
85.154591,27.597256,1674
85.154579,27.597247,1674
85.154566,27.597241,1674
85.154554,27.597238,1674
85.154541,27.597237,1674
85.154527,27.597234,1674
85.154513,27.597231,1674
85.154499,27.597226,1674
85.154486,27.59722,1674
85.154472,27.597215,1674
85.154456,27.59721,1674
85.154442,27.597203,1673
85.154427,27.597196,1673
85.154413,27.597189,1673
85.154401,27.597181,1673
85.15439,27.597174,1673
85.154379,27.597168,1673
85.15437,27.597161,1673
85.154361,27.597154,1673
85.154352,27.597147,1673
85.154342,27.59714,1673
85.154332,27.597133,1673
85.154321,27.597126,1673
85.154311,27.59712,1673
85.1543,27.597115,1673
85.15429,27.59711,1673
85.15428,27.597102,1673
85.154269,27.597092,1672
85.154256,27.597082,1672
85.154244,27.597072,1672
85.154231,27.597063,1672
85.154218,27.597057,1672
85.154204,27.597054,1672
85.154191,27.597054,1672
85.15418,27.597054,1672
85.154168,27.597055,1672
85.154155,27.597057,1672
85.154142,27.59706,1672
85.154128,27.597063,1672
85.154114,27.597067,1672
85.154099,27.597071,1672
85.154085,27.597076,1672
85.154071,27.597081,1672
85.154057,27.597086,1671
85.154043,27.59709,1671
85.154031,27.597094,1671
85.15402,27.597097,1671
85.154008,27.597101,1671
85.153997,27.597105,1671
85.153987,27.597109,1671
85.153976,27.597114,1671
85.153964,27.597118,1671
85.153953,27.597122,1671
85.153941,27.597126,1671
85.153927,27.59713,1671
85.153913,27.597136,1671
85.153897,27.59714,1671
85.153883,27.597143,1671
85.153868,27.597145,1671
85.153853,27.597145,1671
85.153835,27.597144,1670
85.153818,27.597143,1670
85.153802,27.597141,1670
85.153787,27.597139,1670
85.153772,27.597138,1670
85.153753,27.597136,1670
85.153734,27.597131,1670
85.153716,27.597124,1670
85.1537,27.597119,1670
85.153674,27.597117,1670
85.153661,27.59712,1670
85.153648,27.597122,1670
85.153636,27.597125,1670
85.153623,27.597127,1670
85.15361,27.59713,1669
85.153598,27.597132,1669
85.153585,27.597135,1669
85.153572,27.597137,1669
85.15356,27.59714,1669
85.153547,27.597142,1669
85.153534,27.597145,1669
85.153521,27.597147,1669
85.153509,27.59715,1669
85.153496,27.597152,1669
85.153483,27.597154,1669
85.153471,27.597157,1669
85.153458,27.597159,1669
85.153445,27.597162,1669
85.153433,27.597164,1669
85.15342,27.597167,1669
85.153407,27.597169,1669
85.153395,27.597172,1669
85.153382,27.597174,1668
85.153369,27.597177,1668
85.153356,27.597179,1668
85.153344,27.597182,1668
85.153331,27.597184,1668
85.153318,27.597187,1668
85.153306,27.597189,1668
85.153293,27.597192,1668
85.15328,27.597194,1668
85.153268,27.597197,1668
85.153255,27.597199,1668
85.153242,27.597202,1668
85.15323,27.597204,1668
85.153217,27.597206,1668
85.153204,27.597209,1668
85.153191,27.597211,1668
85.153179,27.597214,1668
85.153166,27.597216,1667
85.153153,27.597219,1667
85.153141,27.597221,1667
85.153128,27.597224,1667
85.153115,27.597226,1667
85.153103,27.597229,1667
85.15309,27.597231,1667
85.153077,27.597234,1667
85.153065,27.597236,1667
85.153052,27.597239,1667
85.153039,27.597241,1667
85.153026,27.597244,1667
85.153014,27.597246,1667
85.153001,27.597249,1667
85.152988,27.597251,1667
85.152972,27.597253,1667
85.152965,27.597256,1667
85.152958,27.597258,1667
85.152951,27.597261,1667
85.152944,27.597263,1666
85.152938,27.597266,1666
85.152931,27.597269,1666
85.152924,27.597271,1666
85.152917,27.597274,1666
85.15291,27.597277,1666
85.152904,27.597279,1666
85.152897,27.597282,1666
85.15289,27.597284,1666
85.152883,27.597287,1666
85.152877,27.59729,1666
85.15287,27.597292,1666
85.152876,27.597313,1666
85.152884,27.597325,1666
85.152891,27.597336,1666
85.152898,27.597348,1666
85.152905,27.597359,1666
85.152913,27.59737,1666
85.15292,27.597382,1666
85.152927,27.597393,1666
85.152934,27.597404,1666
85.152942,27.597416,1665
85.152949,27.597427,1665
85.152956,27.597439,1665
85.152963,27.59745,1665
85.152971,27.597461,1665
85.152978,27.597473,1665
85.152985,27.597484,1665
85.152992,27.597495,1665
85.152999,27.597507,1665
85.153007,27.597518,1665
85.153014,27.59753,1665
85.153021,27.597541,1665
85.153028,27.597552,1665
85.153036,27.597564,1665
85.153043,27.597575,1665
85.15305,27.597586,1664
85.153057,27.597598,1664
85.153065,27.597609,1664
85.153072,27.597621,1664
85.153079,27.597632,1664
85.153086,27.597643,1664
85.153094,27.597655,1664
85.153101,27.597666,1664
85.153108,27.597678,1664
85.153115,27.597689,1664
85.153123,27.5977,1664
85.15313,27.597712,1664
85.153137,27.597723,1664
85.153144,27.597734,1664
85.153152,27.597746,1664
85.153168,27.597763,1663
85.153174,27.597769,1663
85.153181,27.597774,1663
85.153188,27.59778,1663
85.153194,27.597786,1663
85.153201,27.597792,1663
85.153208,27.597797,1663
85.153214,27.597803,1663
85.153221,27.597809,1663
85.153228,27.597814,1663
85.153234,27.59782,1663
85.153241,27.597826,1663
85.153248,27.597832,1663
85.153254,27.597837,1663
85.153261,27.597843,1663
85.153268,27.597849,1663
85.153274,27.597855,1663
85.153281,27.59786,1663
85.153288,27.597866,1663
85.153295,27.597872,1663
85.153301,27.597878,1663
85.153308,27.597883,1663
85.153315,27.597889,1663
85.153321,27.597895,1663
85.153328,27.5979,1663
85.153335,27.597906,1662
85.153341,27.597912,1662
85.153348,27.597918,1662
85.153355,27.597923,1662
85.153361,27.597929,1662
85.153368,27.597935,1662
85.153375,27.597941,1662
85.153381,27.597946,1662
85.153388,27.597952,1662
85.153395,27.597958,1662
85.153401,27.597964,1662
85.153408,27.597969,1662
85.153415,27.597975,1662
85.153421,27.597981,1662
85.153428,27.597986,1662
85.153435,27.597992,1662
85.153441,27.597998,1662
85.153448,27.598004,1662
85.153455,27.598009,1662
85.153461,27.598015,1662
85.153468,27.598021,1662
85.153475,27.598027,1662
85.153482,27.598032,1662
85.153488,27.598038,1662
85.153495,27.598044,1661
85.153502,27.59805,1661
85.153508,27.598055,1661
85.153515,27.598061,1661
85.153522,27.598067,1661
85.153528,27.598072,1661
85.153535,27.598078,1661
85.153542,27.598084,1661
85.153548,27.59809,1661
85.153555,27.598095,1661
85.153562,27.598101,1661
85.153568,27.598107,1661
85.153576,27.598111,1661
85.153583,27.598114,1661
85.153591,27.598117,1661
85.153607,27.598124,1661
85.153625,27.598135,1661
85.15363,27.598141,1661
85.153636,27.598147,1661
85.153642,27.598153,1661
85.153647,27.598159,1661
85.153653,27.598164,1661
85.153658,27.59817,1661
85.153664,27.598176,1661
85.15367,27.598182,1660
85.153675,27.598188,1660
85.153681,27.598194,1660
85.153686,27.598199,1660
85.153692,27.598205,1660
85.153698,27.598211,1660
85.153703,27.598217,1660
85.153709,27.598223,1660
85.153714,27.598229,1660
85.15372,27.598234,1660
85.153725,27.59824,1660
85.153731,27.598246,1660
85.153737,27.598252,1660
85.153742,27.598258,1660
85.153748,27.598263,1660
85.153753,27.598269,1660
85.153759,27.598275,1660
85.153765,27.598281,1660
85.15377,27.598287,1660
85.153776,27.598293,1660
85.153781,27.598298,1660
85.153787,27.598304,1660
85.153792,27.59831,1660
85.153798,27.598316,1660
85.153804,27.598322,1660
85.153809,27.598328,1660
85.153815,27.598333,1659
85.15382,27.598339,1659
85.153826,27.598345,1659
85.153832,27.598351,1659
85.153837,27.598357,1659
85.153843,27.598363,1659
85.153848,27.598368,1659
85.153854,27.598374,1659
85.15386,27.59838,1659
85.153865,27.598387,1659
85.15387,27.598394,1659
85.153875,27.598401,1659
85.15388,27.598409,1659
85.153885,27.598416,1659
85.153891,27.598423,1659
85.153898,27.598429,1659
85.153907,27.598437,1659
85.153916,27.598443,1659
85.153926,27.598449,1659
85.153935,27.598454,1659
85.153943,27.598458,1659
85.153952,27.598464,1659
85.15396,27.598472,1659
85.153969,27.59848,1658
85.153978,27.598488,1658
85.153988,27.598495,1658
85.153999,27.598501,1658
85.154009,27.598506,1658
85.154019,27.598512,1658
85.154026,27.598517,1658
85.154034,27.598523,1658
85.154042,27.59853,1658
85.154051,27.598538,1658
85.154059,27.598547,1658
85.154065,27.598556,1658
85.15407,27.598565,1658
85.154072,27.598575,1658
85.154072,27.598585,1658
85.15407,27.598596,1658
85.154067,27.598607,1658
85.154064,27.598618,1658
85.15406,27.598629,1658
85.154054,27.59864,1657
85.154047,27.598651,1657
85.154039,27.59866,1657
85.15403,27.59867,1657
85.154024,27.59868,1657
85.154016,27.59869,1657
85.154008,27.5987,1657
85.154001,27.59871,1657
85.153993,27.598719,1657
85.153985,27.598729,1657
85.153977,27.598737,1657
85.153967,27.598748,1657
85.153958,27.598758,1657
85.15395,27.598767,1657
85.153942,27.598777,1657
85.153933,27.598788,1657
85.153927,27.598799,1657
85.15392,27.598809,1656
85.153915,27.59882,1656
85.153911,27.598831,1656
85.153908,27.598842,1656
85.153905,27.598852,1656
85.153905,27.598862,1656
85.153904,27.598873,1656
85.153903,27.598883,1656
85.153902,27.598893,1656
85.153902,27.598904,1656
85.153902,27.598914,1656
85.153904,27.598925,1656
85.153905,27.598936,1656
85.153907,27.598947,1656
85.153909,27.598958,1656
85.153912,27.598968,1656
85.153915,27.598978,1656
85.153919,27.598988,1656
85.153924,27.598997,1656
85.153931,27.599005,1655
85.153937,27.599011,1655
85.153942,27.599017,1655
85.153944,27.599024,1655
85.153946,27.599032,1655
85.153948,27.59904,1655
85.153948,27.599049,1655
85.153948,27.59906,1655
85.153948,27.59907,1655
85.153948,27.599081,1655
85.153949,27.599093,1655
85.153949,27.599105,1655
85.153952,27.599129,1655
85.153953,27.599142,1655
85.153954,27.599154,1655
85.153955,27.599167,1655
85.153956,27.59918,1655
85.153957,27.599192,1655
85.153958,27.599205,1654
85.153959,27.599217,1654
85.15396,27.59923,1654
85.153961,27.599242,1654
85.153962,27.599255,1654
85.153963,27.599267,1654
85.153964,27.59928,1654
85.153965,27.599292,1654
85.153966,27.599305,1654
85.153956,27.599321,1654
85.153948,27.599326,1654
85.153941,27.599331,1654
85.153933,27.599336,1654
85.153925,27.599341,1654
85.153917,27.599345,1654
85.153909,27.59935,1654
85.153901,27.599355,1654
85.153894,27.59936,1654
85.153886,27.599365,1654
85.153878,27.59937,1654
85.15387,27.599375,1654
85.153862,27.59938,1654
85.153855,27.599385,1654
85.153847,27.599389,1654
85.153839,27.599394,1654
85.153831,27.599399,1654
85.153823,27.599404,1655
85.153815,27.599409,1655
85.153808,27.599414,1655
85.1538,27.599419,1655
85.153792,27.599424,1655
85.153784,27.599428,1655
85.153776,27.599433,1655
85.153768,27.599438,1655
85.153761,27.599443,1655
85.153753,27.599448,1655
85.153745,27.599453,1655
85.153737,27.599458,1655
85.153729,27.599463,1655
85.153721,27.599468,1655
85.153714,27.599472,1655
85.153706,27.599477,1656
85.153698,27.599482,1656
85.15369,27.599487,1656
85.153682,27.599492,1656
85.153674,27.599497,1656
85.153667,27.599502,1656
85.153659,27.599507,1656
85.153651,27.599512,1656
85.153643,27.599516,1656
85.153635,27.599521,1656
85.153628,27.599526,1656
85.15362,27.599531,1656
85.153612,27.599536,1656
85.153604,27.599541,1656
85.153596,27.599546,1656
85.153588,27.599551,1657
85.153581,27.599556,1657
85.153573,27.59956,1657
85.153565,27.599565,1657
85.153557,27.59957,1657
85.153549,27.599575,1657
85.153541,27.59958,1657
85.153534,27.599585,1657
85.153526,27.59959,1657
85.153518,27.599595,1657
85.15351,27.599599,1657
85.153502,27.599604,1657
85.153494,27.599609,1657
85.153487,27.599614,1657
85.153479,27.599619,1657
85.153471,27.599624,1657
85.153463,27.599629,1658
85.153455,27.599634,1658
85.153447,27.599639,1658
85.15344,27.599643,1658
85.153432,27.599648,1658
85.153424,27.599653,1658
85.153416,27.599658,1658
85.153408,27.599663,1658
85.153401,27.599668,1658
85.153393,27.599673,1658
85.153385,27.599678,1658
85.153377,27.599683,1658
85.153369,27.599687,1658
85.153361,27.599692,1658
85.153354,27.599697,1658
85.153346,27.599702,1659
85.153338,27.599707,1659
85.153329,27.599695,1659
85.153326,27.599687,1659
85.153323,27.599679,1659
85.15332,27.599671,1659
85.153316,27.599663,1659
85.153313,27.599654,1659
85.15331,27.599646,1659
85.153307,27.599638,1659
85.153304,27.59963,1659
85.1533,27.599622,1659
85.153297,27.599614,1659
85.153294,27.599606,1659
85.153291,27.599597,1660
85.153287,27.599589,1660
85.153284,27.599581,1660
85.153281,27.599573,1660
85.153278,27.599565,1660
85.153275,27.599557,1660
85.153271,27.599549,1660
85.153268,27.599541,1660
85.153265,27.599532,1660
85.153262,27.599524,1660
85.153258,27.599516,1660
85.153255,27.599508,1660
85.153252,27.5995,1660
85.153249,27.599492,1660
85.153246,27.599484,1660
85.153242,27.599475,1661
85.153239,27.599467,1661
85.153236,27.599459,1661
85.153233,27.599451,1661
85.153229,27.599443,1661
85.153226,27.599435,1661
85.153223,27.599427,1661
85.15322,27.599418,1661
85.153217,27.59941,1661
85.153213,27.599402,1661
85.15321,27.599394,1661
85.153207,27.599386,1661
85.153204,27.599378,1661
85.1532,27.59937,1661
85.153197,27.599361,1662
85.153194,27.599353,1662
85.153191,27.599345,1662
85.153188,27.599337,1662
85.153184,27.599329,1662
85.153181,27.599321,1662
85.153178,27.599313,1662
85.153175,27.599304,1662
85.153171,27.599296,1662
85.153168,27.599288,1662
85.153165,27.59928,1662
85.153162,27.599272,1662
85.153159,27.599264,1662
85.153155,27.599256,1662
85.153152,27.599248,1662
85.153149,27.599239,1663
85.153146,27.599231,1663
85.153142,27.599223,1663
85.153139,27.599215,1663
85.153126,27.599198,1663
85.153118,27.599191,1663
85.15311,27.599185,1663
85.153102,27.599178,1663
85.153094,27.599171,1663
85.153086,27.599164,1663
85.153078,27.599157,1663
85.15307,27.599151,1663
85.153061,27.599144,1663
85.153053,27.599137,1664
85.153045,27.59913,1664
85.153037,27.599124,1664
85.153029,27.599117,1664
85.153021,27.59911,1664
85.153013,27.599103,1664
85.153005,27.599096,1664
85.152997,27.59909,1664
85.152988,27.599083,1664
85.15298,27.599076,1664
85.152972,27.599069,1664
85.152964,27.599062,1664
85.152956,27.599056,1664
85.152948,27.599049,1665
85.15294,27.599042,1665
85.152932,27.599035,1665
85.152924,27.599028,1665
85.152915,27.599022,1665
85.152907,27.599015,1665
85.152899,27.599008,1665
85.152891,27.599001,1665
85.152883,27.598995,1665
85.152875,27.598988,1665
85.152867,27.598981,1665
85.152859,27.598974,1665
85.152851,27.598967,1666
85.152842,27.598961,1666
85.152834,27.598954,1666
85.152826,27.598947,1666
85.152818,27.59894,1666
85.15281,27.598933,1666
85.152802,27.598927,1666
85.152794,27.59892,1666
85.152786,27.598913,1666
85.152777,27.598906,1666
85.152769,27.598899,1666
85.152761,27.598893,1666
85.152753,27.598886,1666
85.152745,27.598879,1667
85.152737,27.598872,1667
85.152729,27.598866,1667
85.152721,27.598859,1667
85.152713,27.598852,1667
85.152704,27.598845,1667
85.152679,27.598842,1667
85.152666,27.598841,1667
85.152654,27.598839,1667
85.152641,27.598838,1667
85.152629,27.598836,1667
85.152616,27.598835,1668
85.152604,27.598834,1668
85.152591,27.598832,1668
85.152579,27.598831,1668
85.152566,27.598829,1668
85.152554,27.598828,1668
85.152542,27.598826,1668
85.152529,27.598825,1668
85.152517,27.598823,1668
85.152504,27.598822,1668
85.152492,27.59882,1668
85.152479,27.598819,1668
85.152467,27.598817,1669
85.152454,27.598816,1669
85.152442,27.598814,1669
85.152429,27.598813,1669
85.152417,27.598811,1669
85.152404,27.59881,1669
85.152392,27.598808,1669
85.15238,27.598807,1669
85.152367,27.598805,1669
85.152355,27.598804,1669
85.152342,27.598803,1669
85.15233,27.598801,1670
85.152317,27.5988,1670
85.152305,27.598798,1670
85.152292,27.598797,1670
85.15228,27.598795,1670
85.152267,27.598794,1670
85.152255,27.598792,1670
85.152242,27.598791,1670
85.15223,27.598789,1670
85.152217,27.598788,1670
85.152205,27.598786,1670
85.152193,27.598785,1670
85.15218,27.598783,1671
85.152168,27.598782,1671
85.152155,27.59878,1671
85.152143,27.598779,1671
85.15213,27.598777,1671
85.152118,27.598776,1671
85.152105,27.598775,1671
85.152093,27.598773,1671
85.15208,27.598772,1671
85.152066,27.598771,1671
85.152053,27.598768,1671
85.15204,27.598765,1672
85.152026,27.598762,1672
85.152013,27.598761,1672
85.151998,27.598762,1672
85.151981,27.598765,1672
85.151966,27.59877,1672
85.15195,27.598774,1672
85.151935,27.598779,1672
85.151921,27.598781,1672
85.151908,27.59878,1672
85.151895,27.598779,1673
85.151882,27.598778,1673
85.15187,27.598779,1673
85.151859,27.59878,1673
85.151849,27.598782,1673
85.151839,27.598784,1673
85.151828,27.598788,1673
85.151816,27.598792,1673
85.151803,27.598797,1673
85.15179,27.598802,1673
85.151777,27.598808,1673
85.151764,27.598814,1674
85.151751,27.59882,1674
85.151738,27.598826,1674
85.151725,27.598832,1674
85.15171,27.598835,1674
85.151695,27.598838,1674
85.15168,27.59884,1674
85.151665,27.598843,1674
85.15165,27.598845,1674
85.151634,27.598847,1674
85.151619,27.598849,1675
85.151603,27.598851,1675
85.151589,27.598854,1675
85.151575,27.598857,1675
85.151563,27.59886,1675
85.151551,27.598863,1675
85.151541,27.598865,1675
85.151531,27.598866,1675
85.151522,27.598868,1675
85.151514,27.59887,1675
85.151506,27.598871,1675
85.151497,27.598872,1675
85.151487,27.598873,1676
85.151478,27.598874,1676
85.151468,27.598875,1676
85.151458,27.598877,1676
85.151448,27.598879,1676
85.151437,27.598881,1676
85.151428,27.598881,1676
85.15142,27.598881,1676
85.151411,27.598881,1676
85.151402,27.598881,1676
85.151391,27.598882,1676
85.151381,27.598883,1676
85.15137,27.598883,1676
85.151359,27.598882,1676
85.151348,27.598882,1677
85.151335,27.598882,1677
85.15132,27.598882,1677
85.151306,27.598883,1677
85.151292,27.598883,1677
85.151279,27.598883,1677
85.151266,27.598882,1677
85.151254,27.598883,1677
85.151241,27.598883,1677
85.151228,27.598885,1677
85.151217,27.598887,1677
85.151206,27.598888,1677
85.151195,27.598889,1678
85.151183,27.598892,1678
85.151171,27.598896,1678
85.151157,27.598899,1678
85.151142,27.598903,1678
85.151128,27.598907,1678
85.151114,27.59891,1678
85.151102,27.598913,1678
85.151091,27.598916,1678
85.15108,27.598919,1678
85.15107,27.598922,1678
85.15106,27.598922,1679
85.151052,27.59892,1679
85.151043,27.598917,1679
85.151035,27.598916,1679
85.151027,27.598914,1679
85.15102,27.598912,1679
85.151014,27.598911,1679
85.151009,27.598912,1679
85.151004,27.598915,1679
85.151,27.598917,1679
85.150996,27.598918,1679
85.150991,27.598918,1679
85.150998,27.598919,1679
85.150993,27.598921,1679
85.150989,27.598928,1679
85.150988,27.598935,1679
85.150991,27.598948,1679
85.150996,27.598964,1679
85.151001,27.598982,1680
85.151005,27.599,1680
85.151015,27.59903,1680
85.151018,27.59904,1680
85.151026,27.599061,1680
85.151036,27.599077,1680
85.151048,27.59909,1681
85.15106,27.599103,1681
85.151071,27.599115,1681
85.151082,27.599125,1681
85.151093,27.599135,1681
85.151105,27.599145,1681
85.151116,27.599154,1681
85.151128,27.599164,1681
85.151138,27.599173,1681
85.151148,27.599184,1682
85.151159,27.599195,1682
85.15117,27.599205,1682
85.15118,27.599214,1682
85.151189,27.599221,1682
85.151197,27.599228,1682
85.151206,27.599235,1682
85.151215,27.599241,1682
85.151223,27.599245,1682
85.151231,27.59925,1682
85.151239,27.599256,1682
85.151247,27.599262,1682
85.151255,27.599268,1683
85.151263,27.599275,1683
85.15127,27.599282,1683
85.151278,27.599288,1683
85.151286,27.599295,1683
85.151294,27.599301,1683
85.151301,27.599308,1683
85.151308,27.599313,1683
85.151315,27.599319,1683
85.151322,27.599322,1683
85.15133,27.599326,1683
85.151337,27.59933,1683
85.151345,27.599335,1683
85.151354,27.599339,1683
85.151363,27.599344,1684
85.151372,27.599348,1684
85.15138,27.599352,1684
85.151387,27.599356,1684
85.151395,27.599359,1684
85.151402,27.599361,1684
85.15141,27.599363,1684
85.151418,27.599365,1684
85.151426,27.599367,1684
85.151435,27.59937,1684
85.151444,27.599373,1684
85.151452,27.599377,1684
85.151459,27.599382,1684
85.151467,27.599386,1684
85.151477,27.59939,1684
85.151487,27.599392,1684
85.151498,27.599395,1685
85.151509,27.599398,1685
85.151519,27.599401,1685
85.151528,27.599404,1685
85.151537,27.599408,1685
85.151546,27.599413,1685
85.151554,27.599417,1685
85.151562,27.599421,1685
85.15157,27.599427,1685
85.151577,27.599433,1685
85.151585,27.599439,1685
85.151591,27.599445,1685
85.151598,27.599451,1685
85.151605,27.599458,1685
85.151611,27.599465,1686
85.151618,27.599473,1686
85.151625,27.599483,1686
85.15163,27.599493,1686
85.151633,27.599503,1686
85.151637,27.599512,1686
85.151641,27.599521,1686
85.151643,27.599531,1686
85.151646,27.599542,1686
85.151648,27.599552,1686
85.151649,27.599562,1686
85.151649,27.599574,1686
85.151642,27.599596,1687
85.151635,27.599605,1687
85.151628,27.599614,1687
85.151621,27.599622,1687
85.151614,27.599631,1687
85.151607,27.59964,1687
85.1516,27.599649,1687
85.151593,27.599657,1687
85.151587,27.599666,1687
85.15158,27.599675,1687
85.151573,27.599683,1687
85.151566,27.599692,1688
85.151559,27.599701,1688
85.151552,27.59971,1688
85.151545,27.599718,1688
85.151539,27.599727,1688
85.151532,27.599736,1688
85.151525,27.599744,1688
85.151518,27.599753,1688
85.151511,27.599762,1688
85.151504,27.599771,1688
85.151497,27.599779,1688
85.15149,27.599788,1689
85.151484,27.599797,1689
85.151477,27.599805,1689
85.15147,27.599814,1689
85.151463,27.599823,1689
85.151456,27.599832,1689
85.151449,27.59984,1689
85.151442,27.599849,1689
85.151435,27.599858,1690
85.151429,27.599867,1690
85.151422,27.599875,1690
85.151415,27.599884,1690
85.151408,27.599893,1690
85.151401,27.599901,1690
85.151394,27.59991,1690
85.151387,27.599919,1690
85.151381,27.599928,1690
85.151374,27.599936,1691
85.151355,27.599938,1691
85.151347,27.599939,1691
85.15134,27.59994,1691
85.151332,27.599941,1691
85.151325,27.599942,1691
85.151317,27.599943,1691
85.15131,27.599944,1691
85.151303,27.599944,1691
85.151295,27.599945,1691
85.151279,27.599948,1691
85.151269,27.599951,1692
85.15126,27.599953,1692
85.15125,27.599956,1692
85.151241,27.599958,1692
85.151232,27.599961,1692
85.151222,27.599964,1692
85.151213,27.599966,1692
85.151203,27.599969,1692
85.151194,27.599972,1692
85.151184,27.599974,1692
85.151175,27.599977,1692
85.151166,27.59998,1693
85.151156,27.599982,1693
85.151147,27.599985,1693
85.151137,27.599987,1693
85.151128,27.59999,1693
85.151119,27.599993,1693
85.151109,27.599995,1693
85.1511,27.599998,1693
85.15109,27.600001,1693
85.151081,27.600003,1693
85.151071,27.600006,1693
85.151062,27.600009,1694
85.151053,27.600011,1694
85.151043,27.600014,1694
85.151034,27.600017,1694
85.151024,27.600019,1694
85.151015,27.600022,1694
85.151006,27.600024,1694
85.150996,27.600027,1694
85.150987,27.60003,1694
85.150977,27.600032,1694
85.150968,27.600035,1694
85.150959,27.600038,1695
85.150949,27.60004,1695
85.15094,27.600043,1695
85.15093,27.600046,1695
85.150921,27.600048,1695
85.150911,27.600051,1695
85.150902,27.600054,1695
85.150893,27.600056,1695
85.150883,27.600059,1695
85.150874,27.600061,1695
85.150864,27.600064,1695
85.150855,27.600067,1696
85.150846,27.600069,1696
85.150836,27.600072,1696
85.150827,27.600075,1696
85.150817,27.600077,1696
85.150808,27.60008,1696
85.150798,27.600083,1696
85.150789,27.600085,1696
85.15078,27.600088,1696
85.15077,27.60009,1696
85.150761,27.600093,1696
85.150751,27.600096,1697
85.150742,27.600098,1697
85.150733,27.600101,1697
85.150723,27.600104,1697
85.150714,27.600106,1697
85.150704,27.600109,1697
85.150695,27.600112,1697
85.150685,27.600114,1697
85.150676,27.600117,1697
85.150667,27.60012,1697
85.150657,27.600122,1697
85.150648,27.600125,1698
85.150638,27.600127,1698
85.150629,27.60013,1698
85.15062,27.600133,1698
85.15061,27.600135,1698
85.150601,27.600138,1698
85.150591,27.600141,1698
85.150582,27.600143,1698
85.150572,27.600146,1698
85.150563,27.600149,1698
85.150554,27.600151,1698
85.150544,27.600154,1699
85.150535,27.600157,1699
85.150533,27.60017,1699
85.150534,27.600182,1699
85.150535,27.600193,1699
85.150538,27.600206,1699
85.15054,27.600218,1699
85.150544,27.600231,1699
85.15055,27.600243,1700
85.150556,27.600254,1700
85.150562,27.600265,1700
85.150567,27.600273,1700
85.150571,27.600281,1700
85.150575,27.600289,1700
85.15058,27.600297,1700
85.150585,27.600306,1700
85.150589,27.600314,1700
85.150592,27.60032,1700
85.150594,27.600326,1701
85.150597,27.600335,1701
85.150601,27.600343,1701
85.150605,27.600352,1701
85.150609,27.600361,1701
85.150613,27.600372,1701
85.150617,27.600383,1701
85.150621,27.600394,1701
85.150625,27.600405,1701
85.150629,27.600416,1702
85.150633,27.600428,1702
85.150639,27.60044,1702
85.150643,27.600454,1702
85.150646,27.600466,1702
85.150648,27.600477,1702
85.150648,27.600485,1702
85.150648,27.600493,1702
85.150648,27.600503,1702
85.150649,27.600512,1703
85.150649,27.600521,1703
85.150651,27.60053,1703
85.150654,27.60054,1703
85.150656,27.600549,1703
85.15066,27.600559,1703
85.150665,27.600569,1703
85.15067,27.60058,1703
85.150676,27.60059,1703
85.150683,27.600602,1704
85.150691,27.600615,1704
85.150698,27.600626,1704
85.150706,27.600638,1704
85.150715,27.600649,1704
85.150723,27.60066,1704
85.150732,27.600671,1704
85.150741,27.60068,1705
85.150751,27.600687,1705
85.150762,27.600693,1705
85.150772,27.600698,1705
85.150782,27.600704,1705
85.150793,27.600711,1705
85.150805,27.600716,1705
85.150821,27.600721,1705
85.150835,27.600727,1706
85.150849,27.600736,1706
85.150866,27.600745,1706
85.150883,27.600752,1706
85.150899,27.600759,1706
85.150914,27.600765,1706
85.150931,27.60077,1707
85.150946,27.600775,1707
85.15096,27.60078,1704
85.150973,27.600786,1704
85.150983,27.600798,1704
85.15098,27.600805,1706
85.150977,27.600812,1706
85.150975,27.600819,1706
85.150972,27.600826,1706
85.150969,27.600832,1706
85.150966,27.600839,1706
85.150963,27.600846,1707
85.150961,27.600853,1707
85.150958,27.60086,1707
85.150955,27.600866,1707
85.150952,27.600873,1709
85.150949,27.60088,1710
85.150947,27.600887,1710
85.150944,27.600894,1710
85.150941,27.6009,1710
85.150938,27.600907,1710
85.150935,27.600914,1710
85.150933,27.600921,1711
85.15093,27.600928,1711
85.150927,27.600934,1711
85.150924,27.600941,1711
85.150921,27.600948,1711
85.150919,27.600955,1711
85.150916,27.600962,1712
85.150913,27.600968,1712
85.15091,27.600975,1712
85.150907,27.600982,1713
85.150905,27.600989,1713
85.150902,27.600996,1714
85.150899,27.601002,1714
85.150896,27.601009,1714
85.150893,27.601016,1714
85.150891,27.601023,1714
85.150888,27.60103,1714
85.150885,27.601036,1714
85.150882,27.601043,1714
85.150879,27.60105,1714
85.150877,27.601057,1714
85.150874,27.601064,1714
85.150871,27.60107,1714
85.150868,27.601077,1714
85.150865,27.601084,1715
85.150863,27.601091,1715
85.15086,27.601098,1715
85.150857,27.601104,1715
85.150854,27.601111,1715
85.150851,27.601118,1715
85.150849,27.601125,1715
85.150846,27.601132,1715
85.150843,27.601138,1715
85.15084,27.601145,1715
85.150837,27.601152,1714
85.150835,27.601159,1714
85.150832,27.601166,1714
85.150829,27.601172,1714
85.150826,27.601179,1714
85.150823,27.601186,1714
85.150821,27.601193,1714
85.150818,27.6012,1714
85.150815,27.601207,1714
85.150812,27.601213,1714
85.150809,27.60122,1714
85.150807,27.601227,1712
85.150804,27.601234,1712
85.150801,27.601241,1712
85.150798,27.601247,1712
85.150795,27.601254,1712
85.150793,27.601261,1710
85.15079,27.601268,1710
85.150787,27.601275,1710
85.150784,27.601281,1710
85.150781,27.601288,1710
85.150779,27.601295,1710
85.150776,27.601302,1708
85.150773,27.601309,1708
85.15077,27.601315,1708
85.150767,27.601322,1708
85.150764,27.601329,1708
85.150762,27.601336,1706
85.150759,27.601343,1706
85.150756,27.601349,1706
85.150753,27.601356,1706
85.15075,27.601363,1706
85.150748,27.60137,1706
85.150745,27.601377,1704
85.150742,27.601383,1704
85.150739,27.60139,1704
85.150718,27.601382,1703
85.150711,27.601376,1703
85.150704,27.60137,1705
85.150697,27.601365,1705
85.15069,27.601359,1705
85.150683,27.601353,1705
85.150675,27.601347,1705
85.150668,27.601341,1705
85.150661,27.601335,1707
85.150654,27.601329,1707
85.150647,27.601323,1707
85.15064,27.601317,1707
85.150632,27.601311,1707
85.150625,27.601305,1707
85.150618,27.601299,1707
85.150611,27.601294,1709
85.150604,27.601288,1709
85.150597,27.601282,1709
85.150589,27.601276,1709
85.150582,27.60127,1709
85.150575,27.601264,1709
85.150568,27.601258,1712
85.150561,27.601252,1711
85.150554,27.601246,1711
85.150546,27.60124,1711
85.150539,27.601234,1711
85.150532,27.601228,1711
85.150525,27.601223,1711
85.150518,27.601217,1714
85.150511,27.601211,1714
85.150503,27.601205,1714
85.150496,27.601199,1714
85.150489,27.601193,1714
85.150482,27.601187,1714
85.150475,27.601181,1716
85.150467,27.601175,1716
85.15046,27.601169,1716
85.150453,27.601163,1716
85.150446,27.601157,1716
85.150439,27.601151,1716
85.150432,27.601146,1715
85.150424,27.60114,1717
85.150417,27.601134,1717
85.15041,27.601128,1717
85.150403,27.601122,1717
85.150396,27.601116,1717
85.150389,27.60111,1717
85.150381,27.601104,1718
85.150374,27.601098,1718
85.150367,27.601092,1718
85.15036,27.601086,1718
85.150353,27.60108,1718
85.150346,27.601075,1718
85.150338,27.601069,1720
85.150331,27.601063,1720
85.150324,27.601057,1720
85.150303,27.60105,1720
85.150293,27.601047,1720
85.150283,27.601044,1720
85.150273,27.601041,1720
85.150263,27.601038,1719
85.150253,27.601034,1719
85.150243,27.601031,1721
85.150233,27.601028,1721
85.150223,27.601025,1721
85.150213,27.601022,1720
85.150203,27.601019,1720
85.150193,27.601016,1720
85.150183,27.601013,1720
85.150173,27.60101,1720
85.150163,27.601007,1720
85.150153,27.601004,1720
85.150143,27.601001,1720
85.150133,27.600998,1719
85.150124,27.600995,1719
85.150114,27.600992,1721
85.150104,27.600989,1721
85.150094,27.600986,1721
85.150084,27.600983,1721
85.150074,27.600979,1721
85.150064,27.600976,1721
85.150054,27.600973,1721
85.150044,27.60097,1720
85.150034,27.600967,1720
85.150024,27.600964,1720
85.150014,27.600961,1720
85.150004,27.600958,1720
85.149994,27.600955,1722
85.149984,27.600952,1722
85.149974,27.600949,1722
85.149964,27.600946,1722
85.149954,27.600943,1722
85.149944,27.60094,1722
85.149934,27.600937,1722
85.149924,27.600934,1722
85.149914,27.600931,1721
85.149904,27.600928,1721
85.149894,27.600924,1721
85.149884,27.600921,1721
85.149875,27.600918,1721
85.149865,27.600915,1723
85.149855,27.600912,1723
85.149845,27.600909,1723
85.149835,27.600906,1723
85.149825,27.600903,1723
85.149815,27.6009,1723
85.149805,27.600897,1723
85.149795,27.600894,1723
85.149785,27.600891,1722
85.149775,27.600888,1722
85.149765,27.600885,1722
85.149751,27.600882,1722
85.149732,27.600881,1721
85.149714,27.600879,1721
85.149696,27.600878,1722
85.149678,27.600877,1722
85.149662,27.600875,1721
85.149646,27.600875,1721
85.14963,27.600876,1721
85.149616,27.600875,1720
85.149604,27.600875,1720
85.149594,27.600874,1720
85.149587,27.600873,1720
85.149581,27.60087,1720
85.149574,27.600866,1719
85.149567,27.600864,1719
85.149561,27.600862,1719
85.149554,27.600859,1719
85.149545,27.600857,1719
85.149535,27.600854,1718
85.149523,27.600852,1718
85.14951,27.60085,1718
85.149496,27.600846,1718
85.149482,27.600842,1717
85.149468,27.600839,1719
85.149455,27.600837,1719
85.149442,27.600835,1718
85.149428,27.600832,1718
85.149414,27.60083,1718
85.149399,27.600827,1717
85.149384,27.600823,1717
85.149368,27.600821,1717
85.149354,27.60082,1716
85.149339,27.600821,1716
85.149327,27.60082,1716
85.149316,27.600819,1716
85.149303,27.600818,1716
85.14929,27.600817,1716
85.149277,27.600816,1715
85.149263,27.600815,1715
85.149248,27.600815,1715
85.149232,27.600817,1716
85.149215,27.600819,1716
85.149199,27.600822,1716
85.149181,27.600822,1716
85.149164,27.600822,1716
85.149147,27.600821,1716
85.149132,27.600819,1716
85.149116,27.600813,1716
85.1491,27.60081,1717
85.149085,27.600809,1717
85.14907,27.600811,1717
85.149056,27.600813,1718
85.149045,27.600815,1718
85.149033,27.600819,1718
85.149019,27.600822,1719
85.149004,27.600825,1719
85.148989,27.600825,1719
85.148974,27.600825,1720
85.148958,27.600824,1720
85.148942,27.600823,1720
85.14892,27.600833,1721
85.148914,27.600841,1718
85.148908,27.600848,1718
85.148902,27.600856,1718
85.148897,27.600864,1718
85.148891,27.600872,1719
85.148885,27.60088,1716
85.148879,27.600888,1716
85.148873,27.600896,1716
85.148867,27.600903,1716
85.148861,27.600911,1716
85.148855,27.600919,1713
85.148849,27.600927,1714
85.148843,27.600935,1714
85.148837,27.600943,1714
85.148831,27.600951,1714
85.148825,27.600958,1711
85.148819,27.600966,1711
85.148813,27.600974,1711
85.148807,27.600982,1711
85.148801,27.60099,1711
85.148795,27.600998,1708
85.14879,27.601005,1708
85.148784,27.601013,1708
85.148778,27.601021,1708
85.148772,27.601029,1708
85.148766,27.601037,1705
85.14876,27.601045,1706
85.148754,27.601053,1706
85.148748,27.60106,1706
85.148742,27.601068,1706
85.148736,27.601076,1703
85.14873,27.601084,1703
85.148724,27.601092,1703
85.148718,27.6011,1704
85.148712,27.601108,1701
85.148706,27.601115,1701
85.1487,27.601123,1701
85.148694,27.601131,1701
85.148688,27.601139,1701
85.148683,27.601147,1698
85.148677,27.601155,1699
85.148671,27.601163,1699
85.148665,27.60117,1699
85.148659,27.601178,1699
85.148653,27.601186,1696
85.148647,27.601194,1696
85.148641,27.601202,1696
85.148635,27.60121,1696
85.148629,27.601217,1696
85.148623,27.601225,1694
85.148617,27.601233,1694
85.148611,27.601241,1694
85.148605,27.601249,1694
85.148599,27.601257,1694
85.148593,27.601265,1691
85.148587,27.601272,1692
85.148581,27.60128,1692
85.148576,27.601288,1692
85.14857,27.601296,1692
85.148564,27.601304,1690
85.148558,27.601312,1690
85.148552,27.60132,1690
85.148546,27.601327,1691
85.14854,27.601335,1691
85.148534,27.601343,1689
85.148528,27.601351,1689
85.148522,27.601359,1689
85.148516,27.601367,1689
85.14851,27.601375,1687
85.148504,27.601382,1689
85.148498,27.60139,1689
85.148489,27.601406,1689
85.148489,27.601412,1687
85.148488,27.601417,1687
85.148488,27.601423,1687
85.148488,27.601429,1687
85.148488,27.601435,1687
85.148488,27.60144,1687
85.148488,27.601446,1687
85.148488,27.601452,1685
85.148488,27.601457,1685
85.148488,27.601463,1685
85.148488,27.601469,1685
85.148488,27.601475,1685
85.148488,27.60148,1685
85.148488,27.601486,1685
85.148488,27.601492,1684
85.148488,27.601497,1684
85.148488,27.601503,1684
85.148488,27.601509,1684
85.148488,27.601515,1684
85.148488,27.60152,1684
85.148488,27.601526,1683
85.148488,27.601532,1683
85.148488,27.601537,1683
85.148488,27.601543,1683
85.148488,27.601549,1683
85.148488,27.601555,1683
85.148488,27.60156,1683
85.148488,27.601566,1682
85.148488,27.601572,1682
85.148488,27.601578,1682
85.148488,27.601583,1682
85.148488,27.601589,1682
85.148487,27.601595,1682
85.148487,27.6016,1682
85.148487,27.601606,1680
85.148487,27.601612,1680
85.148487,27.601618,1680
85.148487,27.601623,1680
85.148487,27.601629,1680
85.148487,27.601635,1680
85.148487,27.60164,1679
85.148487,27.601646,1679
85.148487,27.601652,1679
85.148487,27.601658,1679
85.148487,27.601663,1679
85.148487,27.601669,1679
85.148487,27.601675,1679
85.148487,27.60168,1678
85.148487,27.601686,1678
85.148487,27.601692,1678
85.148487,27.601698,1678
85.148487,27.601703,1678
85.148487,27.601709,1678
85.148487,27.601715,1678
85.148487,27.60172,1676
85.148487,27.601726,1676
85.148487,27.601732,1676
85.148487,27.601738,1676
85.148487,27.601743,1676
85.148487,27.601749,1676
85.148496,27.601739,1676
85.148499,27.601742,1676
85.148502,27.601744,1676
85.148504,27.601747,1676
85.148507,27.60175,1674
85.148509,27.601752,1674
85.148512,27.601755,1672
85.148514,27.601758,1672
85.148517,27.60176,1672
85.148519,27.601763,1672
85.148522,27.601766,1672
85.148524,27.601769,1672
85.148527,27.601771,1672
85.148529,27.601774,1672
85.148532,27.601777,1672
85.148534,27.601779,1672
85.148537,27.601782,1672
85.148539,27.601785,1672
85.148542,27.601788,1672
85.148544,27.60179,1672
85.148547,27.601793,1671
85.148549,27.601796,1671
85.148552,27.601798,1668
85.148554,27.601801,1668
85.148557,27.601804,1668
85.148559,27.601806,1668
85.148562,27.601809,1668
85.148564,27.601812,1668
85.148567,27.601815,1668
85.148569,27.601817,1668
85.148572,27.60182,1668
85.148574,27.601823,1668
85.148577,27.601825,1668
85.148579,27.601828,1668
85.148582,27.601831,1667
85.148584,27.601834,1667
85.148587,27.601836,1667
85.148589,27.601839,1667
85.148592,27.601842,1665
85.148594,27.601844,1665
85.148597,27.601847,1665
85.148599,27.60185,1665
85.148602,27.601852,1665
85.148604,27.601855,1665
85.148607,27.601858,1665
85.14861,27.601861,1665
85.148612,27.601863,1665
85.148615,27.601866,1665
85.148617,27.601869,1664
85.14862,27.601871,1664
85.148622,27.601874,1664
85.148625,27.601877,1664
85.148627,27.60188,1664
85.14863,27.601882,1664
85.148632,27.601885,1664
85.148635,27.601888,1662
85.148639,27.601901,1662
85.148644,27.601915,1661
85.148649,27.60193,1661
85.148653,27.601946,1659
85.148654,27.60196,1659
85.148655,27.601975,1659
85.148653,27.60199,1659
85.148651,27.602003,1659
85.148647,27.602015,1659
85.148642,27.602026,1658
85.148637,27.602036,1658
85.14863,27.602047,1660
85.148623,27.60206,1660
85.148616,27.602073,1660
85.148608,27.602088,1660
85.148599,27.602104,1659
85.148591,27.602119,1662
85.148584,27.602135,1662
85.14858,27.602149,1662
85.148578,27.602163,1662
85.148579,27.602177,1661
85.14858,27.60219,1661
85.148582,27.6022,1661
85.148585,27.602211,1661
85.148587,27.602222,1661
85.148588,27.602234,1661
85.148589,27.602247,1661
85.14859,27.60226,1661
85.148593,27.602273,1659
85.148598,27.602286,1659
85.148604,27.602297,1658
85.148609,27.602308,1658
85.148613,27.60232,1658
85.148617,27.602332,1658
85.14862,27.602344,1658
85.148623,27.602357,1658
85.148626,27.602369,1658
85.14863,27.602381,1658
85.148632,27.602393,1658
85.148633,27.602407,1658
85.148634,27.602422,1658
85.148635,27.602438,1655
85.148636,27.602453,1655
85.148635,27.602469,1655
85.148634,27.602484,1657
85.148631,27.602499,1657
85.148628,27.602512,1657
85.148625,27.602526,1657
85.148621,27.602538,1657
85.148616,27.60255,1657
85.148611,27.602561,1656
85.148605,27.602573,1656
85.1486,27.602585,1656
85.148593,27.602596,1656
85.148584,27.602608,1658
85.148575,27.60262,1658
85.148561,27.602638,1657
85.148556,27.602642,1657
85.148551,27.602646,1657
85.148545,27.60265,1659
85.14854,27.602654,1659
85.148535,27.602658,1659
85.14853,27.602663,1659
85.148525,27.602667,1658
85.148519,27.602671,1658
85.148514,27.602675,1658
85.148509,27.602679,1658
85.148504,27.602683,1659
85.148499,27.602688,1659
85.148493,27.602692,1659
85.148488,27.602696,1659
85.148483,27.6027,1659
85.148478,27.602704,1659
85.148472,27.602709,1659
85.148467,27.602713,1659
85.148462,27.602717,1660
85.148457,27.602721,1660
85.148452,27.602725,1660
85.148446,27.602729,1660
85.148441,27.602734,1660
85.148436,27.602738,1660
85.148431,27.602742,1660
85.148426,27.602746,1660
85.14842,27.60275,1661
85.148415,27.602754,1661
85.14841,27.602759,1661
85.148405,27.602763,1661
85.1484,27.602767,1661
85.148394,27.602771,1661
85.148389,27.602775,1661
85.148384,27.602779,1661
85.148379,27.602784,1660
85.148373,27.602788,1661
85.148368,27.602792,1661
85.148363,27.602796,1661
85.148358,27.6028,1661
85.148353,27.602805,1661
85.148347,27.602809,1661
85.148342,27.602813,1661
85.148337,27.602817,1661
85.148332,27.602821,1661
85.148327,27.602825,1661
85.148321,27.60283,1661
85.148316,27.602834,1661
85.148311,27.602838,1661
85.148306,27.602842,1661
85.148301,27.602846,1661
85.148295,27.60285,1661
85.14829,27.602855,1662
85.148285,27.602859,1661
85.14828,27.602863,1661
85.148275,27.602867,1661
85.148269,27.602871,1661
85.148264,27.602875,1661
85.148259,27.60288,1661
85.148254,27.602884,1661
85.148248,27.602888,1662
85.148243,27.602892,1662
85.148238,27.602896,1661
85.148233,27.602901,1661
85.148228,27.602905,1661
85.148222,27.602909,1661
85.148217,27.602913,1661
85.148212,27.602917,1661
85.148207,27.602921,1661
85.148202,27.602926,1661
85.148196,27.60293,1661
85.148191,27.602934,1660
85.148186,27.602938,1660
85.148181,27.602942,1660
85.148176,27.602946,1660
85.14817,27.602951,1660
85.148165,27.602955,1660
85.14816,27.602959,1661
85.148155,27.602963,1661
85.148149,27.602967,1661
85.148144,27.602971,1659
85.148139,27.602976,1659
85.148134,27.60298,1659
85.148129,27.602984,1659
85.148123,27.602988,1659
85.148118,27.602992,1660
85.148113,27.602997,1660
85.148108,27.603001,1660
85.148103,27.603005,1660
85.148097,27.603009,1658
85.148092,27.603013,1658
85.148087,27.603017,1658
85.148082,27.603022,1658
85.148077,27.603026,1658
85.148071,27.60303,1658
85.148066,27.603034,1658
85.148061,27.603038,1658
85.148056,27.603042,1658
85.14805,27.603047,1657
85.148039,27.603056,1657
85.148026,27.603065,1656
85.148012,27.603074,1656
85.147998,27.603083,1656
85.147985,27.603095,1654
85.147972,27.603107,1654
85.14796,27.603121,1654
85.147949,27.603134,1652
85.14794,27.603146,1651
85.147932,27.603157,1651
85.147923,27.603168,1650
85.147913,27.603178,1650
85.147903,27.603189,1649
85.147894,27.603199,1647
85.147884,27.603209,1647
85.147873,27.603217,1647
85.147863,27.603227,1647
85.147852,27.603236,1646
85.14784,27.603246,1645
85.147829,27.603258,1645
85.14782,27.603271,1645
85.147811,27.603285,1643
85.147804,27.603299,1643
85.147796,27.603313,1642
85.147789,27.603326,1642
85.147783,27.603339,1642
85.147777,27.603351,1641
85.147771,27.603362,1641
85.147765,27.603374,1641
85.147757,27.603385,1641
85.147749,27.603397,1640
85.147741,27.603409,1640
85.147732,27.603421,1639
85.147723,27.603434,1638
85.147713,27.603446,1638
85.147702,27.603457,1638
85.147691,27.603469,1637
85.14768,27.603481,1637
85.14767,27.603492,1637
85.147658,27.603502,1637
85.147648,27.603511,1636
85.147639,27.603521,1636
85.147632,27.603529,1636
85.147626,27.603537,1636
85.147622,27.603543,1635
85.147619,27.603549,1635
85.147611,27.603562,1635
85.147598,27.603559,1636
85.147596,27.603559,1636
85.147592,27.60356,1636
85.147589,27.603561,1636
85.147583,27.60357,1636
85.147588,27.603577,1636
85.147588,27.603578,1636
85.147588,27.60358,1635
85.147589,27.603583,1635
85.147591,27.603595,1635
85.147591,27.603597,1635
85.147574,27.603599,1635
85.147571,27.603599,1635
85.147565,27.603601,1635
85.147556,27.603604,1635
85.147546,27.603607,1635
85.147534,27.603612,1635
85.147524,27.603617,1635
85.14751,27.603622,1634
85.147507,27.603621,1634
85.147503,27.603621,1634
85.1475,27.60362,1634
85.147496,27.60362,1634
85.147493,27.60362,1634
85.147489,27.603619,1634
85.147486,27.603619,1634
85.147482,27.603618,1634
85.147479,27.603618,1634
85.147475,27.603618,1635
85.147472,27.603617,1635
85.147469,27.603617,1635
85.147465,27.603617,1635
85.147462,27.603616,1635
85.147458,27.603616,1635
85.147455,27.603615,1635
85.147451,27.603615,1635
85.147448,27.603615,1635
85.147444,27.603614,1635
85.147441,27.603614,1635
85.147437,27.603613,1635
85.147434,27.603613,1635
85.14743,27.603613,1635
85.147427,27.603612,1635
85.147423,27.603612,1635
85.14742,27.603612,1635
85.147416,27.603611,1635
85.147413,27.603611,1635
85.147409,27.60361,1635
85.147406,27.60361,1635
85.147403,27.60361,1635
85.147399,27.603609,1635
85.147396,27.603609,1635
85.147392,27.603608,1635
85.147389,27.603608,1635
85.147385,27.603608,1635
85.147382,27.603607,1635
85.147378,27.603607,1635
85.147375,27.603607,1635
85.147371,27.603606,1635
85.147368,27.603606,1635
85.147364,27.603605,1635
85.147361,27.603605,1635
85.147357,27.603605,1635
85.147354,27.603604,1635
85.14735,27.603604,1635
85.147347,27.603603,1634
85.147344,27.603603,1634
85.14734,27.603603,1634
85.147337,27.603602,1634
85.147333,27.603602,1634
85.14733,27.603602,1634
85.147326,27.603601,1634
85.147323,27.603601,1634
85.147319,27.6036,1634
85.147316,27.6036,1634
85.147312,27.6036,1634
85.147309,27.603599,1634
85.147305,27.603599,1634
85.147302,27.603598,1634
85.147298,27.603598,1634
85.147295,27.603598,1634
85.147291,27.603597,1634
85.147288,27.603597,1634
85.147284,27.603597,1634
85.147281,27.603596,1634
85.147278,27.603596,1634
85.147274,27.603595,1634
85.147271,27.603595,1634
85.147267,27.603595,1634
85.147264,27.603594,1634
85.14726,27.603594,1633
85.147257,27.603593,1633
85.147253,27.603593,1633
85.14725,27.603593,1633
85.147246,27.603592,1633
85.147243,27.603592,1633
85.147239,27.603592,1633
85.147236,27.603591,1633
85.147232,27.603591,1633
85.147229,27.60359,1633
85.147225,27.60359,1633
85.147222,27.60359,1633
85.147218,27.603589,1633
85.147215,27.603589,1633
85.147212,27.603588,1633
85.147208,27.603588,1633
85.147205,27.603588,1633
85.147201,27.603587,1633
85.147198,27.603587,1633
85.147194,27.603587,1633
85.147191,27.603586,1633
85.147187,27.603586,1633
85.147184,27.603585,1633
85.14718,27.603585,1633
85.147177,27.603585,1633
85.147173,27.603584,1632
85.14717,27.603584,1632
85.147166,27.603583,1632
85.147163,27.603583,1632
85.147169,27.603564,1632
85.147171,27.603555,1632
85.147172,27.603546,1632
85.147173,27.603537,1632
85.147174,27.603528,1632
85.147176,27.603519,1633
85.147177,27.60351,1633
85.147178,27.603501,1633
85.147179,27.603492,1633
85.147181,27.603484,1633
85.147182,27.603475,1633
85.147183,27.603466,1633
85.147184,27.603457,1633
85.147185,27.603448,1633
85.147187,27.603439,1633
85.147188,27.60343,1633
85.147189,27.603421,1633
85.14719,27.603412,1633
85.147192,27.603403,1633
85.147193,27.603394,1633
85.147194,27.603385,1633
85.147195,27.603376,1633
85.147196,27.603367,1633
85.147198,27.603358,1633
85.147199,27.603349,1634
85.1472,27.60334,1634
85.147201,27.603331,1634
85.147203,27.603322,1634
85.147204,27.603313,1634
85.1472,27.603305,1634
85.147195,27.603302,1634
85.14719,27.603298,1634
85.147185,27.603294,1634
85.14718,27.603291,1634
85.147175,27.603287,1634
85.14717,27.603283,1634
85.147165,27.60328,1634
85.14716,27.603276,1634
85.147155,27.603273,1634
85.14715,27.603269,1634
85.147145,27.603265,1634
85.14714,27.603262,1634
85.147135,27.603258,1634
85.14713,27.603255,1634
85.147125,27.603251,1634
85.14712,27.603247,1634
85.147115,27.603244,1634
85.14711,27.60324,1634
85.147105,27.603236,1634
85.1471,27.603233,1634
85.147095,27.603229,1634
85.14709,27.603226,1634
85.147085,27.603222,1634
85.14708,27.603218,1634
85.147075,27.603215,1634
85.14707,27.603211,1634
85.147065,27.603207,1634
85.14706,27.603204,1634
85.147055,27.6032,1634
85.14705,27.603197,1635
85.147045,27.603193,1635
85.14704,27.603189,1635
85.147035,27.603186,1635
85.14703,27.603182,1635
85.147025,27.603179,1635
85.14702,27.603175,1635
85.147015,27.603171,1635
85.14701,27.603168,1635
85.147005,27.603164,1635
85.147,27.60316,1636
85.146994,27.603157,1636
85.146989,27.603153,1636
85.146984,27.60315,1636
85.146979,27.603146,1636
85.146974,27.603142,1636
85.146969,27.603139,1636
85.146964,27.603135,1636
85.146959,27.603131,1636
85.146954,27.603128,1636
85.146949,27.603124,1636
85.146944,27.603121,1637
85.146939,27.603117,1637
85.146934,27.603113,1637
85.146929,27.60311,1637
85.146924,27.603106,1637
85.146919,27.603103,1637
85.146914,27.603099,1638
85.146909,27.603095,1638
85.146904,27.603092,1638
85.146899,27.603088,1638
85.146894,27.603084,1639
85.146889,27.603081,1639
85.146884,27.603077,1639
85.146879,27.603074,1639
85.146874,27.60307,1640
85.146869,27.603066,1640
85.146864,27.603063,1640
85.146859,27.603059,1640
85.146854,27.603055,1640
85.146849,27.603052,1640
85.146844,27.603048,1640
85.146839,27.603045,1641
85.146834,27.603041,1641
85.146829,27.603037,1642
85.146824,27.603034,1642
85.146819,27.60303,1642
85.146814,27.603027,1642
85.146809,27.603023,1642
85.146804,27.603019,1642
85.146799,27.603016,1642
85.146794,27.603012,1642
85.146789,27.603008,1645
85.146784,27.603005,1645
85.146779,27.603001,1645
85.146774,27.602998,1645
85.146769,27.602994,1645
85.146764,27.60299,1645
85.146759,27.602987,1645
85.146754,27.602983,1645
85.146749,27.602979,1645
85.146744,27.602976,1646
85.146739,27.602972,1646
85.146734,27.602969,1650
85.146729,27.602965,1650
85.146724,27.602961,1650
85.146719,27.602958,1650
85.146714,27.602954,1650
85.146709,27.602951,1650
85.146704,27.602947,1650
85.146699,27.602943,1651
85.146694,27.60294,1651
85.146689,27.602936,1651
85.146684,27.602932,1655
85.146679,27.602929,1655
85.146673,27.602925,1655
85.146668,27.602922,1655
85.146663,27.602918,1655
85.146658,27.602914,1656
85.146643,27.602919,1656
85.146638,27.602917,1656
85.146633,27.602915,1656
85.146627,27.602913,1656
85.146622,27.602911,1656
85.146617,27.602909,1656
85.146612,27.602907,1656
85.146607,27.602905,1656
85.146602,27.602903,1656
85.146596,27.602901,1656
85.146591,27.602899,1656
85.146586,27.602897,1656
85.146581,27.602894,1660
85.146576,27.602892,1660
85.146571,27.60289,1661
85.146565,27.602888,1661
85.14656,27.602886,1661
85.146555,27.602884,1661
85.14655,27.602882,1661
85.146545,27.60288,1661
85.14654,27.602878,1661
85.146535,27.602876,1661
85.146529,27.602874,1661
85.146524,27.602872,1661
85.146519,27.60287,1661
85.146514,27.602868,1661
85.146509,27.602866,1661
85.146504,27.602864,1661
85.146498,27.602861,1661
85.146493,27.602859,1661
85.146488,27.602857,1661
85.146483,27.602855,1663
85.146478,27.602853,1663
85.146473,27.602851,1663
85.146467,27.602849,1663
85.146462,27.602847,1663
85.146457,27.602845,1663
85.146452,27.602843,1663
85.146447,27.602841,1663
85.146442,27.602839,1663
85.146436,27.602837,1663
85.146431,27.602835,1663
85.146426,27.602833,1663
85.146421,27.60283,1663
85.146416,27.602828,1663
85.146411,27.602826,1663
85.146405,27.602824,1663
85.1464,27.602822,1662
85.146395,27.60282,1662
85.14639,27.602818,1664
85.146385,27.602816,1664
85.14638,27.602814,1664
85.146374,27.602812,1664
85.146369,27.60281,1664
85.146353,27.602801,1663
85.146347,27.6028,1663
85.146341,27.602798,1663
85.146335,27.602797,1663
85.146329,27.602795,1663
85.146323,27.602794,1663
85.146316,27.602792,1663
85.14631,27.602791,1663
85.146304,27.602789,1663
85.146298,27.602788,1663
85.146292,27.602786,1663
85.146286,27.602785,1663
85.14628,27.602783,1663
85.146273,27.602782,1663
85.146267,27.60278,1665
85.146261,27.602779,1665
85.146255,27.602777,1665
85.146249,27.602776,1665
85.146243,27.602774,1665
85.146236,27.602773,1665
85.14623,27.602771,1665
85.146224,27.60277,1665
85.146218,27.602768,1665
85.146212,27.602767,1665
85.146206,27.602765,1665
85.146199,27.602764,1665
85.146193,27.602762,1665
85.146187,27.602761,1665
85.146181,27.602759,1665
85.146175,27.602758,1665
85.146169,27.602756,1665
85.146163,27.602755,1665
85.146156,27.602753,1665
85.14615,27.602752,1665
85.146144,27.60275,1664
85.146138,27.602749,1664
85.146132,27.602747,1664
85.146127,27.602746,1664
</coordinates>
</LineString>
</Placemark>
<Placemark>
<name>c</name>
<styleUrl>#line-F0F000-2000-nodesc</styleUrl>
<LineString>
<tessellate>1</tessellate>
<coordinates>
85.151957,27.616634,1536
85.151967,27.616633,1536
85.151979,27.616633,1536
85.151991,27.616633,1537
85.152004,27.616632,1537
85.152016,27.616632,1537
85.152028,27.616632,1537
85.152041,27.616631,1537
85.152053,27.616631,1537
85.152065,27.616631,1537
85.152078,27.61663,1539
85.15209,27.61663,1539
85.152102,27.61663,1539
85.152114,27.616629,1540
85.152127,27.616629,1540
85.152139,27.616628,1540
85.152151,27.616628,1540
85.152164,27.616628,1541
85.152176,27.616627,1541
85.152188,27.616627,1541
85.152201,27.616627,1543
85.152213,27.616626,1543
85.152225,27.616626,1543
85.152237,27.616626,1543
85.15225,27.616625,1544
85.152262,27.616625,1544
85.152278,27.616606,1544
85.152284,27.616596,1546
85.152289,27.616586,1546
85.152295,27.616576,1546
85.152301,27.616566,1546
85.152306,27.616556,1546
85.152312,27.616546,1545
85.152318,27.616536,1545
85.152323,27.616526,1545
85.152329,27.616516,1547
85.152334,27.616506,1547
85.15234,27.616495,1547
85.152346,27.616485,1547
85.152351,27.616475,1547
85.152357,27.616465,1546
85.152363,27.616455,1546
85.152368,27.616445,1546
85.152374,27.616435,1547
85.15238,27.616425,1546
85.152385,27.616415,1546
85.152391,27.616405,1546
85.152396,27.616395,1546
85.152402,27.616384,1545
85.152408,27.616374,1545
85.152413,27.616364,1546
85.152419,27.616354,1544
85.152425,27.616344,1544
85.15243,27.616334,1544
85.152436,27.616324,1544
85.152441,27.616314,1542
85.152447,27.616304,1542
85.152453,27.616294,1542
85.152458,27.616284,1543
85.152464,27.616274,1540
85.15247,27.616263,1540
85.152475,27.616253,1540
85.152481,27.616243,1540
85.152487,27.616233,1538
85.152492,27.616223,1538
85.152498,27.616213,1539
85.152503,27.616203,1537
85.152509,27.616193,1537
85.152515,27.616183,1537
85.15252,27.616173,1537
85.152526,27.616163,1535
85.152532,27.616152,1535
85.152537,27.616142,1535
85.152543,27.616132,1535
85.152549,27.616122,1533
85.152554,27.616112,1533
85.15256,27.616102,1533
85.152565,27.616092,1533
85.152571,27.616082,1533
85.152577,27.616072,1534
85.152582,27.616062,1534
85.152588,27.616052,1535
85.152594,27.616041,1535
85.152599,27.616031,1535
85.152605,27.616021,1535
85.152611,27.616011,1534
85.152608,27.615992,1534
85.152609,27.615981,1534
85.15261,27.61597,1534
85.152611,27.615959,1534
85.152611,27.615949,1534
85.152612,27.615938,1533
85.152613,27.615927,1533
85.152614,27.615916,1533
85.152614,27.615905,1533
85.152615,27.615894,1533
85.152616,27.615883,1533
85.152617,27.615872,1533
85.152617,27.615862,1533
85.152618,27.615851,1533
85.152619,27.61584,1533
85.152619,27.615829,1533
85.15262,27.615818,1533
85.152621,27.615807,1533
85.152622,27.615796,1533
85.152622,27.615786,1532
85.152623,27.615775,1532
85.152624,27.615764,1532
85.152625,27.615753,1532
85.152625,27.615742,1532
85.152626,27.615731,1532
85.152627,27.61572,1532
85.152628,27.61571,1532
85.152628,27.615699,1532
85.152629,27.615688,1532
85.15263,27.615677,1532
85.152631,27.615666,1532
85.152631,27.615655,1532
85.152632,27.615644,1532
85.152633,27.615633,1532
85.152634,27.615623,1532
85.152634,27.615612,1532
85.152635,27.615601,1532
85.152636,27.61559,1532
85.152637,27.615579,1532
85.152637,27.615568,1532
85.152638,27.615557,1532
85.152639,27.615547,1532
85.15264,27.615536,1532
85.15264,27.615525,1532
85.152641,27.615514,1532
85.152642,27.615503,1532
85.152643,27.615492,1532
85.152643,27.615481,1532
85.152644,27.615471,1532
85.152645,27.61546,1532
85.152646,27.615449,1532
85.152646,27.615438,1532
85.152647,27.615427,1532
85.152648,27.615416,1532
85.152649,27.615405,1532
85.152649,27.615395,1532
85.15265,27.615384,1532
85.152651,27.615373,1532
85.152652,27.615362,1532
85.152652,27.615351,1532
85.152653,27.61534,1532
85.152649,27.615329,1532
85.152645,27.615318,1532
85.152641,27.615305,1532
85.152636,27.615293,1532
85.152632,27.615282,1532
85.152627,27.61527,1532
85.152622,27.615258,1532
85.152615,27.615248,1532
85.152608,27.615236,1532
85.152601,27.615226,1532
85.152593,27.615215,1532
85.152586,27.615205,1532
85.152579,27.615195,1532
85.152574,27.615185,1532
85.152569,27.615178,1532
85.152565,27.615172,1532
85.152562,27.615168,1532
85.152564,27.615157,1532
85.152568,27.615156,1532
85.152575,27.615155,1532
85.152584,27.615154,1532
85.152593,27.615152,1532
85.152602,27.615151,1532
85.152609,27.61515,1532
85.152616,27.615149,1532
85.152622,27.615148,1532
85.152627,27.615147,1533
85.152633,27.615144,1533
85.152631,27.615145,1533
85.152627,27.615146,1533
85.152622,27.615148,1532
85.152617,27.615149,1532
85.152607,27.61515,1532
85.152607,27.615149,1532
85.152609,27.615146,1532
85.15261,27.615143,1532
85.152615,27.615138,1533
85.15262,27.615132,1533
85.152627,27.615124,1533
85.152634,27.615116,1533
85.152639,27.615109,1533
85.152645,27.615105,1533
85.152652,27.615102,1533
85.152661,27.615098,1533
85.152669,27.615094,1534
85.152676,27.615088,1534
85.152681,27.615083,1534
85.152693,27.615067,1534
85.152694,27.615065,1534
85.152695,27.615061,1534
85.152696,27.615056,1534
85.152696,27.615049,1534
85.152692,27.615043,1534
85.152688,27.615037,1534
85.152685,27.615032,1534
85.152684,27.615026,1534
85.152684,27.61502,1534
85.152685,27.615014,1534
85.152685,27.615008,1534
85.152685,27.615001,1534
85.152685,27.614996,1534
85.152684,27.614991,1534
85.152682,27.614986,1534
85.152681,27.614981,1534
85.15268,27.614975,1534
85.152679,27.614967,1534
85.152678,27.614959,1534
85.152676,27.614951,1534
85.152672,27.614944,1535
85.152665,27.614938,1534
85.152659,27.614932,1534
85.152652,27.614928,1534
85.152646,27.614923,1534
85.152641,27.614918,1534
85.152635,27.614914,1534
85.152627,27.614911,1534
85.152618,27.614909,1534
85.15261,27.614907,1534
85.152604,27.614905,1534
85.152599,27.614903,1534
85.152596,27.614899,1534
85.152593,27.614896,1534
85.152589,27.614892,1534
85.152584,27.614889,1534
85.152578,27.614884,1534
85.152572,27.61488,1534
85.152566,27.614877,1534
85.152558,27.614873,1534
85.152548,27.61487,1534
85.152539,27.614867,1534
85.152528,27.614863,1534
85.152517,27.614859,1534
85.152506,27.614856,1534
85.152495,27.614852,1533
85.152485,27.614848,1533
85.152475,27.614844,1533
85.152467,27.61484,1533
85.15246,27.614836,1533
85.152455,27.614832,1533
85.152448,27.614828,1533
85.15244,27.614823,1533
85.152431,27.614816,1533
85.152423,27.614808,1533
85.152415,27.614799,1533
85.152407,27.614791,1533
85.152399,27.614783,1533
85.152392,27.614775,1533
85.152384,27.614767,1533
85.152379,27.614759,1533
85.152374,27.61475,1533
85.152369,27.614739,1533
85.152364,27.614726,1533
85.152358,27.614711,1533
85.152351,27.614695,1533
85.152345,27.614681,1534
85.152338,27.614667,1534
85.152331,27.614653,1534
85.152326,27.614629,1534
85.152328,27.614619,1534
85.152329,27.614609,1534
85.15233,27.6146,1534
85.152331,27.61459,1534
85.152333,27.61458,1534
85.152334,27.614571,1534
85.152335,27.614561,1534
85.152336,27.614551,1534
85.152338,27.614542,1534
85.152339,27.614532,1534
85.15234,27.614522,1535
85.152341,27.614513,1535
85.152343,27.614503,1535
85.152344,27.614494,1535
85.152345,27.614484,1535
85.152346,27.614474,1535
85.152348,27.614465,1535
85.152349,27.614455,1535
85.15235,27.614445,1535
85.152351,27.614436,1535
85.152353,27.614426,1535
85.152354,27.614416,1536
85.152355,27.614407,1536
85.152356,27.614397,1536
85.152358,27.614387,1536
85.152359,27.614378,1536
85.15236,27.614368,1536
85.152361,27.614358,1536
85.152363,27.614349,1536
85.152364,27.614339,1536
85.152365,27.614329,1536
85.152366,27.61432,1536
85.152368,27.61431,1536
85.152369,27.6143,1537
85.15237,27.614291,1537
85.152371,27.614281,1537
85.152373,27.614271,1537
85.152374,27.614262,1537
85.152375,27.614252,1537
85.152377,27.614242,1537
85.152378,27.614233,1537
85.152379,27.614223,1538
85.15238,27.614213,1538
85.152382,27.614204,1538
85.152383,27.614194,1538
85.152384,27.614184,1538
85.152385,27.614175,1538
85.152387,27.614165,1538
85.152388,27.614156,1538
85.152389,27.614146,1538
85.152409,27.614129,1538
85.152416,27.614121,1539
85.152424,27.614113,1539
85.152431,27.614105,1539
85.152439,27.614097,1539
85.152446,27.614088,1539
85.152454,27.61408,1539
85.152461,27.614072,1540
85.152468,27.614063,1540
85.152472,27.614056,1540
85.152476,27.61405,1540
85.15248,27.614045,1540
85.15248,27.61404,1540
85.15248,27.614033,1540
85.152479,27.614024,1540
85.152477,27.614013,1540
85.152475,27.614,1540
85.152476,27.613988,1540
85.15248,27.613976,1540
85.152485,27.613964,1540
85.152492,27.613953,1541
85.152499,27.613942,1541
85.152506,27.61393,1541
85.152514,27.613918,1541
85.152522,27.613904,1541
85.152528,27.613889,1541
85.152532,27.613874,1542
85.152535,27.613859,1542
85.152537,27.613848,1542
85.15254,27.613839,1542
85.152545,27.613832,1542
85.152549,27.613826,1542
85.152552,27.61382,1542
85.152555,27.613816,1542
85.15256,27.613811,1542
85.152565,27.613804,1543
85.152568,27.613794,1543
85.152571,27.613786,1543
85.152576,27.613778,1543
85.152581,27.61377,1543
85.152586,27.613761,1543
85.152591,27.613751,1543
85.152596,27.613742,1543
85.152602,27.613734,1543
85.152606,27.613726,1544
85.152609,27.61372,1544
85.152617,27.613714,1544
85.152615,27.613718,1544
85.152617,27.613723,1544
85.152618,27.613723,1544
85.15262,27.613729,1544
85.152619,27.613728,1544
85.152617,27.613726,1544
85.152614,27.613723,1544
85.152607,27.613713,1544
85.152605,27.613711,1544
85.152599,27.613711,1544
85.152597,27.613711,1544
85.152595,27.613711,1544
85.152591,27.613711,1544
85.152588,27.613711,1544
85.152584,27.613711,1544
85.152572,27.613709,1543
85.152569,27.613701,1543
85.152568,27.6137,1543
85.152567,27.613699,1543
85.152566,27.613697,1543
85.152564,27.613688,1543
85.152563,27.613686,1543
85.152563,27.613684,1543
85.15256,27.613676,1543
85.15256,27.613671,1543
85.152569,27.61366,1543
85.152572,27.613657,1543
85.152579,27.613651,1543
85.152587,27.613643,1544
85.152598,27.613633,1544
85.152609,27.613621,1544
85.152618,27.613606,1544
85.152627,27.61359,1545
85.152637,27.613576,1545
85.152646,27.613563,1545
85.152654,27.613551,1545
85.152661,27.613539,1545
85.152666,27.61353,1545
85.15267,27.613522,1546
85.152674,27.613514,1546
85.152676,27.613508,1546
85.15269,27.6135,1546
85.152691,27.6135,1546
85.15269,27.6135,1546
85.152704,27.613498,1546
85.152704,27.613497,1546
85.152706,27.613497,1546
85.15272,27.613503,1530
85.152721,27.613503,1530
85.152724,27.613504,1530
85.152728,27.613503,1530
85.152732,27.613502,1530
85.152737,27.613498,1530
85.15276,27.613471,1533
85.15276,27.61347,1533
85.152757,27.613465,1533
85.152759,27.613459,1533
85.152764,27.613452,1533
85.152771,27.613442,1533
85.152778,27.613434,1533
85.152784,27.613424,1533
85.15279,27.613412,1533
85.152799,27.613401,1537
85.152813,27.613378,1537
85.152818,27.613365,1537
85.152822,27.613352,1536
85.152827,27.613339,1536
85.152831,27.613327,1536
85.152836,27.613314,1536
85.15284,27.613301,1536
85.152845,27.613288,1539
85.152849,27.613276,1538
85.152854,27.613263,1538
85.152859,27.61325,1538
85.152863,27.613238,1537
85.152868,27.613225,1537
85.152872,27.613212,1537
85.152877,27.613199,1548
85.152881,27.613187,1548
85.152886,27.613174,1549
85.15289,27.613161,1549
85.152895,27.613148,1549
85.1529,27.613136,1549
85.152904,27.613123,1549
85.152909,27.61311,1549
85.152913,27.613098,1549
85.152918,27.613085,1549
85.152922,27.613072,1549
85.152929,27.613048,1549
85.152931,27.613036,1549
85.152932,27.613024,1549
85.152934,27.613012,1549
85.152936,27.613,1549
85.152938,27.612988,1549
85.15294,27.612975,1549
85.152941,27.612963,1549
85.152943,27.612951,1549
85.152945,27.612939,1549
85.152947,27.612927,1549
85.152948,27.612915,1549
85.15295,27.612903,1549
85.152952,27.61289,1549
85.152954,27.612878,1549
85.152956,27.612866,1549
85.152957,27.612854,1548
85.152959,27.612842,1548
85.152961,27.61283,1548
85.152963,27.612818,1548
85.152964,27.612806,1548
85.152966,27.612793,1548
85.152968,27.612781,1548
85.15297,27.612769,1549
85.152972,27.612757,1549
85.152973,27.612745,1549
85.152975,27.612733,1548
85.152977,27.612721,1548
85.152979,27.612708,1548
85.152981,27.612696,1548
85.152982,27.612684,1548
85.152984,27.612672,1548
85.152986,27.61266,1548
85.152988,27.612648,1548
85.152989,27.612636,1548
85.152991,27.612623,1548
85.152993,27.612611,1548
85.152995,27.612599,1548
85.152997,27.612587,1547
85.152998,27.612575,1547
85.153,27.612563,1547
85.153002,27.612551,1547
85.153004,27.612538,1547
85.153005,27.612526,1547
85.153007,27.612514,1547
85.153009,27.612502,1547
85.153011,27.61249,1547
85.153013,27.612478,1547
85.153014,27.612466,1547
85.153016,27.612453,1547
85.153018,27.612441,1547
85.153005,27.612388,1546
85.153009,27.612375,1546
85.153013,27.612364,1546
85.153017,27.612353,1546
85.15302,27.612342,1546
85.153024,27.612332,1546
85.153028,27.612321,1545
85.153031,27.61231,1545
85.153035,27.612299,1545
85.153038,27.612289,1545
85.153042,27.612278,1545
85.153046,27.612267,1545
85.153049,27.612256,1545
85.153053,27.612246,1545
85.153057,27.612235,1545
85.15306,27.612224,1545
85.153064,27.612213,1545
85.153068,27.612203,1545
85.153071,27.612192,1545
85.153075,27.612181,1545
85.153079,27.61217,1545
85.153082,27.61216,1545
85.153086,27.612149,1545
85.15309,27.612138,1545
85.153093,27.612127,1544
85.153097,27.612117,1544
85.153101,27.612106,1545
85.153104,27.612095,1544
85.153108,27.612084,1544
85.153112,27.612074,1544
85.153115,27.612063,1544
85.153119,27.612052,1544
85.153122,27.612041,1544
85.153126,27.612031,1544
85.15313,27.61202,1544
85.153133,27.612009,1544
85.153137,27.611998,1544
85.153141,27.611988,1544
85.153144,27.611977,1544
85.153148,27.611966,1544
85.153152,27.611955,1544
85.153155,27.611945,1543
85.153159,27.611934,1543
85.153163,27.611923,1543
85.153166,27.611912,1543
85.15317,27.611902,1543
85.153174,27.611891,1543
85.153177,27.61188,1543
85.153181,27.611869,1543
85.153185,27.611859,1543
85.153188,27.611848,1543
85.153192,27.611837,1543
85.153195,27.611826,1543
85.153199,27.611816,1543
85.153203,27.611805,1543
85.153206,27.611794,1543
85.15321,27.611783,1542
85.153214,27.611773,1542
85.153217,27.611762,1542
85.153226,27.61174,1542
85.15323,27.611733,1531
85.153235,27.611725,1531
85.153239,27.611717,1531
85.153243,27.611709,1531
85.153247,27.611701,1531
85.153251,27.611694,1531
85.153255,27.611686,1531
85.153259,27.611678,1531
85.153264,27.61167,1531
85.153268,27.611662,1531
85.153272,27.611654,1532
85.153276,27.611647,1532
85.15328,27.611639,1532
85.153284,27.611631,1532
85.153289,27.611623,1532
85.153293,27.611615,1532
85.153297,27.611607,1532
85.153301,27.6116,1532
85.153305,27.611592,1532
85.153309,27.611584,1532
85.153314,27.611576,1533
85.153318,27.611568,1533
85.153322,27.61156,1533
85.153326,27.611553,1533
85.15333,27.611545,1533
85.153334,27.611537,1533
85.153339,27.611529,1533
85.153343,27.611521,1533
85.153347,27.611514,1533
85.153351,27.611506,1533
85.153355,27.611498,1533
85.153359,27.61149,1534
85.153363,27.611482,1534
85.153368,27.611474,1534
85.153372,27.611467,1534
85.153376,27.611459,1534
85.15338,27.611451,1534
85.153384,27.611443,1534
85.153388,27.611435,1534
85.153393,27.611427,1534
85.153397,27.61142,1534
85.153401,27.611412,1535
85.153405,27.611404,1535
85.153409,27.611396,1535
85.153413,27.611388,1535
85.153418,27.61138,1535
85.153422,27.611373,1535
85.153426,27.611365,1535
85.15343,27.611357,1535
85.153434,27.611349,1535
85.153438,27.611341,1535
85.153442,27.611334,1539
85.153447,27.611326,1539
85.153451,27.611318,1539
85.153455,27.61131,1539
85.153459,27.611302,1539
85.153463,27.611294,1539
85.153467,27.611287,1539
85.15347,27.61127,1539
85.153473,27.611266,1539
85.153475,27.611262,1539
85.153478,27.611258,1540
85.153481,27.611254,1540
85.153483,27.61125,1540
85.153486,27.611246,1543
85.153489,27.611242,1543
85.153492,27.611238,1543
85.153494,27.611234,1543
85.153497,27.61123,1543
85.1535,27.611226,1543
85.153503,27.611223,1543
85.153505,27.611219,1543
85.153508,27.611215,1543
85.153511,27.611211,1543
85.153513,27.611207,1543
85.153516,27.611203,1543
85.153519,27.611199,1543
85.153522,27.611195,1543
85.153524,27.611191,1543
85.153527,27.611187,1543
85.15353,27.611183,1545
85.153532,27.611179,1545
85.153535,27.611175,1545
85.153538,27.611171,1545
85.153541,27.611167,1545
85.153543,27.611163,1545
85.153546,27.611159,1545
85.153549,27.611155,1545
85.153552,27.611151,1545
85.153554,27.611147,1545
85.153557,27.611143,1545
85.15356,27.611139,1545
85.153562,27.611135,1545
85.153565,27.611131,1545
85.153568,27.611127,1545
85.153571,27.611123,1547
85.153573,27.611119,1547
85.153576,27.611115,1547
85.153579,27.611111,1547
85.153582,27.611107,1547
85.153584,27.611103,1547
85.153587,27.611099,1547
85.15359,27.611095,1547
85.153592,27.611091,1547
85.153595,27.611087,1547
85.153598,27.611083,1547
85.153601,27.611079,1547
85.153603,27.611075,1547
85.153606,27.611071,1547
85.153609,27.611067,1545
85.153611,27.611063,1545
85.153614,27.611059,1547
85.153617,27.611055,1547
85.15362,27.611051,1547
85.153622,27.611047,1547
85.153625,27.611043,1547
85.153628,27.611039,1547
85.153631,27.611035,1547
85.153633,27.611031,1545
85.153636,27.611028,1545
85.153639,27.611024,1545
85.153641,27.61102,1545
85.153644,27.611016,1545
85.153647,27.611012,1545
85.15365,27.611008,1545
85.153652,27.611004,1545
85.153655,27.611,1545
85.153658,27.610996,1547
85.153661,27.610992,1545
85.153663,27.610988,1545
85.153666,27.610984,1545
85.153669,27.61098,1545
85.153671,27.610976,1545
85.153674,27.610972,1545
85.153677,27.610968,1545
85.15368,27.610964,1545
85.153682,27.61096,1545
85.153685,27.610956,1542
85.153688,27.610952,1542
85.15369,27.610948,1542
85.153693,27.610944,1542
85.153696,27.61094,1542
85.153699,27.610936,1545
85.153701,27.610932,1545
85.153704,27.610928,1545
85.153707,27.610924,1545
85.15371,27.61092,1545
85.153712,27.610916,1543
85.153715,27.610912,1543
85.153718,27.610908,1543
85.15372,27.610904,1543
85.153723,27.6109,1543
85.153726,27.610896,1543
85.153729,27.610892,1543
85.153731,27.610888,1543
85.153734,27.610884,1543
85.153737,27.61088,1541
85.15374,27.610876,1541
85.153742,27.610872,1544
85.153745,27.610868,1544
85.153748,27.610864,1544
85.15375,27.61086,1544
85.153753,27.610856,1544
85.15378,27.610854,1544
85.153791,27.610851,1547
85.153802,27.610848,1547
85.153813,27.610845,1547
85.153824,27.610841,1545
85.153835,27.610838,1548
85.153846,27.610835,1548
85.153857,27.610832,1548
85.153869,27.610829,1548
85.15388,27.610826,1551
85.153891,27.610823,1551
85.153902,27.61082,1551
85.153913,27.610817,1551
85.153924,27.610814,1554
85.153935,27.610811,1554
85.153946,27.610808,1554
85.153957,27.610805,1554
85.153968,27.610802,1552
85.153979,27.610799,1552
85.15399,27.610796,1552
85.154001,27.610793,1552
85.154013,27.61079,1552
85.154024,27.610787,1552
85.154035,27.610784,1552
85.154046,27.610781,1553
85.154057,27.610778,1553
85.154068,27.610775,1553
85.154079,27.610772,1553
85.15409,27.610768,1553
85.154101,27.610765,1552
85.154112,27.610762,1552
85.154123,27.610759,1552
85.154134,27.610756,1552
85.154145,27.610753,1552
85.154157,27.61075,1552
85.154168,27.610747,1552
85.154179,27.610744,1553
85.15419,27.610741,1553
85.154201,27.610738,1553
85.154212,27.610735,1553
85.154223,27.610732,1553
85.154234,27.610729,1553
85.154245,27.610726,1553
85.154256,27.610723,1553
85.154267,27.61072,1554
85.154292,27.610723,1554
85.154304,27.610722,1554
85.154315,27.610721,1554
85.154326,27.610721,1554
85.154338,27.61072,1554
85.154349,27.610719,1553
85.154361,27.610718,1553
85.154372,27.610718,1553
85.154384,27.610717,1553
85.154395,27.610716,1553
85.154407,27.610716,1553
85.154418,27.610715,1553
85.15443,27.610714,1553
85.154441,27.610713,1553
85.154453,27.610713,1553
85.154464,27.610712,1553
85.154475,27.610711,1553
85.154487,27.61071,1553
85.154498,27.61071,1553
85.15451,27.610709,1553
85.154521,27.610708,1553
85.154533,27.610708,1553
85.154544,27.610707,1553
85.154556,27.610706,1553
85.154567,27.610705,1553
85.154579,27.610705,1553
85.15459,27.610704,1553
85.154602,27.610703,1553
85.154613,27.610703,1553
85.154624,27.610702,1553
85.154636,27.610701,1553
85.154647,27.6107,1553
85.154659,27.6107,1553
85.15467,27.610699,1553
85.154682,27.610698,1553
85.154693,27.610694,1553
85.154705,27.610689,1552
85.154717,27.610686,1552
85.154729,27.610683,1552
85.15474,27.610679,1552
85.154751,27.610675,1552
85.154763,27.610671,1552
85.154774,27.610667,1551
85.154785,27.610666,1551
85.154797,27.610666,1551
85.154808,27.610669,1551
85.154818,27.610672,1551
85.154829,27.610676,1551
85.15484,27.610679,1551
85.154852,27.610681,1551
85.154863,27.610683,1551
85.154875,27.610685,1551
85.154887,27.610686,1551
85.1549,27.610686,1551
85.154912,27.610687,1551
85.154925,27.610688,1551
85.154939,27.61069,1551
85.154954,27.610692,1553
85.154968,27.610694,1553
85.154983,27.610696,1553
85.154998,27.610697,1553
85.155013,27.6107,1553
85.155028,27.610702,1553
85.155041,27.610704,1554
85.155052,27.610704,1554
85.155063,27.610705,1554
85.155072,27.610705,1554
85.15508,27.610707,1554
85.155086,27.610709,1554
85.155097,27.610716,1554
85.155097,27.610712,1554
85.155098,27.610712,1554
85.155094,27.610714,1554
85.155094,27.610715,1554
85.155097,27.610718,1554
85.155102,27.61072,1554
85.155106,27.610721,1554
85.155111,27.610724,1554
85.155115,27.610727,1554
85.155118,27.61073,1556
85.155124,27.610733,1556
85.155129,27.610736,1556
85.155136,27.610737,1556
85.155144,27.610736,1556
85.155153,27.610737,1556
85.155163,27.610737,1556
85.155172,27.610736,1556
85.15518,27.610736,1556
85.155185,27.610737,1556
85.155188,27.610739,1556
85.155192,27.610741,1556
85.155195,27.610744,1556
85.155199,27.610746,1556
85.155203,27.610746,1556
85.155207,27.610744,1556
85.155213,27.610744,1556
85.155218,27.610743,1556
85.155223,27.610743,1556
85.155225,27.610745,1556
85.155226,27.610748,1556
85.155225,27.610752,1556
85.155223,27.610759,1556
85.155221,27.610766,1556
85.155218,27.610774,1558
85.155217,27.610782,1558
85.155218,27.61079,1558
85.155218,27.610798,1558
85.155219,27.610806,1560
85.155219,27.610814,1560
85.155219,27.610822,1560
85.155217,27.61083,1560
85.155216,27.610836,1560
85.155215,27.610842,1560
85.155213,27.610847,1561
85.155212,27.610853,1561
85.155213,27.610857,1561
85.155214,27.610861,1561
85.155216,27.610865,1561
85.155219,27.610869,1561
85.155223,27.610875,1561
85.155226,27.610879,1561
85.155232,27.610894,1563
85.155233,27.610897,1563
85.155237,27.610903,1563
85.155242,27.610911,1563
85.155247,27.61092,1564
85.155253,27.610927,1564
85.15526,27.610935,1564
85.155269,27.610944,1564
85.15528,27.610952,1564
85.15529,27.61096,1566
85.155299,27.610966,1566
85.155305,27.610972,1566
85.155311,27.610978,1566
85.155314,27.610984,1566
85.155316,27.610989,1566
85.155316,27.610996,1568
85.155313,27.611003,1568
85.155309,27.611009,1568
85.155305,27.611017,1568
85.155302,27.611024,1568
85.155302,27.611032,1568
85.155304,27.611039,1569
85.155306,27.611045,1569
85.155311,27.61105,1569
85.155316,27.611054,1569
85.155321,27.611058,1569
85.155325,27.611061,1569
85.155328,27.611066,1569
85.15533,27.611069,1569
85.15533,27.611074,1570
85.155329,27.611079,1570
85.155328,27.611084,1570
85.155328,27.611089,1570
85.155329,27.611095,1570
85.155329,27.611101,1570
85.15533,27.611106,1570
85.155331,27.611111,1571
85.155332,27.611116,1571
85.155332,27.611123,1571
85.155334,27.611129,1571
85.155336,27.611136,1571
85.155343,27.611149,1572
85.155349,27.611154,1572
85.155354,27.611159,1572
85.15536,27.611164,1572
85.155366,27.611169,1572
85.155372,27.611174,1572
85.155377,27.611179,1572
85.155383,27.611184,1572
85.155389,27.611189,1573
85.155394,27.611194,1573
85.1554,27.611199,1573
85.155406,27.611204,1573
85.155411,27.61121,1573
85.155417,27.611215,1573
85.155423,27.61122,1573
85.155429,27.611225,1574
85.155434,27.61123,1574
85.15544,27.611235,1574
85.155446,27.61124,1574
85.155451,27.611245,1574
85.155457,27.61125,1574
85.155463,27.611255,1574
85.155468,27.61126,1574
85.155474,27.611265,1575
85.15548,27.61127,1575
85.155486,27.611275,1575
85.155491,27.61128,1575
85.15551,27.611287,1575
85.155518,27.611292,1575
85.155525,27.611297,1575
85.155533,27.611303,1576
85.155541,27.611308,1576
85.155549,27.611313,1577
85.155556,27.611318,1577
85.155564,27.611323,1577
85.155572,27.611328,1577
85.15558,27.611334,1577
85.155587,27.611339,1578
85.155595,27.611344,1578
85.155603,27.611349,1578
85.15561,27.611354,1578
85.155618,27.61136,1578
85.155626,27.611365,1578
85.155634,27.61137,1578
85.155641,27.611375,1578
85.155649,27.61138,1579
85.155657,27.611385,1579
85.155665,27.611391,1579
85.155672,27.611396,1579
85.15568,27.611401,1580
85.155688,27.611406,1580
85.155695,27.611411,1580
85.155703,27.611416,1581
85.155711,27.611422,1581
85.155719,27.611427,1581
85.155726,27.611432,1581
85.155734,27.611437,1581
85.155742,27.611442,1581
85.15575,27.611447,1581
85.155757,27.611453,1582
85.155765,27.611458,1583
85.155773,27.611463,1583
85.15578,27.611468,1583
85.155788,27.611473,1583
85.155796,27.611478,1583
85.155804,27.611484,1584
85.155811,27.611489,1584
85.15583,27.611494,1585
85.155838,27.611496,1585
85.155845,27.611498,1586
85.155856,27.61151,1586
85.155855,27.611518,1586
85.155855,27.611525,1586
85.155854,27.611533,1587
85.155853,27.611541,1587
85.155853,27.611549,1587
85.155852,27.611557,1587
85.155851,27.611564,1587
85.155851,27.611572,1588
85.15585,27.61158,1588
85.15585,27.611588,1588
85.155849,27.611595,1588
85.155848,27.611603,1588
85.155848,27.611611,1589
85.155847,27.611619,1589
85.155846,27.611627,1589
85.155846,27.611634,1589
85.155845,27.611642,1590
85.155845,27.61165,1590
85.155844,27.611658,1588
85.155843,27.611666,1588
85.155843,27.611673,1588
85.155842,27.611681,1589
85.155841,27.611689,1589
85.155841,27.611697,1589
85.15584,27.611704,1589
85.15584,27.611712,1589
85.155839,27.61172,1589
85.155838,27.611728,1589
85.155838,27.611736,1589
85.155837,27.611743,1589
85.155837,27.611751,1589
85.155836,27.611759,1590
85.155835,27.611767,1590
85.155835,27.611774,1590
85.155834,27.611782,1590
85.155833,27.61179,1590
85.155833,27.611798,1591
85.155832,27.611806,1591
85.155832,27.611813,1591
85.155831,27.611821,1591
85.15583,27.611829,1591
85.15583,27.611837,1592
85.155829,27.611844,1592
85.155828,27.611852,1592
85.155828,27.61186,1592
85.155827,27.611868,1592
85.155827,27.611876,1593
85.155826,27.611883,1593
85.155825,27.611891,1593
85.155825,27.611899,1593
85.155824,27.611907,1593
85.155824,27.611914,1593
85.155823,27.611922,1593
85.155822,27.61193,1593
85.155822,27.611938,1593
85.155821,27.611946,1594
85.15582,27.611953,1594
85.15582,27.611961,1594
85.155825,27.611978,1594
85.155828,27.61198,1594
85.155832,27.611982,1594
85.155836,27.611984,1595
85.155839,27.611987,1595
85.155843,27.611989,1595
85.155846,27.611991,1597
85.15585,27.611993,1597
85.155854,27.611995,1597
85.155857,27.611998,1597
85.155861,27.612,1597
85.155864,27.612002,1597
85.155868,27.612004,1597
85.155872,27.612006,1597
85.155875,27.612009,1597
85.155879,27.612011,1597
85.155882,27.612013,1597
85.155886,27.612015,1598
85.15589,27.612017,1599
85.155893,27.61202,1599
85.155897,27.612022,1600
85.1559,27.612024,1600
85.155904,27.612026,1600
85.155908,27.612028,1600
85.155911,27.612031,1600
85.155915,27.612033,1600
85.155918,27.612035,1601
85.155922,27.612037,1601
85.155926,27.612039,1601
85.155929,27.612042,1601
85.155933,27.612044,1603
85.155936,27.612046,1603
85.15594,27.612048,1603
85.155944,27.61205,1603
85.155947,27.612053,1603
85.155951,27.612055,1603
85.155954,27.612057,1603
85.155958,27.612059,1603
85.155962,27.612061,1604
85.155965,27.612064,1604
85.155969,27.612066,1604
85.155972,27.612068,1604
85.155976,27.61207,1606
85.15598,27.612072,1606
85.155983,27.612075,1606
85.155987,27.612077,1606
85.155991,27.612079,1606
85.155994,27.612081,1606
85.155998,27.612083,1606
85.156001,27.612086,1607
85.156005,27.612088,1607
85.156009,27.61209,1607
85.156012,27.612092,1607
85.156016,27.612094,1607
85.156019,27.612097,1609
85.156023,27.612099,1610
85.156029,27.612091,1609
85.156035,27.612082,1609
85.156041,27.612071,1609
85.156048,27.61206,1609
85.156054,27.612049,1609
85.156058,27.612039,1609
85.15606,27.61203,1611
85.15606,27.612022,1611
85.156053,27.612003,1608
85.156053,27.612002,1608
85.156053,27.612001,1609
85.156052,27.611997,1609
85.156048,27.611991,1609
85.156044,27.611987,1609
85.156027,27.611973,1608
85.156024,27.611973,1608
85.156018,27.611973,1608
85.156005,27.611973,1607
85.156003,27.61197,1607
85.156002,27.61197,1607
85.156001,27.61197,1607
85.155999,27.611969,1607
85.155998,27.611967,1607
85.155999,27.611964,1607
85.156002,27.611959,1607
85.156005,27.611952,1607
85.156006,27.611944,1606
85.156009,27.611937,1606
85.156013,27.61193,1606
85.156017,27.611923,1608
85.156022,27.611916,1608
85.156029,27.611907,1607
85.156036,27.611898,1607
85.156047,27.611889,1607
85.156059,27.611881,1607
85.156072,27.611874,1609
85.156083,27.611868,1609
85.156091,27.611863,1609
85.156098,27.611857,1609
85.156108,27.611851,1610
85.156123,27.611845,1610
85.156137,27.611839,1610
85.156149,27.611833,1612
85.156161,27.611827,1611
85.156176,27.611823,1611
85.156196,27.61182,1613
85.156216,27.611816,1613
85.156237,27.611811,1615
85.156254,27.611806,1615
85.15627,27.611802,1615
85.156286,27.611799,1617
85.156302,27.611795,1617
85.156319,27.61179,1617
85.156334,27.611784,1617
85.156347,27.611778,1617
85.156358,27.611772,1617
85.15637,27.611766,1618
85.156381,27.611761,1618
85.156392,27.611757,1618
85.156402,27.611753,1616
85.156412,27.611749,1618
85.156421,27.611748,1618
85.156428,27.611747,1618
85.156436,27.611747,1618
85.156436,27.611746,1618
85.156439,27.611745,1618
85.156444,27.611745,1618
85.15645,27.611745,1619
85.156471,27.611745,1619
85.156477,27.611744,1619
85.156488,27.611742,1619
85.156504,27.611738,1620
85.15652,27.611731,1620
85.156536,27.611724,1621
85.156553,27.611714,1620
85.156569,27.611705,1620
85.156585,27.611695,1621
85.156599,27.611688,1621
85.156612,27.611681,1621
85.156625,27.611674,1620
85.156639,27.611669,1620
85.156654,27.611663,1620
85.156669,27.611658,1622
85.156685,27.61165,1622
85.1567,27.611644,1622
85.156715,27.611637,1622
85.15673,27.61163,1622
85.156743,27.611623,1622
85.156754,27.611615,1623
85.156763,27.611607,1623
85.156771,27.6116,1621
85.156776,27.611591,1621
85.156781,27.611582,1621
85.156787,27.611573,1621
85.156794,27.611565,1621
85.156804,27.611556,1621
85.156814,27.611544,1621
85.156822,27.611532,1621
85.156832,27.61152,1621
85.156845,27.611507,1621
85.156858,27.611496,1621
85.15687,27.611485,1620
85.156885,27.611475,1621
85.156897,27.611465,1621
85.156907,27.611455,1621
85.156917,27.611445,1620
85.156927,27.611435,1621
85.156937,27.611426,1621
85.156945,27.611421,1621
85.156952,27.611414,1621
85.156953,27.61141,1620
85.156955,27.611407,1620
85.156965,27.611403,1621
85.156977,27.611396,1621
85.156988,27.611389,1621
85.157,27.611382,1621
85.157012,27.611375,1621
85.157024,27.611368,1621
85.157036,27.611361,1621
85.157048,27.611354,1622
85.157059,27.611347,1622
85.157071,27.61134,1622
85.157083,27.611333,1620
85.157095,27.611327,1621
85.157107,27.61132,1621
85.157118,27.611313,1621
85.15713,27.611306,1621
85.157142,27.611299,1621
85.157154,27.611292,1621
85.157166,27.611285,1621
85.157178,27.611278,1622
85.157189,27.611271,1622
85.157201,27.611264,1622
85.157213,27.611257,1620
85.157225,27.61125,1621
85.157237,27.611243,1621
85.157249,27.611236,1621
85.15726,27.611229,1621
85.157272,27.611222,1620
85.157284,27.611215,1620
85.157296,27.611208,1620
85.157308,27.611201,1621
85.15732,27.611194,1621
85.157331,27.611187,1621
85.157343,27.61118,1619
85.157355,27.611173,1620
85.157367,27.611166,1620
85.157379,27.611159,1620
85.15739,27.611152,1621
85.157402,27.611145,1620
85.157414,27.611138,1620
85.157426,27.611131,1620
85.157438,27.611124,1621
85.15745,27.611117,1621
85.157461,27.61111,1621
85.157481,27.611094,1620
85.157491,27.611086,1620
85.157501,27.611078,1620
85.15751,27.61107,1619
85.15752,27.611062,1619
85.15753,27.611055,1619
85.15754,27.611047,1619
85.15755,27.611039,1619
85.157559,27.611031,1618
85.157569,27.611023,1619
85.157579,27.611015,1619
85.157589,27.611008,1619
85.157599,27.611,1619
85.157609,27.610992,1618
85.157618,27.610984,1618
85.157628,27.610976,1618
85.157638,27.610968,1618
85.157648,27.610961,1619
85.157658,27.610953,1618
85.157668,27.610945,1618
85.157677,27.610937,1618
85.157687,27.610929,1618
85.157697,27.610921,1619
85.157707,27.610914,1618
85.157717,27.610906,1618
85.157726,27.610898,1618
85.157736,27.61089,1618
85.157746,27.610882,1618
85.157756,27.610874,1618
85.157766,27.610867,1618
85.157776,27.610859,1618
85.157785,27.610851,1618
85.157795,27.610843,1618
85.157805,27.610835,1618
85.157815,27.610827,1618
85.157825,27.61082,1618
85.157835,27.610812,1618
85.157844,27.610804,1618
85.157854,27.610796,1618
85.157864,27.610788,1619
85.157874,27.610781,1619
85.157884,27.610773,1619
85.157893,27.610765,1617
85.157903,27.610757,1617
85.157913,27.610749,1618
85.157923,27.610741,1618
85.157933,27.610734,1618
85.157943,27.610726,1616
85.157952,27.610718,1618
85.157962,27.61071,1618
85.157972,27.610702,1618
85.157982,27.610694,1618
85.157992,27.610687,1617
85.158002,27.610679,1617
85.158011,27.610671,1617
85.158021,27.610663,1617
85.158031,27.610655,1617
85.158041,27.610647,1616
85.158051,27.61064,1616
85.15806,27.610632,1616
85.158067,27.610619,1616
85.158074,27.610606,1615
85.158082,27.610594,1616
85.158091,27.610581,1616
85.158099,27.610569,1614
85.158109,27.610556,1614
85.15812,27.610545,1616
85.158132,27.610534,1614
85.158143,27.610524,1614
85.158153,27.610515,1614
85.158163,27.610507,1615
85.158173,27.610498,1614
85.158183,27.61049,1614
85.158194,27.61048,1614
85.158205,27.610471,1614
85.158216,27.610462,1614
85.158228,27.610454,1614
85.158239,27.610445,1614
85.15825,27.610436,1615
85.158261,27.610428,1615
85.158272,27.610421,1613
85.158282,27.610413,1613
85.158291,27.610405,1615
85.158299,27.610396,1615
85.158307,27.610388,1615
85.158316,27.61038,1613
85.158324,27.610373,1613
85.158332,27.610366,1613
85.158342,27.61036,1614
85.158348,27.610352,1614
85.158355,27.610344,1613
85.158362,27.610334,1613
85.158369,27.610323,1613
85.158377,27.610311,1615
85.158384,27.610298,1613
85.158392,27.610284,1613
85.1584,27.61027,1612
85.158409,27.610255,1612
85.158419,27.610241,1612
85.15843,27.610228,1614
85.158442,27.610215,1614
85.158453,27.610203,1614
85.158464,27.610193,1615
85.158474,27.610183,1615
85.158484,27.610173,1615
85.158493,27.610163,1615
85.158501,27.610152,1614
85.158509,27.610142,1617
85.158517,27.61013,1617
85.158525,27.610118,1616
85.158532,27.610104,1616
85.158539,27.610089,1616
85.158546,27.610075,1616
85.158554,27.610061,1619
85.158562,27.610047,1619
85.158575,27.610026,1618
85.158581,27.610018,1618
85.158586,27.61001,1618
85.158592,27.610002,1621
85.158597,27.609994,1621
85.158603,27.609985,1621
85.158609,27.609979,1621
85.158614,27.609974,1621
85.158618,27.60997,1621
85.158624,27.609958,1621
85.158619,27.609959,1621
85.158615,27.609962,1621
85.158608,27.60997,1621
85.158598,27.60998,1621
85.158588,27.609993,1618
85.158578,27.610008,1618
85.158567,27.610024,1618
85.158555,27.61004,1618
85.158542,27.610057,1616
85.158528,27.610074,1616
85.158514,27.610091,1616
85.1585,27.610106,1614
85.158486,27.610121,1614
85.158473,27.610135,1614
85.158453,27.61016,1613
85.158445,27.610171,1613
85.158437,27.610181,1613
85.158429,27.610192,1613
85.158421,27.610203,1614
85.158413,27.610213,1612
85.158405,27.610224,1612
85.158397,27.610235,1612
85.158389,27.610245,1612
85.158381,27.610256,1612
85.158373,27.610267,1611
85.158365,27.610277,1612
85.158357,27.610288,1612
85.158349,27.610299,1612
85.158341,27.610309,1612
85.158333,27.61032,1612
85.158325,27.610331,1612
85.158317,27.610342,1612
85.158309,27.610352,1613
85.15829,27.610371,1612
85.158282,27.61038,1612
85.158274,27.61039,1613
85.158266,27.610399,1613
85.158258,27.610409,1613
85.15825,27.610418,1613
85.158241,27.610428,1614
85.158233,27.610437,1614
85.158225,27.610447,1614
85.158217,27.610456,1614
85.158209,27.610466,1615
85.158201,27.610475,1614
85.158192,27.610485,1614
85.158184,27.610494,1614
85.158176,27.610503,1615
85.158168,27.610513,1615
85.15816,27.610522,1614
85.158152,27.610532,1614
85.158143,27.610541,1616
85.158135,27.610551,1616
85.158127,27.61056,1616
85.158119,27.61057,1614
85.158111,27.610579,1616
85.158102,27.610589,1616
85.158094,27.610598,1616
85.158086,27.610608,1616
85.158078,27.610617,1618
85.15807,27.610626,1616
85.158063,27.61064,1616
85.158057,27.610653,1618
85.158052,27.610664,1618
85.158046,27.610677,1618
85.15804,27.61069,1618
85.158035,27.610704,1620
85.15803,27.61072,1619
85.158026,27.610736,1620
85.158021,27.61075,1620
85.158017,27.610764,1620
85.158012,27.610777,1622
85.158006,27.610789,1622
85.157998,27.610801,1622
85.157988,27.610811,1621
85.157978,27.610821,1621
85.157966,27.61083,1621
85.157953,27.610838,1621
85.157941,27.610845,1621
85.157928,27.610852,1621
85.157917,27.610859,1621
85.157905,27.610863,1621
85.157892,27.610868,1620
85.15788,27.610874,1620
85.15787,27.610879,1620
85.157858,27.610883,1620
85.157847,27.610887,1620
85.157835,27.610891,1620
85.157825,27.610896,1620
85.157815,27.610899,1619
85.157805,27.6109,1619
85.157797,27.610898,1619
85.157788,27.610898,1619
85.157779,27.610898,1619
85.157769,27.610899,1618
85.157757,27.610901,1618
85.157746,27.610904,1618
85.157734,27.610908,1618
85.157723,27.610911,1618
85.157713,27.610914,1618
85.157702,27.610918,1618
85.157691,27.610923,1619
85.15768,27.61093,1618
85.157668,27.610936,1618
85.157656,27.610943,1618
85.157643,27.61095,1617
85.157631,27.610957,1618
85.157618,27.610963,1618
85.157605,27.610969,1618
85.157592,27.610977,1617
85.15758,27.610985,1617
85.157566,27.610996,1619
85.157553,27.611007,1618
85.157541,27.611016,1618
85.15753,27.611025,1618
85.15752,27.611032,1618
85.15751,27.61104,1619
85.1575,27.611049,1619
85.157491,27.611058,1619
85.157481,27.611068,1619
85.15747,27.611079,1619
85.157458,27.611088,1619
85.157447,27.611096,1619
85.157436,27.611104,1619
85.157413,27.611119,1620
85.157403,27.611126,1620
85.157392,27.611133,1620
85.157381,27.61114,1619
85.15737,27.611148,1620
85.15736,27.611155,1620
85.157349,27.611162,1620
85.157338,27.611169,1619
85.157327,27.611176,1619
85.157317,27.611183,1619
85.157306,27.61119,1621
85.157295,27.611197,1620
85.157284,27.611204,1620
85.157274,27.611211,1620
85.157263,27.611218,1620
85.157252,27.611225,1621
85.157242,27.611232,1621
85.157231,27.61124,1621
85.15722,27.611247,1621
85.157209,27.611254,1620
85.157199,27.611261,1620
85.157188,27.611268,1622
85.157177,27.611275,1622
85.157166,27.611282,1621
85.157156,27.611289,1621
85.157145,27.611296,1621
85.157134,27.611303,1623
85.157123,27.61131,1621
85.157106,27.611324,1621
85.157096,27.61133,1621
85.157087,27.611336,1620
85.157077,27.611341,1622
85.157067,27.611347,1622
85.157058,27.611353,1622
85.157048,27.611359,1622
85.157038,27.611364,1621
85.157029,27.61137,1621
85.157019,27.611376,1622
85.157009,27.611382,1622
85.157,27.611387,1621
85.15699,27.611393,1621
85.15698,27.611399,1621
85.156971,27.611405,1621
85.156961,27.61141,1621
85.156952,27.611416,1621
85.156942,27.611422,1621
85.156932,27.611428,1621
85.156923,27.611433,1621
85.156913,27.611439,1620
85.156903,27.611445,1620
85.156894,27.611451,1620
85.156884,27.611456,1621
85.156874,27.611462,1620
85.156865,27.611468,1620
85.156855,27.611474,1620
85.156845,27.611479,1620
85.156836,27.611485,1620
85.156826,27.611491,1620
85.156817,27.611497,1620
85.156807,27.611503,1620
85.156797,27.611508,1620
85.156788,27.611514,1618
85.156778,27.61152,1618
85.156768,27.611526,1618
85.156759,27.611531,1620
85.156749,27.611537,1620
85.156739,27.611543,1619
85.15673,27.611549,1619
85.15672,27.611554,1619
85.15671,27.61156,1619
85.156701,27.611566,1619
85.156691,27.611572,1619
85.156682,27.611577,1619
85.156672,27.611583,1619
85.156662,27.611589,1619
85.156653,27.611595,1617
85.156643,27.6116,1617
85.156633,27.611606,1619
85.156624,27.611612,1619
85.156614,27.611618,1618
85.156604,27.611623,1618
85.156595,27.611629,1618
85.156586,27.611634,1618
85.156576,27.61164,1618
85.156566,27.611646,1618
85.156556,27.611652,1618
85.156547,27.611659,1618
85.156538,27.611665,1618
85.156528,27.611672,1617
85.156518,27.61168,1618
85.156508,27.611689,1618
85.156498,27.611699,1618
85.156488,27.611707,1617
85.156477,27.611716,1617
85.156466,27.611725,1619
85.156456,27.611734,1619
85.156445,27.611742,1618
85.156435,27.611748,1618
85.156423,27.611755,1618
85.156412,27.611762,1619
85.156402,27.611769,1618
85.156392,27.611777,1618
85.156383,27.611784,1618
85.156374,27.611792,1618
85.156366,27.6118,1619
85.156358,27.61181,1618
85.156351,27.611821,1618
85.156345,27.611833,1619
85.156338,27.611845,1619
85.156331,27.611856,1619
85.156325,27.611866,1619
85.15632,27.611877,1620
85.156315,27.611887,1619
85.156313,27.611896,1619
85.156309,27.611906,1619
85.156306,27.611914,1620
85.156303,27.611921,1620
85.1563,27.611928,1620
85.156296,27.611936,1620
85.156294,27.611946,1621
85.156292,27.611956,1621
85.156292,27.611968,1621
85.156291,27.61198,1621
85.156292,27.611994,1621
85.156295,27.612012,1621
85.156296,27.61203,1622
85.156298,27.612049,1622
85.156299,27.612078,1623
85.156297,27.61209,1623
85.156295,27.612102,1624
85.156294,27.612114,1624
85.156292,27.612126,1624
85.15629,27.612139,1625
85.156288,27.612151,1625
85.156287,27.612163,1625
85.156285,27.612175,1626
85.156283,27.612187,1626
85.156281,27.6122,1626
85.15628,27.612212,1627
85.156278,27.612224,1627
85.156276,27.612236,1627
85.156274,27.612248,1627
85.156273,27.61226,1626
85.156267,27.612283,1626
85.156267,27.612296,1627
85.156266,27.612308,1627
85.156266,27.612321,1627
85.156266,27.612334,1628
85.156265,27.612346,1628
85.156265,27.612359,1628
85.156265,27.612372,1629
85.156265,27.612385,1629
85.156264,27.612397,1629
85.156264,27.61241,1630
85.156264,27.612423,1630
85.156263,27.612435,1630
85.156263,27.612448,1630
85.156263,27.612461,1630
85.156262,27.612474,1630
85.156262,27.612486,1631
85.156262,27.612499,1631
85.156262,27.612512,1631
85.156261,27.612524,1631
85.156261,27.612537,1631
85.156261,27.61255,1631
85.15626,27.612563,1632
85.15626,27.612575,1632
85.15626,27.612588,1632
85.156259,27.612601,1632
85.156259,27.612613,1632
85.156259,27.612626,1631
85.156258,27.612639,1631
85.156258,27.612652,1631
85.156258,27.612664,1631
85.156258,27.612677,1631
85.156257,27.61269,1631
85.156257,27.612702,1631
85.156257,27.612715,1631
85.156256,27.612728,1631
85.156256,27.612741,1631
85.156256,27.612753,1631
85.156255,27.612766,1631
85.156255,27.612779,1631
85.156255,27.612791,1631
85.156255,27.612804,1631
85.156254,27.612817,1631
85.156254,27.61283,1631
85.156265,27.612851,1631
85.156272,27.61286,1631
85.156278,27.612869,1630
85.156285,27.612878,1630
85.156291,27.612887,1630
85.156298,27.612896,1630
85.156304,27.612905,1630
85.156311,27.612914,1630
85.156317,27.612923,1630
85.156324,27.612932,1630
85.15633,27.612941,1630
85.156337,27.61295,1630
85.156343,27.612959,1630
85.15635,27.612968,1630
85.156356,27.612977,1630
85.156363,27.612986,1630
85.156368,27.612995,1630
85.156373,27.613005,1630
85.156378,27.613015,1630
85.156384,27.613024,1630
85.156389,27.613033,1630
85.156395,27.613042,1630
85.1564,27.613053,1630
85.156406,27.613064,1630
85.156412,27.613075,1630
85.156417,27.613085,1630
85.156422,27.613096,1630
85.156427,27.613106,1630
85.156435,27.613116,1630
85.156445,27.613122,1630
85.156454,27.613125,1630
85.156463,27.613123,1630
85.15647,27.613117,1630
85.156475,27.613109,1630
85.156479,27.613099,1630
85.156481,27.613088,1630
85.156483,27.613077,1630
85.156484,27.613067,1630
85.156484,27.613059,1630
85.156485,27.613053,1630
85.156484,27.613048,1630
85.156482,27.613043,1630
85.15648,27.613037,1630
85.156478,27.613031,1630
85.156477,27.613025,1630
85.156475,27.613017,1631
85.156474,27.613009,1631
85.156474,27.612999,1631
85.156474,27.612989,1631
85.156472,27.612978,1631
85.156469,27.612968,1631
85.156467,27.612956,1631
85.156465,27.612943,1631
85.156464,27.612931,1631
85.156463,27.612918,1631
85.156463,27.612905,1631
85.156462,27.612892,1631
85.156462,27.612878,1631
85.156462,27.612865,1631
85.156461,27.612852,1631
85.15646,27.612839,1631
85.156458,27.612826,1631
85.156458,27.612814,1631
85.156457,27.612802,1632
85.156456,27.612789,1632
85.156455,27.612778,1632
85.156455,27.612767,1632
85.156455,27.612755,1632
85.156456,27.612743,1632
85.156457,27.61273,1632
85.156459,27.612717,1632
85.156462,27.612703,1632
85.156466,27.61269,1632
85.15647,27.612677,1632
85.156473,27.612666,1632
85.156476,27.612655,1632
85.156479,27.612644,1632
85.156482,27.612635,1632
85.156484,27.612625,1632
85.156486,27.612616,1632
85.156488,27.612608,1632
85.15649,27.612599,1632
85.156497,27.612589,1633
85.156504,27.612576,1633
85.156509,27.612564,1633
85.156511,27.61255,1633
85.156515,27.612536,1633
85.156521,27.612523,1633
85.156528,27.612512,1633
85.156538,27.612502,1633
85.156548,27.612493,1633
85.156559,27.612485,1633
85.156571,27.612477,1633
85.156583,27.612468,1633
85.156594,27.612459,1633
85.156604,27.61245,1633
85.156616,27.612443,1633
85.156628,27.612437,1634
85.15664,27.61243,1634
85.156652,27.612424,1634
85.156664,27.612418,1634
85.156676,27.612412,1634
85.156688,27.612403,1634
85.156699,27.612394,1634
85.156708,27.612385,1634
85.156716,27.612375,1634
85.156723,27.612364,1634
85.156728,27.612354,1634
85.156731,27.612343,1634
85.156733,27.612333,1634
85.156735,27.612323,1635
85.156735,27.612315,1635
85.156734,27.612306,1635
85.156733,27.612297,1635
85.156731,27.612286,1635
85.156726,27.612275,1635
85.156721,27.612266,1635
85.156717,27.612257,1635
85.156715,27.612249,1635
85.156716,27.61224,1635
85.156715,27.612231,1635
85.156715,27.61222,1635
85.156715,27.612208,1635
85.156716,27.612194,1635
85.156715,27.612181,1635
85.156713,27.612167,1635
85.156712,27.612151,1636
85.156712,27.612134,1636
85.156712,27.612117,1636
85.156712,27.612101,1636
85.156712,27.612087,1636
85.156714,27.612071,1636
85.156717,27.612054,1636
85.156722,27.612039,1636
85.156728,27.612024,1636
85.156735,27.612009,1636
85.156741,27.611995,1636
85.156747,27.611982,1636
85.156754,27.611969,1637
85.156761,27.611956,1637
85.156769,27.611944,1637
85.156777,27.611933,1637
85.156788,27.611924,1637
85.156801,27.611915,1637
85.156815,27.611906,1637
85.15683,27.611899,1637
85.156844,27.611893,1637
85.156859,27.611888,1637
85.156875,27.611882,1637
85.156891,27.611878,1637
85.156905,27.611875,1637
85.156918,27.611872,1638
85.156932,27.61187,1638
85.156944,27.611868,1638
85.156956,27.611867,1638
85.156966,27.611865,1638
85.156976,27.611863,1638
85.156984,27.611861,1638
85.156992,27.611859,1638
85.157002,27.611859,1638
85.157012,27.611858,1638
85.157022,27.611857,1638
85.157031,27.611857,1638
85.157041,27.611855,1638
85.157053,27.611853,1638
85.157065,27.611851,1638
85.157076,27.61185,1638
85.157089,27.61185,1638
85.157102,27.611851,1638
85.157117,27.611853,1638
85.157132,27.611854,1638
85.157147,27.611854,1639
85.157162,27.611853,1639
85.157178,27.611852,1639
85.157193,27.61185,1639
85.157209,27.611849,1639
85.157225,27.611849,1639
85.157241,27.611847,1639
85.157256,27.611844,1639
85.15727,27.611842,1639
85.157283,27.61184,1639
85.157297,27.61184,1639
85.157313,27.61184,1639
85.157328,27.611839,1639
85.157355,27.611836,1640
85.157367,27.611836,1640
85.15738,27.611835,1640
85.157392,27.611835,1640
85.157405,27.611834,1640
85.157417,27.611834,1640
85.15743,27.611833,1640
85.157443,27.611833,1640
85.157455,27.611832,1640
85.157468,27.611832,1640
85.15748,27.611832,1640
85.157505,27.611822,1640
85.157515,27.611817,1640
85.157525,27.611812,1640
85.157535,27.611807,1640
85.157545,27.611802,1641
85.157556,27.611797,1641
85.157566,27.611792,1641
85.157576,27.611786,1641
85.157586,27.611781,1641
85.157596,27.611776,1641
85.157606,27.611771,1641
85.157616,27.611766,1641
85.157626,27.611761,1641
85.157636,27.611756,1641
85.157646,27.611751,1641
85.157657,27.611746,1641
85.157667,27.611741,1641
85.157677,27.611735,1641
85.157687,27.61173,1641
85.157697,27.611725,1641
85.157707,27.61172,1641
85.157717,27.611715,1641
85.157727,27.61171,1642
85.157737,27.611705,1642
85.157747,27.6117,1642
85.157758,27.611695,1642
85.157768,27.61169,1642
85.157778,27.611684,1642
85.157788,27.611679,1642
85.157798,27.611674,1642
85.157808,27.611669,1642
85.157818,27.611664,1642
85.157828,27.611659,1642
85.157838,27.611654,1642
85.157848,27.611649,1642
85.157858,27.611644,1642
85.157869,27.611639,1642
85.157879,27.611633,1642
85.157889,27.611628,1642
85.157899,27.611623,1642
85.157909,27.611618,1643
85.157919,27.611613,1643
85.157929,27.611608,1643
85.157939,27.611603,1643
85.157949,27.611598,1643
85.157959,27.611593,1643
85.15797,27.611588,1643
85.15798,27.611582,1643
85.15799,27.611577,1643
85.158,27.611572,1643
85.15801,27.611567,1643
85.15802,27.611562,1643
85.15803,27.611557,1643
85.15804,27.611552,1643
85.15805,27.611547,1643
85.15806,27.611542,1643
85.158071,27.611537,1643
85.158081,27.611531,1643
85.158091,27.611526,1643
85.158114,27.61152,1644
85.158123,27.61151,1644
85.158131,27.611501,1644
85.158139,27.611492,1644
85.158147,27.611483,1644
85.158155,27.611474,1644
85.158163,27.611465,1644
85.158171,27.611456,1644
85.158179,27.611446,1644
85.158187,27.611437,1644
85.158196,27.611428,1644
85.158204,27.611419,1644
85.158212,27.61141,1644
85.15822,27.611401,1644
85.158228,27.611391,1644
85.158236,27.611382,1644
85.158244,27.611373,1644
85.158252,27.611364,1644
85.15826,27.611355,1644
85.158269,27.611346,1644
85.158277,27.611337,1644
85.158285,27.611327,1644
85.158293,27.611318,1644
85.158301,27.611309,1645
85.158309,27.6113,1645
85.158317,27.611291,1645
85.158325,27.611282,1645
85.158334,27.611272,1645
85.158342,27.611263,1645
85.15835,27.611254,1645
85.158358,27.611245,1645
85.158366,27.611236,1645
85.158374,27.611227,1645
85.158382,27.611218,1645
85.15839,27.611208,1645
85.158398,27.611199,1645
85.158407,27.61119,1645
85.158415,27.611181,1645
85.158423,27.611172,1645
85.158431,27.611163,1645
85.158439,27.611153,1645
85.158447,27.611144,1645
85.158455,27.611135,1645
85.158463,27.611126,1645
85.158471,27.611117,1645
85.15848,27.611108,1645
85.158488,27.611099,1645
85.158496,27.611089,1646
85.158504,27.61108,1646
85.158512,27.611071,1646
85.15852,27.611062,1646
85.158528,27.611053,1646
85.158536,27.611044,1646
85.158544,27.611035,1646
85.158553,27.611025,1646
85.158561,27.611016,1646
85.158569,27.611007,1646
85.158577,27.610998,1646
85.158585,27.610989,1646
85.158593,27.61098,1646
85.158601,27.61097,1646
85.15861,27.610961,1646
85.158619,27.610953,1646
85.158628,27.610945,1646
85.158636,27.610937,1646
85.158643,27.610928,1646
85.158649,27.610919,1646
85.158654,27.610911,1646
85.158659,27.610903,1647
85.158663,27.610894,1647
85.158667,27.610887,1647
85.158671,27.610882,1647
85.158675,27.610879,1647
85.158682,27.610878,1647
85.158689,27.610875,1647
85.158696,27.610873,1647
85.158703,27.610869,1647
85.15871,27.610864,1647
85.158717,27.610858,1647
85.158725,27.610851,1647
85.158733,27.610842,1647
85.158743,27.610834,1647
85.158755,27.610826,1647
85.158768,27.610817,1647
85.158781,27.610807,1647
85.158793,27.610797,1647
85.158805,27.610787,1647
85.158816,27.610779,1647
85.158828,27.61077,1647
85.158841,27.610762,1648
85.158852,27.610755,1648
85.158865,27.610748,1648
85.158879,27.610745,1648
85.158892,27.610743,1648
85.158906,27.610739,1648
85.158918,27.610736,1648
85.158931,27.610731,1648
85.158941,27.610726,1648
85.158951,27.61072,1648
85.158961,27.610712,1648
85.15897,27.610703,1648
85.158981,27.610693,1648
85.158991,27.610682,1648
85.159003,27.610672,1648
85.159013,27.610662,1649
85.159022,27.610653,1649
85.159033,27.610642,1649
85.159045,27.610631,1649
85.159057,27.61062,1649
85.159067,27.610609,1649
85.159075,27.610598,1649
85.159084,27.610589,1649
85.159094,27.61058,1649
85.159104,27.610572,1649
85.159114,27.610564,1649
85.159122,27.610555,1649
85.159128,27.610547,1649
85.159135,27.610538,1649
85.159143,27.610527,1649
85.159151,27.610516,1649
85.159158,27.610505,1649
85.159165,27.610493,1649
85.159171,27.610481,1650
85.159178,27.61047,1650
85.159185,27.610458,1650
85.159193,27.610446,1650
85.159201,27.610433,1650
85.159208,27.610419,1650
85.159216,27.610405,1650
85.159224,27.610389,1650
85.159231,27.610374,1650
85.159238,27.610361,1650
85.159244,27.610347,1650
85.159251,27.610333,1650
85.159258,27.610319,1650
85.159268,27.610306,1651
85.159278,27.610293,1651
85.159287,27.61028,1651
85.159296,27.610267,1651
85.159304,27.610256,1651
85.159312,27.610245,1651
85.159318,27.610235,1651
85.159321,27.610223,1651
85.159327,27.610211,1651
85.159331,27.610198,1651
85.159334,27.610185,1651
85.159336,27.610171,1651
85.159336,27.61016,1651
85.159337,27.61015,1651
85.159337,27.610141,1652
85.159338,27.610132,1652
85.159338,27.610123,1652
85.159341,27.610113,1652
85.159343,27.610104,1652
85.159346,27.610093,1652
85.159349,27.610082,1652
85.159353,27.61007,1652
85.159357,27.610056,1652
85.159362,27.610043,1652
85.159365,27.610028,1652
85.159368,27.610012,1652
85.159372,27.609998,1652
85.159377,27.609983,1652
85.159382,27.609969,1653
85.159384,27.609955,1653
85.159384,27.609941,1653
85.159383,27.609928,1653
85.159382,27.609914,1653
85.159382,27.609902,1653
85.159385,27.60989,1653
85.159388,27.609878,1653
85.159391,27.609866,1653
85.159395,27.609852,1653
85.159399,27.609836,1653
85.159402,27.60982,1653
85.159402,27.609806,1653
85.159403,27.609791,1654
85.159403,27.609777,1654
85.159402,27.609764,1654
85.159401,27.609752,1654
85.1594,27.609741,1654
85.159405,27.609724,1654
85.159413,27.60972,1654
85.15942,27.609716,1654
85.159428,27.609712,1654
85.159436,27.609708,1654
85.159443,27.609704,1654
85.159451,27.6097,1654
85.159458,27.609696,1654
85.159466,27.609692,1654
85.159473,27.609688,1654
85.159481,27.609684,1654
85.159488,27.60968,1654
85.159496,27.609676,1654
85.159503,27.609672,1654
85.159511,27.609668,1654
85.159518,27.609664,1654
85.159526,27.60966,1653
85.159533,27.609656,1653
85.159541,27.609651,1653
85.159549,27.609647,1653
85.159556,27.609643,1653
85.159564,27.609639,1653
85.159571,27.609635,1653
85.159579,27.609631,1653
85.159586,27.609627,1653
85.159594,27.609623,1652
85.159601,27.609619,1652
85.159609,27.609615,1652
85.159616,27.609611,1652
85.159624,27.609607,1652
85.159631,27.609603,1652
85.159639,27.609599,1652
85.159646,27.609595,1652
85.159654,27.609591,1651
85.159662,27.609587,1651
85.159669,27.609583,1651
85.159677,27.609579,1651
85.159684,27.609575,1650
85.159692,27.609571,1650
85.159699,27.609567,1650
85.159707,27.609563,1650
85.159714,27.609559,1650
85.159722,27.609555,1650
85.159729,27.609551,1650
85.159737,27.609547,1649
85.159744,27.609543,1649
85.159752,27.609539,1649
85.159759,27.609534,1649
85.159767,27.60953,1649
85.159775,27.609526,1649
85.159782,27.609522,1649
85.15979,27.609518,1649
85.159797,27.609514,1648
85.159805,27.60951,1647
85.159812,27.609506,1647
85.15982,27.609502,1647
85.159827,27.609498,1647
85.159835,27.609494,1647
85.159842,27.60949,1647
85.15985,27.609486,1647
85.159857,27.609482,1647
85.159865,27.609478,1646
85.159873,27.609474,1646
85.15988,27.60947,1646
85.159888,27.609466,1645
85.159895,27.609462,1645
85.159903,27.609458,1645
85.15991,27.609454,1645
85.159918,27.60945,1645
85.159925,27.609446,1645
85.159933,27.609442,1644
85.15994,27.609438,1644
85.159948,27.609434,1644
85.159966,27.609439,1643
85.159974,27.60944,1643
85.159982,27.60944,1643
85.15999,27.609441,1643
85.159998,27.609442,1643
85.160006,27.609443,1643
85.160014,27.609443,1642
85.160022,27.609444,1642
85.16003,27.609445,1642
85.160038,27.609445,1642
85.160046,27.609446,1642
85.160054,27.609447,1641
85.160062,27.609448,1641
85.16007,27.609448,1641
85.160079,27.609449,1641
85.160087,27.60945,1641
85.160095,27.60945,1640
85.160103,27.609451,1640
85.160111,27.609452,1640
85.160119,27.609453,1640
85.160127,27.609453,1639
85.160135,27.609454,1639
85.160143,27.609455,1638
85.160151,27.609455,1638
85.160159,27.609456,1638
85.160167,27.609457,1638
85.160175,27.609458,1638
85.160183,27.609458,1637
85.160191,27.609459,1637
85.1602,27.60946,1637
85.160208,27.60946,1637
85.160216,27.609461,1637
85.160224,27.609462,1636
85.160232,27.609462,1636
85.16024,27.609463,1636
85.160248,27.609464,1636
85.160256,27.609465,1636
85.160264,27.609465,1636
85.160272,27.609466,1635
85.16028,27.609467,1635
85.160288,27.609467,1635
85.160296,27.609468,1635
85.160299,27.609452,1635
85.1603,27.609444,1635
85.160301,27.609436,1634
85.160302,27.609428,1634
85.160303,27.60942,1634
85.160304,27.609412,1634
85.160305,27.609405,1634
85.160306,27.609397,1634
85.160307,27.609389,1634
85.160308,27.609381,1634
85.16031,27.609373,1634
85.160311,27.609365,1634
85.160312,27.609357,1634
85.160313,27.60935,1634
85.160314,27.609342,1634
85.160315,27.609334,1634
85.160316,27.609326,1634
85.160317,27.609318,1634
85.160318,27.60931,1633
85.160319,27.609302,1633
85.16032,27.609294,1633
85.160321,27.609287,1633
85.160323,27.609279,1633
85.160324,27.609271,1633
85.160325,27.609263,1632
85.160326,27.609255,1632
85.160327,27.609247,1632
85.160328,27.609239,1632
85.160329,27.609232,1631
85.16033,27.609224,1631
85.160331,27.609216,1631
85.160332,27.609208,1630
85.160333,27.6092,1630
85.160334,27.609192,1630
85.160336,27.609184,1629
85.160337,27.609177,1629
85.160338,27.609169,1628
85.160339,27.609161,1628
85.16034,27.609153,1628
85.160341,27.609145,1627
85.160342,27.609137,1627
85.160343,27.609129,1626
85.160344,27.609122,1626
85.160345,27.609114,1626
85.160342,27.609102,1625
85.160341,27.609089,1625
85.160342,27.609074,1624
85.160344,27.609059,1623
85.160346,27.609046,1623
85.160348,27.609034,1622
85.160348,27.60902,1622
85.160349,27.609006,1621
85.160351,27.608991,1621
85.160353,27.608975,1620
85.160353,27.60896,1620
85.160352,27.608944,1619
85.160351,27.608928,1619
85.160347,27.60891,1618
85.160341,27.608892,1618
85.160334,27.608873,1617
85.160329,27.608854,1617
85.160328,27.608829,1616
85.160331,27.608819,1616
85.160333,27.608809,1616
85.160336,27.608799,1615
85.160339,27.608789,1615
85.160341,27.608779,1615
85.160344,27.608769,1615
85.160346,27.608759,1614
85.160349,27.608749,1614
85.160351,27.608739,1614
85.160354,27.608729,1614
85.160357,27.608719,1614
85.160359,27.608709,1614
85.160362,27.608699,1613
85.160364,27.608689,1613
85.160367,27.608679,1613
85.16037,27.608669,1613
85.160372,27.608659,1613
85.160375,27.608649,1612
85.160377,27.608639,1612
85.16038,27.608629,1612
85.160382,27.608619,1612
85.160385,27.608609,1612
85.160388,27.608599,1612
85.16039,27.608589,1611
85.160393,27.608579,1611
85.160395,27.608569,1611
85.160398,27.608559,1611
85.160401,27.608549,1611
85.160403,27.608539,1610
85.160406,27.608529,1610
85.160408,27.608519,1610
85.160411,27.608509,1610
85.160414,27.608499,1610
85.160416,27.608489,1610
85.160419,27.608479,1609
85.160421,27.608469,1609
85.160424,27.608459,1609
85.160426,27.608449,1609
85.160429,27.608439,1609
85.160432,27.608429,1608
85.160434,27.608419,1608
85.160437,27.608409,1608
85.160439,27.608399,1608
85.160442,27.608389,1608
85.160445,27.608379,1608
85.160447,27.608369,1607
85.16045,27.608359,1607
85.160452,27.608349,1607
85.160455,27.608339,1607
85.160457,27.608329,1607
85.16046,27.608319,1606
85.160463,27.608309,1606
85.160465,27.608299,1606
85.160467,27.608286,1606
85.160468,27.608273,1605
85.160466,27.60826,1605
85.160462,27.608247,1605
85.160459,27.608233,1605
85.160454,27.60822,1604
85.160451,27.608206,1604
85.160447,27.608192,1604
85.160442,27.608178,1604
85.160438,27.608163,1603
85.160435,27.608148,1603
85.16043,27.608134,1602
85.160426,27.608119,1602
85.160422,27.608105,1602
85.160417,27.60809,1601
85.160412,27.608076,1601
85.160408,27.608063,1601
85.160405,27.608052,1600
85.160401,27.608039,1600
85.160397,27.608024,1600
85.160394,27.608009,1599
85.160381,27.607947,1598
85.160382,27.607932,1597
85.160383,27.607922,1597
85.160384,27.607912,1597
85.160385,27.607902,1596
85.160386,27.607892,1596
85.160387,27.607882,1596
85.160388,27.607871,1596
85.16039,27.607861,1595
85.160391,27.607851,1595
85.160395,27.607842,1595
85.1604,27.607832,1594
85.160407,27.607822,1594
85.160415,27.607812,1594
85.160425,27.607802,1594
85.160434,27.60779,1593
85.160442,27.607779,1593
85.16045,27.607767,1593
85.160458,27.607756,1592
85.160467,27.607745,1592
85.160475,27.607733,1592
85.160483,27.607722,1591
85.160492,27.607712,1591
85.160501,27.607702,1591
85.160511,27.607693,1590
85.160521,27.607684,1590
85.160532,27.607678,1590
85.160542,27.607671,1589
85.160553,27.607664,1589
85.160564,27.607656,1589
85.160573,27.607648,1589
85.160584,27.607641,1588
85.160595,27.607633,1588
85.160606,27.607625,1588
85.160619,27.607618,1587
85.160634,27.60761,1587
85.160648,27.607602,1587
85.160661,27.607592,1586
85.160674,27.607582,1586
85.160687,27.607571,1586
85.1607,27.607559,1585
85.160711,27.607548,1585
85.160721,27.607537,1585
85.160732,27.607528,1584
85.160743,27.607522,1584
85.160754,27.607516,1584
85.160765,27.607511,1584
85.160776,27.607506,1583
85.160789,27.607503,1583
85.160803,27.607499,1582
85.160817,27.607494,1582
85.160831,27.607489,1582
85.160848,27.607485,1582
85.160865,27.607482,1582
85.160883,27.60748,1582
85.160899,27.607479,1582
85.160914,27.607479,1582
85.160927,27.607481,1582
85.16094,27.607483,1582
85.160953,27.607485,1582
85.160967,27.607488,1582
85.160981,27.607491,1582
85.160995,27.607495,1582
85.161009,27.607499,1582
85.161025,27.607501,1582
85.161042,27.607502,1582
85.16106,27.607501,1582
85.161078,27.6075,1582
85.161095,27.607499,1582
85.16111,27.607499,1582
85.161125,27.607499,1582
85.161139,27.607501,1582
85.161153,27.607506,1582
85.161167,27.607512,1582
85.161179,27.607519,1582
85.161191,27.607525,1582
85.161201,27.607531,1582
85.16121,27.607538,1582
85.161219,27.607544,1582
85.161228,27.60755,1582
85.161237,27.607555,1582
85.161247,27.60756,1582
85.161257,27.607567,1582
85.161267,27.607573,1582
85.161278,27.60758,1582
85.161289,27.607587,1582
85.1613,27.607595,1582
85.161312,27.607604,1582
85.161324,27.607612,1582
85.161335,27.607619,1582
85.161346,27.607626,1582
85.161355,27.607632,1582
85.161362,27.607639,1582
85.161369,27.607647,1582
85.161377,27.607654,1582
85.161385,27.607661,1582
85.161389,27.607666,1582
85.161391,27.607672,1582
85.161392,27.607679,1582
85.161391,27.607685,1582
85.161394,27.607691,1582
85.161399,27.607698,1582
85.161407,27.607706,1582
85.161416,27.607714,1582
85.161424,27.607723,1582
85.161435,27.60773,1582
85.161445,27.607735,1582
85.161457,27.607739,1582
85.161468,27.607745,1582
85.161479,27.607752,1582
85.161489,27.60776,1582
85.161501,27.607766,1582
85.161511,27.607771,1582
85.161519,27.607776,1582
85.161528,27.607781,1582
85.161537,27.607788,1582
85.161546,27.607794,1582
85.161556,27.6078,1582
85.161568,27.607805,1582
85.16158,27.60781,1582
85.161593,27.607815,1582
85.161607,27.607819,1582
85.161621,27.607822,1582
85.161636,27.607825,1582
85.161652,27.607827,1582
85.161667,27.60783,1582
85.161683,27.607833,1582
85.161697,27.607838,1582
85.161712,27.607844,1582
85.161727,27.607849,1581
85.161743,27.607854,1581
85.16176,27.607858,1581
85.161776,27.607862,1581
85.161793,27.607866,1581
85.161809,27.60787,1581
85.161825,27.607876,1581
85.161856,27.607885,1581
85.161872,27.607887,1581
85.161889,27.607888,1581
85.161905,27.60789,1581
85.161921,27.607892,1581
85.161937,27.607894,1581
85.161954,27.607896,1581
85.16197,27.607898,1581
85.161986,27.6079,1581
85.162002,27.607902,1581
85.162019,27.607904,1581
85.162035,27.607905,1581
85.162051,27.607907,1581
85.162067,27.607909,1581
85.162084,27.607911,1581
85.1621,27.607913,1581
85.162116,27.607915,1581
85.162132,27.607917,1581
85.162148,27.607919,1581
85.162165,27.607921,1581
85.162181,27.607922,1581
85.162195,27.607923,1581
85.162209,27.607924,1580
85.162223,27.607927,1580
85.162239,27.607929,1580
85.162257,27.607932,1580
85.162276,27.607934,1580
85.162295,27.607935,1580
85.162315,27.607937,1580
85.162334,27.607938,1580
85.162352,27.607936,1580
85.162368,27.607933,1580
85.162381,27.607929,1580
85.162392,27.607924,1580
85.162405,27.607919,1580
85.162418,27.607917,1580
85.162432,27.607918,1580
85.162447,27.607921,1580
85.162463,27.607923,1580
85.16248,27.607924,1580
85.162497,27.607925,1580
85.162515,27.607926,1579
85.162534,27.607928,1579
85.162554,27.60793,1579
85.162575,27.607931,1579
85.162599,27.607934,1579
85.162622,27.607936,1579
85.162645,27.607938,1579
85.162669,27.60794,1579
85.162692,27.607939,1579
85.162714,27.607938,1579
85.162736,27.607937,1579
85.162769,27.607934,1579
85.162782,27.607933,1579
85.162795,27.607932,1579
85.162809,27.607932,1579
85.162822,27.607931,1579
85.162835,27.60793,1579
85.162848,27.607929,1579
85.162862,27.607928,1579
85.162875,27.607928,1579
85.162888,27.607927,1579
85.162901,27.607926,1579
85.162915,27.607925,1579
85.162928,27.607924,1579
85.162941,27.607924,1579
85.162954,27.607923,1579
85.162968,27.607922,1579
85.162981,27.607921,1579
85.162994,27.607921,1579
85.163007,27.60792,1579
85.16302,27.607919,1579
85.163034,27.607918,1579
85.163047,27.607917,1579
85.16308,27.60792,1579
85.163095,27.607921,1579
85.16311,27.607923,1579
85.163125,27.607924,1579
85.16314,27.607926,1579
85.163155,27.607927,1579
85.16317,27.607929,1579
85.163186,27.60793,1579
85.163201,27.607932,1579
85.163216,27.607933,1578
85.163231,27.607935,1578
85.163246,27.607936,1578
85.163261,27.607938,1578
85.163276,27.607939,1578
85.163291,27.607941,1578
85.163306,27.607942,1578
85.163322,27.607944,1578
85.163337,27.607946,1578
85.163352,27.607947,1578
85.163367,27.607949,1578
85.163382,27.60795,1578
85.163397,27.607952,1578
85.163412,27.607953,1578
85.163427,27.607955,1578
85.163442,27.607956,1578
85.163458,27.607958,1578
85.163473,27.607959,1578
85.163488,27.607961,1578
85.163503,27.607962,1578
85.163518,27.607964,1578
85.163533,27.607965,1578
85.163548,27.607967,1578
85.163563,27.607968,1578
85.163578,27.60797,1578
85.163594,27.607971,1578
85.163609,27.607973,1578
85.163624,27.607974,1578
85.163639,27.607976,1578
85.163654,27.607977,1578
85.163669,27.607979,1578
85.163684,27.60798,1578
85.163699,27.607982,1578
85.163715,27.607983,1578
85.16373,27.607985,1578
85.163745,27.607986,1578
85.163772,27.607992,1578
85.163785,27.607994,1578
85.163798,27.607996,1578
85.163811,27.607998,1578
85.163824,27.608,1578
85.163837,27.608002,1578
85.16385,27.608005,1578
85.163863,27.608007,1578
85.163876,27.608009,1578
85.163889,27.608011,1578
85.163902,27.608013,1578
85.163915,27.608015,1578
85.163934,27.608017,1578
85.163954,27.60802,1578
85.163971,27.608025,1578
85.163988,27.608031,1578
85.164004,27.608036,1578
85.164018,27.60804,1578
85.164031,27.608042,1578
85.164045,27.608045,1578
85.16406,27.608048,1578
85.164075,27.608052,1578
85.164089,27.608057,1578
85.164105,27.608061,1578
85.164119,27.608064,1577
85.164134,27.608067,1577
85.164148,27.608069,1577
85.164163,27.608073,1577
85.164178,27.608077,1577
85.164192,27.608081,1577
85.164204,27.608085,1577
85.164217,27.608088,1577
85.164229,27.608092,1577
85.164242,27.608095,1577
85.164256,27.608098,1577
85.16427,27.608102,1577
85.164282,27.608105,1577
85.164294,27.608107,1578
85.164308,27.608109,1578
85.164322,27.608112,1578
85.164338,27.608114,1578
85.164357,27.608116,1578
85.164376,27.608116,1578
85.164393,27.608115,1578
85.164411,27.608114,1578
85.164428,27.608113,1578
85.164444,27.608112,1578
85.16446,27.60811,1578
85.164476,27.608108,1578
85.164493,27.608105,1578
85.164508,27.6081,1578
85.164522,27.608095,1578
85.164535,27.608087,1578
85.164547,27.608078,1578
85.164558,27.608069,1578
85.16457,27.608061,1578
85.164582,27.608052,1578
85.164596,27.608045,1578
85.164611,27.608038,1578
85.164625,27.60803,1578
85.164638,27.608019,1578
85.16465,27.608009,1578
85.164666,27.608002,1578
85.164682,27.607995,1577
85.164697,27.607988,1577
85.164713,27.60798,1577
85.164728,27.607972,1577
85.164741,27.607963,1577
85.164755,27.607953,1577
85.164776,27.607937,1577
85.164784,27.60793,1577
85.164792,27.607922,1577
85.164802,27.607913,1577
85.164811,27.607904,1577
85.164828,27.607887,1577
85.164838,27.607879,1577
85.164848,27.607871,1577
85.164858,27.607863,1577
85.164867,27.607855,1577
85.164877,27.607847,1577
85.164887,27.607838,1577
85.164897,27.60783,1577
85.164907,27.607822,1577
85.164916,27.607814,1577
85.164926,27.607806,1577
85.164936,27.607798,1577
85.164946,27.60779,1577
85.164955,27.607782,1577
85.164965,27.607774,1577
85.164975,27.607765,1577
85.164985,27.607757,1577
85.164995,27.607749,1577
85.165004,27.607741,1577
85.165014,27.607733,1577
85.165024,27.607725,1577
85.165034,27.607717,1577
85.165044,27.607709,1577
85.165053,27.607701,1577
85.165063,27.607693,1577
85.165073,27.607684,1577
85.165083,27.607676,1577
85.165093,27.607668,1577
85.165102,27.60766,1577
85.165112,27.607652,1577
85.165122,27.607644,1577
85.165132,27.607636,1577
85.165142,27.607628,1577
85.165151,27.60762,1577
85.165161,27.607612,1577
85.165171,27.607603,1577
85.165181,27.607595,1577
85.165191,27.607587,1577
85.1652,27.607579,1577
85.16521,27.607571,1577
85.16522,27.607563,1577
85.16523,27.607555,1577
85.16524,27.607547,1577
85.165249,27.607539,1577
85.165259,27.60753,1577
85.165269,27.607522,1577
85.165279,27.607514,1577
85.165289,27.607506,1577
85.165298,27.607498,1577
85.165308,27.60749,1577
85.165318,27.607482,1577
85.165328,27.607474,1577
85.165338,27.607466,1577
85.165347,27.607458,1577
85.165357,27.607449,1577
85.16536,27.607443,1577
85.165362,27.607437,1577
85.165362,27.60743,1577
85.165358,27.607423,1577
85.165351,27.607413,1577
85.165344,27.607402,1577
85.165341,27.607395,1577
85.165338,27.607392,1577
85.165326,27.607383,1577
85.165325,27.607383,1577
85.165324,27.607384,1577
85.165322,27.607386,1577
85.165319,27.607387,1577
85.165313,27.607387,1577
85.165306,27.607387,1577
85.165298,27.607386,1577
85.16529,27.607384,1577
85.165283,27.607381,1577
85.165275,27.607377,1577
85.165265,27.607374,1577
85.165256,27.60737,1578
85.165244,27.607366,1578
85.165231,27.607362,1578
85.165218,27.607357,1578
85.165205,27.607355,1578
85.165193,27.607356,1578
85.16518,27.607358,1578
85.165165,27.607362,1578
85.165151,27.607369,1578
85.165135,27.607373,1578
85.165117,27.607375,1578
85.165096,27.607375,1578
85.165074,27.607375,1578
85.165054,27.607375,1578
85.165033,27.607375,1578
85.165013,27.607376,1578
85.164995,27.607376,1578
85.164976,27.607375,1578
85.16496,27.607374,1579
85.164943,27.607372,1579
85.164928,27.607371,1579
85.164912,27.607369,1579
85.164897,27.607364,1579
85.164882,27.607361,1579
85.164867,27.607361,1579
85.164852,27.607359,1579
85.164837,27.607357,1579
85.164821,27.607353,1579
85.164805,27.607348,1579
85.164787,27.607341,1579
85.164769,27.607335,1579
85.164752,27.607332,1579
85.164735,27.60733,1579
85.164718,27.60733,1579
85.164695,27.607331,1579
85.164674,27.607334,1579
85.164652,27.607335,1579
85.164633,27.607338,1579
85.164613,27.607338,1579
85.164596,27.607341,1579
85.164577,27.607341,1579
85.164558,27.60734,1579
85.164539,27.607337,1579
85.164522,27.607335,1579
85.164505,27.607331,1579
85.164487,27.607326,1579
85.16447,27.607323,1580
85.164452,27.607322,1580
85.164435,27.607322,1580
85.164416,27.607324,1580
85.164397,27.607327,1580
85.16438,27.60733,1580
85.164364,27.607332,1580
85.164348,27.607335,1580
85.164334,27.607338,1580
85.164321,27.607342,1580
85.164308,27.607344,1580
85.164293,27.607344,1580
85.164278,27.607343,1580
85.164265,27.607342,1580
85.164252,27.607343,1580
85.16424,27.607344,1580
85.164229,27.607344,1580
85.164218,27.607343,1580
85.164206,27.607341,1580
85.164193,27.607339,1580
85.16418,27.607335,1580
85.164165,27.607331,1580
85.164151,27.607326,1580
85.164135,27.607318,1580
85.164119,27.607312,1580
85.164102,27.607306,1580
85.164087,27.607301,1580
85.164074,27.607297,1580
85.164061,27.607294,1580
85.164049,27.60729,1580
85.164036,27.607284,1580
85.164021,27.607278,1580
85.164006,27.607274,1580
85.163991,27.607272,1580
85.163976,27.60727,1580
85.163959,27.607265,1580
85.163943,27.60726,1580
85.163927,27.607253,1580
85.16391,27.607245,1580
85.163894,27.607238,1580
85.163876,27.607233,1580
85.16386,27.60723,1580
85.163843,27.607227,1580
85.163825,27.607225,1580
85.163794,27.60722,1580
85.163781,27.607217,1580
85.163768,27.607213,1580
85.163755,27.60721,1580
85.163742,27.607207,1580
85.163729,27.607204,1580
85.163716,27.607201,1580
85.163703,27.607198,1580
85.16369,27.607195,1580
85.163677,27.607192,1580
85.163664,27.607189,1580
85.163651,27.607186,1580
85.163638,27.607183,1580
85.163613,27.607171,1580
85.1636,27.607165,1580
85.163587,27.607159,1580
85.163574,27.607153,1580
85.163561,27.607147,1580
85.163548,27.607141,1580
85.163535,27.607135,1580
85.163522,27.607129,1580
85.163509,27.607123,1580
85.163496,27.607117,1580
85.163483,27.607111,1581
85.16347,27.607105,1581
85.163457,27.607099,1581
85.163444,27.607093,1581
85.163431,27.607087,1581
85.163418,27.607081,1581
85.163405,27.607075,1581
85.163392,27.607069,1581
85.163379,27.607063,1581
85.163366,27.607057,1581
85.163353,27.607051,1581
85.163339,27.607045,1581
85.163326,27.607039,1581
85.163313,27.607033,1581
85.1633,27.607027,1581
85.163287,27.607021,1581
85.163274,27.607015,1581
85.163261,27.607009,1581
85.163248,27.607003,1581
85.163235,27.606997,1581
85.163222,27.606991,1581
85.163209,27.606985,1581
85.163196,27.606979,1581
85.163183,27.606973,1581
85.16317,27.606967,1581
85.163157,27.606961,1581
85.163144,27.606955,1581
85.163131,27.606949,1581
85.163118,27.606943,1581
85.163105,27.606937,1581
85.163092,27.606931,1581
85.163079,27.606925,1581
85.163066,27.606919,1581
85.163053,27.606913,1581
85.16304,27.606907,1581
85.163027,27.606901,1581
85.163014,27.606895,1581
85.163001,27.606889,1581
85.162988,27.606883,1581
85.162975,27.606877,1581
85.162962,27.606871,1581
85.162949,27.606865,1581
85.162936,27.606859,1581
85.162923,27.606853,1581
85.16291,27.606847,1581
85.1629,27.606838,1581
85.162888,27.60683,1581
85.162875,27.606822,1581
85.162863,27.606812,1581
85.162851,27.606803,1581
85.162837,27.606795,1581
85.162823,27.606787,1581
85.162809,27.606779,1580
85.162796,27.606772,1580
85.162784,27.606765,1580
85.162771,27.606759,1580
85.162758,27.606753,1580
85.162745,27.606748,1580
85.162734,27.606741,1580
85.162723,27.606736,1580
85.162712,27.60673,1580
85.162699,27.606722,1580
85.162687,27.606715,1580
85.162674,27.606708,1580
85.162662,27.606702,1580
85.16265,27.606695,1580
85.162637,27.606688,1580
85.162625,27.60668,1580
85.162614,27.606671,1580
85.162602,27.606663,1580
85.16259,27.606655,1580
85.162577,27.606649,1580
85.162565,27.606643,1580
85.162553,27.606638,1580
85.162541,27.606636,1580
85.162529,27.606633,1580
85.162516,27.606628,1580
85.162502,27.606623,1580
85.162488,27.606618,1580
85.162474,27.606615,1580
85.162459,27.606611,1580
85.162441,27.60661,1580
85.162421,27.606611,1580
85.162401,27.606613,1580
85.16238,27.606612,1580
85.162351,27.60661,1580
85.162339,27.606607,1580
85.162328,27.606604,1580
85.162316,27.6066,1580
85.162304,27.606597,1580
85.162293,27.606594,1580
85.162281,27.606591,1580
85.162269,27.606588,1580
85.162258,27.606585,1580
85.162246,27.606582,1580
85.162234,27.606579,1580
85.162223,27.606576,1580
85.162211,27.606573,1579
85.162199,27.60657,1579
85.162188,27.606567,1579
85.162176,27.606564,1579
85.162165,27.606561,1579
85.162153,27.606558,1579
85.162141,27.606554,1579
85.16213,27.606551,1579
85.162112,27.60654,1579
85.1621,27.606535,1579
85.162088,27.606529,1579
85.162076,27.606524,1579
85.162064,27.606519,1579
85.162052,27.606513,1579
85.16204,27.606508,1579
85.162028,27.606502,1579
85.162016,27.606497,1579
85.162004,27.606492,1579
85.161993,27.606486,1579
85.161981,27.606481,1579
85.161969,27.606475,1579
85.161957,27.60647,1579
85.161945,27.606464,1579
85.161933,27.606459,1579
85.161921,27.606454,1579
85.161909,27.606448,1579
85.161897,27.606443,1579
85.161885,27.606437,1579
85.161873,27.606432,1579
85.161861,27.606426,1579
85.161849,27.606421,1579
85.161838,27.606416,1579
85.161826,27.60641,1579
85.161814,27.606405,1579
85.161802,27.606399,1579
85.16179,27.606394,1579
85.161778,27.606388,1579
85.161766,27.606383,1579
85.161754,27.606378,1579
85.161742,27.606372,1579
85.16173,27.606367,1579
85.161718,27.606361,1579
85.161706,27.606356,1579
85.161695,27.60635,1579
85.161683,27.606345,1579
85.161671,27.60634,1579
85.161659,27.606334,1580
85.161647,27.606329,1580
85.161635,27.606323,1580
85.161623,27.606318,1580
85.161611,27.606312,1580
85.161599,27.606307,1580
85.161587,27.606302,1580
85.161575,27.606296,1580
85.161563,27.606291,1580
85.161551,27.606285,1580
85.16154,27.60628,1580
85.161528,27.606274,1580
85.161516,27.606269,1580
85.161504,27.606264,1580
85.161492,27.606258,1580
85.16148,27.606253,1580
85.161468,27.606247,1580
85.161456,27.606242,1580
85.161444,27.606236,1580
85.161432,27.606231,1580
85.16142,27.606226,1580
85.161408,27.60622,1580
85.161397,27.606215,1580
85.161387,27.606207,1580
85.161379,27.6062,1580
85.16137,27.606192,1580
85.161362,27.606185,1580
85.161353,27.606178,1581
85.161344,27.606171,1581
85.161335,27.606164,1581
85.161325,27.606154,1581
85.161316,27.606145,1581
85.161307,27.606135,1581
85.161299,27.606125,1581
85.161291,27.606115,1581
85.161282,27.606104,1581
85.161273,27.606093,1581
85.161263,27.606083,1581
85.161254,27.606073,1581
85.161243,27.606065,1581
85.161233,27.606061,1582
85.161222,27.606055,1582
85.161208,27.606047,1582
85.161192,27.60604,1582
85.161179,27.606035,1582
85.161165,27.60603,1582
85.161153,27.606027,1582
85.161142,27.606024,1582
85.161132,27.606021,1582
85.16112,27.606021,1583
85.161107,27.606022,1583
85.161094,27.606023,1583
85.161081,27.606024,1583
85.161071,27.606026,1583
85.161062,27.606027,1583
85.161051,27.606026,1583
85.16104,27.606025,1583
85.161027,27.606026,1583
85.161011,27.606025,1583
85.160995,27.606021,1584
85.16098,27.606017,1584
85.160966,27.606013,1584
85.160953,27.606009,1584
85.16094,27.606003,1584
85.160927,27.605995,1584
85.160914,27.605987,1584
85.1609,27.605979,1584
85.160887,27.605971,1585
85.160872,27.605963,1585
85.16086,27.605957,1585
85.160848,27.605949,1585
85.160837,27.60594,1585
85.160827,27.60593,1585
85.160817,27.605922,1585
85.160806,27.605913,1586
85.160796,27.605904,1586
85.160785,27.605897,1586
85.160774,27.60589,1586
85.160764,27.605883,1586
85.160752,27.605878,1586
85.160741,27.605874,1586
85.16073,27.60587,1586
85.160718,27.605865,1586
85.160708,27.605861,1586
85.160698,27.605856,1586
85.160688,27.605849,1586
85.160677,27.605842,1586
85.160657,27.605829,1586
85.160648,27.605823,1586
85.160639,27.605817,1586
85.16063,27.605811,1586
85.160621,27.605805,1586
85.160612,27.605799,1586
85.160603,27.605794,1586
85.160593,27.605788,1587
85.160584,27.605782,1587
85.160575,27.605776,1587
85.160566,27.60577,1587
85.160557,27.605764,1587
85.160548,27.605758,1587
85.160539,27.605752,1587
85.160529,27.605746,1587
85.16052,27.60574,1587
85.160511,27.605733,1587
85.160502,27.605725,1587
85.160493,27.605716,1587
85.160483,27.605708,1587
85.160475,27.6057,1587
85.160466,27.605693,1587
85.160457,27.605686,1587
85.160447,27.605678,1587
85.160435,27.60567,1587
85.160423,27.605663,1587
85.160412,27.605656,1587
85.1604,27.60565,1587
85.160389,27.605643,1587
85.160377,27.605637,1588
85.160366,27.605631,1588
85.160354,27.605625,1588
85.160344,27.605619,1588
85.160334,27.605614,1588
85.160324,27.605608,1588
85.160313,27.605602,1588
85.160302,27.605599,1588
85.16029,27.605595,1588
85.160279,27.605591,1588
85.160268,27.605586,1588
85.160258,27.60558,1588
85.160247,27.605574,1588
85.160236,27.60557,1588
85.160225,27.605565,1588
85.160215,27.605561,1588
85.160204,27.605558,1588
85.160193,27.605555,1588
85.160181,27.605552,1588
85.16017,27.605549,1588
85.160159,27.605547,1588
85.160147,27.605545,1588
85.160135,27.605543,1589
85.16012,27.605541,1589
85.160107,27.60554,1589
85.160095,27.605538,1589
85.160083,27.605534,1589
85.160073,27.605531,1589
85.160062,27.605528,1589
85.160052,27.605525,1589
85.160041,27.605522,1589
85.16003,27.605519,1589
85.160019,27.605514,1589
85.16001,27.605508,1589
85.159999,27.605501,1589
85.159988,27.605493,1589
85.159976,27.605485,1589
85.159963,27.605479,1589
85.15995,27.605474,1589
85.159937,27.605469,1589
85.159925,27.605464,1589
85.159914,27.60546,1589
85.159904,27.605456,1589
85.159894,27.605452,1590
85.159884,27.605448,1590
85.159875,27.605444,1590
85.159865,27.605439,1590
85.159857,27.605433,1590
85.159848,27.605428,1590
85.159839,27.605423,1590
85.159829,27.60542,1590
85.15982,27.605415,1590
85.159809,27.60541,1590
85.159798,27.605405,1590
85.159787,27.605399,1590
85.159766,27.605385,1590
85.159757,27.605378,1590
85.159748,27.60537,1590
85.159739,27.605363,1590
85.15973,27.605355,1590
85.159721,27.605348,1590
85.159712,27.60534,1590
85.159703,27.605333,1590
85.159694,27.605325,1590
85.159685,27.605318,1590
85.159676,27.60531,1591
85.159667,27.605303,1591
85.159658,27.605295,1591
85.159648,27.605288,1591
85.159639,27.60528,1591
85.15963,27.605273,1591
85.159621,27.605265,1591
85.159612,27.605258,1591
85.159603,27.60525,1591
85.159594,27.605243,1591
85.159585,27.605235,1591
85.159576,27.605228,1591
85.159567,27.60522,1591
85.159558,27.605212,1591
85.159549,27.605205,1591
85.15954,27.605197,1591
85.159531,27.60519,1591
85.159522,27.605182,1591
85.159513,27.605175,1591
85.159504,27.605167,1591
85.159495,27.60516,1591
85.159486,27.605144,1592
85.159488,27.605133,1592
85.159489,27.605122,1592
85.15949,27.605111,1592
85.159492,27.6051,1592
85.159493,27.605089,1592
85.159494,27.605079,1592
85.159495,27.605068,1592
85.159497,27.605057,1592
85.159498,27.605046,1592
85.159499,27.605035,1592
85.159501,27.605024,1592
85.159502,27.605013,1592
85.159503,27.605003,1592
85.159505,27.604992,1592
85.159506,27.604981,1592
85.159507,27.60497,1592
85.159509,27.604959,1592
85.15951,27.604948,1592
85.159511,27.604937,1592
85.159513,27.604927,1592
85.159514,27.604916,1592
85.159515,27.604905,1593
85.159516,27.604894,1593
85.159518,27.604883,1593
85.159519,27.604872,1593
85.15952,27.604861,1593
85.159522,27.604851,1593
85.159523,27.60484,1593
85.159524,27.604829,1593
85.159526,27.604818,1593
85.159527,27.604807,1593
85.159528,27.604796,1593
85.15953,27.604785,1593
85.159531,27.604775,1593
85.159535,27.60475,1593
85.159538,27.604739,1593
85.159541,27.604728,1593
85.159544,27.604717,1593
85.159546,27.604706,1593
85.159549,27.604695,1593
85.159552,27.604684,1593
85.159555,27.604673,1593
85.159557,27.604662,1594
85.15956,27.604651,1594
85.159563,27.60464,1594
85.159566,27.604629,1594
85.159568,27.604618,1594
85.159571,27.604607,1594
85.159574,27.604596,1594
85.159577,27.604585,1594
85.159579,27.604574,1594
85.159582,27.604563,1594
85.159585,27.604552,1594
85.159588,27.604541,1594
85.159591,27.60453,1594
85.159593,27.604519,1594
85.159596,27.604507,1594
85.159599,27.604496,1594
85.159602,27.604485,1594
85.159604,27.604474,1594
85.159607,27.604463,1594
85.15961,27.604452,1594
85.159613,27.604441,1594
85.159615,27.60443,1595
85.159618,27.604419,1595
85.159621,27.604408,1595
85.159624,27.604397,1595
85.159626,27.604386,1595
85.159629,27.604375,1595
85.159632,27.604364,1595
85.159635,27.604353,1595
85.159637,27.604342,1595
85.15964,27.604331,1595
85.159643,27.60432,1595
85.159646,27.604309,1595
85.159649,27.604298,1595
85.159651,27.604287,1595
85.159654,27.604276,1595
85.159657,27.604265,1595
85.15966,27.604254,1595
85.159662,27.604243,1595
85.159665,27.604232,1595
85.159668,27.604221,1595
85.159671,27.60421,1595
85.159673,27.604199,1596
85.159676,27.604188,1596
85.159679,27.604177,1596
85.159682,27.604166,1596
85.159684,27.604155,1596
85.159687,27.604144,1596
85.15969,27.604133,1596
85.159693,27.604122,1596
85.159695,27.604111,1596
85.159698,27.6041,1596
85.15972,27.604095,1596
85.159731,27.604097,1596
85.159743,27.604099,1596
85.159755,27.6041,1596
85.159766,27.604102,1596
85.159778,27.604104,1596
85.15979,27.604106,1596
85.159801,27.604107,1596
85.159813,27.604109,1596
85.159825,27.604111,1596
85.159836,27.604113,1596
85.159848,27.604114,1597
85.15986,27.604116,1597
85.159871,27.604118,1597
85.159883,27.60412,1597
85.159895,27.604121,1597
85.159906,27.604123,1597
85.159918,27.604125,1597
85.15993,27.604127,1597
85.159942,27.604128,1597
85.159953,27.60413,1597
85.159965,27.604132,1597
85.159977,27.604134,1597
85.159988,27.604135,1597
85.16,27.604137,1597
85.160012,27.604139,1597
85.160023,27.604141,1597
85.160035,27.604142,1597
85.160047,27.604144,1597
85.160058,27.604146,1597
85.16007,27.604148,1597
85.160082,27.604149,1597
85.160093,27.604151,1597
85.160105,27.604153,1597
85.160117,27.604155,1598
85.160128,27.604156,1598
85.16014,27.604158,1598
85.160166,27.604162,1598
85.160176,27.604161,1598
85.160187,27.604159,1598
85.160197,27.604158,1598
85.160208,27.604156,1598
85.160218,27.604155,1598
85.160229,27.604154,1598
85.160239,27.604152,1598
85.16025,27.604151,1598
85.16026,27.604149,1598
85.160271,27.604148,1598
85.160281,27.604146,1598
85.160292,27.604145,1598
85.160302,27.604143,1598
85.160312,27.604142,1598
85.160323,27.60414,1598
85.160333,27.604139,1598
85.160344,27.604137,1598
85.160354,27.604136,1598
85.160365,27.604134,1598
85.160375,27.604133,1599
85.160386,27.604131,1599
85.160396,27.60413,1599
85.160407,27.604129,1599
85.160414,27.604123,1599
85.160422,27.604117,1599
85.160431,27.60411,1599
85.160441,27.604102,1599
85.160451,27.604095,1599
85.160463,27.604088,1599
85.160475,27.604083,1599
85.160486,27.604078,1599
85.160496,27.604075,1599
85.160505,27.604072,1599
85.160515,27.604067,1599
85.160524,27.604062,1599
85.160533,27.604056,1599
85.160543,27.60405,1599
85.160553,27.604045,1599
85.160564,27.60404,1599
85.160576,27.604035,1599
85.160587,27.60403,1599
85.160599,27.604027,1599
85.160612,27.604023,1600
85.160625,27.604021,1600
85.160639,27.604018,1600
85.160651,27.604014,1600
85.160664,27.60401,1600
85.160677,27.604005,1600
85.160689,27.603999,1600
85.160701,27.603994,1600
85.160713,27.603989,1600
85.160724,27.603983,1600
85.160733,27.603976,1600
85.16074,27.603969,1600
85.160747,27.603963,1600
85.160753,27.603956,1600
85.160761,27.60395,1600
85.160769,27.603944,1600
85.160778,27.603939,1600
85.16079,27.603934,1600
85.1608,27.603929,1600
85.16081,27.603922,1600
85.160819,27.603914,1600
85.160829,27.603905,1600
85.160838,27.603896,1601
85.160849,27.603887,1601
85.160859,27.603879,1601
85.160871,27.603873,1601
85.160883,27.603866,1601
85.160895,27.603859,1601
85.160907,27.603852,1601
85.160919,27.603846,1601
85.160931,27.603838,1601
85.160942,27.603832,1601
85.160955,27.603825,1601
85.160967,27.603817,1601
85.16098,27.603811,1601
85.160993,27.603805,1601
85.161004,27.6038,1601
85.161016,27.603793,1601
85.161027,27.603788,1601
85.161037,27.603783,1601
85.161049,27.603779,1601
85.161061,27.603777,1601
85.161075,27.603775,1601
85.161089,27.603772,1602
85.161103,27.603768,1602
85.161116,27.603765,1602
85.161129,27.603762,1602
85.161144,27.603758,1602
85.161158,27.603755,1602
85.161173,27.60375,1602
85.161186,27.603743,1602
85.161199,27.603737,1602
85.161212,27.603731,1602
85.161224,27.603726,1602
85.161236,27.60372,1602
85.16125,27.603713,1602
85.161261,27.603706,1602
85.161273,27.603698,1602
85.161284,27.603688,1602
85.161295,27.603679,1602
85.161306,27.603669,1602
85.161319,27.60366,1602
85.161332,27.60365,1603
85.161344,27.603639,1603
85.161354,27.603628,1603
85.161364,27.603616,1603
85.161374,27.603604,1603
85.161382,27.603593,1603
85.16139,27.603584,1603
85.161396,27.603576,1603
85.161402,27.603567,1603
85.161409,27.603559,1603
85.161414,27.603551,1603
85.161418,27.603541,1603
85.161421,27.60353,1603
85.161424,27.60352,1603
85.161427,27.60351,1603
85.161431,27.6035,1603
85.161436,27.60349,1603
85.161439,27.60348,1603
85.161442,27.603469,1603
85.161446,27.603458,1603
85.161449,27.603448,1604
85.161453,27.603438,1604
85.161457,27.603428,1604
85.161462,27.603418,1604
85.161467,27.603409,1604
85.161472,27.603401,1604
85.161478,27.603392,1604
85.161485,27.603386,1604
85.161493,27.603381,1604
85.161502,27.603377,1604
85.161512,27.603372,1604
85.161523,27.603369,1604
85.161534,27.603364,1604
85.161546,27.603361,1604
85.161558,27.603357,1604
85.16157,27.603354,1604
85.161583,27.603351,1604
85.161596,27.603348,1604
85.16161,27.603343,1604
85.161624,27.603339,1604
85.161638,27.603336,1604
85.161653,27.603334,1604
85.161668,27.603332,1604
85.161682,27.603331,1605
85.161696,27.603331,1605
85.16171,27.603333,1605
85.161726,27.603336,1605
85.161742,27.60334,1605
85.161758,27.603342,1605
85.161772,27.603345,1605
85.161787,27.603347,1605
85.161802,27.603348,1605
85.161818,27.603349,1605
85.161836,27.603343,1605
85.161838,27.603335,1605
85.161841,27.603327,1605
85.161843,27.603319,1605
85.161846,27.603311,1605
85.161848,27.603303,1605
85.16185,27.603296,1605
85.161853,27.603288,1605
85.161855,27.60328,1605
85.161858,27.603272,1605
85.16186,27.603264,1605
85.161862,27.603256,1605
85.161865,27.603248,1606
85.161867,27.60324,1606
85.16187,27.603232,1606
85.161872,27.603225,1606
85.161875,27.603217,1606
85.161877,27.603209,1606
85.161879,27.603201,1606
85.161882,27.603193,1606
85.161884,27.603185,1606
85.161887,27.603177,1606
85.161889,27.603169,1606
85.161891,27.603161,1606
85.161894,27.603153,1606
85.161896,27.603146,1606
85.161899,27.603138,1606
85.161901,27.60313,1606
85.161903,27.603122,1606
85.161906,27.603114,1606
85.161908,27.603106,1606
85.161911,27.603098,1606
85.161913,27.60309,1606
85.161916,27.603082,1606
85.161918,27.603075,1606
85.16192,27.603067,1606
85.161923,27.603059,1606
85.161925,27.603051,1606
85.161928,27.603043,1606
85.16193,27.603035,1606
85.161932,27.603027,1607
85.161935,27.603019,1607
85.161937,27.603011,1607
85.16194,27.603004,1607
85.161942,27.602996,1607
85.161944,27.602988,1607
85.161947,27.60298,1607
85.161949,27.602972,1607
85.161952,27.602964,1607
85.161954,27.602956,1607
85.161957,27.602948,1607
85.161959,27.60294,1607
85.161961,27.602932,1607
85.161964,27.602925,1607
85.161966,27.602917,1607
85.161969,27.602909,1607
85.161971,27.602901,1607
85.161973,27.602893,1607
85.161976,27.602885,1607
85.161978,27.602877,1607
85.161981,27.602869,1607
85.161983,27.602861,1607
85.161985,27.602854,1607
85.161988,27.602846,1607
85.16199,27.602838,1607
85.161993,27.60283,1607
85.161995,27.602822,1607
85.161998,27.602814,1607
85.162,27.602806,1607
85.162002,27.602798,1608
85.162005,27.60279,1608
85.162007,27.602783,1608
85.16201,27.602775,1608
85.162012,27.602767,1608
85.162014,27.602759,1608
85.162017,27.602751,1608
85.162019,27.602743,1608
85.162013,27.602731,1608
85.162012,27.602727,1608
85.16201,27.602722,1608
85.162009,27.602717,1608
85.162007,27.602713,1608
85.162005,27.602708,1608
85.162004,27.602703,1608
85.162007,27.602686,1608
85.162014,27.602679,1608
85.162022,27.602672,1608
85.162029,27.602665,1608
85.162036,27.602658,1608
85.162044,27.60265,1608
85.162051,27.602643,1608
85.162058,27.602636,1608
85.162066,27.602629,1608
85.162073,27.602622,1608
85.16208,27.602614,1608
85.162088,27.602607,1608
85.162095,27.6026,1609
85.162103,27.602593,1609
85.16211,27.602586,1609
85.162117,27.602579,1609
85.162125,27.602571,1609
85.162132,27.602564,1609
85.162139,27.602557,1609
85.162147,27.60255,1609
85.162154,27.602543,1609
85.162161,27.602536,1609
85.162169,27.602528,1609
85.162176,27.602521,1609
85.162183,27.602514,1609
85.162191,27.602507,1609
85.162198,27.6025,1609
85.162205,27.602492,1609
85.162213,27.602485,1609
85.16222,27.602478,1609
85.162228,27.602471,1609
85.162235,27.602464,1609
85.162242,27.602457,1609
85.16225,27.602449,1609
85.162257,27.602442,1609
85.162264,27.602435,1609
85.162272,27.602428,1610
85.162279,27.602421,1610
85.162286,27.602414,1610
85.162294,27.602406,1610
85.162301,27.602399,1610
85.162308,27.602392,1610
85.162316,27.602385,1610
85.162323,27.602378,1610
85.162331,27.60237,1610
85.162338,27.602363,1610
85.162345,27.602356,1610
85.162353,27.602349,1610
85.16236,27.602342,1610
85.162367,27.602335,1610
85.162375,27.602327,1610
85.162382,27.60232,1610
85.162389,27.602313,1610
85.162397,27.602306,1610
85.162404,27.602299,1610
85.162411,27.602292,1610
85.162419,27.602284,1610
85.162443,27.602276,1610
85.162454,27.602276,1611
85.162466,27.602276,1611
85.162478,27.602276,1611
85.16249,27.602277,1611
85.162501,27.602277,1611
85.162513,27.602277,1611
85.162525,27.602277,1611
85.162536,27.602278,1611
85.162548,27.602278,1611
85.16256,27.602278,1611
85.162571,27.602278,1611
85.162583,27.602278,1611
85.162595,27.602279,1611
85.162606,27.602279,1611
85.162618,27.602279,1611
85.16263,27.602279,1611
85.162641,27.60228,1611
85.162653,27.60228,1611
85.162665,27.60228,1611
85.162677,27.60228,1611
85.162688,27.602281,1611
85.1627,27.602281,1611
85.162712,27.602281,1611
85.162723,27.602281,1612
85.162735,27.602282,1612
85.162747,27.602282,1612
85.162758,27.602282,1612
85.16277,27.602282,1612
85.162782,27.602283,1612
85.162793,27.602283,1612
85.162805,27.602283,1612
85.162817,27.602283,1612
85.162828,27.602284,1612
85.16284,27.602284,1612
85.162852,27.602284,1612
85.162864,27.602284,1612
85.162875,27.602284,1612
85.162887,27.602285,1612
85.162899,27.602285,1612
85.16291,27.602285,1612
85.162922,27.602285,1612
85.162934,27.602286,1612
85.162945,27.602286,1612
85.162957,27.602286,1612
85.162969,27.602286,1612
85.16298,27.602287,1613
85.162992,27.602287,1613
85.163004,27.602287,1613
85.163016,27.602287,1613
85.163027,27.602288,1613
85.163039,27.602288,1613
85.163051,27.602288,1613
85.163062,27.602288,1613
85.163074,27.602289,1613
85.163086,27.602289,1613
85.163097,27.602289,1613
85.163109,27.602289,1613
85.163121,27.602289,1613
85.163132,27.60229,1613
85.163144,27.60229,1613
85.163157,27.602285,1613
85.163168,27.602282,1613
85.163176,27.602281,1613
85.163184,27.60228,1613
85.163193,27.602277,1613
85.163203,27.602273,1613
85.163212,27.60227,1613
85.16322,27.602268,1613
85.163226,27.602264,1613
85.163235,27.602259,1614
85.163246,27.602256,1614
85.16326,27.602254,1614
85.163274,27.602251,1614
85.163286,27.602248,1614
85.1633,27.602242,1614
85.163313,27.602236,1614
85.163325,27.602228,1614
85.163337,27.602219,1614
85.163349,27.602208,1614
85.163361,27.602195,1614
85.163371,27.602182,1614
85.163382,27.602169,1614
85.163392,27.602159,1614
85.163401,27.602147,1614
85.163409,27.602136,1614
85.163416,27.602125,1614
85.163422,27.602116,1614
85.163431,27.602107,1615
85.163439,27.6021,1615
85.163449,27.602094,1615
85.163457,27.602089,1615
85.163464,27.602085,1615
85.16347,27.602079,1615
85.163477,27.602072,1615
85.163482,27.602065,1615
85.163487,27.602058,1615
85.163491,27.602048,1615
85.163493,27.602036,1615
85.163494,27.602021,1615
85.163492,27.602005,1615
85.16349,27.601988,1615
85.163487,27.601972,1615
85.163484,27.601956,1615
85.16348,27.601941,1615
85.163478,27.601927,1615
85.163475,27.601915,1615
85.163471,27.601902,1616
85.163465,27.60189,1616
85.163458,27.601878,1616
85.163452,27.601867,1616
85.163443,27.601855,1616
85.163434,27.601845,1616
85.163423,27.601835,1616
85.163412,27.601824,1616
85.163402,27.601813,1616
85.163392,27.601801,1616
85.163386,27.60179,1616
85.163381,27.60178,1616
85.163377,27.60177,1616
85.163373,27.60176,1616
85.163369,27.60175,1616
85.163365,27.60174,1616
85.163362,27.601731,1616
85.163358,27.601721,1616
85.163356,27.601711,1616
85.163354,27.6017,1617
85.163352,27.601688,1617
85.16335,27.601677,1617
85.163347,27.601666,1617
85.163345,27.601655,1617
85.163347,27.601645,1617
85.163349,27.601635,1617
85.163351,27.601626,1617
85.163354,27.601617,1617
85.163358,27.601607,1617
85.163363,27.601597,1617
85.163368,27.601587,1617
85.163379,27.601567,1617
85.163386,27.601558,1617
85.163392,27.601548,1617
85.163399,27.601539,1617
85.163405,27.60153,1617
85.163412,27.60152,1617
85.163418,27.601511,1617
85.163424,27.601501,1617
85.163431,27.601492,1617
85.163437,27.601482,1617
85.163444,27.601473,1617
85.16345,27.601464,1617
85.163456,27.601454,1617
85.163463,27.601445,1617
85.163469,27.601435,1617
85.163476,27.601426,1617
85.163482,27.601416,1617
85.163489,27.601407,1617
85.163495,27.601398,1617
85.163501,27.601388,1617
85.163508,27.601379,1617
85.163514,27.601369,1617
85.163521,27.60136,1617
85.163527,27.60135,1618
85.163534,27.601341,1618
85.16354,27.601332,1618
85.163546,27.601322,1618
85.163553,27.601313,1618
85.163559,27.601303,1618
85.163566,27.601294,1618
85.163572,27.601284,1618
85.163578,27.601275,1618
85.163585,27.601266,1618
85.163591,27.601256,1618
85.163598,27.601247,1618
85.163604,27.601237,1618
85.163611,27.601228,1618
85.163617,27.601218,1618
85.163623,27.601209,1618
85.16363,27.6012,1618
85.163636,27.60119,1618
85.163643,27.601181,1618
85.163649,27.601171,1618
85.163655,27.601162,1618
85.163662,27.601152,1618
85.163668,27.601143,1618
85.163675,27.601134,1618
85.163681,27.601124,1618
85.163688,27.601115,1618
85.163694,27.601105,1619
85.1637,27.601096,1619
85.163716,27.601083,1619
85.163726,27.601079,1619
85.163736,27.601074,1619
85.163746,27.60107,1619
85.163756,27.601065,1619
85.163766,27.601061,1619
85.163776,27.601056,1619
85.163786,27.601052,1619
85.163796,27.601047,1619
85.163806,27.601043,1619
85.163816,27.601038,1619
85.163826,27.601034,1619
85.163836,27.601029,1619
85.163846,27.601025,1619
85.163856,27.601021,1619
85.163866,27.601016,1619
85.163876,27.601012,1619
85.163886,27.601007,1620
85.163896,27.601003,1620
85.163906,27.600998,1620
85.163916,27.600994,1620
85.163926,27.600989,1620
85.163937,27.600985,1620
85.163947,27.60098,1620
85.163957,27.600976,1620
85.163967,27.600971,1620
85.163977,27.600967,1620
85.163987,27.600962,1620
85.163997,27.600958,1620
85.164007,27.600953,1620
85.164017,27.600949,1620
85.164027,27.600944,1620
85.164037,27.60094,1620
85.164047,27.600936,1620
85.164057,27.600931,1620
85.164067,27.600927,1621
85.164077,27.600922,1621
85.164087,27.600918,1621
85.164097,27.600913,1621
85.164107,27.600909,1621
85.164117,27.600904,1621
85.164127,27.6009,1621
85.164137,27.600895,1621
85.164147,27.600891,1621
85.164157,27.600886,1621
85.164167,27.600882,1621
85.164177,27.600877,1621
85.164187,27.600873,1621
85.164197,27.600868,1621
85.164207,27.600864,1621
85.164217,27.600859,1621
85.164244,27.600858,1621
85.164257,27.600855,1621
85.164269,27.600852,1622
85.164281,27.600849,1622
85.164293,27.600846,1622
85.164305,27.600843,1622
85.164318,27.600841,1622
85.16433,27.600838,1622
85.164342,27.600835,1622
85.164354,27.600832,1622
85.164367,27.600829,1622
85.164379,27.600826,1622
85.164391,27.600823,1622
85.164403,27.60082,1622
85.164415,27.600817,1622
85.164428,27.600815,1622
85.16444,27.600812,1622
85.164452,27.600809,1622
85.164464,27.600806,1622
85.164476,27.600803,1622
85.164489,27.6008,1622
85.164501,27.600797,1622
85.164513,27.600794,1622
85.164525,27.600791,1622
85.164538,27.600788,1622
85.16455,27.600786,1622
85.164562,27.600783,1622
85.164574,27.60078,1622
85.164586,27.600777,1622
85.164599,27.600774,1622
85.164611,27.600771,1622
85.164623,27.600768,1622
85.164635,27.600765,1622
85.164648,27.600762,1622
85.16466,27.60076,1622
85.164672,27.600757,1622
85.164684,27.600754,1622
85.164696,27.600751,1622
85.164709,27.600748,1622
85.164721,27.600745,1622
85.164733,27.600742,1622
85.164745,27.600739,1622
85.164757,27.600736,1622
85.16477,27.600733,1622
85.164782,27.600731,1622
85.164794,27.600728,1622
85.164806,27.600725,1622
85.164819,27.600722,1622
85.164831,27.600719,1622
85.164843,27.600716,1622
85.164855,27.600713,1622
85.164867,27.60071,1622
85.16488,27.600707,1622
85.164892,27.600705,1622
85.164904,27.600702,1622
85.164916,27.600699,1622
85.164929,27.600696,1622
85.164941,27.600693,1622
85.164953,27.60069,1622
85.164965,27.600687,1622
85.164987,27.600672,1622
85.164997,27.600666,1622
85.165006,27.60066,1622
85.165015,27.600654,1622
85.165024,27.600649,1622
85.165034,27.600643,1622
85.165043,27.600637,1622
85.165052,27.600631,1622
85.165061,27.600626,1622
85.16507,27.60062,1622
85.16508,27.600614,1622
85.165089,27.600608,1622
85.165098,27.600602,1622
85.165107,27.600597,1622
85.165117,27.600591,1622
85.165126,27.600585,1622
85.165135,27.600579,1622
85.165144,27.600574,1622
85.165153,27.600568,1622
85.165163,27.600562,1622
85.165172,27.600556,1622
85.165181,27.60055,1622
85.16519,27.600545,1622
85.1652,27.600539,1622
85.165209,27.600533,1622
85.165218,27.600527,1622
85.165227,27.600522,1622
85.165236,27.600516,1622
85.165246,27.60051,1622
85.165255,27.600504,1622
85.165264,27.600499,1622
85.165273,27.600493,1622
85.165283,27.600487,1622
85.165292,27.600481,1622
85.165301,27.600475,1622
85.16531,27.60047,1622
85.165319,27.600464,1622
85.165329,27.600458,1622
85.165338,27.600452,1622
85.165347,27.600447,1622
85.165356,27.600441,1622
85.165366,27.600435,1622
85.165375,27.600429,1622
85.165384,27.600423,1622
85.165393,27.600418,1622
85.165402,27.600412,1622
85.165412,27.600406,1622
85.165421,27.6004,1622
85.16543,27.600395,1622
85.165439,27.600389,1622
85.165449,27.600383,1621
85.165458,27.600377,1621
85.165467,27.600371,1621
85.165476,27.600366,1621
85.165485,27.60036,1621
85.165495,27.600354,1621
85.165504,27.600348,1621
85.165513,27.600343,1621
85.165522,27.600337,1621
85.165532,27.600331,1621
85.165547,27.600333,1621
85.165564,27.600334,1621
85.165579,27.600335,1621
85.165594,27.600335,1621
85.165609,27.600334,1621
85.165624,27.600334,1621
85.165638,27.600335,1621
85.165652,27.600334,1621
85.165666,27.600333,1621
85.16568,27.600332,1621
85.165694,27.60033,1621
85.165708,27.600331,1621
85.165721,27.60033,1621
85.165735,27.60033,1621
85.165751,27.600329,1621
85.165765,27.600329,1621
85.16578,27.600328,1621
85.165793,27.600327,1621
85.165805,27.600325,1621
85.16582,27.600322,1621
85.165835,27.600317,1621
85.16585,27.600311,1621
85.165865,27.600302,1621
85.165878,27.600293,1621
85.165891,27.600283,1621
85.165905,27.600273,1621
85.165919,27.600263,1621
85.165936,27.600252,1621
85.165964,27.600236,1621
85.165976,27.60023,1621
85.165988,27.600224,1621
85.166,27.600218,1621
85.166011,27.600212,1621
85.166023,27.600206,1621
85.166035,27.600201,1621
85.166047,27.600195,1621
85.166059,27.600189,1621
85.166071,27.600183,1621
85.166082,27.600177,1621
85.166094,27.600171,1621
85.166106,27.600166,1621
85.166118,27.60016,1621
85.16613,27.600154,1621
85.166141,27.600148,1621
85.166153,27.600142,1621
85.166165,27.600136,1621
85.166177,27.600131,1621
85.166189,27.600125,1621
85.1662,27.600119,1621
85.166212,27.600113,1621
85.166224,27.600107,1621
85.166236,27.600101,1621
85.166248,27.600095,1621
85.166259,27.60009,1621
85.166271,27.600084,1621
85.166283,27.600078,1621
85.166295,27.600072,1621
85.166307,27.600066,1621
85.166319,27.60006,1621
85.16633,27.600055,1621
85.166342,27.600049,1621
85.166354,27.600043,1621
85.166366,27.600037,1621
85.166378,27.600031,1621
85.166389,27.600025,1621
85.166401,27.60002,1621
85.166413,27.600014,1621
85.166425,27.600008,1621
85.166437,27.600002,1621
85.166448,27.599996,1621
85.16646,27.59999,1621
85.166472,27.599985,1621
85.166484,27.599979,1622
85.166496,27.599973,1622
85.166508,27.599967,1622
85.166519,27.599961,1622
85.166531,27.599955,1622
85.166543,27.599949,1622
85.166555,27.599944,1622
85.166567,27.599938,1623
85.166578,27.599932,1623
85.16659,27.599926,1623
85.166602,27.59992,1623
85.166614,27.599914,1623
85.166625,27.599914,1623
85.166637,27.599914,1623
85.166649,27.599914,1623
85.166663,27.599912,1623
85.166677,27.59991,1623
85.166692,27.599907,1623
85.166708,27.599903,1623
85.166721,27.599897,1623
85.166736,27.599892,1623
85.16675,27.599887,1623
85.166764,27.59988,1623
85.166777,27.599873,1623
85.166787,27.599867,1623
85.166798,27.599858,1622
85.166808,27.599848,1622
85.166816,27.599837,1622
85.166824,27.599828,1622
85.166832,27.599817,1622
85.166839,27.599805,1622
85.166843,27.599792,1622
85.166848,27.599779,1622
85.166852,27.599767,1622
85.166856,27.599754,1622
85.16686,27.599743,1622
85.166864,27.599732,1622
85.166868,27.599722,1622
85.166871,27.599713,1622
85.166874,27.599703,1622
85.166877,27.599691,1621
85.166879,27.599679,1621
85.16688,27.599666,1621
85.16688,27.599652,1621
85.16688,27.599637,1621
85.166877,27.599623,1621
85.166874,27.599608,1621
85.16687,27.599593,1621
85.166864,27.599578,1620
85.166858,27.599562,1620
85.166851,27.599548,1620
85.166844,27.599537,1620
85.166835,27.599527,1620
85.166827,27.599516,1620
85.166818,27.599506,1620
85.16681,27.599496,1619
85.166802,27.599484,1619
85.166795,27.599474,1619
85.166787,27.599461,1619
85.166776,27.599446,1619
85.166765,27.599431,1619
85.166753,27.599417,1618
85.166741,27.599404,1618
85.166728,27.599394,1618
85.166714,27.599385,1618
85.166701,27.599378,1618
85.166689,27.599371,1618
85.166677,27.599364,1617
85.166667,27.599357,1617
85.16666,27.599349,1617
85.166651,27.599342,1617
85.166642,27.599336,1617
85.166631,27.59933,1617
85.166618,27.599323,1617
85.166606,27.599315,1617
85.166593,27.599307,1617
85.166581,27.5993,1617
85.166568,27.599293,1617
85.166556,27.599287,1617
85.166544,27.599281,1616
85.166532,27.599274,1616
85.166518,27.599267,1616
85.166505,27.599261,1616
85.166491,27.599255,1616
85.16648,27.599249,1616
85.166469,27.59924,1616
85.166458,27.599232,1616
85.166447,27.599225,1616
85.166436,27.599219,1616
85.166426,27.599214,1616
85.166417,27.5992,1616
85.166418,27.599191,1616
85.16642,27.599182,1616
85.166422,27.599173,1616
85.166424,27.599164,1616
85.166426,27.599154,1616
85.166428,27.599145,1616
85.166429,27.599136,1617
85.166431,27.599127,1617
85.166433,27.599118,1617
85.166435,27.599109,1617
85.166437,27.5991,1617
85.166438,27.599091,1617
85.16644,27.599081,1617
85.166442,27.599072,1617
85.166444,27.599063,1617
85.166446,27.599054,1617
85.166447,27.599045,1617
85.166449,27.599036,1617
85.166451,27.599027,1617
85.166453,27.599018,1617
85.166455,27.599009,1617
85.166456,27.598999,1617
85.166458,27.59899,1617
85.16646,27.598981,1617
85.166462,27.598972,1617
85.166464,27.598963,1617
85.166466,27.598954,1617
85.166467,27.598945,1617
85.166469,27.598936,1617
85.166471,27.598927,1617
85.166473,27.598917,1617
85.166475,27.598908,1617
85.166476,27.598899,1617
85.166478,27.59889,1617
85.16648,27.598881,1617
85.166482,27.598872,1617
85.166484,27.598863,1617
85.166485,27.598854,1617
85.166487,27.598844,1618
85.166489,27.598835,1618
85.166491,27.598826,1618
85.166493,27.598817,1618
85.166494,27.598808,1618
85.166496,27.598799,1618
85.166498,27.59879,1618
85.1665,27.598781,1618
85.166502,27.598772,1618
85.166503,27.598762,1618
85.166505,27.598753,1618
85.166507,27.598744,1618
85.166509,27.598735,1618
85.166511,27.598726,1618
85.166513,27.598717,1618
85.166514,27.598708,1618
85.166516,27.598699,1618
85.166518,27.59869,1618
85.16652,27.59868,1618
85.166522,27.598671,1618
85.166523,27.598662,1618
85.166525,27.598653,1618
85.166527,27.598644,1618
85.166529,27.598635,1618
85.166531,27.598626,1618
85.166532,27.598617,1618
85.166534,27.598607,1618
85.166536,27.598598,1618
85.166538,27.598589,1618
85.16654,27.59858,1618
85.166541,27.598571,1618
85.166543,27.598562,1618
85.166545,27.598553,1618
85.166547,27.598544,1618
85.166549,27.598535,1618
85.16655,27.598525,1618
85.166552,27.598516,1618
85.166554,27.598507,1618
85.166561,27.598489,1618
85.166562,27.59848,1618
85.166564,27.59847,1618
85.166565,27.59846,1619
85.166567,27.598451,1619
85.166568,27.598441,1619
85.16657,27.598431,1619
85.166571,27.598422,1619
85.166573,27.598412,1619
85.166574,27.598402,1619
85.166576,27.598393,1619
85.166578,27.598383,1619
85.166579,27.598373,1619
85.166581,27.598364,1619
85.166582,27.598354,1619
85.166584,27.598344,1619
85.166585,27.598335,1619
85.166587,27.598325,1619
85.166588,27.598315,1619
85.16659,27.598306,1619
85.166591,27.598296,1619
85.166593,27.598286,1619
85.166594,27.598277,1619
85.166596,27.598267,1619
85.166598,27.598257,1619
85.166599,27.598248,1619
85.166601,27.598238,1619
85.166602,27.598228,1619
85.166604,27.598219,1619
85.166605,27.598209,1619
85.166607,27.598199,1619
85.166608,27.59819,1619
85.16661,27.59818,1619
85.166611,27.59817,1619
85.166613,27.598161,1619
85.166614,27.598151,1619
85.166616,27.598141,1619
85.166617,27.598132,1619
85.166619,27.598122,1619
85.166621,27.598112,1619
85.166622,27.598103,1619
85.166624,27.598093,1619
85.166625,27.598083,1619
85.166627,27.598074,1619
85.166628,27.598064,1619
85.16663,27.598054,1619
85.166631,27.598044,1619
85.166633,27.598035,1619
85.166634,27.598025,1619
85.166636,27.598015,1619
85.166637,27.598006,1619
85.166639,27.597996,1620
85.166641,27.597986,1620
85.166642,27.597977,1620
85.166644,27.597967,1620
85.166645,27.597957,1620
85.166647,27.597948,1620
85.166648,27.597938,1620
85.16665,27.597928,1620
85.166651,27.597919,1620
85.166653,27.597899,1620
85.166653,27.597888,1620
85.166652,27.597877,1620
85.166652,27.597866,1620
85.166651,27.597855,1620
85.16665,27.597844,1620
85.16665,27.597833,1620
85.166649,27.597822,1620
85.166649,27.597811,1620
85.166648,27.597801,1620
85.166647,27.59779,1620
85.166647,27.597779,1620
85.166646,27.597768,1620
85.166646,27.597757,1620
85.166645,27.597746,1620
85.166644,27.597735,1620
85.166644,27.597724,1620
85.166643,27.597713,1620
85.166643,27.597702,1620
85.166642,27.597692,1620
85.166641,27.597681,1620
85.166641,27.59767,1620
85.16664,27.597659,1620
85.16664,27.597648,1620
85.166639,27.597637,1620
85.166638,27.597626,1620
85.166638,27.597615,1620
85.166637,27.597604,1620
85.166637,27.597593,1620
85.166636,27.597583,1620
85.166635,27.597572,1621
85.166635,27.597561,1621
85.166634,27.59755,1621
85.166634,27.597539,1621
85.166633,27.597528,1621
85.166632,27.597517,1621
85.166632,27.597506,1621
85.166631,27.597495,1621
85.166631,27.597485,1621
85.16663,27.597474,1621
85.166629,27.597463,1621
85.166627,27.59744,1621
85.166623,27.597429,1621
85.166619,27.597418,1621
85.166615,27.597407,1621
85.16661,27.597397,1621
85.166606,27.597386,1621
85.166602,27.597375,1621
85.166598,27.597364,1621
85.166594,27.597353,1621
85.16659,27.597343,1621
85.166586,27.597332,1621
85.166582,27.597321,1621
85.166578,27.59731,1621
85.166573,27.597299,1621
85.166569,27.597289,1621
85.166565,27.597278,1621
85.166561,27.597267,1621
85.166557,27.597256,1621
85.166553,27.597245,1621
85.166549,27.597234,1621
85.166538,27.597216,1621
85.166541,27.597205,1621
85.166544,27.597194,1621
85.166547,27.597184,1621
85.166549,27.597173,1621
85.166552,27.597162,1621
85.166555,27.597151,1621
85.166557,27.59714,1621
85.16656,27.59713,1621
85.166563,27.597119,1621
85.166565,27.597108,1621
85.166568,27.597097,1621
85.166571,27.597086,1621
85.166573,27.597076,1621
85.166576,27.597065,1621
85.166579,27.597054,1621
85.166581,27.597043,1622
85.166584,27.597033,1622
85.166587,27.597022,1622
85.166589,27.597011,1622
85.166592,27.597,1622
85.166595,27.596989,1622
85.166597,27.596979,1622
85.1666,27.596968,1622
85.166603,27.596957,1622
85.166606,27.596946,1622
85.166608,27.596935,1622
85.166611,27.596925,1622
85.166614,27.596914,1622
85.166616,27.596903,1622
85.166619,27.596892,1622
85.166622,27.596881,1622
85.166624,27.596871,1622
85.166627,27.59686,1622
85.16663,27.596849,1622
85.166632,27.596838,1622
85.166635,27.596827,1622
85.166638,27.596817,1622
85.16664,27.596806,1622
85.166643,27.596795,1622
85.166646,27.596784,1622
85.166648,27.596773,1622
85.166651,27.596763,1622
85.166654,27.596752,1622
85.166656,27.596741,1622
85.166659,27.59673,1622
85.166662,27.596719,1622
85.166664,27.596709,1622
85.166667,27.596698,1622
85.16667,27.596687,1622
85.166673,27.596676,1622
85.166675,27.596665,1622
85.166678,27.596655,1622
85.166681,27.596644,1622
85.166683,27.596633,1622
85.166686,27.596622,1622
85.166689,27.596612,1622
85.166691,27.596601,1622
85.166694,27.59659,1622
85.166697,27.596579,1622
85.166702,27.59657,1622
85.166708,27.596553,1622
85.166711,27.596547,1622
85.166716,27.596528,1622
85.16672,27.59651,1622
85.166717,27.596483,1622
85.166712,27.596474,1622
85.166707,27.596464,1622
85.166702,27.596454,1622
85.166696,27.596444,1622
85.166691,27.596435,1622
85.166686,27.596425,1622
85.166681,27.596415,1622
85.166676,27.596405,1622
85.16667,27.596396,1622
85.166665,27.596386,1622
85.16666,27.596376,1622
85.166655,27.596366,1622
85.16665,27.596357,1622
85.166644,27.596347,1622
85.166639,27.596337,1622
85.166634,27.596328,1622
85.166629,27.596318,1622
85.166624,27.596308,1622
85.166619,27.596298,1622
85.166613,27.596289,1622
85.166608,27.596279,1622
85.166603,27.596269,1622
85.166598,27.596259,1622
85.166593,27.59625,1622
85.166587,27.59624,1622
85.166582,27.59623,1622
85.166577,27.59622,1622
85.166572,27.596211,1622
85.166567,27.596201,1622
85.166561,27.596191,1622
85.166556,27.596181,1622
85.166551,27.596172,1622
85.166546,27.596162,1622
85.166541,27.596152,1622
85.166536,27.596142,1622
85.16653,27.596133,1622
85.166525,27.596123,1622
85.16652,27.596113,1622
85.166515,27.596103,1622
85.16651,27.596094,1622
85.166504,27.596084,1622
85.166499,27.596074,1622
85.166494,27.596064,1622
85.166489,27.596055,1622
85.166484,27.596045,1622
85.166479,27.596035,1622
85.166473,27.596025,1622
85.166468,27.596016,1622
85.166463,27.596006,1622
85.166458,27.595996,1622
85.166453,27.595986,1622
85.166447,27.595977,1622
85.166449,27.595963,1622
85.16645,27.595949,1622
85.16645,27.595936,1621
85.166448,27.595923,1621
85.166445,27.595912,1621
85.16644,27.595901,1621
85.166434,27.59589,1621
85.166427,27.595877,1621
85.166415,27.595864,1621
85.166402,27.595853,1621
85.166387,27.595844,1621
85.166373,27.595836,1621
85.166356,27.595828,1621
85.16634,27.59582,1621
85.166323,27.59581,1621
85.166308,27.595801,1621
85.166296,27.595791,1620
85.166284,27.595778,1620
85.166274,27.595765,1620
85.166267,27.595751,1620
85.16626,27.595738,1620
85.166254,27.595725,1620
85.16625,27.595712,1620
85.166249,27.595698,1620
85.166249,27.595685,1620
85.166248,27.595672,1620
85.166248,27.595661,1620
85.166247,27.59565,1620
85.166248,27.595639,1620
85.16625,27.595628,1620
85.166252,27.595618,1620
85.166256,27.595609,1620
85.16626,27.595602,1620
85.166265,27.595593,1620
85.16627,27.595584,1620
85.166278,27.595576,1620
85.166286,27.59557,1620
85.166296,27.595564,1620
85.166306,27.595557,1620
85.166314,27.595549,1620
85.166323,27.595539,1620
85.16633,27.595529,1621
85.166337,27.59552,1621
85.166347,27.595508,1621
85.166358,27.595496,1621
85.166371,27.595482,1621
85.166382,27.595469,1621
85.166395,27.595457,1622
85.166408,27.595446,1622
85.16642,27.595436,1622
85.166431,27.595424,1622
85.166442,27.595414,1622
85.166455,27.595403,1622
85.166466,27.595393,1622
85.166476,27.595382,1623
85.166484,27.595371,1623
85.166491,27.595357,1623
85.166495,27.595341,1623
85.166497,27.595325,1623
85.166502,27.595312,1623
85.166505,27.5953,1624
85.16651,27.59529,1624
85.166515,27.595279,1624
85.166518,27.595269,1624
85.16652,27.595256,1624
85.166522,27.595244,1624
85.166525,27.595232,1624
85.166531,27.59522,1625
85.166536,27.595207,1625
85.16654,27.595195,1625
85.166542,27.595181,1625
85.166542,27.595167,1625
85.16654,27.595152,1625
85.166539,27.595136,1626
85.166543,27.595122,1626
85.166544,27.595106,1626
85.166537,27.59508,1626
85.166536,27.595068,1626
85.166536,27.595056,1626
85.166535,27.595045,1627
85.166535,27.595033,1627
85.166534,27.595021,1627
85.166533,27.595009,1627
85.166533,27.594997,1627
85.166532,27.594985,1627
85.166532,27.594974,1627
85.166531,27.594962,1627
85.166531,27.59495,1627
85.16653,27.594938,1628
85.16653,27.594926,1628
85.166529,27.594914,1628
85.166528,27.594903,1628
85.166528,27.594891,1628
85.166527,27.594879,1628
85.166527,27.594867,1628
85.166526,27.594855,1628
85.166526,27.594843,1628
85.166525,27.594832,1629
85.166525,27.59482,1629
85.166524,27.594808,1629
85.166523,27.594796,1629
85.166523,27.594784,1629
85.166522,27.594773,1629
85.166522,27.594761,1629
85.166521,27.594749,1629
85.166521,27.594737,1629
85.16652,27.594725,1629
85.16652,27.594713,1630
85.166519,27.594702,1630
85.166518,27.59469,1630
85.166518,27.594678,1630
85.166517,27.594666,1630
85.166517,27.594654,1630
85.166516,27.594642,1630
85.166516,27.594631,1630
85.166538,27.594614,1630
85.166546,27.594608,1630
85.166554,27.594601,1631
85.166563,27.594587,1631
85.16657,27.594575,1631
85.166576,27.594565,1631
85.16658,27.594556,1631
85.166578,27.594546,1631
85.166572,27.594533,1631
85.166566,27.594521,1631
85.166564,27.594512,1631
85.166564,27.594504,1631
85.166564,27.5945,1631
85.166566,27.594497,1631
85.166567,27.594497,1631
85.166568,27.594496,1631
85.166576,27.594497,1631
85.166577,27.594498,1631
85.166579,27.594498,1631
85.166589,27.594499,1631
85.16659,27.594499,1631
85.166593,27.594498,1631
85.166596,27.594496,1631
</coordinates>
</LineString>
</Placemark>
<Placemark>
<name/>
<styleUrl>#line-F0F000-2000-nodesc</styleUrl>
<LineString>
<tessellate>1</tessellate>
<coordinates>
85.152819,27.617575,0
85.152818,27.617564,0
85.15286,27.61756,0
85.15292,27.6176,0
85.15313,27.61803,0
85.15351,27.61841,0
85.15415,27.61875,0
85.15422,27.61895,0
85.15436,27.61984,0
85.15448,27.62005,0
85.15488,27.62026,0
85.15527,27.62056,0
85.15568,27.62055,0
85.15595,27.62068,0
85.15613,27.62083,0
85.15623,27.62096,0
85.1563,27.62115,0
85.15643,27.62132,0
85.15651,27.62137,0
85.15691,27.62141,0
85.15702,27.62139,0
85.15707,27.62131,0
85.15708,27.62119,0
85.15702,27.62098,0
85.15671,27.62063,0
85.15658,27.62034,0
85.15643,27.62012,0
85.15573,27.61961,0
85.15568,27.61946,0
85.15566,27.61933,0
85.15569,27.61927,0
85.15603,27.61899,0
85.15609,27.61891,0
85.15611,27.61872,0
85.15599,27.6183,0
85.1561,27.618,0
85.15612,27.61755,0
85.15596,27.61732,0
85.1558,27.61724,0
85.15576,27.61718,0
85.15584,27.61657,0
85.15576,27.61591,0
85.15548,27.61533,0
85.15548,27.61515,0
85.15552,27.61504,0
85.15566,27.6149,0
85.15627,27.61463,0
85.15658,27.61431,0
85.15665,27.61402,0
85.15657,27.61336,0
85.156538,27.613237,0
85.156542,27.61324,0
</coordinates>
</LineString>
</Placemark>
</Folder>
<Folder>
<name>Untitled layer</name>
</Folder>
</Document>
</kml>
