<?xml version="1.0" encoding="UTF-8"?>
<kml xmlns="http://www.opengis.net/kml/2.2">
<Document>
<name>WNW_71. Dhap Dam circuit</name>
<description/>
<Style id="icon-1899-DB4436-nodesc-normal">
<IconStyle>
<color>ff3644db</color>
<scale>1</scale>
<Icon>
<href>https://www.gstatic.com/mapspro/images/stock/503-wht-blank_maps.png</href>
</Icon>
<hotSpot x="32" xunits="pixels" y="64" yunits="insetPixels"/>
</IconStyle>
<LabelStyle>
<scale>0</scale>
</LabelStyle>
<BalloonStyle>
<text><![CDATA[<h3>$[name]</h3>]]></text>
</BalloonStyle>
</Style>
<Style id="icon-1899-DB4436-nodesc-highlight">
<IconStyle>
<color>ff3644db</color>
<scale>1</scale>
<Icon>
<href>https://www.gstatic.com/mapspro/images/stock/503-wht-blank_maps.png</href>
</Icon>
<hotSpot x="32" xunits="pixels" y="64" yunits="insetPixels"/>
</IconStyle>
<LabelStyle>
<scale>1</scale>
</LabelStyle>
<BalloonStyle>
<text><![CDATA[<h3>$[name]</h3>]]></text>
</BalloonStyle>
</Style>
<StyleMap id="icon-1899-DB4436-nodesc">
<Pair>
<key>normal</key>
<styleUrl>#icon-1899-DB4436-nodesc-normal</styleUrl>
</Pair>
<Pair>
<key>highlight</key>
<styleUrl>#icon-1899-DB4436-nodesc-highlight</styleUrl>
</Pair>
</StyleMap>
<Style id="line-FF0000-2000-nodesc-normal">
<LineStyle>
<color>ff0000ff</color>
<width>2</width>
</LineStyle>
<BalloonStyle>
<text><![CDATA[<h3>$[name]</h3>]]></text>
</BalloonStyle>
</Style>
<Style id="line-FF0000-2000-nodesc-highlight">
<LineStyle>
<color>ff0000ff</color>
<width>3</width>
</LineStyle>
<BalloonStyle>
<text><![CDATA[<h3>$[name]</h3>]]></text>
</BalloonStyle>
</Style>
<StyleMap id="line-FF0000-2000-nodesc">
<Pair>
<key>normal</key>
<styleUrl>#line-FF0000-2000-nodesc-normal</styleUrl>
</Pair>
<Pair>
<key>highlight</key>
<styleUrl>#line-FF0000-2000-nodesc-highlight</styleUrl>
</Pair>
</StyleMap>
<Folder>
<name>Points</name>
<Placemark>
<name>km01</name>
<styleUrl>#icon-1899-DB4436-nodesc</styleUrl>
<Point>
<coordinates>
85.425069,27.769846,0
</coordinates>
</Point>
</Placemark>
<Placemark>
<name>km00</name>
<styleUrl>#icon-1899-DB4436-nodesc</styleUrl>
<Point>
<coordinates>
85.42314,27.763908,0
</coordinates>
</Point>
</Placemark>
<Placemark>
<name>km18</name>
<styleUrl>#icon-1899-DB4436-nodesc</styleUrl>
<Point>
<coordinates>
85.451272,27.791788,0
</coordinates>
</Point>
</Placemark>
<Placemark>
<name>km07</name>
<styleUrl>#icon-1899-DB4436-nodesc</styleUrl>
<Point>
<coordinates>
85.435787,27.805351,0
</coordinates>
</Point>
</Placemark>
<Placemark>
<name>km17</name>
<styleUrl>#icon-1899-DB4436-nodesc</styleUrl>
<Point>
<coordinates>
85.45733,27.797171,0
</coordinates>
</Point>
</Placemark>
<Placemark>
<name>km15</name>
<styleUrl>#icon-1899-DB4436-nodesc</styleUrl>
<Point>
<coordinates>
85.456057,27.807883,0
</coordinates>
</Point>
</Placemark>
<Placemark>
<name>km08</name>
<styleUrl>#icon-1899-DB4436-nodesc</styleUrl>
<Point>
<coordinates>
85.437584,27.812564,0
</coordinates>
</Point>
</Placemark>
<Placemark>
<name>km16</name>
<styleUrl>#icon-1899-DB4436-nodesc</styleUrl>
<Point>
<coordinates>
85.455828,27.802901,0
</coordinates>
</Point>
</Placemark>
<Placemark>
<name>km06</name>
<styleUrl>#icon-1899-DB4436-nodesc</styleUrl>
<Point>
<coordinates>
85.43416,27.798521,0
</coordinates>
</Point>
</Placemark>
<Placemark>
<name>km21</name>
<styleUrl>#icon-1899-DB4436-nodesc</styleUrl>
<Point>
<coordinates>
85.437742,27.777489,0
</coordinates>
</Point>
</Placemark>
<Placemark>
<name>km23</name>
<styleUrl>#icon-1899-DB4436-nodesc</styleUrl>
<Point>
<coordinates>
85.425102,27.769815,0
</coordinates>
</Point>
</Placemark>
<Placemark>
<name>km19</name>
<styleUrl>#icon-1899-DB4436-nodesc</styleUrl>
<Point>
<coordinates>
85.445276,27.787647,0
</coordinates>
</Point>
</Placemark>
<Placemark>
<name>km25</name>
<styleUrl>#icon-1899-DB4436-nodesc</styleUrl>
<Point>
<coordinates>
85.42074,27.759335,0
</coordinates>
</Point>
</Placemark>
<Placemark>
<name>km05</name>
<styleUrl>#icon-1899-DB4436-nodesc</styleUrl>
<Point>
<coordinates>
85.436157,27.791223,0
</coordinates>
</Point>
</Placemark>
<Placemark>
<name>km20</name>
<styleUrl>#icon-1899-DB4436-nodesc</styleUrl>
<Point>
<coordinates>
85.442944,27.782081,0
</coordinates>
</Point>
</Placemark>
<Placemark>
<name>km04</name>
<styleUrl>#icon-1899-DB4436-nodesc</styleUrl>
<Point>
<coordinates>
85.43502,27.784226,0
</coordinates>
</Point>
</Placemark>
<Placemark>
<name>km12</name>
<styleUrl>#icon-1899-DB4436-nodesc</styleUrl>
<Point>
<coordinates>
85.45562,27.818494,0
</coordinates>
</Point>
</Placemark>
<Placemark>
<name>km24</name>
<styleUrl>#icon-1899-DB4436-nodesc</styleUrl>
<Point>
<coordinates>
85.422668,27.763083,0
</coordinates>
</Point>
</Placemark>
<Placemark>
<name>km14</name>
<styleUrl>#icon-1899-DB4436-nodesc</styleUrl>
<Point>
<coordinates>
85.458277,27.811425,0
</coordinates>
</Point>
</Placemark>
<Placemark>
<name>km02</name>
<styleUrl>#icon-1899-DB4436-nodesc</styleUrl>
<Point>
<coordinates>
85.42906,27.775186,0
</coordinates>
</Point>
</Placemark>
<Placemark>
<name>km13</name>
<styleUrl>#icon-1899-DB4436-nodesc</styleUrl>
<Point>
<coordinates>
85.45754,27.812966,0
</coordinates>
</Point>
</Placemark>
<Placemark>
<name>km10</name>
<styleUrl>#icon-1899-DB4436-nodesc</styleUrl>
<Point>
<coordinates>
85.446838,27.822032,0
</coordinates>
</Point>
</Placemark>
<Placemark>
<name>km03</name>
<styleUrl>#icon-1899-DB4436-nodesc</styleUrl>
<Point>
<coordinates>
85.433057,27.780421,0
</coordinates>
</Point>
</Placemark>
<Placemark>
<name>km22</name>
<styleUrl>#icon-1899-DB4436-nodesc</styleUrl>
<Point>
<coordinates>
85.43054,27.773949,0
</coordinates>
</Point>
</Placemark>
<Placemark>
<name>km09</name>
<styleUrl>#icon-1899-DB4436-nodesc</styleUrl>
<Point>
<coordinates>
85.4462,27.814713,0
</coordinates>
</Point>
</Placemark>
<Placemark>
<name>km11</name>
<styleUrl>#icon-1899-DB4436-nodesc</styleUrl>
<Point>
<coordinates>
85.450533,27.822141,0
</coordinates>
</Point>
</Placemark>
</Folder>
<Folder>
<name>LineStrings</name>
<Placemark>
<name>20240427 Walking</name>
<styleUrl>#line-FF0000-2000-nodesc</styleUrl>
<LineString>
<tessellate>1</tessellate>
<coordinates>
85.42314,27.763908,1431
85.42314,27.763905,1431
85.42313,27.763905,1431
85.4231,27.76391,1431
85.42308,27.763912,1431
85.423065,27.76392,1431
85.423065,27.763931,1431
85.423065,27.763943,1431
85.423065,27.763952,1431
85.423065,27.76396,1431
85.423065,27.763968,1431
85.423065,27.763975,1431
85.42307,27.76398,1431
85.42307,27.763988,1431
85.42308,27.763998,1431
85.42308,27.764006,1431
85.42308,27.764013,1431
85.42309,27.76402,1431
85.42309,27.76403,1431
85.423096,27.764038,1431
85.42311,27.764065,1431
85.42311,27.764067,1431
85.42312,27.764069,1432
85.42312,27.764072,1432
85.42313,27.764078,1432
85.423134,27.764084,1432
85.42314,27.764088,1432
85.42315,27.764095,1432
85.42316,27.764105,1432
85.42316,27.764116,1432
85.423164,27.764132,1432
85.42317,27.764149,1432
85.42317,27.764164,1433
85.42318,27.764175,1433
85.42318,27.764185,1433
85.42319,27.764193,1433
85.42319,27.764202,1433
85.423195,27.76421,1433
85.423195,27.76422,1433
85.4232,27.764227,1433
85.4232,27.764235,1433
85.42321,27.764244,1433
85.42322,27.764252,1433
85.423225,27.764257,1433
85.423225,27.764265,1433
85.42323,27.764273,1433
85.42323,27.764282,1433
85.42324,27.764288,1433
85.42325,27.764301,1433
85.423256,27.764315,1433
85.42326,27.764359,1433
85.42326,27.764362,1433
85.42326,27.76437,1433
85.42327,27.76438,1433
85.42327,27.764389,1434
85.42327,27.7644,1434
85.42327,27.76441,1434
85.42326,27.76442,1434
85.42326,27.764427,1434
85.42326,27.764437,1434
85.42326,27.764448,1434
85.42326,27.764456,1434
85.42326,27.764463,1434
85.42326,27.76447,1435
85.42326,27.764475,1435
85.42327,27.764479,1435
85.42328,27.764484,1435
85.42328,27.764486,1436
85.42329,27.764488,1436
85.423294,27.76449,1436
85.4233,27.764496,1436
85.42331,27.764502,1436
85.423325,27.76451,1436
85.423325,27.764517,1436
85.42333,27.76452,1437
85.42334,27.764524,1437
85.42335,27.764528,1437
85.42335,27.764534,1437
85.423355,27.764538,1437
85.42336,27.764545,1437
85.42337,27.764545,1437
85.42337,27.764557,1437
85.42337,27.764559,1437
85.42337,27.76456,1437
85.42336,27.764563,1437
85.423355,27.764566,1437
85.423355,27.76457,1437
85.42335,27.764572,1437
85.42334,27.764582,1437
85.42333,27.764582,1437
85.42334,27.764584,1437
85.42333,27.764582,1437
85.42333,27.76458,1437
85.42335,27.764578,1437
85.423355,27.764585,1437
85.423355,27.764587,1437
85.423355,27.764597,1437
85.42336,27.76461,1437
85.42337,27.764626,1437
85.42338,27.764639,1437
85.42338,27.764654,1439
85.42339,27.764668,1439
85.4234,27.764683,1439
85.42341,27.764698,1439
85.423416,27.764711,1439
85.42342,27.764723,1439
85.42343,27.764732,1440
85.42344,27.764738,1440
85.423454,27.764748,1440
85.42346,27.764757,1440
85.42348,27.764767,1440
85.423485,27.764774,1440
85.42349,27.76478,1441
85.42351,27.764788,1441
85.42351,27.764791,1441
85.423515,27.764795,1441
85.42352,27.764795,1441
85.42352,27.764797,1441
85.42352,27.764801,1441
85.42353,27.764807,1441
85.42353,27.764812,1442
85.42353,27.764818,1442
85.42353,27.76482,1442
85.42353,27.764822,1442
85.42354,27.764828,1442
85.423546,27.764832,1442
85.423546,27.764837,1442
85.42355,27.764841,1442
85.42356,27.764847,1442
85.423546,27.764847,1442
85.423546,27.764849,1442
85.423546,27.764847,1442
85.423546,27.764845,1442
85.423546,27.764841,1442
85.423546,27.764837,1442
85.423546,27.764833,1442
85.423546,27.76483,1442
85.423546,27.764824,1442
85.423546,27.764822,1442
85.42354,27.764818,1442
85.42354,27.764814,1442
85.42354,27.76481,1442
85.42354,27.764807,1442
85.42354,27.764803,1442
85.423546,27.764793,1442
85.423546,27.76479,1442
85.423546,27.764782,1442
85.423546,27.764778,1442
85.423546,27.764776,1442
85.423546,27.76477,1442
85.423546,27.764767,1442
85.42354,27.764767,1442
85.42354,27.764769,1442
85.42354,27.764774,1442
85.42353,27.76478,1442
85.42353,27.764786,1442
85.42352,27.764791,1442
85.42352,27.764797,1442
85.423515,27.764801,1442
85.423515,27.764803,1442
85.423515,27.764805,1442
85.42351,27.764814,1442
85.423515,27.764807,1442
85.423515,27.764803,1442
85.423515,27.7648,1442
85.42351,27.7648,1442
85.42351,27.764801,1442
85.42351,27.764803,1442
85.42351,27.764807,1442
85.423515,27.764807,1442
85.423515,27.764809,1442
85.423515,27.76481,1442
85.423515,27.764816,1442
85.423515,27.76482,1442
85.423515,27.764826,1442
85.423515,27.764835,1442
85.42352,27.764841,1442
85.42352,27.764849,1442
85.42353,27.764856,1442
85.42353,27.764862,1442
85.42354,27.764862,1442
85.42355,27.76486,1442
85.42356,27.76486,1442
85.42357,27.764866,1442
85.42358,27.764872,1442
85.42358,27.76488,1442
85.423584,27.764889,1442
85.423584,27.764894,1442
85.42359,27.764898,1442
85.42359,27.7649,1442
85.42359,27.764902,1442
85.4236,27.764906,1442
85.4236,27.76491,1442
85.42361,27.764917,1442
85.42361,27.76492,1442
85.423615,27.764917,1442
85.423615,27.764915,1442
85.423615,27.764914,1442
85.42362,27.764914,1442
85.42362,27.76491,1442
85.42363,27.76491,1442
85.42364,27.764914,1442
85.42364,27.764915,1442
85.42364,27.76492,1442
85.423645,27.764923,1442
85.423645,27.764929,1442
85.42365,27.764933,1442
85.42365,27.764938,1442
85.42366,27.764942,1442
85.42366,27.764944,1442
85.42367,27.764948,1442
85.423676,27.764946,1442
85.423676,27.764944,1442
85.42368,27.764942,1442
85.42369,27.764942,1442
85.42369,27.764944,1442
85.4237,27.764944,1442
85.4237,27.764946,1442
85.423706,27.764952,1442
85.423706,27.764954,1442
85.423706,27.764957,1442
85.423706,27.764965,1442
85.423706,27.764973,1442
85.42371,27.764984,1442
85.42371,27.765,1442
85.42372,27.765015,1442
85.42372,27.765032,1442
85.42373,27.76505,1442
85.42373,27.765066,1442
85.42374,27.76508,1442
85.423744,27.765093,1442
85.423744,27.765106,1442
85.42375,27.765121,1442
85.42375,27.765133,1442
85.42376,27.765146,1442
85.42376,27.765158,1442
85.42376,27.765171,1442
85.42376,27.765184,1442
85.42377,27.765192,1442
85.42377,27.7652,1442
85.42377,27.76521,1442
85.42377,27.76522,1442
85.42377,27.765232,1442
85.42377,27.765242,1452
85.42377,27.765253,1452
85.42377,27.765266,1452
85.42376,27.76528,1453
85.42376,27.765293,1453
85.42376,27.765306,1453
85.42376,27.765316,1453
85.42376,27.765326,1453
85.42376,27.765337,1454
85.42376,27.765347,1454
85.42376,27.765356,1454
85.42377,27.765383,1454
85.42377,27.765385,1454
85.42377,27.765388,1454
85.42377,27.765394,1454
85.42377,27.765404,1455
85.42377,27.765411,1455
85.42376,27.765423,1455
85.42376,27.765432,1455
85.42377,27.765442,1455
85.42377,27.76545,1455
85.42377,27.765457,1455
85.42377,27.765465,1455
85.42377,27.765472,1455
85.42377,27.76548,1455
85.42377,27.765486,1455
85.42377,27.765495,1455
85.42377,27.765505,1455
85.42377,27.765514,1456
85.42377,27.765526,1456
85.42377,27.765537,1456
85.42376,27.765547,1456
85.42376,27.765554,1456
85.42375,27.765566,1456
85.42375,27.765577,1456
85.423744,27.765587,1457
85.42374,27.765596,1457
85.42373,27.765606,1457
85.42372,27.765614,1457
85.42371,27.765623,1457
85.42371,27.765636,1457
85.42371,27.765648,1457
85.423706,27.765663,1457
85.423706,27.765678,1458
85.423706,27.7657,1458
85.42371,27.765717,1458
85.42371,27.765734,1458
85.42372,27.765749,1458
85.42372,27.765759,1458
85.42373,27.76577,1458
85.42373,27.765781,1458
85.42374,27.76579,1458
85.42374,27.7658,1458
85.42374,27.765808,1458
85.42374,27.765818,1458
85.42374,27.765825,1459
85.42374,27.765837,1459
85.42374,27.765846,1459
85.42374,27.765858,1459
85.42374,27.765867,1459
85.42374,27.765873,1459
85.423744,27.76588,1459
85.423744,27.765892,1459
85.42375,27.765903,1459
85.42375,27.765915,1459
85.42375,27.765926,1459
85.423744,27.765934,1459
85.423744,27.765942,1459
85.423744,27.765951,1459
85.423744,27.76596,1459
85.42374,27.765966,1459
85.42374,27.765972,1459
85.42374,27.76598,1459
85.42372,27.765993,1459
85.42372,27.765995,1459
85.42373,27.765997,1459
85.42372,27.766018,1460
85.42371,27.766022,1460
85.42372,27.766027,1460
85.42372,27.766037,1460
85.42373,27.766047,1460
85.42373,27.766056,1460
85.42374,27.766066,1461
85.42374,27.766073,1461
85.423744,27.76608,1461
85.42375,27.766085,1461
85.42376,27.766104,1461
85.42376,27.766106,1461
85.42376,27.76611,1461
85.42376,27.766115,1461
85.42376,27.76612,1461
85.42376,27.766125,1461
85.42376,27.766127,1461
85.42377,27.76613,1461
85.42377,27.766134,1462
85.42377,27.766138,1462
85.423775,27.766155,1462
85.42377,27.766157,1462
85.42377,27.766165,1462
85.42376,27.766169,1462
85.42376,27.766174,1462
85.42376,27.766176,1462
85.42376,27.766182,1462
85.42376,27.766188,1462
85.42376,27.766193,1462
85.42375,27.7662,1462
85.42375,27.766205,1462
85.423744,27.76621,1463
85.423744,27.766216,1463
85.42374,27.76622,1463
85.42374,27.766228,1463
85.42373,27.766233,1463
85.42373,27.76624,1463
85.42373,27.766243,1464
85.42372,27.766247,1464
85.42372,27.766253,1464
85.42372,27.766258,1464
85.42371,27.766268,1465
85.42371,27.76628,1465
85.42371,27.76629,1465
85.42371,27.7663,1465
85.42371,27.766308,1466
85.42371,27.766315,1466
85.42372,27.76633,1466
85.42373,27.766325,1466
85.42373,27.766327,1466
85.42374,27.766329,1466
85.42374,27.76633,1466
85.423744,27.766333,1466
85.42375,27.76633,1466
85.42375,27.766329,1466
85.42376,27.766323,1466
85.42376,27.766321,1466
85.42376,27.76632,1466
85.42377,27.766317,1466
85.42377,27.766321,1466
85.42377,27.766327,1466
85.42377,27.766335,1466
85.42377,27.766336,1466
85.42377,27.76634,1466
85.42377,27.766346,1466
85.42377,27.766352,1466
85.42377,27.76636,1466
85.42377,27.766367,1466
85.42377,27.766375,1466
85.42377,27.766384,1466
85.42376,27.766392,1466
85.42376,27.766413,1466
85.42377,27.766415,1466
85.42375,27.766424,1466
85.42375,27.766432,1466
85.42375,27.766436,1466
85.42375,27.766441,1466
85.42375,27.76645,1466
85.42375,27.76646,1466
85.42375,27.76647,1466
85.42375,27.766481,1466
85.42375,27.766497,1466
85.42375,27.766514,1466
85.423744,27.766531,1466
85.423744,27.766546,1466
85.423744,27.766556,1466
85.423744,27.766563,1466
85.42375,27.766571,1466
85.42375,27.766579,1466
85.42375,27.766586,1466
85.42375,27.766598,1466
85.42375,27.766607,1466
85.423744,27.76662,1466
85.423744,27.766634,1472
85.42374,27.766647,1472
85.42374,27.766663,1472
85.423744,27.766678,1473
85.42374,27.76669,1473
85.42374,27.766703,1473
85.42373,27.766716,1473
85.42373,27.766726,1473
85.42372,27.766737,1474
85.42372,27.766743,1474
85.42372,27.766748,1474
85.42373,27.766756,1474
85.42373,27.766764,1474
85.42372,27.766773,1475
85.42372,27.76678,1475
85.42372,27.766787,1475
85.42372,27.766788,1475
85.42372,27.7668,1475
85.42371,27.766802,1475
85.42371,27.766808,1475
85.42371,27.766811,1476
85.423706,27.766815,1476
85.423706,27.76682,1476
85.4237,27.766829,1476
85.42369,27.766836,1476
85.42368,27.766848,1476
85.423676,27.76686,1476
85.423676,27.76687,1476
85.42367,27.766882,1477
85.42366,27.766893,1477
85.42366,27.766905,1477
85.42365,27.766918,1477
85.42365,27.76693,1477
85.42365,27.766937,1477
85.423645,27.766949,1477
85.423645,27.766962,1478
85.423645,27.766975,1478
85.42365,27.76699,1478
85.42365,27.767006,1478
85.42365,27.76702,1478
85.42365,27.76703,1479
85.42366,27.76704,1479
85.42366,27.767044,1479
85.42367,27.767048,1479
85.42367,27.767052,1479
85.423676,27.767057,1479
85.423676,27.767065,1480
85.423676,27.767073,1480
85.423676,27.767082,1480
85.42367,27.767092,1480
85.42367,27.767101,1480
85.42367,27.767113,1480
85.42367,27.767124,1481
85.42367,27.767136,1481
85.42367,27.767145,1481
85.42367,27.767155,1481
85.42367,27.767164,1482
85.42366,27.767176,1482
85.42366,27.767183,1482
85.42366,27.767193,1482
85.42366,27.767199,1483
85.42366,27.767204,1483
85.42366,27.76721,1483
85.42367,27.767214,1483
85.42367,27.76723,1484
85.42367,27.767231,1484
85.42367,27.767237,1485
85.42367,27.767242,1485
85.42367,27.76725,1486
85.42366,27.76726,1486
85.42366,27.76727,1486
85.42365,27.76728,1486
85.423645,27.76729,1487
85.423645,27.767298,1487
85.42364,27.767305,1487
85.42363,27.767311,1487
85.42363,27.767319,1487
85.42363,27.767324,1487
85.42363,27.767332,1487
85.42363,27.767338,1487
85.42364,27.767345,1487
85.42364,27.767357,1488
85.42364,27.767368,1488
85.42364,27.767382,1488
85.42364,27.767395,1488
85.42364,27.767412,1488
85.42364,27.767424,1488
85.42364,27.767437,1488
85.42364,27.767448,1488
85.42364,27.767458,1489
85.423645,27.767464,1489
85.42365,27.76747,1489
85.42365,27.767475,1489
85.42366,27.767485,1489
85.42367,27.767492,1489
85.42367,27.7675,1489
85.423676,27.767506,1489
85.423676,27.767523,1489
85.423676,27.767517,1490
85.42367,27.767513,1490
85.42367,27.767498,1490
85.42367,27.767496,1490
85.42367,27.767498,1490
85.42366,27.767498,1490
85.42365,27.767496,1490
85.42365,27.767494,1490
85.423645,27.767492,1490
85.42364,27.76749,1490
85.42364,27.767488,1490
85.42364,27.767494,1490
85.423645,27.767496,1490
85.423645,27.7675,1490
85.423645,27.767506,1490
85.42365,27.767511,1490
85.42365,27.767519,1490
85.42366,27.767525,1490
85.42366,27.76753,1490
85.42366,27.767536,1490
85.42367,27.767553,1490
85.42367,27.767563,1490
85.42367,27.767565,1490
85.423676,27.767567,1490
85.423676,27.767578,1490
85.423676,27.767582,1490
85.423676,27.767586,1490
85.42367,27.767591,1490
85.42367,27.767614,1490
85.42368,27.767618,1490
85.42369,27.767616,1490
85.42369,27.767614,1490
85.42368,27.767616,1490
85.423676,27.767616,1490
85.42367,27.767616,1490
85.42366,27.767616,1490
85.42365,27.767618,1497
85.423645,27.767624,1497
85.42362,27.767637,1498
85.42362,27.767635,1498
85.42362,27.767637,1498
85.42362,27.767641,1498
85.423615,27.767643,1499
85.423615,27.767645,1499
85.423615,27.767649,1499
85.42362,27.767653,1500
85.42362,27.767656,1500
85.42363,27.76766,1500
85.42364,27.767666,1500
85.42364,27.767672,1500
85.423645,27.767675,1501
85.42365,27.767683,1501
85.42366,27.767687,1501
85.42367,27.767693,1501
85.423676,27.767708,1501
85.423676,27.76771,1501
85.42368,27.76771,1501
85.42368,27.767712,1502
85.42369,27.767714,1502
85.42369,27.767715,1502
85.42369,27.76772,1502
85.42369,27.767723,1502
85.42369,27.767727,1502
85.42369,27.76773,1503
85.42369,27.767735,1503
85.42369,27.767738,1503
85.42369,27.76774,1503
85.42369,27.767754,1503
85.42368,27.767756,1503
85.42368,27.767769,1504
85.42368,27.76777,1504
85.42368,27.767773,1504
85.423676,27.767776,1504
85.423676,27.767782,1504
85.423676,27.767788,1504
85.423676,27.767792,1505
85.423676,27.767797,1505
85.423676,27.76782,1505
85.423676,27.767822,1505
85.423676,27.767826,1505
85.423676,27.76783,1505
85.42368,27.767838,1506
85.42368,27.767841,1506
85.42368,27.767847,1506
85.42369,27.76785,1506
85.42369,27.767853,1506
85.42369,27.767855,1507
85.4237,27.767859,1507
85.4237,27.767866,1507
85.4237,27.767872,1507
85.4237,27.767878,1507
85.423706,27.767881,1508
85.42371,27.767885,1508
85.42371,27.767887,1508
85.42371,27.767895,1508
85.42372,27.767904,1508
85.42372,27.767914,1508
85.42373,27.767921,1509
85.42373,27.767933,1509
85.42373,27.76794,1509
85.42374,27.767948,1509
85.42374,27.76795,1510
85.42374,27.767954,1510
85.423744,27.767958,1510
85.423744,27.767963,1510
85.423744,27.76797,1510
85.42375,27.767977,1511
85.42375,27.767982,1511
85.42375,27.767986,1511
85.42375,27.767992,1512
85.42375,27.767998,1512
85.42375,27.768005,1512
85.42375,27.768011,1512
85.42375,27.768017,1513
85.423744,27.768032,1513
85.42375,27.768032,1513
85.42375,27.76803,1514
85.42375,27.768026,1514
85.42375,27.768023,1514
85.42375,27.768015,1514
85.42375,27.768017,1514
85.42376,27.768023,1514
85.42376,27.768028,1514
85.42377,27.768036,1515
85.42377,27.76805,1515
85.423775,27.768063,1516
85.42378,27.768072,1516
85.42379,27.768082,1516
85.4238,27.76809,1516
85.42381,27.768097,1517
85.42382,27.768099,1517
85.42383,27.7681,1517
85.423836,27.768099,1517
85.423836,27.768097,1517
85.423836,27.768095,1517
85.423836,27.768097,1518
85.423836,27.7681,1518
85.423836,27.768103,1518
85.423836,27.768108,1518
85.423836,27.768114,1518
85.423836,27.768122,1518
85.423836,27.76813,1518
85.42384,27.768139,1518
85.42384,27.768145,1518
85.42384,27.768152,1518
85.42384,27.768156,1519
85.42384,27.768164,1519
85.42385,27.768162,1519
85.42385,27.768164,1519
85.42385,27.768166,1519
85.42385,27.768177,1519
85.42385,27.768173,1519
85.42385,27.768166,1519
85.42385,27.768162,1519
85.42386,27.76816,1519
85.42386,27.768158,1519
85.42386,27.768148,1519
85.42387,27.768145,1519
85.42387,27.76814,1519
85.423874,27.768139,1519
85.42389,27.768139,1519
85.4239,27.768139,1522
85.42391,27.768143,1523
85.42392,27.768143,1524
85.423935,27.768145,1524
85.42394,27.768145,1524
85.42395,27.768147,1524
85.42396,27.768152,1525
85.423965,27.768158,1525
85.42397,27.768166,1525
85.42398,27.768171,1525
85.42398,27.768177,1525
85.42399,27.76818,1525
85.42398,27.76819,1525
85.42398,27.768194,1526
85.42397,27.768196,1526
85.42397,27.768198,1526
85.423965,27.76821,1526
85.42396,27.76821,1526
85.42396,27.768211,1526
85.42396,27.768213,1527
85.42395,27.768217,1527
85.42395,27.76822,1527
85.42394,27.768227,1527
85.42394,27.768232,1527
85.423935,27.768238,1528
85.42393,27.768244,1528
85.42392,27.768248,1528
85.42391,27.768253,1528
85.42391,27.768257,1529
85.423904,27.768261,1529
85.4239,27.768265,1530
85.42389,27.76827,1530
85.42388,27.768276,1530
85.423874,27.768276,1530
85.42387,27.768278,1530
85.42386,27.76828,1530
85.42384,27.768286,1531
85.423836,27.768288,1531
85.42383,27.768291,1531
85.42381,27.768293,1531
85.423805,27.768297,1531
85.4238,27.768301,1531
85.42379,27.768305,1532
85.42378,27.768307,1532
85.423775,27.76831,1532
85.42377,27.76831,1532
85.42376,27.768309,1532
85.42375,27.768309,1532
85.423744,27.768309,1532
85.42374,27.768307,1532
85.42373,27.768305,1532
85.42372,27.768303,1533
85.42371,27.768301,1533
85.423706,27.768303,1533
85.4237,27.768301,1534
85.4237,27.7683,1534
85.42369,27.7683,1534
85.42368,27.768297,1534
85.423676,27.7683,1535
85.42367,27.768303,1535
85.42366,27.768309,1535
85.42365,27.768312,1535
85.423645,27.768318,1535
85.423645,27.76832,1535
85.42363,27.768324,1536
85.42362,27.768328,1536
85.423615,27.768332,1536
85.423615,27.768335,1536
85.42361,27.768345,1536
85.42361,27.768347,1536
85.423615,27.76835,1537
85.423615,27.768356,1537
85.42362,27.768364,1537
85.42362,27.768372,1537
85.42363,27.768377,1537
85.42363,27.768383,1537
85.42363,27.768385,1538
85.42364,27.768389,1538
85.42364,27.768393,1538
85.42364,27.768396,1538
85.42364,27.7684,1539
85.42364,27.768402,1539
85.423645,27.768402,1539
85.42365,27.768402,1539
85.42366,27.768404,1540
85.42367,27.76841,1540
85.42367,27.768412,1540
85.423676,27.768414,1540
85.423676,27.768423,1540
85.423676,27.768425,1540
85.423676,27.768429,1540
85.423676,27.768435,1540
85.423676,27.76844,1540
85.423676,27.768444,1541
85.423676,27.768446,1541
85.42368,27.76845,1541
85.42369,27.768452,1541
85.42369,27.768456,1541
85.42369,27.76846,1541
85.42369,27.768463,1542
85.42369,27.768467,1542
85.42369,27.76847,1542
85.42369,27.768488,1542
85.42368,27.76849,1542
85.42369,27.768494,1542
85.42369,27.768497,1543
85.42369,27.7685,1543
85.42368,27.7685,1543
85.423676,27.7685,1544
85.42367,27.7685,1544
85.42366,27.7685,1545
85.42365,27.7685,1545
85.423645,27.768501,1546
85.423645,27.768503,1546
85.42364,27.768507,1546
85.42364,27.768505,1546
85.42363,27.768505,1546
85.42362,27.768505,1546
85.423615,27.768503,1547
85.42361,27.768501,1547
85.42361,27.768503,1547
85.42361,27.768507,1547
85.42361,27.76851,1547
85.4236,27.768517,1547
85.42361,27.768515,1548
85.42361,27.768524,1548
85.42361,27.768526,1548
85.423615,27.768532,1548
85.42362,27.768532,1549
85.42362,27.768534,1549
85.42362,27.768538,1550
85.42363,27.768541,1550
85.42363,27.768545,1550
85.42363,27.76855,1550
85.42363,27.768555,1551
85.42364,27.768559,1551
85.42364,27.76856,1551
85.423645,27.768566,1551
85.423645,27.768572,1552
85.42365,27.76858,1552
85.42365,27.768585,1552
85.42366,27.76859,1552
85.42366,27.768597,1552
85.42367,27.768602,1552
85.423676,27.768608,1552
85.423676,27.768612,1553
85.42368,27.768616,1553
85.42368,27.76862,1553
85.42369,27.76862,1553
85.4237,27.76862,1553
85.423706,27.768618,1553
85.42371,27.768618,1554
85.42373,27.76862,1554
85.42374,27.76862,1554
85.423744,27.768621,1554
85.42375,27.768625,1554
85.42376,27.768627,1554
85.42377,27.768631,1554
85.423775,27.768635,1554
85.42378,27.768637,1555
85.42379,27.76864,1555
85.4238,27.768642,1555
85.423805,27.768644,1555
85.42381,27.76864,1555
85.42382,27.76864,1555
85.42382,27.768642,1556
85.423836,27.768646,1556
85.42384,27.768652,1556
85.42385,27.768658,1556
85.42387,27.768661,1556
85.42388,27.768665,1556
85.42389,27.768667,1557
85.4239,27.76867,1557
85.423904,27.76867,1557
85.42391,27.76867,1557
85.42393,27.768671,1557
85.42393,27.768675,1557
85.423935,27.768679,1558
85.42394,27.768682,1558
85.42394,27.768686,1558
85.42395,27.768688,1559
85.42396,27.768696,1559
85.42396,27.768703,1559
85.423965,27.768711,1559
85.42397,27.76872,1559
85.42397,27.768726,1560
85.42398,27.768732,1560
85.42399,27.768736,1560
85.42399,27.768744,1560
85.423996,27.768751,1560
85.423996,27.76876,1560
85.423996,27.76877,1560
85.423996,27.768784,1561
85.423996,27.768797,1561
85.423996,27.76881,1561
85.423996,27.768822,1561
85.423996,27.768831,1561
85.424,27.768837,1561
85.42401,27.76884,1561
85.42402,27.768847,1561
85.42403,27.768856,1561
85.424034,27.768864,1562
85.42405,27.768871,1562
85.42406,27.768875,1562
85.42407,27.768879,1562
85.42408,27.76888,1562
85.424095,27.768885,1562
85.42411,27.768896,1562
85.42412,27.768898,1562
85.42411,27.768906,1562
85.42411,27.768904,1562
85.4241,27.768908,1562
85.4241,27.768906,1562
85.4241,27.768908,1562
85.4241,27.76891,1562
85.4241,27.768911,1562
85.42411,27.76891,1562
85.4241,27.768913,1562
85.42411,27.768911,1562
85.42412,27.768917,1562
85.42412,27.768919,1562
85.42413,27.768927,1562
85.42414,27.768934,1562
85.424164,27.768942,1562
85.42418,27.768948,1562
85.424194,27.768951,1562
85.42421,27.768955,1562
85.42423,27.768955,1562
85.42425,27.768953,1562
85.42426,27.768951,1562
85.42427,27.768948,1562
85.424286,27.768946,1562
85.4243,27.768944,1562
85.42432,27.76894,1562
85.424324,27.768938,1562
85.42434,27.768936,1562
85.42435,27.768938,1562
85.42435,27.76894,1562
85.42435,27.768946,1562
85.424355,27.768951,1562
85.424355,27.768959,1565
85.42435,27.768963,1565
85.42435,27.768969,1565
85.42434,27.768974,1566
85.42434,27.768978,1566
85.42434,27.768984,1566
85.42433,27.768991,1566
85.424324,27.768997,1566
85.42432,27.769001,1567
85.42431,27.769012,1567
85.4243,27.769012,1567
85.4243,27.769014,1567
85.4243,27.769016,1567
85.4243,27.76902,1568
85.4243,27.769026,1568
85.42431,27.769032,1568
85.42432,27.769033,1568
85.424324,27.769035,1569
85.42433,27.769035,1569
85.42434,27.769035,1569
85.424355,27.769035,1569
85.42436,27.769033,1569
85.42438,27.769028,1570
85.42438,27.769037,1570
85.42438,27.76904,1570
85.424385,27.769045,1570
85.424385,27.76905,1570
85.424385,27.769056,1570
85.424385,27.769064,1570
85.42439,27.76907,1570
85.42439,27.769077,1570
85.42439,27.769083,1570
85.42439,27.769089,1570
85.424385,27.769093,1570
85.42438,27.769093,1570
85.42437,27.769093,1570
85.42437,27.769089,1570
85.42436,27.769085,1570
85.42436,27.769083,1570
85.424355,27.76908,1570
85.424355,27.769077,1570
85.42434,27.769077,1570
85.42435,27.769081,1570
85.42435,27.769083,1570
85.424355,27.769087,1570
85.42436,27.76909,1570
85.42438,27.769096,1570
85.42439,27.769102,1570
85.4244,27.769106,1570
85.424416,27.769112,1570
85.42443,27.76912,1570
85.424446,27.769127,1570
85.42445,27.769135,1570
85.42446,27.76914,1570
85.42447,27.769146,1570
85.42448,27.769154,1570
85.424484,27.769163,1570
85.42449,27.769173,1570
85.4245,27.769182,1570
85.424515,27.769192,1570
85.42452,27.7692,1570
85.42453,27.769207,1570
85.424545,27.769215,1570
85.42455,27.769222,1570
85.42456,27.76923,1570
85.42456,27.769238,1570
85.42457,27.769243,1570
85.424576,27.769249,1570
85.42458,27.769255,1570
85.4246,27.769258,1570
85.42461,27.769262,1570
85.42462,27.769266,1570
85.42463,27.769272,1570
85.424644,27.76928,1570
85.42465,27.769287,1570
85.42466,27.769297,1570
85.42467,27.769306,1570
85.424675,27.769314,1570
85.42468,27.769323,1570
85.42469,27.769331,1570
85.4247,27.769339,1570
85.424706,27.769346,1568
85.42471,27.769358,1568
85.42472,27.769365,1568
85.42472,27.769375,1568
85.42473,27.769384,1568
85.424736,27.769396,1568
85.42474,27.769407,1568
85.42474,27.769417,1568
85.42475,27.76943,1568
85.42476,27.769445,1568
85.42477,27.769464,1568
85.424774,27.76948,1568
85.424774,27.769491,1568
85.42478,27.769499,1568
85.42478,27.769505,1568
85.42478,27.769514,1568
85.42478,27.769524,1568
85.42479,27.769535,1568
85.42479,27.769548,1568
85.4248,27.769558,1568
85.424805,27.769567,1568
85.424805,27.769579,1568
85.42481,27.76959,1568
85.42481,27.769604,1568
85.42482,27.769617,1568
85.42483,27.769629,1568
85.42484,27.76964,1568
85.42485,27.769655,1568
85.424866,27.769667,1568
85.42488,27.769678,1568
85.42489,27.769688,1568
85.424904,27.769695,1568
85.42491,27.769707,1568
85.42493,27.769718,1568
85.424934,27.769732,1568
85.42494,27.769743,1569
85.42495,27.769753,1569
85.42496,27.769762,1569
85.424965,27.769772,1570
85.42497,27.769783,1570
85.42498,27.769796,1570
85.42499,27.769808,1570
85.424995,27.769817,1570
85.42501,27.769825,1570
85.42502,27.76983,1571
85.42503,27.769836,1571
85.42505,27.76984,1571
85.425064,27.769844,1571
85.42508,27.76985,1571
85.4251,27.769855,1571
85.425125,27.76986,1571
85.42514,27.769867,1571
85.425156,27.769875,1571
85.42517,27.769884,1571
85.425186,27.769894,1571
85.42519,27.769903,1571
85.42521,27.769915,1571
85.42522,27.769922,1571
85.42523,27.769926,1571
85.42524,27.76993,1571
85.42525,27.769938,1571
85.425255,27.769947,1571
85.42526,27.76996,1572
85.42527,27.769974,1572
85.42528,27.769993,1572
85.425285,27.770012,1572
85.42529,27.770025,1572
85.42531,27.770035,1572
85.42532,27.770042,1572
85.42533,27.770052,1572
85.42534,27.77006,1573
85.425354,27.770067,1573
85.42536,27.770075,1573
85.42537,27.77008,1574
85.425385,27.770088,1574
85.42539,27.770096,1574
85.42541,27.770105,1574
85.425415,27.770113,1574
85.42542,27.77012,1575
85.42544,27.770126,1575
85.42545,27.770132,1575
85.42546,27.770138,1575
85.42547,27.770144,1576
85.42548,27.770147,1576
85.42549,27.770153,1576
85.4255,27.770157,1576
85.425514,27.770163,1577
85.42552,27.77017,1577
85.42554,27.770178,1578
85.425545,27.770184,1578
85.425545,27.77019,1578
85.42555,27.770193,1578
85.42556,27.770197,1579
85.42556,27.770199,1579
85.42557,27.770203,1579
85.42557,27.770206,1579
85.425575,27.77021,1579
85.42558,27.770214,1579
85.42559,27.770218,1579
85.4256,27.770222,1579
85.425606,27.770227,1579
85.42561,27.770233,1579
85.42562,27.770239,1579
85.42563,27.770247,1580
85.42564,27.770256,1580
85.425644,27.770264,1580
85.42565,27.770271,1580
85.42566,27.770279,1580
85.42567,27.770287,1580
85.42567,27.770294,1580
85.425674,27.770304,1580
85.425674,27.770313,1580
85.425674,27.770323,1580
85.42568,27.770332,1580
85.42568,27.770342,1580
85.42568,27.770351,1580
85.425674,27.770357,1580
85.425674,27.770365,1580
85.425674,27.770374,1580
85.425674,27.770384,1580
85.42567,27.770397,1580
85.42567,27.77041,1580
85.42567,27.770426,1580
85.42566,27.770445,1580
85.42566,27.770464,1580
85.42565,27.770485,1580
85.42565,27.770506,1580
85.425644,27.770525,1580
85.425644,27.770546,1580
85.425644,27.770563,1580
85.425644,27.770582,1580
85.425644,27.770601,1580
85.425644,27.77062,1580
85.425644,27.770638,1580
85.425644,27.77065,1580
85.42565,27.770662,1580
85.42565,27.770672,1580
85.42566,27.770683,1580
85.42567,27.770693,1581
85.425674,27.770704,1581
85.42569,27.770718,1581
85.425705,27.770731,1581
85.42572,27.770744,1581
85.425735,27.770758,1581
85.42576,27.770767,1581
85.42577,27.770779,1581
85.42579,27.770786,1581
85.42581,27.770794,1581
85.42583,27.770802,1581
85.42585,27.77081,1581
85.425865,27.770815,1582
85.42588,27.770819,1582
85.4259,27.77082,1582
85.42592,27.770823,1582
85.425934,27.770824,1582
85.42595,27.770824,1582
85.425964,27.770826,1582
85.42599,27.77083,1582
85.426,27.770832,1582
85.42602,27.770836,1582
85.42603,27.770842,1582
85.42605,27.77085,1582
85.42606,27.770857,1582
85.42608,27.770863,1582
85.426094,27.770868,1582
85.42611,27.770876,1582
85.426125,27.770885,1582
85.42613,27.770897,1582
85.42615,27.770912,1582
85.426155,27.77093,1582
85.42617,27.770948,1582
85.426186,27.770964,1582
85.4262,27.770975,1582
85.42621,27.770987,1582
85.426216,27.770996,1582
85.42622,27.771006,1582
85.42623,27.771017,1581
85.42624,27.771027,1581
85.42624,27.771036,1581
85.42625,27.771042,1581
85.426254,27.771048,1581
85.426254,27.77105,1581
85.42626,27.771051,1581
85.42627,27.771055,1581
85.42628,27.771059,1580
85.42629,27.771063,1580
85.4263,27.771069,1580
85.42631,27.771074,1580
85.426315,27.77108,1580
85.42632,27.771086,1580
85.42632,27.771093,1580
85.42632,27.7711,1580
85.426315,27.771101,1580
85.426315,27.771103,1580
85.426315,27.771109,1580
85.426315,27.771114,1579
85.426315,27.771124,1579
85.426315,27.771132,1579
85.426315,27.771141,1579
85.426315,27.771147,1579
85.42631,27.771154,1579
85.4263,27.77117,1579
85.4263,27.771166,1579
85.42629,27.771175,1579
85.4263,27.771175,1579
85.4263,27.77118,1579
85.42631,27.77118,1579
85.426315,27.77118,1579
85.426315,27.771189,1579
85.426315,27.771193,1579
85.426315,27.771196,1579
85.426315,27.771198,1579
85.426315,27.7712,1579
85.426315,27.771202,1579
85.426315,27.771206,1579
85.426315,27.771208,1579
85.42631,27.771212,1579
85.42631,27.771214,1579
85.42629,27.77123,1579
85.42629,27.771233,1579
85.42629,27.771238,1579
85.426285,27.771246,1579
85.42628,27.771252,1579
85.42627,27.771257,1579
85.42626,27.771261,1579
85.426254,27.771265,1579
85.42624,27.771269,1579
85.42624,27.771275,1579
85.42623,27.771278,1579
85.42622,27.771282,1579
85.42622,27.771284,1579
85.426216,27.771288,1579
85.42621,27.77129,1579
85.42621,27.771294,1573
85.4262,27.771297,1573
85.42619,27.771301,1572
85.426186,27.771307,1572
85.42617,27.771317,1572
85.426155,27.771326,1572
85.42614,27.771336,1572
85.426125,27.771345,1571
85.4261,27.771355,1571
85.42609,27.77136,1571
85.42607,27.771364,1571
85.42606,27.771368,1571
85.42605,27.771372,1571
85.42604,27.771378,1571
85.42603,27.771381,1571
85.42602,27.771385,1571
85.42601,27.771389,1571
85.425995,27.77139,1570
85.42599,27.771395,1570
85.42598,27.771397,1570
85.425964,27.771402,1570
85.42596,27.771406,1570
85.42594,27.771414,1570
85.425934,27.771423,1569
85.42593,27.771431,1569
85.42592,27.77144,1569
85.42591,27.77145,1569
85.4259,27.771461,1569
85.425896,27.771473,1569
85.425896,27.771484,1569
85.42589,27.771496,1569
85.42589,27.771507,1569
85.42589,27.771517,1569
85.42589,27.771523,1569
85.42589,27.771528,1569
85.42588,27.771536,1569
85.42588,27.771544,1569
85.42589,27.771553,1569
85.425896,27.771559,1569
85.4259,27.771566,1569
85.42591,27.771576,1569
85.42591,27.771587,1569
85.42592,27.771599,1569
85.42593,27.77161,1569
85.425934,27.771624,1569
85.42594,27.771635,1569
85.42595,27.771646,1569
85.425964,27.771658,1569
85.42597,27.771667,1569
85.42598,27.771675,1569
85.42599,27.771685,1569
85.425995,27.77169,1569
85.426,27.771696,1569
85.42601,27.7717,1569
85.42602,27.771706,1569
85.42602,27.771711,1569
85.426025,27.771717,1569
85.42603,27.771723,1569
85.42604,27.771729,1569
85.426056,27.77173,1569
85.42606,27.771734,1569
85.42606,27.771736,1569
85.42607,27.77174,1569
85.42608,27.771746,1569
85.42609,27.771751,1569
85.426094,27.771759,1569
85.4261,27.771767,1569
85.42611,27.771774,1569
85.42612,27.771782,1569
85.42613,27.771791,1569
85.42614,27.7718,1569
85.42615,27.771809,1569
85.426155,27.771816,1570
85.42616,27.771826,1570
85.42618,27.771833,1570
85.426186,27.771843,1570
85.42619,27.77185,1571
85.4262,27.77186,1571
85.42621,27.77187,1571
85.42622,27.77188,1571
85.42623,27.771889,1571
85.42625,27.771896,1572
85.426254,27.771902,1572
85.42627,27.771908,1572
85.42628,27.771915,1572
85.42629,27.771923,1572
85.4263,27.77193,1573
85.42631,27.771936,1573
85.42632,27.771944,1573
85.42633,27.77195,1573
85.42634,27.771954,1574
85.426346,27.77196,1574
85.42635,27.771965,1574
85.42636,27.77197,1574
85.42637,27.771975,1575
85.42638,27.771978,1575
85.42638,27.771982,1575
85.426384,27.771986,1575
85.42639,27.77199,1575
85.4264,27.771994,1576
85.4264,27.771996,1576
85.42641,27.772,1576
85.42641,27.772003,1576
85.426414,27.772007,1576
85.426414,27.77201,1576
85.426414,27.772022,1576
85.42642,27.772022,1577
85.42642,27.772024,1577
85.42643,27.772028,1577
85.42643,27.77203,1577
85.42644,27.77203,1577
85.42644,27.772032,1578
85.426445,27.772036,1578
85.426445,27.77204,1578
85.42645,27.772043,1579
85.42645,27.772049,1579
85.42646,27.772055,1579
85.42647,27.772062,1579
85.426476,27.772068,1579
85.42648,27.772072,1579
85.42648,27.772078,1580
85.42649,27.772081,1580
85.4265,27.772085,1580
85.426506,27.772089,1580
85.426506,27.772093,1580
85.42651,27.772097,1580
85.42652,27.772099,1580
85.42652,27.772102,1581
85.42653,27.772106,1581
85.42654,27.77211,1581
85.42654,27.772114,1581
85.426544,27.772116,1581
85.42655,27.77212,1581
85.42656,27.772121,1581
85.426575,27.772127,1582
85.42658,27.772127,1582
85.42658,27.77213,1582
85.42659,27.772131,1582
85.42659,27.772133,1583
85.4266,27.772133,1583
85.4266,27.772135,1583
85.426605,27.772135,1583
85.42661,27.772135,1583
85.42662,27.772137,1584
85.42663,27.772139,1584
85.426636,27.77214,1584
85.42664,27.772142,1584
85.42665,27.772144,1584
85.42666,27.772146,1584
85.42667,27.772146,1585
85.426674,27.772146,1585
85.42668,27.772146,1585
85.42669,27.772148,1585
85.426704,27.77215,1585
85.426704,27.772148,1585
85.42671,27.77215,1585
85.42671,27.772152,1586
85.42671,27.772154,1586
85.42672,27.772156,1586
85.42672,27.77216,1586
85.42673,27.772163,1586
85.42673,27.772165,1586
85.426735,27.772171,1587
85.42674,27.772173,1587
85.42675,27.772179,1587
85.42675,27.77218,1588
85.42676,27.772184,1588
85.426765,27.772186,1588
85.42677,27.77219,1588
85.42678,27.772194,1588
85.42679,27.772196,1588
85.42681,27.772202,1589
85.42682,27.772202,1589
85.42682,27.772203,1590
85.42683,27.772202,1590
85.426834,27.772202,1590
85.42684,27.7722,1590
85.42685,27.772198,1590
85.42686,27.7722,1591
85.42688,27.772203,1591
85.42689,27.772203,1591
85.426895,27.772203,1591
85.4269,27.772205,1591
85.42691,27.772207,1591
85.42692,27.772211,1592
85.426926,27.772211,1592
85.42693,27.772213,1592
85.42694,27.772217,1592
85.426956,27.77222,1592
85.42696,27.772226,1592
85.42697,27.77223,1592
85.42698,27.772236,1592
85.42699,27.77224,1593
85.42699,27.772243,1593
85.426994,27.77225,1593
85.426994,27.772255,1593
85.427,27.77226,1593
85.427,27.772264,1594
85.427,27.772268,1594
85.42701,27.772274,1594
85.42701,27.772276,1594
85.42702,27.772282,1594
85.42702,27.77229,1594
85.427025,27.772295,1595
85.42703,27.772299,1595
85.42704,27.772303,1595
85.42705,27.772308,1595
85.427055,27.772308,1595
85.42706,27.772308,1595
85.42708,27.772314,1596
85.427086,27.772318,1596
85.42709,27.772324,1596
85.4271,27.77233,1596
85.42711,27.772333,1596
85.42712,27.772337,1596
85.427124,27.772339,1596
85.42713,27.77234,1596
85.42714,27.77234,1597
85.427155,27.772348,1597
85.427155,27.772352,1597
85.42716,27.772356,1597
85.42716,27.772358,1597
85.42716,27.772362,1597
85.42715,27.772371,1597
85.42715,27.772373,1597
85.42714,27.772377,1599
85.42714,27.772383,1599
85.42713,27.772388,1600
85.42712,27.772394,1600
85.42711,27.772398,1601
85.4271,27.772402,1601
85.42709,27.772406,1601
85.427086,27.77241,1601
85.42708,27.772413,1602
85.42707,27.772419,1602
85.42707,27.772423,1603
85.42706,27.772427,1603
85.42706,27.772432,1603
85.427055,27.772438,1603
85.427055,27.772444,1604
85.427055,27.772448,1604
85.42705,27.772453,1604
85.42705,27.772459,1604
85.42705,27.772465,1605
85.42705,27.772469,1605
85.42705,27.772472,1605
85.42705,27.772476,1605
85.42705,27.772478,1605
85.42705,27.772488,1605
85.42705,27.77249,1606
85.42705,27.772495,1606
85.42705,27.772497,1606
85.42705,27.772501,1606
85.427055,27.772505,1606
85.427055,27.772507,1606
85.42706,27.772507,1607
85.42707,27.772509,1607
85.42708,27.77251,1607
85.42708,27.772512,1607
85.427086,27.772516,1608
85.42709,27.772516,1608
85.42711,27.772518,1608
85.42712,27.772516,1608
85.42712,27.772514,1608
85.427124,27.772514,1609
85.42713,27.772514,1609
85.42714,27.772516,1609
85.42715,27.772522,1609
85.427155,27.772528,1609
85.427155,27.772532,1609
85.42716,27.772533,1609
85.42717,27.772535,1610
85.42718,27.772537,1610
85.427185,27.77254,1610
85.42719,27.77254,1610
85.4272,27.772541,1610
85.4272,27.772543,1610
85.42721,27.772545,1610
85.427216,27.772547,1611
85.42722,27.772549,1611
85.42722,27.77255,1611
85.42723,27.772552,1611
85.42723,27.772554,1611
85.42724,27.772556,1611
85.42724,27.772558,1612
85.427246,27.77256,1612
85.42725,27.772564,1612
85.42725,27.772568,1612
85.42727,27.77258,1612
85.42728,27.772581,1613
85.427284,27.772581,1613
85.427284,27.772583,1613
85.42729,27.772583,1613
85.4273,27.772585,1614
85.42731,27.772587,1614
85.42731,27.772589,1614
85.427315,27.772589,1614
85.427315,27.77259,1615
85.42732,27.77259,1615
85.42733,27.772593,1615
85.42733,27.772594,1615
85.42734,27.772596,1616
85.427345,27.77261,1616
85.427345,27.772614,1616
85.42734,27.772617,1616
85.42734,27.772623,1617
85.42734,27.772629,1617
85.42734,27.772636,1617
85.42734,27.772644,1617
85.42734,27.772652,1617
85.42734,27.77266,1617
85.42734,27.772665,1617
85.42734,27.772673,1618
85.427345,27.77268,1618
85.427345,27.772684,1618
85.42735,27.772682,1618
85.42736,27.772665,1618
85.42736,27.772661,1618
85.42736,27.772655,1618
85.42737,27.772648,1618
85.427376,27.772642,1618
85.427376,27.772635,1618
85.42738,27.772629,1618
85.42738,27.772623,1618
85.42739,27.772615,1618
85.42739,27.77261,1618
85.4274,27.7726,1618
85.42739,27.7726,1618
85.42739,27.772604,1618
85.42738,27.772604,1618
85.427376,27.77261,1618
85.427376,27.772614,1618
85.42737,27.772621,1618
85.42737,27.772623,1618
85.42737,27.772627,1618
85.42737,27.772635,1618
85.42737,27.772657,1618
85.42737,27.772648,1618
85.42737,27.772644,1618
85.42737,27.772638,1618
85.42737,27.772633,1618
85.427376,27.772625,1618
85.42738,27.772615,1618
85.42738,27.772606,1618
85.42739,27.7726,1618
85.4274,27.772593,1618
85.42741,27.772587,1618
85.427414,27.772581,1618
85.42742,27.77257,1618
85.42742,27.772572,1618
85.42742,27.772573,1618
85.42742,27.772575,1618
85.42742,27.772577,1618
85.42742,27.77258,1618
85.42742,27.772585,1618
85.42742,27.772587,1618
85.427414,27.772598,1618
85.427414,27.7726,1618
85.42741,27.772606,1618
85.4274,27.772614,1618
85.42739,27.772623,1618
85.427376,27.772635,1618
85.42737,27.772648,1618
85.42736,27.77266,1618
85.42736,27.772669,1618
85.42735,27.772676,1618
85.42735,27.772688,1618
85.42736,27.772686,1618
85.42735,27.772688,1618
85.42735,27.77269,1618
85.42735,27.772692,1618
85.42735,27.772694,1618
85.42736,27.772701,1618
85.42735,27.7727,1618
85.42735,27.77271,1618
85.42735,27.772713,1618
85.42736,27.772715,1618
85.42736,27.772718,1618
85.42737,27.772722,1618
85.42737,27.772728,1618
85.427376,27.772732,1618
85.427376,27.772736,1618
85.42738,27.77274,1618
85.42738,27.772741,1618
85.42739,27.772745,1618
85.4274,27.772758,1618
85.4274,27.772768,1618
85.4274,27.77277,1618
85.4274,27.772772,1618
85.4274,27.772776,1618
85.42741,27.772778,1618
85.42741,27.772781,1618
85.427414,27.77279,1618
85.42742,27.772793,1618
85.42743,27.772793,1618
85.42744,27.772793,1618
85.427444,27.772793,1618
85.42745,27.772793,1618
85.42747,27.772795,1618
85.427475,27.772795,1618
85.42748,27.772795,1618
85.4275,27.772795,1618
85.427505,27.772793,1618
85.42751,27.77279,1618
85.42752,27.77279,1618
85.42752,27.772789,1618
85.42753,27.772793,1618
85.427536,27.772795,1618
85.42754,27.772797,1618
85.42756,27.772797,1618
85.42756,27.772795,1618
85.42756,27.772793,1618
85.42757,27.772789,1618
85.42757,27.772795,1618
85.42757,27.7728,1618
85.42756,27.772808,1618
85.42756,27.772818,1618
85.42756,27.772827,1618
85.42756,27.772837,1618
85.42756,27.772848,1618
85.42756,27.772861,1618
85.42756,27.772873,1618
85.42756,27.772884,1618
85.42756,27.772894,1618
85.42756,27.772902,1618
85.42757,27.77291,1618
85.42757,27.772915,1618
85.42757,27.77292,1618
85.427574,27.772924,1618
85.427574,27.772928,1618
85.42758,27.772932,1618
85.42758,27.772936,1618
85.42758,27.772938,1618
85.42758,27.772942,1618
85.42758,27.772947,1618
85.42758,27.772953,1618
85.42758,27.77296,1618
85.42758,27.772966,1618
85.42758,27.772974,1618
85.42758,27.772978,1635
85.42758,27.772984,1635
85.42758,27.772987,1635
85.42759,27.772991,1635
85.42759,27.772995,1635
85.427605,27.773,1636
85.42761,27.773,1636
85.42761,27.773003,1636
85.42762,27.773005,1636
85.42762,27.773006,1636
85.427635,27.77301,1636
85.42764,27.77301,1636
85.42765,27.773012,1636
85.42766,27.773012,1636
85.42766,27.773014,1636
85.42766,27.77302,1636
85.427666,27.773031,1636
85.427666,27.773043,1636
85.42767,27.773056,1636
85.42768,27.77307,1636
85.42768,27.77308,1638
85.42768,27.773092,1638
85.42769,27.773102,1638
85.42769,27.77311,1639
85.4277,27.773127,1639
85.42769,27.77313,1639
85.4277,27.773136,1639
85.427704,27.77314,1639
85.427704,27.773148,1639
85.42771,27.773157,1639
85.42772,27.773167,1639
85.42773,27.77318,1639
85.427734,27.773193,1639
85.42774,27.773205,1639
85.42776,27.773214,1639
85.42777,27.773226,1639
85.42778,27.773235,1641
85.427795,27.773243,1641
85.4278,27.77325,1642
85.42782,27.77326,1642
85.427826,27.77327,1642
85.42783,27.773277,1642
85.42784,27.773287,1642
85.42785,27.773296,1642
85.42786,27.773304,1643
85.427864,27.773314,1643
85.42787,27.773323,1643
85.42788,27.773333,1643
85.427895,27.773342,1644
85.4279,27.773352,1644
85.42791,27.773361,1645
85.42792,27.773373,1645
85.427925,27.773382,1645
85.42794,27.773392,1645
85.42795,27.773401,1646
85.427956,27.77341,1646
85.42796,27.77342,1646
85.42797,27.77343,1646
85.42798,27.77344,1647
85.427986,27.773445,1647
85.42799,27.773453,1647
85.42799,27.773462,1647
85.428,27.773472,1648
85.428,27.77348,1648
85.428,27.773489,1648
85.42801,27.773499,1648
85.42802,27.773508,1648
85.428024,27.77352,1649
85.42803,27.773531,1649
85.42804,27.77354,1649
85.42804,27.773548,1649
85.42805,27.773558,1650
85.428055,27.773565,1650
85.42806,27.773573,1650
85.42807,27.77358,1650
85.42808,27.773586,1651
85.428085,27.773592,1651
85.428085,27.773596,1651
85.428085,27.773603,1651
85.428085,27.773611,1651
85.428085,27.773619,1651
85.428085,27.773626,1652
85.428085,27.773632,1652
85.42809,27.773638,1652
85.42809,27.773647,1652
85.42809,27.773655,1652
85.42809,27.773663,1652
85.4281,27.773668,1653
85.4281,27.773674,1653
85.4281,27.77368,1653
85.4281,27.773687,1653
85.42811,27.773697,1653
85.428116,27.773705,1654
85.428116,27.773712,1654
85.42812,27.773718,1654
85.42812,27.773724,1654
85.42813,27.773737,1654
85.42814,27.773739,1655
85.42814,27.77374,1655
85.42814,27.773743,1655
85.42814,27.773746,1655
85.42814,27.773748,1655
85.42815,27.773752,1655
85.42815,27.773754,1655
85.42815,27.773758,1655
85.428154,27.77376,1656
85.428154,27.773762,1656
85.42816,27.773766,1656
85.42817,27.773767,1656
85.42817,27.773771,1656
85.42818,27.773773,1656
85.428185,27.773775,1657
85.428185,27.773777,1657
85.42819,27.773779,1657
85.4282,27.773783,1657
85.4282,27.773787,1657
85.42821,27.77379,1657
85.428215,27.773794,1657
85.428215,27.773798,1657
85.42822,27.773802,1657
85.42822,27.773804,1658
85.42822,27.773808,1658
85.42823,27.77381,1658
85.42823,27.773811,1658
85.42823,27.773813,1658
85.42824,27.773817,1658
85.42824,27.773819,1659
85.42824,27.773823,1659
85.428246,27.773825,1659
85.428246,27.773827,1660
85.42825,27.77383,1660
85.42826,27.77384,1660
85.42826,27.773846,1660
85.42827,27.77385,1660
85.428276,27.773851,1661
85.428276,27.773853,1661
85.42828,27.773855,1661
85.42828,27.773857,1661
85.42829,27.773863,1661
85.42829,27.773867,1662
85.4283,27.77387,1662
85.4283,27.773874,1662
85.42831,27.773876,1663
85.42831,27.77388,1663
85.428314,27.773882,1663
85.428314,27.773886,1663
85.42832,27.773888,1663
85.42832,27.773891,1663
85.42832,27.773893,1663
85.42833,27.773895,1663
85.42833,27.773897,1663
85.42834,27.7739,1664
85.42834,27.773901,1664
85.428345,27.773905,1664
85.428345,27.773907,1664
85.428345,27.77391,1664
85.42835,27.773914,1664
85.42835,27.773916,1664
85.42836,27.77392,1664
85.42836,27.773924,1664
85.42836,27.773926,1664
85.42836,27.773928,1665
85.42837,27.773932,1665
85.42837,27.773935,1665
85.42837,27.773937,1665
85.428375,27.77394,1665
85.428375,27.773941,1665
85.428375,27.773943,1665
85.42838,27.773947,1665
85.42838,27.773949,1665
85.42839,27.77395,1665
85.42839,27.773952,1666
85.4284,27.773956,1666
85.4284,27.773958,1666
85.428406,27.773964,1666
85.428406,27.773968,1666
85.42841,27.77397,1666
85.42841,27.773973,1666
85.42843,27.773981,1666
85.42844,27.773981,1666
85.42844,27.773983,1667
85.428444,27.773983,1667
85.42845,27.773989,1667
85.42845,27.773996,1667
85.42846,27.774002,1667
85.42846,27.774004,1668
85.42847,27.774008,1668
85.42847,27.77401,1668
85.428474,27.77401,1668
85.428474,27.774012,1669
85.42849,27.774015,1669
85.42849,27.774014,1669
85.4285,27.774012,1669
85.428505,27.77401,1670
85.428505,27.774012,1670
85.42851,27.774014,1670
85.42852,27.774017,1671
85.42853,27.774015,1671
85.428535,27.774015,1671
85.42854,27.774015,1671
85.42855,27.774017,1672
85.428566,27.774021,1672
85.428566,27.774023,1672
85.428566,27.774025,1672
85.42857,27.774029,1673
85.42857,27.774033,1673
85.42858,27.774036,1673
85.42859,27.774038,1673
85.42859,27.77404,1673
85.428604,27.774048,1673
85.42861,27.774048,1674
85.42862,27.774048,1674
85.42863,27.774048,1674
85.428635,27.774048,1675
85.428635,27.774052,1675
85.428635,27.774055,1675
85.42864,27.77406,1675
85.42865,27.774063,1675
85.42866,27.774069,1675
85.428665,27.774073,1675
85.42867,27.774076,1676
85.42867,27.774078,1676
85.42868,27.77408,1676
85.42869,27.774082,1676
85.42869,27.774084,1676
85.428696,27.774086,1676
85.428696,27.77409,1676
85.4287,27.77409,1676
85.4287,27.774092,1676
85.42871,27.77409,1676
85.42871,27.77408,1676
85.42871,27.774078,1676
85.42871,27.774076,1676
85.42871,27.774075,1676
85.42871,27.774063,1676
85.42871,27.77406,1676
85.42871,27.774054,1676
85.4287,27.774054,1676
85.4287,27.774052,1676
85.4287,27.77405,1676
85.428696,27.774044,1676
85.428696,27.774029,1676
85.4287,27.774029,1676
85.42871,27.774027,1676
85.42872,27.774027,1676
85.42873,27.774025,1676
85.428734,27.774023,1676
85.42875,27.774021,1676
85.42876,27.774021,1676
85.428764,27.77402,1676
85.42879,27.774021,1676
85.428795,27.774021,1676
85.428795,27.774023,1676
85.428795,27.774025,1676
85.4288,27.774027,1676
85.4288,27.774029,1676
85.42882,27.774036,1676
85.42882,27.77404,1676
85.42882,27.774042,1676
85.42882,27.774046,1676
85.42882,27.774054,1676
85.42882,27.774063,1676
85.428825,27.774073,1676
85.428825,27.774084,1676
85.428825,27.774097,1676
85.42883,27.774109,1676
85.42883,27.774122,1676
85.42884,27.774134,1676
85.42884,27.774147,1676
85.42884,27.774157,1676
85.42884,27.774168,1676
85.42885,27.774178,1676
85.42885,27.774187,1676
85.42885,27.774197,1676
85.42885,27.774206,1676
85.428856,27.774214,1676
85.428856,27.774221,1676
85.42886,27.774227,1676
85.42886,27.774233,1676
85.42887,27.774237,1676
85.42887,27.77425,1676
85.42886,27.774252,1676
85.42886,27.774254,1676
85.428856,27.774256,1676
85.42884,27.774258,1676
85.42883,27.774261,1676
85.42881,27.7743,1676
85.4288,27.774302,1676
85.4288,27.774305,1676
85.4288,27.774313,1676
85.428795,27.774319,1676
85.428795,27.774326,1676
85.42879,27.774336,1676
85.42879,27.774343,1676
85.42878,27.77435,1676
85.42878,27.774357,1676
85.42877,27.774363,1676
85.42877,27.77437,1687
85.428764,27.774374,1687
85.428764,27.774382,1687
85.42876,27.774387,1687
85.42876,27.774393,1687
85.42875,27.774399,1687
85.42875,27.774406,1687
85.42875,27.774412,1687
85.42874,27.774418,1687
85.42874,27.774424,1687
85.42874,27.774431,1688
85.42874,27.774437,1688
85.42874,27.774443,1688
85.428734,27.774448,1688
85.428734,27.774454,1688
85.428734,27.774462,1688
85.428734,27.774467,1688
85.428734,27.774475,1688
85.428734,27.774483,1688
85.42874,27.77449,1689
85.42874,27.774498,1689
85.42874,27.774506,1689
85.42874,27.774513,1689
85.42874,27.77452,1689
85.42875,27.774529,1689
85.42875,27.774534,1689
85.42875,27.77454,1689
85.42875,27.774544,1689
85.42875,27.77455,1689
85.42875,27.774555,1689
85.42876,27.77456,1689
85.42876,27.774565,1689
85.42876,27.77457,1690
85.428764,27.774572,1690
85.428764,27.774574,1690
85.428764,27.774576,1690
85.42877,27.774584,1690
85.42878,27.774584,1690
85.42878,27.774586,1690
85.42878,27.77459,1690
85.42879,27.774591,1690
85.428795,27.774593,1690
85.428795,27.774597,1690
85.4288,27.7746,1691
85.42881,27.774601,1691
85.42882,27.774605,1691
85.428825,27.774607,1691
85.42883,27.774612,1691
85.42884,27.774616,1691
85.42885,27.77462,1691
85.42885,27.774624,1692
85.428856,27.77463,1692
85.42886,27.774635,1692
85.42887,27.774643,1692
85.42887,27.774649,1692
85.42888,27.774654,1692
85.42888,27.77466,1693
85.42888,27.774664,1693
85.42888,27.774677,1693
85.42888,27.77468,1693
85.42888,27.774683,1693
85.42888,27.774685,1693
85.42888,27.774687,1693
85.42888,27.774696,1693
85.42889,27.774706,1693
85.428894,27.774706,1693
85.4289,27.774706,1693
85.42891,27.774708,1693
85.42891,27.774714,1693
85.42892,27.774721,1693
85.42892,27.77473,1696
85.42892,27.77474,1696
85.428925,27.774754,1696
85.428925,27.774765,1696
85.428925,27.774776,1696
85.42893,27.774788,1696
85.42893,27.774801,1696
85.42893,27.774813,1697
85.42893,27.77482,1697
85.42893,27.77483,1697
85.42893,27.774837,1697
85.42893,27.774847,1697
85.42893,27.774853,1697
85.42893,27.77486,1697
85.42893,27.774866,1697
85.42893,27.774872,1698
85.42893,27.774878,1698
85.42893,27.774881,1698
85.42893,27.774887,1698
85.42894,27.774893,1698
85.42894,27.774899,1698
85.42894,27.774904,1698
85.42894,27.77491,1698
85.42894,27.774916,1699
85.42894,27.774921,1699
85.42894,27.774927,1699
85.42894,27.774935,1699
85.42895,27.77494,1699
85.42895,27.774946,1699
85.42895,27.77495,1700
85.428955,27.774954,1700
85.428955,27.774958,1700
85.428955,27.774963,1700
85.428955,27.774967,1700
85.42896,27.774973,1700
85.42896,27.774977,1701
85.42896,27.77498,1701
85.42897,27.77499,1701
85.42898,27.774992,1701
85.42898,27.774994,1701
85.42898,27.774996,1702
85.42898,27.775005,1702
85.428986,27.775007,1702
85.428986,27.77501,1702
85.428986,27.775011,1702
85.429,27.775017,1703
85.42901,27.775023,1703
85.42901,27.775024,1703
85.42901,27.775028,1704
85.429,27.775034,1704
85.429,27.77504,1704
85.429,27.775045,1704
85.42901,27.775053,1704
85.42901,27.77506,1704
85.42901,27.775066,1704
85.429016,27.775074,1704
85.429016,27.775082,1704
85.429016,27.775087,1704
85.429016,27.775095,1704
85.42902,27.7751,1705
85.42902,27.775106,1705
85.42903,27.77511,1705
85.42903,27.775116,1705
85.42903,27.77512,1705
85.42903,27.775127,1705
85.42904,27.775133,1705
85.42904,27.77514,1706
85.42904,27.775146,1706
85.42904,27.775154,1706
85.42905,27.77516,1706
85.42905,27.775166,1706
85.429054,27.775173,1706
85.429054,27.775179,1707
85.42906,27.775187,1707
85.42906,27.775192,1707
85.42907,27.775198,1707
85.42907,27.775204,1707
85.42908,27.775208,1707
85.42908,27.775213,1707
85.429085,27.775219,1707
85.429085,27.77522,1707
85.42909,27.775227,1707
85.4291,27.77523,1707
85.4291,27.775232,1707
85.42911,27.775234,1708
85.42911,27.775236,1708
85.429115,27.775238,1708
85.42912,27.775238,1708
85.42912,27.77524,1708
85.42913,27.775242,1708
85.42913,27.775246,1708
85.42913,27.775248,1709
85.42914,27.77525,1709
85.429146,27.775251,1709
85.429146,27.775253,1709
85.42915,27.775255,1709
85.42916,27.775257,1709
85.42917,27.775259,1710
85.42918,27.77526,1710
85.429184,27.775263,1710
85.42919,27.775265,1710
85.42919,27.775267,1710
85.4292,27.775269,1711
85.42921,27.77527,1711
85.42921,27.775274,1711
85.429214,27.775276,1711
85.42922,27.775278,1711
85.42922,27.775282,1711
85.42923,27.775286,1711
85.42924,27.775288,1712
85.429245,27.77529,1712
85.429245,27.775293,1712
85.42925,27.775295,1712
85.42926,27.775297,1712
85.42926,27.775301,1712
85.42927,27.775305,1712
85.42927,27.775307,1712
85.429276,27.77531,1712
85.429276,27.775314,1712
85.429276,27.775318,1713
85.42928,27.775322,1713
85.42928,27.775328,1713
85.42928,27.775331,1713
85.42928,27.775335,1713
85.42929,27.775341,1713
85.42929,27.775347,1713
85.42929,27.775352,1714
85.4293,27.775356,1714
85.4293,27.775364,1714
85.4293,27.77537,1714
85.4293,27.775375,1714
85.4293,27.775381,1714
85.4293,27.775387,1714
85.4293,27.775393,1714
85.4293,27.775398,1714
85.42929,27.775404,1715
85.42929,27.77541,1715
85.42929,27.775415,1715
85.42929,27.775423,1715
85.42929,27.775429,1715
85.42929,27.775436,1715
85.42929,27.775444,1715
85.4293,27.77545,1715
85.4293,27.775457,1715
85.4293,27.775463,1715
85.4293,27.77547,1716
85.4293,27.775476,1716
85.4293,27.775484,1716
85.4293,27.775492,1716
85.429306,27.7755,1716
85.429306,27.775507,1716
85.429306,27.775515,1716
85.429306,27.775522,1716
85.429306,27.77553,1717
85.4293,27.775536,1717
85.4293,27.775543,1717
85.4293,27.77555,1717
85.429306,27.77556,1717
85.4293,27.775568,1717
85.4293,27.775576,1717
85.4293,27.775585,1717
85.42929,27.775593,1717
85.42929,27.775602,1717
85.42929,27.77561,1718
85.42928,27.775618,1718
85.42928,27.775625,1718
85.429276,27.77563,1718
85.42927,27.775637,1718
85.42927,27.775642,1718
85.42926,27.77565,1718
85.42926,27.775656,1718
85.42925,27.775663,1718
85.42925,27.775671,1718
85.42925,27.775679,1718
85.42925,27.775688,1718
85.42926,27.775743,1718
85.42925,27.775745,1718
85.42925,27.775751,1718
85.42925,27.775757,1718
85.429245,27.775764,1718
85.429245,27.775774,1718
85.42924,27.775782,1718
85.42924,27.775791,1718
85.42923,27.775799,1718
85.42924,27.775805,1719
85.42924,27.775812,1719
85.42924,27.77582,1719
85.429245,27.775824,1719
85.429245,27.77583,1719
85.42925,27.775837,1719
85.42926,27.775843,1719
85.42927,27.77585,1719
85.429276,27.775858,1719
85.42928,27.775864,1720
85.42929,27.77587,1720
85.4293,27.775875,1720
85.429306,27.775879,1720
85.42931,27.775885,1720
85.42933,27.775888,1720
85.42934,27.775892,1720
85.429344,27.775896,1720
85.42935,27.7759,1721
85.42936,27.775904,1721
85.42937,27.775908,1721
85.429375,27.775911,1721
85.42938,27.775913,1721
85.42938,27.775919,1721
85.42939,27.775923,1721
85.4294,27.775928,1721
85.429405,27.775934,1722
85.42941,27.77594,1722
85.42942,27.775948,1722
85.42942,27.775953,1722
85.42943,27.77596,1722
85.429436,27.775969,1723
85.42944,27.775974,1723
85.42945,27.775982,1723
85.42946,27.775988,1723
85.42947,27.775993,1723
85.429474,27.775997,1723
85.42948,27.776003,1723
85.42948,27.776007,1724
85.42949,27.776009,1724
85.4295,27.77601,1724
85.429504,27.77601,1724
85.429504,27.776012,1724
85.42951,27.776014,1724
85.42952,27.776016,1724
85.42953,27.77602,1724
85.42953,27.776022,1724
85.429535,27.776024,1724
85.42954,27.776028,1725
85.42955,27.77603,1725
85.42956,27.77603,1725
85.429565,27.776031,1725
85.42957,27.776033,1725
85.42958,27.776033,1725
85.42959,27.776033,1725
85.429596,27.776035,1725
85.4296,27.776037,1725
85.42961,27.776037,1725
85.42962,27.77604,1725
85.42962,27.776041,1726
85.42963,27.776045,1726
85.429634,27.776049,1726
85.42964,27.776052,1726
85.42965,27.776054,1726
85.42966,27.776058,1726
85.429665,27.77606,1726
85.429665,27.776066,1726
85.42967,27.77607,1726
85.42968,27.776075,1727
85.42968,27.77608,1727
85.42969,27.776083,1727
85.42969,27.776087,1727
85.429695,27.776093,1727
85.429695,27.776096,1727
85.4297,27.7761,1727
85.42971,27.776104,1728
85.42971,27.776108,1728
85.42972,27.776114,1728
85.42972,27.776117,1728
85.42972,27.776123,1728
85.42972,27.776127,1728
85.42972,27.77613,1728
85.429726,27.776133,1728
85.429726,27.776136,1728
85.429726,27.77614,1729
85.42973,27.776142,1729
85.42973,27.776148,1729
85.42974,27.776154,1729
85.42974,27.77616,1729
85.42975,27.776163,1729
85.42975,27.776167,1729
85.429756,27.776169,1729
85.42976,27.77617,1729
85.42977,27.776173,1729
85.42978,27.776175,1729
85.42979,27.776175,1729
85.429794,27.776175,1729
85.4298,27.776175,1729
85.42981,27.776175,1730
85.42982,27.776176,1730
85.429825,27.776176,1730
85.42985,27.776182,1730
85.42985,27.776184,1730
85.429855,27.776184,1731
85.429855,27.776186,1731
85.429855,27.776188,1731
85.42986,27.77619,1731
85.42987,27.776197,1731
85.42987,27.7762,1732
85.42988,27.776201,1732
85.42988,27.776205,1732
85.42988,27.776209,1732
85.42988,27.776213,1732
85.429886,27.776217,1732
85.429886,27.77622,1732
85.429886,27.776224,1732
85.42989,27.776228,1733
85.42989,27.77623,1733
85.42989,27.776234,1733
85.4299,27.776234,1733
85.42991,27.77624,1733
85.42991,27.776237,1733
85.42991,27.77624,1733
85.42992,27.776241,1734
85.42992,27.776243,1734
85.42992,27.776245,1734
85.42992,27.776247,1734
85.429924,27.776249,1734
85.429924,27.77625,1734
85.42993,27.77625,1735
85.42994,27.776249,1735
85.42995,27.776249,1735
85.429955,27.776249,1735
85.429955,27.77625,1735
85.42996,27.776255,1736
85.42996,27.776257,1736
85.42997,27.77626,1736
85.42997,27.776262,1736
85.42998,27.776266,1736
85.42998,27.776268,1736
85.429985,27.776272,1736
85.42999,27.776272,1737
85.43,27.776274,1737
85.43001,27.776274,1737
85.430016,27.776274,1737
85.43002,27.776274,1737
85.43003,27.776276,1737
85.43004,27.776278,1737
85.430046,27.77628,1737
85.430046,27.776281,1738
85.43005,27.776285,1738
85.43006,27.776287,1738
85.43006,27.77629,1738
85.43007,27.77629,1738
85.43007,27.776295,1738
85.43008,27.776297,1738
85.430084,27.7763,1738
85.430084,27.776304,1738
85.43009,27.776306,1738
85.43015,27.776339,1739
85.43015,27.77634,1739
85.43016,27.776344,1739
85.43017,27.776348,1739
85.43017,27.77635,1739
85.430176,27.776352,1739
85.43018,27.776356,1739
85.43019,27.776361,1739
85.43019,27.776365,1739
85.4302,27.776371,1739
85.4302,27.776377,1740
85.43021,27.77638,1740
85.430214,27.776386,1740
85.430214,27.776394,1740
85.43022,27.7764,1740
85.43022,27.776407,1740
85.43022,27.776415,1740
85.43023,27.776424,1740
85.43023,27.776432,1740
85.43023,27.776442,1740
85.43023,27.77645,1740
85.43023,27.776459,1740
85.43023,27.776466,1740
85.43023,27.776476,1740
85.43023,27.776485,1740
85.43024,27.776497,1740
85.43023,27.776506,1741
85.43023,27.776518,1741
85.43023,27.77653,1741
85.43023,27.77654,1741
85.43023,27.776552,1741
85.43023,27.776562,1741
85.43022,27.776573,1741
85.43022,27.776585,1741
85.43022,27.776596,1741
85.430214,27.776606,1741
85.430214,27.776663,1741
85.430214,27.776667,1742
85.430214,27.77667,1742
85.43022,27.776676,1742
85.43022,27.776682,1742
85.43023,27.776688,1742
85.43024,27.776701,1742
85.43024,27.776707,1742
85.430244,27.776707,1742
85.430244,27.776709,1742
85.430244,27.776712,1742
85.430244,27.776716,1743
85.430244,27.77672,1743
85.430244,27.776726,1743
85.430244,27.77673,1743
85.430244,27.776735,1743
85.430244,27.776741,1744
85.43025,27.776745,1744
85.43025,27.776749,1744
85.43025,27.77675,1744
85.43026,27.776752,1744
85.43026,27.776754,1744
85.43027,27.776758,1744
85.43027,27.776762,1744
85.43027,27.776766,1745
85.430275,27.77677,1745
85.430275,27.776775,1745
85.43028,27.77678,1745
85.43029,27.776785,1745
85.43029,27.77679,1745
85.4303,27.776796,1745
85.4303,27.776802,1745
85.430305,27.77681,1745
85.430305,27.776815,1746
85.430305,27.776823,1746
85.430305,27.776829,1746
85.430305,27.776836,1746
85.430305,27.776844,1746
85.430305,27.776854,1746
85.430305,27.776861,1746
85.430305,27.776867,1746
85.430305,27.776875,1746
85.430305,27.77688,1746
85.430305,27.776888,1746
85.43031,27.776894,1746
85.43031,27.776901,1746
85.430305,27.776905,1746
85.430305,27.77691,1746
85.430305,27.776915,1746
85.430305,27.77692,1746
85.430305,27.776926,1747
85.430305,27.776932,1747
85.43031,27.776937,1747
85.43031,27.776945,1747
85.43031,27.776949,1747
85.43032,27.776957,1747
85.43032,27.776962,1747
85.43033,27.776966,1747
85.430336,27.776972,1747
85.430336,27.776976,1747
85.43034,27.77698,1748
85.43034,27.776983,1748
85.43035,27.776987,1748
85.43035,27.77699,1748
85.43036,27.776995,1748
85.43036,27.776999,1748
85.43037,27.777004,1748
85.43037,27.777008,1748
85.430374,27.777014,1748
85.430374,27.77702,1748
85.430374,27.777023,1749
85.430374,27.777027,1749
85.430374,27.77704,1749
85.430374,27.777042,1749
85.43038,27.777044,1749
85.43038,27.777046,1749
85.43038,27.777048,1750
85.43039,27.77705,1750
85.43039,27.777054,1750
85.43039,27.777058,1750
85.43039,27.777061,1750
85.43039,27.777063,1750
85.43039,27.77707,1751
85.4304,27.777073,1751
85.4304,27.777077,1751
85.4304,27.77708,1751
85.4304,27.777084,1751
85.4304,27.777088,1752
85.4304,27.777092,1752
85.4304,27.777098,1752
85.4304,27.777102,1752
85.4304,27.777105,1752
85.4304,27.77711,1752
85.4304,27.777113,1753
85.4304,27.777115,1753
85.430405,27.777119,1753
85.430405,27.77712,1753
85.430405,27.777124,1753
85.430405,27.777126,1754
85.43041,27.777132,1754
85.43041,27.777136,1754
85.43041,27.777142,1754
85.43041,27.777145,1754
85.43041,27.777151,1754
85.43042,27.777157,1754
85.43042,27.777163,1755
85.43042,27.777166,1755
85.43042,27.77717,1755
85.43042,27.777174,1755
85.43043,27.77718,1755
85.43043,27.777184,1755
85.43043,27.77719,1756
85.430435,27.777193,1756
85.430435,27.7772,1756
85.430435,27.777206,1756
85.43044,27.777212,1756
85.43044,27.777218,1756
85.43044,27.777224,1756
85.43044,27.77723,1756
85.43045,27.777237,1756
85.43044,27.777245,1756
85.43044,27.777252,1756
85.43044,27.77726,1756
85.43044,27.777267,1756
85.43044,27.777277,1756
85.430435,27.777287,1756
85.430435,27.777294,1756
85.430435,27.777304,1756
85.430435,27.777313,1756
85.430435,27.777323,1756
85.43043,27.77733,1756
85.43043,27.777338,1756
85.43043,27.777348,1756
85.43043,27.777355,1756
85.43043,27.777365,1756
85.43043,27.777374,1756
85.43043,27.777384,1756
85.43043,27.777391,1756
85.43043,27.777397,1756
85.430435,27.777407,1756
85.430435,27.777414,1756
85.430435,27.777422,1756
85.43044,27.777428,1756
85.43044,27.777435,1756
85.43044,27.777443,1756
85.43044,27.77745,1756
85.43044,27.77746,1756
85.43045,27.77747,1756
85.43045,27.77748,1756
85.43046,27.777489,1756
85.43046,27.777498,1756
85.43046,27.77751,1756
85.430466,27.777517,1756
85.430466,27.777525,1756
85.43047,27.777534,1756
85.43048,27.777544,1756
85.43048,27.777552,1756
85.43049,27.77756,1756
85.43049,27.777567,1756
85.4305,27.777576,1756
85.430504,27.777584,1756
85.430504,27.777594,1756
85.430504,27.777603,1756
85.430504,27.777613,1756
85.430504,27.77762,1756
85.43051,27.77763,1756
85.43051,27.777637,1756
85.43051,27.777645,1756
85.430504,27.777655,1755
85.430504,27.777664,1755
85.430504,27.777674,1755
85.430504,27.777683,1755
85.4305,27.77769,1755
85.4305,27.777699,1755
85.4305,27.777708,1755
85.4305,27.777718,1754
85.430504,27.777727,1754
85.430504,27.777735,1754
85.430504,27.777746,1754
85.43051,27.777754,1754
85.43052,27.777761,1754
85.43053,27.77777,1754
85.43053,27.777775,1754
85.430534,27.777779,1754
85.43054,27.777784,1754
85.43054,27.777788,1754
85.43055,27.777794,1754
85.43055,27.777798,1754
85.43056,27.777803,1754
85.430565,27.77781,1754
85.43057,27.777813,1754
85.43058,27.777819,1754
85.43058,27.777822,1754
85.43059,27.777824,1754
85.430595,27.777826,1755
85.430595,27.777828,1755
85.4306,27.777828,1755
85.43061,27.77783,1755
85.43062,27.777832,1756
85.430626,27.777834,1756
85.430626,27.777836,1756
85.430626,27.77784,1756
85.430626,27.777843,1756
85.43063,27.777845,1756
85.43063,27.777847,1757
85.43065,27.777853,1757
85.43066,27.77785,1757
85.43066,27.777847,1757
85.430664,27.77785,1757
85.430664,27.777851,1758
85.430664,27.777853,1758
85.430664,27.777855,1758
85.430664,27.777859,1758
85.43067,27.777863,1759
85.43067,27.777866,1759
85.43068,27.77787,1759
85.43068,27.777874,1759
85.43069,27.777878,1759
85.43069,27.777882,1759
85.430695,27.777887,1759
85.430695,27.777891,1759
85.4307,27.777897,1759
85.43071,27.777903,1759
85.43071,27.777906,1759
85.43072,27.77791,1759
85.43072,27.777916,1759
85.430725,27.77792,1760
85.43073,27.777924,1760
85.43073,27.77793,1760
85.43074,27.777933,1760
85.43074,27.777939,1760
85.43075,27.77794,1760
85.430756,27.777943,1760
85.43076,27.777945,1760
85.43076,27.777948,1760
85.43077,27.777952,1761
85.43078,27.777954,1761
85.43078,27.777958,1761
85.43078,27.77796,1761
85.430786,27.777964,1761
85.430786,27.777967,1761
85.43079,27.777971,1761
85.4308,27.777987,1761
85.4308,27.777988,1762
85.43081,27.77799,1762
85.43081,27.777992,1762
85.43082,27.777994,1762
85.43082,27.777996,1762
85.430824,27.777998,1762
85.43083,27.778,1762
85.43084,27.778004,1762
85.43084,27.778006,1762
85.43085,27.778008,1764
85.43085,27.77801,1764
85.430855,27.778011,1764
85.430855,27.778013,1764
85.43086,27.778019,1764
85.43086,27.778025,1765
85.43087,27.77803,1765
85.43087,27.778036,1765
85.43088,27.778042,1765
85.430885,27.778048,1765
85.43089,27.778053,1765
85.4309,27.778059,1765
85.4309,27.778063,1765
85.43091,27.778067,1765
85.430916,27.778067,1765
85.43093,27.778076,1765
85.43093,27.778078,1765
85.43094,27.778082,1765
85.43094,27.778088,1765
85.43095,27.778095,1765
85.430954,27.778103,1766
85.43096,27.778109,1766
85.43098,27.778118,1767
85.430984,27.778126,1767
85.43099,27.778133,1767
85.431015,27.778145,1767
85.43102,27.778145,1768
85.43103,27.778145,1768
85.43104,27.778145,1769
85.431046,27.778147,1769
85.43105,27.778149,1769
85.43105,27.77815,1769
85.43106,27.778154,1769
85.43107,27.778158,1769
85.43107,27.778164,1769
85.43107,27.77817,1769
85.43107,27.778173,1769
85.43106,27.778185,1769
85.43107,27.778189,1769
85.431076,27.778189,1769
85.43109,27.778193,1769
85.43109,27.778194,1769
85.43109,27.778198,1769
85.4311,27.778202,1769
85.4311,27.778206,1769
85.43111,27.77821,1769
85.431114,27.778215,1769
85.43112,27.778221,1769
85.43113,27.778227,1769
85.43114,27.778233,1769
85.431145,27.77824,1769
85.43115,27.778246,1769
85.43115,27.778252,1769
85.43116,27.77826,1769
85.43117,27.778265,1769
85.43117,27.77827,1769
85.43117,27.778276,1769
85.431175,27.77828,1769
85.431175,27.778286,1769
85.431175,27.77829,1769
85.431175,27.778296,1769
85.43117,27.778301,1769
85.43117,27.778307,1769
85.43117,27.77831,1769
85.43117,27.778316,1769
85.43116,27.778324,1769
85.43116,27.77833,1769
85.43116,27.778336,1769
85.43116,27.778341,1769
85.43116,27.778347,1769
85.43116,27.778353,1769
85.43116,27.778358,1769
85.43115,27.778362,1769
85.43115,27.778366,1769
85.431145,27.778368,1769
85.431145,27.778372,1769
85.43114,27.778376,1769
85.43114,27.77838,1769
85.43113,27.778385,1769
85.43113,27.778389,1769
85.43112,27.778395,1769
85.43112,27.778399,1769
85.431114,27.778402,1769
85.431114,27.778404,1769
85.43111,27.778406,1769
85.43111,27.778408,1769
85.4311,27.77841,1769
85.4311,27.778412,1769
85.43109,27.778414,1769
85.43108,27.778416,1769
85.431076,27.77842,1769
85.431076,27.778421,1769
85.43107,27.778423,1769
85.43106,27.778425,1776
85.43105,27.778427,1776
85.431046,27.778429,1776
85.431046,27.77843,1776
85.43104,27.77843,1776
85.43102,27.778433,1776
85.43102,27.778437,1777
85.431015,27.778439,1777
85.43101,27.778442,1777
85.431,27.778444,1777
85.43099,27.778446,1777
85.430984,27.778446,1778
85.43098,27.778448,1778
85.43097,27.77845,1778
85.43096,27.778454,1778
85.430954,27.778456,1778
85.430954,27.778458,1779
85.43095,27.77846,1779
85.43094,27.778461,1779
85.43093,27.778463,1779
85.43092,27.778465,1779
85.43092,27.778467,1779
85.430916,27.77847,1780
85.43091,27.778471,1780
85.43091,27.778473,1780
85.4309,27.778475,1780
85.43089,27.778475,1780
85.430885,27.778477,1780
85.430885,27.778479,1780
85.43088,27.77848,1780
85.43087,27.77848,1781
85.43087,27.778482,1781
85.430855,27.778482,1781
85.43085,27.778486,1781
85.43084,27.77849,1781
85.43084,27.778494,1781
85.43083,27.7785,1781
85.430824,27.778505,1781
85.430824,27.778511,1781
85.43082,27.778519,1781
85.43082,27.778522,1781
85.43082,27.778526,1781
85.430824,27.77853,1781
85.430824,27.778534,1781
85.430824,27.778543,1781
85.430824,27.778547,1782
85.43083,27.77855,1782
85.43083,27.778551,1782
85.43084,27.778553,1782
85.43084,27.778555,1783
85.43085,27.778557,1783
85.43085,27.778559,1783
85.430855,27.778559,1784
85.43086,27.77856,1784
85.43087,27.778563,1784
85.43088,27.778564,1784
85.430885,27.778566,1784
85.430885,27.778568,1784
85.43089,27.77857,1784
85.4309,27.778572,1784
85.43091,27.778576,1784
85.43091,27.778578,1785
85.430916,27.778578,1785
85.43092,27.77858,1785
85.43093,27.77858,1785
85.43094,27.778576,1785
85.43095,27.778576,1785
85.43095,27.778578,1786
85.430954,27.778578,1786
85.43096,27.77858,1786
85.43096,27.778582,1786
85.43096,27.778585,1787
85.43096,27.778587,1787
85.43097,27.778591,1788
85.43097,27.778593,1788
85.43097,27.778597,1788
85.43098,27.778605,1788
85.430984,27.778606,1788
85.430984,27.77861,1789
85.43099,27.778614,1789
85.431,27.778618,1789
85.431015,27.778624,1789
85.43102,27.77863,1790
85.43103,27.778633,1790
85.431046,27.778639,1790
85.43105,27.778645,1790
85.43106,27.77865,1790
85.43107,27.778654,1790
85.431076,27.778658,1790
85.43108,27.77866,1791
85.43109,27.778662,1791
85.4311,27.778662,1791
85.43111,27.778664,1791
85.431114,27.778666,1791
85.43112,27.77867,1791
85.43113,27.778671,1791
85.43114,27.778675,1792
85.431145,27.778679,1792
85.43115,27.778683,1792
85.43116,27.778687,1792
85.43117,27.77869,1792
85.43117,27.778694,1792
85.43117,27.778696,1792
85.43117,27.77871,1793
85.43117,27.778711,1793
85.43116,27.778715,1793
85.43116,27.778719,1793
85.43116,27.778725,1793
85.43116,27.778728,1794
85.43116,27.778732,1794
85.43116,27.778736,1794
85.43116,27.778742,1794
85.43116,27.77875,1794
85.43116,27.778755,1795
85.43116,27.77876,1795
85.43115,27.778769,1795
85.43115,27.778776,1795
85.43115,27.778784,1795
85.43116,27.77879,1796
85.43116,27.778797,1796
85.43116,27.778805,1796
85.43116,27.778812,1796
85.43117,27.77882,1796
85.43117,27.778826,1796
85.431175,27.778833,1797
85.431175,27.77884,1797
85.43118,27.778843,1797
85.43119,27.778847,1797
85.4312,27.778847,1797
85.431206,27.778849,1797
85.43121,27.77885,1798
85.43121,27.778852,1798
85.43122,27.778854,1798
85.43121,27.778858,1798
85.43121,27.77886,1798
85.431206,27.77886,1799
85.4312,27.778862,1799
85.43119,27.778864,1800
85.43118,27.778868,1800
85.431175,27.778872,1800
85.43117,27.778875,1800
85.43116,27.778881,1800
85.43115,27.778887,1801
85.431145,27.778893,1801
85.431145,27.7789,1801
85.431145,27.778908,1801
85.431145,27.778915,1801
85.431145,27.77892,1802
85.43115,27.778923,1802
85.43116,27.778927,1802
85.43117,27.778929,1802
85.431175,27.778933,1802
85.43118,27.778936,1802
85.43119,27.778938,1802
85.4312,27.77894,1803
85.4312,27.778942,1803
85.431206,27.778946,1804
85.43121,27.778948,1804
85.43123,27.778954,1804
85.43123,27.778955,1804
85.43124,27.77896,1804
85.431244,27.778965,1805
85.43125,27.778973,1805
85.43126,27.778978,1806
85.43127,27.778984,1806
85.431274,27.778988,1806
85.431274,27.778996,1806
85.43128,27.779003,1806
85.43129,27.779013,1806
85.4313,27.779022,1806
85.431305,27.77903,1806
85.43131,27.779037,1806
85.43131,27.779045,1806
85.43132,27.779049,1806
85.43133,27.779053,1806
85.43133,27.779058,1806
85.431335,27.779066,1807
85.431335,27.779072,1807
85.43134,27.77908,1807
85.43135,27.779087,1807
85.43135,27.779097,1807
85.43136,27.779104,1807
85.431366,27.779114,1807
85.43137,27.779123,1807
85.43137,27.779135,1807
85.43138,27.779144,1807
85.43138,27.779156,1807
85.43139,27.77917,1807
85.43139,27.779184,1807
85.4314,27.7792,1807
85.431404,27.779215,1807
85.43141,27.779228,1807
85.43142,27.77924,1807
85.431435,27.779251,1807
85.43144,27.77926,1807
85.43145,27.77927,1807
85.43146,27.779276,1807
85.43147,27.779282,1807
85.43148,27.779287,1808
85.431496,27.779291,1808
85.43151,27.779295,1808
85.43152,27.779299,1808
85.43153,27.779303,1808
85.43155,27.779306,1808
85.431564,27.779308,1808
85.43158,27.77931,1808
85.43159,27.779312,1808
85.4316,27.779316,1808
85.43162,27.779318,1808
85.43163,27.779322,1808
85.43164,27.779325,1808
85.431656,27.77933,1809
85.43167,27.779335,1809
85.43168,27.77934,1809
85.431694,27.779346,1809
85.43171,27.779352,1809
85.43172,27.77936,1809
85.43173,27.779367,1809
85.43175,27.779375,1809
85.43176,27.779383,1809
85.43178,27.779392,1809
85.43179,27.7794,1809
85.43181,27.77941,1809
85.43182,27.779417,1810
85.43184,27.779427,1810
85.431854,27.779432,1810
85.43187,27.779436,1810
85.431885,27.77944,1810
85.4319,27.779444,1810
85.431915,27.779448,1810
85.43192,27.779451,1810
85.43194,27.779455,1810
85.431946,27.779459,1811
85.43195,27.779465,1811
85.43196,27.779469,1811
85.43196,27.779474,1811
85.43197,27.779482,1811
85.43197,27.77949,1812
85.43197,27.779495,1812
85.43197,27.779503,1812
85.43198,27.77951,1812
85.43198,27.779516,1813
85.43198,27.779524,1813
85.43198,27.77953,1814
85.43198,27.779535,1814
85.43197,27.77954,1814
85.43197,27.779545,1814
85.43196,27.779549,1814
85.43196,27.779552,1814
85.43196,27.779554,1815
85.43195,27.779554,1815
85.43195,27.779556,1815
85.43195,27.779558,1815
85.43195,27.77956,1815
85.43196,27.779564,1815
85.43197,27.779564,1815
85.431984,27.779572,1815
85.431984,27.779575,1815
85.43199,27.779583,1815
85.432,27.77959,1815
85.43201,27.779598,1815
85.432014,27.779608,1817
85.43202,27.779615,1817
85.43203,27.779621,1818
85.43204,27.779627,1818
85.432045,27.779634,1818
85.43205,27.77965,1818
85.43205,27.779654,1818
85.43205,27.77966,1819
85.43205,27.779667,1819
85.432045,27.779676,1819
85.43204,27.779682,1819
85.43203,27.779688,1820
85.43202,27.779694,1820
85.43201,27.7797,1820
85.432,27.779709,1820
85.43199,27.779718,1820
85.431984,27.77973,1821
85.43198,27.779743,1821
85.43198,27.779757,1821
85.43197,27.77977,1821
85.43197,27.779783,1821
85.43197,27.779799,1821
85.43197,27.77981,1822
85.43197,27.779821,1822
85.43198,27.77983,1822
85.43198,27.77984,1822
85.43198,27.77985,1822
85.43198,27.77986,1822
85.431984,27.779871,1823
85.43199,27.779882,1823
85.43199,27.779894,1823
85.432,27.779903,1823
85.432,27.779911,1823
85.43201,27.77992,1823
85.432014,27.779928,1824
85.432014,27.779938,1824
85.43202,27.779947,1825
85.43203,27.779955,1825
85.43204,27.779963,1825
85.43204,27.779968,1825
85.432045,27.779976,1826
85.432045,27.779982,1826
85.43205,27.77999,1826
85.43205,27.779995,1826
85.43205,27.78,1826
85.43205,27.780006,1827
85.43205,27.780012,1827
85.43205,27.780016,1827
85.43205,27.780022,1827
85.43205,27.780027,1827
85.43205,27.780033,1828
85.43205,27.780039,1828
85.43205,27.780043,1828
85.43205,27.780048,1828
85.43205,27.780054,1829
85.43205,27.78006,1829
85.43205,27.780066,1829
85.43205,27.780073,1829
85.43205,27.78008,1829
85.43205,27.780087,1829
85.43205,27.780094,1830
85.43205,27.780102,1830
85.43205,27.78011,1830
85.43206,27.780115,1830
85.43206,27.78012,1830
85.43206,27.780127,1830
85.43207,27.780132,1831
85.43207,27.780138,1831
85.43207,27.780144,1831
85.432076,27.78015,1831
85.432076,27.780157,1832
85.43208,27.780163,1832
85.43208,27.78017,1832
85.43208,27.780174,1832
85.43209,27.78018,1833
85.4321,27.780184,1833
85.4321,27.780188,1833
85.432106,27.78019,1833
85.43211,27.780191,1833
85.43212,27.780193,1833
85.43213,27.780195,1834
85.43214,27.780197,1834
85.432144,27.780197,1834
85.43215,27.780197,1834
85.43216,27.780197,1835
85.43217,27.780197,1835
85.43218,27.780197,1835
85.43219,27.780195,1835
85.4322,27.780193,1835
85.432205,27.780193,1836
85.43221,27.780193,1836
85.43222,27.780193,1836
85.43223,27.780195,1836
85.432236,27.780195,1836
85.43224,27.780195,1837
85.43225,27.780195,1837
85.43226,27.780195,1837
85.43227,27.780193,1837
85.432274,27.780195,1837
85.43228,27.780197,1838
85.43229,27.7802,1838
85.4323,27.780201,1838
85.432304,27.780201,1838
85.43231,27.780201,1838
85.43233,27.7802,1838
85.432335,27.7802,1838
85.43234,27.780197,1838
85.43235,27.780195,1839
85.43236,27.780195,1839
85.432365,27.780193,1839
85.43237,27.780191,1839
85.43238,27.780191,1839
85.43239,27.78019,1839
85.432396,27.780188,1839
85.4324,27.780186,1840
85.4324,27.780184,1840
85.43241,27.780182,1840
85.43242,27.78018,1841
85.43243,27.780178,1841
85.432434,27.780178,1841
85.43244,27.780176,1841
85.43245,27.780178,1841
85.43246,27.780178,1841
85.432465,27.780178,1842
85.43247,27.780178,1842
85.43248,27.780178,1842
85.43249,27.780178,1842
85.432495,27.780178,1842
85.4325,27.780176,1842
85.43251,27.780172,1842
85.43251,27.780169,1842
85.43251,27.780165,1842
85.43251,27.780157,1842
85.43251,27.780153,1842
85.432526,27.780157,1842
85.43253,27.780159,1842
85.43254,27.78016,1842
85.43255,27.78016,1842
85.432556,27.78016,1842
85.43256,27.780159,1842
85.43257,27.780159,1842
85.43258,27.780159,1842
85.43259,27.780159,1844
85.432945,27.779888,1844
85.432945,27.779892,1844
85.432945,27.7799,1844
85.43294,27.779911,1844
85.43294,27.779922,1844
85.43294,27.779934,1844
85.43294,27.779947,1844
85.43294,27.779957,1844
85.43294,27.779968,1844
85.43293,27.779978,1844
85.43293,27.779984,1844
85.43293,27.77999,1844
85.43293,27.779993,1844
85.43294,27.779997,1844
85.43294,27.779999,1844
85.432945,27.780003,1844
85.43294,27.780012,1844
85.43293,27.780024,1844
85.43293,27.780025,1844
85.43293,27.780031,1844
85.43293,27.780039,1844
85.43293,27.780046,1844
85.43293,27.780054,1844
85.43293,27.780064,1844
85.43293,27.780073,1844
85.43293,27.78008,1844
85.43293,27.780094,1844
85.43293,27.780104,1844
85.43293,27.780115,1844
85.43293,27.780127,1844
85.43293,27.780136,1844
85.43293,27.780144,1844
85.43293,27.780153,1844
85.43293,27.78016,1844
85.43293,27.78017,1844
85.43293,27.78018,1844
85.43293,27.780188,1844
85.43293,27.780191,1844
85.43294,27.780195,1844
85.43294,27.780197,1844
85.432945,27.780201,1844
85.432945,27.780205,1844
85.432945,27.780207,1844
85.43295,27.78021,1844
85.43295,27.780214,1844
85.43295,27.780216,1844
85.43295,27.780218,1844
85.43295,27.780226,1844
85.43296,27.78023,1844
85.43296,27.780235,1844
85.43297,27.780245,1844
85.43297,27.780254,1844
85.432976,27.780266,1844
85.43298,27.780275,1844
85.43299,27.780285,1844
85.433,27.780293,1844
85.43301,27.7803,1844
85.433014,27.780317,1844
85.43301,27.780317,1844
85.433,27.780323,1844
85.43299,27.780327,1844
85.43298,27.780333,1844
85.43298,27.78034,1844
85.43299,27.78034,1844
85.43299,27.780342,1844
85.433,27.780344,1844
85.433,27.780346,1844
85.433,27.780354,1844
85.43301,27.780361,1844
85.433014,27.780373,1854
85.43302,27.780384,1854
85.43303,27.780397,1854
85.43304,27.780409,1855
85.43305,27.780418,1855
85.43307,27.780428,1856
85.43308,27.780434,1856
85.4331,27.780441,1856
85.433105,27.780449,1856
85.43312,27.780457,1857
85.433136,27.780462,1858
85.43315,27.780468,1858
85.43316,27.780474,1859
85.433174,27.78048,1859
85.43318,27.780485,1860
85.43319,27.78049,1860
85.4332,27.780497,1861
85.4332,27.7805,1861
85.433205,27.780502,1861
85.43321,27.780506,1861
85.43322,27.78051,1862
85.43323,27.780516,1862
85.43323,27.78052,1862
85.433235,27.780523,1862
85.43324,27.780525,1863
85.43325,27.780529,1863
85.433266,27.780539,1863
85.433266,27.780542,1864
85.43327,27.780544,1864
85.43328,27.780542,1864
85.43329,27.780542,1865
85.43329,27.78054,1865
85.4333,27.780539,1865
85.4333,27.780537,1865
85.4333,27.780533,1865
85.433304,27.780529,1865
85.43331,27.780529,1866
85.43332,27.780527,1866
85.43333,27.780527,1866
85.433334,27.780525,1866
85.43335,27.780525,1867
85.43335,27.780527,1867
85.43335,27.78053,1867
85.43335,27.780535,1867
85.43334,27.780539,1867
85.43334,27.780542,1867
85.433334,27.780544,1867
85.433334,27.780548,1867
85.43335,27.78053,1867
85.43338,27.780512,1867
85.43338,27.780506,1867
85.43338,27.780502,1867
85.43339,27.7805,1867
85.43339,27.780499,1867
85.433395,27.780493,1867
85.43338,27.780499,1867
85.43338,27.780497,1867
85.43338,27.780493,1867
85.43338,27.780458,1867
85.43338,27.78045,1867
85.43337,27.780458,1867
85.43337,27.780462,1867
85.43338,27.780466,1867
85.43337,27.780487,1867
85.43337,27.780493,1867
85.43341,27.780508,1867
85.43341,27.78051,1867
85.43341,27.780512,1867
85.43341,27.780523,1867
85.43341,27.780539,1867
85.43341,27.780542,1867
85.43341,27.780548,1867
85.43341,27.78056,1867
85.43341,27.780571,1867
85.43342,27.780582,1867
85.43342,27.780594,1867
85.43342,27.78061,1867
85.43342,27.780622,1867
85.43342,27.780636,1867
85.43342,27.780659,1867
85.43342,27.78066,1867
85.43342,27.780668,1867
85.43342,27.780672,1867
85.43342,27.78068,1867
85.43342,27.780693,1867
85.43342,27.780695,1867
85.43341,27.780697,1867
85.43341,27.780699,1867
85.43341,27.780703,1867
85.4334,27.780716,1867
85.4334,27.780718,1867
85.4334,27.780722,1867
85.43341,27.780727,1867
85.43341,27.780737,1867
85.43341,27.780746,1867
85.43342,27.780754,1867
85.43342,27.780764,1867
85.433426,27.780773,1867
85.433426,27.780783,1867
85.43343,27.780792,1867
85.43343,27.7808,1867
85.43343,27.780807,1867
85.43344,27.780813,1867
85.43344,27.780819,1867
85.43344,27.780823,1867
85.43345,27.780827,1867
85.43346,27.780838,1867
85.43346,27.78084,1867
85.43346,27.780842,1867
85.433464,27.780844,1867
85.433464,27.780848,1867
85.43347,27.780855,1867
85.43348,27.78086,1867
85.43348,27.780863,1867
85.43348,27.780865,1867
85.43349,27.780867,1867
85.43349,27.780869,1867
85.433495,27.780872,1867
85.433495,27.780874,1867
85.4335,27.780876,1867
85.4335,27.78088,1867
85.43351,27.780882,1867
85.43352,27.780884,1867
85.433525,27.78089,1867
85.43353,27.78089,1867
85.43353,27.780891,1867
85.43354,27.780895,1867
85.43354,27.780897,1867
85.43355,27.780901,1867
85.433556,27.780905,1867
85.433556,27.780909,1867
85.43356,27.780914,1867
85.43357,27.780918,1867
85.43357,27.780924,1885
85.43358,27.780931,1885
85.433586,27.780937,1885
85.43359,27.780945,1885
85.4336,27.78095,1886
85.43361,27.780954,1886
85.43361,27.78096,1887
85.43362,27.780964,1887
85.433624,27.78097,1887
85.43363,27.780973,1887
85.43363,27.78098,1887
85.43364,27.780983,1888
85.433655,27.780993,1888
85.43366,27.780993,1888
85.43366,27.780994,1888
85.43367,27.780994,1888
85.43368,27.780998,1889
85.43368,27.781004,1889
85.433685,27.78101,1889
85.433685,27.781015,1889
85.43369,27.781021,1889
85.43369,27.781025,1889
85.4337,27.781029,1889
85.43371,27.781033,1890
85.433716,27.781034,1890
85.433716,27.781036,1890
85.43372,27.78104,1890
85.43372,27.781042,1890
85.43373,27.781046,1890
85.43374,27.781052,1890
85.43374,27.781054,1891
85.43375,27.781055,1891
85.433754,27.781057,1891
85.43376,27.78106,1891
85.43376,27.781061,1891
85.43377,27.781063,1891
85.43378,27.781063,1891
85.433784,27.781065,1891
85.433784,27.781067,1891
85.43379,27.781067,1892
85.4338,27.781069,1892
85.43381,27.78107,1892
85.433815,27.781073,1892
85.43382,27.781075,1892
85.43383,27.781076,1892
85.433846,27.781078,1892
85.43385,27.78108,1893
85.43386,27.78108,1893
85.43387,27.781082,1893
85.433876,27.781084,1893
85.43388,27.781084,1893
85.43389,27.781084,1893
85.4339,27.781084,1893
85.43391,27.781086,1894
85.433914,27.781088,1894
85.433914,27.781092,1894
85.43392,27.781094,1894
85.43393,27.781094,1894
85.43394,27.781094,1894
85.433945,27.781094,1894
85.43395,27.781092,1894
85.43396,27.781094,1895
85.43397,27.781096,1895
85.433975,27.7811,1895
85.433975,27.781103,1895
85.43398,27.781109,1895
85.43399,27.781113,1895
85.434,27.781116,1895
85.434006,27.78112,1895
85.434006,27.781122,1895
85.43401,27.781126,1896
85.43401,27.78113,1896
85.43402,27.781134,1896
85.43403,27.781136,1896
85.43404,27.781136,1896
85.43404,27.781137,1896
85.43405,27.781137,1896
85.43406,27.781137,1896
85.43407,27.781137,1896
85.434074,27.78114,1896
85.434074,27.781141,1896
85.43408,27.781145,1896
85.43409,27.781149,1896
85.4341,27.781153,1896
85.434105,27.781155,1896
85.43411,27.781158,1896
85.43412,27.78116,1897
85.43413,27.781162,1897
85.43413,27.781164,1897
85.434135,27.781166,1897
85.43414,27.781166,1897
85.43414,27.781168,1897
85.43414,27.78117,1897
85.43415,27.78117,1897
85.43416,27.78117,1898
85.43417,27.781172,1898
85.43417,27.781174,1898
85.43418,27.781174,1899
85.43418,27.781176,1899
85.43419,27.78118,1899
85.4342,27.781181,1899
85.4342,27.781185,1899
85.434204,27.781185,1900
85.43421,27.781185,1900
85.43422,27.781181,1901
85.43422,27.781178,1901
85.43423,27.781172,1901
85.43423,27.781166,1901
85.434235,27.781162,1901
85.434235,27.781158,1901
85.43424,27.781153,1901
85.43425,27.78114,1902
85.43425,27.781134,1902
85.43425,27.781128,1902
85.43426,27.781132,1902
85.434265,27.781134,1903
85.434265,27.781137,1903
85.434265,27.78114,1903
85.43427,27.781141,1904
85.43428,27.781145,1904
85.43428,27.781147,1904
85.43429,27.78115,1904
85.43429,27.781155,1905
85.434296,27.781158,1905
85.4343,27.781162,1905
85.4343,27.781168,1905
85.43431,27.781172,1905
85.43432,27.781176,1905
85.434326,27.781181,1905
85.434326,27.781187,1906
85.43433,27.781193,1906
85.43434,27.781197,1906
85.43435,27.7812,1906
85.43436,27.781204,1906
85.434364,27.78121,1906
85.43437,27.781214,1906
85.43438,27.781218,1906
85.43439,27.781223,1906
85.4344,27.781229,1907
85.43441,27.781237,1907
85.43442,27.781246,1907
85.434425,27.781254,1907
85.43443,27.781261,1907
85.43445,27.781267,1907
85.434456,27.781273,1907
85.43446,27.781279,1907
85.43447,27.781282,1907
85.43448,27.781288,1907
85.43449,27.781296,1907
85.434494,27.781301,1907
85.4345,27.781307,1907
85.4345,27.781311,1907
85.43451,27.781315,1907
85.43452,27.781322,1907
85.43452,27.78133,1907
85.434525,27.781338,1908
85.43453,27.781342,1908
85.43454,27.781345,1908
85.43455,27.781347,1908
85.43456,27.78135,1908
85.43457,27.781347,1908
85.43458,27.781342,1908
85.434586,27.781336,1908
85.4346,27.781332,1908
85.434616,27.781326,1908
85.43462,27.781324,1908
85.43464,27.781322,1908
85.434654,27.781319,1908
85.43466,27.781317,1908
85.43468,27.781315,1908
85.434685,27.781313,1908
85.43469,27.781311,1908
85.4347,27.781307,1908
85.43471,27.781305,1908
85.434715,27.781301,1908
85.43472,27.7813,1908
85.43473,27.7813,1908
85.43474,27.7813,1908
85.434746,27.781303,1908
85.43475,27.781307,1908
85.43476,27.781315,1908
85.43477,27.781322,1908
85.43478,27.78133,1908
85.434784,27.781338,1908
85.434784,27.781345,1908
85.43479,27.781353,1908
85.4348,27.78136,1908
85.43481,27.781366,1908
85.43481,27.781372,1908
85.434814,27.781378,1908
85.434814,27.781382,1908
85.43483,27.781393,1908
85.43483,27.781395,1908
85.43483,27.781397,1908
85.43483,27.7814,1908
85.43483,27.781406,1908
85.43484,27.781412,1908
85.434845,27.78142,1908
85.434845,27.781427,1908
85.43485,27.781435,1908
85.43485,27.781443,1908
85.43485,27.78145,1908
85.43485,27.781456,1908
85.43486,27.781462,1908
85.43486,27.78147,1908
85.43487,27.781477,1908
85.43487,27.781485,1908
85.43487,27.78149,1908
85.434875,27.781494,1908
85.434875,27.7815,1908
85.43488,27.781502,1908
85.43488,27.781506,1908
85.4349,27.781513,1908
85.4349,27.781515,1908
85.4349,27.781517,1908
85.4349,27.78152,1908
85.43489,27.78152,1908
85.43488,27.781519,1908
85.43488,27.781517,1908
85.43488,27.78151,1908
85.434875,27.78151,1908
85.434875,27.781513,1908
85.43488,27.781504,1908
85.434875,27.781502,1908
85.434875,27.781498,1908
85.43488,27.781498,1908
85.434906,27.781496,1908
85.434906,27.7815,1908
85.43487,27.781498,1908
85.43487,27.781496,1908
85.43487,27.781494,1908
85.43487,27.78149,1908
85.43487,27.781488,1908
85.434875,27.781487,1908
85.43488,27.781485,1908
85.434875,27.781483,1908
85.43487,27.781483,1908
85.43486,27.78147,1908
85.434875,27.781477,1908
85.43487,27.78148,1908
85.43487,27.7815,1908
85.43487,27.781502,1908
85.43487,27.781504,1908
85.43486,27.781506,1908
85.43486,27.781507,1908
85.43485,27.78151,1908
85.434845,27.781511,1908
85.43483,27.781506,1908
85.43483,27.781504,1908
85.43483,27.781502,1908
85.43482,27.781494,1908
85.43482,27.781488,1908
85.434814,27.781485,1908
85.43482,27.781479,1908
85.43484,27.781477,1908
85.43483,27.781471,1908
85.43482,27.781471,1908
85.434814,27.781473,1908
85.434784,27.781483,1908
85.434784,27.781479,1908
85.434784,27.781475,1908
85.434784,27.781477,1908
85.434784,27.78149,1908
85.434784,27.781492,1908
85.4348,27.781488,1908
85.4348,27.781485,1908
85.4348,27.78148,1908
85.434784,27.78149,1908
85.43479,27.781494,1908
85.43482,27.78149,1908
85.434814,27.781483,1908
85.43481,27.78147,1908
85.4348,27.78145,1908
85.434784,27.781431,1908
85.43478,27.78141,1908
85.43476,27.781391,1908
85.43475,27.781372,1908
85.43474,27.781353,1908
85.43473,27.781332,1908
85.434715,27.781313,1908
85.43471,27.781298,1908
85.43469,27.781284,1908
85.43468,27.781275,1908
85.43466,27.781271,1908
85.43465,27.78127,1908
85.43463,27.78127,1908
85.434616,27.78127,1908
85.4346,27.781273,1908
85.434586,27.781275,1908
85.43457,27.781277,1908
85.43456,27.781279,1908
85.43455,27.781279,1908
85.43453,27.781279,1908
85.434525,27.781275,1908
85.43451,27.781271,1908
85.434494,27.781267,1908
85.43448,27.781261,1908
85.43446,27.781256,1908
85.43445,27.781248,1908
85.43444,27.78124,1908
85.434425,27.78123,1908
85.43441,27.781223,1908
85.4344,27.781216,1908
85.43439,27.781206,1908
85.43437,27.781197,1908
85.43436,27.781187,1908
85.43434,27.78118,1908
85.43433,27.78117,1908
85.43432,27.781162,1908
85.43431,27.781158,1908
85.4343,27.781153,1908
85.434296,27.781149,1908
85.434296,27.781143,1908
85.43429,27.78114,1908
85.43428,27.781134,1908
85.43427,27.781128,1908
85.43426,27.781124,1908
85.43425,27.78112,1908
85.434235,27.781116,1908
85.43423,27.781113,1908
85.43421,27.781109,1908
85.434204,27.781105,1908
85.4342,27.781103,1908
85.43418,27.781097,1903
85.43417,27.781088,1903
85.43416,27.781078,1902
85.43414,27.78107,1902
85.43413,27.781063,1902
85.43412,27.781057,1901
85.434105,27.78105,1901
85.43409,27.781044,1900
85.434074,27.781038,1900
85.43406,27.78103,1900
85.434044,27.781023,1899
85.43403,27.781015,1899
85.43401,27.781008,1899
85.434,27.781,1899
85.43398,27.780993,1898
85.43397,27.780989,1898
85.43395,27.780987,1898
85.433945,27.780985,1898
85.43393,27.780983,1898
85.43391,27.780983,1898
85.4339,27.780985,1898
85.43388,27.780989,1898
85.43387,27.780994,1896
85.43385,27.780998,1896
85.43383,27.780998,1895
85.43381,27.780998,1895
85.43379,27.780996,1894
85.43378,27.780996,1894
85.43376,27.780998,1894
85.43374,27.781015,1894
85.433754,27.781023,1894
85.433754,27.781025,1894
85.43376,27.781027,1894
85.43377,27.78103,1894
85.43378,27.781034,1894
85.43379,27.781038,1894
85.43381,27.781042,1894
85.433815,27.781048,1894
85.43383,27.781052,1894
85.433846,27.781055,1894
85.43387,27.781065,1894
85.43387,27.781061,1894
85.43387,27.781063,1894
85.43387,27.781065,1894
85.43388,27.781061,1894
85.43389,27.781063,1894
85.4339,27.781063,1894
85.43391,27.781065,1894
85.43392,27.781067,1894
85.43394,27.78107,1894
85.43395,27.78107,1894
85.43397,27.781075,1894
85.43399,27.781076,1894
85.434006,27.781078,1894
85.43402,27.781082,1894
85.43404,27.781084,1894
85.434044,27.781084,1894
85.43406,27.781086,1894
85.434074,27.781088,1894
85.43408,27.781088,1894
85.43409,27.781088,1894
85.434105,27.781092,1894
85.43411,27.781096,1894
85.43413,27.7811,1894
85.434135,27.781105,1894
85.43414,27.781107,1894
85.43415,27.781109,1894
85.43416,27.781113,1894
85.43416,27.781115,1894
85.434166,27.781118,1894
85.43417,27.78112,1894
85.43419,27.781128,1894
85.4342,27.781128,1894
85.434204,27.781128,1894
85.434204,27.781126,1894
85.43421,27.781126,1894
85.43422,27.781124,1894
85.43423,27.781124,1903
85.434235,27.781124,1903
85.43424,27.781126,1903
85.43424,27.781128,1903
85.43425,27.781136,1904
85.43426,27.781136,1905
85.43426,27.781137,1906
85.434265,27.781137,1906
85.43427,27.781141,1906
85.43427,27.781145,1906
85.43427,27.781147,1906
85.43428,27.781147,1906
85.43428,27.781149,1906
85.43429,27.78115,1907
85.43429,27.781153,1907
85.43429,27.781155,1907
85.434296,27.781157,1907
85.434296,27.78116,1907
85.434296,27.781164,1907
85.4343,27.781166,1907
85.4343,27.781168,1907
85.43431,27.78117,1907
85.43431,27.781172,1907
85.434326,27.78118,1907
85.434326,27.781181,1907
85.43433,27.781185,1907
85.43435,27.781193,1907
85.43436,27.7812,1907
85.43437,27.781206,1907
85.43438,27.781212,1907
85.434395,27.781218,1907
85.43441,27.781225,1907
85.434425,27.781233,1907
85.43443,27.781242,1907
85.43445,27.781248,1907
85.434456,27.781252,1907
85.43446,27.781258,1907
85.43447,27.781261,1908
85.43449,27.781265,1908
85.434494,27.781271,1908
85.4345,27.781275,1908
85.43451,27.78128,1908
85.43452,27.781286,1908
85.434525,27.78129,1908
85.43453,27.781294,1908
85.43454,27.781298,1908
85.434555,27.781298,1908
85.43456,27.781298,1908
85.43458,27.781298,1909
85.43459,27.781294,1909
85.43461,27.78129,1909
85.43462,27.781284,1909
85.43464,27.78128,1909
85.434654,27.781277,1909
85.43467,27.781273,1909
85.434685,27.781271,1909
85.4347,27.78127,1909
85.43471,27.781271,1909
85.434715,27.781275,1909
85.43472,27.781279,1909
85.43473,27.781284,1909
85.43474,27.781294,1909
85.434746,27.781303,1909
85.43475,27.781315,1909
85.43476,27.781324,1909
85.43477,27.781334,1909
85.43478,27.781343,1910
85.434784,27.78135,1910
85.43479,27.781357,1910
85.4348,27.781366,1910
85.43481,27.781376,1910
85.43481,27.781385,1910
85.434814,27.781397,1910
85.43482,27.781408,1910
85.43483,27.78142,1910
85.43483,27.78143,1910
85.43484,27.78144,1910
85.434845,27.78145,1910
85.434845,27.78146,1910
85.43485,27.781485,1910
85.43485,27.781487,1910
85.43486,27.781487,1910
85.43487,27.78149,1910
85.43487,27.781494,1910
85.434875,27.7815,1910
85.434875,27.781506,1910
85.43488,27.78151,1910
85.43489,27.781515,1910
85.43489,27.78152,1910
85.4349,27.781527,1910
85.434906,27.781532,1910
85.43491,27.781538,1910
85.43492,27.781544,1911
85.43493,27.78155,1911
85.43493,27.781555,1911
85.43494,27.78156,1911
85.434944,27.781565,1911
85.434944,27.781567,1912
85.43495,27.781569,1912
85.43495,27.78157,1912
85.43495,27.781572,1912
85.43496,27.781574,1912
85.43496,27.781578,1912
85.43497,27.781582,1912
85.434975,27.781586,1912
85.434975,27.78159,1912
85.43498,27.781593,1912
85.43499,27.781597,1913
85.43499,27.781603,1913
85.435005,27.781609,1913
85.43501,27.781614,1914
85.43502,27.781618,1914
85.43503,27.781624,1914
85.435036,27.781628,1914
85.43504,27.781631,1914
85.43505,27.781633,1914
85.43506,27.781637,1915
85.43506,27.781641,1915
85.43507,27.781645,1915
85.435074,27.781647,1915
85.435074,27.781652,1915
85.43508,27.781656,1915
85.43509,27.78166,1916
85.43509,27.781664,1916
85.4351,27.781668,1916
85.4351,27.781673,1916
85.435104,27.781675,1916
85.43511,27.78168,1917
85.43512,27.781683,1917
85.43512,27.781685,1917
85.43513,27.781687,1917
85.43513,27.781689,1917
85.435135,27.781693,1917
85.435135,27.781694,1918
85.435135,27.781698,1918
85.43514,27.781704,1918
85.43514,27.781708,1918
85.43515,27.78171,1918
85.43515,27.781723,1918
85.43515,27.781725,1918
85.43515,27.781727,1919
85.43515,27.78173,1919
85.43516,27.781733,1919
85.43516,27.781738,1919
85.43516,27.781742,1919
85.43516,27.781748,1920
85.43515,27.781754,1920
85.43515,27.781761,1920
85.43515,27.781767,1920
85.43514,27.781775,1920
85.43514,27.78178,1920
85.43514,27.781786,1921
85.43515,27.781792,1921
85.43515,27.781796,1921
85.43516,27.781803,1921
85.43516,27.781809,1921
85.435165,27.781816,1921
85.43517,27.781822,1921
85.43518,27.78183,1921
85.43519,27.781834,1921
85.435196,27.78184,1922
85.43521,27.781843,1922
85.43522,27.781849,1922
85.43523,27.781853,1922
85.43524,27.781858,1922
85.43525,27.781864,1922
85.43526,27.781868,1922
85.435265,27.781874,1922
85.43527,27.781878,1923
85.43527,27.78188,1923
85.43528,27.781883,1923
85.43529,27.781887,1923
85.43529,27.78189,1923
85.435295,27.781895,1923
85.435295,27.781898,1923
85.435295,27.781902,1924
85.4353,27.781906,1924
85.4353,27.781912,1924
85.43531,27.781916,1924
85.43531,27.781921,1924
85.43532,27.781925,1924
85.43532,27.78193,1924
85.43532,27.781935,1924
85.435326,27.78194,1925
85.435326,27.781944,1925
85.43533,27.781948,1925
85.43534,27.78196,1925
85.43534,27.781961,1925
85.43534,27.781963,1925
85.43535,27.781965,1926
85.43535,27.78197,1926
85.43535,27.781973,1926
85.435356,27.781977,1926
85.435356,27.781982,1926
85.435356,27.781986,1926
85.43536,27.78199,1926
85.43537,27.781996,1927
85.43537,27.782,1927
85.43538,27.782005,1927
85.43538,27.78201,1927
85.43538,27.782013,1927
85.43538,27.782017,1927
85.43539,27.782022,1927
85.43539,27.782026,1927
85.43539,27.78203,1927
85.435394,27.782036,1927
85.435394,27.78204,1927
85.435394,27.782045,1927
85.435394,27.78205,1927
85.435394,27.782053,1928
85.4354,27.782059,1928
85.4354,27.782063,1928
85.43541,27.782068,1928
85.43541,27.782072,1928
85.43542,27.782082,1928
85.43542,27.782084,1928
85.43542,27.782091,1928
85.43541,27.782103,1928
85.4354,27.782114,1928
85.4354,27.782127,1928
85.435394,27.78214,1928
85.435394,27.782152,1928
85.435394,27.782166,1928
85.435394,27.782179,1928
85.435394,27.782192,1928
85.435394,27.782204,1928
85.435394,27.782213,1928
85.435394,27.782225,1928
85.435394,27.782234,1928
85.435394,27.782244,1928
85.435394,27.782253,1928
85.435394,27.782263,1928
85.435394,27.782272,1928
85.435394,27.782282,1928
85.435394,27.78229,1928
85.435394,27.782299,1928
85.435394,27.78231,1928
85.4354,27.782318,1928
85.4354,27.782328,1928
85.4354,27.782335,1928
85.4354,27.782343,1928
85.4354,27.782352,1928
85.4354,27.782362,1928
85.4354,27.782372,1928
85.43541,27.782381,1928
85.4354,27.78239,1928
85.4354,27.782398,1928
85.4354,27.782404,1928
85.4354,27.78241,1928
85.4354,27.782415,1928
85.4354,27.782423,1928
85.43541,27.782429,1928
85.43541,27.782436,1928
85.43541,27.782444,1928
85.43542,27.782452,1931
85.43542,27.782461,1931
85.435425,27.782469,1931
85.435425,27.782476,1931
85.43543,27.782486,1931
85.43544,27.782494,1931
85.43545,27.782503,1931
85.435455,27.782513,1932
85.435455,27.78252,1932
85.43546,27.782528,1932
85.43547,27.782536,1932
85.43547,27.782543,1932
85.43548,27.78255,1932
85.43548,27.782558,1932
85.43548,27.782566,1932
85.43548,27.782572,1932
85.435486,27.782578,1932
85.435486,27.782585,1932
85.43549,27.782593,1932
85.43549,27.782602,1932
85.43549,27.782612,1932
85.43549,27.78262,1932
85.4355,27.782625,1932
85.43551,27.782633,1932
85.43551,27.782639,1932
85.43551,27.782646,1932
85.43552,27.782652,1932
85.43551,27.78266,1932
85.43551,27.782667,1932
85.43551,27.782675,1933
85.4355,27.782682,1933
85.43549,27.782688,1933
85.43549,27.782696,1933
85.435486,27.782701,1933
85.435486,27.782707,1933
85.435486,27.782715,1933
85.435486,27.78272,1933
85.43548,27.782728,1933
85.43548,27.782724,1934
85.43548,27.782726,1934
85.43548,27.782728,1934
85.43548,27.78273,1934
85.43548,27.782732,1934
85.43548,27.782736,1934
85.43548,27.78275,1934
85.43548,27.782751,1934
85.43548,27.782753,1934
85.435486,27.782755,1934
85.43549,27.782764,1934
85.43549,27.782768,1934
85.43549,27.782776,1934
85.43549,27.782785,1934
85.4355,27.782799,1936
85.4355,27.782812,1936
85.43551,27.782825,1936
85.43551,27.782837,1936
85.43551,27.782848,1936
85.43552,27.78286,1936
85.43552,27.78287,1937
85.43552,27.782879,1937
85.435524,27.782885,1937
85.43553,27.782888,1937
85.43554,27.782894,1937
85.43554,27.782902,1937
85.43555,27.782907,1938
85.43555,27.782911,1938
85.435555,27.782917,1938
85.43555,27.782923,1938
85.43555,27.782928,1938
85.43555,27.782936,1938
85.43554,27.782944,1938
85.43553,27.782953,1938
85.43553,27.782963,1938
85.435524,27.782972,1938
85.43552,27.782984,1938
85.43552,27.782991,1938
85.43551,27.782999,1938
85.43551,27.783005,1939
85.4355,27.78301,1939
85.4355,27.783014,1939
85.4355,27.783018,1939
85.43549,27.783024,1939
85.435486,27.783028,1939
85.435486,27.783033,1939
85.43548,27.78304,1940
85.43548,27.783045,1940
85.43548,27.783049,1940
85.43547,27.783054,1940
85.43547,27.78306,1940
85.43546,27.783064,1940
85.43546,27.783068,1940
85.43546,27.783072,1940
85.43546,27.783075,1941
85.43546,27.783081,1941
85.43546,27.783085,1941
85.435455,27.7831,1941
85.435455,27.783102,1941
85.435455,27.783106,1941
85.435455,27.78311,1942
85.43545,27.78312,1942
85.43545,27.783125,1942
85.43545,27.78313,1942
85.43544,27.783138,1942
85.43544,27.783146,1942
85.43544,27.783152,1942
85.43544,27.783157,1942
85.43544,27.783165,1942
85.43544,27.78317,1942
85.43544,27.78318,1942
85.43543,27.783186,1942
85.43543,27.783192,1943
85.43543,27.783197,1943
85.43543,27.783203,1943
85.43544,27.783209,1944
85.43544,27.783215,1944
85.43545,27.783218,1944
85.43545,27.783222,1944
85.43545,27.783226,1944
85.435455,27.783228,1944
85.435455,27.783232,1944
85.435455,27.783236,1944
85.43546,27.783237,1944
85.43546,27.783245,1944
85.43546,27.783253,1944
85.43546,27.783262,1945
85.43546,27.783268,1945
85.43546,27.783272,1945
85.43546,27.783276,1945
85.43547,27.783281,1945
85.43547,27.783285,1945
85.43547,27.783289,1945
85.43547,27.783293,1945
85.43547,27.7833,1945
85.43547,27.783306,1946
85.43547,27.783314,1946
85.43547,27.78332,1946
85.43547,27.783323,1946
85.43547,27.783327,1946
85.43547,27.783333,1946
85.43547,27.783337,1946
85.43547,27.78334,1946
85.43547,27.783346,1947
85.43547,27.783356,1947
85.43547,27.783363,1947
85.43547,27.783375,1947
85.43547,27.783384,1947
85.43548,27.783394,1947
85.43548,27.783401,1947
85.43548,27.78341,1948
85.43547,27.783417,1948
85.43547,27.783424,1948
85.43547,27.783432,1948
85.43546,27.78344,1948
85.435455,27.78345,1948
85.43545,27.783459,1948
85.43544,27.78347,1948
85.43544,27.783482,1948
85.43543,27.783491,1949
85.43543,27.7835,1949
85.43543,27.783508,1949
85.435425,27.783514,1949
85.435425,27.783527,1949
85.435425,27.783531,1949
85.435425,27.783535,1949
85.435425,27.783543,1949
85.43542,27.783548,1949
85.43542,27.783556,1949
85.43541,27.783562,1949
85.43541,27.78357,1949
85.4354,27.783577,1949
85.4354,27.783585,1949
85.43541,27.783594,1949
85.4354,27.783602,1949
85.4354,27.78361,1949
85.435394,27.783617,1949
85.435394,27.783625,1949
85.43539,27.783632,1949
85.43539,27.783642,1950
85.43538,27.78365,1950
85.43538,27.783655,1950
85.43537,27.783663,1950
85.43537,27.78367,1950
85.43536,27.78368,1950
85.43536,27.783686,1950
85.43536,27.783691,1950
85.43536,27.783699,1950
85.43536,27.783707,1950
85.43536,27.783716,1950
85.43536,27.783726,1950
85.43536,27.783733,1951
85.435356,27.783741,1951
85.435356,27.78375,1951
85.435356,27.783758,1951
85.43535,27.783768,1951
85.43535,27.783777,1951
85.43534,27.783785,1951
85.43533,27.783794,1951
85.435326,27.783802,1951
85.435326,27.783808,1951
85.43532,27.783815,1951
85.43531,27.783823,1952
85.435295,27.78383,1952
85.43529,27.783838,1952
85.43528,27.783846,1952
85.43528,27.783854,1952
85.43527,27.78386,1952
85.435265,27.783867,1952
85.43526,27.783873,1953
85.43525,27.783878,1953
85.43524,27.783886,1953
85.435234,27.783894,1953
85.43523,27.783901,1953
85.43522,27.783909,1953
85.43522,27.783918,1953
85.43521,27.783926,1953
85.4352,27.783934,1953
85.435196,27.783941,1953
85.43519,27.783947,1954
85.43518,27.783953,1954
85.43517,27.78396,1954
85.435165,27.783968,1954
85.435165,27.783976,1954
85.43516,27.783981,1954
85.43516,27.783989,1954
85.43515,27.783997,1954
85.43515,27.784004,1954
85.43514,27.784014,1954
85.43514,27.784021,1954
85.435135,27.784033,1954
85.43513,27.784042,1954
85.43512,27.784054,1954
85.43511,27.784063,1955
85.43511,27.784073,1955
85.435104,27.784082,1955
85.4351,27.784092,1955
85.43509,27.784101,1955
85.43508,27.78411,1955
85.435074,27.784117,1955
85.435074,27.784126,1955
85.43507,27.784136,1955
85.43506,27.784145,1955
85.43505,27.784155,1955
85.43505,27.784164,1955
85.43504,27.784174,1955
85.435036,27.784185,1956
85.435036,27.784197,1956
85.43503,27.784208,1956
85.43502,27.784222,1956
85.43502,27.784231,1956
85.43501,27.784243,1956
85.43501,27.784254,1956
85.43501,27.784266,1956
85.43501,27.784275,1956
85.43501,27.784286,1957
85.43501,27.784294,1957
85.43501,27.784302,1957
85.43501,27.784311,1957
85.43501,27.784319,1957
85.43502,27.784369,1957
85.43502,27.78437,1957
85.43502,27.784374,1957
85.43502,27.784382,1957
85.43502,27.784388,1957
85.43501,27.784395,1957
85.43501,27.784405,1957
85.43501,27.784414,1957
85.43501,27.784426,1957
85.435005,27.78444,1957
85.435005,27.78445,1957
85.435005,27.784462,1957
85.435,27.784473,1957
85.435,27.784485,1957
85.43499,27.784496,1957
85.43499,27.78451,1957
85.43498,27.78452,1957
85.43498,27.784529,1957
85.434975,27.78455,1957
85.43497,27.784554,1957
85.43497,27.784555,1957
85.43497,27.784552,1957
85.43497,27.784554,1957
85.43497,27.784557,1957
85.43497,27.784561,1957
85.434975,27.784561,1957
85.43498,27.78456,1957
85.435,27.78456,1957
85.43501,27.784561,1957
85.43503,27.78457,1957
85.435036,27.784578,1957
85.43505,27.784586,1957
85.43506,27.784594,1957
85.43507,27.784603,1957
85.43507,27.78461,1957
85.435074,27.784616,1957
85.435074,27.784622,1957
85.435074,27.784626,1957
85.43508,27.784624,1957
85.43508,27.784616,1957
85.43508,27.784603,1957
85.43508,27.7846,1957
85.43508,27.784595,1957
85.435074,27.784594,1957
85.43506,27.784592,1957
85.43504,27.78459,1957
85.43503,27.784588,1957
85.43501,27.784584,1957
85.435005,27.78458,1957
85.435,27.784578,1957
85.435,27.784576,1957
85.43499,27.784576,1957
85.43499,27.784573,1957
85.43499,27.78457,1957
85.43499,27.78456,1957
85.43498,27.784567,1957
85.43498,27.784569,1957
85.434975,27.784573,1957
85.434975,27.78458,1957
85.43497,27.784588,1957
85.43497,27.784597,1957
85.43497,27.784605,1957
85.43497,27.784615,1957
85.43496,27.784624,1957
85.43496,27.784632,1957
85.43496,27.78464,1957
85.43496,27.784664,1957
85.43496,27.784666,1957
85.43496,27.784672,1957
85.43496,27.784678,1957
85.43496,27.784685,1957
85.43496,27.784695,1957
85.43496,27.784702,1957
85.43496,27.784714,1957
85.43496,27.784723,1957
85.43496,27.784733,1957
85.43496,27.784744,1957
85.43496,27.784756,1957
85.43496,27.78477,1957
85.43496,27.78478,1957
85.43496,27.784796,1957
85.43496,27.784807,1959
85.43495,27.78482,1959
85.43495,27.78483,1959
85.43495,27.784842,1959
85.43496,27.784853,1959
85.43496,27.784864,1959
85.43496,27.784874,1959
85.43496,27.784885,1959
85.43497,27.784897,1959
85.43497,27.784908,1959
85.434975,27.784922,1959
85.434975,27.784935,1959
85.43498,27.78495,1959
85.43499,27.784962,1959
85.435,27.784973,1959
85.435005,27.784985,1959
85.43501,27.784994,1959
85.43502,27.785004,1959
85.43503,27.785015,1959
85.43503,27.785025,1959
85.435036,27.785036,1959
85.43504,27.78505,1959
85.43505,27.785063,1959
85.43506,27.785076,1959
85.43506,27.78509,1959
85.43507,27.785105,1959
85.435074,27.78512,1959
85.43508,27.785135,1959
85.43509,27.785149,1959
85.43509,27.785162,1959
85.4351,27.785175,1959
85.435104,27.785187,1959
85.435104,27.785198,1959
85.43511,27.785208,1959
85.43512,27.785217,1959
85.43512,27.785227,1959
85.43513,27.785233,1959
85.435135,27.78524,1960
85.43514,27.785248,1960
85.43515,27.785257,1960
85.43516,27.785267,1960
85.435165,27.785278,1960
85.43517,27.785292,1960
85.43518,27.785305,1960
85.43519,27.785316,1960
85.435196,27.78533,1960
85.4352,27.785341,1960
85.43521,27.78535,1960
85.43522,27.78536,1960
85.43522,27.785368,1960
85.43523,27.785374,1960
85.435234,27.785381,1960
85.43524,27.785389,1960
85.43524,27.785398,1960
85.43525,27.785406,1960
85.43526,27.785416,1960
85.435265,27.785427,1960
85.43528,27.785437,1960
85.43528,27.785448,1960
85.43529,27.78546,1960
85.435295,27.785471,1960
85.435295,27.785482,1960
85.4353,27.785496,1960
85.43531,27.78551,1960
85.43532,27.785519,1960
85.435326,27.78553,1960
85.43533,27.78554,1960
85.43534,27.785551,1960
85.435356,27.78556,1960
85.43536,27.785572,1960
85.43537,27.785583,1960
85.43538,27.785595,1961
85.43539,27.785604,1961
85.43539,27.785614,1961
85.435394,27.785624,1961
85.435394,27.785635,1961
85.435394,27.785645,1961
85.4354,27.785656,1961
85.43541,27.785664,1961
85.43542,27.785675,1961
85.435425,27.785685,1961
85.43543,27.785694,1961
85.43543,27.785704,1961
85.43544,27.785713,1961
85.43545,27.785725,1962
85.435455,27.785734,1962
85.43546,27.785746,1962
85.43546,27.785755,1962
85.43547,27.785763,1962
85.43548,27.785769,1962
85.435486,27.785776,1962
85.43549,27.785784,1963
85.4355,27.785791,1963
85.43552,27.7858,1963
85.435524,27.78581,1963
85.43553,27.78582,1963
85.43554,27.78583,1963
85.43554,27.78584,1963
85.43555,27.785849,1963
85.435555,27.785858,1964
85.435555,27.785868,1964
85.43557,27.785877,1964
85.43558,27.785889,1964
85.435585,27.7859,1964
85.43559,27.785913,1964
85.43561,27.785925,1964
85.435616,27.785938,1964
85.43563,27.785952,1964
85.43564,27.785963,1964
85.43565,27.785975,1964
85.43566,27.785986,1964
85.43567,27.785997,1964
85.43568,27.786005,1964
85.435684,27.786015,1964
85.435684,27.786022,1964
85.43569,27.78603,1964
85.43569,27.786037,1964
85.4357,27.786047,1965
85.43571,27.786055,1965
85.435715,27.786062,1965
85.43572,27.786068,1965
85.43573,27.786076,1965
85.43574,27.786083,1965
85.435745,27.78609,1965
85.43576,27.7861,1965
85.43577,27.786108,1965
85.435776,27.78612,1965
85.43578,27.786129,1965
85.4358,27.786142,1965
85.43581,27.786154,1965
85.435814,27.786165,1965
85.43583,27.786179,1965
85.43584,27.78619,1965
85.435844,27.786203,1965
85.43585,27.786217,1965
85.43585,27.786228,1965
85.43586,27.786238,1966
85.43587,27.786247,1966
85.435875,27.786255,1966
85.435875,27.786263,1966
85.435875,27.78627,1967
85.435875,27.78628,1967
85.435875,27.786287,1967
85.435875,27.786299,1967
85.435875,27.78631,1967
85.435875,27.786322,1967
85.435875,27.786333,1968
85.43588,27.786343,1968
85.43588,27.786354,1968
85.43588,27.786364,1968
85.43588,27.786371,1968
85.435875,27.78638,1968
85.43588,27.78639,1968
85.43588,27.786398,1968
85.435875,27.786406,1968
85.435875,27.786413,1968
85.43587,27.78642,1968
85.43587,27.78643,1969
85.43586,27.78644,1969
85.43586,27.78645,1969
85.43585,27.786457,1969
85.43585,27.786463,1969
85.43585,27.78647,1969
85.43585,27.786476,1969
85.43585,27.786484,1969
85.43585,27.786491,1969
85.43585,27.7865,1969
85.43585,27.78651,1969
85.43585,27.78652,1969
85.43585,27.78653,1969
85.43585,27.786543,1969
85.43585,27.786556,1969
85.43586,27.786568,1969
85.43586,27.786581,1969
85.43587,27.786594,1969
85.435875,27.786606,1969
85.435875,27.78662,1969
85.43588,27.78663,1969
85.43589,27.78664,1969
85.43589,27.78665,1969
85.4359,27.786661,1969
85.435905,27.78667,1969
85.43592,27.78668,1969
85.43593,27.786688,1969
85.43594,27.786695,1969
85.43595,27.786703,1969
85.43597,27.78671,1969
85.43598,27.786718,1969
85.43599,27.786726,1969
85.436005,27.786734,1969
85.43602,27.78674,1969
85.43603,27.786745,1969
85.43604,27.78675,1969
85.43605,27.786757,1969
85.436066,27.78676,1969
85.43607,27.786764,1969
85.43608,27.78677,1969
85.43609,27.786777,1969
85.4361,27.786785,1969
85.436104,27.786793,1969
85.43611,27.786804,1969
85.43611,27.786816,1969
85.43612,27.786827,1969
85.43612,27.78684,1969
85.43613,27.786852,1969
85.43613,27.786865,1969
85.43613,27.786877,1969
85.43613,27.78689,1969
85.43612,27.786901,1969
85.43612,27.786915,1969
85.43612,27.786924,1969
85.43612,27.786932,1969
85.43612,27.78694,1969
85.43613,27.78697,1969
85.43613,27.786972,1969
85.43613,27.786978,1969
85.43612,27.786985,1969
85.43611,27.786995,1969
85.43611,27.787003,1969
85.43611,27.78701,1969
85.43611,27.78702,1969
85.436104,27.787027,1969
85.436104,27.787037,1969
85.4361,27.787046,1969
85.4361,27.787054,1969
85.43609,27.787064,1969
85.43609,27.787071,1971
85.43608,27.787079,1971
85.43607,27.787086,1971
85.436066,27.787094,1971
85.43606,27.787102,1971
85.43605,27.787107,1971
85.43604,27.787113,1971
85.436035,27.787117,1971
85.436035,27.787119,1972
85.43603,27.78712,1972
85.43602,27.787125,1972
85.43601,27.78713,1972
85.43601,27.787138,1972
85.436005,27.787146,1972
85.436,27.787153,1972
85.43599,27.787163,1973
85.43599,27.787172,1973
85.43598,27.787182,1973
85.435974,27.787188,1973
85.435974,27.787195,1973
85.43597,27.787203,1973
85.43596,27.787209,1973
85.43596,27.787212,1974
85.43596,27.787218,1974
85.43596,27.787222,1974
85.43596,27.78723,1974
85.43595,27.787231,1974
85.43595,27.787233,1975
85.43594,27.787235,1975
85.43594,27.78724,1975
85.435936,27.787243,1975
85.43593,27.787249,1975
85.43592,27.787252,1976
85.43591,27.787258,1976
85.435905,27.787262,1976
85.435905,27.787266,1976
85.4359,27.787268,1976
85.43589,27.787271,1976
85.43588,27.787277,1976
85.435875,27.787285,1976
85.43587,27.787294,1976
85.43586,27.787304,1977
85.43585,27.787313,1977
85.43585,27.787321,1977
85.435844,27.78733,1977
85.43584,27.787338,1977
85.43583,27.787344,1977
85.435814,27.787348,1977
85.43581,27.787352,1977
85.4358,27.787357,1977
85.43579,27.787363,1977
85.43579,27.787369,1977
85.43578,27.787373,1977
85.435776,27.787376,1977
85.435776,27.787382,1977
85.43577,27.787388,1978
85.43576,27.787392,1978
85.43575,27.787395,1978
85.43575,27.7874,1978
85.435745,27.787403,1978
85.43574,27.787407,1978
85.43574,27.787413,1978
85.43573,27.78742,1978
85.43573,27.787426,1978
85.43572,27.787434,1978
85.43572,27.78744,1978
85.435715,27.787447,1978
85.43571,27.787453,1978
85.43571,27.78746,1978
85.4357,27.787468,1978
85.43569,27.787476,1978
85.43569,27.787485,1979
85.435684,27.787493,1979
85.435684,27.7875,1979
85.435684,27.78751,1979
85.435684,27.78752,1979
85.435684,27.787529,1979
85.435684,27.787539,1979
85.435684,27.78755,1979
85.435684,27.78756,1979
85.43569,27.78757,1979
85.4357,27.787579,1979
85.4357,27.787586,1979
85.43571,27.787592,1979
85.43571,27.787601,1980
85.435715,27.78761,1980
85.43572,27.787617,1980
85.43573,27.787626,1980
85.43573,27.787632,1980
85.43574,27.78764,1980
85.435745,27.787645,1980
85.43575,27.787651,1980
85.43576,27.787657,1980
85.43576,27.787664,1980
85.43577,27.78767,1980
85.435776,27.787678,1980
85.435776,27.787683,1980
85.43578,27.78769,1980
85.43578,27.787695,1980
85.43579,27.7877,1980
85.43579,27.787706,1981
85.43579,27.787714,1981
85.4358,27.787722,1981
85.4358,27.78773,1981
85.4358,27.787737,1981
85.4358,27.787746,1981
85.43579,27.787756,1981
85.4358,27.787766,1981
85.4358,27.787775,1982
85.43581,27.787785,1982
85.43581,27.787794,1982
85.435814,27.787804,1982
85.43582,27.787813,1982
85.43582,27.787823,1982
85.43583,27.78783,1982
85.43584,27.78784,1982
85.435844,27.78785,1982
85.43585,27.787859,1982
85.43586,27.787868,1982
85.43586,27.787878,1982
85.43586,27.787888,1982
85.43587,27.787897,1982
85.43586,27.787909,1982
85.43586,27.787918,1982
85.43586,27.787928,1983
85.43586,27.787933,1983
85.43586,27.78794,1983
85.43586,27.787945,1983
85.43587,27.787947,1983
85.43587,27.787949,1983
85.435875,27.787949,1983
85.435875,27.78796,1983
85.435875,27.787962,1983
85.435875,27.787968,1984
85.43587,27.787973,1984
85.43587,27.787981,1984
85.43587,27.787989,1984
85.43587,27.787998,1984
85.43586,27.78801,1984
85.43586,27.788023,1984
85.43586,27.788033,1984
85.43586,27.788044,1984
85.43586,27.788054,1984
85.43586,27.788065,1984
85.43586,27.788076,1984
85.43587,27.788088,1984
85.43587,27.7881,1984
85.43587,27.788113,1984
85.43587,27.788124,1984
85.43587,27.788136,1984
85.43587,27.788147,1984
85.43587,27.78816,1984
85.435875,27.788172,1984
85.435875,27.788185,1984
85.435875,27.788197,1984
85.43588,27.788208,1984
85.43588,27.78822,1985
85.43588,27.78823,1985
85.43589,27.788244,1985
85.43589,27.788256,1985
85.4359,27.788267,1985
85.4359,27.788279,1985
85.435905,27.78829,1985
85.43591,27.7883,1985
85.43592,27.788307,1985
85.43593,27.788311,1985
85.43593,27.788317,1985
85.435936,27.78832,1985
85.435936,27.788326,1986
85.435936,27.788334,1986
85.43594,27.788342,1986
85.43594,27.788347,1986
85.43595,27.788351,1986
85.43595,27.788353,1986
85.43595,27.788357,1987
85.43595,27.78836,1987
85.43595,27.788364,1987
85.43596,27.78837,1987
85.43596,27.788372,1987
85.43596,27.788374,1987
85.43596,27.788376,1987
85.43596,27.788378,1987
85.43597,27.78838,1988
85.43597,27.788383,1988
85.435974,27.788385,1988
85.43598,27.788391,1988
85.43598,27.788395,1988
85.43599,27.788399,1988
85.436,27.788404,1988
85.436,27.78841,1988
85.436005,27.788416,1988
85.43601,27.788422,1988
85.43602,27.788427,1988
85.43602,27.788435,1988
85.43603,27.788443,1988
85.436035,27.78845,1988
85.436035,27.788458,1988
85.43604,27.788464,1988
85.43604,27.788471,1988
85.43604,27.788477,1989
85.43605,27.788483,1989
85.43605,27.788485,1989
85.43605,27.788488,1989
85.43606,27.788492,1989
85.43606,27.788498,1989
85.436066,27.788502,1989
85.436066,27.788506,1989
85.43607,27.788513,1989
85.43608,27.788523,1989
85.43609,27.788525,1990
85.43609,27.788527,1990
85.4361,27.78853,1990
85.4361,27.788532,1990
85.436104,27.788538,1990
85.436104,27.788544,1990
85.436104,27.78855,1990
85.436104,27.788557,1991
85.436104,27.788563,1991
85.436104,27.788568,1991
85.436104,27.788574,1991
85.436104,27.78858,1991
85.43611,27.78859,1991
85.43611,27.788599,1991
85.43611,27.788612,1991
85.43611,27.788622,1991
85.43611,27.78863,1991
85.43611,27.788635,1991
85.43611,27.788643,1991
85.43612,27.788649,1991
85.43612,27.788656,1991
85.43613,27.788662,1991
85.436134,27.788666,1991
85.43614,27.78867,1991
85.43614,27.788677,1991
85.43615,27.788683,1991
85.43616,27.788687,1991
85.43616,27.788692,1991
85.436165,27.788698,1992
85.436165,27.788704,1992
85.43617,27.78871,1992
85.43617,27.788717,1992
85.43617,27.788723,1992
85.43618,27.788727,1992
85.43618,27.788733,1992
85.43618,27.788736,1992
85.43617,27.78874,1992
85.43617,27.788744,1992
85.43617,27.788748,1992
85.43617,27.788754,1992
85.43618,27.788757,1992
85.43618,27.788763,1993
85.43619,27.788767,1993
85.43619,27.788769,1993
85.43619,27.788773,1993
85.436195,27.788774,1993
85.4362,27.78878,1993
85.4362,27.788782,1993
85.436195,27.788786,1993
85.436195,27.78879,1994
85.43619,27.788795,1994
85.43619,27.788803,1994
85.43619,27.788809,1994
85.43619,27.788813,1994
85.43619,27.788816,1994
85.43619,27.788822,1994
85.43619,27.788832,1994
85.43618,27.78884,1994
85.43618,27.788847,1994
85.43618,27.788855,1994
85.43618,27.78886,1995
85.43618,27.788864,1995
85.43618,27.78888,1995
85.43617,27.788881,1995
85.43617,27.788883,1995
85.43617,27.788885,1996
85.436165,27.788887,1996
85.436165,27.788889,1996
85.436165,27.788893,1996
85.436165,27.788895,1996
85.43616,27.7889,1996
85.43616,27.788906,1996
85.43615,27.78891,1996
85.43615,27.788916,1997
85.43614,27.78892,1997
85.43614,27.788927,1997
85.43614,27.788935,1997
85.436134,27.78894,1997
85.436134,27.78895,1997
85.436134,27.788958,1997
85.43613,27.788967,1997
85.43613,27.788977,1997
85.43612,27.788986,1997
85.43612,27.788998,1997
85.43612,27.789007,1997
85.43612,27.789019,1997
85.43612,27.789028,1997
85.43612,27.789038,1997
85.43612,27.789051,1998
85.43612,27.789062,1998
85.43612,27.789076,1998
85.43611,27.789087,1998
85.436104,27.789097,1998
85.4361,27.789108,1998
85.4361,27.789118,1998
85.43609,27.789127,1998
85.43608,27.789137,1998
85.43608,27.789148,1998
85.43608,27.789162,1998
85.43607,27.789175,1998
85.43607,27.78919,1998
85.43607,27.789204,1998
85.43607,27.789215,1998
85.43608,27.789225,1998
85.43608,27.789236,1998
85.43608,27.789246,1998
85.43607,27.789257,1998
85.43607,27.789268,1998
85.43607,27.789278,1998
85.43607,27.789288,1998
85.43607,27.789299,1999
85.43607,27.789309,1999
85.43608,27.789318,1999
85.43608,27.789328,1999
85.43608,27.789335,1999
85.43608,27.789343,1999
85.43608,27.789349,1999
85.43608,27.789356,1999
85.43608,27.789366,1999
85.43609,27.789373,1999
85.43609,27.789383,1999
85.43609,27.789392,2000
85.4361,27.7894,2000
85.4361,27.789408,2000
85.4361,27.789413,2000
85.436104,27.78942,2000
85.436104,27.789425,2000
85.436104,27.789429,2000
85.436104,27.789434,2001
85.436104,27.789438,2001
85.436104,27.789444,2001
85.4361,27.78945,2001
85.4361,27.789455,2001
85.4361,27.789463,2001
85.43609,27.78947,2001
85.43608,27.789476,2001
85.43608,27.789478,2001
85.43607,27.789482,2002
85.43606,27.789484,2002
85.43606,27.789486,2002
85.43605,27.789488,2002
85.43605,27.78949,2002
85.436035,27.789501,2002
85.43603,27.789503,2003
85.43601,27.78951,2003
85.43601,27.789513,2004
85.43601,27.789515,2004
85.436005,27.789516,2004
85.436005,27.789518,2004
85.436005,27.78952,2004
85.436005,27.789522,2004
85.436,27.789526,2004
85.436,27.789528,2004
85.436,27.789534,2004
85.436,27.789537,2005
85.43599,27.789549,2005
85.43599,27.789547,2005
85.436,27.789549,2005
85.43599,27.78956,2005
85.43599,27.789568,2005
85.43599,27.78957,2005
85.43598,27.789577,2006
85.43598,27.78958,2006
85.43598,27.789581,2006
85.43598,27.789585,2007
85.43598,27.789589,2007
85.43598,27.789602,2007
85.43598,27.789618,2007
85.43598,27.789625,2007
85.43598,27.78963,2007
85.43598,27.789633,2009
85.43598,27.789635,2009
85.43598,27.789646,2009
85.43598,27.78965,2010
85.43598,27.789652,2010
85.43599,27.789654,2010
85.43599,27.789658,2011
85.436,27.78966,2011
85.436,27.789661,2011
85.436005,27.789663,2011
85.43602,27.789667,2011
85.43603,27.789667,2011
85.436035,27.78967,2012
85.43605,27.78968,2012
85.43606,27.789692,2012
85.436066,27.789705,2012
85.43609,27.789736,2012
85.43609,27.789734,2012
85.43609,27.789736,2012
85.4361,27.789736,2012
85.4361,27.789738,2012
85.43611,27.789742,2012
85.43612,27.789747,2012
85.43612,27.789753,2012
85.43613,27.789759,2012
85.43613,27.789762,2012
85.436134,27.789776,2013
85.43613,27.789774,2013
85.43613,27.789772,2013
85.436134,27.78977,2013
85.43614,27.789772,2013
85.43614,27.789774,2013
85.43615,27.789776,2013
85.43615,27.78978,2013
85.43615,27.789783,2013
85.43616,27.789787,2013
85.43616,27.78979,2013
85.436165,27.789793,2013
85.43617,27.789797,2013
85.43617,27.7898,2013
85.43618,27.789806,2013
85.43618,27.789812,2014
85.43619,27.789818,2014
85.436195,27.789822,2014
85.436195,27.789825,2014
85.4362,27.789833,2015
85.4362,27.789839,2015
85.4362,27.789845,2015
85.4362,27.78985,2015
85.43621,27.789858,2015
85.43621,27.789864,2015
85.43621,27.789867,2015
85.43621,27.789871,2015
85.43621,27.789875,2015
85.43622,27.78988,2015
85.43622,27.789886,2016
85.436226,27.78989,2016
85.43623,27.789894,2016
85.43624,27.789898,2016
85.43625,27.7899,2016
85.43626,27.789906,2016
85.43626,27.789911,2016
85.436264,27.789915,2016
85.43627,27.789919,2016
85.43628,27.789923,2016
85.43629,27.789925,2016
85.436295,27.78993,2016
85.4363,27.789934,2016
85.4363,27.78994,2016
85.43631,27.789944,2016
85.43632,27.789948,2016
85.43632,27.789951,2016
85.436325,27.789955,2016
85.43633,27.789959,2017
85.43634,27.78996,2017
85.43635,27.789963,2017
85.436356,27.789965,2017
85.436356,27.789967,2017
85.43636,27.789968,2017
85.43637,27.78997,2017
85.43637,27.789972,2017
85.43638,27.789974,2018
85.436386,27.789976,2018
85.43639,27.789978,2018
85.4364,27.789976,2018
85.43641,27.789978,2018
85.43641,27.78998,2018
85.43642,27.789982,2018
85.43643,27.789993,2018
85.43643,27.789995,2019
85.43644,27.789999,2019
85.43644,27.79,2019
85.43644,27.790005,2019
85.43645,27.79001,2019
85.43645,27.790016,2019
85.436455,27.790024,2019
85.436455,27.790033,2019
85.436455,27.790045,2019
85.436455,27.790056,2019
85.436455,27.790066,2020
85.436455,27.790073,2020
85.436455,27.790081,2020
85.43646,27.790087,2020
85.43646,27.790092,2020
85.43646,27.790098,2020
85.43647,27.790102,2020
85.43648,27.790108,2020
85.43648,27.79011,2020
85.436485,27.790113,2021
85.436485,27.790115,2021
85.436485,27.790117,2021
85.43649,27.790121,2021
85.43649,27.790125,2021
85.43649,27.790129,2021
85.4365,27.790134,2021
85.4365,27.79014,2021
85.4365,27.790146,2022
85.43651,27.790154,2022
85.43651,27.790161,2022
85.436516,27.79017,2022
85.436516,27.790178,2022
85.436516,27.790186,2022
85.43652,27.790194,2022
85.43652,27.790201,2022
85.43652,27.790207,2023
85.43652,27.790213,2023
85.43653,27.790222,2023
85.43653,27.790232,2023
85.43653,27.790241,2023
85.43653,27.79025,2023
85.43654,27.790257,2023
85.43654,27.790262,2023
85.43655,27.790283,2023
85.436554,27.790287,2024
85.436554,27.790293,2024
85.43656,27.790298,2024
85.43657,27.790297,2024
85.43657,27.790295,2024
85.43657,27.790293,2024
85.43657,27.790297,2024
85.43657,27.7903,2024
85.43657,27.790304,2024
85.43657,27.790308,2024
85.43657,27.790325,2024
85.43657,27.790327,2024
85.43657,27.790325,2024
85.43657,27.790321,2024
85.43657,27.790323,2024
85.43657,27.790327,2024
85.43657,27.790342,2024
85.43657,27.79034,2024
85.43657,27.790342,2024
85.43658,27.790348,2024
85.43658,27.79035,2024
85.43658,27.790361,2024
85.43658,27.790363,2024
85.436584,27.790367,2024
85.436584,27.790373,2024
85.436584,27.79038,2024
85.43659,27.790388,2024
85.43659,27.790394,2024
85.4366,27.790401,2024
85.4366,27.79041,2024
85.43661,27.790419,2024
85.436615,27.790426,2024
85.436615,27.790438,2024
85.43662,27.790451,2024
85.43663,27.790462,2024
85.43664,27.790476,2024
85.43664,27.790485,2024
85.436646,27.790493,2024
85.436646,27.790499,2024
85.43665,27.790506,2024
85.43665,27.790514,2024
85.43665,27.790522,2024
85.43665,27.79053,2024
85.43666,27.790537,2024
85.43666,27.790545,2027
85.43667,27.790552,2027
85.43667,27.79056,2028
85.43667,27.790565,2028
85.436676,27.790573,2028
85.436676,27.79058,2028
85.436676,27.790588,2028
85.43668,27.790594,2028
85.43668,27.7906,2028
85.43668,27.790606,2029
85.43669,27.79061,2029
85.43669,27.790617,2029
85.43669,27.790623,2029
85.43669,27.790628,2029
85.43669,27.790634,2029
85.43669,27.790646,2029
85.43669,27.790648,2029
85.43668,27.790651,2029
85.43668,27.790655,2029
85.436676,27.790659,2029
85.436676,27.79066,2029
85.43667,27.790665,2029
85.43667,27.790668,2029
85.43667,27.790672,2029
85.43667,27.790678,2029
85.43667,27.790686,2029
85.43666,27.790691,2029
85.43666,27.790699,2029
85.43666,27.790709,2029
85.43665,27.790716,2029
85.43665,27.790724,2029
85.43665,27.790731,2029
85.43665,27.79074,2029
85.436646,27.790745,2029
85.436646,27.790752,2029
85.436646,27.79076,2029
85.436646,27.790768,2029
85.43664,27.790775,2029
85.43663,27.790781,2029
85.43663,27.790789,2029
85.43663,27.790792,2029
85.43663,27.790798,2029
85.43662,27.790804,2029
85.43662,27.790812,2029
85.436615,27.790821,2029
85.436615,27.790829,2029
85.43661,27.790838,2029
85.4366,27.79085,2029
85.43659,27.790861,2029
85.436584,27.790876,2029
85.436584,27.79089,2029
85.436584,27.790905,2029
85.43658,27.790916,2029
85.43658,27.790926,2029
85.43657,27.790936,2029
85.43657,27.790947,2029
85.43656,27.790955,2029
85.436554,27.790962,2029
85.43655,27.79097,2029
85.43655,27.790976,2029
85.43652,27.790987,2029
85.436516,27.79099,2029
85.43651,27.790995,2029
85.4365,27.790998,2029
85.43649,27.791002,2029
85.436485,27.791006,2029
85.43648,27.79101,2029
85.43647,27.791014,2030
85.43646,27.79102,2030
85.436455,27.791023,2030
85.43645,27.791029,2030
85.43644,27.791033,2030
85.43643,27.791039,2030
85.436424,27.79104,2030
85.436424,27.791044,2030
85.43642,27.791048,2030
85.43641,27.791054,2031
85.43641,27.791061,2031
85.4364,27.791067,2031
85.4364,27.791073,2031
85.43639,27.79108,2031
85.436386,27.79109,2031
85.43638,27.791098,2031
85.43637,27.791105,2031
85.43636,27.791113,2031
85.436356,27.79112,2031
85.43635,27.791126,2031
85.43635,27.791132,2031
85.43634,27.791138,2031
85.43633,27.791143,2031
85.436325,27.791157,2032
85.43631,27.79116,2032
85.43631,27.791162,2032
85.4363,27.791164,2032
85.436295,27.791168,2032
85.436295,27.791172,2032
85.43629,27.791176,2032
85.43627,27.791182,2032
85.436264,27.791187,2032
85.43626,27.791191,2032
85.43624,27.791195,2032
85.436226,27.7912,2033
85.43622,27.791206,2033
85.4362,27.791212,2033
85.43619,27.791216,2033
85.43617,27.791218,2033
85.436165,27.79122,2033
85.43615,27.791225,2033
85.43614,27.79123,2033
85.436134,27.791235,2033
85.43612,27.79124,2033
85.43611,27.791245,2033
85.436104,27.79125,2034
85.4361,27.791256,2034
85.43609,27.791264,2034
85.43607,27.791273,2034
85.436066,27.79128,2034
85.43606,27.791288,2034
85.43605,27.791298,2034
85.43604,27.791304,2034
85.436035,27.791311,2034
85.43603,27.791315,2034
85.43603,27.791319,2034
85.43602,27.791323,2034
85.43602,27.791327,2035
85.43602,27.79133,2035
85.43601,27.791332,2035
85.436005,27.791336,2035
85.436,27.791342,2035
85.436,27.791346,2035
85.43599,27.791351,2035
85.43598,27.791357,2036
85.435974,27.79136,2036
85.435974,27.791367,2036
85.43597,27.79137,2036
85.43597,27.791374,2036
85.43596,27.791378,2036
85.43594,27.791388,2036
85.43594,27.79139,2036
85.43594,27.791395,2037
85.43594,27.791403,2037
85.43594,27.791409,2037
85.435936,27.791416,2037
85.435936,27.79143,2037
85.43593,27.791441,2037
85.43592,27.791449,2038
85.43591,27.791456,2038
85.435905,27.791464,2038
85.4359,27.79147,2038
85.43589,27.79148,2038
85.43588,27.791487,2038
85.435875,27.791494,2038
85.43587,27.791502,2039
85.43586,27.791512,2039
85.43585,27.79152,2039
85.435844,27.791525,2039
85.43584,27.79153,2039
85.43584,27.791534,2039
85.43583,27.791536,2039
85.43582,27.791538,2040
85.435814,27.79154,2040
85.43581,27.79154,2040
85.4358,27.791544,2040
85.43579,27.791548,2040
85.43578,27.791552,2040
85.43578,27.791555,2040
85.435776,27.79156,2040
85.43577,27.791565,2040
85.43576,27.79157,2040
85.43575,27.791574,2041
85.435745,27.791582,2041
85.435745,27.791588,2041
85.43574,27.791595,2041
85.43573,27.791603,2041
85.43573,27.79161,2041
85.43572,27.791618,2041
85.435715,27.791626,2041
85.435715,27.791632,2041
85.43571,27.79164,2041
85.43571,27.791645,2042
85.4357,27.79165,2042
85.4357,27.791658,2042
85.43569,27.791668,2042
85.43569,27.791677,2042
85.435684,27.791685,2042
85.435684,27.791697,2042
85.43568,27.791706,2042
85.43568,27.791716,2042
85.43568,27.791723,2042
85.43568,27.791729,2042
85.43568,27.791737,2043
85.43568,27.791748,2043
85.435684,27.79175,2043
85.435684,27.791752,2043
85.435684,27.791756,2043
85.435684,27.79176,2043
85.435684,27.791765,2044
85.435684,27.791769,2044
85.435684,27.791773,2044
85.435684,27.791779,2044
85.435684,27.791784,2044
85.435684,27.791794,2044
85.435684,27.791801,2044
85.435684,27.79181,2044
85.435684,27.791815,2045
85.43568,27.79184,2045
85.43568,27.791842,2045
85.43568,27.791845,2045
85.43568,27.791853,2045
85.43568,27.79186,2045
85.43568,27.79187,2045
85.43568,27.79188,2045
85.43568,27.7919,2045
85.43568,27.791903,2046
85.43568,27.791906,2046
85.43568,27.79191,2046
85.43568,27.791916,2046
85.43567,27.791922,2046
85.43568,27.791939,2046
85.43567,27.791943,2046
85.43567,27.791945,2046
85.43567,27.791948,2046
85.43567,27.791954,2046
85.43567,27.791962,2047
85.43567,27.791967,2047
85.43567,27.791975,2047
85.43567,27.79198,2047
85.43566,27.791986,2047
85.43565,27.791998,2047
85.43565,27.792,2047
85.43565,27.792002,2047
85.435646,27.792006,2047
85.435646,27.79201,2048
85.435646,27.792013,2048
85.435646,27.792023,2048
85.43564,27.792023,2048
85.43563,27.792034,2048
85.43563,27.792036,2048
85.43563,27.79204,2049
85.43563,27.792044,2049
85.43562,27.792048,2049
85.43562,27.792051,2049
85.43562,27.792055,2049
85.435616,27.792059,2049
85.435616,27.792068,2049
85.43561,27.79207,2050
85.43561,27.792072,2050
85.4356,27.792074,2050
85.4356,27.792078,2050
85.43559,27.792084,2050
85.435585,27.792091,2050
85.43558,27.792099,2050
85.43557,27.792105,2050
85.43557,27.79211,2050
85.43556,27.792118,2051
85.43556,27.792126,2051
85.43557,27.792133,2051
85.43557,27.79214,2051
85.43557,27.792162,2051
85.43557,27.792166,2051
85.43557,27.79217,2051
85.43556,27.792177,2051
85.43556,27.792187,2051
85.435555,27.792196,2051
85.435555,27.792208,2051
85.435555,27.792217,2052
85.435555,27.792225,2052
85.435555,27.79223,2052
85.43556,27.79224,2052
85.43556,27.792246,2052
85.43556,27.792252,2052
85.43556,27.792255,2052
85.43556,27.792261,2052
85.43556,27.792265,2052
85.435555,27.792278,2053
85.435555,27.79228,2053
85.435555,27.792282,2053
85.435555,27.792286,2053
85.435555,27.792292,2053
85.435555,27.792295,2053
85.43555,27.792305,2053
85.43555,27.792303,2054
85.43554,27.792307,2054
85.43554,27.792309,2054
85.43554,27.79231,2054
85.43554,27.792313,2054
85.43554,27.792316,2054
85.43553,27.79232,2055
85.43553,27.792324,2055
85.43553,27.792328,2056
85.43553,27.79234,2056
85.43553,27.792341,2056
85.43553,27.792347,2056
85.43553,27.792355,2056
85.43553,27.792364,2056
85.43553,27.792377,2057
85.43553,27.79239,2057
85.43554,27.792404,2057
85.43554,27.79242,2057
85.43554,27.792433,2057
85.43554,27.792446,2057
85.43555,27.792458,2057
85.43555,27.792467,2058
85.43555,27.792475,2058
85.43554,27.792482,2058
85.43554,27.79249,2058
85.43553,27.792515,2058
85.43553,27.792519,2058
85.435524,27.792522,2059
85.435524,27.792536,2059
85.435524,27.792538,2059
85.435524,27.792542,2059
85.43552,27.792547,2059
85.43551,27.792566,2059
85.43551,27.792568,2060
85.43551,27.792572,2060
85.43551,27.792576,2060
85.43551,27.792582,2060
85.43551,27.79259,2060
85.43551,27.792595,2060
85.43551,27.792603,2060
85.43551,27.792612,2060
85.43551,27.792622,2060
85.43551,27.792633,2060
85.43551,27.792646,2060
85.43551,27.792658,2060
85.43551,27.792671,2060
85.43551,27.79268,2060
85.43552,27.79269,2060
85.43552,27.7927,2060
85.43552,27.792713,2060
85.43552,27.792727,2060
85.43552,27.79274,2060
85.435524,27.792751,2060
85.435524,27.792765,2060
85.435524,27.792776,2060
85.435524,27.792788,2060
85.435524,27.792799,2060
85.435524,27.792809,2060
85.43552,27.79282,2060
85.43552,27.79283,2060
85.43552,27.79284,2060
85.43551,27.792847,2060
85.43551,27.792854,2060
85.43551,27.79286,2060
85.4355,27.792868,2060
85.4355,27.792875,2060
85.43549,27.792883,2060
85.435486,27.79289,2060
85.435486,27.792898,2060
85.43548,27.792902,2060
85.43548,27.79291,2060
85.43547,27.792915,2060
85.43546,27.792921,2060
85.43546,27.792925,2060
85.43546,27.792929,2060
85.435455,27.79294,2060
85.435455,27.792938,2060
85.43545,27.79294,2060
85.43545,27.792942,2060
85.43545,27.792944,2060
85.43545,27.79295,2060
85.43544,27.792957,2060
85.43544,27.792965,2060
85.43543,27.792973,2060
85.435425,27.792982,2060
85.435425,27.792988,2060
85.43542,27.792994,2060
85.43541,27.793,2060
85.4354,27.793003,2060
85.4354,27.793007,2060
85.435394,27.793013,2060
85.43539,27.79302,2061
85.43539,27.793032,2061
85.43538,27.793043,2061
85.43537,27.793058,2061
85.43536,27.793072,2061
85.43535,27.793085,2061
85.43534,27.793097,2061
85.43533,27.79311,2061
85.435326,27.793121,2061
85.435326,27.79313,2061
85.43532,27.79314,2061
85.43532,27.793154,2061
85.43531,27.793165,2061
85.43531,27.793179,2061
85.43531,27.79319,2061
85.43531,27.793203,2061
85.43532,27.793217,2061
85.43532,27.793234,2061
85.43532,27.79325,2061
85.43532,27.793262,2061
85.43531,27.793274,2061
85.43531,27.793283,2061
85.43531,27.793293,2061
85.43531,27.793304,2061
85.43531,27.793314,2061
85.43531,27.793325,2061
85.43531,27.793337,2061
85.4353,27.793348,2061
85.4353,27.79336,2061
85.4353,27.793373,2061
85.435295,27.793385,2061
85.435295,27.7934,2061
85.435295,27.793411,2061
85.435295,27.793425,2061
85.435295,27.793438,2061
85.4353,27.79345,2061
85.4353,27.793459,2061
85.4353,27.79347,2062
85.4353,27.793478,2062
85.4353,27.793488,2062
85.43531,27.793497,2062
85.43531,27.793507,2062
85.43532,27.793514,2062
85.43532,27.793522,2062
85.435326,27.793531,2062
85.435326,27.793543,2062
85.43533,27.793552,2062
85.43533,27.793562,2062
85.43533,27.793573,2062
85.43533,27.793583,2062
85.43533,27.79359,2062
85.43533,27.793598,2063
85.43533,27.793604,2063
85.43533,27.79361,2063
85.435326,27.793617,2063
85.435326,27.793623,2063
85.43532,27.79363,2063
85.43532,27.793638,2063
85.43531,27.793646,2063
85.43531,27.793653,2063
85.4353,27.793661,2064
85.4353,27.793667,2064
85.4353,27.793673,2064
85.435295,27.793678,2064
85.435295,27.793682,2064
85.435295,27.793688,2064
85.435295,27.793695,2064
85.43529,27.7937,2064
85.43529,27.793703,2064
85.43528,27.793716,2064
85.43527,27.793724,2065
85.43527,27.793728,2065
85.43527,27.793736,2065
85.435265,27.793745,2065
85.435265,27.793755,2065
85.43526,27.793766,2065
85.43525,27.793776,2065
85.43525,27.793785,2065
85.43525,27.793793,2065
85.43524,27.7938,2065
85.43524,27.793808,2065
85.435234,27.793818,2065
85.435234,27.793827,2065
85.43523,27.793835,2065
85.43522,27.79384,2065
85.43522,27.793846,2065
85.43521,27.793854,2065
85.4352,27.79386,2066
85.4352,27.793867,2066
85.435196,27.793873,2066
85.43519,27.793879,2066
85.43519,27.793882,2066
85.43518,27.793888,2066
85.43517,27.793898,2066
85.435165,27.793907,2066
85.435165,27.793917,2066
85.43516,27.793924,2066
85.43515,27.793934,2066
85.43514,27.793943,2067
85.43514,27.793953,2067
85.435135,27.793962,2067
85.43513,27.793974,2067
85.43512,27.793982,2067
85.43511,27.793993,2067
85.43511,27.794,2067
85.435104,27.79401,2067
85.4351,27.79402,2067
85.43509,27.79403,2067
85.43509,27.794039,2068
85.43508,27.794048,2068
85.43508,27.79406,2068
85.435074,27.794071,2068
85.435074,27.794083,2068
85.43507,27.794092,2068
85.43506,27.794102,2068
85.43505,27.794111,2068
85.43504,27.794119,2068
85.435036,27.794127,2068
85.43503,27.794134,2068
85.43502,27.794142,2068
85.43501,27.79415,2069
85.43501,27.794157,2069
85.43501,27.794167,2069
85.43501,27.794174,2069
85.435005,27.794182,2069
85.435005,27.79419,2069
85.435005,27.794195,2069
85.435,27.7942,2069
85.43499,27.794207,2069
85.43499,27.794212,2069
85.43498,27.794218,2069
85.43498,27.794226,2069
85.43498,27.794235,2070
85.434975,27.794243,2070
85.43497,27.794252,2070
85.43496,27.794262,2070
85.43495,27.794271,2070
85.434944,27.794283,2070
85.43494,27.794292,2070
85.43493,27.794302,2070
85.43492,27.794312,2070
85.43491,27.794321,2070
85.434906,27.794327,2070
85.4349,27.794334,2070
85.43488,27.794342,2070
85.434875,27.79435,2070
85.43487,27.794357,2070
85.43486,27.794365,2070
85.43485,27.794373,2070
85.434845,27.79438,2070
85.43484,27.794386,2070
85.43482,27.794394,2070
85.434814,27.7944,2070
85.43481,27.794407,2070
85.43479,27.794413,2070
85.434784,27.79442,2070
85.43477,27.794426,2070
85.43476,27.794436,2070
85.434746,27.794445,2070
85.43473,27.794455,2070
85.43472,27.794464,2070
85.43471,27.794474,2070
85.43469,27.794483,2070
85.434685,27.794493,2070
85.43467,27.794504,2070
85.434654,27.794516,2070
85.43464,27.794527,2070
85.43463,27.79454,2070
85.43462,27.794552,2070
85.434616,27.794563,2070
85.43461,27.794575,2070
85.43461,27.794584,2070
85.4346,27.794596,2070
85.4346,27.79461,2070
85.43459,27.794619,2070
85.43459,27.794632,2070
85.43459,27.794645,2070
85.434586,27.794659,2070
85.43458,27.794672,2070
85.43458,27.794683,2070
85.43457,27.794695,2070
85.43456,27.794708,2070
85.43456,27.794718,2070
85.434555,27.79473,2070
85.434555,27.794739,2070
85.43455,27.794748,2070
85.43454,27.794758,2070
85.43454,27.794765,2070
85.43453,27.794777,2070
85.434525,27.794785,2070
85.43452,27.794796,2070
85.43452,27.794806,2070
85.43451,27.794817,2070
85.4345,27.794827,2070
85.434494,27.794836,2070
85.43449,27.794844,2070
85.43447,27.794851,2070
85.43446,27.794855,2070
85.43445,27.79486,2070
85.43444,27.794865,2070
85.43443,27.794868,2070
85.434425,27.794874,2070
85.43441,27.794882,2070
85.4344,27.794888,2070
85.434395,27.794895,2070
85.43439,27.7949,2070
85.43438,27.794907,2070
85.434364,27.794914,2070
85.43436,27.794922,2070
85.43434,27.794933,2070
85.43433,27.794943,2070
85.43432,27.794956,2070
85.43431,27.794968,2070
85.434296,27.79498,2070
85.43429,27.79499,2070
85.43427,27.795,2070
85.434265,27.795012,2070
85.43426,27.795021,2070
85.43424,27.795029,2070
85.434235,27.795038,2070
85.43423,27.795048,2070
85.43423,27.795055,2070
85.43422,27.795063,2070
85.43422,27.79507,2070
85.43421,27.795078,2070
85.43421,27.795086,2070
85.434204,27.795095,2070
85.434204,27.795107,2070
85.4342,27.795118,2070
85.4342,27.795134,2070
85.4342,27.795147,2070
85.4342,27.795162,2070
85.4342,27.795174,2070
85.43419,27.795185,2070
85.43419,27.795195,2070
85.43419,27.795206,2070
85.43419,27.795216,2070
85.43418,27.795227,2069
85.43418,27.795238,2069
85.43418,27.795248,2069
85.43417,27.795258,2069
85.43417,27.795269,2069
85.43417,27.79528,2069
85.43417,27.79529,2069
85.434166,27.795298,2069
85.434166,27.795307,2069
85.43416,27.795315,2069
85.43416,27.795324,2069
85.43415,27.795334,2069
85.43414,27.795345,2069
85.434135,27.795357,2069
85.43413,27.795372,2069
85.43412,27.795385,2069
85.43411,27.795397,2069
85.43411,27.795408,2069
85.434105,27.795422,2069
85.4341,27.795435,2069
85.43409,27.79545,2069
85.43409,27.795464,2069
85.43408,27.795477,2069
85.43408,27.79549,2069
85.43408,27.795504,2069
85.434074,27.795519,2069
85.434074,27.795532,2069
85.434074,27.795544,2069
85.434074,27.795559,2069
85.43407,27.79557,2069
85.43407,27.795582,2069
85.43406,27.795593,2069
85.43406,27.795603,2069
85.43406,27.795612,2069
85.43406,27.79562,2069
85.43406,27.795626,2069
85.43406,27.79563,2069
85.43406,27.795658,2069
85.43407,27.795656,2069
85.43406,27.795656,2069
85.43406,27.795658,2069
85.43406,27.79566,2069
85.43406,27.795664,2069
85.43407,27.795666,2069
85.43407,27.795668,2069
85.43407,27.795666,2069
85.434074,27.795666,2069
85.43407,27.795662,2069
85.434074,27.795664,2069
85.434074,27.79568,2069
85.43407,27.795683,2069
85.43406,27.79569,2069
85.43405,27.795702,2069
85.434044,27.795715,2069
85.43403,27.79573,2069
85.43402,27.795744,2068
85.43401,27.795757,2068
85.434006,27.795769,2068
85.434,27.795778,2068
85.43399,27.795801,2068
85.43398,27.795803,2068
85.43398,27.795805,2068
85.433975,27.79581,2068
85.43397,27.795815,2068
85.43397,27.795818,2068
85.43396,27.795822,2068
85.43395,27.795834,2068
85.43395,27.795835,2068
85.433945,27.795837,2068
85.433945,27.795841,2068
85.43393,27.795845,2068
85.43392,27.79585,2068
85.433914,27.795856,2068
85.43391,27.79586,2068
85.43391,27.795864,2068
85.4339,27.795868,2068
85.43389,27.795872,2068
85.43388,27.795881,2068
85.433876,27.795881,2068
85.43387,27.795883,2068
85.43386,27.795887,2068
85.43385,27.795893,2068
85.43384,27.7959,2068
85.43383,27.795906,2068
85.433815,27.795912,2068
85.43381,27.795918,2068
85.4338,27.795923,2068
85.43379,27.79593,2068
85.433784,27.795935,2068
85.43378,27.79594,2068
85.43376,27.795948,2068
85.433754,27.795956,2068
85.43375,27.795961,2068
85.43374,27.79597,2068
85.43374,27.795969,2068
85.43373,27.795973,2068
85.43372,27.795979,2068
85.433716,27.795984,2068
85.43371,27.795992,2068
85.4337,27.796,2068
85.43369,27.796007,2068
85.433685,27.796017,2068
85.43368,27.796028,2068
85.43367,27.796041,2068
85.433655,27.796055,2068
85.43365,27.796064,2069
85.43364,27.796072,2069
85.43363,27.79608,2069
85.433624,27.796087,2069
85.43362,27.796097,2069
85.43361,27.796106,2069
85.4336,27.796118,2069
85.43359,27.79613,2069
85.433586,27.796143,2069
85.43358,27.796154,2069
85.43357,27.796165,2069
85.43356,27.796177,2069
85.433556,27.796188,2069
85.43355,27.7962,2069
85.43354,27.796213,2070
85.43354,27.796225,2070
85.43353,27.796236,2070
85.43353,27.796247,2070
85.433525,27.79626,2070
85.43352,27.796272,2070
85.43352,27.796284,2070
85.43351,27.796295,2070
85.43351,27.796307,2071
85.4335,27.796316,2071
85.4335,27.79633,2071
85.433495,27.796339,2071
85.433495,27.796349,2071
85.43349,27.796362,2071
85.43349,27.796373,2071
85.43349,27.796385,2071
85.43348,27.796413,2071
85.43348,27.796415,2072
85.43347,27.796421,2072
85.433464,27.796427,2072
85.433464,27.796434,2072
85.43346,27.796438,2072
85.43346,27.796442,2072
85.43345,27.796448,2072
85.43344,27.796453,2072
85.43343,27.796463,2072
85.433426,27.796473,2072
85.433426,27.796482,2072
85.43342,27.79649,2073
85.43341,27.796497,2073
85.43341,27.796503,2073
85.4334,27.796507,2073
85.433395,27.79651,2073
85.433395,27.796516,2073
85.43338,27.796524,2073
85.43338,27.796535,2073
85.43337,27.79655,2073
85.43337,27.796564,2074
85.43337,27.79658,2074
85.43337,27.796595,2074
85.43337,27.796608,2074
85.43337,27.796618,2074
85.43338,27.796629,2074
85.43338,27.796637,2074
85.43338,27.796644,2074
85.43339,27.796665,2074
85.43339,27.796667,2074
85.43339,27.796669,2074
85.43339,27.79667,2074
85.43339,27.796684,2075
85.43339,27.796692,2075
85.43339,27.796694,2075
85.433395,27.7967,2076
85.4334,27.79671,2076
85.43341,27.79672,2077
85.433426,27.796734,2077
85.43343,27.796745,2077
85.43344,27.796755,2077
85.43346,27.796764,2078
85.433464,27.796776,2078
85.43347,27.796787,2078
85.43349,27.796797,2078
85.43349,27.796804,2078
85.433495,27.796814,2078
85.4335,27.796824,2078
85.43351,27.796835,2078
85.43352,27.796844,2078
85.433525,27.796854,2079
85.43353,27.796864,2079
85.43353,27.79687,2079
85.43354,27.796875,2079
85.43354,27.796879,2079
85.43354,27.796886,2079
85.43355,27.79689,2080
85.43355,27.796894,2080
85.433556,27.796907,2080
85.433556,27.79691,2080
85.43355,27.79691,2080
85.43355,27.796907,2081
85.43355,27.796911,2081
85.43355,27.796913,2081
85.43355,27.796917,2081
85.433556,27.79693,2081
85.43356,27.796936,2082
85.43356,27.796938,2082
85.43356,27.79694,2083
85.43357,27.79695,2083
85.43357,27.796959,2083
85.43358,27.79697,2084
85.433586,27.796982,2084
85.43359,27.796995,2085
85.43361,27.797012,2085
85.43362,27.797026,2085
85.433624,27.797043,2085
85.43364,27.797056,2086
85.43364,27.797066,2086
85.43365,27.797073,2086
85.433655,27.79708,2086
85.43366,27.797083,2086
85.43368,27.79709,2086
85.433685,27.79709,2086
85.433685,27.797092,2087
85.43369,27.797096,2087
85.4337,27.797104,2087
85.43371,27.797112,2087
85.433716,27.797117,2087
85.43372,27.797127,2087
85.43373,27.797136,2087
85.43374,27.797144,2087
85.43375,27.79715,2087
85.433754,27.797153,2087
85.43376,27.797157,2088
85.43378,27.797163,2088
85.433784,27.797167,2088
85.43379,27.797169,2088
85.4338,27.79717,2088
85.433815,27.79717,2088
85.43382,27.797173,2088
85.43383,27.797174,2088
85.43383,27.797178,2089
85.43384,27.79718,2089
85.433846,27.797188,2089
85.43385,27.797195,2089
85.43385,27.797201,2089
85.43386,27.797205,2089
85.43386,27.797216,2089
85.43386,27.797218,2090
85.43387,27.797224,2090
85.433876,27.797224,2090
85.433876,27.797228,2090
85.433876,27.797226,2090
85.43388,27.797228,2090
85.43389,27.797228,2090
85.43389,27.79723,2090
85.43389,27.797232,2090
85.43391,27.797235,2090
85.43392,27.797237,2090
85.43393,27.797249,2090
85.43393,27.79725,2090
85.43393,27.797256,2090
85.43393,27.797264,2090
85.43393,27.797274,2090
85.43393,27.797287,2090
85.43393,27.7973,2090
85.43394,27.797314,2090
85.43394,27.797327,2090
85.43394,27.797338,2090
85.43394,27.797367,2090
85.43394,27.79738,2094
85.43394,27.797382,2094
85.43394,27.797386,2095
85.43394,27.797392,2095
85.43394,27.797396,2095
85.43394,27.797401,2095
85.433945,27.797407,2096
85.433945,27.797415,2096
85.433945,27.79742,2096
85.43395,27.797426,2096
85.43395,27.79743,2096
85.43396,27.797445,2096
85.43397,27.797455,2097
85.43396,27.797457,2097
85.43396,27.79746,2097
85.43396,27.797466,2097
85.43396,27.797474,2098
85.43396,27.79748,2098
85.43396,27.797487,2098
85.43396,27.797495,2098
85.43396,27.7975,2098
85.43395,27.797504,2098
85.43395,27.797508,2098
85.43395,27.797514,2099
85.433945,27.79752,2099
85.433945,27.797525,2099
85.43394,27.797533,2099
85.43394,27.797539,2099
85.43393,27.797544,2099
85.43392,27.797552,2099
85.43392,27.79756,2099
85.43392,27.797567,2100
85.43392,27.797573,2100
85.433914,27.79758,2100
85.433914,27.79759,2100
85.433914,27.797596,2100
85.433914,27.797604,2100
85.43391,27.797613,2100
85.43391,27.797623,2100
85.43391,27.797632,2100
85.43391,27.797642,2100
85.4339,27.79765,2101
85.4339,27.797657,2101
85.4339,27.797665,2101
85.4339,27.79767,2101
85.43391,27.797686,2101
85.4339,27.797686,2102
85.4339,27.797693,2102
85.43391,27.797693,2102
85.43391,27.797697,2102
85.433914,27.7977,2102
85.43392,27.797705,2102
85.43392,27.797707,2102
85.43393,27.797709,2102
85.43394,27.797714,2103
85.43394,27.797716,2103
85.43394,27.79772,2103
85.43394,27.797724,2103
85.43394,27.797728,2103
85.43394,27.797733,2103
85.433945,27.797737,2103
85.433945,27.797743,2104
85.43395,27.797747,2104
85.43395,27.79775,2104
85.43395,27.797758,2104
85.43395,27.797766,2104
85.43396,27.797773,2104
85.43396,27.797783,2104
85.43397,27.79779,2104
85.43397,27.797794,2104
85.433975,27.797802,2105
85.433975,27.797808,2105
85.433975,27.797813,2105
85.433975,27.79782,2105
85.43398,27.797823,2105
85.43398,27.797827,2105
85.43398,27.79783,2105
85.43399,27.797834,2105
85.43399,27.797838,2105
85.43399,27.797846,2106
85.43399,27.79785,2106
85.43399,27.797855,2106
85.43399,27.797861,2106
85.43399,27.797867,2106
85.43399,27.797873,2106
85.434,27.797876,2106
85.434,27.797882,2106
85.434,27.797886,2107
85.434,27.79789,2107
85.434,27.797894,2107
85.434,27.797897,2107
85.434,27.797901,2107
85.434,27.797905,2107
85.434,27.797907,2107
85.434,27.79791,2108
85.434,27.797916,2108
85.434,27.79792,2108
85.434006,27.797924,2108
85.434006,27.797928,2108
85.434006,27.79793,2108
85.434006,27.797934,2109
85.434006,27.797937,2109
85.43401,27.797941,2109
85.43401,27.79795,2109
85.43401,27.797958,2109
85.43401,27.79796,2109
85.43402,27.79797,2109
85.43401,27.797974,2109
85.43401,27.797976,2110
85.43401,27.797977,2110
85.43401,27.797981,2110
85.43401,27.797987,2110
85.43402,27.797993,2110
85.43402,27.798,2110
85.43402,27.798006,2110
85.43402,27.798012,2110
85.43402,27.79802,2110
85.43402,27.798023,2111
85.43403,27.798029,2111
85.43403,27.798033,2111
85.43402,27.798037,2111
85.43402,27.79804,2111
85.43402,27.798046,2111
85.43402,27.79805,2112
85.43402,27.798054,2112
85.43402,27.798058,2112
85.43402,27.79806,2112
85.43402,27.798063,2112
85.43402,27.798067,2112
85.43402,27.79807,2113
85.43402,27.798075,2113
85.43401,27.79808,2113
85.43401,27.798086,2113
85.43401,27.798094,2113
85.43401,27.798101,2113
85.43401,27.798111,2113
85.43402,27.798119,2113
85.43402,27.798126,2113
85.43402,27.79813,2114
85.43403,27.798136,2114
85.43403,27.798143,2114
85.43404,27.79815,2114
85.434044,27.798168,2114
85.43404,27.798172,2114
85.43404,27.79818,2114
85.43404,27.798185,2115
85.43404,27.798191,2115
85.43404,27.798197,2115
85.434044,27.798204,2115
85.434044,27.798212,2115
85.43405,27.798218,2115
85.43405,27.798222,2115
85.43405,27.798223,2115
85.43406,27.798223,2115
85.43406,27.798227,2115
85.43406,27.79823,2115
85.43406,27.798235,2115
85.43407,27.798239,2115
85.434074,27.798243,2115
85.43408,27.798248,2116
85.43408,27.798256,2116
85.43409,27.798262,2116
85.4341,27.798267,2116
85.434105,27.798275,2116
85.434105,27.79828,2116
85.434105,27.798285,2116
85.43411,27.79829,2117
85.43411,27.798296,2117
85.43412,27.798302,2117
85.43412,27.798307,2117
85.43412,27.798315,2117
85.43412,27.798323,2117
85.43412,27.79833,2117
85.43413,27.798338,2117
85.43413,27.798344,2118
85.43413,27.79835,2118
85.434135,27.798355,2118
85.434135,27.79836,2118
85.434135,27.798367,2118
85.43414,27.798372,2118
85.43414,27.798378,2118
85.43414,27.798384,2118
85.43414,27.79839,2119
85.43414,27.798393,2119
85.43414,27.798399,2119
85.43414,27.798405,2119
85.43414,27.79841,2119
85.43415,27.798418,2119
85.43415,27.798424,2119
85.43415,27.798431,2119
85.43415,27.798439,2120
85.43415,27.798445,2120
85.43415,27.79845,2120
85.43415,27.798456,2120
85.43415,27.798462,2120
85.43415,27.798468,2120
85.43415,27.798473,2120
85.43415,27.79848,2120
85.43415,27.798485,2120
85.43416,27.798492,2120
85.43416,27.7985,2120
85.43416,27.79851,2120
85.43416,27.798517,2120
85.43416,27.798527,2120
85.43416,27.798536,2120
85.43416,27.798546,2120
85.43415,27.798553,2120
85.43415,27.798561,2120
85.43415,27.798567,2120
85.43416,27.798573,2120
85.43416,27.798578,2120
85.43416,27.798586,2120
85.434166,27.798592,2120
85.434166,27.798597,2120
85.434166,27.798603,2120
85.43417,27.798609,2120
85.43417,27.798616,2120
85.43418,27.798622,2120
85.43418,27.79863,2120
85.43418,27.798637,2120
85.43419,27.798647,2120
85.43419,27.798656,2120
85.4342,27.798666,2120
85.434204,27.798677,2120
85.434204,27.798689,2120
85.43421,27.798702,2120
85.43422,27.798714,2120
85.43422,27.798723,2120
85.43423,27.798733,2120
85.43423,27.798742,2120
85.434235,27.798752,2120
85.434235,27.798763,2120
85.434235,27.798773,2120
85.434235,27.798782,2120
85.434235,27.79879,2120
85.434235,27.798798,2120
85.434235,27.798805,2120
85.43423,27.798813,2120
85.43423,27.79882,2120
85.43422,27.79883,2120
85.43422,27.79884,2120
85.43422,27.79885,2120
85.43421,27.798859,2120
85.43421,27.798868,2120
85.43421,27.79888,2120
85.434204,27.798891,2120
85.434204,27.798903,2120
85.434204,27.798914,2120
85.43421,27.798925,2120
85.43421,27.798935,2120
85.43421,27.798944,2120
85.43422,27.798954,2120
85.43422,27.798964,2120
85.43422,27.798975,2120
85.43423,27.798985,2120
85.43423,27.798994,2120
85.43423,27.799004,2120
85.43423,27.799011,2120
85.434235,27.799017,2121
85.434235,27.799025,2121
85.434235,27.79903,2121
85.43425,27.799042,2121
85.43425,27.799044,2121
85.43425,27.799047,2121
85.43426,27.799053,2121
85.43426,27.79906,2121
85.434265,27.79907,2121
85.434265,27.799078,2121
85.434265,27.799086,2121
85.434265,27.799095,2121
85.434265,27.799103,2121
85.434265,27.79911,2121
85.43426,27.799118,2121
85.43426,27.799124,2121
85.43424,27.79913,2121
85.434235,27.799137,2121
85.43423,27.799143,2121
85.43422,27.79915,2121
85.43421,27.799158,2121
85.434204,27.799166,2121
85.434204,27.799173,2121
85.4342,27.799181,2121
85.43419,27.799189,2121
85.43419,27.799196,2121
85.43419,27.799204,2121
85.43419,27.799212,2121
85.43419,27.79922,2121
85.43419,27.799227,2121
85.43419,27.799234,2121
85.43419,27.799242,2121
85.43419,27.79925,2121
85.43418,27.799257,2121
85.43418,27.799265,2121
85.43417,27.799273,2121
85.434166,27.799278,2121
85.434166,27.799286,2121
85.434166,27.799292,2121
85.434166,27.799297,2121
85.43416,27.799313,2121
85.434166,27.799313,2121
85.43416,27.799316,2121
85.43416,27.79933,2121
85.43416,27.799332,2121
85.43416,27.799334,2121
85.43415,27.799335,2123
85.43415,27.79934,2123
85.43414,27.799341,2123
85.434135,27.799345,2123
85.43413,27.799349,2123
85.43413,27.79935,2123
85.43412,27.799355,2124
85.43411,27.79936,2124
85.434105,27.799364,2124
85.4341,27.799368,2124
85.43409,27.799374,2124
85.43408,27.79938,2124
85.434074,27.799385,2125
85.43407,27.79939,2125
85.43406,27.799398,2125
85.43405,27.799404,2126
85.434044,27.799414,2126
85.43404,27.799423,2126
85.43403,27.799433,2126
85.43402,27.799442,2126
85.43401,27.799454,2126
85.43401,27.799465,2126
85.434006,27.799475,2126
85.434,27.799486,2127
85.43399,27.799496,2127
85.43398,27.799505,2127
85.43398,27.799513,2127
85.433975,27.799522,2127
85.43397,27.799532,2127
85.43396,27.79954,2127
85.43396,27.799545,2127
85.43395,27.799553,2127
85.43395,27.799557,2127
85.43395,27.79956,2127
85.433945,27.799562,2127
85.433945,27.799557,2127
85.43394,27.799562,2127
85.43394,27.799564,2127
85.433945,27.799566,2127
85.433945,27.799568,2127
85.43394,27.799568,2127
85.43392,27.799568,2127
85.43392,27.799564,2127
85.433914,27.799568,2127
85.433914,27.799574,2127
85.4339,27.799576,2127
85.4339,27.799582,2127
85.4339,27.799583,2127
85.4339,27.799585,2127
85.43391,27.79959,2127
85.43391,27.799593,2127
85.43391,27.799599,2127
85.433914,27.799603,2127
85.433914,27.799606,2127
85.43392,27.799612,2127
85.43392,27.799616,2127
85.43394,27.799625,2127
85.433945,27.799625,2127
85.43394,27.799625,2127
85.43393,27.799625,2127
85.43392,27.799625,2127
85.433914,27.799633,2127
85.43391,27.799639,2127
85.4339,27.79963,2127
85.4339,27.799622,2127
85.43386,27.799608,2127
85.43386,27.799599,2127
85.43386,27.79958,2127
85.43386,27.799578,2127
85.43386,27.799566,2127
85.43386,27.799576,2127
85.43385,27.799574,2127
85.433846,27.799574,2127
85.43384,27.79958,2127
85.4338,27.79959,2127
85.4338,27.799591,2127
85.43381,27.79962,2127
85.43383,27.799627,2127
85.43383,27.79963,2127
85.43384,27.799631,2127
85.43384,27.799635,2127
85.433846,27.799639,2127
85.433876,27.799662,2127
85.433876,27.799664,2127
85.433876,27.799656,2127
85.43387,27.799654,2127
85.43387,27.799652,2127
85.43387,27.799644,2127
85.433876,27.799631,2127
85.43388,27.799627,2127
85.43388,27.799625,2127
85.43391,27.799614,2127
85.43393,27.799614,2127
85.43396,27.7996,2127
85.433975,27.799604,2127
85.433975,27.79961,2127
85.433975,27.799614,2127
85.433975,27.799604,2127
85.433975,27.7996,2127
85.43397,27.799599,2127
85.43396,27.799595,2127
85.43394,27.7996,2127
85.43394,27.799603,2127
85.433945,27.799606,2127
85.43395,27.79961,2127
85.43397,27.799614,2127
85.433975,27.799618,2127
85.43398,27.799623,2127
85.43399,27.799627,2127
85.434,27.799631,2127
85.434006,27.799635,2127
85.43401,27.799639,2127
85.43401,27.79964,2127
85.43402,27.799644,2127
85.43403,27.799648,2127
85.43404,27.799654,2127
85.43404,27.799656,2127
85.434044,27.79966,2127
85.43405,27.799662,2127
85.43406,27.799665,2127
85.43406,27.799667,2127
85.43407,27.79967,2127
85.434074,27.799671,2127
85.434074,27.799673,2127
85.43408,27.799677,2127
85.43409,27.79968,2127
85.4341,27.799685,2127
85.434105,27.799686,2127
85.434105,27.799688,2127
85.43411,27.799688,2127
85.43412,27.799688,2127
85.43412,27.79969,2127
85.43412,27.799694,2127
85.43413,27.799698,2127
85.43413,27.799702,2127
85.434135,27.799706,2127
85.434135,27.79971,2127
85.434135,27.799713,2127
85.43414,27.799717,2127
85.43414,27.799719,2127
85.43415,27.799719,2127
85.43415,27.79972,2127
85.43416,27.799723,2127
85.434166,27.799725,2127
85.434166,27.799726,2127
85.43417,27.799728,2127
85.43418,27.79973,2127
85.43418,27.799732,2127
85.43419,27.799734,2127
85.4342,27.799736,2127
85.434204,27.799738,2127
85.434204,27.79974,2127
85.434204,27.799742,2127
85.434204,27.799744,2127
85.43421,27.799753,2127
85.43421,27.799757,2127
85.43421,27.799759,2127
85.43421,27.79976,2127
85.43422,27.799763,2127
85.43422,27.799765,2127
85.43423,27.799765,2127
85.43423,27.799767,2127
85.434235,27.799765,2127
85.43424,27.799765,2127
85.43426,27.799767,2127
85.434265,27.799768,2127
85.43427,27.79977,2127
85.43427,27.799774,2127
85.43428,27.79978,2127
85.43429,27.799786,2127
85.434296,27.799791,2127
85.4343,27.799799,2127
85.43431,27.799805,2127
85.43432,27.799812,2127
85.43433,27.79982,2141
85.43434,27.799826,2141
85.43435,27.799833,2141
85.43436,27.799839,2141
85.43436,27.799845,2141
85.434364,27.79985,2141
85.43437,27.799854,2142
85.43437,27.799858,2142
85.43438,27.79986,2142
85.43439,27.79986,2142
85.4344,27.799864,2142
85.4344,27.799862,2142
85.43441,27.799864,2142
85.43441,27.799866,2143
85.43441,27.799868,2143
85.43441,27.799873,2143
85.43441,27.79988,2143
85.43441,27.799887,2143
85.43441,27.799894,2143
85.43441,27.799902,2143
85.43441,27.799911,2143
85.43441,27.79992,2143
85.43441,27.799929,2143
85.43441,27.799934,2144
85.43441,27.79994,2144
85.43441,27.799946,2144
85.43441,27.799952,2144
85.43442,27.799957,2144
85.43442,27.799961,2144
85.43442,27.799965,2144
85.434425,27.799969,2145
85.434425,27.799973,2145
85.434425,27.799976,2145
85.43443,27.799984,2145
85.434425,27.799986,2145
85.434425,27.799988,2145
85.434425,27.799992,2145
85.43442,27.799997,2145
85.43442,27.800001,2145
85.43441,27.800007,2145
85.43441,27.800013,2145
85.4344,27.800016,2146
85.4344,27.800022,2146
85.4344,27.800028,2146
85.4344,27.800034,2146
85.4344,27.800041,2146
85.4344,27.800047,2146
85.4344,27.800053,2146
85.43441,27.800058,2146
85.43441,27.800064,2147
85.43441,27.80007,2147
85.43442,27.800076,2147
85.43442,27.80008,2147
85.43442,27.800083,2147
85.434425,27.800087,2147
85.434425,27.80009,2147
85.434425,27.800095,2147
85.43443,27.800097,2148
85.43444,27.800106,2148
85.43444,27.800108,2148
85.43444,27.80011,2148
85.43444,27.800116,2148
85.43444,27.80012,2149
85.43444,27.800125,2149
85.43444,27.80013,2149
85.43444,27.800133,2149
85.43444,27.800135,2149
85.43444,27.80014,2149
85.43444,27.800144,2149
85.43444,27.800148,2149
85.43444,27.800152,2149
85.43444,27.800156,2150
85.43443,27.800161,2150
85.43443,27.800169,2150
85.43443,27.800175,2150
85.434425,27.800186,2150
85.434425,27.800184,2150
85.43442,27.800186,2150
85.43441,27.800188,2150
85.43441,27.80019,2151
85.434395,27.800196,2151
85.43439,27.800198,2151
85.43439,27.800207,2151
85.43439,27.800209,2151
85.43438,27.80021,2152
85.43438,27.800213,2152
85.43438,27.800215,2152
85.43437,27.800219,2152
85.43437,27.800224,2152
85.43437,27.800228,2152
85.43437,27.800232,2153
85.43437,27.800236,2153
85.43436,27.800247,2153
85.43435,27.80025,2153
85.43435,27.800251,2153
85.43435,27.800255,2153
85.43434,27.800259,2153
85.43434,27.800264,2153
85.43434,27.80027,2153
85.43434,27.800278,2153
85.43433,27.800285,2153
85.43433,27.800293,2153
85.434326,27.800299,2154
85.434326,27.800304,2154
85.434326,27.80032,2154
85.43432,27.800323,2154
85.43432,27.800331,2154
85.43431,27.800337,2154
85.43431,27.800346,2154
85.4343,27.800356,2154
85.4343,27.800362,2154
85.434296,27.800367,2154
85.43429,27.800373,2155
85.43429,27.80038,2155
85.43428,27.800388,2155
85.43427,27.800398,2155
85.434265,27.800407,2155
85.43426,27.800415,2155
85.43425,27.80042,2155
85.43424,27.800426,2155
85.43424,27.80043,2155
85.434235,27.800436,2156
85.434235,27.800444,2156
85.43423,27.80045,2156
85.43423,27.800457,2156
85.43422,27.800463,2156
85.43422,27.800468,2156
85.43421,27.800474,2156
85.434204,27.800482,2156
85.4342,27.800488,2156
85.43419,27.800495,2156
85.43418,27.8005,2156
85.43417,27.800507,2156
85.434166,27.80051,2156
85.43416,27.800516,2156
85.43416,27.800524,2156
85.43415,27.800531,2156
85.43414,27.800539,2156
85.434135,27.800549,2156
85.434135,27.800556,2156
85.43413,27.800564,2157
85.43412,27.800573,2157
85.43412,27.800581,2157
85.43411,27.800592,2157
85.43411,27.800602,2157
85.43411,27.800611,2157
85.434105,27.800621,2157
85.434105,27.80063,2157
85.434105,27.80064,2157
85.4341,27.80065,2157
85.4341,27.800657,2157
85.4341,27.800669,2157
85.43409,27.800678,2157
85.43409,27.80069,2157
85.43409,27.800701,2157
85.43408,27.80071,2157
85.43408,27.80072,2157
85.434074,27.80073,2157
85.43407,27.800737,2158
85.43407,27.800747,2158
85.43406,27.800756,2158
85.43405,27.800766,2158
85.434044,27.800777,2158
85.434044,27.800787,2158
85.43404,27.800797,2158
85.43404,27.800806,2158
85.43403,27.800814,2158
85.43402,27.800823,2158
85.43402,27.800835,2158
85.43401,27.800846,2158
85.434006,27.800856,2158
85.434006,27.800863,2158
85.434,27.800873,2158
85.43399,27.80088,2158
85.43398,27.800888,2159
85.43398,27.800898,2159
85.433975,27.800907,2159
85.433975,27.800915,2159
85.433975,27.800924,2159
85.433975,27.800932,2159
85.433975,27.80094,2159
85.433975,27.80095,2159
85.433975,27.800957,2159
85.433975,27.800964,2159
85.433975,27.800972,2160
85.433975,27.80098,2160
85.43398,27.80099,2160
85.43398,27.800997,2160
85.43398,27.801004,2160
85.43399,27.80101,2160
85.434,27.801016,2160
85.434,27.801022,2160
85.434006,27.801025,2160
85.43401,27.801031,2161
85.43402,27.801037,2161
85.43403,27.80104,2161
85.43404,27.801046,2161
85.434044,27.801052,2161
85.43405,27.801056,2161
85.43406,27.801062,2161
85.43407,27.801067,2161
85.434074,27.801075,2161
85.43408,27.801083,2161
85.43409,27.801092,2161
85.4341,27.801102,2161
85.434105,27.80111,2161
85.43411,27.801117,2161
85.43413,27.801125,2161
85.434135,27.80113,2161
85.43414,27.801138,2161
85.43416,27.801144,2161
85.434166,27.80115,2161
85.43417,27.801155,2161
85.43418,27.80116,2161
85.43419,27.801165,2161
85.4342,27.801168,2161
85.434204,27.801174,2161
85.43421,27.80118,2161
85.43422,27.801186,2161
85.434235,27.80119,2161
85.43424,27.801193,2161
85.43425,27.801199,2161
85.434265,27.801205,2161
85.43427,27.80121,2161
85.43428,27.801218,2161
85.434296,27.801226,2161
85.4343,27.801231,2161
85.43432,27.801235,2161
85.43433,27.801237,2161
85.43434,27.80124,2161
85.43435,27.801247,2161
85.43435,27.801249,2161
85.43436,27.80125,2162
85.43436,27.801252,2162
85.434364,27.801256,2162
85.434364,27.801262,2162
85.43437,27.80127,2162
85.43437,27.801277,2162
85.43437,27.801285,2163
85.43438,27.80129,2163
85.43438,27.801298,2163
85.43438,27.801306,2163
85.43439,27.801313,2163
85.43439,27.801323,2163
85.434395,27.80133,2163
85.434395,27.801338,2163
85.434395,27.801346,2163
85.434395,27.801352,2163
85.434395,27.80136,2163
85.43439,27.801367,2163
85.43439,27.801374,2163
85.43439,27.801382,2164
85.43439,27.80139,2164
85.43439,27.8014,2164
85.43439,27.801409,2164
85.43439,27.80142,2164
85.43439,27.80143,2164
85.43439,27.801441,2164
85.43439,27.801449,2164
85.43439,27.801456,2164
85.43439,27.801464,2164
85.43439,27.801468,2164
85.43439,27.801474,2164
85.43439,27.80148,2164
85.43439,27.801487,2164
85.43438,27.801495,2164
85.43438,27.801504,2164
85.43438,27.801516,2165
85.43438,27.801525,2165
85.43438,27.801538,2165
85.43438,27.80155,2165
85.43438,27.80156,2165
85.43439,27.801601,2165
85.43439,27.801603,2165
85.43439,27.801605,2165
85.43439,27.801609,2165
85.434395,27.801613,2165
85.4344,27.801619,2165
85.4344,27.801626,2165
85.43441,27.801634,2165
85.43442,27.801643,2166
85.434425,27.801655,2166
85.43443,27.801664,2166
85.43443,27.801674,2166
85.43444,27.801683,2166
85.43445,27.801693,2166
85.43445,27.801704,2166
85.434456,27.801718,2166
85.43446,27.801731,2166
85.43447,27.801743,2166
85.43448,27.801752,2166
85.43449,27.80176,2166
85.4345,27.801767,2166
85.43451,27.801775,2166
85.43452,27.80178,2166
85.434525,27.801786,2166
85.43453,27.801794,2166
85.43454,27.801802,2166
85.43454,27.801813,2166
85.43455,27.80182,2167
85.434555,27.80183,2167
85.434555,27.801838,2167
85.43456,27.801847,2167
85.43457,27.801855,2167
85.43457,27.80186,2167
85.43458,27.801868,2167
85.434586,27.801878,2167
85.434586,27.801886,2167
85.43459,27.801893,2167
85.4346,27.801899,2168
85.4346,27.801905,2168
85.43461,27.80191,2168
85.434616,27.801916,2168
85.43462,27.801924,2168
85.43463,27.801931,2168
85.43464,27.801937,2168
85.434654,27.801945,2168
85.43466,27.801952,2168
85.43468,27.801962,2168
85.434685,27.801973,2168
85.4347,27.801983,2168
85.43471,27.80199,2168
85.434715,27.801998,2168
85.434715,27.802008,2168
85.43472,27.802015,2168
85.43473,27.802023,2168
85.43473,27.80203,2169
85.43473,27.802036,2169
85.43474,27.802042,2169
85.43474,27.802048,2169
85.434746,27.802053,2169
85.434746,27.802061,2169
85.434746,27.802067,2169
85.434746,27.802076,2169
85.434746,27.802084,2169
85.43474,27.802092,2169
85.43474,27.8021,2169
85.43474,27.802105,2169
85.43474,27.80211,2170
85.43474,27.802118,2170
85.43474,27.802126,2170
85.43474,27.802134,2170
85.43474,27.802143,2170
85.43474,27.802153,2170
85.43474,27.802164,2170
85.43474,27.802176,2170
85.43474,27.802187,2170
85.43473,27.8022,2170
85.43473,27.802214,2170
85.43473,27.802227,2171
85.43473,27.802242,2171
85.43472,27.802256,2171
85.43472,27.80227,2171
85.43473,27.80228,2171
85.43473,27.802288,2171
85.43474,27.802296,2171
85.43474,27.802305,2171
85.43474,27.802313,2171
85.434746,27.802322,2171
85.434746,27.80233,2171
85.434746,27.802336,2171
85.43475,27.802343,2171
85.43475,27.802351,2171
85.43475,27.802357,2171
85.43475,27.802362,2171
85.43475,27.80237,2171
85.43475,27.80238,2171
85.43475,27.80239,2171
85.43475,27.802395,2171
85.43475,27.802402,2172
85.43475,27.802406,2172
85.43475,27.802414,2172
85.43475,27.802422,2172
85.43475,27.802427,2172
85.43475,27.802431,2172
85.43475,27.802437,2172
85.43476,27.80244,2172
85.43476,27.802448,2172
85.43477,27.802458,2172
85.43478,27.802467,2172
85.43478,27.802475,2172
85.43478,27.802483,2172
85.43478,27.80249,2172
85.43478,27.802498,2172
85.43478,27.802505,2173
85.43478,27.802515,2173
85.43478,27.802525,2173
85.43478,27.802536,2173
85.43478,27.802546,2173
85.43478,27.802557,2173
85.43478,27.802567,2173
85.43478,27.802578,2173
85.43478,27.802586,2173
85.43478,27.802597,2173
85.434784,27.802607,2174
85.434784,27.802616,2174
85.434784,27.802628,2174
85.43479,27.802637,2174
85.43479,27.802647,2174
85.4348,27.802652,2174
85.4348,27.80266,2174
85.43481,27.802666,2174
85.434814,27.802681,2174
85.43482,27.802683,2174
85.43482,27.802685,2174
85.43483,27.802689,2175
85.43483,27.80269,2175
85.43484,27.802696,2175
85.43484,27.8027,2175
85.43484,27.802706,2175
85.43484,27.802711,2175
85.434845,27.80272,2176
85.434845,27.802729,2176
85.434845,27.802736,2176
85.434845,27.802744,2176
85.434845,27.80275,2176
85.43485,27.802755,2176
85.43485,27.802763,2176
85.43486,27.802769,2176
85.43487,27.802776,2177
85.43487,27.802782,2177
85.434875,27.802786,2177
85.434875,27.802792,2177
85.43488,27.802795,2177
85.43489,27.802801,2177
85.4349,27.802807,2177
85.4349,27.802813,2177
85.434906,27.802816,2177
85.434906,27.802822,2178
85.43491,27.802826,2178
85.43491,27.80283,2178
85.43492,27.802835,2178
85.43493,27.802845,2178
85.43494,27.80285,2178
85.43495,27.802858,2178
85.43496,27.802866,2178
85.43497,27.802874,2178
85.434975,27.802883,2178
85.43499,27.802893,2179
85.435,27.8029,2179
85.43501,27.80291,2179
85.43502,27.80292,2179
85.43503,27.802927,2179
85.435036,27.802935,2179
85.435036,27.802942,2179
85.43504,27.80295,2179
85.43505,27.802958,2180
85.43505,27.802963,2180
85.43505,27.80297,2180
85.43505,27.802977,2180
85.43506,27.802984,2180
85.43506,27.802992,2180
85.43506,27.803,2180
85.43507,27.803005,2180
85.43507,27.80301,2181
85.435074,27.803015,2181
85.43508,27.803019,2181
85.43509,27.803022,2181
85.43509,27.803028,2181
85.4351,27.803034,2181
85.435104,27.80304,2181
85.43511,27.803045,2181
85.43512,27.80305,2181
85.43513,27.803055,2181
85.43513,27.803059,2181
85.435135,27.803064,2181
85.43514,27.803068,2181
85.43515,27.803072,2181
85.43516,27.803074,2181
85.43516,27.803078,2181
85.435165,27.803082,2182
85.435165,27.803085,2182
85.43517,27.80309,2182
85.43517,27.803095,2182
85.43517,27.8031,2182
85.43518,27.803106,2182
85.43518,27.803112,2182
85.43518,27.803116,2183
85.43518,27.803122,2183
85.43519,27.803127,2183
85.43519,27.803133,2183
85.43519,27.803139,2183
85.43519,27.803143,2183
85.43519,27.803148,2183
85.435196,27.803154,2184
85.435196,27.80316,2184
85.4352,27.803165,2184
85.43521,27.803173,2184
85.43521,27.803179,2184
85.43521,27.803186,2184
85.43522,27.803194,2184
85.43522,27.8032,2184
85.43523,27.803207,2184
85.43523,27.803215,2184
85.43523,27.803223,2185
85.43523,27.80323,2185
85.43523,27.803236,2185
85.43523,27.803246,2185
85.43523,27.803253,2185
85.435234,27.803263,2185
85.435234,27.80327,2185
85.435234,27.803276,2185
85.435234,27.803282,2185
85.435234,27.803284,2186
85.435234,27.803286,2186
85.43524,27.803291,2186
85.43524,27.803293,2186
85.43524,27.803295,2186
85.435234,27.803297,2186
85.435234,27.803299,2187
85.435234,27.803303,2187
85.43523,27.803307,2187
85.43523,27.803308,2187
85.43523,27.803312,2187
85.435234,27.803318,2187
85.435234,27.803322,2187
85.435234,27.803328,2188
85.435234,27.803345,2188
85.43525,27.803362,2188
85.43525,27.803364,2189
85.43525,27.803366,2189
85.43525,27.803368,2189
85.43524,27.80337,2189
85.43524,27.803371,2190
85.435234,27.803381,2190
85.435234,27.803383,2190
85.435234,27.803394,2190
85.435234,27.803396,2190
85.435234,27.803398,2190
85.43524,27.803408,2190
85.43525,27.803411,2191
85.43525,27.803415,2191
85.43525,27.803421,2192
85.43526,27.803425,2192
85.43526,27.80343,2192
85.435265,27.803438,2192
85.43527,27.803448,2192
85.43528,27.803457,2192
85.43529,27.803467,2192
85.435295,27.803476,2192
85.4353,27.803482,2193
85.4353,27.803488,2193
85.43532,27.8035,2193
85.43532,27.803501,2193
85.43532,27.803507,2193
85.435326,27.803513,2193
85.435326,27.803518,2194
85.435326,27.803522,2194
85.435326,27.803526,2194
85.43532,27.80353,2194
85.435326,27.803543,2194
85.43533,27.803547,2194
85.43535,27.803566,2194
85.43535,27.803568,2194
85.43535,27.803572,2194
85.435356,27.803577,2194
85.43536,27.803583,2194
85.43536,27.803589,2195
85.43537,27.803595,2195
85.43538,27.8036,2195
85.43538,27.803606,2195
85.43539,27.803614,2195
85.43539,27.80362,2195
85.435394,27.803625,2195
85.435394,27.80363,2195
85.435394,27.803637,2196
85.4354,27.803644,2196
85.4354,27.803652,2196
85.4354,27.803658,2196
85.4354,27.803663,2196
85.43541,27.803667,2196
85.43541,27.80367,2197
85.43541,27.803677,2197
85.43542,27.803684,2197
85.435425,27.803692,2197
85.43543,27.803701,2197
85.43545,27.803709,2197
85.435455,27.803717,2198
85.43546,27.803726,2198
85.43547,27.803738,2198
85.43547,27.803747,2198
85.43547,27.80376,2198
85.435486,27.80385,2198
85.435486,27.803852,2198
85.435486,27.803856,2198
85.435486,27.803862,2199
85.435486,27.80387,2199
85.435486,27.803875,2199
85.43549,27.803883,2199
85.43549,27.80389,2199
85.43549,27.803898,2199
85.43549,27.803907,2199
85.4355,27.803917,2199
85.4355,27.803925,2199
85.4355,27.803934,2199
85.4355,27.803944,2199
85.4355,27.803953,2199
85.4355,27.80396,2200
85.4355,27.803968,2200
85.4355,27.803978,2200
85.4355,27.803986,2200
85.4355,27.803995,2200
85.43551,27.804003,2200
85.43551,27.804014,2200
85.43551,27.804024,2200
85.43551,27.804033,2200
85.43552,27.804043,2200
85.43552,27.804052,2200
85.435524,27.804062,2200
85.435524,27.80407,2200
85.43553,27.80408,2200
85.43553,27.804089,2200
85.43554,27.804096,2200
85.43555,27.804106,2201
85.43555,27.804115,2201
85.435555,27.804125,2201
85.435555,27.804134,2201
85.435555,27.804144,2201
85.43556,27.804153,2201
85.43556,27.804165,2201
85.43556,27.804174,2201
85.43556,27.804184,2201
85.43556,27.804193,2201
85.43556,27.804205,2201
85.43557,27.804216,2201
85.43557,27.804226,2201
85.43558,27.804235,2201
85.43558,27.804245,2201
85.43558,27.804256,2201
85.43558,27.804266,2201
85.43558,27.804276,2201
85.43558,27.804285,2201
85.435585,27.804295,2201
85.435585,27.804304,2201
85.435585,27.804312,2201
85.43559,27.80432,2201
85.4356,27.804329,2201
85.4356,27.804337,2201
85.43561,27.804346,2202
85.43561,27.804354,2202
85.435616,27.804363,2202
85.435616,27.80437,2202
85.435616,27.80438,2202
85.435616,27.80439,2202
85.435616,27.804398,2202
85.435616,27.804407,2202
85.43562,27.804417,2202
85.43562,27.804424,2202
85.43563,27.804432,2202
85.43563,27.804441,2202
85.43564,27.80445,2202
85.435646,27.804457,2202
85.435646,27.804466,2202
85.43565,27.804474,2203
85.43565,27.804483,2203
85.43566,27.804493,2203
85.43566,27.804502,2203
85.43567,27.804512,2203
85.43567,27.804523,2203
85.43568,27.804533,2203
85.43568,27.804543,2203
85.435684,27.804552,2203
85.435684,27.804562,2203
85.43569,27.804571,2203
85.43569,27.80458,2203
85.43569,27.80459,2203
85.4357,27.8046,2203
85.4357,27.804611,2203
85.43569,27.80462,2203
85.43569,27.804632,2203
85.435684,27.804642,2203
85.435684,27.804653,2203
85.43568,27.804663,2203
85.43567,27.804674,2203
85.43567,27.804686,2204
85.43566,27.804695,2204
85.43566,27.804707,2204
85.43565,27.804718,2204
85.43565,27.80473,2204
85.435646,27.804743,2204
85.435646,27.804752,2204
85.435646,27.804764,2204
85.435646,27.804777,2204
85.43564,27.804789,2204
85.43564,27.8048,2204
85.43564,27.804811,2204
85.43564,27.804821,2204
85.43564,27.804834,2204
85.43564,27.804846,2204
85.43564,27.80486,2204
85.43564,27.80487,2204
85.43564,27.804882,2204
85.43564,27.804895,2204
85.43564,27.804909,2204
85.43563,27.80492,2204
85.43563,27.804932,2204
85.43563,27.804943,2204
85.43563,27.804953,2204
85.43564,27.804966,2204
85.43564,27.804977,2204
85.43564,27.80499,2204
85.435646,27.805004,2204
85.435646,27.805016,2204
85.43565,27.805029,2204
85.43565,27.805042,2204
85.43566,27.805054,2204
85.43566,27.805065,2204
85.43566,27.805075,2204
85.43567,27.805084,2204
85.43568,27.805124,2204
85.43568,27.805128,2204
85.435684,27.805132,2204
85.435684,27.80514,2204
85.435684,27.805147,2204
85.43569,27.805157,2204
85.43569,27.805168,2204
85.4357,27.805178,2204
85.43571,27.80519,2204
85.43571,27.805199,2204
85.43571,27.80521,2204
85.43571,27.805218,2204
85.43571,27.805225,2204
85.435715,27.805235,2204
85.435715,27.805244,2204
85.435715,27.805256,2204
85.435715,27.805265,2204
85.43572,27.805275,2204
85.43573,27.805285,2204
85.43574,27.805296,2204
85.435745,27.805307,2204
85.435745,27.805315,2204
85.43575,27.805323,2204
85.43576,27.80533,2204
85.43577,27.805336,2204
85.435776,27.805344,2204
85.43578,27.805347,2204
85.43579,27.805353,2204
85.4358,27.805359,2204
85.43581,27.805365,2204
85.435814,27.805368,2204
85.43582,27.805372,2204
85.43583,27.805374,2204
85.43584,27.805376,2204
85.435844,27.80538,2204
85.43585,27.805382,2204
85.43586,27.805386,2204
85.43587,27.80539,2204
85.43588,27.805393,2204
85.43589,27.805399,2204
85.4359,27.805408,2204
85.43591,27.805418,2204
85.43592,27.805426,2204
85.43593,27.805435,2204
85.43594,27.805445,2204
85.43595,27.805452,2204
85.43597,27.805458,2204
85.435974,27.805462,2204
85.43598,27.805464,2204
85.43599,27.805468,2204
85.436,27.805471,2204
85.43601,27.805477,2204
85.43602,27.80548,2204
85.43603,27.805483,2204
85.436035,27.805487,2204
85.43605,27.80549,2204
85.43606,27.805494,2204
85.436066,27.805502,2204
85.43607,27.80551,2204
85.43609,27.805517,2204
85.4361,27.805523,2204
85.436104,27.805527,2204
85.43611,27.80553,2204
85.43612,27.805534,2204
85.43613,27.805538,2204
85.43614,27.805542,2204
85.43615,27.805548,2204
85.43616,27.805553,2204
85.436165,27.80556,2204
85.43617,27.805567,2204
85.43618,27.805576,2205
85.43619,27.805582,2205
85.4362,27.80559,2205
85.43621,27.805597,2205
85.43622,27.805603,2205
85.43623,27.805614,2205
85.43625,27.805622,2205
85.43626,27.805632,2205
85.436264,27.805641,2205
85.43627,27.80565,2205
85.43628,27.80566,2206
85.43628,27.80567,2206
85.43629,27.80568,2206
85.43629,27.805689,2206
85.436295,27.805696,2206
85.4363,27.805706,2206
85.4363,27.805716,2206
85.43631,27.805721,2206
85.43631,27.80573,2207
85.43631,27.805738,2207
85.43631,27.805746,2207
85.43631,27.805754,2207
85.43631,27.805763,2207
85.43631,27.805773,2207
85.43632,27.805782,2207
85.436325,27.805792,2207
85.436325,27.805803,2207
85.43633,27.805815,2207
85.43633,27.805826,2207
85.43633,27.805838,2207
85.43633,27.80585,2207
85.43633,27.80586,2207
85.436325,27.805872,2207
85.436325,27.805883,2207
85.436325,27.805893,2207
85.436325,27.8059,2207
85.436325,27.805908,2207
85.43633,27.805916,2207
85.43633,27.805925,2207
85.43634,27.805935,2207
85.43635,27.805944,2207
85.436356,27.805956,2207
85.43636,27.805967,2207
85.43638,27.80598,2207
85.436386,27.805994,2207
85.43639,27.80601,2207
85.4364,27.806023,2207
85.43642,27.806034,2207
85.436424,27.806044,2207
85.43644,27.806053,2207
85.43645,27.80606,2207
85.436455,27.806068,2207
85.43647,27.806074,2207
85.43648,27.806082,2207
85.436485,27.806087,2207
85.4365,27.806091,2207
85.43651,27.806097,2207
85.436516,27.806105,2207
85.43652,27.806112,2207
85.43653,27.80612,2207
85.43654,27.806126,2207
85.43654,27.806133,2207
85.43655,27.80614,2207
85.436554,27.806149,2207
85.436554,27.806156,2208
85.43656,27.806166,2208
85.43657,27.806173,2208
85.43658,27.806181,2208
85.43658,27.806187,2208
85.436584,27.806208,2208
85.436584,27.80621,2209
85.43659,27.806221,2209
85.4366,27.80622,2209
85.43661,27.806221,2210
85.436615,27.806221,2210
85.436615,27.806223,2210
85.43662,27.806225,2211
85.43663,27.80623,2211
85.43663,27.806236,2211
85.43664,27.806242,2211
85.43665,27.806248,2211
85.43666,27.806253,2211
85.43667,27.806261,2212
85.436676,27.806269,2212
85.43668,27.806276,2212
85.43668,27.806282,2212
85.43669,27.806288,2212
85.43669,27.806293,2212
85.43669,27.8063,2213
85.43669,27.806309,2213
85.43668,27.806316,2213
85.43668,27.806324,2213
85.43669,27.80633,2213
85.43669,27.806335,2213
85.43669,27.806341,2214
85.43669,27.806347,2214
85.43669,27.80635,2214
85.4367,27.806356,2214
85.4367,27.806362,2214
85.43671,27.806368,2214
85.43671,27.806376,2214
85.436714,27.80638,2215
85.43672,27.806383,2215
85.43673,27.806389,2215
85.436745,27.80639,2215
85.43675,27.806395,2215
85.43676,27.806396,2215
85.43676,27.8064,2215
85.43677,27.806402,2216
85.436775,27.806404,2216
85.436775,27.806406,2216
85.43678,27.80641,2216
85.43679,27.806412,2216
85.43679,27.806414,2216
85.4368,27.806414,2216
85.436806,27.806412,2217
85.43681,27.806412,2217
85.43682,27.806412,2217
85.43683,27.806416,2217
85.43684,27.80642,2217
85.43684,27.806425,2218
85.436844,27.806433,2218
85.43685,27.80644,2218
85.43686,27.806448,2218
85.43687,27.806456,2218
85.43687,27.806461,2218
85.436874,27.806465,2218
85.436874,27.80647,2218
85.43688,27.806477,2219
85.43689,27.806484,2219
85.43689,27.806492,2219
85.4369,27.806498,2219
85.436905,27.806507,2219
85.43691,27.806515,2219
85.43692,27.80652,2220
85.43693,27.806524,2220
85.436935,27.806532,2220
85.43694,27.80654,2220
85.43695,27.806547,2220
85.43695,27.806553,2220
85.43696,27.80656,2220
85.43696,27.806566,2221
85.436966,27.806572,2221
85.436966,27.806578,2221
85.43697,27.806585,2221
85.43698,27.806593,2221
85.43698,27.806599,2221
85.43699,27.806604,2221
85.437,27.806608,2221
85.437004,27.806612,2221
85.437004,27.806616,2221
85.43701,27.80662,2222
85.43701,27.806627,2222
85.43701,27.806633,2222
85.43701,27.80664,2222
85.43701,27.806648,2222
85.43702,27.806656,2222
85.43702,27.806662,2222
85.43702,27.80667,2223
85.43702,27.806677,2223
85.43702,27.806686,2223
85.43703,27.806692,2223
85.43703,27.8067,2223
85.43703,27.806705,2223
85.43703,27.806711,2223
85.437035,27.806717,2223
85.437035,27.80672,2224
85.43704,27.806725,2224
85.43704,27.806728,2224
85.43705,27.806732,2224
85.43705,27.806734,2224
85.43706,27.806736,2224
85.437065,27.80674,2224
85.437065,27.806746,2224
85.43707,27.806747,2224
85.43708,27.806751,2224
85.43709,27.806753,2224
85.437096,27.806755,2225
85.4371,27.806759,2225
85.4371,27.806765,2225
85.43711,27.806772,2225
85.43711,27.80678,2225
85.43712,27.80679,2225
85.437126,27.806797,2225
85.43713,27.806805,2226
85.43714,27.806812,2226
85.43715,27.806818,2226
85.43716,27.806824,2226
85.437164,27.80683,2226
85.43717,27.806835,2226
85.43717,27.806837,2226
85.43718,27.80684,2226
85.43719,27.806845,2226
85.43719,27.806849,2226
85.437195,27.806852,2226
85.4372,27.806854,2226
85.43721,27.806854,2226
85.43722,27.806856,2227
85.437225,27.806858,2227
85.43724,27.80686,2227
85.43725,27.806862,2227
85.437256,27.806866,2227
85.43727,27.806879,2227
85.43727,27.80688,2227
85.43727,27.806887,2227
85.43728,27.806896,2228
85.43728,27.806906,2228
85.43729,27.806915,2228
85.43729,27.806923,2228
85.437294,27.806932,2228
85.437294,27.806942,2228
85.4373,27.80695,2228
85.4373,27.806957,2229
85.43731,27.806963,2229
85.43731,27.806969,2229
85.43732,27.806974,2229
85.43732,27.80698,2229
85.43732,27.806984,2229
85.437325,27.806988,2230
85.437325,27.806992,2230
85.437325,27.806995,2230
85.43733,27.807001,2230
85.43734,27.807007,2230
85.43735,27.807014,2230
85.437355,27.80702,2230
85.437355,27.807024,2230
85.43736,27.80703,2231
85.43736,27.807035,2231
85.43736,27.807043,2231
85.43736,27.807049,2231
85.43736,27.807056,2231
85.43737,27.807062,2231
85.43737,27.807068,2231
85.43738,27.807085,2231
85.43738,27.807089,2232
85.43738,27.80709,2232
85.43737,27.807095,2232
85.43737,27.807098,2232
85.43737,27.807102,2232
85.43736,27.807104,2232
85.43736,27.807106,2233
85.43736,27.807108,2233
85.43736,27.80711,2233
85.43736,27.807112,2233
85.43736,27.807117,2233
85.43736,27.807138,2234
85.43737,27.807152,2234
85.43737,27.807156,2234
85.43738,27.807158,2235
85.43738,27.807161,2235
85.43738,27.807163,2235
85.43738,27.807167,2235
85.437386,27.807169,2235
85.437386,27.807173,2235
85.437386,27.807178,2236
85.437386,27.807186,2236
85.437386,27.807196,2236
85.437386,27.807209,2236
85.43739,27.80722,2236
85.43739,27.80723,2236
85.43739,27.807238,2236
85.4374,27.807243,2237
85.43741,27.80726,2237
85.43741,27.807262,2237
85.4374,27.807281,2237
85.4374,27.807283,2237
85.4374,27.80729,2238
85.43741,27.807299,2238
85.43741,27.80731,2238
85.43741,27.80732,2238
85.437416,27.80733,2238
85.437416,27.807335,2238
85.437416,27.807343,2238
85.437416,27.807352,2238
85.43742,27.80736,2238
85.43742,27.80737,2238
85.43743,27.807379,2238
85.43743,27.807388,2238
85.43744,27.807396,2238
85.43745,27.807405,2238
85.437454,27.807417,2238
85.437454,27.807425,2238
85.437454,27.807432,2238
85.43746,27.80744,2239
85.43746,27.807447,2239
85.43747,27.80747,2239
85.43748,27.807472,2239
85.43748,27.807476,2239
85.437485,27.807484,2239
85.43749,27.807495,2239
85.4375,27.807508,2240
85.4375,27.80752,2240
85.43751,27.807531,2240
85.437515,27.80754,2240
85.437515,27.807554,2240
85.43752,27.807564,2240
85.43753,27.807577,2240
85.43753,27.807589,2240
85.43754,27.807596,2241
85.43754,27.807604,2241
85.43754,27.807613,2241
85.437546,27.807623,2241
85.437546,27.807632,2241
85.43755,27.807644,2241
85.43755,27.807653,2241
85.43755,27.807665,2241
85.43755,27.807674,2242
85.43756,27.807686,2242
85.43757,27.8077,2242
85.43758,27.80771,2242
85.437584,27.80772,2242
85.437584,27.80773,2242
85.43759,27.807735,2242
85.43759,27.807745,2242
85.43759,27.807753,2242
85.4376,27.807762,2242
85.4376,27.80777,2242
85.4376,27.80778,2242
85.4376,27.807789,2242
85.4376,27.807796,2242
85.4376,27.807806,2242
85.4376,27.807814,2242
85.4376,27.807823,2242
85.4376,27.807838,2242
85.4376,27.807854,2242
85.43761,27.807869,2242
85.437614,27.807886,2242
85.437614,27.807898,2242
85.437614,27.807909,2242
85.43762,27.807919,2242
85.43762,27.80793,2242
85.43763,27.807938,2242
85.43764,27.807947,2242
85.437645,27.807955,2242
85.437645,27.807964,2242
85.43765,27.807974,2242
85.43765,27.807983,2242
85.43766,27.807991,2242
85.43766,27.808002,2242
85.43766,27.808014,2242
85.43767,27.808025,2242
85.43767,27.808035,2242
85.43767,27.808044,2242
85.43767,27.808054,2242
85.43767,27.808064,2242
85.43767,27.808071,2242
85.43767,27.80808,2242
85.437675,27.80809,2242
85.437675,27.8081,2242
85.437675,27.80811,2242
85.43768,27.808115,2242
85.4377,27.808151,2243
85.437706,27.808153,2243
85.437706,27.808159,2243
85.43771,27.808165,2243
85.43771,27.808172,2243
85.43772,27.808182,2243
85.43773,27.808191,2243
85.43773,27.8082,2243
85.43774,27.808212,2243
85.437744,27.808224,2243
85.437744,27.808233,2243
85.437744,27.808243,2243
85.437744,27.808249,2243
85.437744,27.808256,2243
85.437744,27.808264,2243
85.437744,27.808271,2243
85.437744,27.808279,2243
85.43774,27.808287,2243
85.43773,27.808294,2243
85.43772,27.808302,2243
85.43772,27.808311,2243
85.43772,27.808323,2243
85.43771,27.808332,2243
85.43771,27.808342,2243
85.43771,27.80835,2243
85.43771,27.80836,2243
85.43771,27.808367,2243
85.43771,27.808376,2243
85.437706,27.808384,2243
85.437706,27.808392,2243
85.437706,27.808401,2243
85.437706,27.808409,2243
85.4377,27.808416,2243
85.4377,27.808424,2243
85.43769,27.80843,2243
85.43769,27.808437,2243
85.43768,27.808445,2243
85.43768,27.808449,2243
85.43768,27.808455,2243
85.43768,27.80846,2243
85.43768,27.808468,2243
85.43768,27.808475,2243
85.43768,27.808483,2243
85.43769,27.808495,2243
85.43769,27.808502,2243
85.4377,27.808512,2243
85.4377,27.808525,2243
85.4377,27.808538,2243
85.437706,27.80855,2243
85.437706,27.808561,2243
85.437706,27.80857,2243
85.43771,27.808578,2243
85.43771,27.808586,2243
85.43771,27.808592,2245
85.43771,27.808596,2245
85.43771,27.808603,2245
85.43771,27.808613,2245
85.43772,27.808624,2245
85.43772,27.808634,2245
85.43772,27.808645,2245
85.43772,27.808657,2245
85.43772,27.80867,2245
85.43772,27.808681,2245
85.43772,27.808691,2245
85.43772,27.8087,2245
85.43773,27.80871,2245
85.43773,27.808718,2245
85.43773,27.808727,2245
85.43773,27.808737,2245
85.43773,27.808748,2245
85.43773,27.808758,2245
85.43773,27.80877,2245
85.43773,27.808779,2245
85.43772,27.80879,2245
85.43772,27.8088,2245
85.43772,27.808811,2245
85.43771,27.808823,2245
85.43771,27.808834,2245
85.43771,27.808846,2245
85.43771,27.808857,2245
85.437706,27.808868,2246
85.437706,27.808878,2246
85.437706,27.808887,2246
85.437706,27.808899,2246
85.437706,27.808908,2246
85.43771,27.808918,2247
85.43771,27.808928,2247
85.43772,27.808937,2247
85.43772,27.808945,2247
85.43773,27.808952,2247
85.43773,27.808962,2247
85.43774,27.808971,2247
85.43774,27.80898,2247
85.43774,27.80899,2248
85.43774,27.808998,2248
85.437744,27.809006,2248
85.437744,27.809011,2248
85.437744,27.80902,2248
85.437744,27.809027,2248
85.437744,27.809036,2249
85.437744,27.809046,2249
85.437744,27.809055,2249
85.437744,27.809065,2249
85.43774,27.809076,2249
85.43774,27.809088,2249
85.43773,27.8091,2249
85.43773,27.80911,2249
85.43772,27.80912,2249
85.43771,27.80913,2249
85.43771,27.80914,2249
85.437706,27.809149,2249
85.437706,27.809158,2249
85.437706,27.80917,2249
85.437706,27.80918,2249
85.437706,27.80919,2249
85.437706,27.809202,2249
85.437706,27.809214,2249
85.437706,27.809221,2250
85.437706,27.809229,2250
85.437706,27.809237,2250
85.437706,27.809244,2250
85.437706,27.809252,2250
85.437706,27.809261,2250
85.437706,27.809269,2250
85.4377,27.809277,2251
85.4377,27.809282,2251
85.4377,27.809288,2251
85.4377,27.809294,2251
85.4377,27.809301,2251
85.4377,27.809309,2251
85.4377,27.809319,2251
85.4377,27.809328,2251
85.43769,27.809338,2251
85.43769,27.80935,2251
85.43769,27.80936,2251
85.43769,27.809374,2251
85.43769,27.809385,2251
85.43769,27.809399,2251
85.43769,27.80941,2251
85.43769,27.809423,2251
85.4377,27.809437,2251
85.4377,27.809448,2251
85.43769,27.80946,2251
85.43769,27.809471,2251
85.43769,27.80948,2251
85.43769,27.809492,2251
85.43769,27.809502,2251
85.43768,27.809511,2251
85.437675,27.80952,2251
85.43767,27.80953,2251
85.43767,27.809542,2251
85.43766,27.809553,2251
85.43766,27.809565,2251
85.43765,27.809576,2251
85.43765,27.80959,2251
85.43765,27.8096,2251
85.43765,27.80961,2251
85.43765,27.80962,2251
85.43765,27.80963,2251
85.437645,27.809637,2251
85.437645,27.809647,2251
85.437645,27.809654,2251
85.437645,27.809664,2252
85.437645,27.809673,2252
85.437645,27.809683,2252
85.437645,27.809692,2252
85.437645,27.809704,2252
85.437645,27.809711,2253
85.437645,27.809721,2253
85.437645,27.809729,2253
85.437645,27.809738,2253
85.43764,27.809744,2253
85.43764,27.809752,2253
85.43764,27.80976,2253
85.43764,27.809765,2253
85.43764,27.809772,2253
85.43764,27.809778,2254
85.43764,27.809784,2254
85.43763,27.809788,2254
85.43763,27.809792,2254
85.43763,27.809797,2254
85.43763,27.809803,2254
85.43762,27.809809,2254
85.43762,27.809813,2255
85.43762,27.809816,2255
85.437614,27.80982,2255
85.437614,27.809824,2255
85.43761,27.80983,2255
85.43761,27.809832,2255
85.43761,27.809837,2255
85.4376,27.809841,2255
85.4376,27.809847,2256
85.43759,27.809853,2256
85.43759,27.809858,2256
85.43759,27.809866,2256
85.437584,27.809874,2256
85.437584,27.809881,2256
85.437584,27.809893,2256
85.437584,27.809902,2256
85.437584,27.80991,2256
85.43759,27.809917,2256
85.43759,27.809923,2256
85.437584,27.809929,2257
85.437584,27.809935,2257
85.437584,27.809942,2257
85.437584,27.80995,2257
85.437584,27.809956,2257
85.437584,27.809963,2257
85.43758,27.809969,2257
85.43758,27.809975,2258
85.43757,27.80998,2258
85.43757,27.809986,2258
85.43756,27.809992,2258
85.43755,27.809996,2258
85.437546,27.810001,2258
85.43754,27.810009,2258
85.43753,27.810017,2258
85.43753,27.810024,2259
85.43752,27.810032,2259
85.437515,27.81004,2259
85.437515,27.810045,2259
85.43751,27.810047,2259
85.4375,27.810051,2259
85.43749,27.810055,2259
85.43748,27.81006,2259
85.43747,27.810066,2260
85.43746,27.810074,2260
85.437454,27.810081,2260
85.43745,27.810085,2260
85.43744,27.810091,2260
85.43744,27.810095,2260
85.43743,27.8101,2260
85.43742,27.810108,2260
85.43742,27.810116,2260
85.43742,27.810125,2261
85.43743,27.810133,2261
85.43743,27.810143,2261
85.43743,27.810152,2261
85.43743,27.81016,2261
85.43743,27.810167,2262
85.43743,27.810175,2262
85.43743,27.81018,2262
85.43743,27.810186,2262
85.43743,27.810192,2262
85.43743,27.8102,2262
85.43743,27.810207,2262
85.43743,27.810215,2263
85.43743,27.810228,2263
85.43743,27.810232,2263
85.43743,27.810236,2263
85.43743,27.81024,2263
85.43742,27.810247,2263
85.437416,27.810253,2263
85.43741,27.810259,2263
85.4374,27.810265,2263
85.43739,27.81027,2264
85.437386,27.81028,2264
85.43737,27.810291,2264
85.437355,27.8103,2264
85.43735,27.810308,2264
85.43733,27.810316,2264
85.43733,27.810322,2265
85.437325,27.810328,2265
85.437325,27.810333,2265
85.43732,27.81034,2265
85.43732,27.810349,2265
85.437325,27.810358,2266
85.437325,27.810368,2266
85.437325,27.810379,2266
85.437325,27.810392,2266
85.43732,27.810404,2266
85.43732,27.810415,2266
85.43732,27.810427,2266
85.43732,27.810442,2266
85.43732,27.810457,2266
85.43732,27.810472,2266
85.43732,27.810486,2266
85.437325,27.8105,2266
85.437325,27.81051,2267
85.43732,27.81052,2267
85.43732,27.81053,2267
85.43732,27.810537,2267
85.43731,27.810547,2267
85.43731,27.810556,2267
85.43731,27.810564,2267
85.4373,27.810572,2267
85.4373,27.81058,2267
85.437294,27.810587,2267
85.437294,27.810595,2268
85.43729,27.810602,2268
85.43729,27.810614,2268
85.43728,27.810623,2268
85.43728,27.810629,2268
85.43727,27.810637,2268
85.43727,27.810642,2268
85.43726,27.810646,2268
85.43726,27.81065,2269
85.437256,27.810654,2269
85.43725,27.810654,2269
85.43724,27.810656,2269
85.43723,27.810656,2269
85.43722,27.810654,2269
85.43721,27.810654,2269
85.4372,27.810652,2269
85.437195,27.81065,2269
85.43719,27.810648,2269
85.43718,27.810648,2269
85.437164,27.81065,2269
85.43716,27.810652,2269
85.43715,27.810658,2269
85.43714,27.810663,2269
85.43713,27.810669,2269
85.43712,27.810673,2268
85.43711,27.810675,2268
85.4371,27.810678,2268
85.43709,27.810684,2268
85.43708,27.810688,2268
85.437065,27.810696,2268
85.43706,27.810701,2268
85.43705,27.810709,2268
85.43704,27.810715,2268
85.437035,27.81072,2268
85.437035,27.810726,2268
85.43703,27.810732,2268
85.43703,27.810738,2268
85.43702,27.810745,2267
85.43701,27.810751,2267
85.437004,27.81076,2267
85.437,27.81077,2266
85.43699,27.810781,2266
85.43699,27.810791,2266
85.43698,27.810799,2266
85.43698,27.810802,2266
85.43697,27.810806,2266
85.436966,27.81081,2266
85.43696,27.810812,2266
85.43695,27.810812,2265
85.43694,27.810814,2265
85.436935,27.810822,2265
85.43693,27.810831,2265
85.43692,27.810843,2265
85.43691,27.81085,2265
85.436905,27.810854,2265
85.4369,27.81086,2265
85.4369,27.810865,2265
85.43688,27.810879,2265
85.436874,27.810883,2265
85.43687,27.81089,2265
85.43686,27.8109,2264
85.43685,27.810907,2264
85.436844,27.810917,2264
85.436844,27.810925,2263
85.43684,27.81093,2263
85.43684,27.81094,2263
85.43684,27.810947,2263
85.43684,27.810959,2263
85.43683,27.810968,2262
85.43683,27.810976,2262
85.43683,27.810986,2262
85.43683,27.810997,2262
85.43684,27.811008,2262
85.43684,27.81102,2262
85.43684,27.811033,2261
85.436844,27.811045,2261
85.43685,27.81106,2261
85.43686,27.811073,2261
85.43687,27.811089,2261
85.436874,27.811104,2260
85.43688,27.811117,2260
85.43689,27.811129,2260
85.4369,27.811138,2260
85.4369,27.811148,2259
85.436905,27.811161,2259
85.43691,27.811172,2259
85.43691,27.811184,2259
85.43692,27.811193,2259
85.43693,27.811218,2259
85.43693,27.811222,2259
85.43692,27.811226,2259
85.43693,27.811226,2259
85.436935,27.811226,2259
85.43694,27.811226,2259
85.43695,27.81123,2259
85.43696,27.811237,2259
85.43697,27.811245,2259
85.43699,27.811256,2259
85.437004,27.811266,2259
85.43702,27.811275,2259
85.437035,27.811287,2259
85.43706,27.811296,2259
85.43707,27.811306,2259
85.43709,27.811317,2259
85.437096,27.811329,2259
85.4371,27.811338,2259
85.43711,27.811348,2259
85.43712,27.81136,2259
85.43712,27.81137,2259
85.437126,27.811382,2259
85.437126,27.811392,2259
85.43713,27.811403,2259
85.43714,27.811415,2259
85.43714,27.811424,2259
85.43715,27.811436,2259
85.43715,27.811443,2259
85.43716,27.81145,2259
85.43716,27.811455,2259
85.43716,27.811464,2259
85.43716,27.811466,2259
85.437164,27.811464,2259
85.43717,27.811462,2259
85.43717,27.811459,2259
85.43716,27.811445,2259
85.43715,27.81145,2259
85.43716,27.811451,2259
85.437164,27.811459,2259
85.43717,27.811466,2259
85.43718,27.811478,2259
85.437195,27.81149,2259
85.4372,27.811502,2259
85.43721,27.811516,2259
85.437225,27.81153,2259
85.43723,27.811543,2258
85.43724,27.811554,2258
85.43724,27.811563,2258
85.43724,27.811575,2258
85.43724,27.811584,2258
85.43724,27.811592,2258
85.43724,27.8116,2258
85.43723,27.811607,2258
85.43723,27.811617,2258
85.43723,27.811625,2258
85.43723,27.811632,2258
85.437225,27.811638,2258
85.437225,27.811647,2258
85.43722,27.811655,2257
85.43722,27.811665,2257
85.43722,27.811674,2257
85.43722,27.811686,2257
85.43722,27.811697,2257
85.43722,27.811707,2257
85.43722,27.811716,2257
85.43722,27.811724,2257
85.437225,27.811733,2256
85.43723,27.811743,2256
85.43723,27.811752,2256
85.43724,27.811758,2256
85.43724,27.811766,2256
85.43725,27.811773,2256
85.43725,27.811783,2256
85.437256,27.81179,2256
85.437256,27.811798,2255
85.437256,27.811806,2255
85.437256,27.811813,2255
85.437256,27.811821,2255
85.43726,27.811829,2255
85.43726,27.811836,2255
85.43727,27.811846,2255
85.43728,27.811857,2255
85.43729,27.811869,2255
85.437294,27.81188,2255
85.437294,27.81189,2255
85.4373,27.8119,2255
85.4373,27.811909,2255
85.4373,27.811916,2255
85.4373,27.811926,2254
85.4373,27.811935,2254
85.4373,27.811943,2254
85.43731,27.811953,2254
85.43732,27.811962,2254
85.43732,27.811974,2254
85.437325,27.811985,2254
85.437325,27.811996,2254
85.437325,27.812008,2254
85.43733,27.812017,2254
85.43733,27.812029,2254
85.43733,27.812038,2254
85.43734,27.81205,2254
85.43735,27.812061,2254
85.43735,27.812073,2254
85.437355,27.812086,2254
85.43736,27.8121,2254
85.43736,27.812109,2254
85.43737,27.812119,2254
85.43738,27.812128,2254
85.437386,27.812138,2254
85.437386,27.812147,2254
85.43739,27.812157,2254
85.4374,27.812168,2254
85.437416,27.812178,2254
85.43742,27.81219,2254
85.43743,27.812199,2254
85.43744,27.812206,2254
85.43745,27.812216,2254
85.437454,27.812223,2254
85.43746,27.812231,2254
85.43747,27.812239,2254
85.43748,27.812248,2254
85.437485,27.812256,2254
85.437485,27.812263,2254
85.43749,27.812271,2254
85.4375,27.812279,2254
85.43751,27.812286,2254
85.43751,27.812296,2254
85.437515,27.812305,2254
85.43752,27.812315,2254
85.43752,27.812323,2254
85.43752,27.812332,2254
85.43752,27.812342,2254
85.43753,27.812353,2254
85.43753,27.812363,2254
85.43754,27.812374,2254
85.43754,27.812386,2254
85.437546,27.812399,2254
85.437546,27.81241,2254
85.43755,27.81242,2254
85.43755,27.81243,2254
85.43756,27.812439,2254
85.43756,27.812449,2254
85.43757,27.812456,2254
85.43757,27.812466,2254
85.43758,27.812475,2254
85.43758,27.812483,2254
85.43758,27.81249,2254
85.43758,27.812498,2254
85.437584,27.812508,2254
85.437584,27.812517,2254
85.437584,27.812525,2254
85.437584,27.812534,2254
85.437584,27.812542,2254
85.437584,27.81255,2254
85.437584,27.812557,2253
85.437584,27.812567,2253
85.43759,27.812574,2253
85.43759,27.812584,2253
85.4376,27.812592,2252
85.43761,27.812597,2252
85.437614,27.812605,2252
85.43762,27.812609,2252
85.43763,27.812614,2252
85.43764,27.812618,2252
85.437645,27.812622,2251
85.43765,27.812626,2251
85.43767,27.812632,2251
85.437675,27.812637,2251
85.43769,27.812641,2251
85.4377,27.812645,2251
85.43771,27.81265,2250
85.43772,27.812654,2250
85.43773,27.812658,2250
85.43774,27.812662,2250
85.43775,27.812666,2250
85.43776,27.812668,2250
85.43777,27.812672,2250
85.43778,27.812672,2250
85.43779,27.812674,2250
85.4378,27.812677,2249
85.437805,27.812683,2249
85.43781,27.812689,2249
85.43782,27.812693,2249
85.43783,27.812696,2249
85.437836,27.812698,2249
85.43784,27.8127,2249
85.43785,27.812706,2248
85.43786,27.81271,2248
85.43786,27.812716,2248
85.43787,27.812721,2248
85.437874,27.81273,2248
85.43788,27.812738,2247
85.43789,27.812748,2247
85.4379,27.812756,2247
85.437904,27.812763,2247
85.43791,27.812769,2247
85.43792,27.812777,2247
85.437935,27.812782,2246
85.43795,27.81279,2246
85.43796,27.812794,2246
85.43797,27.812798,2246
85.43798,27.812798,2246
85.43799,27.812798,2246
85.438,27.812798,2246
85.43801,27.812796,2245
85.43803,27.812798,2245
85.438034,27.812798,2245
85.43805,27.812801,2245
85.43806,27.812801,2245
85.438065,27.812801,2245
85.43807,27.8128,2245
85.43808,27.812798,2245
85.438095,27.812796,2244
85.438095,27.812794,2244
85.4381,27.812792,2244
85.43811,27.812792,2244
85.43812,27.812796,2243
85.438126,27.8128,2243
85.438126,27.812801,2243
85.43813,27.812805,2243
85.43814,27.812809,2242
85.43815,27.81281,2242
85.438156,27.81281,2242
85.43816,27.81281,2242
85.43817,27.812813,2241
85.43818,27.81281,2241
85.43819,27.81281,2241
85.438194,27.81281,2241
85.43821,27.812813,2241
85.43822,27.812817,2240
85.438225,27.81282,2240
85.43824,27.812822,2240
85.43825,27.812822,2240
85.43826,27.812824,2240
85.43827,27.812824,2240
85.438286,27.812824,2239
85.43829,27.812822,2239
85.43831,27.812822,2239
85.43832,27.812824,2239
85.438324,27.81283,2239
85.43833,27.812834,2239
85.43834,27.81284,2238
85.43835,27.812843,2238
85.43836,27.812847,2238
85.43837,27.812853,2238
85.43838,27.812859,2238
85.438385,27.812866,2238
85.4384,27.812872,2238
85.438416,27.812881,2237
85.43842,27.812893,2237
85.43844,27.812904,2237
85.438446,27.812916,2237
85.43845,27.812927,2237
85.43846,27.812939,2237
85.43848,27.81295,2236
85.438484,27.81296,2236
85.43849,27.812971,2236
85.4385,27.81298,2236
85.43851,27.812988,2236
85.43852,27.812992,2236
85.43853,27.812996,2236
85.438545,27.813002,2236
85.43855,27.813005,2236
85.43857,27.81301,2236
85.438576,27.813011,2235
85.43859,27.813015,2235
85.4386,27.813017,2235
85.43861,27.81302,2235
85.438614,27.813025,2235
85.43862,27.81303,2234
85.43863,27.813036,2234
85.43863,27.813046,2234
85.43864,27.813055,2234
85.438644,27.813066,2234
85.43865,27.813078,2234
85.43866,27.813087,2234
85.43867,27.813097,2234
85.43867,27.813107,2233
85.438675,27.813116,2233
85.43868,27.813124,2233
85.43869,27.813131,2233
85.4387,27.813139,2233
85.4387,27.813147,2233
85.43871,27.813156,2233
85.43872,27.813166,2233
85.43873,27.813175,2233
85.43874,27.813183,2233
85.43875,27.81319,2233
85.43876,27.8132,2232
85.43877,27.813208,2232
85.43877,27.813217,2232
85.438774,27.813227,2232
85.438774,27.813238,2232
85.438774,27.813244,2232
85.43878,27.81325,2232
85.43879,27.813257,2232
85.43879,27.813267,2232
85.43879,27.813276,2232
85.4388,27.813286,2232
85.438805,27.813295,2232
85.438805,27.813305,2232
85.43881,27.813318,2232
85.43881,27.81333,2232
85.43882,27.813343,2232
85.43883,27.813354,2231
85.438835,27.813364,2231
85.43884,27.813374,2231
85.43885,27.813383,2231
85.43885,27.813393,2231
85.43886,27.8134,2231
85.438866,27.813408,2231
85.43887,27.813417,2231
85.43888,27.813425,2231
85.438896,27.813427,2231
85.4389,27.813427,2231
85.43891,27.813429,2231
85.43891,27.81343,2231
85.43893,27.813433,2231
85.438934,27.813437,2231
85.43895,27.813442,2231
85.438965,27.813448,2231
85.43898,27.813454,2231
85.438995,27.813457,2231
85.43901,27.813457,2231
85.439026,27.81346,2231
85.43903,27.81346,2231
85.43905,27.813461,2231
85.439064,27.813461,2231
85.43907,27.813463,2231
85.43909,27.813463,2231
85.439095,27.813461,2231
85.43911,27.81346,2231
85.439125,27.813456,2231
85.43913,27.813452,2231
85.43915,27.813448,2231
85.43917,27.813444,2231
85.439186,27.813442,2231
85.4392,27.81344,2231
85.43921,27.813438,2231
85.439224,27.813437,2231
85.43923,27.813437,2231
85.43925,27.813433,2231
85.439255,27.81343,2231
85.43927,27.813429,2231
85.439285,27.813429,2231
85.4393,27.813427,2231
85.43931,27.813427,2231
85.43932,27.813427,2231
85.43933,27.813429,2231
85.43935,27.813429,2231
85.43936,27.81343,2231
85.43937,27.813429,2231
85.439384,27.813429,2231
85.4394,27.813429,2231
85.439415,27.813429,2231
85.43942,27.813429,2231
85.43944,27.813427,2231
85.439445,27.813425,2231
85.43945,27.813425,2231
85.43947,27.813425,2231
85.439476,27.813425,2231
85.43948,27.813427,2231
85.43949,27.813427,2231
85.4395,27.81343,2231
85.43951,27.81343,2231
85.43952,27.813433,2231
85.43953,27.81343,2231
85.43954,27.81343,2231
85.439545,27.813433,2231
85.43956,27.813435,2231
85.43957,27.813438,2231
85.43958,27.813442,2231
85.43959,27.813446,2231
85.439606,27.813448,2231
85.43962,27.81345,2231
85.43964,27.813452,2231
85.439644,27.813454,2231
85.43966,27.813456,2231
85.439674,27.81346,2231
85.43968,27.813461,2231
85.4397,27.813461,2231
85.439705,27.813465,2231
85.43972,27.813465,2231
85.439735,27.813465,2231
85.43974,27.813463,2231
85.43976,27.813461,2231
85.43977,27.813461,2231
85.43979,27.813461,2231
85.4398,27.81346,2231
85.43981,27.81346,2231
85.43983,27.813457,2231
85.43984,27.813456,2231
85.43985,27.813454,2231
85.439865,27.813452,2231
85.43987,27.813448,2231
85.43989,27.813444,2231
85.4399,27.813442,2231
85.43992,27.813438,2231
85.439926,27.813438,2231
85.43994,27.813437,2231
85.43995,27.813435,2231
85.439964,27.813433,2231
85.43997,27.813429,2231
85.43999,27.813427,2231
85.44,27.813425,2231
85.44002,27.813423,2231
85.440025,27.813421,2231
85.44004,27.813417,2231
85.440056,27.813414,2231
85.44006,27.81341,2231
85.44008,27.813406,2231
85.44009,27.813402,2231
85.440094,27.813396,2231
85.44011,27.813393,2231
85.44012,27.813389,2231
85.440125,27.813385,2231
85.44014,27.813381,2231
85.44015,27.813377,2231
85.440155,27.813374,2231
85.44017,27.81337,2231
85.44018,27.813366,2231
85.440186,27.813364,2231
85.4402,27.81336,2231
85.44021,27.81336,2231
85.44022,27.813358,2231
85.44023,27.813358,2231
85.44024,27.813356,2231
85.440254,27.813356,2231
85.44026,27.813356,2231
85.44028,27.813354,2231
85.44029,27.81335,2231
85.4403,27.813349,2231
85.440315,27.813345,2231
85.44032,27.813341,2231
85.44034,27.813337,2231
85.440346,27.813335,2231
85.44036,27.813332,2231
85.44037,27.81333,2231
85.440384,27.813328,2231
85.4404,27.813328,2231
85.440414,27.813326,2231
85.44042,27.813324,2231
85.44044,27.813324,2231
85.44045,27.813322,2231
85.44046,27.813322,2231
85.44047,27.813322,2231
85.44048,27.813322,2231
85.44049,27.81332,2231
85.440506,27.813316,2231
85.44051,27.813314,2231
85.44052,27.81331,2231
85.44054,27.813309,2231
85.440544,27.813307,2231
85.44056,27.813305,2231
85.44057,27.813301,2231
85.44058,27.8133,2231
85.4406,27.813295,2231
85.440605,27.81329,2231
85.44061,27.813282,2231
85.44063,27.813274,2231
85.440636,27.813269,2231
85.44065,27.813263,2231
85.44066,27.813261,2231
85.440674,27.81326,2231
85.44069,27.81326,2231
85.440704,27.813257,2231
85.44071,27.813253,2231
85.44073,27.81325,2231
85.44074,27.813244,2231
85.44076,27.813238,2231
85.44077,27.813234,2231
85.44078,27.813229,2231
85.440796,27.813223,2231
85.4408,27.81322,2231
85.44082,27.813217,2231
85.44083,27.813215,2231
85.440834,27.813215,2231
85.44085,27.813215,2231
85.44086,27.813215,2231
85.440865,27.813215,2231
85.44087,27.813215,2231
85.44088,27.813215,2231
85.440895,27.813213,2231
85.4409,27.813213,2231
85.44092,27.813213,2231
85.440926,27.813213,2231
85.44094,27.813213,2231
85.440956,27.813215,2231
85.44096,27.813217,2231
85.44098,27.813217,2231
85.440994,27.813215,2231
85.441,27.813215,2231
85.44102,27.813215,2231
85.44103,27.813213,2231
85.44104,27.813213,2231
85.44105,27.813213,2231
85.44106,27.813215,2231
85.44107,27.81322,2231
85.44108,27.813223,2231
85.44109,27.813227,2231
85.4411,27.81323,2231
85.44112,27.813234,2231
85.44113,27.813236,2231
85.44115,27.813238,2231
85.441154,27.813242,2231
85.44117,27.813244,2231
85.441185,27.813246,2231
85.44119,27.813251,2231
85.4412,27.813257,2231
85.44121,27.813263,2231
85.441216,27.813267,2231
85.44122,27.813272,2231
85.44123,27.813274,2231
85.441246,27.813278,2231
85.44125,27.813282,2231
85.44126,27.813286,2231
85.44127,27.813288,2231
85.44128,27.81329,2231
85.441284,27.813292,2231
85.44129,27.813292,2231
85.4413,27.81329,2231
85.44131,27.813288,2231
85.441315,27.813288,2231
85.44132,27.813286,2231
85.44133,27.813284,2231
85.44134,27.813282,2231
85.441345,27.813276,2231
85.44135,27.813272,2231
85.44136,27.813267,2231
85.441376,27.813263,2232
85.441376,27.813257,2232
85.44138,27.813253,2232
85.4414,27.81325,2232
85.441414,27.813246,2232
85.44143,27.81324,2232
85.44144,27.813236,2232
85.44145,27.813232,2232
85.44146,27.81323,2232
85.44147,27.813229,2233
85.441475,27.81323,2233
85.44148,27.81323,2233
85.44149,27.813232,2233
85.4415,27.813234,2233
85.441505,27.813236,2233
85.44151,27.81324,2233
85.44152,27.813244,2234
85.44153,27.813248,2234
85.441536,27.81325,2234
85.44155,27.813253,2234
85.44156,27.813255,2234
85.44157,27.813255,2234
85.441574,27.813255,2235
85.44159,27.813255,2235
85.4416,27.813255,2235
85.44161,27.813255,2235
85.44162,27.81326,2235
85.44163,27.813263,2235
85.44164,27.813267,2235
85.44165,27.813267,2235
85.44166,27.813267,2236
85.44167,27.813267,2236
85.44168,27.813269,2236
85.44169,27.813269,2236
85.441696,27.81327,2236
85.44171,27.81327,2236
85.44172,27.813272,2236
85.44173,27.813272,2236
85.441734,27.813274,2236
85.44174,27.813276,2237
85.44175,27.813278,2237
85.44176,27.813284,2237
85.441765,27.813288,2237
85.44177,27.813292,2237
85.44179,27.813295,2237
85.441795,27.813295,2237
85.44181,27.813297,2237
85.44182,27.813295,2237
85.44183,27.813295,2237
85.44184,27.813297,2237
85.44186,27.813297,2237
85.44187,27.8133,2237
85.44188,27.813303,2237
85.441895,27.813309,2237
85.4419,27.81331,2237
85.44192,27.813314,2237
85.441925,27.813318,2237
85.44193,27.81332,2236
85.44195,27.813322,2236
85.441956,27.813326,2236
85.44197,27.813328,2236
85.44197,27.81333,2236
85.44198,27.813334,2236
85.441986,27.81334,2236
85.44199,27.813345,2236
85.442,27.813349,2235
85.44201,27.813354,2235
85.44202,27.813362,2235
85.442024,27.81337,2235
85.44203,27.813375,2234
85.44204,27.81338,2234
85.44204,27.813381,2234
85.44204,27.813383,2234
85.44204,27.813387,2233
85.44205,27.81339,2233
85.44205,27.813393,2233
85.442055,27.813393,2233
85.44206,27.813393,2232
85.44206,27.813396,2232
85.44207,27.8134,2232
85.44208,27.813404,2232
85.442085,27.813408,2231
85.44209,27.813417,2231
85.4421,27.813427,2231
85.442116,27.813435,2231
85.44212,27.813442,2231
85.44214,27.813446,2231
85.44215,27.813452,2230
85.44216,27.813456,2230
85.44218,27.81346,2230
85.442184,27.813461,2230
85.4422,27.813461,2230
85.442215,27.813463,2230
85.44222,27.813465,2230
85.44224,27.813467,2230
85.442245,27.81347,2229
85.44225,27.813473,2229
85.44226,27.813475,2229
85.44227,27.813477,2229
85.44228,27.813477,2229
85.44229,27.813477,2229
85.4423,27.813477,2228
85.44231,27.813477,2228
85.44232,27.813477,2228
85.44233,27.813478,2228
85.442345,27.81348,2228
85.44235,27.81348,2228
85.44237,27.81348,2228
85.44238,27.813482,2228
85.44239,27.813482,2227
85.442406,27.813482,2227
85.44242,27.81348,2227
85.44243,27.813478,2227
85.442444,27.813473,2227
85.44245,27.813467,2227
85.44247,27.813461,2227
85.442474,27.813454,2227
85.44248,27.813448,2227
85.44249,27.813442,2227
85.4425,27.813437,2227
85.442505,27.81343,2227
85.44251,27.813427,2227
85.44252,27.813423,2227
85.44253,27.813421,2227
85.442535,27.813417,2227
85.44255,27.813416,2227
85.44256,27.81341,2227
85.44257,27.813406,2227
85.44258,27.8134,2227
85.4426,27.813395,2227
85.442604,27.81339,2227
85.44262,27.813387,2227
85.44263,27.813383,2227
85.442635,27.81338,2227
85.44264,27.813377,2227
85.44265,27.813374,2226
85.442665,27.813374,2226
85.44267,27.813372,2226
85.44268,27.813372,2226
85.442696,27.813374,2226
85.4427,27.813374,2226
85.44272,27.813374,2226
85.442726,27.813374,2225
85.44274,27.813374,2225
85.44276,27.813372,2225
85.442764,27.81337,2225
85.44278,27.813368,2225
85.44279,27.813368,2225
85.4428,27.813368,2225
85.44281,27.81337,2225
85.442825,27.813372,2225
85.44283,27.813374,2225
85.44285,27.813377,2225
85.442856,27.81338,2225
85.44287,27.813383,2225
85.44288,27.813383,2225
85.442894,27.813385,2225
85.4429,27.813387,2225
85.44291,27.813387,2225
85.44292,27.813389,2225
85.44293,27.81339,2225
85.44294,27.81339,2225
85.442955,27.81339,2225
85.44296,27.81339,2225
85.44298,27.813393,2225
85.44299,27.813396,2225
85.443,27.813398,2225
85.443016,27.8134,2225
85.44303,27.813402,2224
85.44305,27.813404,2224
85.443054,27.813406,2224
85.44307,27.813408,2224
85.443085,27.813408,2224
85.44309,27.81341,2224
85.44311,27.813412,2224
85.44312,27.813414,2224
85.44313,27.813417,2224
85.443146,27.81342,2224
85.44315,27.813423,2224
85.44317,27.813425,2224
85.44318,27.81343,2224
85.443184,27.813433,2224
85.4432,27.813438,2224
85.44321,27.813444,2224
85.443214,27.813448,2224
85.44322,27.813454,2224
85.44324,27.81346,2224
85.443245,27.813461,2224
85.44326,27.813465,2224
85.44327,27.813467,2224
85.443275,27.813469,2224
85.44329,27.813473,2224
85.4433,27.813475,2224
85.443306,27.813477,2224
85.44332,27.813482,2224
85.44333,27.813486,2224
85.443344,27.813492,2224
85.44335,27.813498,2224
85.44336,27.813503,2224
85.44337,27.813509,2224
85.44338,27.813513,2224
85.44339,27.813519,2224
85.44339,27.813524,2224
85.4434,27.81353,2224
85.44341,27.813534,2224
85.44342,27.81354,2224
85.44343,27.813547,2224
85.44344,27.813553,2224
85.44345,27.813562,2224
85.44346,27.813572,2224
85.443474,27.813581,2224
85.44348,27.81359,2224
85.44349,27.813597,2224
85.4435,27.813604,2224
85.443504,27.81361,2224
85.44352,27.813618,2224
85.44353,27.813623,2224
85.443535,27.813633,2224
85.44354,27.813643,2224
85.44356,27.813648,2223
85.443565,27.813654,2223
85.44358,27.81366,2223
85.44359,27.813667,2223
85.443596,27.813673,2223
85.44361,27.81368,2223
85.44362,27.813688,2223
85.443634,27.813696,2223
85.44364,27.813704,2223
85.44365,27.813711,2223
85.44366,27.813717,2223
85.44367,27.813725,2223
85.44368,27.813732,2223
85.44369,27.81374,2223
85.443695,27.81375,2223
85.4437,27.813759,2223
85.44371,27.813766,2223
85.44372,27.813774,2223
85.443726,27.813782,2223
85.44373,27.813787,2223
85.44375,27.813793,2223
85.443756,27.813799,2223
85.44376,27.813805,2223
85.44377,27.813808,2223
85.44379,27.813814,2223
85.443794,27.813818,2223
85.44381,27.813822,2223
85.44382,27.813826,2223
85.44383,27.813828,2223
85.44384,27.81383,2223
85.443855,27.813831,2223
85.44387,27.813833,2223
85.44388,27.813837,2223
85.44389,27.81384,2223
85.4439,27.813847,2223
85.44392,27.813852,2223
85.443924,27.813858,2223
85.44394,27.813862,2223
85.44395,27.813866,2223
85.443954,27.813871,2223
85.44396,27.813877,2223
85.44397,27.81388,2223
85.44398,27.813887,2223
85.443985,27.81389,2223
85.44399,27.813894,2223
85.44401,27.8139,2223
85.444016,27.813906,2223
85.44402,27.813911,2223
85.44403,27.81392,2223
85.444046,27.813929,2223
85.44405,27.81394,2223
85.44406,27.81395,2222
85.44408,27.813957,2222
85.444084,27.813963,2222
85.4441,27.813965,2222
85.444115,27.813969,2222
85.44412,27.81397,2222
85.44413,27.813972,2222
85.44414,27.813974,2222
85.44415,27.813978,2222
85.44416,27.81398,2222
85.44417,27.813982,2222
85.444176,27.813982,2222
85.44419,27.813982,2222
85.4442,27.81398,2222
85.44421,27.813976,2221
85.444214,27.813974,2221
85.44422,27.813972,2221
85.44424,27.81397,2221
85.444244,27.813969,2221
85.44425,27.813967,2221
85.44426,27.813963,2221
85.44427,27.813961,2221
85.44428,27.813957,2220
85.44429,27.813955,2220
85.4443,27.813953,2220
85.44431,27.813951,2220
85.44432,27.81395,2220
85.44433,27.81395,2220
85.444336,27.81395,2220
85.44435,27.813948,2219
85.44436,27.813948,2219
85.444374,27.813944,2219
85.44438,27.81394,2219
85.4444,27.813934,2219
85.444405,27.813934,2219
85.44442,27.813936,2219
85.44443,27.813938,2219
85.444435,27.81394,2219
85.44444,27.813944,2219
85.44445,27.813946,2219
85.444466,27.813948,2219
85.44447,27.813948,2218
85.44448,27.813946,2218
85.44449,27.813942,2218
85.444496,27.813938,2218
85.44451,27.813936,2218
85.44452,27.813934,2217
85.44453,27.813934,2217
85.444534,27.813932,2217
85.44454,27.81393,2217
85.44456,27.813927,2217
85.444565,27.813925,2217
85.44457,27.813921,2216
85.44458,27.813921,2216
85.44459,27.81392,2216
85.444595,27.81392,2216
85.44461,27.81392,2216
85.44462,27.813917,2216
85.444626,27.813917,2215
85.44463,27.813917,2215
85.44464,27.81392,2215
85.44465,27.813921,2215
85.44466,27.813925,2215
85.44466,27.813929,2215
85.444664,27.81393,2214
85.44467,27.813932,2214
85.44468,27.813936,2214
85.44469,27.813936,2214
85.444695,27.813938,2214
85.4447,27.813942,2213
85.44471,27.813944,2213
85.44472,27.813946,2213
85.444725,27.813946,2213
85.44473,27.813948,2213
85.44474,27.813951,2212
85.44475,27.813957,2212
85.44475,27.813965,2212
85.444756,27.813972,2212
85.44476,27.813982,2212
85.44477,27.81399,2212
85.44478,27.813995,2212
85.444786,27.814001,2212
85.44479,27.814001,2212
85.44481,27.814003,2211
85.44482,27.814003,2211
85.44483,27.814003,2211
85.44484,27.814007,2211
85.44485,27.814009,2211
85.44486,27.814013,2211
85.44487,27.814014,2211
85.44488,27.814016,2211
85.44489,27.814016,2211
85.4449,27.814018,2211
85.444916,27.81402,2211
85.44493,27.814024,2211
85.44494,27.814028,2211
85.444954,27.814032,2211
85.44497,27.814037,2211
85.44498,27.814041,2211
85.44499,27.814043,2211
85.445,27.814047,2211
85.445015,27.814049,2211
85.44502,27.814049,2211
85.44503,27.81405,2211
85.44504,27.814053,2211
85.44505,27.814056,2211
85.44506,27.814058,2211
85.44507,27.814062,2211
85.445076,27.814064,2211
85.44509,27.814066,2211
85.4451,27.814068,2211
85.44511,27.81407,2211
85.445114,27.814074,2211
85.44512,27.814077,2211
85.44513,27.814081,2211
85.44514,27.814085,2211
85.445145,27.814089,2211
85.44515,27.81409,2211
85.44516,27.814095,2211
85.44517,27.814096,2210
85.445175,27.814098,2210
85.44518,27.814102,2210
85.44519,27.814104,2210
85.445206,27.814108,2210
85.44521,27.814112,2210
85.44523,27.814116,2210
85.44524,27.814121,2210
85.44525,27.814125,2210
85.44527,27.81413,2210
85.445274,27.814137,2209
85.44529,27.81414,2209
85.4453,27.814144,2209
85.44531,27.81415,2209
85.44532,27.814156,2209
85.445335,27.81416,2209
85.44535,27.814165,2209
85.44536,27.814169,2209
85.44537,27.81417,2209
85.44538,27.814173,2208
85.4454,27.814175,2208
85.44541,27.814177,2208
85.44543,27.814178,2208
85.445435,27.814178,2208
85.44545,27.814178,2208
85.445465,27.81418,2208
85.44548,27.81418,2208
85.445496,27.814182,2208
85.44551,27.814182,2208
85.44552,27.814184,2208
85.44553,27.814184,2208
85.44555,27.814182,2208
85.445564,27.814182,2208
85.44557,27.814182,2208
85.44559,27.814182,2208
85.445595,27.81418,2208
85.4456,27.814178,2208
85.44562,27.814175,2208
85.445625,27.814173,2208
85.44563,27.814173,2208
85.44564,27.81417,2208
85.445656,27.81417,2207
85.44566,27.814169,2207
85.44567,27.814167,2207
85.44568,27.814167,2207
85.44569,27.814165,2207
85.4457,27.814161,2207
85.44571,27.814161,2206
85.44572,27.814161,2206
85.445724,27.814163,2206
85.44573,27.814167,2206
85.44574,27.814169,2206
85.44575,27.814173,2206
85.445755,27.814175,2205
85.44576,27.814177,2205
85.44577,27.814178,2205
85.44578,27.81418,2204
85.445786,27.814182,2204
85.44579,27.814186,2204
85.4458,27.81419,2204
85.44581,27.814194,2203
85.445816,27.814198,2203
85.44582,27.814201,2203
85.44583,27.814205,2203
85.44584,27.814209,2203
85.44585,27.814213,2203
85.445854,27.814217,2202
85.44587,27.81422,2202
85.44588,27.814226,2202
85.44588,27.81423,2202
85.445885,27.814238,2202
85.44589,27.814243,2202
85.4459,27.814253,2202
85.44591,27.814262,2202
85.445915,27.81427,2202
85.44592,27.814276,2202
85.44593,27.814283,2201
85.44594,27.814291,2201
85.445946,27.814299,2201
85.44595,27.814304,2201
85.44596,27.814312,2201
85.44596,27.814322,2201
85.44597,27.81433,2200
85.44598,27.814337,2200
85.44598,27.814342,2200
85.445984,27.81435,2200
85.44599,27.814358,2200
85.44599,27.81437,2200
85.446,27.81438,2200
85.44601,27.814392,2200
85.446014,27.8144,2199
85.44602,27.814407,2199
85.44603,27.814413,2199
85.446045,27.814419,2199
85.44605,27.814425,2199
85.44606,27.81443,2199
85.44607,27.814436,2199
85.44607,27.814442,2198
85.446075,27.81445,2198
85.446075,27.814457,2198
85.446075,27.814463,2197
85.446075,27.81447,2197
85.446075,27.814478,2197
85.446075,27.814482,2197
85.446075,27.814484,2197
85.446075,27.814487,2197
85.446075,27.814493,2196
85.446075,27.814497,2196
85.44607,27.814503,2196
85.44607,27.81451,2196
85.44607,27.814516,2196
85.44606,27.814522,2196
85.44605,27.814528,2195
85.44605,27.814533,2195
85.446045,27.814539,2195
85.446045,27.814547,2195
85.446045,27.814554,2195
85.446045,27.81456,2195
85.44605,27.814568,2195
85.44606,27.814577,2194
85.44607,27.814585,2194
85.446075,27.814592,2194
85.44608,27.8146,2194
85.44609,27.814608,2194
85.44609,27.814613,2193
85.4461,27.81462,2193
85.446106,27.814625,2193
85.44611,27.814632,2193
85.44612,27.81464,2193
85.44613,27.814648,2193
85.44614,27.814653,2192
85.446144,27.814661,2192
85.44615,27.814669,2192
85.44616,27.814674,2192
85.44617,27.81468,2192
85.446175,27.814688,2192
85.44618,27.814695,2191
85.44619,27.814701,2191
85.44619,27.814705,2191
85.4462,27.81471,2191
85.4462,27.814716,2191
85.446205,27.814722,2190
85.44621,27.814726,2190
85.44621,27.81473,2190
85.44622,27.814732,2190
85.44623,27.814735,2190
85.446236,27.81474,2189
85.446236,27.814745,2189
85.44624,27.814749,2189
85.44625,27.814754,2189
85.44625,27.814758,2189
85.44626,27.81476,2189
85.44626,27.814764,2189
85.446266,27.814768,2188
85.446266,27.814772,2188
85.44627,27.814777,2188
85.44627,27.814781,2188
85.44628,27.814783,2187
85.44629,27.814787,2187
85.4463,27.814789,2187
85.4463,27.81479,2187
85.446304,27.814795,2186
85.44631,27.814798,2186
85.44632,27.814802,2186
85.44632,27.814806,2186
85.44633,27.814812,2186
85.446335,27.814817,2185
85.44634,27.814823,2185
85.44635,27.814829,2185
85.44636,27.814835,2184
85.44636,27.81484,2184
85.446365,27.814846,2184
85.44637,27.81485,2184
85.44638,27.814856,2184
85.44638,27.81486,2184
85.44639,27.814863,2183
85.446396,27.814867,2183
85.4464,27.81487,2183
85.44641,27.814877,2183
85.44642,27.814882,2183
85.44642,27.81489,2183
85.44643,27.814898,2183
85.446434,27.814903,2182
85.446434,27.81491,2182
85.44644,27.814917,2182
85.44645,27.814924,2182
85.44646,27.814932,2182
85.446465,27.81494,2182
85.44647,27.814947,2182
85.44648,27.814953,2182
85.44648,27.814957,2181
85.44649,27.81496,2181
85.446495,27.814964,2181
85.446495,27.814968,2181
85.4465,27.814972,2181
85.4465,27.814974,2180
85.44651,27.814978,2180
85.44652,27.814981,2180
85.44652,27.814985,2179
85.446526,27.814991,2179
85.446526,27.814997,2179
85.44653,27.815,2179
85.44654,27.815006,2179
85.44655,27.81501,2178
85.44656,27.815016,2178
85.44657,27.815022,2178
85.44658,27.815025,2178
85.446594,27.815031,2177
85.4466,27.815035,2177
85.44661,27.815039,2177
85.446625,27.815044,2177
85.44663,27.815048,2177
85.44664,27.815052,2177
85.446655,27.81506,2177
85.44666,27.815065,2177
85.44668,27.815073,2177
85.446686,27.81508,2177
85.44669,27.815088,2177
85.4467,27.815096,2177
85.44672,27.815104,2177
85.446724,27.81511,2176
85.44673,27.815115,2176
85.44674,27.81512,2176
85.44675,27.815128,2176
85.446754,27.815134,2176
85.44676,27.81514,2176
85.44677,27.815147,2176
85.44678,27.815155,2176
85.446785,27.815163,2176
85.44679,27.815172,2176
85.4468,27.81518,2176
85.44681,27.81519,2176
85.446815,27.815199,2176
85.446815,27.815208,2176
85.44682,27.815218,2176
85.44682,27.815226,2176
85.44683,27.815235,2176
85.44683,27.815243,2175
85.44684,27.81525,2175
85.44684,27.815258,2175
85.446846,27.815264,2175
85.446846,27.815273,2175
85.44685,27.815279,2175
85.44685,27.815285,2175
85.44685,27.81529,2175
85.44686,27.815298,2175
85.44686,27.815304,2174
85.44687,27.815308,2174
85.44687,27.815313,2174
85.44688,27.81532,2174
85.44688,27.815325,2174
85.446884,27.815332,2174
85.44689,27.815338,2174
85.4469,27.815344,2173
85.44691,27.81535,2173
85.446915,27.815353,2173
85.44692,27.815357,2173
85.44692,27.815361,2173
85.44693,27.815367,2173
85.44694,27.815372,2172
85.44694,27.815378,2172
85.446945,27.815382,2172
85.44695,27.815386,2172
85.44696,27.81539,2172
85.44697,27.815395,2172
85.446976,27.8154,2171
85.44698,27.815403,2171
85.44698,27.815407,2171
85.44699,27.81541,2171
85.447,27.815413,2171
85.44701,27.815416,2170
85.447014,27.81542,2170
85.447014,27.815426,2170
85.44702,27.81543,2170
85.44703,27.815434,2170
85.44704,27.815437,2169
85.447044,27.815443,2169
85.44705,27.815447,2169
85.44705,27.815454,2169
85.44706,27.815464,2169
85.44707,27.815472,2169
85.447075,27.815477,2168
85.447075,27.815481,2168
85.44708,27.815487,2168
85.44709,27.815493,2167
85.44709,27.815496,2167
85.4471,27.8155,2167
85.447105,27.815502,2167
85.44711,27.815504,2167
85.44711,27.81551,2167
85.44711,27.815517,2167
85.44712,27.815527,2166
85.44712,27.815535,2166
85.44713,27.815544,2166
85.447136,27.815552,2165
85.44714,27.815561,2165
85.44715,27.815573,2165
85.44716,27.815584,2165
85.44716,27.815596,2165
85.447174,27.815607,2165
85.44718,27.815619,2165
85.44718,27.81563,2165
85.44719,27.81564,2165
85.4472,27.815649,2165
85.4472,27.815657,2164
85.447205,27.815664,2164
85.44721,27.81567,2164
85.44722,27.815678,2164
85.44723,27.815685,2164
85.447235,27.815691,2164
85.44724,27.8157,2164
85.44725,27.81571,2164
85.44726,27.815718,2164
85.447266,27.815727,2164
85.44727,27.815737,2164
85.44728,27.815744,2164
85.44729,27.815754,2164
85.447296,27.815762,2164
85.44731,27.815767,2163
85.44731,27.815773,2163
85.44732,27.815779,2163
85.44732,27.815784,2163
85.44732,27.815792,2163
85.44733,27.8158,2163
85.44733,27.815807,2163
85.44733,27.815815,2163
85.447334,27.815823,2162
85.44734,27.81583,2162
85.44734,27.815836,2162
85.44735,27.815844,2162
85.44736,27.815853,2162
85.447365,27.815866,2162
85.447365,27.815878,2162
85.447365,27.815887,2162
85.44737,27.815899,2162
85.44737,27.815908,2162
85.44737,27.815918,2162
85.44738,27.815926,2162
85.44738,27.815933,2162
85.44738,27.81594,2162
85.44738,27.81595,2162
85.44738,27.81596,2162
85.44737,27.81597,2161
85.44737,27.815979,2161
85.44737,27.81599,2161
85.447365,27.816002,2161
85.447365,27.816013,2161
85.447365,27.816025,2161
85.44737,27.816034,2161
85.44737,27.816042,2161
85.44738,27.816051,2160
85.44738,27.816061,2160
85.44738,27.81607,2160
85.44739,27.81608,2160
85.44739,27.81609,2160
85.447395,27.816101,2160
85.4474,27.81611,2160
85.4474,27.81612,2160
85.44741,27.816128,2159
85.44741,27.816135,2159
85.44741,27.816143,2159
85.44741,27.816153,2159
85.44742,27.816162,2159
85.44742,27.816172,2159
85.44742,27.816181,2159
85.447426,27.81619,2159
85.447426,27.816198,2159
85.447426,27.816206,2159
85.447426,27.816214,2158
85.447426,27.816223,2158
85.44742,27.81623,2158
85.44742,27.816238,2158
85.44742,27.816248,2158
85.44742,27.816257,2158
85.44742,27.816267,2157
85.44742,27.816277,2157
85.44742,27.816288,2157
85.44741,27.816298,2157
85.44741,27.816309,2157
85.44741,27.816319,2157
85.4474,27.816328,2157
85.4474,27.81634,2156
85.4474,27.81635,2156
85.447395,27.81636,2156
85.447395,27.81637,2156
85.447395,27.816381,2156
85.447395,27.816393,2156
85.44739,27.816406,2156
85.44739,27.816418,2156
85.44739,27.816427,2156
85.44739,27.816435,2156
85.44739,27.816442,2155
85.44738,27.81645,2155
85.44738,27.81646,2155
85.44738,27.81647,2155
85.44738,27.81648,2155
85.44738,27.816492,2155
85.44738,27.816504,2155
85.44738,27.816515,2155
85.44738,27.816526,2155
85.44739,27.816538,2154
85.44739,27.81655,2154
85.44739,27.816563,2154
85.44739,27.816574,2154
85.44739,27.816584,2154
85.44738,27.816593,2154
85.44738,27.816603,2153
85.44737,27.816612,2153
85.447365,27.816622,2153
85.447365,27.816633,2153
85.44736,27.816643,2153
85.44735,27.816656,2153
85.44734,27.816664,2153
85.44733,27.816673,2153
85.44732,27.816679,2153
85.44732,27.816687,2153
85.44731,27.816694,2153
85.44731,27.816702,2153
85.4473,27.81671,2153
85.4473,27.81672,2153
85.4473,27.816729,2153
85.4473,27.81674,2153
85.447296,27.81675,2152
85.447296,27.816761,2152
85.447296,27.81677,2152
85.447296,27.81678,2152
85.447296,27.816792,2152
85.447296,27.816801,2152
85.447296,27.816813,2152
85.44729,27.816822,2151
85.44729,27.816832,2151
85.44728,27.816843,2151
85.44728,27.816853,2151
85.44728,27.816862,2151
85.44727,27.816874,2151
85.44727,27.816885,2151
85.44727,27.816896,2150
85.44727,27.816908,2150
85.447266,27.81692,2150
85.447266,27.81693,2150
85.447266,27.816944,2150
85.447266,27.816956,2150
85.44727,27.816969,2149
85.44727,27.81698,2149
85.44728,27.81699,2149
85.44728,27.816998,2149
85.44728,27.817007,2149
85.44729,27.817015,2149
85.44729,27.817022,2149
85.44729,27.817028,2149
85.44729,27.817036,2149
85.447296,27.817043,2149
85.4473,27.81705,2149
85.4473,27.81706,2149
85.44731,27.817072,2149
85.44731,27.817081,2148
85.44731,27.817091,2148
85.44732,27.8171,2148
85.44733,27.81711,2148
85.44733,27.81712,2148
85.447334,27.81713,2148
85.447334,27.817139,2148
85.44734,27.81715,2148
85.44734,27.817162,2148
85.44735,27.817173,2148
85.44735,27.817183,2148
85.44736,27.817192,2148
85.447365,27.817202,2148
85.447365,27.817211,2148
85.44737,27.81722,2148
85.44738,27.817228,2148
85.44738,27.817236,2148
85.44739,27.817245,2148
85.447395,27.817255,2148
85.4474,27.817265,2147
85.4474,27.817276,2147
85.44741,27.817287,2147
85.44742,27.817297,2147
85.447426,27.817308,2147
85.44743,27.81732,2147
85.44743,27.81733,2147
85.44744,27.81734,2147
85.44745,27.81735,2147
85.44745,27.81736,2147
85.44746,27.81737,2147
85.44746,27.81738,2147
85.44746,27.81739,2147
85.447464,27.817402,2147
85.447464,27.817411,2147
85.44747,27.817423,2147
85.44747,27.817432,2147
85.44747,27.817442,2147
85.44747,27.817451,2146
85.44747,27.817461,2146
85.44747,27.81747,2146
85.44747,27.817478,2146
85.44747,27.817488,2146
85.44747,27.817497,2146
85.44747,27.817505,2145
85.44747,27.817514,2145
85.44747,27.817524,2145
85.44747,27.817535,2145
85.447464,27.817545,2145
85.447464,27.817554,2145
85.447464,27.817564,2145
85.447464,27.817574,2144
85.447464,27.817581,2144
85.447464,27.81759,2144
85.44747,27.8176,2144
85.44747,27.81761,2144
85.44747,27.817621,2144
85.44748,27.817633,2144
85.44748,27.817642,2144
85.44748,27.817654,2144
85.44748,27.817663,2144
85.44749,27.817673,2143
85.447495,27.81768,2143
85.4475,27.81769,2143
85.44751,27.817698,2143
85.44752,27.817703,2143
85.447525,27.81771,2143
85.44753,27.817717,2143
85.44755,27.81772,2143
85.447556,27.817726,2143
85.44756,27.81773,2143
85.44758,27.817736,2143
85.447586,27.817741,2143
85.44759,27.817747,2143
85.4476,27.817753,2142
85.4476,27.81776,2142
85.44761,27.81777,2142
85.44761,27.81778,2142
85.44761,27.817791,2142
85.44761,27.8178,2141
85.44761,27.81781,2141
85.44762,27.81782,2141
85.44762,27.81783,2141
85.44762,27.817837,2141
85.44762,27.817846,2141
85.44762,27.817854,2141
85.44762,27.817865,2141
85.44762,27.817875,2141
85.44762,27.817886,2141
85.447624,27.817896,2141
85.447624,27.817905,2141
85.447624,27.817913,2141
85.447624,27.817923,2141
85.44762,27.81793,2140
85.44762,27.817936,2140
85.4476,27.817945,2140
85.44759,27.817953,2140
85.447586,27.81796,2140
85.44758,27.817972,2140
85.44757,27.817982,2140
85.44756,27.817993,2140
85.447556,27.818003,2140
85.447556,27.818014,2139
85.44755,27.818026,2139
85.44755,27.818037,2139
85.44755,27.818047,2139
85.44755,27.818054,2139
85.44755,27.818062,2139
85.44755,27.81807,2139
85.44755,27.818075,2139
85.44755,27.81808,2139
85.44755,27.818089,2138
85.447556,27.818098,2138
85.447556,27.818106,2138
85.44756,27.818113,2138
85.44756,27.818121,2138
85.44756,27.818127,2137
85.44756,27.818132,2137
85.44757,27.81814,2137
85.44757,27.818146,2137
85.44757,27.818153,2136
85.44758,27.818161,2136
85.44758,27.818169,2136
85.44758,27.818176,2136
85.44758,27.818184,2135
85.447586,27.818193,2135
85.447586,27.818203,2135
85.447586,27.818213,2135
85.44758,27.818222,2134
85.44758,27.818232,2134
85.44758,27.818241,2134
85.44758,27.81825,2134
85.44757,27.81826,2134
85.44757,27.818268,2134
85.44757,27.818277,2133
85.44757,27.818285,2133
85.44757,27.818295,2133
85.44757,27.818302,2133
85.44757,27.81831,2133
85.44756,27.818317,2133
85.44756,27.818325,2132
85.44756,27.818333,2132
85.44756,27.81834,2132
85.44756,27.818348,2132
85.44757,27.818357,2132
85.44757,27.818367,2132
85.44757,27.818377,2132
85.44757,27.818386,2132
85.44757,27.818398,2132
85.44757,27.818407,2132
85.44757,27.818419,2132
85.44758,27.81843,2132
85.44758,27.81844,2132
85.44758,27.818447,2132
85.447586,27.818455,2132
85.447586,27.818462,2131
85.44759,27.81847,2131
85.44759,27.818478,2131
85.44759,27.818487,2131
85.44759,27.818497,2131
85.44759,27.818508,2131
85.447586,27.818518,2130
85.447586,27.818527,2130
85.447586,27.818537,2130
85.447586,27.818544,2130
85.44758,27.818552,2130
85.44757,27.81856,2130
85.44756,27.818565,2129
85.44756,27.818573,2129
85.447556,27.818579,2129
85.44755,27.818586,2128
85.44755,27.818594,2128
85.44754,27.818602,2128
85.44753,27.81861,2128
85.447525,27.818617,2128
85.44752,27.818626,2128
85.44752,27.818636,2128
85.44752,27.818644,2128
85.44752,27.818655,2127
85.44752,27.818666,2127
85.44751,27.818678,2127
85.44751,27.818686,2127
85.44751,27.818693,2126
85.44751,27.818703,2126
85.44751,27.81871,2126
85.44751,27.81872,2126
85.44751,27.818726,2126
85.44752,27.818733,2125
85.44752,27.818739,2125
85.44752,27.818745,2125
85.44752,27.818752,2125
85.447525,27.818758,2125
85.447525,27.818766,2125
85.44753,27.818775,2124
85.44753,27.818783,2124
85.44753,27.818794,2124
85.44754,27.818804,2124
85.44754,27.818811,2124
85.44754,27.818819,2124
85.44754,27.818825,2123
85.44754,27.818834,2123
85.44753,27.818844,2123
85.44753,27.818851,2123
85.44753,27.81886,2123
85.447525,27.818869,2122
85.447525,27.81888,2122
85.44752,27.818892,2122
85.44751,27.8189,2122
85.44751,27.81891,2122
85.4475,27.81892,2122
85.447495,27.81893,2122
85.44749,27.81894,2122
85.44748,27.818947,2122
85.44747,27.818954,2122
85.447464,27.818962,2122
85.44745,27.818972,2122
85.44744,27.81898,2122
85.44743,27.818987,2122
85.447426,27.818995,2122
85.447426,27.819,2122
85.44742,27.819008,2122
85.44742,27.819016,2122
85.44741,27.819023,2122
85.44741,27.81903,2122
85.4474,27.819036,2121
85.447395,27.819044,2121
85.44739,27.81905,2121
85.44738,27.819056,2121
85.44737,27.819063,2120
85.44737,27.819069,2120
85.447365,27.819075,2120
85.447365,27.81908,2120
85.44736,27.819088,2120
85.44736,27.819094,2120
85.44735,27.819098,2119
85.44734,27.819101,2119
85.447334,27.819105,2119
85.447334,27.819109,2119
85.44733,27.819113,2119
85.44732,27.819117,2118
85.44731,27.81912,2118
85.4473,27.819126,2118
85.4473,27.819132,2118
85.447296,27.819138,2118
85.44729,27.819143,2118
85.44728,27.819149,2117
85.44727,27.819155,2117
85.44727,27.81916,2117
85.447266,27.819168,2117
85.44726,27.819174,2117
85.44726,27.81918,2117
85.44725,27.819187,2117
85.44725,27.819193,2116
85.44725,27.8192,2116
85.44724,27.819206,2116
85.44724,27.819214,2116
85.44724,27.819221,2116
85.447235,27.81923,2115
85.447235,27.819237,2115
85.447235,27.819244,2115
85.447235,27.819254,2115
85.447235,27.819262,2114
85.447235,27.81927,2114
85.44723,27.819275,2114
85.44723,27.81928,2114
85.44722,27.819284,2114
85.44722,27.819286,2113
85.44721,27.819286,2113
85.447205,27.819286,2113
85.4472,27.819284,2113
85.44719,27.819284,2113
85.44718,27.819286,2112
85.44718,27.819288,2112
85.447174,27.819292,2112
85.447174,27.819296,2112
85.44717,27.8193,2111
85.44717,27.819305,2111
85.44716,27.819311,2111
85.44715,27.819317,2111
85.44715,27.819326,2111
85.44714,27.819334,2111
85.44714,27.81934,2110
85.447136,27.819347,2110
85.44713,27.819353,2110
85.44712,27.819359,2110
85.44711,27.819365,2110
85.44711,27.819368,2110
85.447105,27.819376,2109
85.447105,27.819382,2109
85.4471,27.819387,2109
85.4471,27.819395,2109
85.44709,27.8194,2109
85.44708,27.819408,2109
85.447075,27.819416,2108
85.44707,27.819422,2108
85.44706,27.819427,2108
85.44705,27.819433,2108
85.447044,27.819439,2108
85.44704,27.819445,2107
85.44703,27.81945,2107
85.447014,27.819456,2107
85.44701,27.819462,2107
85.447,27.819468,2107
85.44699,27.819473,2106
85.44698,27.819479,2106
85.446976,27.819483,2106
85.44697,27.819489,2106
85.44696,27.819492,2106
85.44695,27.819496,2106
85.44695,27.819502,2105
85.446945,27.819508,2105
85.446945,27.819513,2105
85.44694,27.819519,2105
85.44694,27.819525,2104
85.44693,27.81953,2104
85.44693,27.819538,2104
85.44692,27.819544,2104
85.44692,27.81955,2103
85.44692,27.81956,2103
85.44692,27.819567,2103
85.44693,27.819576,2103
85.44693,27.819582,2103
85.44694,27.819588,2102
85.44694,27.819593,2102
85.446945,27.819597,2102
85.44695,27.819603,2102
85.44696,27.819607,2102
85.44697,27.81961,2101
85.446976,27.819616,2101
85.44698,27.819624,2101
85.44699,27.819632,2100
85.447,27.819637,2100
85.447,27.819643,2100
85.447,27.81965,2100
85.447,27.81966,2100
85.447,27.819668,2099
85.44699,27.819674,2099
85.44699,27.819677,2099
85.44698,27.819681,2099
85.44697,27.819685,2099
85.44696,27.819687,2099
85.44695,27.819689,2098
85.446945,27.81969,2098
85.44694,27.819693,2098
85.44693,27.819696,2098
85.44692,27.819698,2097
85.44691,27.8197,2097
85.4469,27.8197,2097
85.44689,27.819702,2097
85.44688,27.819706,2096
85.44687,27.81971,2096
85.44687,27.819715,2096
85.44686,27.819721,2096
85.44686,27.819727,2096
85.44686,27.819735,2095
85.44686,27.819744,2095
85.44685,27.819752,2095
85.446846,27.819757,2095
85.44684,27.819763,2095
85.44684,27.819767,2094
85.44683,27.819773,2094
85.44683,27.819778,2094
85.44683,27.819786,2094
85.44682,27.819794,2094
85.44682,27.8198,2094
85.446815,27.819805,2093
85.446815,27.819813,2093
85.44681,27.819818,2093
85.4468,27.819824,2093
85.4468,27.81983,2093
85.44679,27.819836,2093
85.446785,27.819841,2092
85.44678,27.819847,2092
85.44677,27.819853,2092
85.44676,27.819857,2092
85.446754,27.819862,2092
85.44675,27.819866,2091
85.44674,27.819872,2091
85.44674,27.819876,2091
85.44673,27.81988,2090
85.446724,27.819883,2090
85.44672,27.819885,2090
85.4467,27.81989,2090
85.44669,27.819891,2090
85.446686,27.819893,2089
85.44668,27.819897,2089
85.44668,27.819899,2089
85.44667,27.819902,2089
85.44667,27.819906,2089
85.44667,27.819912,2089
85.44667,27.819916,2088
85.44666,27.819916,2088
85.446655,27.819918,2088
85.446655,27.81992,2088
85.44665,27.819921,2087
85.44664,27.819923,2087
85.44664,27.819925,2086
85.44663,27.819927,2086
85.446625,27.819931,2086
85.44662,27.819933,2086
85.44662,27.819935,2085
85.44661,27.819937,2085
85.4466,27.819939,2085
85.446594,27.81994,2085
85.44659,27.819942,2085
85.44659,27.819948,2084
85.44658,27.819952,2084
85.44658,27.819958,2084
85.44657,27.819962,2084
85.44656,27.819965,2084
85.44656,27.819967,2083
85.446556,27.819973,2083
85.446556,27.819979,2083
85.446556,27.819986,2083
85.446556,27.819994,2083
85.446556,27.820004,2083
85.44656,27.820013,2082
85.44656,27.820023,2082
85.44656,27.820034,2082
85.44657,27.820044,2081
85.44658,27.820053,2081
85.44658,27.820065,2081
85.44659,27.820074,2081
85.446594,27.820084,2081
85.446594,27.820093,2081
85.4466,27.820103,2081
85.4466,27.82011,2080
85.4466,27.820118,2080
85.44661,27.820126,2080
85.44661,27.820133,2080
85.44661,27.820139,2080
85.44661,27.820147,2080
85.44662,27.820152,2079
85.44662,27.820158,2079
85.44662,27.820166,2079
85.44662,27.820175,2079
85.44662,27.820183,2079
85.44662,27.820192,2078
85.44662,27.820204,2078
85.44662,27.820213,2078
85.44662,27.820225,2078
85.44662,27.820234,2078
85.44662,27.820244,2078
85.44661,27.820253,2078
85.44661,27.820263,2078
85.4466,27.820272,2078
85.446594,27.820282,2078
85.446594,27.82029,2078
85.446594,27.820297,2078
85.446594,27.820309,2078
85.44659,27.820318,2077
85.44659,27.820326,2077
85.44659,27.820333,2077
85.44659,27.82034,2077
85.44659,27.820347,2077
85.44659,27.820354,2077
85.44659,27.820362,2077
85.44659,27.82037,2076
85.44659,27.820375,2076
85.44658,27.820383,2076
85.44658,27.82039,2076
85.44658,27.820396,2076
85.44657,27.820402,2076
85.44657,27.820408,2075
85.44656,27.820415,2075
85.44656,27.820423,2075
85.446556,27.820429,2075
85.44655,27.820435,2075
85.44655,27.820442,2075
85.44654,27.82045,2074
85.44654,27.820457,2074
85.44653,27.820465,2074
85.44653,27.820475,2074
85.446526,27.820482,2074
85.44652,27.820492,2074
85.44651,27.8205,2074
85.4465,27.820505,2074
85.4465,27.820513,2073
85.446495,27.820522,2073
85.446495,27.820532,2073
85.44649,27.820541,2073
85.44648,27.820547,2073
85.44648,27.820555,2073
85.44647,27.820562,2072
85.44647,27.820572,2072
85.44647,27.82058,2072
85.44647,27.820587,2072
85.44647,27.820595,2072
85.446465,27.820602,2072
85.446465,27.82061,2071
85.446465,27.820618,2071
85.44646,27.820623,2071
85.44646,27.82063,2071
85.44645,27.820637,2071
85.44645,27.820644,2070
85.44645,27.82065,2070
85.44644,27.820656,2070
85.44644,27.820662,2070
85.44644,27.820667,2070
85.446434,27.820673,2069
85.446434,27.82068,2069
85.446434,27.820688,2069
85.446434,27.820696,2069
85.446434,27.820704,2069
85.44644,27.820711,2069
85.446434,27.820719,2068
85.44644,27.820724,2068
85.44644,27.820732,2068
85.44644,27.820738,2068
85.44644,27.820745,2068
85.44645,27.820753,2067
85.44645,27.82076,2067
85.44646,27.820768,2067
85.44646,27.820776,2067
85.44646,27.820786,2067
85.446465,27.820795,2067
85.446465,27.820803,2066
85.44647,27.82081,2066
85.44647,27.82082,2066
85.44648,27.820827,2066
85.44648,27.820833,2066
85.44649,27.82084,2066
85.44649,27.820848,2066
85.446495,27.820858,2066
85.446495,27.820868,2066
85.4465,27.820877,2065
85.4465,27.820885,2065
85.44651,27.820892,2065
85.44652,27.8209,2065
85.44652,27.820908,2065
85.446526,27.820917,2065
85.446526,27.820925,2064
85.44653,27.820934,2064
85.44653,27.820942,2064
85.44653,27.820951,2064
85.44653,27.82096,2064
85.44653,27.820967,2064
85.44653,27.820974,2063
85.44654,27.820982,2063
85.44654,27.820992,2063
85.44654,27.821001,2063
85.44654,27.821009,2062
85.44655,27.821018,2062
85.44655,27.821026,2062
85.44655,27.821033,2061
85.446556,27.821041,2061
85.446556,27.82105,2061
85.44656,27.82106,2061
85.44656,27.821072,2061
85.44657,27.821081,2061
85.44658,27.82109,2061
85.44658,27.821096,2061
85.446594,27.821102,2061
85.4466,27.821108,2061
85.44661,27.821114,2061
85.44662,27.821121,2061
85.446625,27.821127,2061
85.44663,27.821135,2061
85.44664,27.821142,2061
85.44664,27.82115,2061
85.44665,27.821156,2061
85.44666,27.821173,2060
85.44666,27.821178,2060
85.44666,27.821184,2060
85.44666,27.82119,2060
85.44667,27.821198,2060
85.44667,27.821205,2060
85.44668,27.821213,2060
85.44668,27.821218,2060
85.446686,27.821226,2059
85.44669,27.821234,2059
85.44669,27.821243,2059
85.4467,27.82125,2059
85.4467,27.82126,2059
85.4467,27.821268,2059
85.44671,27.821278,2058
85.44672,27.821287,2058
85.446724,27.821297,2058
85.446724,27.821308,2058
85.44673,27.821318,2058
85.44674,27.821327,2058
85.44674,27.821335,2057
85.44675,27.821344,2057
85.446754,27.821354,2057
85.44676,27.821363,2057
85.44677,27.821371,2057
85.44677,27.82138,2057
85.44678,27.82139,2056
85.44678,27.821398,2056
85.44678,27.821407,2056
85.44678,27.821417,2056
85.446785,27.821426,2056
85.446785,27.821434,2056
85.446785,27.821442,2055
85.446785,27.82145,2055
85.446785,27.821457,2055
85.446785,27.821465,2055
85.446785,27.82147,2055
85.446785,27.82148,2055
85.446785,27.821487,2054
85.446785,27.821497,2054
85.446785,27.821507,2054
85.446785,27.821514,2054
85.44679,27.821522,2054
85.44679,27.82153,2054
85.44679,27.821539,2054
85.4468,27.821547,2054
85.4468,27.821554,2054
85.4468,27.821564,2054
85.4468,27.821571,2053
85.44681,27.821579,2053
85.44681,27.821589,2053
85.44681,27.821596,2053
85.446815,27.821604,2053
85.446815,27.82161,2053
85.446815,27.821619,2052
85.446815,27.821629,2052
85.44682,27.821636,2052
85.44682,27.821642,2052
85.44683,27.821648,2052
85.44683,27.821653,2052
85.44684,27.82166,2051
85.44684,27.821665,2051
85.446846,27.821669,2051
85.446846,27.821674,2051
85.44685,27.82168,2051
85.44685,27.821686,2051
85.44686,27.82169,2050
85.44686,27.821697,2050
85.44686,27.821705,2050
85.44686,27.821714,2049
85.44685,27.821726,2049
85.44685,27.821735,2049
85.446846,27.821747,2049
85.446846,27.821756,2049
85.44684,27.821768,2049
85.44684,27.821781,2049
85.44684,27.821793,2048
85.44684,27.821804,2048
85.44684,27.821815,2048
85.44684,27.821827,2048
85.44684,27.821838,2048
85.44683,27.82185,2048
85.44683,27.82186,2048
85.44682,27.82187,2048
85.44682,27.82188,2048
85.44682,27.821892,2048
85.44682,27.821903,2048
85.44683,27.821915,2048
85.44683,27.821926,2048
85.44683,27.821938,2048
85.44684,27.821947,2048
85.44684,27.821959,2048
85.446846,27.821968,2048
85.44684,27.821978,2048
85.44684,27.821987,2048
85.44684,27.821997,2048
85.44684,27.822004,2047
85.44684,27.822014,2047
85.44684,27.822023,2047
85.44684,27.82203,2047
85.44683,27.822037,2047
85.44682,27.822042,2047
85.446815,27.822048,2047
85.44681,27.822052,2047
85.44679,27.822058,2047
85.44678,27.822063,2047
85.44677,27.82207,2047
85.446754,27.822077,2047
85.44673,27.822083,2047
85.446724,27.822088,2047
85.44671,27.822096,2047
85.44669,27.822102,2047
85.44668,27.822107,2046
85.44666,27.822113,2046
85.446655,27.82212,2046
85.44665,27.822128,2046
85.44664,27.822138,2046
85.44663,27.822147,2046
85.446625,27.822159,2046
85.44662,27.822166,2046
85.44661,27.822178,2046
85.44661,27.82219,2046
85.4466,27.8222,2046
85.4466,27.822212,2046
85.44661,27.822226,2046
85.44662,27.822237,2045
85.44662,27.822248,2045
85.44662,27.82226,2045
85.446625,27.822271,2045
85.446625,27.82228,2045
85.446625,27.82229,2045
85.44663,27.822302,2045
85.44663,27.822313,2045
85.44664,27.822325,2045
85.44664,27.822336,2045
85.44665,27.82235,2045
85.44665,27.82236,2045
85.44665,27.822367,2045
85.44665,27.822374,2045
85.44665,27.822382,2044
85.44665,27.822392,2044
85.446655,27.822401,2044
85.446655,27.822412,2044
85.446655,27.822424,2044
85.446655,27.822435,2044
85.446655,27.822447,2044
85.446655,27.822458,2044
85.446655,27.82247,2043
85.446655,27.82248,2043
85.446655,27.822487,2043
85.446655,27.822496,2043
85.44665,27.822506,2043
85.44665,27.822517,2043
85.44664,27.822527,2043
85.44664,27.82254,2043
85.44664,27.822554,2043
85.44664,27.822561,2043
85.44663,27.822567,2043
85.44663,27.822573,2043
85.44663,27.822578,2043
85.446625,27.822582,2043
85.446625,27.822592,2043
85.446625,27.822609,2043
85.44658,27.822601,2043
85.44657,27.822596,2043
85.44657,27.822586,2043
85.44658,27.822586,2043
85.44659,27.822592,2043
85.446594,27.8226,2043
85.4466,27.822613,2043
85.44662,27.822626,2043
85.44663,27.822641,2043
85.44665,27.822657,2043
85.44666,27.822672,2043
85.446686,27.822687,2043
85.4467,27.822702,2043
85.44672,27.822714,2043
85.44673,27.822723,2043
85.44674,27.822731,2043
85.44675,27.822739,2043
85.446754,27.822744,2043
85.44676,27.822752,2043
85.44677,27.822758,2043
85.44678,27.822763,2043
85.44678,27.82277,2043
85.446785,27.822775,2043
85.446785,27.82278,2043
85.446785,27.822788,2043
85.44679,27.822794,2043
85.44679,27.822798,2043
85.4468,27.822802,2043
85.44681,27.82281,2043
85.44681,27.822813,2043
85.44681,27.822815,2043
85.446815,27.822817,2043
85.446815,27.822819,2043
85.446815,27.822828,2043
85.44682,27.822832,2043
85.44683,27.822838,2043
85.44684,27.822845,2043
85.44685,27.822857,2043
85.44686,27.822868,2043
85.44688,27.82288,2043
85.446884,27.822891,2047
85.44689,27.822903,2047
85.44691,27.822914,2047
85.446915,27.822922,2047
85.44692,27.82293,2047
85.44693,27.822933,2047
85.44694,27.822939,2047
85.44694,27.822943,2047
85.44694,27.822947,2047
85.44694,27.822948,2047
85.44694,27.82295,2047
85.44694,27.822952,2047
85.44693,27.822954,2047
85.44693,27.822958,2048
85.44692,27.82296,2048
85.44692,27.82297,2048
85.44693,27.822973,2048
85.44693,27.822977,2048
85.44694,27.822985,2048
85.446945,27.822994,2048
85.44695,27.823004,2048
85.44697,27.823013,2048
85.446976,27.823023,2049
85.44699,27.823034,2049
85.44701,27.823046,2049
85.44702,27.823057,2049
85.44704,27.823067,2049
85.447044,27.823074,2049
85.44705,27.823084,2049
85.44706,27.823092,2049
85.44707,27.823101,2049
85.447075,27.823107,2049
85.447075,27.823114,2049
85.44708,27.82312,2049
85.44708,27.823126,2050
85.44709,27.823133,2050
85.44709,27.82314,2050
85.44709,27.823145,2050
85.44709,27.82315,2050
85.44709,27.823156,2050
85.4471,27.82316,2050
85.447105,27.823168,2050
85.447105,27.823175,2050
85.44711,27.823183,2050
85.44712,27.82319,2050
85.44713,27.823198,2050
85.447136,27.823208,2050
85.447136,27.823217,2050
85.44714,27.823225,2050
85.44715,27.823235,2050
85.44716,27.823244,2051
85.44716,27.823254,2051
85.44716,27.823265,2051
85.44716,27.823277,2051
85.44715,27.823288,2051
85.44716,27.823298,2051
85.44716,27.823309,2051
85.44716,27.823317,2051
85.44716,27.823324,2051
85.44716,27.823332,2051
85.44717,27.823338,2051
85.44717,27.823345,2051
85.447174,27.823355,2051
85.44718,27.823364,2052
85.44718,27.823376,2052
85.44718,27.823385,2052
85.44719,27.823397,2052
85.44719,27.823404,2052
85.44719,27.823414,2052
85.44719,27.823421,2052
85.44719,27.82343,2052
85.44719,27.823435,2053
85.44719,27.823442,2053
85.44719,27.823448,2053
85.44719,27.823454,2053
85.44719,27.823465,2053
85.44719,27.823467,2053
85.44718,27.823477,2053
85.44718,27.823479,2053
85.44718,27.82348,2053
85.44719,27.823484,2053
85.44719,27.823488,2053
85.44719,27.823492,2053
85.44719,27.823498,2053
85.44719,27.823503,2053
85.44719,27.82351,2053
85.44719,27.823517,2053
85.4472,27.823524,2053
85.447205,27.823536,2053
85.44721,27.823547,2053
85.44722,27.823557,2053
85.44723,27.823566,2053
85.44723,27.823576,2053
85.447235,27.823582,2053
85.44724,27.82359,2053
85.44725,27.823603,2053
85.44726,27.82361,2053
85.447266,27.823612,2053
85.447266,27.823614,2053
85.44727,27.82362,2053
85.44727,27.823626,2053
85.44728,27.823633,2053
85.44729,27.82364,2053
85.447296,27.823647,2053
85.447296,27.823654,2053
85.4473,27.82366,2053
85.4473,27.823668,2053
85.44731,27.823671,2053
85.44731,27.823675,2053
85.44732,27.82368,2053
85.44732,27.823685,2053
85.447334,27.82369,2053
85.44734,27.823694,2053
85.44735,27.8237,2053
85.44736,27.823704,2053
85.44737,27.823708,2053
85.44738,27.823713,2053
85.44738,27.82372,2053
85.44739,27.823729,2053
85.447395,27.823736,2053
85.4474,27.823744,2053
85.44741,27.82375,2053
85.44742,27.823755,2053
85.447426,27.82376,2053
85.44743,27.823761,2053
85.44743,27.823765,2053
85.44744,27.823769,2053
85.44744,27.823772,2053
85.44744,27.823778,2053
85.44744,27.823782,2053
85.44745,27.82379,2053
85.44746,27.823795,2053
85.44746,27.823801,2053
85.44746,27.823807,2053
85.447464,27.823822,2053
85.44747,27.823814,2053
85.447464,27.823826,2053
85.44746,27.823814,2053
85.44746,27.823812,2053
85.44745,27.82381,2053
85.44745,27.823805,2053
85.44745,27.823801,2053
85.44745,27.8238,2053
85.44746,27.823797,2053
85.447464,27.823795,2053
85.447464,27.82379,2053
85.447464,27.823786,2053
85.447464,27.823784,2053
85.44747,27.823784,2053
85.44747,27.823782,2053
85.447464,27.82378,2053
85.44747,27.823782,2053
85.44747,27.82378,2053
85.447464,27.82378,2053
85.44747,27.823778,2053
85.447464,27.823778,2053
85.447464,27.823765,2053
85.44746,27.823748,2053
85.44745,27.823748,2053
85.44745,27.82375,2053
85.44745,27.823753,2053
85.44745,27.823757,2053
85.44746,27.823761,2053
85.44746,27.823765,2053
85.44746,27.823786,2053
85.44746,27.823776,2053
85.44746,27.823763,2053
85.447464,27.823757,2053
85.44747,27.823753,2053
85.44748,27.823746,2053
85.447495,27.823734,2053
85.44751,27.823723,2053
85.447525,27.823708,2053
85.44754,27.823692,2053
85.447556,27.823677,2053
85.44757,27.823664,2053
85.44758,27.82365,2053
85.44759,27.823639,2053
85.4476,27.823627,2053
85.44761,27.823618,2053
85.44762,27.823608,2053
85.44762,27.823599,2053
85.44762,27.823591,2053
85.447624,27.823584,2053
85.447624,27.823576,2053
85.447624,27.823568,2053
85.447624,27.823563,2053
85.44763,27.823557,2053
85.44763,27.82355,2053
85.44763,27.82354,2053
85.44764,27.823532,2053
85.44764,27.823524,2053
85.44765,27.82352,2053
85.447655,27.823515,2053
85.44766,27.823513,2053
85.44767,27.823513,2053
85.44768,27.823517,2053
85.44768,27.823523,2058
85.447685,27.823528,2058
85.44769,27.823532,2058
85.4477,27.823538,2058
85.44771,27.823544,2058
85.44771,27.82355,2058
85.447716,27.823555,2058
85.447716,27.823559,2058
85.44772,27.823565,2059
85.44772,27.82357,2059
85.44772,27.823576,2059
85.44773,27.82358,2059
85.44774,27.823586,2059
85.44774,27.823591,2059
85.44775,27.823597,2059
85.44775,27.823605,2059
85.447754,27.82361,2059
85.447754,27.823616,2059
85.447754,27.823622,2059
85.447754,27.82363,2060
85.44776,27.823635,2060
85.44776,27.823643,2060
85.44776,27.823648,2060
85.44776,27.823656,2060
85.44776,27.823662,2060
85.44777,27.82367,2060
85.44777,27.823677,2060
85.44778,27.823685,2060
85.44778,27.82369,2060
85.447784,27.823698,2060
85.447784,27.823706,2060
85.44779,27.823713,2060
85.44779,27.82372,2060
85.4478,27.82373,2060
85.4478,27.823738,2061
85.44781,27.823748,2061
85.44781,27.823755,2061
85.447815,27.823765,2061
85.44782,27.823772,2061
85.44782,27.823782,2061
85.44782,27.82379,2061
85.44783,27.8238,2061
85.44783,27.823809,2061
85.44783,27.823818,2061
85.44784,27.823828,2061
85.44784,27.823837,2061
85.447845,27.823845,2061
85.447845,27.823856,2062
85.44785,27.823864,2062
85.44785,27.823872,2062
85.44786,27.823881,2062
85.44786,27.82389,2062
85.44787,27.823902,2062
85.447876,27.823912,2062
85.447876,27.82392,2062
85.44788,27.823929,2062
85.44789,27.823938,2063
85.44789,27.823948,2063
85.4479,27.823957,2063
85.44791,27.823969,2063
85.44791,27.823978,2063
85.44791,27.823986,2063
85.447914,27.823996,2063
85.447914,27.824005,2063
85.44792,27.824013,2063
85.44792,27.82402,2063
85.44793,27.824028,2063
85.44793,27.824036,2063
85.44793,27.824041,2064
85.44794,27.824049,2064
85.44794,27.824055,2064
85.44794,27.824062,2064
85.44794,27.824068,2064
85.447945,27.824076,2064
85.447945,27.824083,2064
85.44795,27.824091,2064
85.44796,27.8241,2064
85.44796,27.82411,2064
85.44797,27.824118,2065
85.44797,27.824127,2065
85.447975,27.824135,2065
85.447975,27.82414,2065
85.44798,27.824148,2065
85.44798,27.824154,2065
85.44799,27.824162,2065
85.448,27.824167,2065
85.448,27.824173,2065
85.448006,27.824179,2065
85.448006,27.824186,2065
85.44801,27.824192,2065
85.44802,27.8242,2065
85.44802,27.824207,2065
85.44803,27.824215,2065
85.44803,27.824223,2065
85.44803,27.824228,2066
85.44804,27.824232,2066
85.448044,27.824236,2066
85.448044,27.824242,2066
85.44805,27.824247,2066
85.44805,27.824255,2066
85.44806,27.824263,2066
85.44806,27.82427,2066
85.44807,27.824278,2066
85.448074,27.824286,2066
85.448074,27.824293,2066
85.44808,27.8243,2066
85.44809,27.82431,2066
85.4481,27.824318,2066
85.448105,27.824326,2066
85.44811,27.824333,2066
85.44812,27.824339,2066
85.44813,27.824345,2066
85.448135,27.82435,2067
85.44814,27.824354,2067
85.44814,27.82436,2067
85.44815,27.824366,2067
85.44816,27.824371,2067
85.448166,27.824379,2067
85.448166,27.824389,2067
85.44817,27.824396,2067
85.44818,27.824404,2067
85.44819,27.824411,2067
85.448204,27.824417,2068
85.44821,27.824423,2068
85.44823,27.824427,2068
85.448235,27.82443,2068
85.44825,27.824434,2068
85.44826,27.824438,2068
85.44827,27.82444,2068
85.44828,27.824444,2069
85.44829,27.824444,2069
85.448296,27.824444,2069
85.4483,27.824444,2069
85.44831,27.824444,2069
85.44832,27.824444,2069
85.448326,27.824442,2069
85.44833,27.82444,2069
85.44834,27.824436,2069
85.44835,27.824432,2069
85.44835,27.824427,2069
85.44836,27.824423,2069
85.448364,27.824417,2069
85.448364,27.82441,2069
85.44837,27.824402,2070
85.44838,27.824394,2070
85.44838,27.824385,2070
85.44838,27.824377,2070
85.44838,27.82437,2070
85.44838,27.824364,2070
85.44837,27.824345,2070
85.44837,27.824352,2070
85.44837,27.824356,2070
85.44837,27.824358,2070
85.448364,27.824362,2070
85.44837,27.824356,2070
85.44838,27.82436,2070
85.44838,27.824364,2070
85.44838,27.824373,2070
85.44839,27.824385,2070
85.448395,27.824396,2070
85.448395,27.824406,2070
85.4484,27.824413,2070
85.4484,27.82442,2070
85.44841,27.824427,2070
85.44841,27.824434,2070
85.44841,27.824438,2070
85.44841,27.824444,2070
85.44841,27.824448,2070
85.44841,27.824451,2070
85.44841,27.82446,2070
85.44841,27.824451,2070
85.44841,27.824448,2070
85.44841,27.82445,2070
85.4484,27.824451,2070
85.448395,27.824453,2070
85.4484,27.824461,2070
85.448395,27.824467,2070
85.44839,27.824469,2070
85.44839,27.82447,2070
85.44839,27.824472,2070
85.44838,27.824474,2070
85.44838,27.824476,2070
85.44838,27.824478,2070
85.44838,27.82448,2070
85.44837,27.824482,2070
85.44837,27.824484,2070
85.44836,27.824495,2070
85.44835,27.824497,2070
85.44835,27.8245,2070
85.44833,27.824492,2070
85.448326,27.824488,2070
85.44833,27.82448,2070
85.44834,27.824478,2070
85.44833,27.824478,2070
85.44833,27.824476,2070
85.44834,27.824476,2070
85.44835,27.824476,2070
85.44836,27.824474,2070
85.44836,27.82447,2070
85.44836,27.824465,2070
85.44836,27.824457,2070
85.448364,27.82445,2070
85.448364,27.824442,2070
85.448364,27.824436,2070
85.448364,27.824432,2070
85.448364,27.824427,2070
85.44837,27.824423,2070
85.44837,27.82442,2070
85.44837,27.824425,2070
85.44837,27.82443,2070
85.44837,27.824438,2070
85.44837,27.824446,2070
85.44837,27.824453,2070
85.44837,27.824457,2070
85.44837,27.824461,2070
85.448364,27.824461,2070
85.448364,27.82446,2070
85.448364,27.824457,2070
85.44837,27.824448,2070
85.44837,27.824455,2070
85.44837,27.824457,2070
85.44837,27.82446,2070
85.44837,27.824463,2070
85.44837,27.824469,2070
85.44837,27.824465,2070
85.44837,27.824455,2070
85.44838,27.824446,2070
85.44839,27.82443,2070
85.44839,27.824417,2070
85.448395,27.824402,2070
85.4484,27.824387,2070
85.44841,27.824371,2070
85.44842,27.824356,2070
85.44842,27.82434,2070
85.448425,27.824326,2070
85.44843,27.824314,2070
85.44844,27.824305,2070
85.44845,27.824287,2070
85.44845,27.824286,2070
85.44845,27.824282,2070
85.44845,27.82428,2070
85.44845,27.824276,2070
85.44844,27.824272,2070
85.44844,27.824266,2070
85.44844,27.82426,2070
85.44844,27.824257,2070
85.44844,27.824251,2070
85.44844,27.824247,2070
85.44844,27.824242,2070
85.44844,27.824236,2070
85.44844,27.824238,2070
85.44844,27.824244,2070
85.44843,27.824247,2070
85.44843,27.82425,2070
85.44843,27.824257,2070
85.448425,27.824263,2070
85.448425,27.824265,2070
85.44842,27.824266,2070
85.44842,27.824276,2070
85.44841,27.824276,2070
85.44841,27.824284,2070
85.44841,27.82429,2070
85.44841,27.824291,2070
85.44841,27.824295,2070
85.44839,27.824305,2070
85.44838,27.824303,2070
85.448364,27.824299,2070
85.44837,27.82429,2070
85.44837,27.824284,2070
85.44837,27.82427,2070
85.44838,27.824253,2070
85.44839,27.824234,2070
85.448395,27.824213,2070
85.4484,27.824194,2070
85.4484,27.824173,2070
85.44841,27.824152,2070
85.44842,27.824131,2070
85.44842,27.824114,2070
85.448425,27.8241,2070
85.44843,27.824087,2070
85.44843,27.824076,2070
85.44844,27.824062,2070
85.44845,27.82405,2070
85.44845,27.82404,2070
85.448456,27.82403,2070
85.448456,27.824018,2070
85.448456,27.824007,2070
85.44846,27.823997,2070
85.44846,27.823986,2070
85.44847,27.823977,2070
85.44847,27.823967,2070
85.44847,27.823956,2073
85.44848,27.823944,2073
85.44848,27.823933,2073
85.44848,27.823921,2073
85.44849,27.82391,2073
85.44849,27.8239,2073
85.44849,27.82389,2073
85.448494,27.823881,2073
85.448494,27.82387,2073
85.448494,27.82386,2073
85.4485,27.82385,2073
85.4485,27.823841,2073
85.4485,27.82383,2074
85.4485,27.823818,2074
85.4485,27.823807,2074
85.44851,27.823797,2074
85.4485,27.823788,2074
85.4485,27.823776,2074
85.4485,27.823765,2074
85.4485,27.823753,2074
85.448494,27.823744,2074
85.448494,27.823734,2074
85.44849,27.823725,2074
85.44849,27.823715,2074
85.44849,27.823706,2074
85.44848,27.823696,2074
85.44848,27.823689,2074
85.44847,27.82368,2074
85.44847,27.823673,2074
85.44846,27.823666,2074
85.448456,27.823656,2074
85.44845,27.823647,2074
85.44844,27.823637,2074
85.44843,27.82363,2074
85.448425,27.823622,2074
85.44842,27.823616,2074
85.44841,27.823608,2074
85.4484,27.823599,2074
85.448395,27.82359,2074
85.44839,27.823582,2074
85.44839,27.823574,2074
85.44838,27.823566,2074
85.44837,27.82356,2074
85.448364,27.823551,2074
85.44836,27.823544,2074
85.44836,27.823534,2074
85.44835,27.823524,2074
85.44834,27.823517,2074
85.44834,27.82351,2074
85.44833,27.823502,2074
85.448326,27.823494,2074
85.448326,27.823484,2074
85.44832,27.823475,2074
85.44832,27.823465,2074
85.44831,27.823458,2074
85.44831,27.82345,2074
85.4483,27.82344,2074
85.448296,27.823431,2074
85.448296,27.82342,2074
85.44829,27.823408,2074
85.44829,27.823397,2074
85.44828,27.823387,2074
85.44828,27.823378,2074
85.44827,27.823368,2074
85.44827,27.82336,2074
85.448265,27.823353,2074
85.448265,27.823343,2074
85.44826,27.823332,2074
85.44826,27.823318,2074
85.44826,27.823305,2074
85.44825,27.823294,2074
85.44825,27.823284,2074
85.44824,27.823275,2074
85.44824,27.823265,2074
85.44824,27.823254,2074
85.448235,27.823242,2074
85.448235,27.823233,2074
85.448235,27.823221,2074
85.448235,27.82321,2074
85.44823,27.823202,2074
85.44823,27.823193,2074
85.448235,27.823181,2074
85.448235,27.82317,2074
85.448235,27.823158,2074
85.44824,27.823147,2074
85.44824,27.823135,2074
85.44825,27.823126,2074
85.44825,27.823116,2074
85.44826,27.823109,2074
85.44826,27.8231,2074
85.448265,27.823088,2074
85.44827,27.823078,2074
85.44828,27.823067,2074
85.44829,27.823057,2074
85.448296,27.823048,2074
85.4483,27.82304,2074
85.44831,27.823032,2074
85.44832,27.823025,2074
85.448326,27.823015,2074
85.44833,27.823008,2074
85.44834,27.823,2074
85.44836,27.822992,2074
85.448364,27.822987,2074
85.44837,27.82298,2074
85.44838,27.822973,2074
85.44839,27.822966,2075
85.4484,27.82296,2075
85.44841,27.822956,2075
85.448425,27.822952,2075
85.44844,27.82295,2075
85.44845,27.822947,2075
85.44846,27.822943,2075
85.44848,27.822937,2075
85.44849,27.822933,2075
85.4485,27.82293,2075
85.44851,27.822927,2075
85.44852,27.822927,2075
85.448524,27.82293,2075
85.44853,27.82293,2075
85.44854,27.822927,2075
85.44855,27.822927,2075
85.448555,27.822927,2075
85.448555,27.82293,2075
85.44856,27.822931,2075
85.44857,27.822931,2075
85.44857,27.82293,2075
85.44858,27.822927,2075
85.448586,27.822927,2075
85.44859,27.822927,2075
85.4486,27.82293,2075
85.44861,27.82293,2075
85.44862,27.822931,2075
85.44864,27.822931,2075
85.448654,27.822931,2075
85.44866,27.822931,2075
85.44868,27.822931,2075
85.448685,27.82293,2075
85.4487,27.822926,2075
85.448715,27.822922,2075
85.44873,27.822918,2075
85.44874,27.822912,2075
85.44875,27.822908,2075
85.44877,27.822905,2075
85.44878,27.8229,2075
85.44879,27.822897,2075
85.4488,27.822893,2075
85.44881,27.822887,2075
85.44882,27.822884,2075
85.44883,27.822878,2075
85.44884,27.822872,2075
85.44885,27.822866,2075
85.44886,27.822859,2075
85.448875,27.822851,2075
85.44888,27.822844,2075
85.44889,27.822834,2075
85.448906,27.822826,2075
85.44891,27.822819,2075
85.44892,27.822813,2075
85.44893,27.822807,2075
85.44894,27.822802,2075
85.448944,27.822796,2075
85.44895,27.822788,2075
85.44896,27.822783,2075
85.44897,27.822775,2075
85.448975,27.82277,2075
85.44898,27.822762,2075
85.44899,27.822754,2075
85.449,27.822746,2075
85.449005,27.822739,2075
85.44901,27.822731,2075
85.44902,27.822725,2075
85.44903,27.822721,2075
85.44904,27.822716,2075
85.44905,27.822712,2075
85.449066,27.822708,2075
85.44908,27.822704,2075
85.44909,27.8227,2075
85.449104,27.822699,2075
85.44911,27.822697,2075
85.44913,27.822695,2075
85.449135,27.822693,2075
85.44915,27.822691,2075
85.449165,27.82269,2075
85.44918,27.82269,2075
85.44919,27.822687,2075
85.4492,27.822687,2075
85.44922,27.822685,2075
85.449234,27.822683,2075
85.44924,27.822681,2075
85.44925,27.82268,2075
85.449265,27.822676,2075
85.44927,27.822674,2075
85.44929,27.82267,2075
85.4493,27.822666,2075
85.44931,27.82266,2075
85.449326,27.822657,2075
85.44934,27.82265,2075
85.44935,27.822647,2075
85.44936,27.822643,2075
85.44937,27.822641,2075
85.44938,27.822638,2075
85.44939,27.822632,2075
85.4494,27.822626,2075
85.44941,27.82262,2075
85.44942,27.822613,2075
85.44943,27.822605,2075
85.44944,27.8226,2075
85.44945,27.822592,2075
85.449455,27.822586,2075
85.44946,27.82258,2075
85.44948,27.822573,2075
85.449486,27.822565,2075
85.44949,27.822556,2075
85.4495,27.822548,2075
85.44952,27.82254,2075
85.449524,27.822533,2075
85.44953,27.822525,2075
85.44954,27.82252,2075
85.449554,27.822512,2075
85.44956,27.822504,2075
85.44957,27.822496,2075
85.44958,27.82249,2075
85.449585,27.822483,2075
85.44959,27.822475,2075
85.44961,27.822466,2075
85.449615,27.822458,2075
85.44962,27.82245,2075
85.44963,27.822443,2075
85.44964,27.822433,2074
85.449646,27.822426,2074
85.44965,27.822418,2074
85.44966,27.82241,2074
85.44967,27.822401,2074
85.44968,27.822395,2074
85.44968,27.822388,2074
85.449684,27.822382,2074
85.44969,27.822374,2074
85.4497,27.822369,2074
85.44971,27.822361,2074
85.44971,27.822353,2074
85.449715,27.822346,2074
85.449715,27.822338,2074
85.44972,27.82233,2073
85.44973,27.822323,2073
85.44974,27.822315,2073
85.449745,27.82231,2073
85.44976,27.822304,2073
85.44977,27.822302,2073
85.44978,27.822298,2073
85.4498,27.822296,2073
85.44981,27.822294,2073
85.44982,27.822292,2073
85.44983,27.822289,2073
85.44984,27.822289,2073
85.44985,27.822287,2073
85.44986,27.822285,2073
85.449875,27.822287,2073
85.44988,27.822289,2073
85.4499,27.822292,2073
85.449905,27.822294,2073
85.44992,27.822296,2073
85.44993,27.822298,2073
85.449936,27.822302,2073
85.44995,27.822306,2073
85.44996,27.822311,2073
85.44997,27.822317,2073
85.449974,27.822323,2073
85.44998,27.822329,2073
85.45,27.822334,2073
85.450005,27.82234,2073
85.45001,27.822348,2073
85.45002,27.822353,2073
85.450035,27.822361,2073
85.45004,27.822367,2073
85.45005,27.822372,2073
85.45006,27.822378,2073
85.45007,27.82238,2073
85.45008,27.822382,2073
85.450096,27.822384,2073
85.4501,27.822386,2073
85.45012,27.822388,2073
85.450134,27.82239,2073
85.45014,27.822392,2073
85.45016,27.822392,2073
85.450165,27.822392,2073
85.45017,27.822388,2073
85.45019,27.822386,2073
85.450195,27.82238,2073
85.4502,27.822374,2073
85.45022,27.822367,2072
85.450226,27.82236,2072
85.45024,27.822353,2072
85.45025,27.822348,2072
85.45026,27.822342,2072
85.450264,27.822336,2072
85.45027,27.82233,2072
85.45029,27.822323,2072
85.450294,27.822315,2071
85.4503,27.822308,2071
85.45031,27.8223,2071
85.45032,27.822294,2071
85.450325,27.82229,2071
85.45033,27.822285,2071
85.45033,27.822279,2071
85.45034,27.822271,2071
85.450356,27.822264,2071
85.45036,27.822254,2071
85.45037,27.822245,2071
85.45038,27.822237,2070
85.450386,27.822227,2070
85.45039,27.822222,2070
85.45041,27.822214,2070
85.45042,27.822206,2070
85.450424,27.822199,2070
85.45044,27.822191,2070
85.45045,27.822182,2070
85.45046,27.822176,2070
85.45047,27.822168,2070
85.450485,27.822163,2070
85.45049,27.822157,2069
85.4505,27.822153,2069
85.450516,27.82215,2069
85.45052,27.822145,2069
85.45053,27.822142,2069
85.45055,27.822136,2069
85.450554,27.82213,2069
85.45057,27.822126,2069
85.45058,27.82212,2069
85.45059,27.822115,2069
85.4506,27.822111,2069
85.450615,27.822107,2069
85.45062,27.822104,2069
85.45063,27.8221,2068
85.450645,27.822096,2068
85.45065,27.822092,2068
85.45067,27.822088,2068
85.45068,27.822084,2068
85.4507,27.82208,2068
85.45071,27.822079,2068
85.45072,27.822077,2068
85.45073,27.822075,2068
85.45074,27.822071,2068
85.450745,27.822067,2068
85.45076,27.822063,2068
85.45077,27.822058,2068
85.450775,27.822054,2068
85.45079,27.82205,2068
85.4508,27.822046,2068
85.45081,27.822042,2068
85.45082,27.822039,2068
85.45083,27.822035,2068
85.450836,27.822031,2068
85.45084,27.822025,2068
85.45086,27.822018,2068
85.45087,27.822012,2068
85.45088,27.822006,2068
85.45089,27.822,2067
85.450905,27.821995,2067
85.45091,27.82199,2067
85.45093,27.821983,2067
85.450935,27.821978,2067
85.45094,27.821974,2067
85.45095,27.821968,2067
85.45096,27.821962,2067
85.450966,27.821955,2067
85.45098,27.821949,2067
85.45099,27.821941,2067
85.451,27.821934,2067
85.45101,27.821928,2067
85.45102,27.82192,2067
85.451035,27.821917,2067
85.45104,27.821913,2066
85.45105,27.821909,2066
85.451065,27.821903,2066
85.45107,27.8219,2066
85.45108,27.821892,2066
85.451096,27.821884,2066
85.4511,27.821877,2066
85.45111,27.821869,2066
85.45112,27.821861,2066
85.451126,27.821854,2066
85.45113,27.821848,2066
85.45115,27.821842,2066
85.45116,27.821835,2066
85.451164,27.821823,2066
85.45117,27.821814,2066
85.45118,27.8218,2066
85.45119,27.821789,2066
85.451195,27.82178,2066
85.4512,27.821768,2066
85.45121,27.82176,2066
85.45122,27.821753,2066
85.451225,27.821745,2066
85.45123,27.821737,2066
85.45124,27.821728,2066
85.45125,27.82172,2066
85.451256,27.82171,2066
85.45126,27.821701,2066
85.45127,27.821692,2066
85.45128,27.821684,2066
85.45129,27.821676,2066
85.451294,27.821669,2066
85.451294,27.82166,2066
85.4513,27.82165,2066
85.45131,27.821638,2066
85.45132,27.821629,2066
85.451324,27.821619,2066
85.45133,27.82161,2066
85.45134,27.821602,2066
85.45135,27.821594,2066
85.451355,27.821585,2066
85.45136,27.821575,2066
85.45137,27.821566,2066
85.45138,27.821556,2066
85.45138,27.821547,2066
85.451385,27.821537,2066
85.45139,27.82153,2066
85.45139,27.821522,2066
85.4514,27.821514,2066
85.4514,27.821507,2066
85.45141,27.8215,2066
85.45141,27.821491,2066
85.451416,27.821482,2066
85.45142,27.821472,2065
85.45143,27.821463,2065
85.45143,27.821453,2065
85.45144,27.821445,2065
85.45145,27.821438,2065
85.45145,27.821428,2065
85.451454,27.82142,2065
85.45146,27.821411,2065
85.45147,27.8214,2065
85.45148,27.821388,2065
85.451485,27.821375,2065
85.45149,27.821363,2065
85.4515,27.821352,2065
85.45151,27.821339,2065
85.451515,27.821327,2065
85.45152,27.821316,2065
85.45152,27.821306,2065
85.45153,27.821295,2065
85.45153,27.821285,2065
85.45153,27.821276,2064
85.45154,27.821266,2064
85.45154,27.821257,2064
85.45154,27.821243,2064
85.45154,27.82123,2064
85.45154,27.821217,2064
85.45154,27.821203,2064
85.451546,27.82119,2064
85.451546,27.821177,2064
85.451546,27.821163,2064
85.45155,27.82115,2064
85.45155,27.821138,2064
85.45156,27.821127,2064
85.45156,27.821117,2064
85.45157,27.821108,2064
85.45157,27.821098,2064
85.45158,27.821087,2064
85.45158,27.821075,2064
85.45158,27.821062,2064
85.451584,27.821049,2063
85.45159,27.821035,2063
85.45159,27.82102,2063
85.4516,27.821009,2063
85.4516,27.821,2063
85.4516,27.82099,2063
85.45161,27.820982,2063
85.45161,27.820972,2063
85.45161,27.820963,2063
85.451614,27.820953,2063
85.451614,27.820944,2063
85.45162,27.820932,2063
85.45163,27.82092,2063
85.45164,27.82091,2063
85.45164,27.8209,2063
85.451645,27.82089,2063
85.451645,27.820883,2063
85.45165,27.820875,2063
85.45165,27.820868,2063
85.45166,27.820858,2063
85.45166,27.82085,2063
85.45167,27.820843,2063
85.451675,27.820833,2063
85.45168,27.820824,2063
85.45169,27.820816,2063
85.451706,27.820807,2062
85.45171,27.820799,2062
85.45172,27.820791,2062
85.45173,27.820786,2062
85.45174,27.82078,2062
85.451744,27.820772,2062
85.45175,27.820765,2061
85.45176,27.820759,2061
85.451775,27.820751,2061
85.45178,27.820744,2061
85.45179,27.820736,2061
85.451805,27.820728,2061
85.45181,27.82072,2061
85.45183,27.820711,2060
85.451836,27.820702,2060
85.45184,27.820694,2060
85.45185,27.820684,2060
85.45186,27.820677,2060
85.451866,27.820671,2060
85.45187,27.820663,2060
85.45189,27.820654,2060
85.4519,27.820646,2060
85.451904,27.82064,2059
85.45192,27.820631,2059
85.45193,27.820623,2059
85.451935,27.820616,2059
85.45194,27.820608,2059
85.45195,27.8206,2059
85.45196,27.820593,2059
85.451965,27.820581,2059
85.45197,27.82057,2059
85.45198,27.820559,2058
85.45199,27.820547,2058
85.451996,27.820534,2058
85.451996,27.820522,2058
85.452,27.820513,2058
85.45201,27.820505,2058
85.45201,27.820498,2058
85.45202,27.82049,2058
85.45203,27.82048,2058
85.452034,27.82047,2058
85.45205,27.820463,2058
85.45206,27.820454,2057
85.452065,27.820446,2057
85.45208,27.82044,2057
85.45209,27.820436,2057
85.4521,27.820433,2057
85.45211,27.820429,2057
85.45212,27.820427,2057
85.45213,27.820423,2057
85.45214,27.82042,2057
85.45215,27.820417,2057
85.45216,27.820414,2057
85.45217,27.820412,2057
85.45218,27.82041,2057
85.45219,27.820408,2057
85.4522,27.820406,2057
85.45221,27.820406,2057
85.45222,27.820404,2057
85.45223,27.8204,2057
85.45224,27.820398,2057
85.45225,27.820396,2057
85.452255,27.820395,2057
85.45227,27.82039,2057
85.45228,27.820387,2057
85.45229,27.820385,2057
85.4523,27.82038,2056
85.45232,27.820375,2056
85.452324,27.820372,2056
85.45233,27.820366,2056
85.45234,27.82036,2056
85.45235,27.820354,2056
85.452354,27.820349,2056
85.45236,27.820343,2055
85.45237,27.820337,2055
85.45238,27.82033,2055
85.452385,27.820322,2055
85.45239,27.820314,2055
85.4524,27.820307,2055
85.45241,27.8203,2054
85.45242,27.820293,2054
85.45243,27.820286,2054
85.452446,27.82028,2054
85.45245,27.820274,2054
85.45246,27.820269,2054
85.45248,27.820263,2054
85.452484,27.82026,2054
85.45249,27.820253,2053
85.45251,27.82025,2053
85.452515,27.820244,2053
85.45253,27.82024,2053
85.45254,27.820234,2053
85.45255,27.82023,2053
85.45257,27.820223,2053
85.452576,27.820217,2052
85.45258,27.82021,2052
85.4526,27.820204,2052
85.45261,27.8202,2052
85.452614,27.820192,2052
85.45263,27.820185,2052
85.45264,27.820177,2052
85.452644,27.82017,2052
85.45265,27.820162,2052
85.45266,27.820154,2052
85.45267,27.820148,2052
85.45268,27.820135,2052
85.45268,27.820133,2052
85.45269,27.820131,2052
85.4527,27.820127,2052
85.452705,27.820127,2052
85.45271,27.82013,2052
85.45271,27.820131,2052
85.45273,27.820135,2052
85.452736,27.820139,2052
85.452736,27.82014,2052
85.45274,27.820147,2052
85.45276,27.820154,2050
85.45277,27.820164,2050
85.45278,27.820175,2049
85.45279,27.820185,2049
85.452805,27.820192,2049
85.45282,27.820202,2049
85.452835,27.820211,2048
85.45284,27.82022,2048
85.45285,27.820227,2048
85.45286,27.820234,2048
85.452866,27.82024,2048
85.45287,27.820246,2048
85.45288,27.820251,2048
85.45289,27.820257,2048
85.45289,27.820263,2048
85.452896,27.820269,2048
85.4529,27.820284,2048
85.4529,27.820286,2048
85.45291,27.820288,2048
85.45292,27.82029,2047
85.45292,27.820293,2047
85.45293,27.820297,2047
85.45293,27.820301,2047
85.452934,27.820305,2047
85.45294,27.820309,2047
85.45295,27.820314,2047
85.45296,27.82032,2047
85.45296,27.820326,2047
85.45297,27.820332,2047
85.45298,27.82034,2047
85.45299,27.820345,2046
85.452995,27.82035,2046
85.453,27.820356,2046
85.45301,27.820362,2046
85.45302,27.820368,2046
85.453026,27.820374,2046
85.453026,27.820377,2046
85.45303,27.820383,2046
85.45304,27.820389,2046
85.45305,27.820393,2046
85.45305,27.820398,2046
85.45306,27.820404,2046
85.45306,27.820414,2045
85.453064,27.820421,2045
85.45307,27.82043,2045
85.45307,27.820438,2045
85.45307,27.820446,2045
85.45308,27.820454,2045
85.45309,27.820461,2045
85.45309,27.82047,2045
85.45309,27.82048,2045
85.45309,27.820488,2045
85.453094,27.820498,2045
85.4531,27.820507,2045
85.4531,27.820517,2045
85.45311,27.820524,2045
85.45311,27.820532,2045
85.45311,27.82054,2045
85.45311,27.820547,2045
85.45312,27.820555,2045
85.45312,27.820562,2045
85.45312,27.82057,2045
85.45312,27.82058,2046
85.45312,27.820587,2046
85.45312,27.820595,2046
85.45312,27.820604,2046
85.45312,27.820612,2046
85.45312,27.820621,2046
85.45312,27.820631,2046
85.45311,27.82064,2046
85.45311,27.82065,2046
85.4531,27.82066,2046
85.4531,27.820671,2046
85.4531,27.82068,2046
85.453094,27.82069,2046
85.453094,27.8207,2046
85.453094,27.820707,2046
85.45309,27.820719,2046
85.45309,27.820726,2046
85.45309,27.820732,2046
85.45309,27.820738,2046
85.45309,27.82075,2046
85.45309,27.820757,2046
85.453094,27.820759,2046
85.453094,27.820763,2046
85.453094,27.820766,2046
85.45311,27.820778,2046
85.45311,27.820782,2046
85.45311,27.820787,2046
85.45312,27.820793,2046
85.45312,27.820799,2046
85.453125,27.820805,2046
85.453125,27.820812,2046
85.453125,27.82082,2046
85.45313,27.820827,2046
85.45313,27.820835,2046
85.45313,27.820843,2046
85.45313,27.820848,2046
85.45314,27.820854,2046
85.45314,27.820862,2046
85.45315,27.82087,2046
85.45315,27.820877,2046
85.45315,27.820885,2046
85.453156,27.820894,2046
85.453156,27.820902,2046
85.45316,27.820911,2046
85.45316,27.820919,2046
85.45316,27.820929,2046
85.45317,27.820936,2046
85.45318,27.820946,2046
85.453186,27.820955,2046
85.45319,27.820965,2046
85.4532,27.820972,2046
85.45321,27.820982,2046
85.45322,27.820992,2046
85.453224,27.821,2046
85.45324,27.821005,2046
85.45325,27.82101,2046
85.453255,27.821016,2046
85.45327,27.82102,2046
85.45328,27.821024,2046
85.45329,27.821026,2046
85.4533,27.821026,2046
85.453316,27.821026,2046
85.45332,27.821026,2046
85.45334,27.821028,2043
85.453354,27.821028,2043
85.45336,27.821028,2043
85.45338,27.821026,2043
85.453384,27.821024,2043
85.45339,27.821022,2043
85.45341,27.821018,2043
85.453415,27.821016,2042
85.45342,27.821012,2042
85.45343,27.821007,2042
85.45344,27.821001,2042
85.453445,27.820995,2042
85.45345,27.820988,2042
85.45346,27.82098,2041
85.45347,27.820972,2041
85.453476,27.820963,2041
85.45348,27.820953,2041
85.45349,27.820944,2041
85.4535,27.820934,2041
85.45351,27.820925,2041
85.453514,27.820913,2040
85.45352,27.820902,2040
85.45353,27.82089,2040
85.45354,27.820879,2040
85.453545,27.82087,2040
85.45355,27.82086,2040
85.45356,27.820852,2040
85.45357,27.820845,2040
85.453575,27.820837,2039
85.45358,27.820831,2039
85.4536,27.820826,2039
85.453606,27.820822,2039
85.45362,27.820818,2039
85.45363,27.820818,2039
85.45364,27.820818,2039
85.45366,27.820818,2039
85.45367,27.820818,2039
85.453674,27.820818,2038
85.45369,27.820816,2038
85.4537,27.820812,2038
85.453705,27.82081,2038
85.45371,27.820807,2038
85.45373,27.820805,2038
85.453735,27.820805,2038
85.45375,27.820805,2038
85.453766,27.820807,2038
85.45378,27.820808,2038
85.4538,27.82081,2037
85.45381,27.820812,2037
85.45382,27.820812,2037
85.453835,27.820814,2037
85.45384,27.820814,2037
85.45386,27.820812,2037
85.453865,27.82081,2037
85.45387,27.820807,2037
85.45389,27.820803,2037
85.453896,27.820797,2037
85.45391,27.820791,2037
85.45392,27.820787,2037
85.45393,27.820784,2037
85.45395,27.82078,2037
85.453964,27.820774,2037
85.45398,27.82077,2037
85.453995,27.820768,2037
85.454,27.820766,2037
85.45402,27.820763,2037
85.45403,27.82076,2037
85.45405,27.820757,2036
85.45406,27.820755,2036
85.45407,27.820753,2036
85.45409,27.820751,2036
85.4541,27.82075,2036
85.45412,27.820747,2036
85.454124,27.820744,2036
85.45414,27.820742,2036
85.454155,27.82074,2036
85.45417,27.820738,2036
85.45418,27.820736,2036
85.454185,27.820734,2036
85.4542,27.820734,2036
85.45421,27.820732,2036
85.45422,27.82073,2035
85.45423,27.82073,2035
85.45424,27.82073,2035
85.454254,27.82073,2035
85.45426,27.820726,2035
85.45427,27.820723,2035
85.454285,27.820719,2035
85.45429,27.820715,2035
85.45431,27.820713,2035
85.45432,27.82071,2035
85.45433,27.820705,2035
85.454346,27.820702,2035
85.45436,27.820698,2035
85.45437,27.820694,2035
85.454384,27.82069,2035
85.4544,27.820686,2035
85.45441,27.820683,2035
85.454414,27.820677,2035
85.45443,27.820673,2035
85.45444,27.820667,2035
85.45445,27.820662,2035
85.45446,27.820656,2034
85.454475,27.820652,2034
85.45449,27.820646,2034
85.4545,27.82064,2034
85.454506,27.820637,2034
85.45452,27.820631,2034
85.45453,27.820627,2034
85.454544,27.820623,2034
85.45455,27.820618,2034
85.45456,27.820612,2034
85.454575,27.820604,2034
85.45458,27.820597,2034
85.45459,27.820587,2033
85.4546,27.82058,2033
85.454605,27.82057,2033
85.45461,27.82056,2033
85.45463,27.820553,2033
85.454636,27.820545,2033
85.45464,27.820538,2033
85.45466,27.82053,2033
85.454666,27.820522,2033
85.45467,27.820515,2033
85.45469,27.820507,2033
85.4547,27.8205,2033
85.454704,27.820492,2033
85.45472,27.820486,2033
85.45473,27.820478,2033
85.454735,27.82047,2033
85.45474,27.820463,2033
85.45476,27.820456,2032
85.454765,27.820448,2032
85.45477,27.82044,2032
85.45478,27.820433,2032
85.45479,27.820425,2032
85.454796,27.820414,2032
85.4548,27.820404,2032
85.45481,27.820393,2032
85.45482,27.820381,2032
85.45483,27.820372,2032
85.454834,27.820362,2032
85.45484,27.820354,2032
85.45484,27.820343,2032
85.45485,27.820335,2032
85.45486,27.820326,2032
85.454865,27.820318,2031
85.45487,27.820309,2031
85.45488,27.820297,2031
85.45489,27.820288,2031
85.45489,27.82028,2031
85.454895,27.82027,2031
85.4549,27.82026,2031
85.45491,27.820251,2031
85.45492,27.820242,2031
85.45492,27.820232,2031
85.454926,27.820223,2031
85.45493,27.820211,2031
85.45493,27.8202,2031
85.45493,27.820189,2031
85.45493,27.820177,2031
85.45494,27.820166,2031
85.45494,27.820154,2031
85.45494,27.820145,2031
85.45495,27.820135,2031
85.45495,27.820127,2031
85.454956,27.820118,2031
85.45496,27.82011,2031
85.45497,27.820099,2031
85.45497,27.82009,2031
85.45498,27.820078,2031
85.45499,27.820066,2031
85.454994,27.820055,2031
85.455,27.820045,2031
85.45501,27.820036,2031
85.45502,27.820024,2031
85.455025,27.820015,2031
85.45503,27.820007,2031
85.45505,27.82,2031
85.455055,27.819994,2030
85.45506,27.819988,2030
85.45508,27.819983,2030
85.455086,27.819977,2030
85.45509,27.81997,2030
85.4551,27.819962,2029
85.45511,27.819954,2029
85.455124,27.819946,2029
85.45513,27.819937,2029
85.45514,27.81993,2029
85.455154,27.819923,2029
85.45516,27.819918,2029
85.45518,27.81991,2029
85.455185,27.819902,2029
85.45519,27.819897,2029
85.45521,27.819893,2028
85.455215,27.819887,2028
85.45523,27.819881,2028
85.45524,27.819876,2028
85.455246,27.819872,2028
85.45525,27.819868,2028
85.45526,27.81986,2028
85.45528,27.819855,2028
85.455284,27.819849,2028
85.4553,27.819843,2028
85.45531,27.819841,2027
85.45532,27.819836,2027
85.45533,27.81983,2027
85.455345,27.819822,2027
85.45535,27.819813,2027
85.45536,27.819805,2027
85.45537,27.819796,2027
85.455376,27.819786,2027
85.45538,27.819775,2027
85.45538,27.819765,2027
85.45539,27.819757,2027
85.45539,27.819748,2027
85.4554,27.819738,2027
85.45541,27.819727,2027
85.45542,27.819717,2027
85.45543,27.819708,2027
85.45544,27.8197,2027
85.45545,27.819693,2027
85.45546,27.819685,2027
85.45547,27.819675,2027
85.45548,27.81967,2027
85.45548,27.819664,2027
85.45549,27.819658,2027
85.4555,27.819653,2026
85.455505,27.819647,2026
85.45551,27.819643,2026
85.45553,27.81964,2026
85.455536,27.819635,2026
85.45555,27.819633,2026
85.45557,27.819632,2026
85.455574,27.819632,2026
85.45559,27.819632,2026
85.455605,27.819632,2026
85.45562,27.81963,2026
85.45563,27.81963,2026
85.45564,27.819628,2026
85.45566,27.819626,2026
85.455666,27.819622,2025
85.45568,27.819618,2025
85.455696,27.819613,2025
85.4557,27.819607,2025
85.45572,27.819603,2025
85.455734,27.819597,2025
85.45575,27.819592,2025
85.45576,27.819586,2025
85.45577,27.819582,2025
85.45578,27.819576,2025
85.455795,27.819572,2025
85.4558,27.819569,2025
85.45582,27.819565,2025
85.455826,27.819563,2025
85.45583,27.819557,2025
85.45584,27.819553,2025
85.45586,27.819548,2025
85.45587,27.819544,2025
85.45588,27.81954,2025
85.455894,27.819536,2025
85.4559,27.819534,2025
85.45592,27.819532,2025
85.455925,27.81953,2025
85.45594,27.81953,2025
85.45595,27.81953,2025
85.45596,27.819529,2025
85.45598,27.819529,2025
85.455986,27.819527,2025
85.456,27.819525,2025
85.45601,27.81952,2025
85.456024,27.819517,2025
85.45604,27.819515,2025
85.456055,27.819513,2025
85.45607,27.819511,2025
85.456085,27.819511,2025
85.4561,27.81951,2025
85.456116,27.819508,2025
85.45612,27.819504,2025
85.45614,27.8195,2025
85.456154,27.819498,2025
85.45616,27.819494,2025
85.45618,27.819489,2025
85.456184,27.819485,2025
85.4562,27.819479,2025
85.45621,27.819473,2025
85.45622,27.819468,2025
85.45623,27.81946,2025
85.456245,27.819452,2025
85.45625,27.819443,2025
85.45626,27.819433,2025
85.456276,27.819424,2025
85.45628,27.819414,2025
85.45629,27.819403,2025
85.4563,27.819395,2025
85.45631,27.819387,2025
85.456314,27.81938,2025
85.45632,27.819372,2025
85.45633,27.819365,2025
85.45634,27.819355,2025
85.456345,27.819347,2025
85.45636,27.81934,2025
85.45637,27.819332,2025
85.456375,27.819324,2025
85.45639,27.819317,2025
85.4564,27.81931,2025
85.456406,27.819302,2025
85.45641,27.819294,2025
85.45643,27.819284,2025
85.456436,27.819275,2025
85.45644,27.819267,2025
85.45645,27.819258,2025
85.45646,27.81925,2025
85.45646,27.81924,2025
85.45647,27.81923,2025
85.45647,27.819216,2025
85.45647,27.819206,2025
85.45647,27.819193,2025
85.45646,27.819178,2025
85.45646,27.819164,2025
85.45645,27.81915,2025
85.45645,27.81914,2025
85.45644,27.819128,2025
85.456436,27.819117,2025
85.456436,27.819107,2025
85.45643,27.819094,2025
85.45642,27.819082,2025
85.45641,27.819073,2025
85.456406,27.819063,2025
85.456406,27.819054,2025
85.4564,27.819046,2025
85.45639,27.819038,2025
85.45638,27.81903,2025
85.456375,27.819025,2026
85.45637,27.819017,2026
85.45636,27.819012,2026
85.45635,27.819006,2026
85.456345,27.818998,2026
85.45633,27.818993,2026
85.45632,27.818985,2026
85.456314,27.81898,2026
85.45631,27.818972,2026
85.4563,27.818964,2026
85.45629,27.818956,2026
85.45628,27.818949,2026
85.456276,27.818941,2026
85.45627,27.818932,2026
85.45626,27.818926,2026
85.45625,27.818918,2026
85.456245,27.818913,2026
85.45623,27.818905,2026
85.45623,27.8189,2026
85.45622,27.818892,2026
85.456215,27.818884,2026
85.45621,27.818874,2026
85.4562,27.818867,2026
85.45619,27.818857,2026
85.456184,27.81885,2027
85.45618,27.818842,2027
85.45617,27.818832,2027
85.45616,27.818825,2027
85.456154,27.818819,2027
85.45615,27.818813,2027
85.45614,27.818808,2027
85.45612,27.818804,2028
85.456116,27.818802,2028
85.4561,27.818798,2028
85.45609,27.818796,2028
85.456085,27.818794,2028
85.45607,27.81879,2028
85.45606,27.818789,2029
85.45605,27.818785,2029
85.45604,27.81878,2029
85.45603,27.818779,2029
85.45602,27.818777,2029
85.45601,27.818773,2029
85.45601,27.818771,2030
85.456,27.818766,2030
85.456,27.81876,2030
85.45599,27.818754,2030
85.455986,27.81875,2030
85.45598,27.818747,2030
85.45597,27.818743,2030
85.45597,27.818739,2031
85.45596,27.818735,2031
85.455956,27.818731,2031
85.45595,27.818727,2031
85.45593,27.818722,2031
85.455925,27.818718,2031
85.45592,27.818712,2031
85.45591,27.818707,2032
85.455894,27.8187,2032
85.45589,27.818697,2032
85.45588,27.818693,2032
85.45587,27.818687,2032
85.455864,27.818684,2032
85.45585,27.81868,2033
85.45584,27.818676,2033
85.45583,27.818672,2033
85.455826,27.818666,2033
85.45582,27.818663,2033
85.45581,27.818659,2033
85.455795,27.818655,2033
85.45579,27.818653,2033
85.45578,27.818653,2033
85.455765,27.81865,2034
85.45576,27.818645,2034
85.45575,27.81864,2034
85.455734,27.818634,2034
85.45573,27.818628,2034
85.45572,27.818619,2034
85.45571,27.81861,2034
85.45571,27.818598,2034
85.4557,27.818588,2034
85.455696,27.81858,2034
85.45569,27.818573,2034
85.45568,27.818567,2034
85.45568,27.81856,2034
85.45567,27.818554,2034
85.455666,27.81855,2034
85.455666,27.818544,2034
85.45566,27.818539,2034
85.45566,27.818531,2034
85.45565,27.818527,2034
85.455635,27.818521,2034
85.45563,27.818514,2034
85.45563,27.818506,2034
85.45562,27.818499,2034
85.45562,27.81849,2034
85.45562,27.818481,2034
85.45562,27.818478,2034
85.45562,27.818476,2034
85.45563,27.818468,2034
85.45563,27.818466,2034
85.455635,27.818462,2034
85.455635,27.81846,2034
85.45564,27.818455,2034
85.45565,27.81845,2035
85.45565,27.818445,2035
85.45566,27.818438,2035
85.455666,27.81843,2035
85.45567,27.818422,2035
85.45567,27.818413,2035
85.45568,27.818403,2035
85.45569,27.818394,2035
85.45569,27.818384,2035
85.455696,27.818377,2035
85.4557,27.818367,2035
85.4557,27.81836,2035
85.45571,27.818352,2035
85.45572,27.818344,2036
85.45572,27.818338,2036
85.45573,27.81833,2036
85.455734,27.818325,2036
85.455734,27.81832,2036
85.45574,27.818312,2036
85.45575,27.818306,2036
85.45576,27.818298,2036
85.45576,27.81829,2036
85.455765,27.818283,2036
85.455765,27.818274,2036
85.455765,27.818264,2036
85.45577,27.818256,2036
85.45577,27.818247,2036
85.45578,27.81824,2036
85.45578,27.81823,2036
85.45579,27.81822,2036
85.45579,27.818213,2036
85.455795,27.818203,2036
85.455795,27.818193,2036
85.455795,27.818182,2036
85.455795,27.818172,2036
85.4558,27.818163,2037
85.4558,27.818155,2037
85.4558,27.818148,2037
85.4558,27.81814,2037
85.4558,27.81813,2037
85.4558,27.818123,2037
85.4558,27.818113,2037
85.45581,27.818102,2037
85.45581,27.81809,2037
85.45581,27.81808,2037
85.45581,27.81807,2038
85.45582,27.818058,2038
85.45582,27.818047,2038
85.45582,27.818037,2038
85.455826,27.818027,2038
85.455826,27.818018,2038
85.45583,27.818008,2038
85.45583,27.817997,2038
85.45584,27.817986,2038
85.45584,27.817974,2038
85.45584,27.817963,2038
85.45584,27.817953,2039
85.45584,27.817944,2039
85.45585,27.817932,2039
85.45585,27.817923,2039
85.45585,27.817911,2039
85.45585,27.8179,2039
85.45585,27.81789,2039
85.45585,27.817879,2039
85.45585,27.817867,2039
85.45585,27.817856,2039
85.45586,27.817844,2039
85.45586,27.817835,2039
85.45585,27.817823,2039
85.45585,27.817812,2040
85.45585,27.817802,2040
85.45585,27.817791,2040
85.45585,27.81778,2040
85.45585,27.817768,2040
85.45585,27.817757,2040
85.45585,27.817745,2040
85.45585,27.817734,2040
85.45585,27.817722,2040
85.45585,27.81771,2040
85.45585,27.817701,2040
85.45585,27.817692,2040
85.45585,27.817682,2040
85.45586,27.817673,2041
85.45586,27.817663,2041
85.45586,27.817652,2041
85.45586,27.81764,2041
85.455864,27.817629,2041
85.455864,27.817616,2041
85.455864,27.817606,2041
85.455864,27.817595,2041
85.455864,27.817583,2041
85.455864,27.817572,2041
85.45587,27.817562,2041
85.45587,27.817553,2041
85.45587,27.817543,2041
85.45587,27.817532,2041
85.45588,27.817522,2041
85.45588,27.817513,2041
85.45589,27.817503,2041
85.45589,27.817493,2041
85.455894,27.817484,2041
85.4559,27.817476,2041
85.45591,27.81747,2041
85.45592,27.817465,2041
85.455925,27.817457,2041
85.45594,27.817451,2041
85.45595,27.81745,2041
85.45596,27.817446,2041
85.45598,27.817442,2041
85.455986,27.817438,2042
85.456,27.817434,2042
85.45601,27.817429,2042
85.45602,27.817425,2042
85.456024,27.817417,2042
85.456024,27.81741,2042
85.45603,27.817402,2042
85.45603,27.817394,2042
85.45603,27.817387,2042
85.45604,27.817377,2042
85.45603,27.817366,2042
85.45603,27.817352,2042
85.45603,27.817343,2042
85.45603,27.817333,2042
85.45603,27.817324,2042
85.45603,27.817316,2042
85.456024,27.817305,2042
85.456024,27.817295,2042
85.45602,27.817287,2042
85.45602,27.817278,2042
85.45601,27.817268,2042
85.45601,27.817259,2042
85.45601,27.817247,2042
85.45601,27.817238,2042
85.45601,27.817226,2042
85.45601,27.817217,2042
85.45601,27.81721,2043
85.45602,27.8172,2043
85.45602,27.81719,2043
85.456024,27.817183,2043
85.456024,27.817177,2043
85.456024,27.817171,2043
85.456024,27.817167,2043
85.45603,27.81716,2043
85.45603,27.81715,2043
85.45604,27.817137,2043
85.45605,27.817123,2043
85.456055,27.817108,2043
85.45606,27.817095,2043
85.45607,27.817083,2043
85.45608,27.817072,2043
85.456085,27.817059,2043
85.45609,27.817045,2043
85.4561,27.817034,2043
85.45611,27.81702,2043
85.456116,27.817007,2044
85.45612,27.816996,2044
85.45613,27.816986,2044
85.45614,27.816977,2044
85.45615,27.816967,2044
85.456154,27.81696,2044
85.45616,27.81695,2044
85.45617,27.816942,2044
85.45618,27.816935,2044
85.456184,27.816929,2044
85.45619,27.816921,2044
85.45621,27.816916,2044
85.456215,27.816912,2044
85.45623,27.816904,2044
85.456245,27.816898,2044
85.45625,27.816893,2044
85.45627,27.816887,2044
85.456276,27.816885,2044
85.45629,27.81688,2045
85.45631,27.816875,2045
85.456314,27.816872,2045
85.45633,27.816868,2045
85.45634,27.816864,2045
85.45635,27.81686,2045
85.45637,27.816856,2045
85.456375,27.81685,2045
85.45638,27.816845,2045
85.4564,27.81684,2045
85.456406,27.816832,2045
85.45641,27.816826,2045
85.45641,27.816816,2045
85.45642,27.816807,2045
85.45642,27.816795,2045
85.45643,27.816784,2045
85.456436,27.816772,2045
85.456436,27.816763,2045
85.45644,27.816753,2045
85.45644,27.816742,2045
85.45644,27.816732,2045
85.45645,27.816721,2045
85.45645,27.816711,2045
85.45645,27.8167,2045
85.45645,27.81669,2045
85.45645,27.816679,2045
85.45644,27.816666,2045
85.45645,27.816656,2045
85.45645,27.816647,2045
85.45646,27.816635,2045
85.45646,27.816626,2045
85.45647,27.816614,2045
85.45647,27.816603,2045
85.456474,27.816595,2045
85.45648,27.816587,2045
85.45649,27.816578,2045
85.456505,27.81657,2045
85.45651,27.816565,2045
85.45652,27.816559,2045
85.456535,27.816545,2045
85.456535,27.816544,2045
85.45654,27.81654,2045
85.45655,27.816532,2047
85.45656,27.81652,2047
85.45657,27.816511,2047
85.45658,27.8165,2047
85.45658,27.81649,2047
85.45659,27.81648,2047
85.4566,27.816471,2047
85.4566,27.816462,2047
85.456604,27.816452,2047
85.456604,27.81644,2047
85.456604,27.816431,2048
85.456604,27.816422,2048
85.456604,27.81641,2048
85.456604,27.8164,2048
85.456604,27.81639,2048
85.456604,27.816378,2048
85.456604,27.816366,2048
85.456604,27.816355,2048
85.4566,27.816343,2048
85.4566,27.81633,2048
85.4566,27.816319,2048
85.4566,27.816307,2048
85.4566,27.816296,2048
85.4566,27.816282,2048
85.4566,27.816269,2048
85.4566,27.816257,2048
85.4566,27.816246,2048
85.4566,27.816233,2048
85.4566,27.816223,2048
85.4566,27.816214,2048
85.4566,27.816204,2048
85.4566,27.816196,2048
85.456604,27.816185,2048
85.456604,27.816174,2048
85.456604,27.816162,2048
85.45661,27.81615,2048
85.45661,27.81614,2048
85.45662,27.81613,2048
85.45662,27.816118,2048
85.45662,27.816107,2048
85.45662,27.816095,2049
85.45663,27.816082,2049
85.45663,27.81607,2049
85.456635,27.81606,2049
85.456635,27.816048,2049
85.456635,27.816038,2049
85.456635,27.816027,2049
85.456635,27.816015,2049
85.456635,27.816006,2049
85.456635,27.815994,2049
85.456635,27.815983,2049
85.456635,27.815971,2049
85.456635,27.81596,2049
85.45663,27.815948,2049
85.45663,27.815939,2049
85.45662,27.81593,2049
85.45662,27.815918,2049
85.45661,27.815907,2049
85.45661,27.815893,2049
85.456604,27.815882,2049
85.456604,27.81587,2049
85.4566,27.81586,2049
85.4566,27.81585,2049
85.45659,27.81584,2049
85.45658,27.815826,2049
85.45657,27.815817,2049
85.45657,27.815805,2049
85.456566,27.815796,2049
85.45656,27.815784,2049
85.45655,27.815775,2049
85.45655,27.815765,2049
85.45654,27.815754,2049
85.456535,27.815742,2049
85.45653,27.815733,2049
85.45652,27.815722,2049
85.45651,27.815712,2049
85.456505,27.8157,2049
85.456505,27.81569,2049
85.4565,27.81568,2049
85.45649,27.81567,2049
85.45648,27.815662,2049
85.456474,27.815653,2050
85.45647,27.815643,2050
85.45647,27.815632,2050
85.45646,27.815622,2050
85.45646,27.81561,2050
85.45645,27.815598,2050
85.45645,27.815586,2050
85.45645,27.815573,2050
85.45645,27.81556,2050
85.45645,27.815548,2050
85.45645,27.815535,2050
85.45645,27.815523,2050
85.45645,27.815512,2051
85.45645,27.8155,2051
85.45645,27.815489,2051
85.45645,27.815477,2051
85.45645,27.815462,2051
85.45644,27.815449,2051
85.45644,27.815435,2051
85.45644,27.815422,2051
85.45644,27.81541,2051
85.456436,27.815397,2051
85.456436,27.815386,2051
85.45643,27.815376,2051
85.45643,27.815367,2051
85.45642,27.81536,2051
85.45641,27.81535,2051
85.4564,27.815342,2051
85.45639,27.815338,2051
85.456375,27.815332,2051
85.45636,27.81533,2051
85.45635,27.815327,2051
85.45634,27.815325,2051
85.45632,27.815323,2051
85.456314,27.815321,2051
85.4563,27.81532,2051
85.45629,27.81532,2051
85.456276,27.815317,2051
85.45627,27.815317,2051
85.45625,27.815317,2051
85.456245,27.815317,2051
85.45623,27.815317,2051
85.456215,27.815315,2051
85.4562,27.815317,2051
85.45619,27.815315,2051
85.45618,27.815315,2051
85.45617,27.815317,2051
85.456154,27.81532,2051
85.45614,27.81532,2051
85.45612,27.815323,2051
85.456116,27.815327,2051
85.4561,27.815329,2051
85.456085,27.81533,2051
85.45607,27.815332,2051
85.456055,27.815332,2051
85.45605,27.815332,2051
85.45603,27.815334,2051
85.45602,27.815334,2051
85.456,27.815334,2051
85.455986,27.815334,2051
85.45597,27.815334,2051
85.45596,27.815332,2051
85.45595,27.815332,2051
85.45593,27.81533,2051
85.45592,27.815327,2051
85.4559,27.815321,2051
85.45588,27.815315,2051
85.455864,27.81531,2051
85.45586,27.815302,2051
85.45584,27.815292,2051
85.455826,27.815283,2051
85.45582,27.815275,2051
85.45581,27.815266,2051
85.455795,27.815258,2051
85.45579,27.81525,2051
85.45577,27.815243,2051
85.455765,27.815237,2052
85.45575,27.81523,2052
85.45574,27.815222,2052
85.45573,27.815216,2052
85.45572,27.815208,2052
85.45571,27.8152,2052
85.455696,27.815195,2052
85.45569,27.81519,2052
85.45568,27.815186,2052
85.455666,27.81518,2052
85.45566,27.815176,2052
85.45564,27.815172,2052
85.455635,27.81517,2052
85.45562,27.815166,2052
85.45561,27.815165,2052
85.4556,27.815163,2052
85.45558,27.81516,2052
85.45557,27.815159,2052
85.45556,27.815155,2052
85.45554,27.815153,2052
85.455536,27.815151,2052
85.45552,27.815153,2052
85.45551,27.815155,2052
85.4555,27.815157,2052
85.45549,27.81516,2052
85.455475,27.815165,2052
85.45546,27.81517,2052
85.45545,27.815174,2052
85.45544,27.815178,2052
85.45543,27.815184,2052
85.455414,27.81519,2052
85.45541,27.815195,2052
85.45539,27.8152,2052
85.45538,27.815207,2052
85.45537,27.81521,2052
85.45535,27.815216,2052
85.455345,27.815222,2052
85.45533,27.815228,2052
85.45532,27.815233,2052
85.45531,27.815237,2052
85.4553,27.81524,2052
85.455284,27.815243,2052
85.45527,27.815243,2052
85.45526,27.815243,2052
85.455246,27.815239,2051
85.45523,27.815233,2051
85.45522,27.815226,2051
85.455215,27.815218,2051
85.45521,27.81521,2051
85.45519,27.815203,2051
85.45519,27.815193,2051
85.455185,27.815184,2051
85.455185,27.815176,2051
85.455185,27.815166,2051
85.455185,27.815157,2051
85.45519,27.815145,2051
85.45521,27.815136,2051
85.45522,27.81513,2051
85.45524,27.815125,2051
85.455246,27.815117,2051
85.45526,27.815105,2051
85.45527,27.815092,2051
85.455284,27.81508,2051
85.45529,27.815067,2051
85.4553,27.815056,2051
85.455315,27.815044,2051
85.45532,27.815035,2051
85.45533,27.815025,2051
85.45534,27.815016,2051
85.45534,27.815006,2051
85.455345,27.814999,2051
85.45535,27.81499,2051
85.45535,27.814981,2051
85.45536,27.814972,2051
85.45537,27.81496,2051
85.455376,27.814949,2051
85.45538,27.814938,2051
85.45539,27.814924,2051
85.45541,27.81491,2051
85.455414,27.814898,2051
85.455414,27.814884,2049
85.45542,27.814873,2049
85.45543,27.81486,2049
85.45543,27.814848,2049
85.45544,27.814835,2049
85.455444,27.814823,2049
85.455444,27.814812,2049
85.455444,27.814802,2049
85.455444,27.81479,2049
85.455444,27.81478,2049
85.455444,27.81477,2048
85.455444,27.814758,2048
85.45545,27.814749,2048
85.45545,27.81474,2048
85.45546,27.81473,2048
85.45547,27.814724,2048
85.455475,27.814716,2048
85.45548,27.814707,2048
85.45549,27.8147,2048
85.4555,27.814693,2047
85.45551,27.81469,2047
85.45552,27.814686,2047
85.455536,27.814684,2047
85.45554,27.814682,2047
85.45556,27.814678,2047
85.455574,27.814676,2047
85.45558,27.814672,2047
85.4556,27.814669,2047
85.45561,27.814667,2047
85.45563,27.814665,2047
85.455635,27.814661,2047
85.45565,27.814657,2046
85.455666,27.814651,2046
85.45567,27.814646,2046
85.45569,27.814638,2046
85.455696,27.81463,2046
85.45571,27.814621,2046
85.45572,27.814611,2046
85.45573,27.814602,2046
85.45573,27.81459,2046
85.455734,27.81458,2046
85.455734,27.814571,2046
85.455734,27.814562,2046
85.455734,27.814552,2046
85.455734,27.814543,2046
85.45573,27.814537,2046
85.45573,27.81453,2046
85.45573,27.814522,2046
85.45573,27.814512,2046
85.45573,27.814503,2046
85.45573,27.814491,2046
85.45573,27.814478,2046
85.45572,27.814465,2045
85.45572,27.814453,2045
85.45572,27.81444,2045
85.45572,27.814428,2045
85.45572,27.814415,2045
85.45573,27.814405,2045
85.455734,27.814394,2045
85.455734,27.814384,2045
85.45574,27.814375,2044
85.45575,27.814367,2044
85.45575,27.814358,2044
85.45576,27.81435,2044
85.45577,27.814342,2044
85.45578,27.814339,2044
85.455795,27.814335,2044
85.45581,27.814333,2043
85.455826,27.814327,2043
85.45583,27.814325,2043
85.45585,27.814323,2043
85.455864,27.814323,2043
85.45587,27.814323,2043
85.45589,27.814322,2043
85.455894,27.81432,2043
85.45591,27.814322,2042
85.45592,27.814323,2042
85.45593,27.814325,2042
85.45594,27.814325,2042
85.455956,27.81433,2042
85.45597,27.814331,2042
85.45598,27.814335,2042
85.45599,27.814339,2042
85.456,27.814342,2042
85.45602,27.814344,2041
85.456024,27.814348,2041
85.45604,27.814354,2041
85.45605,27.814358,2041
85.45606,27.814362,2041
85.45608,27.814367,2040
85.456085,27.814367,2040
85.45609,27.814367,2040
85.45611,27.814365,2040
85.456116,27.814363,2039
85.45612,27.81436,2039
85.45614,27.814358,2039
85.45615,27.814356,2039
85.45616,27.814356,2039
85.45618,27.814354,2039
85.45619,27.814354,2039
85.45621,27.814354,2039
85.456215,27.814356,2039
85.45623,27.814356,2039
85.456245,27.814356,2038
85.45626,27.814354,2038
85.45627,27.814352,2038
85.456276,27.814348,2038
85.45629,27.814346,2038
85.4563,27.814342,2038
85.45631,27.814339,2038
85.45632,27.814333,2037
85.45634,27.814327,2037
85.45635,27.814322,2037
85.45636,27.814316,2037
85.456375,27.814312,2037
85.45639,27.814306,2037
85.4564,27.814302,2037
85.45641,27.814297,2037
85.45643,27.814293,2036
85.456436,27.81429,2036
85.45644,27.814287,2036
85.45645,27.814283,2036
85.45646,27.814281,2036
85.456474,27.814281,2036
85.45648,27.814281,2036
85.4565,27.814283,2036
85.45651,27.814285,2036
85.45652,27.81429,2036
85.456535,27.814291,2036
85.45655,27.814295,2036
85.45656,27.814299,2035
85.45657,27.814304,2035
85.45659,27.814308,2035
85.456604,27.81431,2035
85.45661,27.814312,2035
85.45662,27.814316,2035
85.456635,27.814318,2035
85.45664,27.81432,2034
85.45665,27.81432,2034
85.45666,27.81432,2034
85.456665,27.81432,2033
85.45668,27.81432,2033
85.45669,27.814318,2033
85.456696,27.814314,2033
85.4567,27.814312,2033
85.45671,27.814306,2033
85.45672,27.8143,2032
85.456726,27.814295,2032
85.45673,27.814287,2032
85.45674,27.814281,2032
85.45675,27.814276,2032
85.45676,27.81427,2032
85.456764,27.814264,2032
85.456764,27.814257,2031
85.45677,27.814249,2031
85.45678,27.814243,2031
85.45679,27.814224,2031
85.456795,27.814222,2031
85.45681,27.814219,2031
85.456825,27.814215,2031
85.45683,27.814213,2031
85.45685,27.814209,2030
85.45686,27.814207,2030
85.45689,27.814205,2030
85.4569,27.814201,2029
85.45692,27.8142,2029
85.456924,27.814198,2029
85.45694,27.814194,2029
85.45695,27.81419,2029
85.45696,27.814186,2029
85.45697,27.814184,2028
85.45698,27.814182,2028
85.456985,27.814178,2028
85.457,27.814177,2028
85.45701,27.814173,2028
85.457016,27.814169,2028
85.45703,27.814163,2027
85.45705,27.81416,2027
85.45706,27.814157,2027
85.45707,27.814156,2027
85.457085,27.814156,2027
85.45709,27.814152,2026
85.4571,27.814148,2026
85.45711,27.814142,2026
85.45712,27.814138,2026
85.45713,27.814133,2026
85.457146,27.814127,2026
85.45715,27.814121,2025
85.45717,27.814116,2025
85.45718,27.81411,2025
85.457184,27.814102,2025
85.4572,27.814096,2025
85.45721,27.81409,2025
85.45722,27.814085,2025
85.45723,27.81408,2025
85.45724,27.814074,2025
85.45725,27.81407,2025
85.45726,27.814066,2025
85.45727,27.814062,2025
85.45728,27.814058,2025
85.45729,27.814054,2025
85.457306,27.814053,2025
85.45731,27.814049,2025
85.45733,27.814045,2025
85.45734,27.814043,2025
85.45735,27.81404,2024
85.45736,27.814035,2024
85.457375,27.81403,2024
85.45738,27.814026,2024
85.45739,27.814022,2024
85.457405,27.814018,2024
85.45741,27.814014,2024
85.45742,27.814009,2024
85.45743,27.814001,2023
85.45744,27.813993,2023
85.45745,27.813986,2023
85.45746,27.813976,2023
85.45747,27.813967,2023
85.45748,27.813957,2023
85.45749,27.813948,2023
85.4575,27.813938,2023
85.457504,27.813929,2023
85.45751,27.813921,2023
85.45752,27.813911,2023
85.45753,27.813906,2023
85.457535,27.813898,2023
85.45754,27.81389,2022
85.45755,27.81388,2022
85.45756,27.813871,2022
85.457565,27.813862,2022
85.457565,27.81385,2022
85.457565,27.813837,2022
85.457565,27.813828,2022
85.45757,27.813816,2022
85.457565,27.813803,2021
85.457565,27.813787,2021
85.457565,27.813774,2021
85.45757,27.813759,2021
85.45757,27.813744,2021
85.45758,27.813728,2021
85.45758,27.813715,2020
85.45759,27.813704,2020
85.457596,27.81369,2020
85.457596,27.813679,2020
85.4576,27.81367,2020
85.45761,27.813658,2020
85.45762,27.81365,2020
85.45762,27.81364,2020
85.45763,27.81363,2020
85.457634,27.81362,2020
85.45764,27.813608,2020
85.45765,27.813599,2019
85.45766,27.813587,2019
85.457664,27.81358,2019
85.457664,27.81357,2019
85.45767,27.81356,2019
85.45768,27.813553,2019
85.45769,27.813545,2019
85.457695,27.813538,2018
85.457695,27.813528,2018
85.4577,27.81352,2018
85.45771,27.81351,2018
85.45772,27.8135,2018
85.45773,27.81349,2018
85.45774,27.81348,2018
85.45775,27.81347,2018
85.45776,27.813461,2018
85.45777,27.81345,2017
85.45778,27.81344,2017
85.45779,27.81343,2017
85.457794,27.813421,2017
85.4578,27.813412,2017
85.4578,27.813402,2017
85.45781,27.81339,2017
85.45782,27.81338,2017
85.457825,27.813368,2017
85.45783,27.813356,2017
85.45784,27.813345,2017
85.45785,27.813334,2017
85.457855,27.81332,2017
85.45786,27.813307,2017
85.45786,27.813293,2017
85.45787,27.81328,2017
85.45788,27.813265,2017
85.457886,27.813251,2017
85.45789,27.813238,2017
85.4579,27.813227,2017
85.45791,27.813215,2017
85.45791,27.813206,2017
85.45792,27.813194,2017
85.45792,27.813185,2017
85.45792,27.813177,2017
85.457924,27.813171,2016
85.457924,27.813168,2016
85.45791,27.81315,2016
85.45791,27.813148,2016
85.4579,27.813147,2016
85.45789,27.813145,2016
85.45788,27.81314,2016
85.45786,27.813139,2016
85.45784,27.813135,2016
85.457825,27.81313,2016
85.4578,27.813126,2016
85.45778,27.81312,2016
85.45776,27.813118,2016
85.45775,27.813112,2018
85.45773,27.813107,2018
85.45772,27.8131,2018
85.4577,27.813095,2018
85.457695,27.81309,2019
85.45768,27.813084,2019
85.457664,27.813076,2019
85.45766,27.813068,2019
85.45764,27.81306,2019
85.45763,27.813051,2019
85.45762,27.813044,2019
85.4576,27.813036,2019
85.457596,27.81303,2019
85.45759,27.81302,2019
85.45758,27.813013,2019
85.45757,27.813005,2019
85.457565,27.812996,2019
85.45756,27.812986,2019
85.45755,27.812977,2019
85.45754,27.812967,2019
85.457535,27.81296,2019
85.45753,27.812954,2019
85.45752,27.81295,2019
85.45751,27.812946,2019
85.457504,27.81294,2019
85.457504,27.812937,2019
85.457504,27.812931,2019
85.4575,27.812925,2019
85.45749,27.812922,2019
85.45748,27.812918,2019
85.45748,27.812912,2019
85.45747,27.812906,2019
85.457466,27.8129,2019
85.45746,27.812895,2019
85.45745,27.81289,2019
85.45744,27.812881,2019
85.457436,27.812874,2019
85.45743,27.812866,2019
85.45742,27.812859,2019
85.45741,27.812853,2019
85.457405,27.812847,2019
85.457405,27.812843,2019
85.4574,27.812838,2019
85.4574,27.812834,2019
85.4574,27.812828,2019
85.457405,27.812822,2019
85.457405,27.812815,2019
85.457405,27.812805,2019
85.45741,27.812794,2019
85.45741,27.812784,2019
85.45742,27.812775,2019
85.45743,27.812767,2019
85.457436,27.812757,2019
85.45744,27.812748,2019
85.45745,27.812738,2019
85.45746,27.81273,2019
85.457466,27.812721,2019
85.45748,27.812712,2019
85.45749,27.812704,2019
85.457504,27.812696,2019
85.45751,27.812687,2019
85.45753,27.812677,2019
85.457535,27.81267,2019
85.45755,27.812662,2019
85.45756,27.812653,2019
85.457565,27.812645,2019
85.45758,27.812637,2019
85.45759,27.81263,2019
85.457596,27.81262,2019
85.4576,27.812613,2019
85.45761,27.812601,2019
85.45763,27.81259,2019
85.457634,27.81258,2019
85.45764,27.812572,2019
85.45765,27.812563,2019
85.45766,27.812553,2019
85.457664,27.812542,2019
85.457664,27.812532,2018
85.45767,27.812521,2018
85.45767,27.81251,2018
85.45767,27.812502,2018
85.45767,27.812494,2018
85.45767,27.812487,2018
85.45767,27.81248,2018
85.45767,27.812477,2018
85.457664,27.812471,2018
85.457664,27.812473,2018
85.45766,27.812473,2018
85.457664,27.812471,2018
85.45766,27.812468,2018
85.45766,27.812464,2018
85.45766,27.812458,2018
85.45766,27.812449,2018
85.45766,27.81244,2018
85.45766,27.812433,2018
85.45766,27.812424,2018
85.45766,27.812414,2017
85.45766,27.812405,2017
85.45766,27.812395,2016
85.457664,27.81239,2016
85.45767,27.812384,2016
85.45768,27.812382,2016
85.45769,27.81238,2015
85.457695,27.812376,2015
85.4577,27.812376,2015
85.45771,27.812376,2015
85.45772,27.812378,2015
85.457726,27.812378,2014
85.45774,27.812378,2014
85.45775,27.812378,2013
85.45776,27.812378,2013
85.45777,27.812378,2013
85.45778,27.81238,2013
85.45779,27.812384,2012
85.457794,27.812386,2012
85.45781,27.81239,2012
85.45782,27.81239,2012
85.45783,27.81239,2012
85.45784,27.812386,2011
85.45785,27.812382,2011
85.457855,27.812376,2011
85.45786,27.812366,2011
85.45787,27.812359,2011
85.45788,27.812351,2011
85.457886,27.812344,2011
85.457886,27.812334,2011
85.45789,27.81232,2011
85.4579,27.81231,2011
85.45791,27.812296,2011
85.45792,27.812284,2011
85.45792,27.812271,2011
85.457924,27.812258,2011
85.45793,27.812246,2010
85.45793,27.812233,2010
85.45794,27.812222,2010
85.45795,27.81221,2010
85.45795,27.812197,2010
85.457954,27.812185,2010
85.45796,27.812174,2010
85.45796,27.812162,2010
85.45797,27.812153,2010
85.45797,27.812143,2010
85.457985,27.812124,2010
85.457985,27.812122,2010
85.45798,27.812119,2010
85.457985,27.812119,2010
85.457985,27.812115,2010
85.45799,27.812109,2010
85.458,27.8121,2010
85.45801,27.812088,2010
85.45802,27.812075,2010
85.45803,27.812061,2010
85.45804,27.812044,2010
85.458046,27.812029,2010
85.45805,27.812012,2010
85.45806,27.811995,2010
85.45807,27.811981,2010
85.45808,27.811966,2010
85.458084,27.811954,2010
85.45809,27.811943,2010
85.4581,27.811932,2010
85.45811,27.811922,2010
85.458115,27.811914,2010
85.45812,27.811907,2010
85.45813,27.8119,2010
85.45814,27.81189,2010
85.458145,27.811878,2010
85.45815,27.811867,2010
85.45816,27.811853,2010
85.458176,27.811842,2010
85.458176,27.81183,2010
85.45818,27.811821,2010
85.45819,27.81181,2010
85.45819,27.811796,2010
85.4582,27.811783,2010
85.4582,27.811773,2010
85.458206,27.811762,2010
85.458206,27.811754,2010
85.45821,27.811745,2010
85.45821,27.811739,2010
85.45821,27.811733,2010
85.45821,27.811728,2010
85.45822,27.811714,2010
85.45822,27.811712,2010
85.45822,27.811708,2010
85.45823,27.811703,2010
85.45823,27.811691,2010
85.45823,27.811682,2010
85.45824,27.81167,2010
85.45824,27.811659,2010
85.458244,27.811647,2010
85.458244,27.811638,2010
85.45824,27.811628,2010
85.45824,27.81162,2010
85.45824,27.811613,2010
85.458244,27.811604,2010
85.458244,27.811596,2010
85.45825,27.811588,2010
85.45825,27.811579,2010
85.45826,27.811571,2010
85.45827,27.811562,2011
85.45827,27.811554,2011
85.458275,27.811546,2011
85.45828,27.811537,2011
85.45829,27.81153,2011
85.45829,27.81152,2011
85.4583,27.811512,2011
85.458305,27.811504,2011
85.458305,27.811495,2011
85.45831,27.811485,2011
85.45831,27.811476,2012
85.45832,27.81147,2012
85.45833,27.811464,2012
85.458336,27.81146,2012
85.45834,27.811447,2012
85.458336,27.811443,2012
85.458336,27.811434,2012
85.458336,27.811422,2011
85.45833,27.81141,2011
85.45833,27.811398,2011
85.45833,27.811386,2011
85.458336,27.811377,2010
85.458336,27.811367,2010
85.45834,27.811357,2009
85.45834,27.81135,2009
85.45835,27.811344,2009
85.45836,27.811337,2009
85.45836,27.81133,2009
85.45837,27.811327,2008
85.45837,27.811323,2008
85.458374,27.811321,2008
85.458374,27.81132,2008
85.45838,27.81132,2007
85.45839,27.811317,2007
85.4584,27.811316,2007
85.458405,27.811314,2007
85.45841,27.811314,2007
85.45842,27.811312,2007
85.45843,27.81131,2007
85.458435,27.811308,2007
85.458435,27.811302,2007
85.45844,27.811295,2007
85.45845,27.811287,2007
85.45845,27.811277,2007
85.45845,27.81127,2007
85.45845,27.811262,2008
85.45846,27.811256,2008
85.45846,27.81125,2008
85.45846,27.811245,2008
85.45846,27.811235,2008
85.45846,27.811228,2008
85.45846,27.811222,2008
85.45846,27.811216,2008
85.45846,27.811201,2008
85.45846,27.8112,2008
85.45846,27.811197,2008
85.45846,27.811195,2008
85.45846,27.81119,2008
85.458466,27.811182,2008
85.458466,27.811174,2008
85.458466,27.811167,2008
85.45847,27.811157,2008
85.45847,27.81115,2008
85.45847,27.811142,2008
85.45847,27.811132,2008
85.45847,27.811123,2008
85.45847,27.811111,2008
85.45848,27.811104,2008
85.45848,27.811094,2008
85.45848,27.811085,2008
85.45849,27.811075,2008
85.45849,27.811066,2008
85.45849,27.811054,2008
85.45849,27.811045,2008
85.458496,27.811035,2008
85.458496,27.811026,2008
85.458496,27.811016,2008
85.458496,27.811008,2008
85.458496,27.811,2008
85.45849,27.810987,2008
85.45848,27.81099,2008
85.45847,27.81098,2008
85.45847,27.810976,2008
85.458466,27.810976,2008
85.45845,27.810976,2008
85.45844,27.810976,2008
85.458435,27.810974,2008
85.458435,27.810978,2008
85.458435,27.810982,2008
85.45842,27.810982,2008
85.45841,27.810978,2008
85.45841,27.810974,2008
85.458405,27.81097,2008
85.458405,27.810968,2008
85.458405,27.810963,2008
85.458405,27.810955,2008
85.458405,27.81095,2008
85.458405,27.810944,2008
85.458405,27.810938,2008
85.458405,27.810932,2008
85.4584,27.810926,2008
85.4584,27.81092,2008
85.4584,27.810915,2008
85.4584,27.810907,2008
85.4584,27.810902,2008
85.45839,27.810896,2008
85.45839,27.810892,2008
85.45839,27.810886,2008
85.45838,27.810879,2008
85.45838,27.81087,2008
85.45838,27.81086,2008
85.45838,27.810852,2008
85.45838,27.810843,2008
85.45839,27.810833,2008
85.45839,27.810823,2008
85.45839,27.810812,2008
85.45839,27.8108,2002
85.45839,27.810791,2002
85.45839,27.81078,2002
85.45838,27.810768,2002
85.45838,27.810759,2002
85.458374,27.810751,2002
85.458374,27.810743,2002
85.458374,27.810732,2002
85.45837,27.81072,2002
85.45837,27.810709,2003
85.45836,27.810698,2003
85.45836,27.810686,2003
85.45836,27.810677,2003
85.45836,27.810669,2003
85.45835,27.810661,2003
85.45836,27.810646,2003
85.45835,27.810646,2003
85.45836,27.81064,2003
85.45835,27.810637,2003
85.45835,27.810629,2003
85.45834,27.810617,2003
85.45834,27.810604,2003
85.458336,27.810593,2003
85.45833,27.810583,2003
85.45833,27.810574,2003
85.45832,27.810564,2003
85.45831,27.810553,2003
85.45831,27.810541,2003
85.458305,27.810532,2003
85.458305,27.810522,2003
85.458305,27.81051,2003
85.4583,27.810501,2003
85.4583,27.810492,2003
85.4583,27.810482,2003
85.45829,27.810472,2003
85.45829,27.81046,2003
85.45828,27.81045,2003
85.45828,27.810438,2003
85.45828,27.810429,2003
85.458275,27.810421,2003
85.458275,27.810411,2003
85.458275,27.810404,2003
85.458275,27.810394,2003
85.458275,27.810385,2003
85.458275,27.810373,2003
85.45827,27.810364,2003
85.45827,27.810352,2003
85.45827,27.81034,2003
85.45827,27.810331,2003
85.45827,27.810322,2003
85.45826,27.810312,2003
85.45827,27.810303,2003
85.45827,27.810295,2003
85.45827,27.81029,2003
85.458275,27.810286,2003
85.458275,27.810282,2003
85.45828,27.810282,2003
85.45829,27.810282,2003
85.4583,27.81028,2003
85.458305,27.810276,2003
85.45831,27.810274,2003
85.45832,27.810272,2003
85.45832,27.81027,2003
85.45833,27.810268,2003
85.458336,27.810272,2003
85.458336,27.810276,2003
85.458336,27.810282,2007
85.458336,27.810287,2007
85.458336,27.810295,2007
85.45834,27.810303,2007
85.45834,27.81031,2008
85.45835,27.810318,2008
85.45835,27.810324,2009
85.45835,27.81033,2009
85.45836,27.810333,2009
85.45837,27.810337,2009
85.458374,27.810337,2010
85.45838,27.810337,2010
85.45838,27.810335,2011
85.45839,27.810335,2011
85.458405,27.81033,2011
85.458405,27.810331,2011
85.45841,27.81033,2011
85.45842,27.810326,2011
85.45842,27.810322,2011
85.45843,27.81032,2011
85.458435,27.810318,2011
85.45844,27.810314,2011
85.45845,27.810312,2011
85.45845,27.81031,2011
85.458466,27.810299,2011
85.45847,27.810305,2011
85.45848,27.810307,2011
85.45849,27.810307,2011
85.458496,27.810308,2011
85.4585,27.81031,2011
85.45851,27.81031,2011
85.45852,27.81031,2011
85.45853,27.81031,2011
85.458534,27.810312,2011
85.45855,27.810312,2011
85.45856,27.810312,2011
85.458565,27.810312,2011
85.45859,27.810312,2011
85.458595,27.81031,2011
85.4586,27.810307,2011
85.4586,27.810305,2011
85.45861,27.8103,2011
85.45862,27.810297,2011
85.458626,27.810293,2011
85.45863,27.810291,2011
85.45864,27.81029,2011
85.45865,27.810286,2011
85.45866,27.810284,2011
85.458664,27.810282,2011
85.458664,27.81028,2011
85.45867,27.810278,2011
85.45868,27.810274,2011
85.45869,27.810268,2011
85.458694,27.810263,2011
85.458694,27.810255,2011
85.4587,27.810247,2011
85.4587,27.810236,2011
85.4587,27.810226,2011
85.4587,27.810217,2011
85.45871,27.81021,2011
85.45871,27.810202,2011
85.45872,27.810194,2011
85.45872,27.810186,2011
85.45872,27.810184,2011
85.45872,27.810183,2011
85.458725,27.810186,2011
85.45872,27.810183,2011
85.45872,27.81018,2011
85.45872,27.810179,2011
85.45872,27.810167,2011
85.45872,27.810165,2011
85.45872,27.810163,2011
85.45872,27.81016,2011
85.45872,27.810156,2011
85.45872,27.810139,2011
85.458725,27.810133,2011
85.458725,27.810125,2011
85.458725,27.810122,2011
85.458725,27.810118,2011
85.458725,27.810112,2011
85.458725,27.810106,2011
85.458725,27.8101,2011
85.458725,27.810097,2011
85.458725,27.810091,2011
85.458725,27.810085,2011
85.458725,27.81008,2011
85.458725,27.810072,2011
85.458725,27.810066,2011
85.458725,27.810059,2011
85.458725,27.81005,2011
85.45872,27.810041,2011
85.45872,27.810034,2011
85.45872,27.810026,2011
85.45871,27.810019,2011
85.45871,27.810009,2011
85.45871,27.810003,2011
85.4587,27.809998,2011
85.458694,27.809988,2011
85.45869,27.80999,2011
85.45868,27.809992,2011
85.45868,27.809998,2011
85.45868,27.809996,2011
85.45869,27.80999,2011
85.458694,27.809986,2011
85.458694,27.809978,2008
85.4587,27.809973,2008
85.4587,27.809965,2008
85.4587,27.809956,2008
85.4587,27.809948,2008
85.4587,27.809937,2008
85.458694,27.809927,2008
85.458694,27.809917,2008
85.458694,27.809908,2008
85.45869,27.809896,2008
85.45868,27.809889,2008
85.45868,27.809881,2008
85.45867,27.809872,2008
85.45867,27.80986,2008
85.458664,27.809849,2009
85.458664,27.809837,2009
85.458664,27.809826,2009
85.45866,27.809816,2009
85.45866,27.809807,2009
85.45866,27.809795,2009
85.45866,27.809784,2010
85.45865,27.809776,2010
85.45865,27.80977,2010
85.45865,27.809765,2010
85.45864,27.809757,2010
85.45864,27.809752,2010
85.45863,27.809748,2010
85.458626,27.809744,2010
85.45862,27.809742,2010
85.45861,27.809736,2010
85.4586,27.80973,2011
85.458595,27.809727,2011
85.45858,27.80972,2011
85.45858,27.809715,2011
85.45858,27.809713,2011
85.45858,27.809711,2011
85.45857,27.809708,2011
85.458565,27.809696,2011
85.458565,27.809694,2011
85.458565,27.80969,2011
85.458565,27.809677,2011
85.458565,27.809673,2011
85.45857,27.809664,2012
85.45858,27.80965,2012
85.45859,27.809637,2012
85.458595,27.809622,2012
85.4586,27.809607,2012
85.45861,27.809593,2012
85.45862,27.80958,2012
85.458626,27.809568,2012
85.45863,27.809559,2012
85.45863,27.809551,2012
85.45865,27.80953,2012
85.45865,27.809528,2012
85.45866,27.80953,2012
85.45866,27.809532,2012
85.45866,27.809534,2012
85.458664,27.809536,2012
85.45867,27.809542,2012
85.45868,27.809542,2012
85.45868,27.80954,2012
85.45868,27.809542,2012
85.45868,27.809546,2012
85.45869,27.809553,2012
85.45869,27.809559,2012
85.45869,27.809566,2012
85.45869,27.809572,2012
85.45869,27.80958,2012
85.45868,27.809587,2012
85.45868,27.809586,2012
85.45867,27.809586,2012
85.458664,27.809593,2012
85.458664,27.809595,2012
85.458664,27.809597,2012
85.458664,27.8096,2012
85.458664,27.809616,2012
85.458664,27.809618,2012
85.458664,27.80963,2012
85.45868,27.809628,2012
85.458664,27.80962,2012
85.458664,27.809618,2012
85.458664,27.809616,2012
85.458626,27.809616,2012
85.45861,27.809616,2012
85.4586,27.809612,2012
85.4586,27.809614,2012
85.4586,27.809618,2012
85.45862,27.809628,2012
85.45862,27.809624,2012
85.45858,27.809605,2012
85.45858,27.809603,2012
85.45858,27.809599,2012
85.45857,27.809593,2012
85.458565,27.809584,2012
85.45857,27.809578,2012
85.45857,27.809574,2012
85.45861,27.809587,2012
85.45861,27.809586,2012
85.45859,27.809563,2012
85.45859,27.809557,2012
85.45862,27.809555,2012
85.4586,27.809525,2012
85.458595,27.809528,2012
85.458595,27.80953,2012
85.4586,27.80956,2012
85.45863,27.809595,2012
85.45861,27.809566,2012
85.4586,27.809563,2012
85.45862,27.809559,2012
85.45862,27.809547,2012
85.45862,27.809568,2012
85.45862,27.80957,2012
85.458595,27.809595,2012
85.458595,27.809599,2012
85.458595,27.809603,2012
85.458595,27.809607,2012
85.4586,27.809608,2012
85.4586,27.80961,2012
85.45862,27.809608,2012
85.458626,27.809608,2012
85.45863,27.80961,2012
85.45862,27.809605,2012
85.45864,27.80961,2012
85.45864,27.809612,2012
85.45866,27.809645,2012
85.458664,27.809633,2012
85.458664,27.80963,2012
85.45866,27.809624,2012
85.45865,27.809622,2012
85.45864,27.80962,2012
85.458626,27.80962,2012
85.45862,27.809618,2012
85.4586,27.809618,2012
85.45859,27.809618,2012
85.45857,27.809618,2012
85.45856,27.809618,2012
85.45855,27.809616,2012
85.45854,27.809614,2012
85.45854,27.809612,2012
85.45854,27.809608,2012
85.45854,27.809607,2012
85.45855,27.809599,2012
85.45856,27.8096,2012
85.458565,27.8096,2012
85.45857,27.809603,2012
85.45858,27.809605,2012
85.45859,27.809607,2012
85.458595,27.809608,2012
85.4586,27.80961,2012
85.4586,27.809612,2012
85.45861,27.809616,2012
85.45861,27.809618,2012
85.45862,27.809626,2012
85.45861,27.809628,2012
85.4586,27.80963,2012
85.458595,27.809631,2012
85.45859,27.809635,2012
85.45858,27.809639,2012
85.45858,27.809643,2012
85.45857,27.809647,2012
85.45857,27.80965,2012
85.458565,27.80965,2012
85.45857,27.809645,2012
85.45857,27.809637,2012
85.45858,27.809631,2012
85.45858,27.80963,2012
85.45858,27.809628,2012
85.45859,27.809622,2012
85.45859,27.80962,2012
85.458595,27.809616,2012
85.458595,27.80961,2012
85.4586,27.809605,2012
85.4586,27.809599,2012
85.4586,27.809595,2012
85.4586,27.809582,2012
85.4586,27.809586,2012
85.458595,27.809586,2012
85.458595,27.809587,2012
85.458595,27.80959,2012
85.45858,27.809593,2012
85.45857,27.809593,2012
85.45857,27.80959,2012
85.45857,27.809591,2012
85.458565,27.809593,2012
85.458565,27.809595,2012
85.458565,27.809599,2012
85.45857,27.809599,2012
85.45857,27.809593,2012
85.45859,27.809591,2012
85.45859,27.809593,2012
85.45859,27.80959,2012
85.45859,27.809584,2012
85.458595,27.809576,2012
85.458595,27.80957,2012
85.4586,27.809566,2012
85.45861,27.809557,2012
85.45862,27.809563,2012
85.45862,27.809566,2012
85.45862,27.809568,2012
85.45862,27.809572,2012
85.45861,27.809582,2012
85.4586,27.809584,2012
85.458595,27.809591,2012
85.458595,27.809593,2012
85.4586,27.809597,2012
85.458595,27.809603,2012
85.458595,27.809608,2012
85.458595,27.809614,2012
85.45859,27.809633,2012
85.45858,27.809637,2012
85.45857,27.809643,2012
85.45857,27.80965,2012
85.458565,27.809658,2012
85.45856,27.809664,2012
85.45855,27.809671,2012
85.45854,27.809679,2012
85.45854,27.809687,2012
85.458534,27.809698,2012
85.458534,27.809708,2012
85.458534,27.809717,2012
85.458534,27.809725,2012
85.45854,27.809732,2012
85.45855,27.809738,2012
85.45856,27.809744,2012
85.458565,27.80975,2012
85.45857,27.809753,2012
85.45858,27.809761,2012
85.45859,27.809767,2012
85.458595,27.809772,2012
85.4586,27.809776,2012
85.45862,27.809786,2012
85.45862,27.80979,2012
85.45862,27.809792,2012
85.45862,27.809795,2012
85.45862,27.809801,2012
85.45862,27.809807,2012
85.458626,27.80981,2012
85.458626,27.809813,2012
85.458626,27.809816,2012
85.458626,27.809818,2012
85.45862,27.809822,2012
85.45862,27.809826,2012
85.45862,27.809832,2012
85.45862,27.80984,2012
85.45862,27.809849,2012
85.45862,27.809858,2012
85.45862,27.80987,2012
85.45862,27.809883,2012
85.458626,27.809895,2012
85.458626,27.809904,2012
85.45863,27.809914,2012
85.45863,27.809923,2012
85.45864,27.809933,2012
85.45864,27.809942,2012
85.45865,27.809952,2012
85.45866,27.809963,2012
85.45866,27.809975,2012
85.45866,27.809986,2012
85.45866,27.809996,2012
85.45866,27.810005,2012
85.45866,27.810013,2012
85.45866,27.810019,2012
85.45865,27.810024,2012
85.45866,27.81003,2012
85.45866,27.810038,2012
85.45866,27.810047,2012
85.45866,27.810055,2012
85.458664,27.810064,2014
85.45867,27.810074,2014
85.45867,27.810083,2014
85.45868,27.810093,2014
85.45868,27.810102,2014
85.45869,27.81011,2014
85.45869,27.81012,2014
85.45869,27.81013,2014
85.45869,27.810139,2014
85.45869,27.81015,2014
85.45869,27.810162,2014
85.45869,27.810171,2014
85.45869,27.810179,2014
85.45869,27.810186,2014
85.45869,27.810194,2014
85.45869,27.810202,2014
85.458694,27.81021,2014
85.458694,27.810213,2014
85.458694,27.810219,2015
85.458694,27.810223,2015
85.458694,27.810226,2015
85.45869,27.810232,2015
85.45869,27.810238,2015
85.45868,27.810244,2015
85.45868,27.81025,2015
85.458664,27.810255,2015
85.45866,27.81026,2015
85.45865,27.810263,2016
85.45864,27.810266,2016
85.45863,27.810266,2016
85.458626,27.81027,2016
85.45862,27.810272,2016
85.45861,27.810274,2016
85.4586,27.810276,2016
85.458595,27.810278,2016
85.45859,27.81028,2016
85.45858,27.810282,2016
85.45857,27.810282,2017
85.458565,27.810282,2017
85.45856,27.810284,2017
85.45855,27.810284,2017
85.458534,27.810284,2017
85.45853,27.810286,2017
85.45852,27.81029,2016
85.4585,27.810293,2016
85.458496,27.810295,2016
85.45849,27.810299,2016
85.45848,27.8103,2016
85.458466,27.810305,2016
85.45846,27.810307,2016
85.45845,27.81031,2016
85.45844,27.810312,2016
85.458435,27.810314,2016
85.45843,27.810318,2016
85.45842,27.810324,2016
85.45841,27.810328,2016
85.45841,27.810333,2016
85.458405,27.810335,2016
85.4584,27.810337,2016
85.4584,27.81034,2016
85.4584,27.810347,2016
85.458405,27.810347,2016
85.458405,27.810356,2016
85.458405,27.810358,2016
85.45841,27.810358,2016
85.45841,27.81036,2016
85.45841,27.810362,2016
85.45842,27.810362,2016
85.45842,27.810364,2016
85.45842,27.810366,2016
85.45842,27.810368,2016
85.45841,27.810366,2016
85.45841,27.810364,2016
85.458405,27.810364,2016
85.4584,27.810366,2016
85.45839,27.810368,2016
85.45838,27.81037,2016
85.458374,27.810373,2016
85.45837,27.810377,2016
85.45836,27.810379,2016
85.45835,27.810383,2016
85.45834,27.810385,2016
85.458336,27.810389,2016
85.45833,27.810392,2016
85.45832,27.81039,2016
85.45832,27.810389,2016
85.45832,27.81038,2016
85.45831,27.810377,2016
85.45831,27.810371,2016
85.45831,27.81037,2013
85.458305,27.810366,2013
85.458305,27.810362,2013
85.4583,27.810358,2013
85.4583,27.810354,2013
85.4583,27.81035,2013
85.4583,27.810347,2012
85.4583,27.81034,2012
85.4583,27.810337,2012
85.4583,27.810333,2012
85.4583,27.81033,2012
85.4583,27.810326,2012
85.4583,27.810322,2011
85.45829,27.810312,2011
85.45829,27.810314,2011
85.45828,27.810318,2011
85.458275,27.81032,2010
85.45827,27.810318,2010
85.45827,27.810314,2010
85.45827,27.810308,2010
85.45826,27.810299,2010
85.45826,27.81029,2010
85.45826,27.81028,2010
85.45826,27.81027,2009
85.45826,27.810259,2009
85.45826,27.81025,2009
85.45825,27.81024,2009
85.45825,27.810232,2008
85.45825,27.810228,2008
85.458244,27.810225,2007
85.458244,27.810223,2007
85.45825,27.810223,2007
85.45826,27.810225,2007
85.45826,27.810226,2007
85.45826,27.81023,2007
85.45826,27.810234,2007
85.45825,27.81024,2007
85.45825,27.810244,2007
85.458244,27.810257,2007
85.458244,27.810259,2007
85.458244,27.810265,2007
85.45824,27.810272,2007
85.45824,27.810282,2007
85.45823,27.810291,2007
85.45823,27.810305,2007
85.45822,27.810318,2007
85.45822,27.810331,2007
85.45822,27.810343,2007
85.45822,27.810352,2007
85.45823,27.810362,2007
85.45823,27.810371,2007
85.45823,27.81038,2007
85.45824,27.81039,2007
85.45824,27.810398,2007
85.45824,27.810408,2007
85.45824,27.810417,2007
85.45824,27.810427,2007
85.45824,27.810438,2007
85.45824,27.810448,2007
85.45824,27.810457,2007
85.45824,27.810467,2007
85.45824,27.810478,2007
85.45824,27.810488,2007
85.45824,27.810497,2007
85.458244,27.810509,2007
85.458244,27.810516,2007
85.458244,27.810526,2007
85.458244,27.810535,2007
85.45825,27.810543,2007
85.45825,27.810553,2007
85.45825,27.810562,2007
85.45825,27.810572,2007
85.45826,27.810583,2007
85.45826,27.810593,2007
85.45827,27.810602,2007
85.45827,27.810614,2007
85.45827,27.810623,2007
85.458275,27.810635,2007
85.458275,27.810644,2007
85.458275,27.810654,2006
85.45828,27.810665,2006
85.45828,27.810675,2006
85.45828,27.810684,2006
85.45828,27.810696,2006
85.45829,27.810703,2006
85.45829,27.810713,2006
85.4583,27.810722,2007
85.4583,27.81073,2007
85.458305,27.810741,2007
85.458305,27.810753,2007
85.45831,27.810764,2007
85.45831,27.810776,2007
85.45831,27.810787,2007
85.45832,27.810797,2007
85.45832,27.810806,2007
85.45832,27.810816,2007
85.45832,27.810825,2007
85.45833,27.810835,2007
85.45833,27.810844,2007
85.458336,27.810854,2007
85.45834,27.810863,2008
85.45834,27.810871,2008
85.45835,27.810879,2008
85.45837,27.810886,2009
85.458374,27.810894,2009
85.45838,27.810898,2009
85.45839,27.810904,2010
85.458405,27.810907,2010
85.45841,27.810911,2010
85.45843,27.810915,2010
85.458435,27.810917,2011
85.45844,27.810919,2012
85.45846,27.81092,2012
85.458466,27.810923,2012
85.458466,27.810926,2012
85.45847,27.810928,2012
85.45847,27.81093,2012
85.45848,27.810932,2012
85.45848,27.81094,2013
85.45848,27.810946,2013
85.45848,27.810953,2013
85.45848,27.81096,2013
85.45848,27.810972,2013
85.45848,27.810982,2013
85.45848,27.810993,2013
85.45848,27.811,2013
85.45848,27.81101,2013
85.45848,27.81102,2013
85.45848,27.811028,2013
85.45848,27.811037,2013
85.45848,27.811045,2013
85.45847,27.811054,2013
85.45847,27.811064,2013
85.45847,27.811075,2013
85.45847,27.811085,2013
85.45847,27.811094,2013
85.45847,27.811104,2013
85.45847,27.811113,2013
85.458466,27.811125,2013
85.458466,27.811134,2013
85.458466,27.811144,2013
85.458466,27.811153,2013
85.45846,27.811163,2013
85.45846,27.811172,2013
85.45846,27.811182,2013
85.45846,27.811193,2013
85.45845,27.811205,2013
85.45845,27.81122,2013
85.45845,27.811234,2013
85.45844,27.811247,2013
85.45844,27.811258,2013
85.458435,27.811268,2013
85.458435,27.81128,2013
85.45843,27.811287,2013
85.45843,27.811298,2013
85.45842,27.811308,2013
85.45842,27.811317,2013
85.45841,27.811327,2013
85.45841,27.811344,2013
85.458405,27.811342,2013
85.458405,27.81134,2013
85.4584,27.811338,2013
85.45839,27.811337,2013
85.45838,27.811337,2013
85.45837,27.811337,2013
85.45836,27.811338,2013
85.45835,27.811342,2013
85.458336,27.811346,2013
85.45833,27.811352,2013
85.45832,27.811357,2013
85.45831,27.811365,2013
85.458305,27.81137,2013
85.458305,27.811377,2013
85.4583,27.811384,2013
85.45829,27.811392,2014
85.45829,27.811401,2014
85.45828,27.81141,2014
85.45828,27.811419,2014
85.458275,27.811428,2014
85.458275,27.811436,2014
85.458275,27.811441,2014
85.45827,27.811447,2014
85.45826,27.811451,2014
85.45825,27.811455,2015
85.458244,27.811457,2015
85.458244,27.81146,2015
85.45824,27.811464,2015
85.45824,27.811468,2015
85.45823,27.811474,2015
85.45823,27.81148,2016
85.45823,27.811483,2016
85.45823,27.811487,2016
85.45824,27.811491,2017
85.45824,27.811497,2017
85.458244,27.8115,2018
85.458244,27.811504,2018
85.45825,27.811508,2018
85.45826,27.811514,2018
85.45826,27.811518,2018
85.45826,27.811523,2018
85.45826,27.811527,2018
85.45826,27.811533,2018
85.45825,27.811539,2018
85.458244,27.811546,2018
85.458244,27.811554,2017
85.45824,27.811562,2017
85.45824,27.81157,2017
85.45823,27.811577,2017
85.45823,27.811586,2017
85.45821,27.811594,2017
85.458206,27.811602,2017
85.4582,27.81161,2017
85.45819,27.811619,2017
85.45819,27.811626,2017
85.45819,27.811634,2017
85.45819,27.811642,2017
85.45818,27.811653,2017
85.45818,27.811663,2017
85.45818,27.81167,2017
85.45818,27.81168,2017
85.45818,27.81169,2017
85.45818,27.8117,2017
85.45818,27.811712,2017
85.458176,27.811724,2017
85.458176,27.811733,2017
85.45817,27.811743,2017
85.45817,27.81175,2017
85.45816,27.81176,2016
85.45816,27.811768,2016
85.45815,27.811777,2016
85.458145,27.811785,2016
85.458145,27.811794,2016
85.45814,27.811804,2015
85.45813,27.811811,2015
85.45813,27.811821,2015
85.45812,27.811832,2015
85.45812,27.811842,2015
85.458115,27.811853,2015
85.458115,27.811863,2015
85.458115,27.811874,2015
85.45811,27.811884,2015
85.45811,27.811893,2015
85.4581,27.811903,2015
85.4581,27.811913,2015
85.4581,27.811922,2015
85.45809,27.811932,2015
85.45809,27.811941,2015
85.458084,27.811953,2015
85.458084,27.811962,2015
85.45808,27.811974,2015
85.45808,27.811983,2015
85.45807,27.811995,2015
85.45806,27.812006,2015
85.45805,27.81202,2015
85.458046,27.81203,2015
85.458046,27.81204,2015
85.45804,27.812052,2015
85.45803,27.812061,2015
85.45802,27.81207,2015
85.45802,27.81208,2015
85.458015,27.81209,2015
85.45801,27.8121,2015
85.458,27.81211,2015
85.457985,27.812122,2015
85.45798,27.812134,2015
85.45796,27.812143,2015
85.457954,27.812151,2015
85.45795,27.812159,2015
85.45794,27.812164,2015
85.45794,27.812168,2015
85.45793,27.812172,2015
85.457924,27.812178,2015
85.45792,27.812185,2015
85.45792,27.812193,2015
85.45791,27.8122,2015
85.4579,27.812208,2015
85.4579,27.812218,2016
85.45789,27.812227,2016
85.457886,27.812237,2016
85.457886,27.812246,2016
85.45788,27.812258,2016
85.45787,27.812267,2016
85.45787,27.812277,2016
85.45786,27.812286,2017
85.457855,27.812296,2017
85.457855,27.812304,2017
85.45785,27.812315,2017
85.45784,27.812325,2017
85.45784,27.812334,2017
85.45783,27.812342,2017
85.45783,27.81235,2017
85.45783,27.812357,2017
85.457825,27.812363,2017
85.457825,27.812368,2018
85.457825,27.812384,2018
85.457825,27.812386,2018
85.45782,27.812391,2018
85.45782,27.812393,2018
85.45782,27.812395,2018
85.45782,27.8124,2018
85.45781,27.812407,2018
85.45781,27.812414,2017
85.4578,27.81242,2017
85.4578,27.812426,2017
85.457794,27.81243,2017
85.45779,27.812431,2017
85.45777,27.812431,2017
85.45776,27.812428,2017
85.457756,27.812426,2018
85.45774,27.812424,2018
85.45773,27.812422,2018
85.457726,27.812422,2018
85.45772,27.81242,2019
85.4577,27.81242,2019
85.457695,27.81242,2019
85.45769,27.81242,2019
85.45768,27.81242,2020
85.45767,27.812418,2020
85.457664,27.812418,2020
85.45766,27.812416,2020
85.45765,27.812416,2020
85.45765,27.812414,2021
85.45764,27.812412,2021
85.457634,27.81241,2021
85.45763,27.812408,2021
85.45762,27.812407,2021
85.45761,27.812405,2022
85.4576,27.812405,2022
85.4576,27.812403,2022
85.457596,27.8124,2022
85.45759,27.812399,2022
85.45759,27.812395,2022
85.45758,27.812391,2022
85.45757,27.81239,2023
85.45757,27.812386,2023
85.45757,27.81238,2023
85.457565,27.812374,2023
85.457565,27.812368,2023
85.45756,27.81236,2023
85.45755,27.812353,2023
85.457535,27.812347,2023
85.45753,27.812342,2023
85.45752,27.81234,2023
85.457504,27.812336,2023
85.4575,27.812334,2023
85.45748,27.812332,2023
85.45747,27.81233,2023
85.45746,27.812326,2023
85.45745,27.812325,2023
85.457436,27.812319,2023
85.45743,27.812313,2023
85.45741,27.812307,2023
85.4574,27.812302,2023
85.45739,27.812296,2023
85.457375,27.812292,2023
85.45737,27.812288,2023
85.45735,27.812284,2023
85.457344,27.81228,2023
85.45733,27.812275,2023
85.45731,27.812271,2023
85.457306,27.812267,2023
85.45729,27.812265,2023
85.457275,27.812262,2023
85.45727,27.81226,2023
85.45726,27.812256,2023
85.457245,27.812252,2023
85.45724,27.812248,2023
85.45723,27.812243,2023
85.457214,27.812239,2023
85.45721,27.812233,2023
85.4572,27.812227,2023
85.45719,27.812223,2023
85.457184,27.812218,2023
85.45717,27.812214,2023
85.45716,27.812208,2023
85.45715,27.8122,2023
85.457146,27.812195,2023
85.45713,27.812187,2024
85.45712,27.812181,2024
85.45711,27.812174,2024
85.4571,27.812168,2024
85.45709,27.81216,2024
85.457085,27.812155,2024
85.45708,27.812147,2024
85.45707,27.81214,2024
85.45707,27.812132,2024
85.45706,27.812122,2024
85.45706,27.81211,2024
85.457054,27.8121,2024
85.457054,27.812088,2024
85.45705,27.812078,2024
85.45705,27.812067,2024
85.45704,27.812057,2024
85.45704,27.812048,2024
85.45704,27.812038,2024
85.45703,27.812027,2024
85.45703,27.812017,2024
85.45703,27.812006,2024
85.45703,27.811993,2024
85.45703,27.811977,2023
85.45704,27.811964,2023
85.45704,27.81195,2023
85.45705,27.811937,2023
85.45705,27.811924,2023
85.457054,27.811913,2023
85.45706,27.811901,2023
85.45707,27.81189,2023
85.45708,27.81188,2023
85.457085,27.81187,2023
85.45709,27.811861,2023
85.4571,27.81185,2023
85.45711,27.811838,2023
85.457115,27.811829,2023
85.45713,27.81182,2023
85.457146,27.811813,2023
85.45715,27.81181,2023
85.45717,27.811802,2023
85.45718,27.811794,2023
85.45719,27.81179,2023
85.45721,27.811787,2023
85.457214,27.811785,2023
85.45723,27.811785,2023
85.457245,27.811783,2023
85.45726,27.811783,2023
85.457275,27.811783,2023
85.45729,27.81178,2023
85.457306,27.81178,2023
85.45732,27.811779,2023
85.45734,27.811777,2023
85.45735,27.811777,2023
85.45737,27.811777,2023
85.457375,27.811777,2023
85.45738,27.811777,2023
85.4574,27.811779,2023
85.457405,27.81178,2023
85.45742,27.811783,2023
85.457436,27.811783,2023
85.45745,27.811783,2023
85.457466,27.811783,2023
85.45747,27.811779,2023
85.45749,27.811777,2022
85.4575,27.811775,2022
85.457504,27.811771,2022
85.45751,27.811766,2022
85.45752,27.811762,2022
85.45753,27.811754,2022
85.457535,27.811747,2022
85.45754,27.811737,2022
85.45754,27.81173,2022
85.45755,27.811718,2022
85.45755,27.811708,2022
85.45755,27.811697,2022
85.45755,27.811687,2022
85.45755,27.811676,2022
85.45755,27.811666,2022
85.45755,27.811657,2022
85.45755,27.811644,2022
85.45755,27.811632,2021
85.45755,27.81162,2021
85.45755,27.81161,2021
85.45755,27.811602,2021
85.45755,27.811592,2021
85.45755,27.811583,2021
85.45756,27.811573,2021
85.45756,27.811563,2021
85.45756,27.811552,2021
85.45756,27.811539,2021
85.45756,27.811527,2021
85.457565,27.811514,2021
85.457565,27.811502,2021
85.457565,27.811493,2021
85.457565,27.811481,2021
85.45757,27.811472,2021
85.45757,27.811462,2021
85.45757,27.811451,2021
85.45757,27.81144,2021
85.45757,27.811428,2021
85.45757,27.811415,2021
85.457565,27.811401,2021
85.457565,27.811388,2021
85.457565,27.811378,2021
85.45756,27.811369,2021
85.45756,27.811361,2021
85.45755,27.811352,2021
85.45754,27.811344,2021
85.457535,27.811337,2021
85.45752,27.811327,2021
85.45751,27.811317,2021
85.457504,27.81131,2021
85.45749,27.8113,2021
85.45748,27.811295,2021
85.457466,27.811287,2021
85.45746,27.811283,2021
85.45745,27.811277,2021
85.457436,27.81127,2021
85.45743,27.811264,2021
85.45741,27.811258,2021
85.4574,27.811255,2021
85.45739,27.81125,2021
85.457375,27.811247,2021
85.45737,27.811243,2021
85.45735,27.811237,2021
85.457344,27.811235,2021
85.45733,27.811234,2021
85.45731,27.81123,2021
85.457306,27.81123,2021
85.45729,27.81123,2021
85.457275,27.811232,2021
85.45726,27.811234,2021
85.45725,27.811234,2021
85.45724,27.811235,2021
85.45722,27.811235,2021
85.457214,27.811235,2021
85.4572,27.811237,2021
85.457184,27.81124,2021
85.45717,27.811241,2021
85.45715,27.811243,2021
85.45714,27.811245,2021
85.45713,27.811247,2021
85.457115,27.81125,2021
85.4571,27.811253,2021
85.45709,27.811253,2021
85.45708,27.811255,2021
85.45707,27.811256,2021
85.457054,27.811258,2021
85.45705,27.81126,2021
85.45703,27.811262,2021
85.457016,27.811264,2021
85.45701,27.811264,2021
85.45699,27.811266,2021
85.45698,27.811266,2021
85.45697,27.811268,2021
85.456955,27.81127,2021
85.45695,27.811274,2021
85.45693,27.811275,2021
85.456924,27.811277,2021
85.45691,27.811277,2021
85.4569,27.811277,2021
85.45689,27.811275,2021
85.45687,27.811275,2021
85.45686,27.811275,2021
85.45685,27.811277,2021
85.45683,27.811277,2021
85.45682,27.81128,2021
85.45681,27.81128,2021
85.456795,27.81128,2021
85.45679,27.81128,2021
85.45677,27.81128,2021
85.45676,27.811277,2021
85.45674,27.811277,2021
85.45673,27.811274,2022
85.45672,27.811272,2022
85.4567,27.811268,2022
85.456696,27.811264,2022
85.45669,27.811258,2022
85.45668,27.811253,2022
85.45667,27.811245,2022
85.45667,27.811237,2022
85.456665,27.811228,2022
85.456665,27.811216,2022
85.45666,27.811207,2022
85.45666,27.811195,2021
85.45666,27.811184,2021
85.45666,27.811172,2021
85.45666,27.811161,2021
85.45666,27.81115,2021
85.45666,27.811138,2021
85.45666,27.811127,2021
85.456665,27.811115,2022
85.456665,27.811106,2022
85.45667,27.811094,2022
85.45667,27.811083,2022
85.45668,27.811071,2022
85.45669,27.81106,2022
85.456696,27.81105,2022
85.4567,27.811039,2022
85.45671,27.811031,2021
85.45672,27.811024,2021
85.45673,27.811016,2021
85.45674,27.811008,2021
85.45675,27.810999,2021
85.45676,27.81099,2021
85.45677,27.810982,2021
85.45678,27.810974,2021
85.45679,27.810965,2021
85.456795,27.810955,2021
85.4568,27.810947,2021
85.45681,27.810938,2021
85.45682,27.810926,2021
85.456825,27.810917,2021
85.456825,27.810907,2021
85.45683,27.8109,2021
85.45684,27.81089,2021
85.45684,27.81088,2021
85.45685,27.810871,2021
85.45685,27.81086,2021
85.456856,27.810848,2021
85.45686,27.810837,2020
85.45686,27.810825,2020
85.45687,27.810814,2020
85.45687,27.810802,2020
85.45688,27.810793,2020
85.45688,27.810783,2020
85.45689,27.810776,2020
85.45689,27.81077,2020
85.45689,27.810764,2020
85.45689,27.81076,2020
85.45689,27.810755,2020
85.45689,27.81075,2020
85.45689,27.810743,2020
85.45689,27.810736,2020
85.45688,27.810726,2019
85.45688,27.810719,2019
85.45687,27.810709,2019
85.45687,27.810698,2019
85.45686,27.810688,2019
85.456856,27.810673,2019
85.456856,27.810658,2019
85.45685,27.810642,2018
85.45684,27.810629,2018
85.45683,27.810616,2018
85.456825,27.810602,2018
85.45682,27.81059,2018
85.45681,27.81058,2018
85.4568,27.81057,2018
85.456795,27.81056,2017
85.45679,27.810553,2017
85.45678,27.810545,2017
85.45677,27.810537,2017
85.456764,27.810528,2017
85.45675,27.810518,2017
85.45674,27.810509,2016
85.456726,27.810501,2016
85.45672,27.81049,2016
85.45671,27.810482,2016
85.456696,27.810472,2016
85.45669,27.810465,2016
85.45668,27.81046,2016
85.45667,27.810452,2016
85.45666,27.810446,2016
85.45665,27.810438,2016
85.45664,27.810432,2016
85.456635,27.810427,2016
85.45662,27.81042,2016
85.45661,27.810413,2017
85.4566,27.810406,2017
85.45658,27.810396,2017
85.45657,27.810387,2017
85.45656,27.810377,2017
85.45655,27.81037,2016
85.456535,27.81036,2016
85.45653,27.81035,2016
85.45652,27.810343,2016
85.45651,27.810335,2016
85.456505,27.810326,2016
85.4565,27.810318,2016
85.45648,27.81031,2016
85.456474,27.810303,2016
85.45647,27.810295,2016
85.45646,27.810286,2016
85.45644,27.810274,2016
85.456436,27.810263,2016
85.45643,27.810253,2016
85.45643,27.810242,2015
85.45642,27.810232,2015
85.45641,27.810223,2015
85.456406,27.810215,2015
85.4564,27.810207,2015
85.45639,27.8102,2015
85.45638,27.81019,2015
85.456375,27.810183,2015
85.45637,27.810173,2015
85.45636,27.810163,2015
85.45635,27.810156,2015
85.45634,27.810146,2015
85.45633,27.810137,2015
85.45632,27.810127,2015
85.456314,27.81012,2015
85.4563,27.810114,2015
85.45629,27.810106,2015
85.45628,27.810099,2015
85.456276,27.810093,2015
85.45627,27.810085,2015
85.45625,27.810078,2015
85.456245,27.81007,2015
85.45624,27.810064,2015
85.45623,27.810059,2015
85.456215,27.810053,2015
85.45621,27.810047,2015
85.4562,27.810041,2015
85.456184,27.810036,2015
85.456184,27.810028,2015
85.45618,27.810022,2015
85.45617,27.810017,2015
85.456154,27.81001,2015
85.45615,27.810007,2015
85.45614,27.81,2015
85.45613,27.809996,2015
85.456116,27.80999,2015
85.45611,27.809984,2015
85.4561,27.809978,2015
85.45609,27.809973,2015
85.456085,27.809967,2015
85.45608,27.80996,2015
85.45606,27.809954,2015
85.456055,27.809948,2015
85.45605,27.80994,2015
85.45604,27.809933,2015
85.45603,27.809923,2016
85.456024,27.809914,2016
85.45602,27.809906,2016
85.45601,27.809898,2016
85.456,27.80989,2016
85.45599,27.809881,2016
85.455986,27.809872,2016
85.45597,27.809862,2016
85.45596,27.809855,2016
85.455956,27.809845,2016
85.45595,27.809837,2016
85.45594,27.809828,2016
85.45593,27.80982,2016
85.455925,27.809813,2016
85.45592,27.809801,2016
85.45591,27.809793,2016
85.4559,27.809782,2016
85.455894,27.809774,2016
85.45589,27.809765,2016
85.45588,27.809757,2016
85.45587,27.809748,2016
85.45586,27.809736,2016
85.45585,27.809727,2016
85.45585,27.809717,2016
85.45584,27.809708,2016
85.45583,27.809698,2016
85.455826,27.80969,2016
85.45582,27.809679,2016
85.45581,27.80967,2016
85.4558,27.80966,2016
85.455795,27.809652,2016
85.45579,27.80964,2016
85.45578,27.809633,2016
85.45577,27.809624,2016
85.455765,27.809614,2016
85.45576,27.809605,2016
85.45575,27.809597,2016
85.45575,27.809587,2016
85.45574,27.80958,2016
85.455734,27.80957,2016
85.45573,27.809563,2016
85.45573,27.809555,2016
85.45573,27.809546,2017
85.45572,27.809538,2017
85.45572,27.809528,2017
85.45572,27.809519,2017
85.45571,27.80951,2018
85.45571,27.8095,2018
85.45571,27.809492,2018
85.45571,27.809486,2018
85.45572,27.80948,2018
85.45573,27.809477,2018
85.455734,27.809475,2018
85.45575,27.809473,2018
85.45576,27.80947,2018
85.455765,27.809465,2018
85.45577,27.809464,2019
85.45578,27.80946,2019
85.45579,27.809458,2019
85.4558,27.809456,2019
85.45582,27.809452,2019
85.45583,27.809448,2019
85.45585,27.809439,2019
85.45586,27.809431,2019
85.455864,27.809423,2019
85.45587,27.809416,2019
85.45588,27.809408,2019
85.45589,27.8094,2020
85.4559,27.809395,2020
85.45591,27.809391,2020
85.45592,27.809387,2020
85.45593,27.809383,2020
85.45594,27.809378,2020
85.455956,27.809372,2020
85.45596,27.809366,2020
85.45598,27.80936,2020
85.455986,27.809357,2020
85.45599,27.809353,2021
85.45601,27.80935,2021
85.45602,27.809345,2021
85.456024,27.80934,2021
85.45603,27.809336,2021
85.45604,27.809332,2021
85.45605,27.809326,2021
85.456055,27.80932,2021
85.45607,27.809315,2021
85.45608,27.809309,2021
85.456085,27.809303,2022
85.45609,27.8093,2022
85.45611,27.809296,2022
85.456116,27.80929,2022
85.45613,27.809284,2022
85.45614,27.809278,2022
85.45615,27.809275,2022
85.45616,27.809269,2022
85.45617,27.809265,2023
85.456184,27.80926,2023
85.45619,27.809256,2023
85.45621,27.80925,2023
85.456215,27.809248,2023
85.45622,27.809246,2023
85.45624,27.809244,2024
85.456245,27.80924,2024
85.45626,27.809238,2024
85.456276,27.809235,2024
85.45628,27.809233,2024
85.4563,27.809229,2024
85.45631,27.809225,2024
85.45632,27.809223,2025
85.45633,27.809221,2025
85.456345,27.80922,2025
85.45635,27.809216,2025
85.45637,27.809212,2026
85.456375,27.809208,2026
85.45638,27.809204,2026
85.4564,27.8092,2026
85.45641,27.809198,2026
85.45642,27.809195,2026
85.456436,27.80919,2026
85.45645,27.809187,2027
85.45646,27.809183,2027
85.45647,27.809177,2027
85.45648,27.809174,2027
85.45649,27.80917,2027
85.4565,27.809166,2027
85.45651,27.809162,2027
85.45653,27.809158,2027
85.45654,27.809155,2027
85.45656,27.809153,2027
85.45657,27.809149,2027
85.45659,27.809145,2027
85.4566,27.809141,2027
85.456604,27.809137,2027
85.45661,27.809132,2027
85.45662,27.809128,2027
85.456635,27.80912,2027
85.45664,27.809113,2027
85.45666,27.809103,2027
85.45667,27.809095,2027
85.45668,27.80909,2027
85.45669,27.809082,2027
85.456696,27.809076,2027
85.4567,27.80907,2027
85.45671,27.809065,2027
85.45672,27.809057,2027
85.45672,27.80905,2027
85.456726,27.809042,2027
85.45673,27.809032,2027
85.45673,27.809021,2027
85.45673,27.809013,2027
85.45673,27.809004,2027
85.45673,27.808996,2027
85.456726,27.808975,2027
85.456726,27.808971,2027
85.456726,27.808968,2027
85.456726,27.808964,2027
85.45672,27.808956,2027
85.45672,27.80895,2027
85.45671,27.80894,2027
85.45671,27.808931,2027
85.4567,27.80892,2027
85.4567,27.808908,2027
85.4567,27.808895,2027
85.4567,27.808884,2027
85.456696,27.808872,2027
85.456696,27.808863,2027
85.456696,27.808853,2027
85.45669,27.808846,2027
85.45669,27.808836,2027
85.45668,27.808825,2027
85.45668,27.808815,2027
85.45667,27.808804,2027
85.456665,27.808794,2027
85.456665,27.808786,2027
85.45666,27.808777,2027
85.45665,27.808767,2027
85.45664,27.808758,2027
85.45664,27.808748,2027
85.456635,27.808739,2027
85.456635,27.80873,2027
85.45663,27.808722,2027
85.45662,27.808712,2027
85.45662,27.808704,2027
85.45661,27.808697,2027
85.456604,27.80869,2027
85.4566,27.80868,2027
85.4566,27.80867,2027
85.45659,27.808659,2027
85.45658,27.80865,2027
85.45657,27.808638,2027
85.456566,27.808626,2027
85.45656,27.808615,2027
85.45655,27.808603,2025
85.45655,27.808592,2025
85.45654,27.80858,2025
85.45654,27.808569,2025
85.45654,27.80856,2025
85.45654,27.808548,2025
85.45654,27.808535,2024
85.45654,27.808523,2024
85.45654,27.80851,2024
85.45654,27.808498,2024
85.45654,27.808487,2024
85.45654,27.808475,2024
85.45654,27.808464,2024
85.45654,27.808455,2024
85.45654,27.808441,2024
85.45654,27.80843,2024
85.456535,27.808418,2024
85.456535,27.808407,2024
85.456535,27.808395,2024
85.456535,27.808384,2024
85.45653,27.80837,2024
85.45653,27.808361,2024
85.45653,27.80835,2024
85.45653,27.80834,2025
85.45653,27.808329,2025
85.45653,27.80832,2025
85.45653,27.808306,2025
85.45653,27.808294,2025
85.45653,27.808283,2026
85.45653,27.808271,2026
85.45652,27.80826,2026
85.45652,27.80825,2026
85.45652,27.80824,2026
85.45652,27.808231,2026
85.45651,27.808222,2026
85.45651,27.808212,2026
85.456505,27.808203,2026
85.4565,27.808193,2026
85.45649,27.808187,2026
85.45648,27.80818,2026
85.45649,27.80818,2026
85.4565,27.808182,2026
85.4565,27.808178,2026
85.45649,27.808174,2026
85.45648,27.80817,2026
85.456474,27.808168,2026
85.45647,27.808165,2026
85.45645,27.808163,2026
85.45644,27.80816,2026
85.45644,27.808157,2026
85.456436,27.808151,2026
85.456436,27.808147,2026
85.45643,27.808144,2026
85.45643,27.808146,2026
85.45642,27.808147,2026
85.45641,27.808151,2026
85.456406,27.808157,2026
85.45639,27.80816,2026
85.456375,27.808167,2026
85.45637,27.808172,2026
85.45635,27.808178,2026
85.45634,27.808186,2026
85.45633,27.808191,2026
85.45632,27.808197,2026
85.456314,27.8082,2026
85.456314,27.808205,2026
85.45631,27.808208,2026
85.4563,27.808212,2026
85.45628,27.808216,2026
85.456276,27.808222,2026
85.45626,27.808226,2026
85.456245,27.80823,2026
85.45624,27.808231,2026
85.45622,27.808233,2026
85.45621,27.808233,2026
85.4562,27.808233,2026
85.45619,27.808233,2026
85.45618,27.808231,2026
85.45617,27.80823,2026
85.45616,27.808226,2026
85.45615,27.80822,2026
85.45614,27.808212,2026
85.45613,27.808205,2026
85.45612,27.808195,2026
85.456116,27.808186,2026
85.45611,27.808178,2026
85.4561,27.80817,2026
85.4561,27.808163,2026
85.4561,27.808153,2026
85.45609,27.808144,2026
85.45609,27.808132,2026
85.456085,27.808119,2026
85.45608,27.808107,2026
85.45607,27.808096,2024
85.45606,27.808084,2024
85.456055,27.808075,2024
85.45605,27.808065,2024
85.45604,27.808056,2024
85.45604,27.808046,2024
85.45603,27.808037,2024
85.456024,27.80803,2024
85.45602,27.80802,2024
85.45601,27.80801,2024
85.45601,27.807999,2024
85.456,27.807987,2024
85.456,27.807974,2024
85.456,27.807962,2024
85.45601,27.807951,2023
85.45601,27.807941,2023
85.45602,27.807932,2023
85.456024,27.807922,2023
85.45603,27.807915,2023
85.45604,27.807907,2023
85.45605,27.807898,2023
85.456055,27.807888,2023
85.45606,27.807878,2023
85.45607,27.807869,2023
85.45608,27.807858,2023
85.45608,27.807848,2023
85.456085,27.807835,2023
85.456085,27.807823,2023
85.456085,27.807812,2023
85.456085,27.807802,2023
85.456085,27.80779,2023
85.45608,27.80778,2023
85.45607,27.80777,2023
85.45606,27.807758,2023
85.45605,27.807747,2023
85.45604,27.80774,2023
85.456024,27.807734,2023
85.45601,27.807728,2023
85.456,27.807724,2023
85.455986,27.807722,2023
85.45598,27.807718,2023
85.45596,27.807714,2023
85.45595,27.807713,2023
85.45593,27.807709,2023
85.45592,27.807707,2023
85.4559,27.807705,2023
85.455894,27.807703,2023
85.45588,27.807701,2023
85.45587,27.8077,2023
85.45586,27.8077,2023
85.45585,27.807695,2023
85.45583,27.807693,2023
85.45582,27.80769,2023
85.4558,27.807686,2023
85.455795,27.807682,2023
85.45579,27.80768,2023
85.45577,27.807676,2023
85.455765,27.807673,2023
85.45576,27.807669,2023
85.45575,27.807663,2023
85.45574,27.807655,2023
85.455734,27.807646,2023
85.45573,27.807636,2023
85.45572,27.807625,2023
85.45571,27.807613,2023
85.45571,27.807602,2023
85.45571,27.807592,2023
85.45572,27.807583,2023
85.45572,27.807573,2022
85.45573,27.807566,2022
85.45573,27.807558,2022
85.455734,27.80755,2022
85.45574,27.807543,2022
85.45576,27.807535,2022
85.455765,27.807528,2022
85.45577,27.80752,2022
85.45578,27.807512,2022
85.455795,27.807507,2022
85.4558,27.8075,2022
85.45581,27.807493,2021
85.45582,27.807487,2021
85.455826,27.80748,2021
85.45584,27.807472,2021
85.45585,27.807465,2021
85.45586,27.807455,2021
85.45587,27.807446,2021
85.45588,27.807434,2021
85.45589,27.807426,2021
85.4559,27.807417,2021
85.45591,27.80741,2021
85.45592,27.807404,2021
85.455925,27.807396,2020
85.45593,27.807388,2020
85.45594,27.80738,2020
85.45595,27.807373,2020
85.455956,27.807364,2020
85.45596,27.807354,2020
85.45597,27.807344,2020
85.455986,27.807335,2020
85.45599,27.807325,2020
85.456,27.807316,2020
85.45601,27.807308,2019
85.45602,27.8073,2019
85.456024,27.807291,2019
85.456024,27.807281,2019
85.45603,27.807272,2019
85.45603,27.80726,2019
85.45603,27.807247,2019
85.45603,27.807234,2019
85.45603,27.807222,2019
85.456024,27.807213,2019
85.456024,27.807203,2019
85.45602,27.807196,2018
85.45601,27.807188,2018
85.456,27.807182,2018
85.45599,27.807177,2018
85.45598,27.80717,2018
85.45597,27.807165,2017
85.455956,27.807158,2017
85.45594,27.807152,2017
85.45593,27.807146,2017
85.45592,27.807142,2017
85.4559,27.807137,2017
85.455894,27.807133,2017
85.45588,27.807127,2017
85.45587,27.807123,2016
85.45586,27.80712,2016
85.45585,27.807114,2016
85.45584,27.80711,2016
85.45583,27.807106,2016
85.45582,27.8071,2016
85.45581,27.807093,2015
85.4558,27.807085,2015
85.45579,27.807077,2015
85.45578,27.80707,2015
85.455765,27.80706,2015
85.45576,27.807055,2015
85.45575,27.807047,2015
85.45574,27.807043,2015
85.45573,27.807037,2015
85.45572,27.807034,2015
85.4557,27.807028,2015
85.455696,27.807024,2015
85.45568,27.80702,2015
85.455666,27.807018,2015
85.45566,27.807016,2015
85.45565,27.807018,2015
85.455635,27.807022,2015
85.45563,27.807028,2015
85.45562,27.807032,2015
85.45561,27.807037,2015
85.455605,27.807045,2015
85.4556,27.807055,2015
85.45559,27.807064,2015
85.45558,27.807074,2015
85.455574,27.807083,2015
85.45557,27.807093,2015
85.45556,27.8071,2015
85.45556,27.80711,2015
85.45555,27.80712,2015
85.45555,27.807129,2015
85.45554,27.807138,2015
85.45554,27.807146,2015
85.45554,27.807161,2015
85.45554,27.80716,2015
85.45554,27.807156,2015
85.45555,27.807152,2015
85.45555,27.807148,2015
85.45556,27.807142,2015
85.45556,27.807137,2015
85.45556,27.80713,2015
85.45557,27.807125,2015
85.45557,27.807121,2015
85.45557,27.807117,2015
85.45557,27.807112,2015
85.45557,27.807114,2015
85.45557,27.807116,2015
85.45556,27.80712,2015
85.45556,27.807127,2015
85.45556,27.807135,2015
85.45555,27.807142,2015
85.45555,27.807152,2015
85.45554,27.807161,2015
85.45554,27.807173,2015
85.455536,27.807182,2015
85.45553,27.807192,2015
85.45552,27.8072,2015
85.45551,27.807209,2015
85.455505,27.807217,2015
85.45549,27.807224,2015
85.45548,27.807232,2015
85.455475,27.807238,2015
85.45546,27.807243,2015
85.45545,27.807247,2015
85.45544,27.807251,2015
85.45543,27.807255,2015
85.455414,27.807257,2015
85.4554,27.807259,2015
85.45538,27.80726,2015
85.45537,27.807259,2015
85.45536,27.807259,2015
85.45535,27.807259,2015
85.45534,27.807257,2015
85.45533,27.807255,2018
85.45532,27.807251,2018
85.455315,27.807247,2018
85.45531,27.807243,2018
85.4553,27.80724,2018
85.45529,27.807236,2018
85.455284,27.80723,2018
85.455284,27.807226,2018
85.45528,27.80722,2018
85.45528,27.807213,2018
85.45527,27.807203,2018
85.45527,27.807196,2018
85.45527,27.807186,2018
85.45527,27.807177,2019
85.45527,27.807165,2019
85.45527,27.807156,2019
85.45527,27.807144,2019
85.45527,27.807135,2019
85.45527,27.807123,2019
85.45527,27.807112,2019
85.45527,27.8071,2019
85.45527,27.807087,2019
85.45527,27.807077,2019
85.45526,27.807066,2019
85.45526,27.807055,2019
85.45526,27.807043,2019
85.45525,27.807032,2019
85.45525,27.80702,2019
85.455246,27.807009,2019
85.45524,27.807,2019
85.45523,27.806988,2019
85.45523,27.806976,2019
85.45522,27.806965,2019
85.455215,27.806952,2019
85.45521,27.806938,2019
85.45521,27.806925,2019
85.4552,27.806915,2019
85.45519,27.806904,2019
85.455185,27.806896,2019
85.45518,27.806889,2019
85.45517,27.806883,2019
85.45516,27.806877,2019
85.455154,27.806873,2019
85.45515,27.80687,2019
85.45514,27.806866,2019
85.455124,27.806862,2019
85.45512,27.806858,2019
85.45511,27.806854,2019
85.4551,27.80685,2019
85.455086,27.806845,2019
85.45508,27.806839,2019
85.45507,27.806831,2019
85.45506,27.806826,2018
85.45506,27.806818,2018
85.455055,27.806812,2018
85.455055,27.806805,2018
85.45505,27.8068,2018
85.45505,27.806793,2017
85.45505,27.806787,2017
85.45505,27.80678,2017
85.45505,27.806772,2017
85.45504,27.806767,2017
85.45504,27.806765,2017
85.45503,27.806765,2017
85.45503,27.806767,2017
85.45503,27.806774,2017
85.455025,27.806776,2017
85.455025,27.806778,2017
85.45502,27.806776,2017
85.455,27.80677,2017
85.454994,27.806763,2017
85.45498,27.806755,2018
85.45496,27.806747,2018
85.45495,27.806738,2018
85.45493,27.80673,2018
85.45492,27.806726,2018
85.45491,27.806726,2018
85.454895,27.806726,2018
85.45489,27.80673,2018
85.45487,27.806734,2018
85.454865,27.80674,2018
85.45486,27.806744,2018
85.45484,27.806753,2018
85.45484,27.806755,2018
85.45484,27.806765,2018
85.45484,27.806768,2018
85.45484,27.80677,2018
85.45484,27.80678,2018
85.45484,27.806774,2018
85.45484,27.806772,2018
85.45484,27.80677,2018
85.454834,27.806768,2018
85.454834,27.806763,2018
85.454834,27.806765,2018
85.454834,27.806767,2018
85.45484,27.806765,2018
85.45485,27.806765,2018
85.45485,27.806763,2018
85.45486,27.806763,2018
85.454865,27.80676,2018
85.45487,27.80676,2018
85.45489,27.80676,2018
85.454895,27.806759,2018
85.45491,27.806757,2018
85.45492,27.806759,2018
85.45493,27.80676,2018
85.45494,27.806765,2018
85.45495,27.80677,2018
85.454956,27.806776,2018
85.45496,27.806784,2018
85.45497,27.806791,2018
85.45498,27.806797,2018
85.45499,27.806803,2018
85.455,27.806807,2018
85.45501,27.806807,2018
85.45501,27.806803,2018
85.45502,27.806795,2018
85.45502,27.806786,2018
85.455025,27.806774,2018
85.455025,27.806763,2018
85.45503,27.80675,2018
85.45503,27.806738,2018
85.45503,27.806725,2018
85.45504,27.806713,2018
85.45504,27.806704,2018
85.45505,27.806692,2018
85.45505,27.80668,2018
85.455055,27.80667,2018
85.455055,27.80666,2018
85.45506,27.806648,2018
85.45507,27.806637,2018
85.45508,27.806625,2018
85.45508,27.806614,2018
85.455086,27.806602,2018
85.4551,27.80659,2018
85.45511,27.806578,2018
85.45512,27.806564,2018
85.45513,27.806553,2018
85.45514,27.806541,2018
85.455154,27.80653,2018
85.45516,27.806517,2018
85.45518,27.806505,2018
85.455185,27.806492,2018
85.45519,27.806479,2018
85.45521,27.806467,2014
85.455215,27.806454,2014
85.45523,27.806442,2014
85.45524,27.80643,2014
85.455246,27.80642,2014
85.45526,27.806408,2014
85.45527,27.806396,2014
85.455284,27.806387,2014
85.4553,27.806377,2014
85.45531,27.806366,2013
85.45532,27.806355,2013
85.45533,27.806345,2013
85.455345,27.806335,2013
85.45536,27.806326,2013
85.455376,27.806316,2013
85.45539,27.806309,2013
85.4554,27.8063,2013
85.455414,27.806292,2013
85.45543,27.806286,2013
85.45544,27.806276,2013
85.45545,27.806267,2013
85.45546,27.806257,2013
85.45547,27.806246,2013
85.455475,27.806236,2013
85.45548,27.806225,2013
85.4555,27.806213,2013
85.455505,27.806202,2013
85.45552,27.806189,2013
85.45553,27.806175,2013
85.455536,27.806162,2013
85.45554,27.806147,2013
85.45555,27.806133,2013
85.45556,27.80612,2013
85.45557,27.806108,2013
85.45558,27.806097,2013
85.4556,27.806087,2013
85.45561,27.80608,2013
85.45563,27.806072,2013
85.45564,27.806067,2013
85.45566,27.80606,2013
85.45567,27.806055,2013
85.45569,27.80605,2013
85.4557,27.806044,2013
85.45572,27.806038,2013
85.45573,27.806032,2013
85.45574,27.806026,2013
85.45575,27.806023,2013
85.45576,27.806017,2013
85.455765,27.806015,2013
85.45577,27.806011,2013
85.45579,27.806004,2013
85.455795,27.805994,2013
85.455795,27.805992,2013
85.455795,27.805986,2013
85.4558,27.805979,2013
85.45581,27.805971,2013
85.45581,27.80596,2013
85.45581,27.80595,2013
85.45581,27.805939,2013
85.45582,27.805927,2013
85.45582,27.805916,2013
85.45582,27.805908,2013
85.45582,27.8059,2013
85.455826,27.805897,2013
85.455826,27.805891,2013
85.45583,27.805887,2013
85.45584,27.805883,2013
85.45585,27.805878,2013
85.45586,27.805872,2013
85.455864,27.805866,2013
85.45587,27.80586,2013
85.45588,27.805853,2013
85.45589,27.805845,2013
85.4559,27.805838,2013
85.45591,27.80583,2013
85.45592,27.805822,2013
85.455925,27.805817,2013
85.45593,27.805809,2013
85.45594,27.805801,2013
85.45595,27.805792,2013
85.45596,27.805784,2013
85.45597,27.805775,2013
85.45598,27.805763,2013
85.455986,27.805756,2013
85.45599,27.805746,2013
85.456,27.805738,2013
85.45601,27.805733,2013
85.45602,27.805725,2013
85.45603,27.80572,2013
85.45604,27.805716,2013
85.45605,27.80571,2013
85.45606,27.805706,2013
85.45607,27.8057,2013
85.45608,27.805695,2013
85.45608,27.805689,2013
85.456085,27.805685,2013
85.456085,27.805681,2013
85.45609,27.80568,2013
85.45609,27.805676,2013
85.4561,27.805672,2013
85.4561,27.805666,2013
85.45611,27.80566,2013
85.456116,27.805655,2013
85.45612,27.805649,2013
85.45612,27.805643,2013
85.45613,27.805637,2013
85.45614,27.805634,2013
85.45614,27.80563,2013
85.45615,27.805624,2013
85.45615,27.80562,2013
85.456154,27.805616,2013
85.45616,27.805613,2013
85.45616,27.805609,2013
85.45617,27.805603,2013
85.45618,27.805597,2013
85.45618,27.805593,2013
85.456184,27.80559,2013
85.45619,27.805586,2013
85.4562,27.805582,2013
85.4562,27.80558,2013
85.45621,27.80558,2013
85.456215,27.80558,2013
85.456215,27.805586,2013
85.456215,27.80559,2013
85.456215,27.805595,2013
85.456215,27.805601,2013
85.45622,27.805613,2013
85.45622,27.805609,2013
85.45622,27.805605,2013
85.45622,27.805597,2013
85.456215,27.805588,2013
85.456215,27.805578,2013
85.456215,27.805573,2013
85.456215,27.805567,2013
85.456215,27.805561,2013
85.456215,27.805555,2013
85.456215,27.805552,2013
85.45622,27.80555,2013
85.45622,27.805548,2013
85.45623,27.805548,2013
85.45624,27.805548,2013
85.45624,27.805546,2013
85.456245,27.805546,2013
85.45625,27.805546,2013
85.45626,27.805546,2013
85.45627,27.805544,2013
85.456276,27.80554,2013
85.45628,27.805536,2013
85.45629,27.805532,2013
85.4563,27.80553,2013
85.45629,27.805532,2013
85.45629,27.805534,2013
85.45629,27.805532,2013
85.4563,27.80553,2013
85.4563,27.805527,2013
85.45631,27.805523,2013
85.4563,27.805517,2013
85.4563,27.80552,2013
85.45629,27.80552,2013
85.45629,27.805521,2013
85.45628,27.805523,2013
85.456276,27.805523,2013
85.45627,27.805525,2013
85.456245,27.805527,2013
85.45623,27.805523,2013
85.45622,27.805527,2013
85.45622,27.80553,2013
85.45622,27.805534,2013
85.456215,27.80554,2013
85.45622,27.805548,2013
85.45622,27.805553,2013
85.45623,27.80556,2013
85.45624,27.805565,2013
85.45624,27.805569,2013
85.45624,27.805573,2013
85.456245,27.805574,2013
85.456245,27.805573,2013
85.456245,27.805569,2013
85.45624,27.805567,2013
85.45624,27.805565,2013
85.45623,27.805563,2013
85.45623,27.805561,2013
85.45622,27.805561,2013
85.456215,27.80556,2013
85.45621,27.805555,2013
85.45621,27.805553,2013
85.4562,27.80555,2013
85.4562,27.805548,2013
85.45619,27.805544,2013
85.45619,27.805542,2013
85.456184,27.80554,2013
85.456184,27.805538,2013
85.45618,27.805529,2013
85.45617,27.805527,2013
85.45617,27.805525,2013
85.45616,27.805525,2013
85.45616,27.805523,2013
85.45616,27.805521,2013
85.456154,27.805517,2013
85.456154,27.805515,2013
85.456154,27.805511,2013
85.45615,27.80551,2013
85.45615,27.805506,2013
85.45614,27.805502,2013
85.45613,27.805496,2013
85.45612,27.805489,2013
85.456116,27.805481,2013
85.4561,27.805473,2013
85.45609,27.805464,2013
85.456085,27.805452,2013
85.45608,27.805443,2013
85.45606,27.805431,2013
85.456055,27.805424,2013
85.45605,27.805416,2013
85.45604,27.80541,2013
85.45603,27.805405,2013
85.456024,27.805399,2013
85.45602,27.805395,2013
85.45601,27.805391,2013
85.45601,27.805387,2013
85.456,27.805384,2013
85.45599,27.805378,2013
85.455986,27.805374,2013
85.45598,27.80537,2013
85.45597,27.805368,2013
85.45596,27.805368,2013
85.455956,27.80537,2013
85.45595,27.805374,2013
85.45594,27.805376,2013
85.45593,27.805376,2000
85.455925,27.805374,2000
85.45592,27.805372,2000
85.45591,27.805368,1999
85.45591,27.805363,1999
85.4559,27.805359,1998
85.455894,27.805355,1998
85.455894,27.805351,1998
85.45589,27.805344,1998
85.45589,27.805336,1997
85.45588,27.805326,1997
85.45587,27.805319,1997
85.455864,27.805313,1997
85.45586,27.805305,1997
85.45585,27.8053,1997
85.45584,27.805294,1996
85.45583,27.805288,1996
85.455826,27.805285,1996
85.45582,27.805279,1996
85.45581,27.805273,1996
85.4558,27.805267,1996
85.455795,27.80526,1995
85.45579,27.805248,1995
85.45578,27.805239,1994
85.45577,27.805231,1994
85.45576,27.805225,1994
85.45574,27.805222,1994
85.45573,27.805218,1994
85.45571,27.805212,1994
85.4557,27.805206,1993
85.455696,27.805202,1993
85.45568,27.805197,1993
85.45567,27.805191,1993
85.455666,27.805187,1993
85.45565,27.80518,1993
85.45564,27.805172,1992
85.45563,27.805164,1992
85.45562,27.805157,1992
85.45561,27.805147,1992
85.455605,27.805138,1992
85.4556,27.80513,1992
85.45559,27.80512,1992
85.45558,27.80511,1992
85.455574,27.8051,1992
85.45557,27.805086,1992
85.45556,27.805075,1991
85.45554,27.805061,1991
85.455536,27.805048,1991
85.45553,27.805035,1991
85.45552,27.805021,1991
85.45551,27.805008,1991
85.455505,27.804995,1991
85.4555,27.804981,1991
85.4555,27.80497,1991
85.4555,27.80496,1990
85.45549,27.80495,1990
85.45549,27.804945,1990
85.45548,27.804935,1990
85.45548,27.804928,1990
85.455475,27.804914,1989
85.45547,27.804897,1989
85.45545,27.80488,1988
85.455444,27.804867,1988
85.45544,27.804855,1988
85.45544,27.804844,1988
85.45543,27.804834,1988
85.45542,27.804823,1987
85.45542,27.804811,1987
85.455414,27.804802,1987
85.455414,27.804794,1987
85.455414,27.804787,1987
85.455414,27.804781,1987
85.455414,27.804777,1987
85.455414,27.804773,1987
85.45542,27.804773,1987
85.45543,27.804771,1987
85.45543,27.80477,1987
85.45544,27.804766,1987
85.45544,27.804762,1987
85.45544,27.804758,1987
85.45543,27.804754,1987
85.45542,27.804749,1987
85.45542,27.804743,1987
85.455414,27.804737,1986
85.45541,27.804731,1986
85.45541,27.804728,1986
85.45539,27.804716,1986
85.45539,27.804714,1986
85.45538,27.80471,1986
85.45538,27.804703,1986
85.455376,27.804695,1986
85.45537,27.804686,1986
85.45537,27.804676,1986
85.45536,27.804665,1986
85.45535,27.804653,1986
85.455345,27.804644,1986
85.455345,27.804634,1986
85.45534,27.804626,1986
85.45533,27.80462,1986
85.45533,27.804617,1986
85.45531,27.804611,1986
85.45531,27.804613,1986
85.4553,27.804613,1986
85.4553,27.80461,1986
85.45531,27.804605,1986
85.455315,27.8046,1986
85.45533,27.804592,1986
85.455345,27.804586,1986
85.45536,27.804579,1986
85.455376,27.804573,1986
85.4554,27.804567,1986
85.455414,27.804564,1986
85.45543,27.804558,1989
85.455444,27.804554,1989
85.45545,27.80455,1989
85.45546,27.804546,1989
85.45547,27.804544,1990
85.45548,27.804544,1990
85.45549,27.804546,1990
85.4555,27.804548,1990
85.4555,27.80455,1990
85.455505,27.80455,1990
85.45551,27.80455,1990
85.45552,27.804548,1990
85.45552,27.804544,1990
85.45553,27.804543,1990
85.455536,27.804539,1991
85.455536,27.804537,1991
85.45554,27.804535,1991
85.45555,27.804535,1991
85.45555,27.804533,1991
85.45556,27.804533,1991
85.45556,27.804531,1991
85.45557,27.80453,1991
85.455574,27.804527,1991
85.455574,27.804525,1991
85.455574,27.804523,1991
85.45558,27.804522,1992
85.45558,27.80452,1992
85.45559,27.804518,1992
85.45559,27.804516,1992
85.45559,27.804514,1992
85.4556,27.804512,1992
85.4556,27.804508,1992
85.4556,27.804504,1992
85.455605,27.804495,1992
85.45561,27.804495,1992
85.45562,27.804493,1992
85.45562,27.804495,1992
85.45563,27.804493,1992
85.455635,27.804495,1992
85.45565,27.804493,1992
85.45566,27.804493,1992
85.455666,27.804491,1992
85.45567,27.80449,1992
85.455696,27.804483,1992
85.4557,27.804483,1992
85.45571,27.804485,1992
85.45573,27.804483,1992
85.455734,27.804478,1992
85.45576,27.804466,1992
85.45578,27.804455,1992
85.455795,27.80444,1992
85.45581,27.804428,1992
85.455826,27.804417,1992
85.45584,27.804407,1992
85.45586,27.8044,1992
85.45587,27.804392,1992
85.45589,27.804382,1992
85.4559,27.804373,1992
85.45591,27.804363,1992
85.45591,27.804354,1992
85.45592,27.804342,1992
85.45592,27.80433,1992
85.45591,27.80432,1992
85.45591,27.804312,1992
85.4559,27.804302,1992
85.4559,27.804296,1992
85.4559,27.804283,1992
85.45591,27.80428,1992
85.45591,27.804283,1992
85.45591,27.804287,1992
85.45591,27.804289,1992
85.45591,27.804283,1992
85.45592,27.804281,1992
85.455925,27.804281,1992
85.455925,27.80428,1992
85.45593,27.80427,1992
85.45593,27.804268,1992
85.45594,27.80426,1992
85.45594,27.804258,1992
85.45595,27.804253,1992
85.45595,27.804247,1992
85.455956,27.804241,1992
85.455956,27.804232,1992
85.45596,27.80422,1992
85.45596,27.804205,1992
85.45598,27.804192,1988
85.455986,27.804178,1988
85.455986,27.804167,1988
85.45599,27.804155,1988
85.45599,27.80414,1988
85.45599,27.804125,1987
85.45599,27.804108,1987
85.45599,27.804092,1987
85.45599,27.804081,1987
85.45599,27.80407,1987
85.45599,27.804058,1987
85.455986,27.804049,1987
85.455986,27.804039,1987
85.45599,27.804033,1987
85.45599,27.804026,1987
85.45599,27.80402,1988
85.456,27.804012,1988
85.456,27.804003,1988
85.456,27.803995,1988
85.456,27.803986,1988
85.45601,27.803976,1988
85.45601,27.803968,1988
85.45601,27.803963,1988
85.45601,27.803953,1988
85.45601,27.803944,1988
85.45601,27.803934,1988
85.45601,27.803919,1988
85.456,27.803902,1988
85.45599,27.803883,1988
85.45598,27.803865,1988
85.45597,27.80385,1988
85.455956,27.803837,1988
85.45595,27.803825,1988
85.45594,27.803818,1988
85.45593,27.803806,1988
85.455925,27.803795,1987
85.455925,27.803782,1987
85.45592,27.803768,1987
85.45591,27.803755,1987
85.45591,27.803741,1987
85.4559,27.803732,1987
85.455894,27.803722,1987
85.45589,27.803713,1987
85.45588,27.803703,1987
85.45587,27.803696,1987
85.455864,27.803688,1987
85.45586,27.803677,1987
85.45585,27.803665,1987
85.45585,27.803654,1986
85.45585,27.803644,1986
85.45584,27.803635,1986
85.45584,27.803629,1986
85.45583,27.803621,1986
85.455826,27.803614,1986
85.45582,27.803608,1986
85.45581,27.803602,1986
85.4558,27.803595,1986
85.4558,27.803585,1986
85.455795,27.803577,1986
85.45579,27.803568,1986
85.45579,27.80356,1986
85.45579,27.803549,1986
85.4558,27.80354,1985
85.45581,27.80353,1985
85.45582,27.803524,1984
85.455826,27.80352,1984
85.45583,27.803495,1984
85.45583,27.803493,1984
85.45584,27.80349,1983
85.45585,27.803484,1983
85.45586,27.80348,1983
85.45587,27.803478,1983
85.45588,27.803474,1983
85.45589,27.80347,1983
85.455894,27.803467,1983
85.4559,27.803465,1983
85.45591,27.80346,1982
85.45591,27.803453,1982
85.45592,27.803444,1982
85.45592,27.803432,1982
85.45592,27.803421,1982
85.45592,27.80341,1982
85.45592,27.803398,1982
85.45592,27.803385,1982
85.45591,27.803373,1982
85.45591,27.803362,1982
85.4559,27.803352,1982
85.4559,27.803345,1982
85.4559,27.803335,1982
85.4559,27.803326,1982
85.45591,27.803318,1982
85.45591,27.803308,1982
85.45591,27.803299,1982
85.45591,27.80329,1982
85.45591,27.803282,1982
85.4559,27.803272,1982
85.4559,27.803265,1982
85.4559,27.803257,1982
85.455894,27.80325,1982
85.45589,27.80324,1982
85.45589,27.80323,1982
85.45588,27.803223,1982
85.45588,27.803213,1982
85.45587,27.803204,1982
85.455864,27.803194,1982
85.455864,27.803183,1981
85.45586,27.803173,1981
85.45585,27.803162,1981
85.45585,27.803152,1981
85.45585,27.803144,1980
85.45584,27.803137,1980
85.45584,27.80313,1980
85.45583,27.80312,1980
85.45583,27.803112,1980
85.45583,27.803102,1980
85.455826,27.803095,1980
85.455826,27.803091,1980
85.455826,27.803085,1980
85.45582,27.803078,1980
85.45581,27.80307,1980
85.4558,27.803062,1979
85.45579,27.803043,1979
85.45579,27.803041,1979
85.45579,27.803038,1979
85.45579,27.803032,1979
85.45579,27.803026,1979
85.45579,27.80302,1978
85.455795,27.803015,1978
85.4558,27.80301,1978
85.45581,27.803007,1978
85.45582,27.803005,1978
85.45583,27.803001,1977
85.45584,27.803,1977
85.45585,27.802996,1977
85.45585,27.802992,1977
85.45585,27.802984,1977
85.45585,27.80298,1977
85.45585,27.802975,1976
85.45584,27.80297,1976
85.45584,27.802967,1976
85.45584,27.802961,1976
85.45584,27.802958,1976
85.45584,27.80295,1976
85.45584,27.802944,1976
85.45583,27.80294,1975
85.45583,27.802933,1975
85.45583,27.802923,1975
85.45583,27.802916,1975
85.45583,27.802906,1975
85.455826,27.802896,1975
85.455826,27.802887,1974
85.455826,27.802877,1974
85.455826,27.80287,1974
85.45582,27.802862,1974
85.45582,27.802855,1974
85.45582,27.802849,1974
85.45581,27.802841,1973
85.45581,27.802832,1973
85.45581,27.80282,1973
85.4558,27.80281,1973
85.4558,27.8028,1973
85.4558,27.802788,1973
85.4558,27.802773,1973
85.4558,27.80276,1972
85.4558,27.802746,1972
85.4558,27.802732,1972
85.4558,27.802721,1972
85.4558,27.802713,1972
85.45581,27.802692,1972
85.45581,27.802689,1972
85.45581,27.802685,1972
85.45581,27.802681,1972
85.45581,27.802673,1972
85.4558,27.802668,1972
85.4558,27.802664,1972
85.4558,27.802662,1972
85.4558,27.80266,1972
85.4558,27.80265,1972
85.4558,27.802649,1972
85.4558,27.802647,1972
85.4558,27.80264,1972
85.455795,27.802633,1972
85.455795,27.802624,1972
85.455795,27.802614,1972
85.455795,27.802603,1972
85.455795,27.802593,1972
85.455795,27.802584,1972
85.455795,27.802574,1972
85.455795,27.802565,1972
85.455795,27.802557,1972
85.455795,27.802551,1972
85.455795,27.802546,1972
85.4558,27.80253,1972
85.4558,27.802528,1972
85.45581,27.802525,1972
85.45581,27.80252,1972
85.45582,27.802515,1972
85.455826,27.80251,1970
85.45583,27.802504,1970
85.45584,27.802498,1970
85.45584,27.802494,1970
85.45585,27.802486,1970
85.45586,27.80248,1970
85.455864,27.802473,1969
85.45587,27.802465,1969
85.45588,27.80246,1969
85.45589,27.802452,1969
85.45589,27.802446,1969
85.4559,27.802422,1969
85.4559,27.802418,1969
85.4559,27.802408,1969
85.45591,27.802397,1969
85.45592,27.802383,1968
85.45592,27.80237,1968
85.455925,27.802357,1968
85.455925,27.802347,1968
85.455925,27.802336,1968
85.45593,27.802324,1968
85.45593,27.802313,1968
85.45594,27.802301,1968
85.45595,27.802288,1968
85.455956,27.802277,1968
85.455956,27.802267,1968
85.45596,27.80226,1968
85.45597,27.802252,1968
85.45597,27.802244,1968
85.45598,27.802238,1968
85.455986,27.802233,1968
85.45599,27.802229,1968
85.456,27.802223,1968
85.45601,27.802221,1968
85.45602,27.802217,1968
85.456024,27.802216,1968
85.45603,27.802212,1968
85.45604,27.802208,1967
85.456055,27.8022,1967
85.45607,27.802195,1967
85.456085,27.802189,1967
85.4561,27.802185,1967
85.45611,27.80218,1966
85.45612,27.802172,1966
85.45613,27.802164,1966
85.45614,27.802156,1966
85.456154,27.802147,1966
85.45616,27.802137,1966
85.45618,27.802113,1966
85.45617,27.802114,1965
85.45617,27.802116,1965
85.45616,27.802116,1965
85.45616,27.802113,1965
85.456154,27.802105,1965
85.456154,27.802103,1965
85.45615,27.802101,1964
85.45615,27.802097,1964
85.45614,27.802097,1964
85.45613,27.802095,1964
85.45612,27.802094,1964
85.456116,27.802088,1964
85.456116,27.802082,1964
85.456116,27.802076,1964
85.456116,27.802069,1964
85.456116,27.802063,1964
85.45612,27.802055,1964
85.45613,27.80205,1964
85.45613,27.802044,1964
85.45614,27.802038,1964
85.45615,27.80203,1964
85.456154,27.802023,1964
85.456154,27.80202,1964
85.45616,27.802015,1964
85.45617,27.802015,1964
85.45618,27.802015,1964
85.456184,27.802017,1964
85.456184,27.802021,1964
85.45619,27.802023,1964
85.45619,27.802027,1964
85.4562,27.802029,1964
85.4562,27.80203,1964
85.4562,27.802032,1964
85.4562,27.802036,1964
85.45621,27.802038,1964
85.456215,27.802042,1964
85.45622,27.802046,1964
85.45623,27.802046,1964
85.45624,27.802048,1964
85.456245,27.802048,1964
85.45625,27.802048,1964
85.45626,27.80205,1964
85.45627,27.80205,1964
85.45628,27.80206,1964
85.45628,27.802063,1964
85.45628,27.802065,1964
85.45628,27.80207,1964
85.45628,27.802076,1964
85.45628,27.802082,1964
85.45629,27.802086,1964
85.4563,27.80209,1962
85.45631,27.80209,1962
85.456314,27.802092,1962
85.45632,27.80209,1962
85.45633,27.80209,1961
85.45635,27.802086,1961
85.45635,27.802084,1961
85.45636,27.802082,1961
85.45636,27.802076,1961
85.45637,27.802073,1961
85.45637,27.802067,1961
85.45637,27.802061,1961
85.456375,27.802055,1961
85.45638,27.80205,1961
85.45638,27.802044,1961
85.45639,27.802038,1961
85.45639,27.802034,1961
85.45639,27.802029,1961
85.45639,27.802023,1961
85.45639,27.802015,1961
85.45638,27.802008,1961
85.45638,27.802,1961
85.45639,27.801992,1962
85.45639,27.801985,1962
85.45639,27.801977,1962
85.4564,27.801968,1962
85.4564,27.801958,1963
85.456406,27.801947,1963
85.456406,27.801939,1963
85.45641,27.80193,1963
85.45641,27.80192,1963
85.45641,27.801912,1963
85.45642,27.80189,1963
85.45642,27.801886,1964
85.45642,27.801882,1964
85.45642,27.801876,1964
85.45643,27.80187,1964
85.45643,27.80186,1964
85.45643,27.801853,1964
85.45643,27.801844,1964
85.45643,27.801834,1964
85.45643,27.801825,1964
85.45643,27.801815,1964
85.45643,27.801805,1964
85.45643,27.801798,1964
85.45643,27.80179,1964
85.45642,27.801783,1964
85.45642,27.801775,1964
85.45642,27.801767,1964
85.45642,27.801758,1964
85.45641,27.801748,1964
85.45641,27.801739,1964
85.45641,27.801731,1964
85.45642,27.801722,1964
85.45642,27.801714,1964
85.45641,27.801699,1964
85.45641,27.801697,1964
85.45641,27.801693,1964
85.45641,27.801691,1964
85.456406,27.801687,1964
85.456406,27.801682,1964
85.456406,27.801676,1964
85.456406,27.80167,1964
85.45641,27.801664,1964
85.45642,27.801657,1964
85.45642,27.80165,1964
85.45642,27.801643,1964
85.45642,27.801638,1964
85.45642,27.801622,1964
85.45642,27.80162,1964
85.45642,27.801619,1964
85.45642,27.801617,1964
85.45642,27.801613,1964
85.45642,27.80161,1964
85.45643,27.80161,1964
85.45643,27.801609,1964
85.45644,27.801613,1964
85.45646,27.801613,1964
85.45646,27.80161,1964
85.45647,27.801605,1964
85.45646,27.8016,1964
85.45646,27.801598,1964
85.45645,27.801598,1964
85.45644,27.801596,1964
85.456436,27.801594,1964
85.456436,27.801592,1964
85.456436,27.801588,1964
85.45644,27.801582,1964
85.45644,27.801577,1964
85.45644,27.801573,1964
85.45644,27.801567,1964
85.45644,27.801563,1964
85.45644,27.80156,1964
85.45644,27.801556,1964
85.45645,27.801537,1964
85.45646,27.801535,1964
85.45646,27.801533,1964
85.45647,27.801527,1964
85.456474,27.80152,1964
85.45649,27.801508,1964
85.456505,27.801498,1964
85.45653,27.801485,1964
85.456535,27.801474,1964
85.45656,27.801462,1965
85.456566,27.801455,1965
85.45658,27.801449,1965
85.45659,27.801443,1965
85.456604,27.801437,1965
85.45661,27.801432,1965
85.45662,27.801428,1965
85.456635,27.801422,1965
85.45665,27.801416,1965
85.456665,27.80141,1965
85.45668,27.801405,1965
85.456696,27.801401,1964
85.45671,27.801394,1964
85.45672,27.801388,1964
85.456726,27.80138,1964
85.45673,27.80137,1964
85.456726,27.801361,1964
85.45672,27.801353,1964
85.45672,27.801344,1963
85.45672,27.801332,1963
85.45671,27.801325,1963
85.45671,27.80132,1963
85.4567,27.801313,1963
85.456696,27.801308,1963
85.45669,27.801304,1963
85.45669,27.801296,1963
85.45668,27.801289,1963
85.45668,27.80128,1963
85.45668,27.80127,1963
85.45669,27.801258,1963
85.45669,27.801249,1963
85.45669,27.801235,1963
85.45669,27.801224,1963
85.45669,27.80121,1963
85.45669,27.801199,1963
85.45668,27.801186,1963
85.45668,27.801172,1963
85.45667,27.801163,1963
85.45667,27.801153,1963
85.456665,27.801144,1963
85.456665,27.801134,1963
85.456665,27.801123,1963
85.456665,27.801113,1963
85.456665,27.801104,1963
85.45667,27.801094,1963
85.45668,27.801085,1963
85.45669,27.801075,1963
85.456696,27.80106,1963
85.4567,27.801046,1963
85.4567,27.801033,1963
85.45671,27.801022,1963
85.45671,27.801008,1963
85.45671,27.800997,1963
85.45672,27.800983,1963
85.45672,27.800974,1963
85.456726,27.800964,1963
85.45673,27.800953,1963
85.45674,27.800943,1963
85.45675,27.800936,1963
85.45676,27.80093,1963
85.45677,27.800915,1963
85.45677,27.800913,1963
85.45677,27.800909,1963
85.45677,27.800905,1963
85.45678,27.800892,1963
85.45678,27.800894,1963
85.45679,27.800888,1963
85.45679,27.800886,1963
85.45679,27.800884,1963
85.45679,27.800882,1963
85.456795,27.800879,1963
85.456795,27.800877,1963
85.456795,27.800873,1963
85.4568,27.80087,1963
85.4568,27.800865,1963
85.4568,27.80086,1963
85.456795,27.800854,1963
85.456795,27.800848,1963
85.456795,27.80085,1963
85.456795,27.800852,1963
85.456795,27.800856,1963
85.456795,27.80086,1963
85.456795,27.800869,1963
85.456795,27.800867,1963
85.45681,27.80087,1963
85.456825,27.80087,1962
85.45683,27.800869,1961
85.45685,27.800867,1961
85.45686,27.800863,1961
85.45688,27.800861,1960
85.456894,27.80086,1960
85.45691,27.80086,1959
85.456924,27.800858,1959
85.45694,27.800858,1959
85.456955,27.800856,1959
85.45697,27.800856,1959
85.45698,27.800856,1959
85.456985,27.800856,1959
85.45699,27.800854,1959
85.457,27.80085,1959
85.457016,27.800846,1959
85.45702,27.800842,1959
85.45705,27.800835,1959
85.45705,27.800825,1959
85.45705,27.800814,1959
85.45705,27.800808,1959
85.45705,27.800812,1959
85.457054,27.800817,1959
85.45705,27.800817,1959
85.45705,27.800816,1959
85.45705,27.800814,1959
85.45704,27.800814,1959
85.45703,27.800812,1959
85.45703,27.80081,1959
85.45702,27.800808,1959
85.457016,27.800802,1959
85.45702,27.800804,1959
85.45703,27.80081,1959
85.45705,27.800814,1959
85.457054,27.800817,1959
85.45707,27.800823,1959
85.45708,27.800825,1959
85.457085,27.800827,1959
85.45709,27.800829,1959
85.4571,27.800829,1959
85.45711,27.800829,1959
85.4571,27.800821,1959
85.4571,27.80082,1959
85.4571,27.800817,1959
85.4571,27.800816,1959
85.4571,27.80081,1959
85.4571,27.800808,1959
85.4571,27.800806,1959
85.4571,27.800804,1959
85.45709,27.800802,1959
85.45709,27.8008,1959
85.45709,27.800797,1959
85.45709,27.800798,1959
85.4571,27.800797,1959
85.4571,27.8008,1959
85.4571,27.800798,1959
85.45709,27.8008,1959
85.45709,27.800798,1959
85.457085,27.800798,1959
85.457085,27.800797,1959
85.457085,27.800795,1959
85.457085,27.800793,1959
85.457085,27.800787,1959
85.457085,27.800785,1959
85.45708,27.80078,1959
85.45707,27.800777,1959
85.45708,27.800774,1959
85.457085,27.800768,1959
85.45708,27.80076,1959
85.45708,27.800756,1959
85.45708,27.80075,1959
85.45707,27.800743,1959
85.45707,27.800734,1959
85.45707,27.800722,1959
85.45706,27.800709,1959
85.45706,27.800697,1959
85.457054,27.800684,1959
85.457054,27.800674,1959
85.457054,27.800665,1959
85.457054,27.800661,1959
85.457054,27.800655,1959
85.45706,27.800653,1959
85.45706,27.800648,1959
85.45708,27.800644,1959
85.45708,27.800638,1959
85.457085,27.800634,1959
85.45711,27.800615,1959
85.45711,27.800613,1959
85.45711,27.80061,1959
85.457115,27.800606,1959
85.45713,27.800598,1959
85.45713,27.800596,1959
85.45713,27.800594,1959
85.45713,27.800589,1959
85.45713,27.800583,1959
85.45713,27.800575,1959
85.45713,27.800556,1959
85.45713,27.800554,1959
85.45713,27.800552,1959
85.45713,27.800549,1959
85.45713,27.800545,1959
85.45713,27.800537,1959
85.45712,27.800528,1959
85.45712,27.800516,1959
85.45712,27.800507,1959
85.45712,27.800499,1959
85.45712,27.800493,1959
85.45713,27.800488,1959
85.45714,27.80048,1959
85.457146,27.80047,1959
85.45715,27.800463,1959
85.45716,27.800457,1959
85.45716,27.800453,1959
85.45717,27.800447,1959
85.45717,27.800442,1959
85.45717,27.800438,1966
85.45717,27.800434,1966
85.45717,27.800432,1966
85.45717,27.800428,1966
85.45718,27.800419,1966
85.45718,27.800413,1966
85.45718,27.800411,1966
85.457184,27.800411,1966
85.457184,27.80041,1967
85.45719,27.800411,1967
85.4572,27.800411,1967
85.45721,27.800411,1967
85.45721,27.80041,1967
85.457214,27.800407,1967
85.457214,27.800402,1967
85.457214,27.800396,1967
85.45722,27.800388,1968
85.45722,27.80038,1968
85.45722,27.800375,1968
85.45722,27.80037,1968
85.45722,27.800364,1968
85.45722,27.800356,1968
85.45723,27.800348,1968
85.45723,27.80034,1968
85.45723,27.800333,1968
85.45723,27.800322,1968
85.45723,27.80031,1969
85.45724,27.800303,1969
85.457245,27.800295,1969
85.45725,27.80029,1969
85.45726,27.800283,1969
85.45727,27.80028,1969
85.457275,27.800274,1969
85.45728,27.800268,1969
85.45729,27.800264,1969
85.4573,27.80026,1969
85.457306,27.800259,1969
85.457306,27.80026,1969
85.457306,27.800262,1969
85.45731,27.800262,1969
85.45732,27.800262,1969
85.45734,27.800262,1969
85.457344,27.80026,1969
85.45735,27.800257,1969
85.45736,27.800253,1969
85.457375,27.800251,1969
85.45738,27.80025,1969
85.45739,27.800245,1969
85.4574,27.800243,1969
85.457405,27.80024,1969
85.45741,27.800238,1969
85.45741,27.800236,1969
85.45742,27.800234,1969
85.45743,27.800234,1969
85.45743,27.800232,1969
85.457436,27.800228,1969
85.45744,27.800222,1969
85.45746,27.800217,1969
85.457466,27.80021,1969
85.45747,27.800205,1969
85.45748,27.8002,1969
85.4575,27.800196,1969
85.45751,27.800192,1969
85.45753,27.800184,1969
85.45754,27.800179,1969
85.45756,27.800169,1969
85.457565,27.800161,1969
85.45758,27.800154,1969
85.45761,27.80014,1969
85.45761,27.800138,1969
85.45762,27.800135,1969
85.45762,27.80013,1969
85.45763,27.800125,1969
85.45763,27.80012,1969
85.45763,27.800112,1969
85.45763,27.800102,1969
85.45763,27.800093,1969
85.45763,27.800087,1969
85.45762,27.800066,1969
85.45762,27.800064,1969
85.45761,27.80006,1969
85.45761,27.800055,1969
85.45761,27.800047,1969
85.4576,27.80004,1969
85.4576,27.800032,1969
85.457596,27.800024,1969
85.45759,27.800014,1969
85.45758,27.800003,1969
85.45757,27.799994,1969
85.457565,27.799984,1969
85.457565,27.79997,1969
85.457565,27.79996,1966
85.45756,27.799948,1966
85.45756,27.799938,1966
85.45756,27.799934,1966
85.45756,27.79993,1966
85.45756,27.799917,1966
85.45756,27.799913,1967
85.45755,27.79991,1967
85.45755,27.799902,1967
85.45755,27.79989,1967
85.45755,27.799881,1967
85.45755,27.799871,1967
85.45755,27.799862,1967
85.45756,27.799854,1967
85.457565,27.799845,1967
85.457565,27.799835,1967
85.45757,27.799824,1967
85.45757,27.799812,1967
85.45758,27.799799,1967
85.45758,27.79979,1968
85.45758,27.799778,1968
85.45759,27.799767,1968
85.457596,27.799755,1968
85.4576,27.799746,1968
85.45761,27.799736,1968
85.45762,27.799726,1968
85.45763,27.799717,1968
85.457634,27.799707,1968
85.45764,27.799702,1968
85.45765,27.799696,1968
85.45766,27.799694,1968
85.457664,27.79969,1968
85.45768,27.799685,1968
85.457695,27.79968,1968
85.4577,27.799673,1968
85.45772,27.799667,1968
85.457726,27.79966,1968
85.45774,27.799652,1968
85.45775,27.799643,1968
85.457756,27.799635,1968
85.457756,27.799627,1968
85.45776,27.79962,1968
85.45777,27.79961,1968
85.45777,27.7996,1968
85.45778,27.799591,1968
85.457794,27.79958,1968
85.4578,27.79957,1968
85.45782,27.79956,1968
85.457825,27.799553,1968
85.45783,27.799541,1968
85.45784,27.799532,1968
85.45784,27.799519,1968
85.45785,27.799503,1968
85.457855,27.79949,1968
85.45786,27.799479,1968
85.45787,27.799467,1968
85.457886,27.79946,1968
85.45789,27.799452,1968
85.45791,27.799444,1968
85.457924,27.799433,1968
85.45793,27.799421,1968
85.45794,27.799408,1968
85.45795,27.7994,1968
85.457954,27.799393,1968
85.457954,27.799387,1968
85.45796,27.799381,1969
85.45797,27.799376,1969
85.45797,27.79937,1969
85.45798,27.799364,1969
85.457985,27.799358,1969
85.45799,27.799349,1969
85.458,27.79934,1969
85.45801,27.799332,1969
85.45801,27.799322,1969
85.458015,27.799313,1969
85.45802,27.799303,1969
85.45803,27.799294,1969
85.458046,27.799288,1969
85.45805,27.79928,1969
85.45806,27.799274,1969
85.45807,27.79927,1969
85.45808,27.799269,1969
85.458084,27.799265,1969
85.45809,27.799261,1969
85.4581,27.799257,1969
85.45811,27.799253,1969
85.458115,27.79925,1968
85.45812,27.79925,1968
85.45813,27.79925,1968
85.45814,27.79925,1968
85.45816,27.799246,1968
85.45816,27.799244,1968
85.45817,27.79924,1967
85.45817,27.799234,1967
85.458176,27.799227,1967
85.45818,27.79922,1967
85.45819,27.799215,1967
85.4582,27.79921,1967
85.45821,27.799202,1966
85.45824,27.799192,1966
85.45825,27.799185,1966
85.45826,27.799175,1966
85.458275,27.799166,1966
85.45828,27.799156,1965
85.4583,27.799145,1965
85.458305,27.799135,1965
85.45831,27.799126,1965
85.45834,27.7991,1965
85.45834,27.799099,1965
85.45835,27.799095,1965
85.45836,27.799093,1965
85.45837,27.79909,1964
85.458374,27.799086,1964
85.45838,27.799084,1964
85.45838,27.799082,1964
85.45839,27.799078,1964
85.4584,27.799072,1964
85.458405,27.799068,1963
85.45842,27.799063,1963
85.45843,27.799057,1963
85.45843,27.79905,1963
85.458435,27.799044,1963
85.45844,27.799036,1963
85.45845,27.799028,1963
85.45846,27.799013,1963
85.458466,27.799,1963
85.458466,27.798986,1963
85.45847,27.798973,1963
85.458466,27.79896,1963
85.458466,27.79895,1962
85.458466,27.798944,1962
85.458466,27.798925,1962
85.458466,27.798923,1962
85.458466,27.79892,1962
85.458466,27.79891,1962
85.458466,27.7989,1961
85.45846,27.798891,1961
85.45846,27.798882,1961
85.45845,27.798876,1961
85.45845,27.798868,1961
85.45845,27.798857,1961
85.45846,27.798847,1961
85.45846,27.798836,1961
85.458466,27.79882,1961
85.45847,27.798811,1961
85.45847,27.798803,1961
85.45847,27.798798,1961
85.45848,27.798775,1961
85.45848,27.798773,1961
85.45848,27.79877,1961
85.45848,27.798765,1960
85.45848,27.798758,1960
85.45848,27.79875,1960
85.45848,27.79874,1960
85.45847,27.798729,1960
85.458466,27.798717,1960
85.45846,27.798708,1960
85.45845,27.798698,1960
85.45844,27.798689,1960
85.458435,27.79868,1960
85.458435,27.798668,1960
85.45843,27.798658,1960
85.45843,27.798647,1960
85.45843,27.798635,1960
85.45843,27.798624,1960
85.45843,27.798609,1960
85.45843,27.798597,1960
85.45843,27.798584,1960
85.45843,27.798576,1960
85.45843,27.79857,1960
85.45843,27.798567,1960
85.458435,27.798563,1960
85.458435,27.798561,1960
85.45844,27.79856,1960
85.45844,27.798557,1960
85.45845,27.798555,1960
85.45845,27.79855,1960
85.45846,27.798546,1960
85.458466,27.798542,1960
85.458466,27.798536,1960
85.45847,27.79853,1960
85.45848,27.798527,1960
85.45849,27.79852,1960
85.458496,27.798506,1960
85.458496,27.798498,1960
85.4585,27.798492,1960
85.4585,27.798489,1960
85.4585,27.798483,1960
85.4585,27.79848,1960
85.4585,27.798464,1960
85.4585,27.798462,1960
85.4585,27.798466,1960
85.4585,27.798468,1960
85.458496,27.798471,1960
85.458496,27.798477,1960
85.45849,27.798483,1960
85.45848,27.798483,1960
85.45848,27.798485,1960
85.458466,27.798489,1960
85.45846,27.798492,1960
85.45845,27.798494,1960
85.45844,27.798498,1960
85.45844,27.7985,1960
85.458435,27.798502,1960
85.45843,27.798502,1960
85.45842,27.7985,1960
85.458405,27.798492,1960
85.45841,27.798492,1960
85.45841,27.79849,1960
85.45841,27.798489,1960
85.45842,27.798483,1960
85.45842,27.798481,1960
85.45842,27.79848,1960
85.45842,27.798477,1960
85.45843,27.798475,1960
85.458435,27.798471,1960
85.45844,27.79847,1960
85.45844,27.798468,1960
85.45845,27.798466,1960
85.45845,27.798464,1960
85.45846,27.798464,1960
85.458466,27.798464,1960
85.45847,27.798464,1960
85.45848,27.798462,1960
85.458496,27.79846,1960
85.4585,27.798454,1960
85.45852,27.798447,1960
85.45853,27.798435,1960
85.45854,27.798426,1960
85.45856,27.798416,1960
85.458565,27.798407,1960
85.45857,27.798397,1960
85.45858,27.798388,1960
85.45858,27.79838,1960
85.45859,27.79837,1960
85.45859,27.79836,1960
85.458595,27.79835,1960
85.458595,27.798338,1958
85.458595,27.798328,1958
85.4586,27.798317,1958
85.4586,27.798307,1958
85.4586,27.798296,1958
85.4586,27.798285,1958
85.458595,27.798273,1958
85.458595,27.798262,1958
85.458595,27.798246,1958
85.45859,27.798235,1958
85.45858,27.798225,1958
85.45858,27.798218,1958
85.458565,27.79821,1958
85.45856,27.798204,1958
85.45855,27.7982,1958
85.458534,27.798197,1958
85.45853,27.798193,1958
85.45852,27.798187,1958
85.45851,27.798182,1958
85.4585,27.798174,1958
85.45849,27.798151,1958
85.45849,27.79815,1958
85.45849,27.798147,1958
85.45849,27.798143,1958
85.45848,27.798143,1958
85.45847,27.79814,1958
85.45847,27.798138,1958
85.458466,27.798134,1958
85.458466,27.798132,1958
85.45846,27.79813,1958
85.45845,27.798128,1958
85.45844,27.798126,1957
85.458435,27.798122,1957
85.45843,27.798122,1957
85.45842,27.798119,1957
85.458405,27.798115,1956
85.4584,27.798111,1956
85.45839,27.798107,1956
85.45838,27.798103,1956
85.45837,27.7981,1956
85.45836,27.798096,1955
85.45835,27.79809,1955
85.45834,27.798084,1955
85.45833,27.798079,1955
85.45832,27.798075,1955
85.458305,27.79807,1954
85.4583,27.798069,1954
85.45829,27.798065,1954
85.45828,27.798061,1954
85.458275,27.79806,1954
85.45827,27.798056,1954
85.45825,27.798054,1953
85.458244,27.79805,1953
85.45824,27.798044,1953
85.45823,27.798038,1953
85.45822,27.798035,1953
85.45821,27.798029,1953
85.458206,27.798027,1952
85.4582,27.798023,1952
85.458176,27.798016,1952
85.45817,27.798016,1952
85.45817,27.798018,1952
85.458145,27.79802,1951
85.45814,27.798018,1951
85.45813,27.798014,1951
85.45812,27.798012,1951
85.458115,27.798008,1950
85.45811,27.798004,1950
85.4581,27.797998,1950
85.45809,27.797995,1950
85.458084,27.797987,1950
85.45807,27.797981,1949
85.45806,27.797977,1949
85.45806,27.797972,1949
85.458046,27.79796,1949
85.458046,27.797958,1949
85.458046,27.797945,1949
85.458046,27.797943,1948
85.458046,27.79794,1948
85.458046,27.797935,1948
85.458046,27.79793,1948
85.458046,27.797924,1948
85.458046,27.797918,1948
85.458046,27.797915,1948
85.458046,27.797909,1948
85.458046,27.797903,1947
85.458046,27.797897,1947
85.458046,27.797894,1946
85.45805,27.79789,1946
85.45805,27.797882,1946
85.45805,27.797876,1946
85.45805,27.797869,1946
85.45805,27.797865,1945
85.458046,27.797861,1945
85.458046,27.797857,1945
85.45804,27.797848,1945
85.45804,27.79785,1945
85.45803,27.797852,1945
85.45803,27.797853,1945
85.45803,27.797852,1945
85.45803,27.79785,1944
85.45803,27.797846,1944
85.45803,27.797844,1944
85.45803,27.797842,1944
85.45802,27.797836,1944
85.45802,27.797834,1943
85.458015,27.797832,1943
85.458015,27.797829,1943
85.45801,27.797823,1943
85.45801,27.79782,1942
85.45801,27.797815,1942
85.45799,27.797796,1942
85.45799,27.797794,1942
85.45799,27.797789,1941
85.45799,27.797783,1941
85.45799,27.797777,1941
85.457985,27.797771,1941
85.457985,27.797768,1941
85.45798,27.797764,1940
85.45797,27.797758,1940
85.45796,27.797754,1940
85.457954,27.797752,1940
85.457954,27.79775,1940
85.45795,27.79775,1940
85.45794,27.79774,1939
85.45794,27.797737,1939
85.45794,27.797731,1939
85.45794,27.797728,1939
85.45794,27.797716,1939
85.45794,27.797718,1938
85.45793,27.797716,1938
85.457924,27.797714,1938
85.457924,27.797712,1937
85.45792,27.797709,1937
85.45791,27.797703,1937
85.4579,27.797697,1937
85.457886,27.797691,1937
85.45788,27.797686,1936
85.45787,27.797684,1936
85.45786,27.79768,1936
85.457855,27.79768,1936
85.45785,27.79768,1936
85.45783,27.79768,1936
85.45783,27.797678,1936
85.45783,27.797676,1936
85.45783,27.797674,1936
85.457825,27.797672,1936
85.457825,27.79767,1936
85.457825,27.797668,1935
85.457825,27.797667,1935
85.457825,27.797663,1935
85.457825,27.797659,1935
85.457825,27.797655,1935
85.457825,27.797651,1935
85.45782,27.797636,1935
85.45782,27.797634,1934
85.45782,27.797617,1934
85.45782,27.797615,1934
85.45782,27.797611,1933
85.45782,27.797607,1933
85.45781,27.797604,1933
85.45781,27.7976,1933
85.4578,27.797596,1933
85.4578,27.797592,1932
85.457794,27.797588,1932
85.45779,27.797586,1932
85.45778,27.797585,1932
85.45777,27.797575,1932
85.45776,27.797573,1932
85.45776,27.797565,1931
85.457756,27.797558,1931
85.45775,27.79755,1931
85.45773,27.797543,1931
85.457726,27.797535,1930
85.45772,27.79753,1930
85.45771,27.797523,1930
85.4577,27.797518,1930
85.457695,27.797512,1930
85.45768,27.797508,1930
85.45767,27.797504,1929
85.457664,27.797503,1929
85.45765,27.797504,1929
85.45764,27.797506,1928
85.45763,27.79751,1928
85.45762,27.797514,1928
85.4576,27.797514,1928
85.457596,27.797512,1928
85.457596,27.79751,1928
85.45757,27.797506,1928
85.457565,27.797503,1928
85.457565,27.7975,1927
85.45757,27.7975,1927
85.457565,27.797499,1927
85.457565,27.797495,1927
85.457565,27.797493,1926
85.457565,27.79749,1926
85.45756,27.797487,1926
85.45755,27.797483,1926
85.45755,27.797482,1926
85.45754,27.797482,1926
85.45754,27.79748,1926
85.457535,27.79748,1926
85.457535,27.797482,1926
85.457535,27.797483,1925
85.457535,27.797482,1925
85.457535,27.797483,1925
85.45753,27.797482,1925
85.45753,27.797483,1924
85.45752,27.797472,1924
85.45753,27.797472,1924
85.45753,27.79747,1924
85.457535,27.797466,1923
85.457535,27.79746,1923
85.457535,27.797457,1923
85.457535,27.797453,1923
85.457535,27.79745,1923
85.457535,27.797447,1922
85.45753,27.797445,1922
85.45752,27.797445,1922
85.45751,27.797447,1922
85.457504,27.797447,1922
85.457504,27.797445,1921
85.4575,27.797443,1921
85.45749,27.79744,1921
85.45748,27.797436,1921
85.45747,27.797434,1921
85.45747,27.797432,1921
85.45746,27.797424,1921
85.45745,27.797422,1921
85.45745,27.797419,1921
85.45744,27.79741,1921
85.45744,27.797407,1921
85.45744,27.797403,1920
85.457436,27.797401,1920
85.45743,27.797398,1919
85.45742,27.797396,1919
85.45741,27.79739,1919
85.457405,27.797384,1919
85.4574,27.797379,1919
85.45739,27.797373,1919
85.45739,27.797365,1918
85.45738,27.797358,1918
85.45738,27.797348,1918
85.45738,27.797338,1918
85.45738,27.797329,1918
85.45738,27.79732,1918
85.45738,27.797308,1918
85.45738,27.797298,1918
85.457375,27.797289,1918
85.457375,27.79728,1918
85.457375,27.79727,1918
85.45737,27.797258,1917
85.45737,27.797249,1917
85.45736,27.797241,1917
85.45736,27.797234,1917
85.45736,27.797224,1917
85.45736,27.797215,1917
85.45735,27.797205,1917
85.457344,27.797197,1916
85.457344,27.79719,1916
85.45734,27.79718,1916
85.45733,27.797173,1916
85.45733,27.797163,1916
85.45733,27.797152,1916
85.45732,27.797142,1915
85.45731,27.79713,1915
85.45731,27.797121,1915
85.4573,27.797112,1915
85.45729,27.797104,1915
85.45728,27.797096,1915
85.457275,27.797089,1914
85.45727,27.79708,1914
85.45726,27.797071,1914
85.45725,27.797064,1914
85.457245,27.797054,1914
85.45724,27.797049,1914
85.45722,27.79704,1914
85.457214,27.797035,1913
85.45721,27.797028,1913
85.45719,27.79702,1913
85.457184,27.797014,1913
85.45718,27.79701,1913
85.45716,27.797007,1913
85.457146,27.797005,1913
85.45713,27.797005,1913
85.457115,27.797005,1913
85.4571,27.797003,1913
85.45709,27.796997,1913
85.45708,27.796991,1912
85.45706,27.796986,1912
85.45705,27.79698,1912
85.45704,27.796974,1912
85.45703,27.79697,1912
85.457016,27.796965,1912
85.45701,27.796957,1912
85.457,27.796947,1912
85.456985,27.796936,1911
85.45698,27.796926,1911
85.45697,27.796919,1911
85.456955,27.796911,1911
85.45695,27.796904,1911
85.45695,27.796898,1911
85.45694,27.796894,1910
85.45694,27.796888,1910
85.45694,27.796885,1910
85.45694,27.79688,1910
85.45694,27.796877,1910
85.45694,27.796875,1909
85.45694,27.796873,1909
85.45694,27.796871,1909
85.45694,27.79687,1909
85.45693,27.796865,1908
85.456924,27.796862,1908
85.4569,27.796846,1908
85.4569,27.796843,1908
85.45689,27.796831,1908
85.45688,27.79683,1907
85.45688,27.796825,1907
85.45687,27.796824,1907
85.456856,27.796822,1906
85.45685,27.79682,1906
85.45684,27.796818,1906
85.45683,27.796814,1906
85.456825,27.79681,1906
85.45682,27.796806,1906
85.45681,27.7968,1905
85.45681,27.796797,1905
85.4568,27.796791,1905
85.456795,27.796787,1905
85.45679,27.796783,1905
85.45679,27.79678,1905
85.45678,27.796768,1905
85.45678,27.796766,1904
85.45678,27.796764,1904
85.456764,27.796762,1904
85.456764,27.796764,1903
85.45676,27.796766,1903
85.45675,27.796766,1903
85.45675,27.796764,1903
85.45675,27.796762,1902
85.45675,27.796753,1902
85.45675,27.796751,1902
85.45675,27.79675,1902
85.45675,27.796736,1902
85.45675,27.796734,1902
85.45675,27.796724,1901
85.45675,27.796722,1901
85.45676,27.796717,1900
85.45676,27.796711,1900
85.45676,27.796705,1900
85.456764,27.7967,1900
85.456764,27.79669,1899
85.456764,27.796682,1899
85.45676,27.796675,1899
85.45676,27.796667,1899
85.45675,27.796661,1899
85.45675,27.796656,1898
85.45675,27.79665,1898
85.45674,27.796646,1898
85.45674,27.79664,1898
85.45674,27.796635,1898
85.45674,27.796629,1897
85.45674,27.796621,1897
85.45674,27.796614,1897
85.45674,27.796606,1897
85.45674,27.7966,1896
85.45674,27.796593,1896
85.45674,27.796587,1896
85.45675,27.796581,1896
85.45675,27.796576,1896
85.45676,27.796568,1895
85.45676,27.79656,1895
85.45676,27.796556,1894
85.45676,27.79655,1894
85.45676,27.796545,1894
85.45676,27.79654,1894
85.45676,27.796535,1894
85.45676,27.796522,1893
85.45676,27.796515,1893
85.45676,27.796513,1893
85.45676,27.796509,1893
85.45676,27.796505,1892
85.45676,27.7965,1892
85.45676,27.796492,1892
85.45676,27.796484,1892
85.45676,27.796478,1891
85.45676,27.796474,1891
85.456764,27.796469,1891
85.456764,27.79646,1891
85.456764,27.796446,1890
85.45677,27.79643,1890
85.45677,27.796415,1890
85.45677,27.7964,1890
85.456764,27.796385,1890
85.456764,27.796371,1890
85.45676,27.796362,1890
85.45675,27.796352,1890
85.45674,27.796343,1889
85.45674,27.796333,1889
85.45673,27.796324,1889
85.45673,27.796314,1889
85.456726,27.796303,1889
85.456726,27.79629,1889
85.456726,27.796276,1889
85.456726,27.796267,1889
85.45672,27.796257,1888
85.45672,27.796246,1888
85.45672,27.796236,1888
85.45672,27.796225,1888
85.45672,27.796213,1888
85.45672,27.796202,1887
85.45672,27.796188,1887
85.45672,27.796177,1887
85.45672,27.796167,1887
85.45672,27.796158,1887
85.45672,27.79615,1887
85.45671,27.796144,1887
85.45671,27.796139,1887
85.45671,27.796133,1886
85.45671,27.796125,1886
85.45671,27.796116,1886
85.45671,27.796104,1886
85.45671,27.796093,1886
85.45672,27.796083,1886
85.45672,27.796074,1886
85.45671,27.796062,1886
85.45671,27.796051,1885
85.45671,27.796041,1885
85.45671,27.796028,1885
85.4567,27.796019,1885
85.4567,27.796007,1885
85.456696,27.796,1885
85.456696,27.79598,1885
85.456696,27.795979,1885
85.4567,27.795979,1885
85.45672,27.795977,1885
85.45671,27.795975,1885
85.4567,27.795973,1885
85.456696,27.795969,1885
85.45669,27.795963,1885
85.45667,27.795958,1885
85.456665,27.79595,1885
85.45665,27.795944,1885
85.456635,27.795938,1885
85.45663,27.795933,1885
85.45661,27.795927,1885
85.456604,27.795925,1885
85.4566,27.795921,1885
85.45659,27.795918,1885
85.45657,27.795912,1885
85.45656,27.795906,1885
85.45655,27.795897,1885
85.456535,27.795889,1885
85.45652,27.795877,1885
85.45651,27.795868,1885
85.456505,27.795858,1885
85.4565,27.795847,1885
85.45649,27.795837,1885
85.45649,27.795828,1885
85.45649,27.795818,1885
85.45649,27.79581,1885
85.45649,27.795803,1885
85.45649,27.7958,1885
85.45649,27.795794,1885
85.45649,27.795786,1885
85.45649,27.795776,1885
85.45649,27.795769,1885
85.4565,27.79576,1885
85.456505,27.795752,1885
85.456505,27.795744,1885
85.45651,27.795736,1885
85.45652,27.795729,1885
85.45652,27.79572,1885
85.45653,27.79571,1885
85.45653,27.795698,1885
85.45653,27.795687,1885
85.45653,27.795673,1885
85.45653,27.795662,1885
85.45653,27.79565,1885
85.45653,27.795639,1885
85.45653,27.79563,1885
85.45653,27.795618,1885
85.45652,27.795609,1885
85.45652,27.795599,1885
85.45652,27.79559,1885
85.45652,27.79558,1885
85.45652,27.79557,1885
85.45651,27.795559,1885
85.45651,27.79555,1885
85.45651,27.79554,1885
85.456505,27.79553,1885
85.456505,27.795523,1885
85.4565,27.795513,1885
85.4565,27.795504,1885
85.45649,27.795494,1885
85.45649,27.795483,1885
85.45648,27.795471,1885
85.45647,27.795464,1885
85.45646,27.795456,1885
85.45644,27.795452,1885
85.456436,27.79545,1885
85.45643,27.79545,1885
85.45641,27.795448,1885
85.456406,27.795443,1885
85.4564,27.795435,1885
85.45639,27.79543,1885
85.45638,27.795422,1885
85.45638,27.795414,1885
85.456375,27.795408,1885
85.456375,27.795403,1885
85.45637,27.795397,1885
85.45636,27.795391,1885
85.45635,27.795385,1885
85.456345,27.795378,1885
85.45634,27.79537,1885
85.45633,27.795362,1885
85.45632,27.795355,1885
85.456314,27.795347,1885
85.45631,27.79534,1885
85.4563,27.795332,1884
85.45629,27.795328,1884
85.45628,27.795324,1884
85.45627,27.79532,1884
85.45626,27.795315,1884
85.45625,27.79531,1884
85.456245,27.795303,1884
85.45624,27.795296,1884
85.45623,27.795288,1884
85.45623,27.79528,1884
85.45622,27.795273,1884
85.456215,27.795267,1884
85.456215,27.795263,1884
85.45621,27.795258,1884
85.45621,27.79525,1884
85.4562,27.795244,1883
85.45619,27.795237,1883
85.456184,27.795229,1883
85.45618,27.795225,1883
85.45616,27.795221,1883
85.456154,27.795218,1883
85.45614,27.795212,1883
85.45613,27.795208,1883
85.45612,27.795202,1883
85.456116,27.795197,1883
85.45611,27.79519,1883
85.45609,27.795183,1883
85.456085,27.795177,1883
85.45608,27.79517,1882
85.45607,27.795162,1882
85.45606,27.795156,1882
85.456055,27.795147,1882
85.45605,27.795137,1882
85.45604,27.795128,1882
85.45603,27.79512,1882
85.45603,27.795113,1881
85.456024,27.795105,1881
85.456024,27.7951,1881
85.45602,27.795094,1881
85.45602,27.795088,1881
85.45601,27.795084,1881
85.456,27.795082,1881
85.45599,27.79508,1881
85.455986,27.795078,1881
85.45598,27.795078,1881
85.45597,27.795074,1881
85.45597,27.795067,1881
85.45596,27.79506,1881
85.455956,27.795053,1881
85.45595,27.795048,1881
85.45594,27.79504,1881
85.45593,27.795033,1881
85.45593,27.795025,1881
85.45592,27.795015,1881
85.45591,27.795008,1881
85.4559,27.795,1881
85.4559,27.79499,1881
85.455894,27.794983,1881
85.45589,27.794973,1881
85.45588,27.794962,1881
85.45588,27.79495,1881
85.45588,27.79494,1881
85.45588,27.794933,1881
85.45587,27.794926,1881
85.45587,27.794916,1881
85.45587,27.794909,1881
85.455864,27.794903,1881
85.45586,27.7949,1881
85.45584,27.794891,1881
85.45584,27.794888,1881
85.45583,27.794884,1881
85.455826,27.79487,1881
85.455826,27.794868,1881
85.455826,27.794867,1881
85.45582,27.794863,1881
85.45581,27.794857,1881
85.455795,27.794851,1881
85.45579,27.794842,1879
85.45577,27.79483,1879
85.455765,27.794817,1879
85.45576,27.794802,1879
85.45575,27.794786,1879
85.455734,27.794771,1878
85.45573,27.794754,1878
85.45573,27.794739,1878
85.45572,27.794722,1878
85.45571,27.794704,1878
85.45571,27.79469,1878
85.4557,27.794676,1878
85.4557,27.794664,1878
85.455696,27.794653,1878
85.455696,27.794643,1877
85.455696,27.794634,1877
85.455696,27.794626,1877
85.45569,27.794617,1877
85.45569,27.794607,1877
85.45569,27.794598,1877
85.45569,27.794584,1877
85.45568,27.79457,1877
85.45567,27.794556,1877
85.455666,27.794542,1877
85.455666,27.794529,1877
85.45566,27.794516,1877
85.45565,27.794502,1877
85.45565,27.794493,1877
85.45565,27.794481,1876
85.45565,27.794472,1876
85.45565,27.794462,1876
85.45565,27.794455,1876
85.45565,27.794447,1876
85.45565,27.79444,1876
85.45565,27.794434,1876
85.45564,27.794426,1876
85.45564,27.794416,1876
85.45565,27.794407,1876
85.45565,27.794395,1876
85.45564,27.794382,1876
85.45564,27.794369,1876
85.45564,27.794355,1876
85.45565,27.794342,1876
85.45565,27.79433,1876
85.45565,27.794317,1876
85.45565,27.794306,1876
85.45565,27.794294,1876
85.45565,27.794283,1876
85.45564,27.794271,1876
85.45564,27.79426,1876
85.45564,27.794249,1876
85.455635,27.794237,1876
85.455635,27.794226,1876
85.45563,27.794212,1876
85.45563,27.794199,1876
85.45563,27.794184,1876
85.45563,27.79417,1876
85.45562,27.794159,1876
85.45562,27.794147,1876
85.45562,27.794136,1876
85.45562,27.794125,1876
85.45561,27.794113,1876
85.45561,27.794104,1876
85.45561,27.794092,1876
85.45561,27.794085,1876
85.455605,27.794073,1876
85.455605,27.794064,1876
85.455605,27.794052,1876
85.455605,27.794043,1876
85.455605,27.794033,1876
85.455605,27.794022,1877
85.455605,27.794012,1877
85.455605,27.794003,1877
85.455605,27.793993,1877
85.455605,27.793983,1877
85.4556,27.793978,1877
85.4556,27.79397,1877
85.4556,27.793962,1877
85.4556,27.793953,1877
85.45559,27.793941,1877
85.45559,27.793934,1877
85.45558,27.793926,1877
85.455574,27.793917,1877
85.455574,27.793905,1877
85.45557,27.793894,1877
85.45556,27.793884,1877
85.45554,27.793875,1877
85.455536,27.793867,1877
85.45553,27.793861,1877
85.45552,27.793854,1877
85.45551,27.793846,1877
85.4555,27.793837,1877
85.45549,27.793827,1877
85.45549,27.793816,1877
85.45548,27.793806,1877
85.455475,27.793797,1877
85.45547,27.79379,1877
85.45546,27.793785,1877
85.45545,27.793781,1877
85.45544,27.793776,1877
85.45543,27.79377,1877
85.45542,27.793764,1877
85.455414,27.79376,1877
85.4554,27.793756,1877
85.45539,27.793755,1877
85.455376,27.79375,1877
85.45537,27.793747,1877
85.45536,27.793743,1877
85.45535,27.79374,1877
85.455345,27.793734,1877
85.45534,27.79373,1877
85.45533,27.793724,1877
85.455315,27.793718,1877
85.45531,27.793718,1877
85.4553,27.793715,1877
85.455284,27.79371,1877
85.45528,27.793707,1877
85.45526,27.793705,1877
85.45525,27.793703,1878
85.45524,27.7937,1878
85.45523,27.793694,1878
85.45522,27.793686,1878
85.455215,27.793678,1878
85.45521,27.793673,1878
85.4552,27.793667,1878
85.455185,27.79366,1878
85.45518,27.793652,1878
85.45517,27.793644,1878
85.45516,27.79363,1878
85.455154,27.793617,1878
85.455154,27.793602,1878
85.45515,27.793587,1878
85.45515,27.793571,1878
85.45514,27.793554,1878
85.45513,27.793541,1878
85.455124,27.79353,1878
85.45512,27.79352,1878
85.45511,27.79351,1878
85.4551,27.793505,1878
85.45509,27.793499,1878
85.45508,27.793493,1878
85.45508,27.79349,1877
85.45507,27.793486,1877
85.45506,27.793478,1877
85.45506,27.79347,1877
85.455055,27.793467,1876
85.45505,27.79346,1876
85.45504,27.793457,1876
85.45503,27.79345,1876
85.45503,27.793442,1876
85.455025,27.793436,1876
85.45502,27.793432,1875
85.45502,27.793427,1875
85.45501,27.793425,1875
85.455,27.793423,1875
85.45499,27.79342,1875
85.45498,27.793419,1875
85.45497,27.793413,1874
85.45496,27.793406,1874
85.454956,27.793398,1874
85.45494,27.793394,1874
85.45493,27.793388,1874
85.454926,27.793383,1874
85.45491,27.793377,1874
85.4549,27.793373,1874
85.45489,27.793367,1874
85.45487,27.79336,1874
85.454865,27.793352,1874
85.45485,27.793346,1874
85.45484,27.793339,1874
85.45483,27.793331,1874
85.45482,27.793325,1874
85.4548,27.793324,1874
85.45479,27.793322,1874
85.45477,27.793318,1873
85.454765,27.793318,1873
85.45475,27.793316,1873
85.45474,27.793312,1873
85.45473,27.793308,1873
85.45472,27.793304,1873
85.454704,27.793303,1873
85.45469,27.7933,1873
85.45468,27.793299,1873
85.454666,27.793299,1873
85.45465,27.793299,1873
85.45464,27.7933,1873
85.45463,27.793303,1873
85.45462,27.793304,1873
85.454605,27.793306,1873
85.45459,27.793308,1873
85.454575,27.79331,1873
85.45456,27.793308,1873
85.45454,27.793308,1873
85.45452,27.793306,1873
85.454506,27.793306,1873
85.45449,27.793308,1873
85.454475,27.793308,1873
85.45447,27.79331,1873
85.45445,27.79331,1873
85.45444,27.79331,1873
85.45442,27.79331,1873
85.454414,27.793306,1873
85.45441,27.793304,1873
85.45439,27.793303,1873
85.454384,27.7933,1873
85.45438,27.793299,1873
85.45437,27.793297,1873
85.45435,27.793297,1873
85.45434,27.793297,1873
85.45433,27.793297,1873
85.454315,27.793291,1873
85.4543,27.79329,1873
85.45429,27.793283,1873
85.45428,27.793278,1873
85.45427,27.79327,1873
85.454254,27.793262,1873
85.45425,27.793255,1873
85.45424,27.793245,1873
85.45423,27.793232,1873
85.45422,27.79322,1873
85.454216,27.79321,1873
85.45421,27.793201,1873
85.45419,27.793198,1873
85.454185,27.793194,1873
85.45417,27.793194,1873
85.45416,27.793192,1873
85.454155,27.793188,1873
85.45415,27.793186,1873
85.45414,27.793184,1873
85.45413,27.79318,1873
85.454124,27.793175,1873
85.45411,27.793167,1873
85.4541,27.793156,1873
85.45409,27.793146,1873
85.45408,27.793135,1873
85.45408,27.793123,1873
85.45407,27.79311,1873
85.45406,27.793102,1873
85.454056,27.793098,1873
85.45404,27.793095,1874
85.45403,27.79309,1874
85.45402,27.793087,1874
85.45401,27.793083,1874
85.454,27.793081,1874
85.453995,27.793083,1874
85.45398,27.793085,1874
85.45397,27.793085,1874
85.45396,27.793085,1874
85.45395,27.793083,1874
85.45394,27.793085,1874
85.45393,27.793083,1874
85.45393,27.793076,1874
85.453926,27.793068,1874
85.45392,27.793058,1874
85.45391,27.79305,1874
85.453896,27.793043,1874
85.45389,27.793037,1874
85.45388,27.793032,1874
85.453865,27.79303,1874
85.45385,27.793024,1874
85.45384,27.793018,1874
85.453835,27.793009,1874
85.45382,27.793001,1874
85.45381,27.792994,1874
85.453804,27.792988,1874
85.45379,27.79298,1874
85.45378,27.792974,1874
85.45377,27.792967,1874
85.453766,27.79296,1874
85.45376,27.792952,1874
85.45374,27.792942,1874
85.453735,27.79293,1874
85.45373,27.792923,1874
85.45372,27.792917,1874
85.453705,27.79291,1874
85.45369,27.792906,1874
85.45368,27.792898,1874
85.45367,27.792889,1874
85.45366,27.792881,1874
85.45364,27.792873,1874
85.453636,27.792864,1874
85.45363,27.792852,1874
85.45362,27.792841,1874
85.45361,27.792833,1874
85.453606,27.792824,1874
85.453606,27.792812,1874
85.4536,27.792805,1873
85.45358,27.792795,1873
85.453575,27.792784,1873
85.45357,27.792776,1873
85.45355,27.792768,1872
85.453545,27.79276,1872
85.45353,27.792753,1872
85.45352,27.792747,1872
85.45351,27.792738,1872
85.4535,27.792728,1872
85.45349,27.792717,1872
85.45348,27.792704,1872
85.453476,27.79269,1872
85.45347,27.792679,1872
85.45346,27.792671,1872
85.45345,27.792665,1872
85.45344,27.792662,1871
85.45342,27.79266,1871
85.453415,27.792654,1871
85.4534,27.79265,1871
85.453384,27.792645,1871
85.45337,27.792639,1871
85.45336,27.792633,1871
85.45335,27.792624,1871
85.45334,27.792618,1871
85.45333,27.79261,1871
85.45332,27.792603,1871
85.453316,27.792597,1871
85.45331,27.79259,1871
85.45329,27.792583,1871
85.453285,27.792582,1871
85.45327,27.792578,1871
85.45326,27.792574,1871
85.453255,27.792572,1871
85.45324,27.79257,1871
85.45323,27.792568,1871
85.453224,27.792568,1871
85.45322,27.792564,1871
85.45322,27.792559,1871
85.45321,27.792555,1871
85.4532,27.79255,1871
85.45319,27.792543,1871
85.453186,27.792534,1871
85.45318,27.792524,1871
85.45317,27.792513,1871
85.45316,27.792505,1871
85.45315,27.7925,1871
85.45313,27.792496,1871
85.45312,27.792492,1871
85.4531,27.792486,1871
85.45309,27.79248,1871
85.45307,27.792475,1871
85.453064,27.792469,1871
85.45305,27.792463,1871
85.45304,27.792458,1871
85.453026,27.792448,1871
85.45302,27.79244,1871
85.45301,27.792433,1871
85.453,27.792425,1871
85.45299,27.79242,1871
85.45298,27.792412,1871
85.45297,27.792406,1871
85.452965,27.792398,1871
85.45296,27.79239,1871
85.45296,27.792383,1871
85.45295,27.792377,1871
85.45294,27.79237,1871
85.452934,27.792364,1871
85.45293,27.792358,1871
85.45292,27.79235,1871
85.45291,27.792345,1871
85.4529,27.79234,1871
85.452896,27.792332,1871
85.45288,27.792326,1871
85.45287,27.792322,1871
85.452866,27.79232,1871
85.45285,27.792318,1871
85.45284,27.792316,1871
85.45283,27.792315,1871
85.45282,27.792315,1871
85.452805,27.792313,1871
85.45279,27.792313,1871
85.452774,27.792313,1871
85.45277,27.792313,1871
85.45275,27.792315,1871
85.452736,27.79231,1871
85.45273,27.792307,1871
85.45272,27.792303,1871
85.45271,27.792301,1871
85.4527,27.792295,1871
85.45269,27.792292,1871
85.45268,27.792284,1871
85.45267,27.792274,1871
85.45266,27.792267,1871
85.45265,27.79226,1871
85.452644,27.792253,1871
85.45263,27.792248,1871
85.45262,27.792242,1871
85.45261,27.792236,1871
85.45259,27.79223,1871
85.45258,27.792227,1871
85.45257,27.792223,1871
85.45255,27.792221,1871
85.452545,27.79222,1871
85.45253,27.792217,1872
85.45252,27.792215,1872
85.452515,27.792212,1872
85.4525,27.792206,1872
85.45249,27.792202,1873
85.45248,27.7922,1873
85.45247,27.792196,1873
85.45245,27.792196,1873
85.452446,27.792196,1873
85.45243,27.792196,1873
85.45242,27.792198,1873
85.452415,27.792198,1873
85.4524,27.792198,1873
85.45239,27.792196,1873
85.45238,27.792192,1873
85.45236,27.79219,1873
85.452354,27.792189,1873
85.45235,27.792185,1873
85.45233,27.792185,1873
85.452324,27.792183,1873
85.45231,27.79218,1873
85.45229,27.792175,1873
85.452286,27.792173,1873
85.45227,27.792171,1873
85.45226,27.792171,1873
85.45225,27.792171,1873
85.45224,27.792173,1873
85.452225,27.792173,1873
85.45222,27.792173,1873
85.45221,27.79217,1873
85.4522,27.792164,1873
85.452194,27.79216,1873
85.45218,27.792156,1873
85.45216,27.792152,1873
85.45215,27.792145,1873
85.45213,27.792135,1873
85.45212,27.792128,1873
85.45211,27.792118,1873
85.4521,27.792109,1873
85.45209,27.792097,1873
85.45208,27.792086,1873
85.45207,27.792076,1873
85.452065,27.792067,1873
85.452065,27.792059,1873
85.45206,27.792051,1873
85.45205,27.792046,1873
85.45204,27.79204,1873
85.45204,27.792032,1873
85.452034,27.792027,1873
85.45203,27.792019,1873
85.45202,27.792013,1873
85.45202,27.792004,1873
85.452,27.791998,1873
85.451996,27.791992,1873
85.45199,27.791986,1873
85.45198,27.791977,1873
85.45197,27.791967,1873
85.451965,27.791958,1873
85.45196,27.79195,1873
85.45195,27.79194,1873
85.45194,27.791933,1873
85.451935,27.791925,1873
85.45193,27.79192,1873
85.45192,27.791914,1873
85.451904,27.791906,1874
85.4519,27.7919,1874
85.45189,27.791895,1874
85.45187,27.79189,1874
85.451866,27.79188,1874
85.45186,27.791868,1874
85.45186,27.791855,1874
85.45185,27.791843,1874
85.45184,27.791836,1874
85.451836,27.79183,1874
85.45183,27.791824,1874
85.45182,27.791819,1874
85.45181,27.791815,1874
85.451805,27.791811,1874
85.45179,27.79181,1874
85.45178,27.791807,1874
85.451775,27.791805,1874
85.45177,27.791803,1874
85.45176,27.791798,1874
85.45175,27.791794,1874
85.451744,27.791788,1874
85.45174,27.791786,1874
85.45173,27.791788,1874
85.45171,27.791788,1874
85.451706,27.79179,1874
85.45169,27.79179,1874
85.45168,27.79179,1874
85.451675,27.79179,1874
85.45167,27.79179,1874
85.45165,27.79179,1873
85.45164,27.791792,1873
85.45163,27.791794,1873
85.45162,27.791796,1873
85.451614,27.7918,1873
85.45161,27.791801,1873
85.4516,27.791805,1873
85.45159,27.791807,1872
85.45158,27.791811,1872
85.45157,27.791815,1872
85.45155,27.79182,1872
85.451546,27.79182,1872
85.45154,27.79182,1872
85.45152,27.791819,1872
85.451515,27.791815,1872
85.45151,27.791811,1872
85.4515,27.791807,1872
85.45149,27.791805,1872
85.451485,27.791801,1872
85.45147,27.7918,1872
85.45146,27.791798,1872
85.45145,27.791796,1872
85.45144,27.791796,1872
85.45143,27.791796,1871
85.45142,27.791794,1871
85.451416,27.791792,1871
85.4514,27.791794,1871
85.4514,27.791796,1871
85.4514,27.791798,1871
85.45139,27.791796,1871
85.451385,27.791798,1870
85.45138,27.791798,1870
85.45138,27.7918,1870
85.45136,27.791805,1870
85.45136,27.7918,1870
85.451355,27.791798,1870
85.45135,27.791798,1870
85.45134,27.7918,1869
85.45134,27.791801,1869
85.45133,27.791803,1869
85.451324,27.791803,1869
85.45132,27.791803,1869
85.45131,27.791801,1869
85.4513,27.7918,1869
85.451294,27.791798,1869
85.45129,27.791794,1869
85.45128,27.79179,1869
85.45127,27.791788,1869
85.45126,27.791786,1869
85.45125,27.791786,1869
85.45124,27.791788,1869
85.45123,27.791788,1869
85.451225,27.791792,1869
85.45121,27.791796,1869
85.4512,27.7918,1869
85.45119,27.791801,1869
85.45118,27.791803,1869
85.451164,27.791805,1869
85.45116,27.791807,1868
85.45115,27.79181,1868
85.45114,27.79181,1868
85.45113,27.79181,1868
85.451126,27.791811,1868
85.45112,27.79181,1868
85.45111,27.791807,1868
85.451096,27.791805,1868
85.45109,27.791805,1867
85.45108,27.791807,1867
85.45107,27.79181,1867
85.45106,27.791813,1867
85.45105,27.791817,1867
85.45104,27.79182,1867
85.451035,27.791824,1867
85.45103,27.791824,1866
85.45102,27.791826,1866
85.451004,27.791824,1866
85.45099,27.791819,1866
85.45097,27.791815,1866
85.450966,27.791805,1866
85.45096,27.791796,1866
85.45095,27.791786,1866
85.45095,27.79178,1866
85.45095,27.791773,1866
85.45095,27.791765,1866
85.45095,27.791758,1867
85.45095,27.79175,1867
85.45095,27.791742,1867
85.45096,27.791735,1867
85.450966,27.791729,1867
85.450966,27.791721,1867
85.450966,27.791712,1868
85.450966,27.791704,1868
85.450966,27.791697,1868
85.450966,27.79169,1868
85.45096,27.791685,1868
85.45096,27.79168,1868
85.45095,27.791676,1869
85.45094,27.79167,1869
85.450935,27.791662,1869
85.45093,27.791656,1869
85.45092,27.79165,1869
85.45091,27.791645,1869
85.450905,27.79164,1869
85.4509,27.791634,1869
85.45089,27.791628,1870
85.45088,27.791624,1870
85.450874,27.79162,1870
85.450874,27.791615,1870
85.45087,27.791609,1870
85.45086,27.791601,1870
85.45085,27.791594,1870
85.45084,27.791586,1871
85.45084,27.791578,1871
85.450836,27.791573,1871
85.45083,27.791567,1871
85.45082,27.791563,1871
85.45081,27.791557,1871
85.4508,27.79155,1871
85.45078,27.791538,1871
85.45077,27.791525,1871
85.45075,27.791515,1871
85.450745,27.791508,1872
85.45073,27.791502,1872
85.45072,27.791498,1872
85.45071,27.791492,1872
85.4507,27.791487,1872
85.45069,27.791477,1872
85.45068,27.79147,1872
85.450676,27.791464,1872
85.45067,27.791456,1872
85.45067,27.791447,1872
85.45066,27.791437,1872
85.45066,27.791424,1872
85.45066,27.791412,1872
85.45065,27.7914,1872
85.450645,27.79139,1872
85.450645,27.79138,1871
85.45064,27.791368,1871
85.45063,27.791355,1871
85.450615,27.791344,1871
85.45061,27.791332,1870
85.4506,27.791325,1870
85.45059,27.791319,1870
85.450584,27.791313,1870
85.45058,27.791311,1870
85.45056,27.79131,1870
85.450554,27.791307,1869
85.45054,27.791306,1869
85.45053,27.791306,1869
85.450516,27.791307,1869
85.45051,27.79131,1869
85.45049,27.791311,1869
85.450485,27.791313,1869
85.45047,27.791315,1868
85.450455,27.791315,1868
85.45044,27.791315,1868
85.45043,27.791313,1868
85.45042,27.791311,1868
85.4504,27.79131,1868
85.45039,27.791307,1867
85.45038,27.791306,1867
85.45037,27.791304,1867
85.450356,27.791302,1867
85.45035,27.791302,1867
85.45034,27.791302,1867
85.450325,27.7913,1867
85.45031,27.7913,1866
85.4503,27.7913,1866
85.45029,27.7913,1866
85.45028,27.791298,1866
85.45027,27.791298,1866
85.450264,27.791296,1866
85.45026,27.791294,1866
85.45025,27.791294,1866
85.45024,27.791294,1866
85.45023,27.791294,1866
85.45022,27.791298,1866
85.45021,27.7913,1866
85.4502,27.7913,1866
85.45019,27.791304,1866
85.45018,27.791307,1865
85.45017,27.79131,1865
85.45016,27.791311,1865
85.45015,27.791313,1865
85.45014,27.791317,1865
85.450134,27.791319,1865
85.45013,27.791323,1865
85.45011,27.791327,1864
85.450096,27.79133,1864
85.45009,27.791336,1864
85.45008,27.79134,1864
85.45007,27.791344,1864
85.45006,27.79135,1864
85.45005,27.791353,1864
85.45004,27.791359,1863
85.450035,27.791363,1863
85.45002,27.791367,1863
85.45001,27.791368,1863
85.450005,27.791372,1863
85.45,27.791378,1863
85.44998,27.791384,1863
85.449974,27.79139,1862
85.44997,27.791395,1862
85.44995,27.7914,1862
85.449936,27.791407,1862
85.44993,27.79141,1861
85.44991,27.791414,1861
85.4499,27.79142,1861
85.44988,27.791426,1861
85.449875,27.791433,1861
85.44986,27.79144,1861
85.449844,27.791445,1860
85.44983,27.79145,1860
85.44982,27.791454,1860
85.44981,27.791454,1860
85.4498,27.79145,1860
85.44979,27.791447,1860
85.449776,27.791443,1860
85.44977,27.791437,1860
85.44975,27.791435,1859
85.449745,27.791435,1859
85.44973,27.791437,1859
85.44972,27.79144,1859
85.44971,27.791441,1859
85.44969,27.791443,1859
85.44968,27.791447,1859
85.44967,27.791449,1859
85.44965,27.791449,1858
85.449646,27.791447,1858
85.44963,27.791447,1858
85.44962,27.791447,1858
85.44961,27.791447,1858
85.4496,27.791449,1858
85.44959,27.791447,1857
85.44958,27.791443,1857
85.44957,27.791441,1857
85.44956,27.79144,1857
85.449554,27.791433,1857
85.44954,27.791433,1857
85.44953,27.791433,1857
85.449524,27.791435,1856
85.44952,27.79144,1856
85.44951,27.791441,1856
85.44949,27.791443,1856
85.449486,27.791447,1856
85.44948,27.79145,1856
85.44946,27.791452,1856
85.449455,27.791454,1856
85.44944,27.791458,1856
85.44943,27.791462,1856
85.449425,27.791466,1856
85.44942,27.791473,1856
85.4494,27.791477,1856
85.449394,27.791483,1856
85.44938,27.791487,1856
85.44937,27.791492,1856
85.449356,27.791502,1855
85.44935,27.79151,1855
85.44933,27.791515,1855
85.449326,27.791521,1855
85.44931,27.791525,1855
85.4493,27.79153,1855
85.44929,27.791538,1855
85.44928,27.791544,1855
85.44927,27.791548,1855
85.44926,27.791552,1855
85.44926,27.791557,1855
85.449234,27.79157,1855
85.449234,27.791573,1855
85.44923,27.791576,1855
85.44921,27.79158,1855
85.4492,27.791584,1855
85.44918,27.791588,1855
85.449165,27.791592,1855
85.44915,27.791594,1855
85.449135,27.791595,1855
85.44912,27.791595,1855
85.449104,27.791595,1855
85.4491,27.791597,1855
85.44909,27.791597,1855
85.44908,27.791597,1855
85.44907,27.791597,1855
85.44907,27.791594,1855
85.449066,27.791588,1855
85.449066,27.79158,1855
85.449066,27.791573,1855
85.449066,27.791569,1855
85.44906,27.791567,1855
85.44906,27.791563,1855
85.44905,27.791561,1855
85.44905,27.79156,1855
85.449036,27.791553,1855
85.449036,27.791552,1855
85.44903,27.791548,1855
85.44903,27.791546,1855
85.44902,27.79154,1855
85.44902,27.791536,1855
85.44901,27.791534,1854
85.44901,27.79153,1854
85.449005,27.791529,1854
85.449,27.791525,1854
85.44899,27.791521,1853
85.44898,27.791517,1853
85.448975,27.791512,1853
85.448975,27.791508,1853
85.44897,27.791502,1853
85.44896,27.7915,1853
85.44895,27.791498,1853
85.44895,27.791494,1853
85.44895,27.791489,1853
85.448944,27.791485,1853
85.44894,27.79148,1853
85.44894,27.791473,1853
85.44892,27.791468,1853
85.44892,27.79146,1853
85.44891,27.791454,1853
85.448906,27.79145,1853
85.4489,27.791445,1853
85.44889,27.791441,1853
85.44888,27.791435,1853
85.448875,27.79143,1853
85.448875,27.791424,1853
85.44887,27.791418,1853
85.44886,27.791414,1853
85.44886,27.791409,1853
85.44885,27.791403,1853
85.448845,27.791399,1853
85.448845,27.791391,1853
85.448845,27.791384,1853
85.448845,27.791376,1853
85.44884,27.791365,1853
85.44884,27.791353,1853
85.44883,27.791342,1853
85.44883,27.79133,1853
85.44883,27.79132,1853
85.44882,27.791311,1853
85.44882,27.791304,1853
85.448814,27.791294,1853
85.448814,27.791285,1853
85.448814,27.791273,1853
85.448814,27.791264,1853
85.448814,27.791254,1853
85.44881,27.791246,1853
85.44881,27.79124,1853
85.44881,27.791235,1853
85.44881,27.791233,1853
85.4488,27.79123,1853
85.44879,27.791224,1853
85.44879,27.791222,1853
85.44879,27.791218,1853
85.44879,27.791212,1853
85.44879,27.791203,1853
85.44879,27.791191,1853
85.448784,27.79118,1853
85.448784,27.791172,1853
85.448784,27.791162,1853
85.448784,27.79115,1853
85.448784,27.791138,1853
85.44879,27.791124,1853
85.44879,27.791113,1853
85.448784,27.791101,1853
85.44879,27.791092,1853
85.44879,27.791082,1853
85.44879,27.791075,1853
85.44879,27.791069,1853
85.44879,27.791063,1853
85.44879,27.791056,1853
85.44879,27.79105,1852
85.4488,27.79104,1852
85.4488,27.79103,1852
85.4488,27.791021,1852
85.4488,27.791014,1852
85.44881,27.791006,1852
85.44881,27.790998,1852
85.448814,27.79099,1852
85.44882,27.790983,1852
85.44883,27.790974,1852
85.44883,27.790966,1852
85.44883,27.790956,1852
85.44884,27.790945,1852
85.44884,27.790934,1852
85.44884,27.790922,1852
85.44884,27.79091,1852
85.44884,27.7909,1852
85.448845,27.790888,1852
85.448845,27.790878,1852
85.448845,27.790867,1852
85.44885,27.790855,1852
85.44885,27.790844,1852
85.44885,27.790833,1852
85.44885,27.79082,1852
85.44885,27.790806,1852
85.44886,27.790794,1852
85.44886,27.790783,1852
85.44886,27.79077,1852
85.44886,27.790758,1852
85.44886,27.790747,1852
85.44886,27.790735,1852
85.44886,27.790726,1852
85.44885,27.790714,1852
85.44885,27.790703,1852
85.44885,27.790691,1852
85.44885,27.79068,1852
85.44885,27.790668,1852
85.44885,27.790657,1852
85.44885,27.790646,1852
85.44886,27.790634,1852
85.44886,27.790625,1852
85.44887,27.790615,1852
85.44887,27.790606,1850
85.448875,27.790594,1850
85.448875,27.790579,1850
85.44888,27.790564,1850
85.44888,27.790548,1850
85.44889,27.790537,1850
85.44889,27.790525,1849
85.44889,27.790516,1849
85.44889,27.790508,1849
85.4489,27.790503,1849
85.448906,27.790497,1849
85.448906,27.79049,1849
85.44891,27.790478,1849
85.44892,27.790464,1849
85.44892,27.790451,1849
85.44893,27.79044,1849
85.44893,27.790428,1849
85.44894,27.790417,1849
85.448944,27.790405,1849
85.448944,27.790392,1849
85.44895,27.790377,1849
85.44895,27.790361,1849
85.44896,27.790346,1849
85.44897,27.790329,1849
85.448975,27.790312,1849
85.44898,27.790298,1849
85.44898,27.790285,1849
85.44899,27.790272,1849
85.44899,27.79026,1849
85.44899,27.79025,1849
85.449,27.790237,1849
85.449,27.790224,1849
85.449005,27.79021,1849
85.449005,27.790197,1849
85.449005,27.790186,1849
85.44901,27.790173,1849
85.44901,27.790161,1849
85.44901,27.79015,1849
85.44901,27.79014,1849
85.44901,27.790133,1849
85.449005,27.790127,1849
85.44899,27.790125,1849
85.44898,27.790123,1849
85.448975,27.790123,1849
85.44896,27.79012,1849
85.44895,27.790113,1849
85.448944,27.790106,1849
85.44894,27.790098,1849
85.44894,27.79009,1849
85.44893,27.790083,1849
85.44892,27.790077,1849
85.44891,27.79007,1849
85.44891,27.790064,1849
85.448906,27.790058,1849
85.4489,27.790054,1849
85.44889,27.79005,1849
85.44888,27.790049,1849
85.448875,27.790047,1849
85.44887,27.790045,1849
85.44886,27.790041,1849
85.44886,27.790037,1849
85.44885,27.790031,1849
85.448845,27.790026,1849
85.44884,27.79002,1849
85.44884,27.790012,1849
85.44883,27.790007,1847
85.448814,27.79,1847
85.44881,27.789995,1847
85.4488,27.78999,1847
85.44879,27.789982,1847
85.44878,27.789974,1847
85.44877,27.789967,1847
85.44876,27.789959,1847
85.44875,27.789951,1847
85.44875,27.789944,1847
85.448746,27.789938,1847
85.44874,27.789934,1847
85.44874,27.789928,1847
85.44873,27.789923,1847
85.44872,27.789915,1847
85.448715,27.789906,1847
85.44871,27.789896,1847
85.44869,27.789886,1847
85.448685,27.789875,1847
85.44868,27.789865,1847
85.44867,27.789856,1846
85.44866,27.78985,1846
85.448654,27.789843,1846
85.44865,27.789837,1846
85.44864,27.789831,1846
85.44863,27.789827,1846
85.448616,27.789822,1846
85.44861,27.789816,1846
85.4486,27.78981,1846
85.44859,27.789803,1846
85.448586,27.789793,1846
85.44858,27.789785,1846
85.44857,27.789776,1846
85.44856,27.789764,1846
85.448555,27.789753,1846
85.44855,27.78974,1846
85.44853,27.789728,1845
85.448524,27.789715,1845
85.44852,27.7897,1845
85.4485,27.789684,1845
85.448494,27.78967,1845
85.44849,27.789656,1845
85.44848,27.789642,1845
85.44847,27.789633,1845
85.44846,27.78962,1845
85.448456,27.78961,1845
85.44845,27.789602,1845
85.44843,27.789595,1845
85.448425,27.789587,1845
85.44841,27.789577,1845
85.4484,27.789564,1845
85.44839,27.78955,1845
85.44838,27.78954,1845
85.448364,27.789528,1845
85.44836,27.789516,1845
85.44834,27.789509,1845
85.44833,27.7895,1845
85.44832,27.789494,1845
85.44831,27.789486,1844
85.4483,27.78948,1844
85.448296,27.789474,1844
85.448296,27.789469,1844
85.44829,27.789463,1844
85.44827,27.789455,1844
85.44826,27.78945,1844
85.44825,27.78944,1844
85.448235,27.789434,1844
85.44821,27.789429,1844
85.4482,27.789425,1844
85.44819,27.78942,1844
85.44817,27.789412,1844
85.44816,27.789406,1844
85.44815,27.7894,1844
85.448135,27.789394,1844
85.44813,27.78939,1844
85.44811,27.789389,1844
85.4481,27.789385,1844
85.44808,27.789377,1844
85.448074,27.789368,1843
85.44806,27.789362,1843
85.448044,27.789356,1843
85.44804,27.789349,1843
85.44803,27.789341,1843
85.44802,27.789335,1843
85.448006,27.789328,1843
85.448,27.789318,1843
85.44798,27.789309,1843
85.44797,27.789299,1843
85.44796,27.789291,1843
85.447945,27.789284,1843
85.44794,27.789276,1843
85.44792,27.789268,1843
85.447914,27.789263,1843
85.4479,27.789257,1843
85.44788,27.789251,1843
85.44787,27.789244,1842
85.44785,27.789234,1842
85.447845,27.789227,1842
85.44784,27.789219,1842
85.44783,27.789213,1842
85.447815,27.789207,1842
85.44781,27.7892,1842
85.4478,27.789192,1842
85.44779,27.789183,1842
85.447784,27.789173,1842
85.44778,27.789164,1842
85.44777,27.789152,1842
85.44777,27.789143,1842
85.44777,27.789131,1842
85.44777,27.78912,1842
85.44776,27.789108,1842
85.44776,27.7891,1842
85.447754,27.789091,1842
85.44775,27.78908,1842
85.44774,27.78907,1842
85.44773,27.789062,1843
85.447716,27.789053,1843
85.44771,27.789045,1843
85.44769,27.789038,1843
85.447685,27.78903,1843
85.44768,27.789022,1843
85.44766,27.789017,1844
85.44766,27.789011,1844
85.447655,27.789005,1844
85.447655,27.789003,1844
85.447655,27.789,1844
85.447655,27.788998,1844
85.447655,27.788996,1844
85.447655,27.788992,1844
85.447655,27.788998,1844
85.447655,27.789001,1844
85.44765,27.789001,1844
85.44765,27.789003,1844
85.44763,27.789007,1844
85.447624,27.789007,1844
85.44762,27.789001,1844
85.44762,27.788996,1844
85.44762,27.788986,1844
85.44761,27.788973,1844
85.4476,27.788958,1844
85.44759,27.78894,1844
85.447586,27.788921,1844
85.44758,27.788906,1844
85.44757,27.788889,1844
85.447556,27.788872,1844
85.44755,27.78886,1844
85.44754,27.788849,1844
85.44754,27.78884,1844
85.447525,27.788832,1844
85.44752,27.788822,1844
85.44751,27.788813,1844
85.4475,27.788801,1844
85.447495,27.788794,1844
85.447495,27.788784,1844
85.44749,27.788776,1844
85.44748,27.788769,1844
85.44747,27.788761,1844
85.447464,27.78875,1844
85.44745,27.78874,1844
85.44744,27.78873,1844
85.44743,27.788723,1844
85.447426,27.788715,1844
85.44742,27.788706,1844
85.44742,27.788696,1844
85.44741,27.788689,1844
85.4474,27.788681,1844
85.4474,27.788671,1844
85.447395,27.788662,1844
85.44739,27.78865,1844
85.44738,27.788641,1842
85.44737,27.788631,1842
85.44736,27.788624,1842
85.44735,27.788614,1842
85.44734,27.788609,1842
85.44733,27.788605,1842
85.44732,27.7886,1842
85.4473,27.788595,1842
85.447296,27.788591,1842
85.44728,27.788588,1842
85.44727,27.788584,1842
85.44726,27.78858,1841
85.44725,27.788576,1841
85.447235,27.788572,1841
85.44723,27.788572,1841
85.44721,27.78857,1841
85.447205,27.78857,1841
85.44719,27.78857,1841
85.447174,27.788568,1841
85.44716,27.788567,1841
85.44715,27.788565,1841
85.447136,27.78856,1841
85.44712,27.788557,1841
85.44711,27.788551,1841
85.4471,27.788548,1841
85.44708,27.788538,1841
85.447075,27.78853,1841
85.44706,27.788523,1841
85.44705,27.788519,1841
85.447044,27.788515,1841
85.44704,27.78851,1841
85.44703,27.788506,1841
85.447014,27.788502,1841
85.44701,27.788496,1841
85.447,27.788492,1841
85.44699,27.788488,1841
85.44698,27.788485,1841
85.44697,27.788479,1841
85.44696,27.788475,1841
85.44695,27.78847,1841
85.446945,27.788462,1841
85.44693,27.788456,1841
85.44692,27.78845,1841
85.446915,27.788445,1841
85.44691,27.78844,1841
85.44689,27.788437,1840
85.446884,27.788435,1840
85.44688,27.788431,1840
85.44686,27.788427,1840
85.446846,27.788422,1840
85.44682,27.788416,1840
85.44681,27.788408,1840
85.44679,27.7884,1840
85.44678,27.788393,1840
85.44676,27.788385,1839
85.44675,27.788378,1839
85.44674,27.788372,1839
85.446724,27.788366,1839
85.44671,27.78836,1839
85.4467,27.788355,1839
85.446686,27.788347,1839
85.44667,27.788338,1839
85.44666,27.788328,1839
85.44665,27.788319,1839
85.44663,27.78831,1839
85.44662,27.788301,1839
85.4466,27.788292,1839
85.44659,27.78828,1838
85.44658,27.788273,1838
85.44656,27.788267,1838
85.446556,27.788261,1838
85.44654,27.788254,1838
85.44653,27.788248,1838
85.44652,27.788244,1838
85.44651,27.788239,1838
85.446495,27.788235,1838
85.44649,27.78823,1838
85.44648,27.78823,1838
85.446465,27.788229,1838
85.44646,27.788229,1838
85.44644,27.788229,1838
85.44643,27.788227,1838
85.44642,27.788223,1838
85.4464,27.788218,1838
85.44639,27.78821,1838
85.44637,27.788202,1838
85.44636,27.788197,1838
85.44634,27.78819,1838
85.44633,27.788187,1838
85.44632,27.788185,1838
85.446304,27.788183,1838
85.44629,27.788183,1838
85.44627,27.788183,1838
85.44626,27.788187,1838
85.44624,27.788187,1838
85.44623,27.788185,1838
85.44621,27.788181,1838
85.446205,27.788176,1838
85.44619,27.788174,1838
85.446175,27.788172,1838
85.44616,27.788174,1838
85.44615,27.788176,1838
85.44614,27.788183,1838
85.44611,27.788193,1838
85.4461,27.788198,1838
85.44609,27.788206,1838
85.446075,27.788214,1838
85.44606,27.788221,1838
85.44605,27.78823,1838
85.44604,27.788239,1838
85.44603,27.788244,1838
85.44602,27.78825,1838
85.44601,27.788252,1838
85.446,27.788254,1838
85.445984,27.788256,1838
85.44597,27.788256,1838
85.44596,27.788256,1838
85.445946,27.788258,1838
85.44594,27.788263,1838
85.44593,27.788269,1838
85.44592,27.788275,1838
85.445915,27.788282,1838
85.4459,27.78829,1838
85.445885,27.7883,1838
85.44587,27.788307,1838
85.44586,27.788313,1838
85.44585,27.788317,1838
85.44583,27.78832,1838
85.445816,27.788322,1838
85.44581,27.788326,1838
85.44579,27.788326,1838
85.445786,27.78833,1838
85.44577,27.788332,1838
85.445755,27.788334,1838
85.44574,27.788334,1838
85.445724,27.788334,1838
85.44572,27.788336,1838
85.4457,27.788342,1838
85.445694,27.788345,1838
85.44568,27.788351,1838
85.44567,27.788351,1838
85.445656,27.788351,1838
85.44565,27.78835,1838
85.44563,27.78835,1838
85.445625,27.78835,1838
85.44561,27.78835,1838
85.4456,27.78835,1838
85.445595,27.788347,1838
85.44558,27.788347,1838
85.44557,27.788345,1838
85.445564,27.788342,1838
85.44556,27.788338,1838
85.44554,27.788334,1838
85.44553,27.78833,1838
85.445526,27.788326,1838
85.44551,27.788324,1838
85.4455,27.788322,1838
85.44549,27.788319,1838
85.44547,27.788313,1838
85.445465,27.788307,1838
85.44545,27.788301,1838
85.445435,27.788296,1838
85.44543,27.78829,1838
85.44541,27.788284,1838
85.445404,27.788279,1838
85.4454,27.78827,1838
85.44539,27.788263,1838
85.44539,27.788254,1838
85.44538,27.788244,1837
85.44537,27.788237,1837
85.44537,27.788227,1837
85.445366,27.788218,1837
85.445366,27.788208,1837
85.44536,27.788198,1837
85.44535,27.788187,1837
85.44535,27.788174,1836
85.44535,27.788158,1836
85.44534,27.788145,1836
85.44534,27.788132,1836
85.44534,27.78812,1836
85.44534,27.78811,1836
85.44535,27.788101,1836
85.44535,27.788094,1836
85.44535,27.788086,1835
85.44534,27.788078,1835
85.44534,27.78807,1835
85.44535,27.788061,1835
85.44535,27.788052,1835
85.44535,27.788042,1835
85.44535,27.788033,1835
85.44535,27.788023,1835
85.44535,27.788012,1835
85.44536,27.788002,1835
85.44536,27.787992,1835
85.44536,27.787983,1835
85.445366,27.787973,1835
85.445366,27.787966,1835
85.445366,27.787958,1835
85.445366,27.78795,1835
85.44536,27.787943,1835
85.44536,27.787935,1835
85.44535,27.78793,1835
85.44534,27.787924,1835
85.44534,27.787916,1835
85.44534,27.78791,1835
85.445335,27.787903,1835
85.445335,27.787895,1835
85.445335,27.787888,1835
85.445335,27.78788,1835
85.445335,27.78787,1835
85.445335,27.787859,1835
85.445335,27.787846,1835
85.445335,27.787834,1835
85.445335,27.787825,1835
85.44533,27.787813,1835
85.44533,27.787804,1835
85.44532,27.787792,1835
85.44532,27.787783,1835
85.44531,27.787773,1835
85.44531,27.787764,1835
85.445305,27.787754,1835
85.445305,27.787746,1835
85.4453,27.787737,1833
85.44529,27.787727,1833
85.44529,27.78772,1833
85.44529,27.78771,1833
85.44529,27.787703,1833
85.44528,27.787693,1833
85.44528,27.787683,1833
85.445274,27.787672,1833
85.445274,27.78766,1833
85.445274,27.78765,1833
85.44528,27.787638,1833
85.44529,27.787626,1833
85.4453,27.787613,1833
85.445305,27.7876,1833
85.445305,27.787586,1833
85.44531,27.787575,1833
85.44532,27.787563,1833
85.445335,27.787554,1833
85.44534,27.787544,1833
85.44535,27.787533,1832
85.44536,27.787523,1832
85.445366,27.787512,1832
85.445366,27.787502,1832
85.44537,27.787493,1832
85.44537,27.787483,1832
85.44538,27.787472,1832
85.44538,27.78746,1832
85.44538,27.787449,1832
85.44539,27.787437,1832
85.4454,27.787426,1832
85.4454,27.787415,1832
85.4454,27.787403,1831
85.445404,27.787394,1831
85.445404,27.787382,1831
85.44541,27.787369,1831
85.44542,27.787357,1831
85.44543,27.787348,1831
85.445435,27.78734,1831
85.445435,27.787333,1831
85.44544,27.787327,1831
85.44545,27.787321,1831
85.44545,27.787313,1831
85.44546,27.787302,1831
85.445465,27.787289,1831
85.445465,27.78728,1831
85.44547,27.787264,1831
85.44548,27.78725,1831
85.44549,27.78724,1831
85.445496,27.78723,1832
85.4455,27.78722,1832
85.4455,27.78721,1832
85.4455,27.7872,1832
85.44551,27.787193,1832
85.44551,27.787188,1833
85.44552,27.78718,1833
85.44552,27.787174,1833
85.445526,27.787167,1833
85.445526,27.787159,1833
85.445526,27.78715,1833
85.445526,27.78714,1834
85.445526,27.78713,1834
85.44553,27.78712,1834
85.44553,27.787113,1834
85.44554,27.787106,1834
85.44555,27.7871,1834
85.44556,27.787098,1835
85.445564,27.787094,1835
85.44557,27.78709,1835
85.44557,27.787083,1835
85.44557,27.787077,1835
85.44558,27.78707,1835
85.44558,27.787062,1836
85.44559,27.787056,1836
85.445595,27.78705,1836
85.445595,27.787045,1836
85.4456,27.787037,1836
85.4456,27.787027,1836
85.4456,27.78702,1836
85.4456,27.78701,1836
85.4456,27.787003,1836
85.4456,27.786995,1836
85.44561,27.786985,1836
85.44561,27.786976,1836
85.44561,27.786964,1836
85.44561,27.786953,1836
85.44561,27.786942,1836
85.44561,27.786934,1836
85.44561,27.786924,1836
85.4456,27.786913,1836
85.4456,27.786903,1836
85.4456,27.78689,1836
85.4456,27.786879,1836
85.445595,27.786861,1836
85.445595,27.786844,1836
85.44559,27.786827,1836
85.44559,27.786812,1836
85.44558,27.786797,1836
85.44558,27.786781,1836
85.44557,27.786768,1836
85.44557,27.786755,1836
85.44557,27.786741,1836
85.44558,27.786728,1836
85.44558,27.786716,1836
85.44559,27.786701,1836
85.44559,27.78669,1836
85.445595,27.786676,1836
85.4456,27.786663,1836
85.44561,27.78665,1836
85.44562,27.786638,1836
85.445625,27.786627,1836
85.44563,27.786617,1836
85.44563,27.78661,1836
85.44564,27.7866,1836
85.44564,27.786592,1836
85.44565,27.786585,1836
85.44565,27.786575,1836
85.44565,27.786566,1836
85.445656,27.786556,1836
85.445656,27.786547,1836
85.44566,27.786537,1836
85.44567,27.786528,1835
85.44567,27.786516,1835
85.44568,27.786505,1835
85.44569,27.786493,1835
85.445694,27.78648,1835
85.445694,27.786467,1835
85.4457,27.786453,1835
85.44571,27.786442,1835
85.44571,27.78643,1835
85.44572,27.78642,1835
85.445724,27.786411,1834
85.44573,27.786402,1834
85.445724,27.786394,1834
85.445724,27.786386,1834
85.445724,27.786379,1834
85.445724,27.786371,1834
85.44572,27.786364,1834
85.44572,27.786356,1833
85.44572,27.786346,1833
85.44572,27.786339,1833
85.44572,27.78633,1833
85.445724,27.78632,1833
85.445724,27.78631,1833
85.44572,27.786299,1833
85.44572,27.78629,1833
85.445724,27.786278,1833
85.445724,27.786264,1833
85.445724,27.786251,1833
85.445724,27.78624,1833
85.445724,27.786228,1832
85.44572,27.786219,1832
85.44572,27.78621,1832
85.44571,27.786198,1832
85.44571,27.786186,1832
85.44571,27.786175,1832
85.4457,27.786163,1832
85.4457,27.786154,1832
85.44571,27.786142,1832
85.44571,27.78613,1832
85.44572,27.786121,1832
85.44572,27.78611,1832
85.44572,27.786098,1832
85.44572,27.786087,1832
85.44572,27.786076,1832
85.44572,27.786064,1832
85.44571,27.786053,1832
85.4457,27.786043,1832
85.445694,27.786034,1832
85.44569,27.786024,1832
85.44568,27.786013,1832
85.44566,27.786,1832
85.445656,27.78599,1832
85.44565,27.785978,1832
85.44564,27.78597,1832
85.44563,27.785961,1832
85.445625,27.785957,1832
85.44562,27.785952,1831
85.44562,27.785946,1831
85.44561,27.78594,1831
85.4456,27.785933,1831
85.445595,27.785923,1831
85.44558,27.785913,1831
85.44557,27.7859,1831
85.445564,27.785889,1830
85.44556,27.785875,1830
85.44555,27.785862,1830
85.44554,27.78585,1830
85.445526,27.785837,1830
85.44552,27.785828,1830
85.44551,27.785818,1830
85.4455,27.785809,1830
85.4455,27.785799,1829
85.445496,27.785788,1829
85.44549,27.785778,1829
85.44549,27.785769,1829
85.44548,27.785759,1829
85.44547,27.78575,1829
85.44547,27.78574,1829
85.445465,27.785728,1829
85.44546,27.78572,1829
85.44545,27.785711,1829
85.44544,27.785704,1829
85.445435,27.785698,1828
85.44543,27.78569,1828
85.44541,27.785685,1828
85.4454,27.785677,1828
85.44539,27.785671,1828
85.44537,27.785664,1828
85.445366,27.785658,1828
85.44535,27.78565,1828
85.44534,27.785645,1828
85.44533,27.785637,1828
85.44532,27.78563,1828
85.44531,27.785622,1828
85.445305,27.785612,1828
85.4453,27.785604,1828
85.44529,27.785595,1827
85.445274,27.785585,1827
85.44527,27.785578,1827
85.44526,27.78557,1827
85.445244,27.785564,1827
85.44524,27.78556,1827
85.44523,27.785559,1827
85.44522,27.785551,1827
85.445206,27.785542,1827
85.4452,27.78553,1827
85.44519,27.78552,1827
85.44518,27.785511,1827
85.445175,27.785501,1827
85.44517,27.785494,1827
85.44516,27.785486,1827
85.44515,27.785477,1826
85.44514,27.785467,1826
85.44513,27.78546,1826
85.44512,27.78545,1826
85.44511,27.785442,1826
85.4451,27.785435,1826
85.44509,27.785427,1826
85.445076,27.78542,1826
85.44507,27.785414,1826
85.44506,27.785408,1826
85.445045,27.785402,1826
85.44504,27.785393,1826
85.44503,27.785385,1826
85.44502,27.785378,1825
85.445015,27.785368,1825
85.44501,27.785357,1825
85.44501,27.785347,1825
85.445,27.785337,1825
85.44499,27.78533,1825
85.44499,27.78532,1825
85.444984,27.785313,1825
85.44498,27.785305,1825
85.44496,27.785297,1825
85.444954,27.78529,1825
85.44495,27.785284,1825
85.44494,27.785278,1825
85.44492,27.78527,1825
85.444916,27.785263,1825
85.44491,27.785254,1825
85.4449,27.785244,1825
85.44489,27.785234,1825
85.444885,27.785225,1825
85.44488,27.785215,1824
85.44487,27.785206,1824
85.44486,27.785196,1824
85.444855,27.785187,1824
85.44485,27.785177,1824
85.44484,27.785166,1824
85.44483,27.785154,1824
85.444824,27.785145,1824
85.44481,27.785135,1823
85.4448,27.785128,1823
85.44479,27.785118,1823
85.44478,27.78511,1823
85.44477,27.785103,1823
85.444756,27.785095,1822
85.44475,27.785088,1822
85.44474,27.785082,1822
85.444725,27.785076,1822
85.44472,27.785072,1822
85.44471,27.785065,1822
85.4447,27.785057,1822
85.44469,27.78505,1822
85.44468,27.785042,1822
85.44467,27.785034,1822
85.44466,27.785028,1822
85.44465,27.785023,1822
85.44464,27.785017,1822
85.44463,27.78501,1822
85.44463,27.784998,1822
85.444626,27.784988,1822
85.44462,27.78498,1822
85.4446,27.784971,1822
85.444595,27.784964,1822
85.44459,27.784954,1822
85.44458,27.784948,1822
85.44457,27.78494,1822
85.44456,27.784937,1822
85.44455,27.784931,1822
85.44454,27.784927,1822
85.444534,27.784925,1822
85.44453,27.784922,1822
85.44452,27.784918,1822
85.4445,27.784914,1822
85.44449,27.784912,1822
85.44447,27.78491,1822
85.44446,27.784908,1822
85.44445,27.784904,1822
85.444435,27.784903,1822
85.44443,27.784899,1822
85.44441,27.784897,1822
85.4444,27.784893,1822
85.44438,27.78489,1822
85.444374,27.784885,1822
85.44436,27.78488,1822
85.44434,27.784876,1822
85.444336,27.78487,1822
85.44432,27.784864,1822
85.44431,27.78486,1822
85.444305,27.784855,1822
85.4443,27.784851,1822
85.44428,27.784847,1821
85.444275,27.784843,1821
85.44427,27.784836,1821
85.44425,27.78483,1821
85.444244,27.784822,1821
85.44424,27.784813,1821
85.44422,27.784805,1821
85.444214,27.784796,1821
85.44421,27.78478,1821
85.4442,27.784765,1821
85.44419,27.784752,1821
85.44418,27.784742,1821
85.44417,27.784735,1821
85.44416,27.784725,1821
85.44415,27.784718,1821
85.444145,27.784712,1821
85.44413,27.784702,1821
85.44412,27.784695,1821
85.444115,27.784687,1821
85.4441,27.784681,1821
85.44409,27.784672,1821
85.44408,27.784666,1821
85.44407,27.784658,1821
85.44405,27.784653,1821
85.444046,27.784645,1821
85.44403,27.78464,1821
85.44402,27.784634,1821
85.444016,27.784628,1821
85.444,27.784624,1821
85.44399,27.784618,1821
85.44398,27.784615,1821
85.44397,27.784613,1821
85.443954,27.784609,1821
85.44394,27.784603,1821
85.44393,27.7846,1821
85.44392,27.784595,1821
85.4439,27.784592,1821
85.443886,27.784588,1821
85.44388,27.784586,1821
85.44386,27.784584,1821
85.44385,27.784582,1821
85.44384,27.78458,1821
85.443825,27.78458,1821
85.44381,27.78458,1821
85.4438,27.784582,1821
85.44379,27.784582,1821
85.44377,27.784582,1821
85.443756,27.784582,1821
85.44375,27.784582,1821
85.44373,27.784582,1821
85.44372,27.78458,1821
85.4437,27.784578,1821
85.443695,27.784576,1821
85.44368,27.784575,1821
85.44367,27.78457,1821
85.44365,27.784567,1821
85.44364,27.784565,1821
85.44363,27.784561,1821
85.44361,27.78456,1821
85.4436,27.784555,1821
85.44359,27.784554,1821
85.44358,27.784552,1821
85.44357,27.78455,1821
85.44356,27.784546,1821
85.44355,27.784542,1821
85.443535,27.784538,1821
85.44353,27.784534,1821
85.44352,27.784533,1821
85.44351,27.78453,1821
85.443504,27.784529,1820
85.44349,27.784527,1820
85.44348,27.784525,1820
85.44347,27.784521,1820
85.44345,27.784517,1820
85.44344,27.784515,1820
85.44343,27.784512,1820
85.44342,27.784506,1820
85.443405,27.784502,1819
85.4434,27.784498,1819
85.44339,27.784494,1819
85.443375,27.784489,1819
85.44337,27.784485,1819
85.44335,27.78448,1819
85.443344,27.784473,1819
85.44333,27.78447,1819
85.44332,27.784464,1819
85.443306,27.784456,1819
85.4433,27.78445,1819
85.44328,27.784447,1819
85.443275,27.78444,1819
85.44326,27.784431,1819
85.443245,27.784422,1819
85.44324,27.784414,1819
85.44322,27.784409,1819
85.443214,27.784405,1819
85.44321,27.7844,1819
85.4432,27.784395,1819
85.44319,27.784391,1819
85.44319,27.784386,1819
85.443184,27.784382,1819
85.44318,27.784376,1819
85.44317,27.78437,1819
85.44316,27.784365,1819
85.44315,27.784359,1819
85.443146,27.784353,1819
85.443146,27.784346,1819
85.44314,27.784342,1819
85.44313,27.784336,1819
85.44312,27.784328,1819
85.443115,27.78432,1819
85.443115,27.784313,1819
85.443115,27.784306,1819
85.44311,27.784298,1819
85.4431,27.78429,1819
85.44309,27.784283,1819
85.44309,27.784277,1819
85.44308,27.78427,1819
85.44308,27.78426,1819
85.44307,27.78425,1819
85.44307,27.784239,1819
85.44307,27.784227,1819
85.44307,27.784214,1819
85.44307,27.784204,1819
85.44307,27.784195,1819
85.44307,27.784185,1819
85.44308,27.784176,1819
85.443085,27.784166,1819
85.443085,27.784157,1819
85.443085,27.784147,1818
85.443085,27.784136,1818
85.443085,27.784124,1818
85.44308,27.784113,1818
85.44307,27.784101,1818
85.44307,27.784092,1818
85.44306,27.784082,1818
85.44306,27.784073,1818
85.44306,27.784063,1819
85.443054,27.784054,1819
85.443054,27.784044,1819
85.443054,27.784035,1819
85.443054,27.784025,1819
85.443054,27.784021,1819
85.443054,27.78402,1819
85.443054,27.784014,1819
85.443054,27.784008,1820
85.44306,27.784002,1820
85.44306,27.783995,1820
85.44306,27.783987,1820
85.44306,27.78398,1820
85.44306,27.783974,1820
85.44307,27.783966,1820
85.44308,27.783958,1820
85.44308,27.78395,1820
85.443085,27.78394,1820
85.443085,27.783928,1820
85.44309,27.783915,1820
85.44309,27.783901,1820
85.4431,27.78389,1820
85.4431,27.78388,1820
85.44311,27.78387,1820
85.44311,27.783861,1820
85.443115,27.783852,1820
85.44312,27.783844,1820
85.44312,27.783836,1819
85.44313,27.78383,1819
85.44313,27.783825,1819
85.44313,27.783817,1819
85.44314,27.783812,1819
85.44314,27.783806,1819
85.443146,27.783798,1819
85.44315,27.783789,1819
85.44316,27.78378,1819
85.44317,27.78377,1819
85.44317,27.783762,1819
85.44318,27.783754,1819
85.443184,27.783747,1819
85.44319,27.78374,1819
85.4432,27.783735,1819
85.44321,27.783728,1819
85.443214,27.78372,1819
85.44322,27.783714,1819
85.44322,27.783707,1819
85.44323,27.783699,1819
85.44323,27.78369,1819
85.44324,27.78368,1819
85.44324,27.783667,1819
85.443245,27.783657,1819
85.443245,27.783648,1819
85.443245,27.783638,1819
85.44325,27.783628,1819
85.44325,27.783619,1819
85.44326,27.783607,1819
85.44326,27.783594,1819
85.44327,27.783579,1819
85.443275,27.783566,1819
85.44328,27.783552,1819
85.44329,27.78354,1819
85.44329,27.78353,1819
85.4433,27.78352,1819
85.4433,27.783512,1819
85.4433,27.783503,1819
85.443306,27.783495,1819
85.443306,27.783485,1819
85.443306,27.783476,1819
85.443306,27.783466,1819
85.443306,27.783459,1819
85.4433,27.78345,1819
85.4433,27.783442,1819
85.4433,27.783434,1819
85.4433,27.783426,1819
85.4433,27.783419,1819
85.44329,27.783411,1819
85.44329,27.783401,1819
85.44329,27.783396,1819
85.44329,27.78339,1819
85.44329,27.783382,1819
85.44329,27.783375,1819
85.44329,27.783363,1819
85.4433,27.783352,1820
85.443306,27.783342,1820
85.44331,27.783329,1820
85.44332,27.783318,1820
85.443344,27.783287,1820
85.443344,27.783285,1821
85.44335,27.783281,1821
85.44336,27.78328,1821
85.44337,27.783274,1821
85.443375,27.783268,1821
85.44338,27.783262,1821
85.4434,27.783257,1821
85.443405,27.783253,1821
85.44341,27.783247,1821
85.44343,27.783243,1821
85.443436,27.783237,1822
85.44344,27.783232,1822
85.44346,27.783224,1822
85.44347,27.783215,1822
85.44348,27.783207,1822
85.44349,27.7832,1822
85.443504,27.783192,1822
85.44352,27.783182,1822
85.44353,27.783176,1822
85.44354,27.78317,1822
85.44355,27.783165,1822
85.443565,27.783157,1822
85.44357,27.78315,1822
85.44359,27.783142,1822
85.443596,27.783134,1822
85.4436,27.783129,1822
85.44361,27.783121,1822
85.44362,27.783117,1822
85.44363,27.78311,1822
85.44363,27.783098,1822
85.443634,27.783087,1822
85.443634,27.783081,1822
85.443634,27.783072,1822
85.443634,27.783062,1822
85.443634,27.783058,1822
85.443634,27.783056,1822
85.44363,27.783052,1822
85.44363,27.783047,1822
85.44363,27.783043,1822
85.44363,27.783037,1822
85.443634,27.783028,1822
85.443634,27.78303,1822
85.44363,27.783031,1822
85.44363,27.783033,1822
85.44369,27.782942,1822
85.44369,27.78294,1822
85.443695,27.782934,1822
85.4437,27.782928,1822
85.44371,27.782923,1822
85.44372,27.782917,1822
85.443726,27.782907,1822
85.443726,27.7829,1822
85.443726,27.782892,1822
85.443726,27.782883,1822
85.44372,27.782875,1822
85.44371,27.782871,1822
85.4437,27.782867,1822
85.443695,27.782864,1822
85.44369,27.782856,1822
85.44368,27.782846,1822
85.44367,27.78284,1822
85.443665,27.782837,1822
85.44366,27.782835,1822
85.44365,27.782835,1822
85.44364,27.782835,1822
85.44364,27.78283,1822
85.44365,27.782825,1822
85.44366,27.782827,1822
85.44366,27.782835,1822
85.44366,27.78284,1822
85.443665,27.782848,1822
85.443665,27.782846,1822
85.44367,27.782845,1822
85.44368,27.782843,1822
85.44369,27.78284,1822
85.44371,27.782831,1822
85.44372,27.782831,1822
85.44372,27.78283,1822
85.443726,27.78283,1822
85.44373,27.78283,1822
85.44374,27.782827,1822
85.44375,27.782825,1821
85.443756,27.782825,1821
85.44376,27.782824,1821
85.44377,27.782824,1821
85.44378,27.782824,1821
85.44379,27.78282,1821
85.44379,27.782816,1821
85.44379,27.782814,1821
85.44379,27.782793,1821
85.44379,27.782791,1821
85.44379,27.782787,1821
85.44379,27.782782,1821
85.44378,27.782776,1821
85.44378,27.782768,1821
85.44378,27.78276,1821
85.44378,27.782753,1821
85.44378,27.782745,1821
85.44377,27.782738,1821
85.44377,27.78273,1821
85.44377,27.782724,1821
85.44376,27.782707,1821
85.443756,27.782707,1821
85.443756,27.782703,1821
85.44375,27.782698,1821
85.44375,27.782692,1821
85.44374,27.782682,1821
85.44373,27.782675,1821
85.443726,27.782665,1821
85.443726,27.782658,1821
85.44372,27.78265,1821
85.44371,27.782642,1821
85.4437,27.782635,1821
85.4437,27.782627,1821
85.443695,27.782618,1821
85.44369,27.78261,1821
85.44368,27.782604,1821
85.44367,27.782598,1821
85.44367,27.782593,1821
85.443665,27.782589,1821
85.44366,27.782581,1821
85.44365,27.782572,1821
85.44364,27.782562,1821
85.443634,27.782557,1821
85.44363,27.782553,1821
85.44361,27.782547,1821
85.4436,27.782543,1821
85.443596,27.782537,1821
85.44358,27.782532,1821
85.44357,27.782528,1821
85.44356,27.782524,1821
85.44354,27.78252,1821
85.443535,27.782516,1821
85.44352,27.782513,1821
85.443504,27.782509,1821
85.4435,27.782505,1821
85.44348,27.782503,1821
85.44347,27.782501,1821
85.44346,27.7825,1821
85.44344,27.7825,1821
85.44343,27.7825,1821
85.44342,27.782501,1821
85.443405,27.782501,1821
85.44339,27.782503,1821
85.443375,27.782503,1821
85.44335,27.782505,1821
85.44334,27.782503,1821
85.44333,27.782501,1821
85.44331,27.782501,1821
85.4433,27.782505,1821
85.44328,27.782509,1822
85.44327,27.782513,1822
85.44326,27.782516,1822
85.443245,27.782522,1822
85.44323,27.782528,1822
85.443214,27.782532,1822
85.4432,27.782534,1822
85.44319,27.782537,1822
85.44318,27.782541,1822
85.44317,27.782543,1822
85.44315,27.782545,1822
85.443146,27.782549,1822
85.44313,27.782555,1822
85.44312,27.782558,1822
85.44311,27.78256,1822
85.4431,27.782564,1822
85.443085,27.782568,1822
85.44308,27.782574,1822
85.44307,27.782581,1822
85.443054,27.782587,1821
85.44305,27.782595,1821
85.44304,27.7826,1821
85.44303,27.782606,1821
85.44302,27.78261,1821
85.44301,27.782612,1821
85.44299,27.78261,1821
85.44298,27.782608,1821
85.44296,27.782606,1821
85.442955,27.782606,1821
85.44294,27.782608,1821
85.442924,27.782608,1821
85.44292,27.782608,1821
85.44291,27.78261,1821
85.4429,27.782612,1821
85.442894,27.782618,1821
85.44289,27.782623,1821
85.44288,27.782633,1821
85.44287,27.782642,1821
85.442856,27.782654,1821
85.44285,27.782661,1821
85.44283,27.78267,1821
85.44282,27.782675,1821
85.44281,27.782677,1821
85.442795,27.782677,1821
85.44279,27.782675,1821
85.44278,27.782671,1821
85.44278,27.782665,1821
85.44277,27.78266,1821
85.44277,27.782652,1821
85.44277,27.782644,1821
85.44277,27.782637,1821
85.44277,27.782627,1821
85.44278,27.782621,1822
85.44279,27.782616,1822
85.442795,27.78261,1822
85.442795,27.782604,1822
85.4428,27.782598,1822
85.4428,27.782593,1822
85.44281,27.782587,1822
85.44281,27.782581,1823
85.44281,27.782574,1823
85.44281,27.782566,1823
85.44281,27.782558,1823
85.4428,27.78255,1823
85.442795,27.782543,1823
85.44279,27.782534,1824
85.44278,27.782526,1824
85.44277,27.782515,1824
85.442764,27.782505,1824
85.44276,27.782494,1824
85.44275,27.782484,1824
85.44274,27.782476,1825
85.44273,27.782469,1825
85.442726,27.782463,1825
85.44272,27.782455,1825
85.44271,27.782448,1825
85.44271,27.782438,1825
85.44271,27.782427,1825
85.44272,27.782415,1825
85.44272,27.782406,1825
85.442726,27.782398,1825
85.44273,27.78239,1826
85.44274,27.782383,1826
85.44275,27.782375,1826
85.44276,27.782366,1826
85.44277,27.782358,1826
85.44278,27.782352,1826
85.44279,27.782345,1826
85.442795,27.782341,1826
85.44281,27.78234,1827
85.44282,27.78234,1827
85.442825,27.78234,1827
85.44283,27.78234,1827
85.44284,27.78234,1827
85.442856,27.782341,1827
85.44286,27.782341,1828
85.44287,27.782341,1828
85.44289,27.78234,1828
85.442894,27.782337,1828
85.44291,27.782335,1828
85.44292,27.782333,1829
85.442924,27.782331,1829
85.44293,27.782328,1829
85.44295,27.782326,1829
85.442955,27.782322,1829
85.44296,27.782318,1829
85.44298,27.782312,1830
85.442986,27.782307,1830
85.44299,27.782303,1830
85.44301,27.782297,1830
85.443016,27.782291,1830
85.44302,27.782286,1830
85.44303,27.782282,1830
85.44303,27.782278,1831
85.44304,27.782276,1831
85.44305,27.782272,1831
85.443054,27.782269,1831
85.443054,27.782265,1831
85.443054,27.78226,1831
85.44306,27.782257,1831
85.44306,27.782251,1832
85.44306,27.782246,1832
85.443054,27.782242,1832
85.443054,27.78224,1832
85.44306,27.782228,1832
85.44307,27.78223,1832
85.44308,27.782232,1832
85.44308,27.782234,1832
85.44308,27.782238,1832
85.443085,27.78224,1832
85.443085,27.782246,1832
85.443085,27.782242,1832
85.443085,27.782238,1832
85.44308,27.782234,1832
85.44308,27.782228,1832
85.44308,27.782225,1832
85.44307,27.78222,1832
85.44306,27.782215,1832
85.443054,27.782206,1832
85.44305,27.782196,1832
85.44304,27.782187,1832
85.44302,27.782177,1832
85.443016,27.782167,1832
85.44301,27.782154,1832
85.443,27.782145,1832
85.44299,27.782135,1832
85.442986,27.782125,1832
85.44298,27.782118,1832
85.44297,27.78211,1832
85.44296,27.782103,1832
85.442955,27.782095,1832
85.44295,27.782085,1832
85.44294,27.782078,1832
85.442924,27.782072,1832
85.44292,27.782068,1832
85.4429,27.782059,1832
85.44289,27.782053,1832
85.44287,27.782047,1832
85.442856,27.782043,1832
85.44285,27.78204,1832
85.44283,27.782036,1832
85.44282,27.782032,1832
85.4428,27.78203,1832
85.44279,27.78203,1832
85.44277,27.78203,1832
85.442764,27.78203,1832
85.44275,27.782028,1832
85.44273,27.782026,1832
85.44272,27.782022,1832
85.44271,27.782022,1832
85.442696,27.782019,1832
85.44269,27.782019,1832
85.44267,27.782015,1832
85.442665,27.782013,1832
85.44265,27.782011,1832
85.44264,27.78201,1835
85.44263,27.78201,1835
85.44262,27.782007,1835
85.442604,27.782005,1835
85.4426,27.782005,1836
85.44259,27.782003,1836
85.44258,27.782,1836
85.44257,27.781996,1836
85.44256,27.78199,1836
85.44255,27.781984,1836
85.44254,27.781977,1836
85.442535,27.781965,1836
85.442535,27.781954,1836
85.442535,27.781944,1836
85.44253,27.781935,1836
85.44252,27.781925,1836
85.44251,27.781916,1836
85.442505,27.781908,1837
85.4425,27.781902,1837
85.44249,27.781895,1837
85.44248,27.781887,1837
85.442474,27.78188,1837
85.44247,27.781872,1837
85.44246,27.781864,1837
85.44245,27.781857,1837
85.442444,27.781849,1837
85.44244,27.78184,1837
85.44242,27.781832,1837
85.44241,27.781824,1837
85.442406,27.781818,1837
85.4424,27.78181,1837
85.44238,27.781801,1838
85.442375,27.781794,1838
85.44237,27.781784,1838
85.44236,27.781775,1838
85.44235,27.781767,1838
85.442345,27.781755,1838
85.44234,27.781746,1838
85.44232,27.781736,1838
85.442314,27.781727,1838
85.44231,27.781717,1838
85.44229,27.781708,1838
85.44228,27.7817,1838
85.44227,27.78169,1838
85.44226,27.781685,1838
85.442245,27.781677,1839
85.44223,27.781672,1839
85.44222,27.781666,1839
85.44221,27.781662,1839
85.44219,27.781658,1839
85.442184,27.781652,1839
85.44217,27.781645,1839
85.442154,27.781637,1839
85.44215,27.78163,1839
85.44213,27.781626,1839
85.442116,27.781622,1840
85.44211,27.781614,1840
85.44209,27.781609,1840
85.44208,27.781603,1840
85.44207,27.781599,1840
85.442055,27.781595,1840
85.44205,27.781593,1840
85.44204,27.781591,1840
85.44203,27.781588,1840
85.442024,27.781586,1841
85.44201,27.78158,1841
85.442,27.781576,1841
85.44199,27.781569,1841
85.441986,27.78156,1841
85.44197,27.781553,1841
85.44196,27.781546,1841
85.441956,27.781536,1841
85.44195,27.78153,1841
85.44194,27.781525,1841
85.441925,27.781523,1841
85.44192,27.78152,1842
85.4419,27.78152,1842
85.441895,27.781519,1842
85.44188,27.78151,1842
85.44187,27.781502,1842
85.44186,27.781494,1842
85.44185,27.781487,1842
85.44183,27.781485,1842
85.441826,27.781483,1842
85.44181,27.781483,1842
85.4418,27.781483,1842
85.44179,27.78148,1842
85.44178,27.78148,1842
85.441765,27.781483,1842
85.44176,27.781483,1843
85.441734,27.781488,1843
85.441734,27.78149,1843
85.44173,27.781492,1843
85.44173,27.781498,1843
85.44172,27.781502,1843
85.44171,27.781506,1843
85.441696,27.781511,1843
85.44169,27.781519,1843
85.44167,27.781527,1843
85.44166,27.781534,1843
85.44165,27.781542,1843
85.44164,27.78155,1843
85.44163,27.781551,1843
85.44162,27.781555,1843
85.441605,27.781559,1843
85.4416,27.781563,1843
85.44158,27.781567,1843
85.441574,27.781569,1843
85.44156,27.781569,1843
85.44155,27.781567,1843
85.441536,27.781565,1843
85.44152,27.78156,1843
85.44151,27.781559,1843
85.4415,27.781555,1843
85.44148,27.781551,1843
85.441475,27.781548,1843
85.44145,27.781546,1843
85.44144,27.781544,1843
85.44142,27.781544,1843
85.44141,27.781542,1843
85.44139,27.781544,1843
85.44137,27.781544,1843
85.44135,27.781544,1843
85.44134,27.781542,1843
85.44132,27.781542,1843
85.44131,27.781544,1843
85.4413,27.781546,1843
85.441284,27.78155,1843
85.44127,27.781555,1843
85.44126,27.781563,1843
85.441246,27.781569,1843
85.44124,27.781574,1843
85.44122,27.781578,1843
85.44121,27.781582,1843
85.4412,27.781586,1843
85.441185,27.781586,1843
85.44117,27.781588,1843
85.441154,27.781588,1843
85.44113,27.781588,1843
85.44112,27.781588,1843
85.4411,27.781586,1843
85.441086,27.781586,1843
85.44106,27.781586,1843
85.44105,27.781586,1843
85.44103,27.78159,1843
85.44102,27.781591,1843
85.441,27.781593,1843
85.44099,27.781593,1843
85.44098,27.781593,1843
85.44097,27.781591,1843
85.44096,27.781591,1843
85.440956,27.781593,1843
85.44095,27.781593,1843
85.44094,27.781591,1843
85.44093,27.781586,1843
85.440926,27.78158,1843
85.44092,27.781576,1843
85.44091,27.781576,1844
85.4409,27.781574,1844
85.4409,27.781572,1844
85.440895,27.781567,1844
85.440895,27.78156,1844
85.440895,27.781555,1844
85.440895,27.781551,1845
85.440895,27.781546,1845
85.440895,27.781542,1845
85.4409,27.781536,1845
85.4409,27.781528,1845
85.4409,27.781523,1846
85.44091,27.781519,1846
85.44092,27.781515,1846
85.44092,27.781511,1846
85.440926,27.781511,1846
85.44093,27.781511,1846
85.44093,27.781513,1847
85.44094,27.781511,1847
85.44095,27.781511,1847
85.440956,27.781511,1847
85.44096,27.781511,1847
85.44097,27.78151,1848
85.44097,27.781507,1848
85.44097,27.781506,1848
85.44097,27.781502,1848
85.44096,27.781496,1848
85.44096,27.78149,1848
85.440956,27.781487,1849
85.44095,27.78148,1849
85.44095,27.781479,1849
85.44094,27.781473,1849
85.44093,27.78147,1849
85.440926,27.781464,1849
85.44092,27.781456,1849
85.44091,27.78145,1849
85.44091,27.781445,1849
85.44091,27.78144,1850
85.44092,27.781435,1850
85.44092,27.78143,1850
85.440926,27.781424,1851
85.440926,27.781418,1851
85.440926,27.781412,1851
85.44093,27.781408,1851
85.44093,27.781403,1851
85.44093,27.781395,1851
85.44094,27.781387,1852
85.44094,27.78138,1852
85.44095,27.781372,1852
85.440956,27.781363,1852
85.44096,27.781355,1852
85.44096,27.781347,1852
85.44097,27.78134,1852
85.44097,27.78133,1852
85.44098,27.781322,1852
85.44098,27.781315,1852
85.44098,27.781307,1852
85.44098,27.7813,1853
85.44099,27.781294,1853
85.44099,27.781286,1853
85.44099,27.781279,1853
85.44099,27.781271,1853
85.44099,27.781263,1853
85.44099,27.781258,1853
85.44099,27.781252,1854
85.44099,27.781246,1854
85.44099,27.781239,1854
85.44099,27.78123,1854
85.44099,27.781223,1855
85.440994,27.781216,1855
85.440994,27.781208,1855
85.440994,27.7812,1855
85.440994,27.781193,1855
85.440994,27.781185,1855
85.440994,27.781176,1855
85.440994,27.781168,1855
85.441,27.781157,1856
85.441,27.781149,1856
85.441,27.781137,1856
85.441,27.781128,1856
85.44101,27.781118,1856
85.44101,27.781109,1856
85.44101,27.7811,1856
85.44101,27.781086,1856
85.44101,27.781075,1857
85.44101,27.781061,1857
85.44101,27.781048,1857
85.44101,27.781036,1857
85.44101,27.781025,1857
85.44101,27.781013,1857
85.44101,27.781004,1857
85.441,27.780993,1857
85.441,27.780983,1857
85.440994,27.780972,1857
85.44099,27.78096,1857
85.44098,27.780949,1857
85.44097,27.78094,1857
85.44097,27.780928,1857
85.44096,27.780918,1857
85.440956,27.78091,1857
85.44095,27.780903,1857
85.44093,27.780893,1857
85.440926,27.780888,1857
85.44092,27.78088,1857
85.44092,27.780872,1857
85.44091,27.780867,1858
85.4409,27.78086,1858
85.4409,27.780853,1858
85.440895,27.780848,1858
85.44089,27.78084,1858
85.44089,27.780832,1858
85.44088,27.780823,1858
85.44087,27.780815,1858
85.44087,27.780807,1858
85.440865,27.780798,1858
85.44086,27.78079,1858
85.44086,27.78078,1858
85.44085,27.780771,1858
85.44084,27.780762,1858
85.440834,27.78075,1858
85.44083,27.78074,1858
85.44082,27.780731,1858
85.44081,27.780722,1858
85.4408,27.780714,1858
85.440796,27.780704,1858
85.44079,27.780697,1858
85.44078,27.780691,1858
85.440765,27.780685,1858
85.44076,27.78068,1858
85.44075,27.780674,1858
85.44074,27.780668,1858
85.440735,27.780663,1859
85.44072,27.780659,1859
85.44071,27.780655,1859
85.440704,27.780653,1859
85.44069,27.780653,1859
85.44068,27.780651,1859
85.44067,27.780651,1859
85.44065,27.780651,1859
85.44064,27.780651,1859
85.440636,27.780653,1859
85.44062,27.780653,1859
85.44061,27.780653,1859
85.4406,27.780655,1859
85.44059,27.780655,1859
85.44058,27.780653,1859
85.44057,27.780653,1859
85.44056,27.78065,1859
85.44055,27.780647,1859
85.44054,27.780647,1859
85.44052,27.780647,1859
85.44051,27.78065,1859
85.4405,27.780651,1859
85.44048,27.780651,1859
85.440475,27.780651,1859
85.44046,27.780653,1859
85.44045,27.780655,1859
85.44044,27.780657,1859
85.44043,27.780657,1859
85.440414,27.780655,1859
85.44041,27.780655,1859
85.44039,27.780655,1859
85.440384,27.780657,1859
85.44037,27.78066,1859
85.44036,27.780663,1859
85.440346,27.780666,1859
85.44034,27.780668,1859
85.44032,27.780674,1859
85.440315,27.780678,1859
85.4403,27.780682,1859
85.440285,27.780685,1859
85.44028,27.78069,1859
85.44026,27.780693,1859
85.440254,27.780697,1859
85.44024,27.7807,1859
85.44023,27.780706,1859
85.44022,27.78071,1859
85.44021,27.780714,1859
85.4402,27.78072,1859
85.44019,27.780725,1859
85.44018,27.78073,1859
85.44017,27.780735,1859
85.44016,27.78074,1859
85.440155,27.780746,1859
85.44014,27.780752,1861
85.44013,27.780758,1861
85.440125,27.780762,1861
85.44011,27.780766,1861
85.4401,27.78077,1861
85.44009,27.780773,1861
85.44008,27.780777,1861
85.44006,27.78078,1861
85.440056,27.780783,1862
85.44004,27.780785,1862
85.44003,27.780787,1862
85.44002,27.780788,1862
85.44,27.78079,1862
85.43999,27.780794,1862
85.43997,27.780796,1862
85.439964,27.780798,1862
85.43995,27.780802,1862
85.43993,27.780804,1862
85.43992,27.780806,1862
85.4399,27.780804,1862
85.439896,27.780802,1862
85.43988,27.7808,1862
85.43987,27.780794,1862
85.439865,27.78079,1862
85.43985,27.780787,1862
85.43984,27.78078,1862
85.43983,27.780775,1862
85.43982,27.780767,1862
85.43981,27.78076,1862
85.439804,27.78075,1862
85.4398,27.780743,1862
85.4398,27.780735,1862
85.43978,27.780727,1862
85.43977,27.780722,1862
85.439766,27.780716,1862
85.43976,27.780708,1862
85.43975,27.780703,1862
85.43974,27.780697,1862
85.439735,27.78069,1862
85.43973,27.780684,1862
85.43972,27.780676,1862
85.43971,27.780668,1862
85.439705,27.78066,1862
85.4397,27.780653,1862
85.43969,27.780647,1862
85.439674,27.780642,1862
85.43967,27.780638,1862
85.43965,27.780632,1862
85.439644,27.780628,1862
85.43963,27.780626,1862
85.43961,27.780622,1862
85.439606,27.78062,1862
85.43959,27.780619,1862
85.439575,27.780617,1862
85.43956,27.780617,1862
85.43955,27.780615,1862
85.43954,27.780613,1862
85.43952,27.78061,1862
85.43951,27.780607,1862
85.4395,27.780603,1863
85.43948,27.7806,1863
85.439476,27.780594,1863
85.43946,27.780588,1863
85.43945,27.780582,1863
85.43944,27.780573,1863
85.43943,27.780563,1863
85.439415,27.78055,1863
85.43941,27.78054,1863
85.4394,27.780529,1863
85.439384,27.780518,1863
85.43938,27.780508,1863
85.43937,27.7805,1863
85.43936,27.780495,1863
85.439354,27.780487,1863
85.43935,27.780478,1863
85.43934,27.78047,1863
85.43933,27.780464,1863
85.43932,27.780458,1863
85.439316,27.780453,1863
85.43931,27.780449,1863
85.4393,27.780443,1863
85.43929,27.78044,1864
85.43929,27.780436,1864
85.43929,27.780432,1864
85.439285,27.780428,1864
85.43928,27.780428,1864
85.43927,27.780426,1864
85.43926,27.780426,1864
85.43925,27.780424,1864
85.43924,27.780422,1864
85.43923,27.78042,1864
85.439224,27.78042,1864
85.43921,27.780418,1864
85.4392,27.780416,1864
85.439186,27.780416,1864
85.43918,27.780416,1864
85.43916,27.780416,1864
85.439156,27.780416,1864
85.43914,27.780416,1864
85.43913,27.780418,1864
85.43912,27.780418,1864
85.4391,27.780418,1864
85.439095,27.780418,1864
85.43908,27.780416,1864
85.439064,27.780416,1864
85.43906,27.780415,1864
85.43904,27.780413,1864
85.43903,27.78041,1864
85.43902,27.780409,1864
85.439,27.780407,1864
85.438995,27.780405,1864
85.43898,27.780403,1864
85.43897,27.780401,1864
85.438965,27.7804,1864
85.43895,27.7804,1864
85.43894,27.780397,1864
85.43893,27.780394,1864
85.43891,27.780392,1864
85.4389,27.780392,1864
85.43889,27.780394,1864
85.43888,27.780396,1864
85.438866,27.780397,1864
85.43886,27.780401,1864
85.43884,27.780403,1864
85.43883,27.780405,1864
85.43882,27.78041,1864
85.438805,27.780413,1864
85.4388,27.780415,1864
85.43878,27.780415,1864
85.43877,27.780416,1864
85.43876,27.780416,1864
85.43874,27.780416,1864
85.438736,27.780416,1864
85.43873,27.780413,1864
85.43871,27.780409,1864
85.438705,27.780403,1864
85.4387,27.780396,1864
85.43869,27.78039,1864
85.43868,27.78038,1864
85.438675,27.78037,1864
85.438675,27.780361,1864
85.43867,27.780352,1864
85.43866,27.78034,1864
85.43866,27.780329,1864
85.43865,27.780317,1864
85.43865,27.780308,1864
85.438644,27.780298,1864
85.438644,27.780289,1864
85.43864,27.78028,1864
85.43864,27.780272,1864
85.43864,27.780262,1864
85.43864,27.780254,1864
85.43864,27.780245,1864
85.438644,27.780235,1864
85.438644,27.780226,1864
85.43865,27.78022,1864
85.43866,27.780212,1864
85.43867,27.780203,1864
85.438675,27.780193,1864
85.438675,27.780182,1864
85.43868,27.78017,1864
85.43869,27.780157,1864
85.43869,27.780146,1864
85.4387,27.780134,1864
85.4387,27.780123,1864
85.438705,27.780111,1864
85.438705,27.7801,1864
85.43871,27.78009,1864
85.43871,27.78008,1864
85.43872,27.78007,1864
85.43872,27.780058,1864
85.43873,27.780046,1864
85.438736,27.780035,1864
85.43874,27.780022,1864
85.43875,27.780012,1864
85.43876,27.780003,1864
85.43877,27.779995,1864
85.43878,27.779987,1864
85.43879,27.77998,1864
85.4388,27.779974,1864
85.438805,27.779968,1864
85.43881,27.779966,1864
85.43882,27.779963,1864
85.438835,27.77996,1864
85.43884,27.779955,1864
85.43885,27.77995,1864
85.43886,27.779942,1864
85.438866,27.779932,1864
85.43887,27.779924,1864
85.43889,27.779917,1864
85.438896,27.77991,1864
85.43891,27.7799,1864
85.43892,27.779892,1864
85.438934,27.779884,1864
85.43894,27.779879,1864
85.43895,27.779873,1864
85.43895,27.779865,1864
85.43896,27.779858,1863
85.43896,27.77985,1863
85.438965,27.779844,1863
85.438965,27.779825,1863
85.43896,27.779823,1863
85.43896,27.77982,1863
85.43896,27.779814,1863
85.43895,27.779806,1863
85.43895,27.779799,1862
85.43894,27.779789,1862
85.438934,27.77978,1862
85.438934,27.779772,1862
85.43893,27.779764,1862
85.43892,27.779755,1862
85.43891,27.779745,1862
85.4389,27.779736,1862
85.438896,27.779726,1862
85.43889,27.779716,1862
85.43888,27.779707,1862
85.43888,27.779697,1862
85.43887,27.779688,1862
85.438866,27.779678,1861
85.438866,27.779667,1861
85.43886,27.779655,1861
85.43886,27.779642,1861
85.43885,27.779629,1861
85.43885,27.779615,1861
85.43885,27.779602,1861
85.43884,27.779587,1861
85.43884,27.779573,1861
85.43884,27.77956,1861
85.43884,27.779547,1861
85.43884,27.779533,1861
85.438835,27.779522,1861
85.438835,27.779509,1861
85.438835,27.779495,1861
85.438835,27.779482,1861
85.43883,27.77947,1861
85.43883,27.779459,1861
85.43882,27.779448,1861
85.43881,27.779438,1861
85.4388,27.779428,1861
85.43879,27.779423,1861
85.43878,27.779417,1861
85.43877,27.779411,1861
85.43876,27.779411,1861
85.43874,27.779411,1861
85.438736,27.779411,1861
85.43872,27.779411,1861
85.438705,27.779411,1861
85.43869,27.779413,1861
85.438675,27.779413,1861
85.43866,27.779415,1861
85.43865,27.779415,1861
85.43864,27.779419,1861
85.43862,27.779419,1861
85.438614,27.779423,1861
85.4386,27.779425,1861
85.43859,27.779428,1861
85.438576,27.779432,1861
85.43856,27.779436,1861
85.438545,27.77944,1861
85.43853,27.779442,1861
85.438515,27.779446,1861
85.43851,27.779446,1861
85.43849,27.779444,1861
85.43848,27.77944,1861
85.43846,27.779434,1861
85.43845,27.779428,1861
85.43844,27.77942,1861
85.43842,27.779413,1861
85.438416,27.779406,1861
85.43841,27.779398,1861
85.4384,27.779388,1861
85.4384,27.77938,1861
85.43839,27.779371,1861
85.43839,27.779362,1861
85.43839,27.779352,1861
85.43839,27.77934,1861
85.43839,27.779331,1861
85.438385,27.779318,1861
85.438385,27.779306,1861
85.438385,27.779295,1861
85.438385,27.779282,1861
85.438385,27.77927,1861
85.438385,27.779259,1861
85.43838,27.779247,1861
85.43838,27.779236,1861
85.43837,27.779224,1861
85.43837,27.779215,1861
85.43836,27.779203,1861
85.43836,27.779192,1861
85.438354,27.77918,1860
85.43835,27.779171,1860
85.43835,27.779163,1860
85.43834,27.779156,1860
85.43833,27.779148,1860
85.43833,27.779139,1860
85.438324,27.77913,1860
85.43832,27.779123,1860
85.43831,27.779116,1859
85.43829,27.779108,1859
85.438286,27.7791,1859
85.43828,27.779093,1859
85.43827,27.779083,1859
85.43826,27.779074,1859
85.438255,27.779064,1859
85.43825,27.779055,1858
85.43824,27.779045,1858
85.43823,27.779037,1858
85.438225,27.779032,1858
85.43821,27.779028,1858
85.4382,27.779022,1858
85.438194,27.779016,1858
85.43819,27.77901,1857
85.43818,27.779005,1857
85.43817,27.778997,1857
85.43816,27.778992,1856
85.438156,27.778984,1856
85.43814,27.778978,1856
85.43813,27.77897,1856
85.43812,27.778965,1856
85.43811,27.778957,1855
85.4381,27.77895,1855
85.43809,27.77894,1855
85.43808,27.77893,1855
85.438065,27.778921,1855
85.43806,27.77891,1855
85.43804,27.7789,1855
85.43803,27.77889,1855
85.43802,27.778881,1855
85.43801,27.77887,1855
85.437996,27.778856,1855
85.43799,27.778845,1855
85.43798,27.778831,1854
85.43797,27.77882,1854
85.437965,27.77881,1854
85.43796,27.778801,1854
85.43796,27.77879,1854
85.43795,27.77878,1854
85.43795,27.77877,1854
85.43795,27.778759,1853
85.43795,27.77875,1853
85.43795,27.778738,1853
85.43794,27.778728,1853
85.43794,27.778717,1853
85.437935,27.778706,1853
85.437935,27.778694,1853
85.437935,27.77868,1853
85.437935,27.77867,1852
85.437935,27.778658,1852
85.437935,27.778645,1852
85.437935,27.778631,1852
85.437935,27.778618,1852
85.437935,27.778606,1852
85.437935,27.778595,1852
85.437935,27.778584,1851
85.43794,27.778572,1851
85.43794,27.77856,1851
85.43794,27.778551,1851
85.43794,27.778542,1851
85.437935,27.778534,1851
85.437935,27.778524,1851
85.437935,27.778515,1851
85.43793,27.778503,1851
85.43793,27.778494,1850
85.43792,27.778484,1850
85.43791,27.778475,1850
85.43791,27.778465,1850
85.437904,27.778456,1850
85.4379,27.778446,1850
85.4379,27.778435,1850
85.43789,27.778425,1849
85.43789,27.778414,1849
85.43789,27.778404,1849
85.43788,27.778395,1849
85.43788,27.778383,1849
85.437874,27.778374,1849
85.437874,27.778362,1849
85.43787,27.77835,1849
85.43787,27.778341,1849
85.43787,27.778332,1848
85.43786,27.77832,1848
85.43785,27.77831,1848
85.43784,27.7783,1848
85.437836,27.778288,1848
85.43783,27.778275,1848
85.43782,27.778261,1848
85.43781,27.77825,1848
85.437805,27.778238,1848
85.437805,27.778225,1848
85.4378,27.778214,1848
85.4378,27.778202,1848
85.43779,27.77819,1848
85.43779,27.778177,1848
85.43779,27.778166,1848
85.43779,27.778152,1848
85.43779,27.778141,1848
85.43779,27.778131,1848
85.43779,27.77812,1848
85.43779,27.778107,1848
85.4378,27.778095,1847
85.437805,27.778084,1847
85.43781,27.778072,1847
85.43782,27.77806,1847
85.43783,27.778048,1847
85.43784,27.778036,1847
85.43785,27.778025,1847
85.43786,27.778013,1847
85.43786,27.778004,1847
85.43787,27.777992,1847
85.437874,27.777979,1847
85.437874,27.777967,1847
85.43788,27.777956,1847
85.43788,27.777945,1847
85.43788,27.777933,1847
85.43788,27.777918,1847
85.43788,27.777903,1847
85.43788,27.77789,1847
85.437874,27.777876,1846
85.437874,27.777863,1846
85.437874,27.777851,1846
85.437874,27.77784,1846
85.43787,27.777826,1846
85.43787,27.777813,1846
85.43787,27.7778,1846
85.43787,27.777788,1845
85.43787,27.777777,1845
85.43786,27.77777,1845
85.43786,27.777763,1845
85.43785,27.777744,1845
85.43785,27.777742,1845
85.43785,27.777739,1845
85.43785,27.77773,1845
85.43785,27.777723,1845
85.43785,27.777714,1844
85.43785,27.777704,1844
85.43784,27.777695,1844
85.43784,27.777685,1844
85.437836,27.777674,1844
85.437836,27.777662,1844
85.437836,27.77765,1843
85.437836,27.77764,1843
85.43783,27.777626,1843
85.43783,27.777615,1843
85.43782,27.777601,1842
85.43781,27.777588,1842
85.437805,27.777575,1842
85.4378,27.777563,1842
85.43779,27.777552,1842
85.43778,27.77754,1842
85.437775,27.777529,1841
85.43777,27.77752,1841
85.43776,27.777508,1841
85.43775,27.777498,1841
85.437744,27.77749,1841
85.43773,27.777483,1841
85.43772,27.777477,1841
85.43771,27.777472,1841
85.437706,27.777468,1841
85.4377,27.777462,1841
85.43769,27.777456,1841
85.43769,27.777449,1841
85.43768,27.777443,1841
85.437675,27.777437,1841
85.437675,27.77743,1841
85.43767,27.777426,1841
85.43767,27.777418,1841
85.43766,27.777409,1841
85.43765,27.7774,1841
85.43765,27.77739,1841
85.437645,27.77738,1841
85.437645,27.77737,1841
85.43764,27.77736,1841
85.43763,27.777351,1841
85.43762,27.77734,1841
85.437614,27.777328,1841
85.437614,27.777317,1841
85.43761,27.777308,1841
85.4376,27.777296,1841
85.43759,27.777285,1839
85.437584,27.777273,1839
85.43758,27.777262,1839
85.43757,27.77725,1839
85.43756,27.777237,1839
85.43755,27.777225,1839
85.437546,27.777214,1839
85.437546,27.777203,1839
85.43754,27.777191,1838
85.43753,27.777178,1838
85.43753,27.777166,1838
85.43752,27.777155,1838
85.43752,27.777143,1838
85.437515,27.777134,1838
85.437515,27.777124,1838
85.43751,27.777115,1838
85.4375,27.77711,1837
85.4375,27.777102,1837
85.43749,27.777094,1837
85.437485,27.777084,1837
85.437485,27.777075,1837
85.43748,27.777067,1837
85.43747,27.777058,1837
85.437454,27.777046,1837
85.43745,27.777037,1837
85.43744,27.777025,1837
85.43743,27.777016,1837
85.43742,27.777008,1837
85.43741,27.777,1837
85.4374,27.776995,1837
85.43739,27.776989,1837
85.43738,27.776987,1837
85.43737,27.776983,1837
85.437355,27.77698,1837
85.43735,27.776976,1837
85.43733,27.776974,1837
85.43732,27.776972,1836
85.43731,27.776968,1836
85.4373,27.776966,1836
85.43729,27.776964,1836
85.43728,27.776962,1836
85.43727,27.77696,1836
85.437256,27.776958,1836
85.43725,27.776953,1836
85.43723,27.776947,1836
85.437225,27.776941,1836
85.43721,27.776936,1836
85.4372,27.776928,1836
85.43719,27.77692,1836
85.43717,27.776915,1836
85.437164,27.776907,1836
85.43715,27.776901,1835
85.43714,27.776896,1835
85.437126,27.77689,1835
85.43712,27.776884,1835
85.4371,27.77688,1835
85.437096,27.776876,1835
85.43708,27.776873,1835
85.43707,27.776867,1835
85.43706,27.776863,1835
85.43704,27.776861,1835
85.43703,27.776857,1835
85.43702,27.776855,1834
85.437004,27.776854,1834
85.43699,27.776852,1834
85.43697,27.776852,1834
85.43696,27.776852,1834
85.43694,27.77685,1834
85.43693,27.776848,1834
85.43692,27.776846,1834
85.436905,27.776846,1834
85.4369,27.776844,1833
85.43688,27.776842,1833
85.436874,27.776842,1833
85.43686,27.77684,1833
85.436844,27.776838,1833
85.43684,27.776838,1833
85.43682,27.776836,1833
85.436806,27.776834,1833
85.43679,27.776834,1833
85.436775,27.776834,1833
85.43676,27.776834,1833
85.43675,27.776834,1833
85.43674,27.776836,1833
85.43673,27.776838,1833
85.43672,27.77684,1833
85.43671,27.776842,1833
85.43669,27.776842,1833
85.436676,27.776844,1833
85.43666,27.776842,1833
85.436646,27.77684,1833
85.43663,27.776838,1833
85.436615,27.776834,1833
85.43661,27.77683,1833
85.43659,27.776825,1833
85.436584,27.77682,1833
85.43658,27.776812,1833
85.43657,27.776806,1833
85.43656,27.776798,1833
85.436554,27.77679,1833
85.43655,27.776781,1832
85.43654,27.776773,1832
85.43653,27.776764,1832
85.43652,27.776754,1832
85.436516,27.776743,1832
85.43651,27.776731,1832
85.4365,27.776718,1832
85.43649,27.776707,1832
85.43649,27.776695,1832
85.436485,27.776688,1832
85.43648,27.776669,1832
85.43648,27.776659,1832
85.43647,27.776659,1832
85.43647,27.776655,1832
85.43646,27.776651,1832
85.436455,27.776644,1832
85.43645,27.776636,1832
85.43644,27.776628,1832
85.43643,27.77662,1832
85.43642,27.776613,1832
85.4364,27.776604,1832
85.436386,27.776594,1832
85.43637,27.776585,1832
85.436356,27.776577,1832
85.43633,27.77657,1832
85.43632,27.776562,1832
85.4363,27.776556,1832
85.43628,27.776548,1832
85.436264,27.776543,1832
85.43625,27.776537,1832
85.43623,27.77653,1832
85.43622,27.776524,1832
85.4362,27.776516,1832
85.43619,27.776508,1832
85.43617,27.776503,1832
85.436165,27.776497,1830
85.43615,27.776491,1830
85.43614,27.776487,1830
85.436134,27.776484,1830
85.43612,27.77648,1830
85.43611,27.77648,1830
85.4361,27.77648,1830
85.43608,27.77648,1830
85.43607,27.77648,1829
85.43606,27.776478,1829
85.43604,27.776476,1829
85.43603,27.776474,1829
85.43601,27.776472,1829
85.436,27.776468,1829
85.43599,27.776463,1829
85.435974,27.776455,1829
85.43597,27.776447,1829
85.43596,27.77644,1828
85.43595,27.776432,1828
85.435936,27.776424,1828
85.43593,27.776417,1828
85.43592,27.776407,1828
85.435905,27.776398,1828
85.4359,27.776388,1828
85.43589,27.776379,1827
85.43588,27.77637,1827
85.435875,27.77636,1827
85.43587,27.77635,1827
85.43586,27.77634,1827
85.43586,27.77633,1827
85.43585,27.77632,1827
85.43585,27.776308,1827
85.43585,27.776297,1827
85.43585,27.776285,1827
85.435844,27.776272,1827
85.43584,27.776262,1827
85.43584,27.776253,1827
85.43583,27.776243,1827
85.43582,27.776236,1827
85.43582,27.776226,1827
85.435814,27.776217,1827
85.43581,27.776207,1827
85.43581,27.776197,1827
85.4358,27.776188,1827
85.43579,27.77618,1827
85.43578,27.77617,1827
85.435776,27.776163,1827
85.43577,27.776155,1827
85.43575,27.77615,1827
85.435745,27.776146,1827
85.43573,27.776142,1827
85.43572,27.776138,1827
85.435715,27.776134,1827
85.43571,27.776129,1827
85.43571,27.776123,1827
85.4357,27.77612,1827
85.43569,27.776117,1827
85.435684,27.776108,1827
85.43568,27.776108,1827
85.43568,27.776106,1827
85.43567,27.776106,1827
85.43566,27.776104,1827
85.43566,27.776102,1827
85.43567,27.776104,1827
85.43568,27.776106,1827
85.435684,27.776108,1827
85.43569,27.776108,1827
85.4357,27.77611,1827
85.43571,27.776112,1827
85.435715,27.776114,1827
85.43572,27.776117,1827
85.435715,27.776115,1827
85.43571,27.776115,1827
85.43569,27.776114,1827
85.43568,27.776112,1827
85.43566,27.77611,1827
85.43564,27.776106,1827
85.435616,27.776102,1827
85.43559,27.776098,1827
85.43557,27.776094,1827
85.435555,27.776093,1827
85.43553,27.776089,1827
85.43551,27.776085,1827
85.43549,27.77608,1827
85.43548,27.776072,1827
85.435455,27.776064,1827
85.43544,27.776056,1826
85.435425,27.77605,1826
85.43541,27.776045,1826
85.43539,27.776041,1826
85.43537,27.776037,1826
85.435356,27.776037,1825
85.43534,27.776033,1825
85.435326,27.776031,1825
85.43531,27.776028,1825
85.435295,27.776024,1825
85.43528,27.776022,1825
85.435265,27.776022,1825
85.43525,27.776022,1825
85.43524,27.77602,1824
85.43523,27.77602,1824
85.43521,27.77602,1824
85.4352,27.77602,1824
85.43519,27.77602,1824
85.43518,27.776022,1824
85.43517,27.776024,1824
85.435165,27.776026,1824
85.435165,27.776024,1824
85.43516,27.776022,1824
85.43515,27.776018,1824
85.43514,27.776014,1823
85.435135,27.77601,1823
85.43512,27.776007,1823
85.435104,27.776005,1823
85.43509,27.776001,1823
85.435074,27.776,1822
85.43506,27.775995,1822
85.43504,27.775991,1822
85.43503,27.77599,1822
85.43501,27.775986,1822
85.435,27.775982,1822
85.43498,27.77598,1822
85.43497,27.775974,1822
85.43496,27.77597,1822
85.434944,27.775967,1822
85.43494,27.77596,1822
85.43493,27.775955,1822
85.43492,27.775951,1822
85.43491,27.775948,1822
85.434906,27.775944,1822
85.4349,27.77594,1822
85.43489,27.775938,1822
85.43488,27.775934,1822
85.434875,27.775934,1822
85.43487,27.775934,1822
85.43485,27.775934,1822
85.434845,27.775932,1822
85.43484,27.77593,1822
85.43482,27.775928,1822
85.434814,27.775927,1822
85.43481,27.775925,1822
85.43479,27.77592,1822
85.434784,27.775917,1822
85.43478,27.775913,1822
85.43477,27.775908,1822
85.43476,27.775902,1822
85.434746,27.775894,1822
85.43474,27.775888,1822
85.43473,27.775885,1822
85.43472,27.775879,1821
85.434715,27.775875,1821
85.4347,27.775871,1821
85.43469,27.775866,1821
85.434685,27.77586,1821
85.43468,27.775854,1821
85.43467,27.775848,1821
85.43466,27.775845,1821
85.43465,27.775843,1821
85.43464,27.77584,1821
85.43462,27.775839,1821
85.43461,27.775837,1821
85.4346,27.775835,1820
85.434586,27.775833,1820
85.43457,27.775831,1820
85.43456,27.775831,1820
85.434555,27.775831,1820
85.43454,27.775831,1820
85.43453,27.775831,1820
85.43452,27.775831,1820
85.43451,27.775833,1820
85.4345,27.775833,1820
85.43449,27.775835,1820
85.43448,27.775837,1820
85.43447,27.775839,1820
85.434456,27.775843,1820
85.43445,27.77585,1820
85.43444,27.775856,1819
85.43443,27.775862,1819
85.434425,27.775866,1819
85.43441,27.77587,1819
85.4344,27.775871,1819
85.434395,27.775873,1819
85.43439,27.775873,1819
85.43439,27.775875,1819
85.43438,27.775875,1819
85.43437,27.775875,1819
85.434364,27.775875,1819
85.43436,27.775875,1818
85.43435,27.775877,1818
85.43434,27.775879,1818
85.43433,27.77588,1818
85.434326,27.775885,1818
85.43432,27.775887,1818
85.43431,27.77589,1817
85.434296,27.775892,1817
85.43429,27.775892,1817
85.43428,27.775892,1817
85.434265,27.775892,1816
85.43426,27.775892,1816
85.43425,27.77589,1816
85.43424,27.775892,1815
85.434235,27.77589,1815
85.43423,27.775888,1815
85.43422,27.77589,1814
85.43421,27.775892,1814
85.434204,27.775894,1814
85.4342,27.775896,1813
85.43419,27.775898,1813
85.43418,27.7759,1813
85.43418,27.775904,1813
85.434166,27.775904,1813
85.43416,27.775906,1812
85.43415,27.775906,1812
85.43414,27.775906,1812
85.434135,27.775906,1812
85.43413,27.775908,1812
85.43412,27.77591,1812
85.43411,27.775911,1812
85.434105,27.775913,1811
85.4341,27.775917,1811
85.43409,27.77592,1811
85.43408,27.775927,1811
85.434074,27.775928,1811
85.434074,27.775932,1811
85.43407,27.775934,1810
85.43406,27.775936,1810
85.43405,27.775932,1809
85.434044,27.77593,1809
85.43404,27.775928,1809
85.43403,27.775925,1808
85.43402,27.775925,1808
85.43401,27.775927,1808
85.43401,27.775928,1808
85.434006,27.775928,1808
85.434,27.775927,1808
85.43399,27.775927,1807
85.43398,27.775927,1807
85.433975,27.775925,1807
85.43397,27.775925,1806
85.43396,27.77592,1806
85.43395,27.775917,1806
85.433945,27.775911,1806
85.43394,27.775908,1806
85.43392,27.775902,1806
85.43391,27.775898,1805
85.43389,27.775896,1805
85.433876,27.775896,1805
85.43386,27.775894,1804
85.43385,27.775894,1804
85.43384,27.775892,1804
85.43382,27.775892,1804
85.433815,27.775892,1804
85.4338,27.77589,1804
85.433784,27.77589,1803
85.43378,27.775888,1803
85.43376,27.775888,1803
85.433754,27.775887,1803
85.43375,27.775887,1803
85.43373,27.775885,1803
85.43372,27.775885,1803
85.43371,27.775883,1803
85.4337,27.77588,1803
85.433685,27.775877,1802
85.43368,27.775875,1802
85.43367,27.775871,1802
85.433655,27.775867,1802
85.43365,27.775864,1802
85.43363,27.775864,1802
85.43362,27.775866,1802
85.43361,27.77587,1802
85.43359,27.775875,1802
85.43359,27.775879,1802
85.433586,27.775883,1802
85.433586,27.775888,1802
85.433586,27.775892,1802
85.433586,27.775896,1802
85.433586,27.775894,1802
85.433586,27.775892,1802
85.43358,27.775892,1802
85.43357,27.775892,1802
85.43356,27.775894,1802
85.43356,27.775898,1802
85.433556,27.7759,1802
85.43355,27.775904,1801
85.43354,27.775906,1801
85.433525,27.77591,1801
85.43352,27.775915,1801
85.43351,27.77592,1801
85.4335,27.775927,1801
85.43349,27.775934,1801
85.43348,27.77594,1800
85.43347,27.775946,1800
85.433464,27.77595,1800
85.43346,27.775951,1800
85.43345,27.775953,1800
85.43345,27.775955,1800
85.43344,27.775953,1800
85.43343,27.775953,1800
85.43343,27.775951,1800
85.43343,27.775948,1800
85.433426,27.775942,1800
85.433426,27.775934,1800
85.433426,27.775927,1800
85.433426,27.775919,1800
85.433426,27.775911,1800
85.433426,27.775906,1799
85.433426,27.775896,1799
85.433426,27.775887,1799
85.433426,27.775877,1799
85.433426,27.775867,1799
85.43342,27.775856,1799
85.43341,27.775846,1798
85.43341,27.775837,1798
85.433395,27.775833,1798
85.43339,27.775827,1798
85.43337,27.775822,1798
85.433365,27.775816,1798
85.43336,27.775812,1798
85.43335,27.775808,1798
85.43334,27.775805,1798
85.433334,27.7758,1798
85.43333,27.775799,1798
85.43332,27.775797,1798
85.433304,27.775795,1798
85.4333,27.775793,1798
85.43329,27.775791,1798
85.43328,27.775787,1798
85.433266,27.775784,1798
85.43326,27.775782,1798
85.43326,27.775778,1798
85.43325,27.775772,1798
85.43324,27.775768,1798
85.43324,27.77576,1798
85.433235,27.775755,1798
85.43323,27.77575,1798
85.43323,27.775745,1798
85.43322,27.775743,1798
85.43321,27.775742,1798
85.4332,27.775736,1798
85.43319,27.775738,1798
85.43318,27.775738,1798
85.43317,27.775738,1798
85.43316,27.775736,1798
85.43315,27.775736,1798
85.43314,27.775734,1798
85.43313,27.775732,1798
85.43311,27.77573,1798
85.4331,27.775728,1798
85.43309,27.775728,1798
85.433075,27.775726,1798
85.43306,27.775726,1798
85.43305,27.775726,1798
85.433044,27.775726,1798
85.43304,27.775724,1798
85.43303,27.775723,1798
85.43302,27.775723,1798
85.433014,27.775723,1794
85.43301,27.775723,1794
85.433,27.775723,1794
85.43299,27.775723,1793
85.43298,27.775723,1793
85.432976,27.77572,1793
85.43297,27.77572,1793
85.43296,27.775719,1793
85.43295,27.775717,1793
85.432945,27.775715,1792
85.432945,27.775711,1792
85.43294,27.77571,1792
85.43293,27.775707,1792
85.43292,27.775705,1791
85.432915,27.775703,1791
85.43291,27.7757,1791
85.4329,27.775698,1791
85.43289,27.775694,1791
85.432884,27.775692,1791
85.43288,27.775688,1790
85.43286,27.775686,1790
85.43285,27.775686,1790
85.432846,27.775688,1790
85.43284,27.77569,1790
85.43282,27.775692,1790
85.432816,27.775696,1790
85.43281,27.775698,1790
85.4328,27.7757,1789
85.43279,27.775703,1789
85.432785,27.775707,1789
85.43278,27.775711,1789
85.43276,27.775715,1789
85.432755,27.775717,1789
85.43275,27.775719,1789
85.43273,27.77572,1789
85.432724,27.775723,1788
85.43272,27.775723,1788
85.4327,27.775723,1788
85.43269,27.775723,1788
85.432686,27.775723,1788
85.43267,27.775723,1788
85.43266,27.775723,1788
85.432655,27.775723,1788
85.43265,27.77572,1787
85.43264,27.775717,1787
85.43263,27.775713,1787
85.432625,27.77571,1787
85.43262,27.775707,1787
85.43261,27.775703,1787
85.4326,27.775696,1786
85.4326,27.775694,1786
85.432594,27.77569,1786
85.432594,27.775696,1786
85.43259,27.775696,1786
85.43258,27.775698,1786
85.43257,27.775702,1786
85.43256,27.775705,1786
85.432556,27.775711,1786
85.43255,27.775715,1786
85.43254,27.775719,1785
85.432526,27.775723,1785
85.43252,27.775726,1785
85.4325,27.775728,1784
85.432495,27.77573,1784
85.43249,27.775728,1784
85.43248,27.775726,1783
85.43248,27.775724,1783
85.43247,27.77572,1783
85.432465,27.775719,1783
85.432465,27.775715,1782
85.43246,27.775713,1782
85.43246,27.77571,1782
85.43245,27.775707,1782
85.43244,27.775705,1782
85.43244,27.775703,1781
85.432434,27.775702,1781
85.43243,27.775702,1781
85.43242,27.775702,1781
85.43241,27.7757,1780
85.432396,27.775698,1780
85.43239,27.775696,1780
85.43239,27.775692,1779
85.43238,27.775688,1779
85.43237,27.775682,1779
85.43237,27.775677,1779
85.432365,27.775671,1779
85.43236,27.775663,1779
85.43235,27.77566,1779
85.43234,27.775656,1778
85.432335,27.77565,1778
85.43233,27.775644,1778
85.43232,27.775639,1778
85.43231,27.775633,1778
85.43231,27.775629,1778
85.432304,27.775627,1777
85.4323,27.775623,1777
85.43229,27.77562,1776
85.43228,27.775614,1776
85.432274,27.77561,1776
85.43227,27.775606,1776
85.43226,27.775602,1775
85.43225,27.7756,1775
85.43224,27.775597,1775
85.432236,27.775593,1775
85.43223,27.775587,1774
85.43222,27.775583,1774
85.43221,27.77558,1774
85.432205,27.775576,1774
85.4322,27.775574,1773
85.43219,27.77557,1773
85.43218,27.775568,1773
85.432175,27.775566,1773
85.43217,27.775564,1772
85.43216,27.77556,1772
85.43215,27.775557,1772
85.432144,27.775553,1772
85.43214,27.775549,1772
85.43213,27.775547,1771
85.43212,27.775543,1771
85.43211,27.775541,1771
85.4321,27.775537,1771
85.4321,27.77554,1771
85.4321,27.775541,1771
85.4321,27.775543,1771
85.4321,27.775549,1771
85.4321,27.775545,1771
85.4321,27.775543,1771
85.4321,27.775541,1771
85.4321,27.775537,1771
85.43209,27.77554,1771
85.43208,27.77554,1771
85.432076,27.77554,1770
85.43207,27.775541,1770
85.43206,27.775541,1770
85.43205,27.775543,1770
85.43204,27.775545,1769
85.43203,27.775547,1769
85.432014,27.775549,1769
85.432,27.77555,1769
85.431984,27.77555,1768
85.43198,27.77555,1768
85.43196,27.775549,1768
85.43195,27.775549,1768
85.431946,27.775549,1767
85.43194,27.775549,1767
85.43193,27.775549,1767
85.43192,27.775549,1767
85.43191,27.775549,1766
85.4319,27.775545,1766
85.43189,27.775543,1766
85.431885,27.77554,1766
85.43187,27.775537,1765
85.43186,27.775536,1765
85.431854,27.775534,1765
85.43184,27.775534,1765
85.43183,27.775534,1765
85.43182,27.775534,1764
85.43181,27.775532,1764
85.4318,27.775532,1764
85.43179,27.775534,1764
85.431786,27.775534,1763
85.43178,27.775534,1763
85.43177,27.775534,1763
85.43177,27.775532,1763
85.43176,27.77553,1763
85.431755,27.775534,1763
85.431755,27.775536,1763
85.431755,27.775537,1763
85.43176,27.77554,1763
85.43176,27.775543,1763
85.43177,27.775547,1763
85.43178,27.77555,1763
85.43178,27.775549,1763
85.43178,27.775545,1763
85.43177,27.775543,1763
85.43177,27.775537,1763
85.43177,27.775532,1763
85.43177,27.775524,1762
85.43176,27.775517,1762
85.43176,27.775513,1762
85.43176,27.775507,1761
85.43176,27.775503,1761
85.43176,27.7755,1761
85.43176,27.775496,1761
85.431755,27.775494,1761
85.431755,27.77549,1761
85.431755,27.775486,1761
85.43175,27.775484,1761
85.43175,27.775482,1760
85.43174,27.77548,1760
85.43174,27.775478,1760
85.43173,27.775476,1760
85.43173,27.775475,1759
85.43173,27.77547,1759
85.431725,27.775467,1759
85.431725,27.775463,1759
85.43172,27.77546,1759
85.43172,27.775455,1758
85.43172,27.775452,1758
85.43171,27.775446,1758
85.4317,27.775442,1758
85.4317,27.77544,1757
85.4317,27.775438,1757
85.431694,27.77543,1757
85.431694,27.775429,1757
85.43169,27.775427,1756
85.43169,27.775423,1756
85.43168,27.775417,1755
85.43168,27.775412,1755
85.43167,27.775406,1754
85.43167,27.7754,1754
85.431656,27.775385,1754
85.43165,27.775375,1754
85.43165,27.775373,1754
85.43164,27.775372,1754
85.43164,27.775368,1753
85.43163,27.775366,1753
85.43163,27.775362,1752
85.431625,27.775358,1752
85.43162,27.775352,1752
85.43161,27.775347,1752
85.4316,27.775343,1751
85.431595,27.77534,1751
85.43157,27.775331,1751
85.431564,27.775331,1751
85.43156,27.775331,1751
85.43155,27.775331,1750
85.43155,27.775333,1750
85.43154,27.775335,1750
85.43153,27.77534,1750
85.431526,27.775341,1750
85.43152,27.775343,1750
85.43151,27.775343,1750
85.4315,27.775345,1750
85.4315,27.77534,1750
85.4315,27.775337,1750
85.43149,27.775337,1750
85.43148,27.775337,1750
85.43147,27.775335,1749
85.431465,27.775333,1749
85.43145,27.775328,1748
85.431435,27.775322,1748
85.43142,27.775316,1748
85.431404,27.775309,1748
85.43139,27.775301,1747
85.43137,27.775295,1747
85.43136,27.775291,1747
85.43135,27.775288,1747
85.43134,27.775284,1747
85.431335,27.77528,1747
85.43133,27.775278,1747
85.43132,27.775276,1747
85.43131,27.775272,1747
85.431305,27.775269,1747
85.431305,27.775267,1747
85.4313,27.775263,1747
85.43128,27.775257,1747
85.431274,27.775257,1747
85.43127,27.775255,1746
85.43126,27.775255,1746
85.43126,27.775253,1745
85.43125,27.775253,1745
85.431244,27.775251,1745
85.43124,27.77525,1745
85.43124,27.775248,1745
85.43123,27.775246,1745
85.43122,27.775246,1745
85.43121,27.775244,1745
85.43121,27.775242,1745
85.431206,27.77524,1744
85.4312,27.775236,1744
85.43119,27.775234,1744
85.43118,27.77523,1743
85.431175,27.775229,1743
85.43117,27.775225,1743
85.43116,27.77522,1743
85.43116,27.775217,1742
85.43115,27.775213,1742
85.43115,27.77521,1742
85.43116,27.775204,1742
85.43116,27.775202,1742
85.43116,27.775198,1741
85.43116,27.775196,1741
85.43117,27.775192,1741
85.43117,27.77519,1741
85.431175,27.775187,1740
85.431175,27.775183,1740
85.43118,27.775179,1740
85.43118,27.775173,1740
85.43118,27.77517,1739
85.43119,27.775164,1739
85.43119,27.775156,1739
85.4312,27.775148,1739
85.4312,27.775139,1738
85.431206,27.775131,1738
85.431206,27.775124,1738
85.431206,27.775118,1738
85.43121,27.775112,1738
85.43121,27.775106,1738
85.431206,27.7751,1737
85.431206,27.775097,1737
85.431206,27.775091,1737
85.431206,27.775085,1736
85.431206,27.77508,1736
85.4312,27.775072,1736
85.4312,27.775066,1736
85.43119,27.775063,1735
85.43119,27.775057,1735
85.43119,27.775051,1735
85.43118,27.775047,1735
85.43118,27.775042,1734
85.43118,27.775036,1734
85.431175,27.77503,1734
85.431175,27.775024,1734
85.43117,27.775019,1733
85.43117,27.775013,1733
85.43116,27.775007,1733
85.43116,27.775003,1733
85.43115,27.775,1732
85.431145,27.774996,1732
85.43113,27.774988,1732
85.43113,27.774984,1732
85.43112,27.77498,1731
85.43112,27.774979,1731
85.431114,27.774979,1731
85.431114,27.774977,1731
85.431114,27.774973,1731
85.431114,27.774971,1731
85.431114,27.774967,1730
85.43111,27.774963,1730
85.43111,27.77496,1730
85.4311,27.774946,1730
85.4311,27.774939,1730
85.4311,27.774937,1729
85.4311,27.774935,1729
85.43109,27.774935,1729
85.43108,27.774925,1729
85.43108,27.774923,1729
85.43108,27.774918,1728
85.431076,27.77491,1727
85.431076,27.774902,1727
85.43107,27.77489,1726
85.43107,27.774881,1726
85.43106,27.774872,1726
85.43105,27.77486,1725
85.431046,27.77485,1725
85.431046,27.774843,1724
85.43104,27.774836,1724
85.43103,27.77483,1724
85.43103,27.774824,1724
85.43103,27.77482,1724
85.43102,27.774815,1723
85.43102,27.774803,1723
85.431015,27.774788,1723
85.43101,27.774786,1723
85.431,27.774778,1723
85.430984,27.774769,1723
85.43097,27.774761,1721
85.430954,27.774752,1721
85.43094,27.774742,1721
85.43092,27.77473,1720
85.43091,27.774721,1720
85.43089,27.77471,1720
85.430885,27.7747,1720
85.43088,27.774689,1720
85.43087,27.77468,1719
85.43087,27.774672,1719
85.43086,27.774662,1719
85.43086,27.774654,1719
85.430855,27.774647,1719
85.430855,27.77464,1719
85.430855,27.774632,1718
85.43085,27.774622,1718
85.43085,27.774612,1718
85.43085,27.774601,1718
85.43085,27.77459,1718
85.43085,27.774578,1717
85.430855,27.774567,1717
85.430855,27.774553,1716
85.430855,27.774542,1716
85.430855,27.774532,1716
85.430855,27.774523,1716
85.43085,27.774513,1716
85.43084,27.774504,1716
85.43084,27.774496,1716
85.43083,27.77449,1716
85.430824,27.774475,1716
85.430824,27.774473,1716
85.43082,27.774466,1715
85.43082,27.774464,1715
85.43082,27.77446,1715
85.43081,27.774454,1715
85.4308,27.774448,1715
85.4308,27.77444,1714
85.43079,27.774435,1714
85.430786,27.77443,1713
85.43078,27.774424,1713
85.43077,27.774418,1713
85.43076,27.774412,1713
85.430756,27.774406,1712
85.43075,27.774403,1712
85.43074,27.774397,1712
85.43073,27.774393,1712
85.43073,27.77439,1712
85.430725,27.774385,1711
85.430725,27.77438,1711
85.43072,27.774374,1711
85.43071,27.77437,1711
85.43071,27.774364,1711
85.4307,27.77436,1710
85.4307,27.774355,1710
85.430695,27.774353,1710
85.43069,27.77435,1709
85.43068,27.774343,1709
85.43068,27.77434,1709
85.43067,27.774336,1709
85.43067,27.774332,1709
85.430664,27.774326,1709
85.430664,27.77432,1708
85.43066,27.774315,1708
85.43066,27.77431,1708
85.43066,27.774303,1708
85.43066,27.774296,1707
85.43066,27.77429,1707
85.43066,27.774282,1707
85.43066,27.774275,1707
85.43066,27.774267,1706
85.430664,27.77426,1706
85.430664,27.774252,1706
85.430664,27.774244,1706
85.430664,27.774239,1706
85.430664,27.774231,1705
85.43067,27.774223,1705
85.43067,27.774216,1705
85.43067,27.774206,1705
85.43067,27.774197,1704
85.43067,27.774187,1704
85.43067,27.774178,1704
85.430664,27.774166,1704
85.430664,27.774158,1704
85.430664,27.77415,1704
85.430664,27.774143,1704
85.43066,27.774137,1704
85.43066,27.774132,1703
85.43066,27.774128,1703
85.43065,27.774122,1703
85.43065,27.774117,1703
85.43064,27.77411,1703
85.43064,27.774105,1703
85.43064,27.7741,1703
85.43063,27.774094,1702
85.43063,27.77409,1702
85.43063,27.774084,1702
85.430626,27.77408,1702
85.430626,27.774076,1701
85.430626,27.77407,1701
85.430626,27.774065,1701
85.43062,27.77406,1701
85.43062,27.774055,1700
85.43062,27.77405,1700
85.43062,27.774042,1700
85.43061,27.774038,1700
85.43061,27.774033,1700
85.43061,27.774027,1699
85.4306,27.774023,1699
85.4306,27.774017,1699
85.4306,27.774014,1699
85.430595,27.774008,1699
85.430595,27.774002,1698
85.430595,27.773996,1698
85.43059,27.77399,1697
85.43059,27.773985,1697
85.43058,27.77398,1697
85.43058,27.773973,1697
85.43057,27.773968,1696
85.430565,27.773964,1696
85.43056,27.773962,1696
85.43056,27.773956,1696
85.43055,27.773952,1696
85.43054,27.773949,1695
85.430534,27.773943,1695
85.43053,27.773937,1695
85.43052,27.773932,1695
85.43052,27.773926,1695
85.43051,27.77392,1695
85.43051,27.773912,1694
85.430504,27.773905,1694
85.430504,27.773895,1694
85.430504,27.773888,1694
85.430504,27.773876,1694
85.4305,27.773867,1694
85.430504,27.773859,1694
85.430504,27.77385,1694
85.430504,27.773842,1693
85.430504,27.773834,1693
85.430504,27.773827,1693
85.430504,27.773819,1693
85.4305,27.773813,1693
85.4305,27.773808,1693
85.4305,27.773802,1693
85.4305,27.773796,1693
85.4305,27.773792,1693
85.4305,27.773785,1693
85.4305,27.773779,1693
85.4305,27.773771,1692
85.430504,27.773764,1692
85.430504,27.773754,1692
85.430504,27.773745,1692
85.430504,27.773735,1692
85.430504,27.773727,1692
85.430504,27.77372,1691
85.430504,27.773714,1691
85.430504,27.773708,1691
85.4305,27.7737,1691
85.4305,27.773695,1691
85.43049,27.773687,1691
85.43048,27.77368,1691
85.43047,27.773674,1690
85.43047,27.773668,1690
85.430466,27.773663,1690
85.43046,27.773659,1690
85.43046,27.773655,1690
85.43045,27.773653,1690
85.43045,27.773651,1690
85.43044,27.77365,1689
85.43044,27.773645,1689
85.430435,27.773642,1689
85.430435,27.773636,1689
85.43043,27.77363,1689
85.43043,27.773624,1689
85.43042,27.77362,1688
85.43042,27.773615,1688
85.43041,27.77361,1688
85.430405,27.773603,1688
85.4304,27.773598,1688
85.43039,27.773594,1688
85.43038,27.77359,1688
85.430374,27.773588,1687
85.430374,27.773586,1687
85.43037,27.773582,1687
85.43037,27.773579,1687
85.43036,27.773573,1687
85.43035,27.77357,1687
85.43035,27.773565,1687
85.43034,27.77356,1687
85.43034,27.773556,1686
85.430336,27.773552,1686
85.430336,27.773548,1686
85.43033,27.773546,1686
85.43033,27.773542,1686
85.43032,27.77354,1686
85.43031,27.773537,1686
85.430305,27.773535,1685
85.4303,27.773531,1685
85.43029,27.773527,1685
85.43029,27.773525,1685
85.43028,27.77352,1685
85.430275,27.773518,1684
85.43027,27.773512,1684
85.43026,27.773506,1684
85.43025,27.7735,1684
85.43025,27.773495,1683
85.430244,27.773489,1683
85.43024,27.773481,1683
85.43024,27.773476,1683
85.43023,27.773468,1683
85.43022,27.77346,1682
85.43022,27.773455,1682
85.430214,27.773447,1682
85.43021,27.77344,1682
85.43021,27.773434,1681
85.4302,27.773428,1681
85.4302,27.773424,1681
85.43019,27.77342,1681
85.43019,27.773415,1681
85.43018,27.773409,1681
85.43018,27.773401,1680
85.430176,27.773396,1680
85.430176,27.77339,1680
85.43017,27.773382,1680
85.43016,27.773375,1679
85.43015,27.773367,1679
85.43015,27.77336,1679
85.430145,27.773354,1679
85.43014,27.773346,1678
85.43013,27.77334,1678
85.43013,27.773333,1678
85.43012,27.773327,1678
85.43012,27.77332,1678
85.430115,27.773312,1677
85.430115,27.773302,1677
85.43011,27.773293,1677
85.43011,27.773285,1677
85.4301,27.773273,1677
85.4301,27.773264,1676
85.43009,27.773254,1676
85.43009,27.773247,1676
85.430084,27.77324,1676
85.43008,27.773233,1676
85.43007,27.773226,1676
85.43006,27.773218,1676
85.43005,27.77321,1675
85.430046,27.773205,1675
85.43004,27.7732,1675
85.43003,27.773195,1675
85.43002,27.773191,1675
85.430016,27.773188,1675
85.43001,27.773184,1675
85.43,27.773182,1675
85.42999,27.773178,1674
85.429985,27.773176,1674
85.42998,27.773174,1674
85.42997,27.773174,1674
85.42996,27.77317,1674
85.429955,27.77317,1674
85.42995,27.77317,1674
85.42994,27.773172,1674
85.42993,27.773174,1673
85.429924,27.773176,1673
85.42992,27.773176,1673
85.42992,27.773174,1673
85.42991,27.773174,1673
85.4299,27.77317,1673
85.42989,27.773169,1673
85.429886,27.773163,1673
85.42988,27.77316,1672
85.42986,27.773157,1672
85.429855,27.773153,1672
85.42984,27.77315,1672
85.42983,27.773146,1672
85.42982,27.773142,1672
85.42981,27.773138,1671
85.4298,27.773134,1671
85.42979,27.773129,1671
85.42978,27.773123,1671
85.42977,27.773115,1671
85.42976,27.77311,1671
85.429756,27.773102,1671
85.429756,27.773096,1671
85.42975,27.77309,1670
85.42974,27.773085,1670
85.42973,27.773079,1670
85.42973,27.773075,1670
85.42972,27.773073,1670
85.42971,27.773071,1670
85.4297,27.77307,1670
85.429695,27.773067,1669
85.42969,27.773064,1669
85.42968,27.77306,1669
85.42967,27.773056,1669
85.429665,27.77305,1669
85.42965,27.773045,1668
85.42964,27.773037,1668
85.42963,27.77303,1668
85.42962,27.773026,1668
85.4296,27.77302,1667
85.42959,27.773014,1667
85.42957,27.77301,1667
85.42956,27.773005,1667
85.42954,27.773,1667
85.429535,27.772997,1667
85.42953,27.772993,1667
85.42952,27.772987,1667
85.42951,27.772982,1667
85.429504,27.772978,1666
85.4295,27.772972,1666
85.42949,27.772966,1666
85.42948,27.77296,1666
85.429474,27.772957,1666
85.42947,27.772951,1665
85.42946,27.772947,1665
85.42945,27.772945,1665
85.42944,27.772942,1665
85.429436,27.77294,1665
85.42943,27.772936,1665
85.42942,27.772934,1664
85.429405,27.77293,1664
85.4294,27.772926,1664
85.42939,27.77292,1664
85.429375,27.772915,1664
85.42937,27.77291,1664
85.42936,27.772902,1664
85.429344,27.772896,1664
85.42934,27.772892,1663
85.42933,27.772888,1663
85.42931,27.772884,1663
85.429306,27.772882,1663
85.4293,27.77288,1663
85.42928,27.772879,1663
85.429276,27.772879,1663
85.42927,27.772879,1663
85.42926,27.77288,1663
85.42925,27.77288,1662
85.429245,27.772882,1662
85.42923,27.772882,1662
85.42922,27.772884,1662
85.429214,27.772884,1662
85.4292,27.772886,1662
85.42919,27.772888,1662
85.429184,27.77289,1661
85.42917,27.772892,1661
85.42916,27.772894,1661
85.42915,27.772896,1661
85.429146,27.772898,1661
85.42913,27.7729,1661
85.42912,27.772902,1661
85.42911,27.772903,1661
85.42909,27.772903,1661
85.42908,27.772905,1660
85.42907,27.77291,1660
85.429054,27.772913,1660
85.42905,27.772917,1660
85.42903,27.772923,1660
85.42902,27.772928,1660
85.429016,27.772932,1660
85.429,27.772936,1659
85.42899,27.77294,1659
85.428986,27.772942,1659
85.42898,27.772943,1659
85.42895,27.772947,1659
85.42895,27.772945,1659
85.42895,27.772942,1659
85.42894,27.77294,1659
85.42893,27.772936,1658
85.42893,27.77293,1658
85.428925,27.772924,1658
85.428925,27.772919,1658
85.42892,27.772913,1658
85.42892,27.772907,1658
85.42891,27.7729,1658
85.42891,27.772896,1658
85.4289,27.772892,1658
85.428894,27.772882,1657
85.428894,27.77288,1657
85.428894,27.772877,1657
85.42889,27.772873,1657
85.42889,27.772871,1657
85.42889,27.772863,1657
85.42888,27.772858,1657
85.42888,27.772856,1657
85.42887,27.77285,1657
85.42886,27.772844,1656
85.428856,27.772837,1656
85.42885,27.77283,1656
85.42884,27.772821,1656
85.42883,27.772816,1656
85.428825,27.772808,1655
85.428825,27.772802,1655
85.42881,27.772785,1655
85.42881,27.772783,1655
85.4288,27.77278,1654
85.428795,27.772778,1654
85.42879,27.772776,1654
85.42878,27.772774,1654
85.428764,27.772772,1654
85.42876,27.77277,1654
85.42875,27.772766,1654
85.42874,27.772762,1654
85.428734,27.772758,1654
85.428734,27.772753,1654
85.42873,27.772747,1653
85.42873,27.77274,1653
85.42872,27.772732,1653
85.42872,27.772722,1653
85.42872,27.772715,1653
85.42871,27.772709,1653
85.42871,27.772703,1652
85.4287,27.772697,1652
85.4287,27.772692,1652
85.428696,27.772686,1652
85.42869,27.772678,1651
85.42868,27.77267,1651
85.42867,27.772661,1651
85.428665,27.772654,1651
85.42866,27.772644,1650
85.42865,27.772635,1650
85.42864,27.772625,1649
85.428635,27.77262,1649
85.42863,27.772614,1649
85.42861,27.77261,1649
85.428604,27.772604,1648
85.4286,27.772598,1648
85.42858,27.77259,1648
85.42857,27.772583,1648
85.42856,27.772575,1648
85.42855,27.772568,1647
85.42854,27.77256,1647
85.428535,27.77255,1647
85.428535,27.772545,1647
85.428535,27.772537,1647
85.428535,27.772532,1646
85.42854,27.772526,1646
85.42855,27.772522,1646
85.42856,27.772518,1646
85.428566,27.772516,1646
85.42857,27.772514,1646
85.42858,27.772512,1645
85.428604,27.772509,1645
85.42861,27.772509,1645
85.42862,27.772509,1645
85.42863,27.772509,1645
85.428635,27.77251,1644
85.42865,27.772512,1644
85.428665,27.772514,1644
85.42868,27.772516,1644
85.42869,27.772518,1643
85.4287,27.772518,1643
85.42872,27.772518,1643
85.428734,27.772518,1643
85.42875,27.772516,1643
85.428764,27.772514,1643
85.42877,27.772512,1642
85.42879,27.77251,1642
85.4288,27.772509,1642
85.42881,27.772507,1642
85.428825,27.772503,1642
85.42883,27.772497,1642
85.42884,27.772493,1642
85.42885,27.77249,1641
85.428856,27.772484,1641
85.428856,27.772476,1641
85.428856,27.77247,1641
85.428856,27.772465,1641
85.42885,27.77246,1641
85.42884,27.772459,1640
85.42883,27.772457,1640
85.42882,27.772455,1640
85.4288,27.772455,1640
85.42879,27.772455,1640
85.42877,27.772453,1640
85.42876,27.772455,1640
85.42874,27.772455,1640
85.428734,27.772457,1640
85.42872,27.772457,1640
85.4287,27.772457,1639
85.42869,27.772455,1639
85.42868,27.772453,1639
85.428665,27.77245,1639
85.42865,27.772446,1639
85.42864,27.77244,1639
85.42863,27.772436,1639
85.42862,27.77243,1639
85.428604,27.772427,1639
85.42859,27.772423,1638
85.42857,27.77242,1638
85.42856,27.772417,1638
85.42854,27.772415,1638
85.42853,27.772415,1638
85.42852,27.772413,1638
85.428505,27.772411,1638
85.4285,27.772411,1638
85.42848,27.77241,1638
85.42847,27.772408,1637
85.42846,27.772406,1637
85.428444,27.772402,1637
85.42844,27.7724,1637
85.42842,27.772398,1637
85.42841,27.772394,1637
85.4284,27.77239,1637
85.42839,27.772387,1637
85.42838,27.772385,1637
85.428375,27.772385,1636
85.42837,27.772383,1636
85.42835,27.772383,1636
85.42834,27.772383,1636
85.42832,27.772383,1636
85.428314,27.77238,1636
85.4283,27.77238,1636
85.42829,27.772379,1636
85.428276,27.772375,1636
85.42827,27.772371,1636
85.42826,27.772366,1636
85.42825,27.77236,1636
85.42825,27.772356,1636
85.428246,27.77235,1636
85.42824,27.772345,1636
85.42824,27.772339,1636
85.42823,27.772333,1636
85.42823,27.77233,1635
85.428215,27.772316,1635
85.428215,27.772314,1635
85.42821,27.772316,1635
85.42821,27.772314,1635
85.42821,27.77231,1635
85.4282,27.772306,1635
85.4282,27.772305,1635
85.4282,27.772303,1635
85.42819,27.772293,1635
85.42819,27.772291,1635
85.42819,27.77229,1633
85.428185,27.772284,1633
85.42818,27.772284,1632
85.42817,27.772284,1632
85.42816,27.772284,1632
85.428154,27.772282,1632
85.42815,27.772282,1632
85.42813,27.77228,1631
85.42812,27.77228,1631
85.42811,27.77228,1631
85.4281,27.772278,1631
85.428085,27.772278,1631
85.42808,27.772278,1631
85.42807,27.772276,1630
85.42806,27.772276,1630
85.428055,27.772276,1630
85.42805,27.772276,1629
85.42803,27.772274,1629
85.42803,27.772272,1629
85.428024,27.77227,1628
85.42802,27.772266,1627
85.428,27.77226,1627
85.427986,27.772257,1626
85.42796,27.772253,1626
85.42794,27.77225,1625
85.427925,27.772242,1625
85.42791,27.772234,1625
85.427895,27.772228,1625
85.42788,27.772223,1624
85.42787,27.772217,1624
85.427864,27.772213,1624
85.427864,27.77221,1624
85.42786,27.772205,1624
85.42786,27.772203,1623
85.42785,27.772192,1623
85.42785,27.772188,1623
85.42784,27.772186,1623
85.42784,27.772182,1623
85.42783,27.77218,1622
85.42783,27.772179,1622
85.427826,27.772175,1622
85.42782,27.772171,1622
85.42781,27.772165,1621
85.4278,27.772163,1621
85.4278,27.77216,1620
85.4278,27.772156,1620
85.4278,27.772152,1620
85.42781,27.772148,1620
85.42781,27.772144,1619
85.42782,27.77214,1619
85.42782,27.772137,1619
85.42782,27.772135,1619
85.42781,27.772127,1619
85.42782,27.772123,1618
85.42782,27.772118,1618
85.42781,27.772112,1618
85.42781,27.772106,1617
85.4278,27.7721,1617
85.4278,27.772095,1617
85.4278,27.772089,1617
85.427795,27.772085,1616
85.427795,27.772081,1616
85.42779,27.77208,1615
85.42778,27.772078,1615
85.42777,27.772074,1615
85.427765,27.772072,1615
85.42776,27.772066,1615
85.42776,27.772064,1615
85.42776,27.77206,1614
85.42776,27.772057,1614
85.42776,27.772053,1614
85.42776,27.772049,1613
85.42776,27.772041,1613
85.427765,27.772032,1613
85.427765,27.772022,1613
85.427765,27.772015,1613
85.427765,27.772009,1612
85.42777,27.771994,1612
85.42777,27.771992,1612
85.42777,27.771984,1612
85.42777,27.771978,1612
85.42778,27.771948,1612
85.42778,27.771946,1612
85.42778,27.771942,1612
85.42777,27.771935,1612
85.42777,27.771933,1612
85.42778,27.771929,1612
85.42778,27.771925,1611
85.42777,27.771921,1611
85.42777,27.771904,1611
85.42777,27.771902,1610
85.42778,27.771893,1609
85.42778,27.771881,1609
85.42778,27.77187,1608
85.42779,27.771858,1608
85.42779,27.771847,1607
85.42779,27.771835,1607
85.42779,27.771822,1606
85.42779,27.771809,1606
85.42779,27.771797,1606
85.42779,27.77179,1606
85.427795,27.771774,1605
85.427795,27.771769,1605
85.427795,27.77177,1605
85.4278,27.77177,1604
85.42781,27.77178,1604
85.42781,27.771782,1603
85.42781,27.77178,1603
85.42781,27.771776,1602
85.42781,27.771769,1602
85.42781,27.77176,1602
85.42781,27.771753,1602
85.42781,27.771744,1601
85.42781,27.771732,1601
85.42781,27.771719,1601
85.42781,27.771706,1600
85.42781,27.771694,1600
85.42781,27.771685,1600
85.42781,27.771679,1600
85.42782,27.77167,1600
85.42782,27.771662,1600
85.427826,27.771654,1599
85.42783,27.771646,1599
85.42784,27.77164,1599
85.427864,27.771622,1599
85.427864,27.77162,1599
85.427864,27.771618,1599
85.427864,27.771614,1599
85.42787,27.77161,1599
85.42787,27.771603,1599
85.42787,27.771595,1599
85.42787,27.77159,1598
85.42788,27.771582,1598
85.42788,27.771574,1598
85.42788,27.771563,1598
85.42789,27.771551,1598
85.42789,27.77154,1597
85.427895,27.771528,1597
85.4279,27.771517,1596
85.4279,27.771505,1596
85.42791,27.771494,1596
85.42792,27.771482,1596
85.42792,27.771471,1595
85.427925,27.771461,1595
85.427925,27.771452,1595
85.42792,27.771442,1595
85.42792,27.77143,1594
85.42792,27.771418,1594
85.42791,27.771404,1594
85.4279,27.771393,1594
85.4279,27.771383,1594
85.427895,27.771374,1594
85.42789,27.771364,1593
85.42788,27.771353,1593
85.42788,27.771343,1593
85.42788,27.771332,1593
85.42787,27.771322,1593
85.42787,27.77131,1593
85.427864,27.771297,1593
85.427864,27.771286,1593
85.427864,27.771275,1593
85.42786,27.771263,1593
85.42786,27.771254,1593
85.42785,27.771244,1593
85.42785,27.771235,1592
85.42784,27.771223,1592
85.42784,27.771214,1592
85.42783,27.771202,1592
85.42783,27.771193,1592
85.427826,27.771181,1592
85.42782,27.77117,1592
85.42781,27.77116,1592
85.4278,27.77115,1592
85.427795,27.771141,1592
85.42779,27.771132,1592
85.42778,27.771122,1592
85.42778,27.771112,1592
85.42777,27.771105,1592
85.427765,27.771097,1592
85.42776,27.77109,1592
85.42775,27.771084,1592
85.42774,27.771078,1592
85.427734,27.771072,1592
85.42773,27.771069,1592
85.42772,27.771065,1592
85.42771,27.771059,1592
85.427704,27.771055,1592
85.4277,27.771053,1592
85.42769,27.77105,1592
85.42768,27.771044,1592
85.427666,27.771036,1592
85.42765,27.771027,1592
85.427635,27.77102,1592
85.42762,27.771017,1592
85.427605,27.771013,1592
85.42759,27.77101,1592
85.427574,27.771006,1591
85.42756,27.771002,1591
85.42755,27.770998,1591
85.427536,27.770994,1591
85.42753,27.77099,1590
85.42752,27.770987,1590
85.427505,27.770983,1590
85.4275,27.770979,1590
85.42749,27.770979,1590
85.42748,27.770979,1590
85.427475,27.770979,1590
85.42747,27.77098,1589
85.42746,27.770985,1589
85.42745,27.770988,1589
85.42745,27.770994,1589
85.427444,27.770998,1588
85.427444,27.771004,1588
85.42744,27.771008,1588
85.42744,27.771013,1588
85.42743,27.771019,1587
85.42743,27.771025,1587
85.42742,27.771032,1587
85.42742,27.771042,1586
85.42742,27.771051,1586
85.42743,27.771059,1586
85.42743,27.771067,1586
85.42743,27.771072,1586
85.42744,27.77108,1585
85.427444,27.771086,1585
85.42745,27.771101,1585
85.42745,27.771103,1585
85.42745,27.771105,1585
85.42745,27.771107,1585
85.42746,27.77111,1585
85.42747,27.771116,1585
85.42747,27.771118,1584
85.42747,27.771122,1584
85.42747,27.771126,1583
85.427475,27.771132,1583
85.427475,27.771137,1583
85.427475,27.771143,1583
85.42747,27.771149,1582
85.42747,27.771154,1582
85.42746,27.77116,1582
85.42746,27.771164,1582
85.427444,27.771173,1582
85.42744,27.771173,1581
85.42744,27.771175,1581
85.42743,27.771175,1581
85.42742,27.771175,1581
85.427414,27.771177,1580
85.4274,27.771177,1580
85.42739,27.771175,1580
85.42738,27.771173,1580
85.427376,27.77117,1579
85.42737,27.771166,1579
85.42736,27.771164,1579
85.42735,27.771162,1579
85.427345,27.77116,1579
85.42733,27.77116,1579
85.42732,27.77116,1579
85.427315,27.771158,1579
85.42731,27.771156,1579
85.4273,27.771154,1579
85.42729,27.771156,1579
85.427284,27.771156,1579
85.42728,27.771154,1579
85.42727,27.771154,1579
85.42727,27.771166,1579
85.42727,27.771168,1579
85.42726,27.771172,1579
85.42725,27.771172,1579
85.427246,27.771173,1579
85.42724,27.771175,1579
85.42724,27.771181,1579
85.42724,27.771189,1579
85.42723,27.77119,1579
85.42723,27.771193,1579
85.42723,27.771194,1579
85.42723,27.771198,1579
85.42723,27.771202,1579
85.42723,27.771206,1579
85.42723,27.771214,1582
85.42722,27.771221,1582
85.427216,27.771225,1582
85.42721,27.771235,1583
85.4272,27.771235,1583
85.4272,27.771229,1583
85.42719,27.771227,1583
85.42719,27.771223,1584
85.427185,27.771221,1584
85.427185,27.77122,1584
85.42718,27.771221,1584
85.42717,27.771223,1584
85.42717,27.771225,1584
85.42716,27.771229,1585
85.42716,27.77123,1585
85.427155,27.771235,1585
85.427155,27.771236,1585
85.42715,27.771242,1585
85.42715,27.771244,1585
85.42714,27.771244,1586
85.42714,27.77124,1586
85.42713,27.771236,1586
85.42713,27.771235,1586
85.427124,27.771233,1586
85.427124,27.771235,1587
85.4271,27.771242,1587
85.4271,27.771244,1587
85.42709,27.771244,1587
85.42709,27.771246,1588
85.427086,27.771246,1588
85.42708,27.77125,1588
85.42708,27.771252,1588
85.42708,27.771254,1588
85.42707,27.771255,1588
85.42707,27.771257,1589
85.42706,27.77126,1589
85.427055,27.771261,1589
85.42705,27.771265,1589
85.42704,27.77127,1590
85.427025,27.77128,1590
85.42702,27.771282,1590
85.42702,27.771284,1590
85.42702,27.771286,1590
85.42702,27.771288,1590
85.42701,27.77129,1591
85.427,27.771294,1591
85.426994,27.771297,1591
85.426994,27.7713,1591
85.42699,27.7713,1591
85.42697,27.771297,1591
85.42696,27.771294,1592
85.426956,27.771292,1593
85.426956,27.771288,1593
85.42695,27.771284,1593
85.42694,27.771282,1593
85.42694,27.77128,1593
85.42693,27.771276,1593
85.426926,27.771275,1594
85.426926,27.771273,1594
85.42692,27.77127,1594
85.42691,27.771269,1594
85.4269,27.771267,1594
85.426895,27.771265,1594
85.42689,27.771265,1594
85.42688,27.771263,1595
85.42687,27.771261,1595
85.426865,27.77126,1595
85.42686,27.771257,1595
85.42685,27.771255,1595
85.42684,27.771254,1595
85.42683,27.771252,1596
85.42682,27.77125,1596
85.42681,27.771248,1596
85.426796,27.771246,1596
85.42679,27.771246,1596
85.42677,27.771246,1596
85.42676,27.771246,1596
85.42674,27.771242,1596
85.42673,27.77124,1596
85.42672,27.771238,1596
85.426704,27.771236,1596
85.4267,27.771233,1596
85.42669,27.771229,1596
85.426674,27.771225,1596
85.42667,27.771223,1596
85.42666,27.771217,1596
85.42664,27.771212,1596
85.426636,27.771208,1596
85.42663,27.771204,1596
85.42661,27.7712,1596
85.4266,27.771194,1596
85.42659,27.771189,1596
85.426575,27.771183,1596
85.42657,27.771177,1596
85.42655,27.771172,1596
85.426544,27.771166,1596
85.42653,27.77116,1596
85.42651,27.771156,1596
85.426506,27.771154,1596
85.42649,27.77115,1596
85.42648,27.771149,1596
85.42647,27.771145,1596
85.42646,27.771143,1596
85.426445,27.77114,1596
85.42643,27.771135,1596
85.42642,27.77113,1596
85.42641,27.771128,1596
85.42639,27.771124,1596
85.42638,27.771124,1596
85.42637,27.771124,1596
85.42635,27.771122,1596
85.42634,27.771118,1596
85.42633,27.771114,1596
85.426315,27.771109,1596
85.42631,27.771103,1596
85.4263,27.771095,1596
85.42629,27.771088,1596
85.42628,27.771078,1596
85.42627,27.77107,1596
85.42626,27.77106,1596
85.426254,27.771051,1596
85.42625,27.771044,1596
85.42625,27.771038,1596
85.42624,27.771032,1597
85.42623,27.771027,1597
85.42623,27.77102,1597
85.42622,27.771017,1597
85.42622,27.771011,1597
85.426216,27.771008,1597
85.42621,27.771004,1597
85.42621,27.771,1597
85.4262,27.770994,1597
85.42619,27.770987,1597
85.42618,27.77098,1597
85.42617,27.770975,1597
85.42616,27.77097,1597
85.426155,27.770964,1597
85.42615,27.770956,1597
85.42614,27.770952,1598
85.42613,27.770948,1598
85.426125,27.770947,1598
85.42612,27.770947,1598
85.4261,27.770945,1598
85.426094,27.770945,1598
85.42608,27.770943,1598
85.42606,27.77094,1598
85.426056,27.77094,1598
85.42604,27.77094,1598
85.426025,27.77094,1598
85.42601,27.77094,1598
85.426,27.770943,1598
85.42599,27.770945,1598
85.42598,27.770945,1598
85.425964,27.770947,1598
85.42596,27.770947,1598
85.42595,27.770943,1598
85.42594,27.770939,1598
85.42593,27.770933,1598
85.42591,27.770927,1598
85.425896,27.770924,1598
85.42589,27.77092,1598
85.42587,27.770914,1598
85.42586,27.770906,1598
85.42585,27.770903,1598
85.42584,27.770899,1597
85.425835,27.770897,1597
85.42583,27.770893,1597
85.42582,27.770887,1597
85.42581,27.770884,1597
85.425804,27.77088,1597
85.4258,27.770874,1596
85.42578,27.770866,1596
85.42577,27.770859,1596
85.425766,27.770851,1596
85.42576,27.770845,1596
85.42575,27.77084,1596
85.425735,27.770834,1596
85.42573,27.770826,1596
85.42572,27.770817,1596
85.425705,27.770805,1596
85.4257,27.770794,1596
85.42569,27.770784,1596
85.42569,27.770773,1596
85.42568,27.770761,1596
85.42568,27.77075,1596
85.42568,27.770739,1596
85.42568,27.770725,1596
85.42569,27.770712,1596
85.42569,27.7707,1596
85.42569,27.770689,1596
85.42569,27.77068,1595
85.42569,27.77067,1595
85.42569,27.770658,1595
85.42569,27.770649,1595
85.4257,27.77064,1595
85.4257,27.770628,1595
85.425705,27.770617,1595
85.42571,27.770603,1595
85.42571,27.770592,1595
85.42572,27.770578,1595
85.42573,27.770565,1595
85.425735,27.770552,1595
85.425735,27.770538,1595
85.42574,27.770527,1595
85.42574,27.770514,1595
85.42574,27.770502,1595
85.42574,27.77049,1595
85.42574,27.770477,1595
85.42574,27.770466,1595
85.42574,27.770456,1595
85.42574,27.770445,1595
85.42574,27.770433,1595
85.425735,27.770424,1595
85.425735,27.770414,1595
85.42573,27.770405,1595
85.42572,27.770395,1595
85.42571,27.770388,1595
85.425705,27.77038,1595
85.4257,27.770372,1595
85.42569,27.770365,1595
85.42568,27.770359,1595
85.425674,27.770351,1595
85.42567,27.770344,1595
85.42566,27.770336,1595
85.425644,27.770329,1595
85.42564,27.77032,1595
85.42563,27.770313,1595
85.42562,27.770304,1595
85.42561,27.770296,1595
85.425606,27.770287,1595
85.4256,27.770279,1595
85.42559,27.77027,1595
85.42558,27.770262,1595
85.425575,27.770252,1594
85.42557,27.77024,1594
85.42556,27.770233,1593
85.42555,27.770226,1593
85.42555,27.770216,1593
85.425545,27.77021,1593
85.42554,27.770205,1593
85.42554,27.770197,1592
85.42553,27.770191,1592
85.42553,27.770185,1591
85.42552,27.77018,1591
85.42552,27.770172,1591
85.425514,27.770164,1591
85.42551,27.770159,1590
85.42551,27.770153,1590
85.4255,27.770147,1590
85.42549,27.770142,1590
85.42548,27.770136,1590
85.425476,27.77013,1589
85.42547,27.770123,1589
85.42546,27.770117,1589
85.425446,27.770105,1589
85.425446,27.770102,1589
85.425446,27.770098,1588
85.42544,27.770094,1588
85.42544,27.770088,1588
85.42543,27.770082,1588
85.42542,27.770073,1588
85.425415,27.770063,1588
85.42541,27.770054,1588
85.4254,27.770042,1588
85.42539,27.77003,1588
85.42538,27.770018,1588
85.42537,27.770006,1588
85.425354,27.769995,1588
85.42535,27.769983,1588
85.42534,27.769974,1587
85.42533,27.769962,1587
85.42532,27.769955,1587
85.42531,27.769947,1587
85.4253,27.769941,1587
85.425285,27.769936,1587
85.42528,27.769934,1587
85.42526,27.76993,1587
85.42525,27.769926,1587
85.42523,27.769924,1587
85.425224,27.769922,1587
85.42521,27.76992,1587
85.4252,27.76992,1587
85.42519,27.76992,1587
85.42518,27.769917,1587
85.42516,27.769909,1587
85.42515,27.7699,1587
85.42514,27.76989,1586
85.42513,27.76988,1586
85.42513,27.769873,1586
85.425125,27.769863,1586
85.425125,27.769854,1586
85.425125,27.769846,1586
85.42512,27.769836,1586
85.42511,27.769829,1586
85.42511,27.76982,1586
85.4251,27.769814,1585
85.4251,27.769806,1585
85.425095,27.7698,1585
85.42509,27.769793,1585
85.42509,27.769785,1585
85.42508,27.769777,1585
85.42507,27.769766,1585
85.425064,27.769758,1585
85.42506,27.76975,1585
85.42504,27.769743,1585
85.42503,27.769737,1585
85.42502,27.769732,1585
85.42501,27.769726,1585
85.425,27.769722,1585
85.424995,27.769718,1585
85.42498,27.76971,1585
85.42497,27.769703,1585
85.424965,27.769695,1585
85.424965,27.769686,1585
85.42496,27.769676,1585
85.42496,27.769665,1585
85.42495,27.769653,1585
85.42494,27.769646,1585
85.42494,27.769636,1585
85.42494,27.769627,1585
85.424934,27.769619,1585
85.424934,27.769611,1585
85.424934,27.769602,1585
85.424934,27.769592,1585
85.424934,27.76958,1585
85.424934,27.769571,1585
85.424934,27.76956,1585
85.42493,27.76955,1585
85.42493,27.769537,1585
85.42492,27.769527,1585
85.42492,27.769516,1585
85.42491,27.769506,1585
85.424904,27.769497,1585
85.424904,27.76949,1585
85.4249,27.769482,1585
85.4249,27.769474,1585
85.42489,27.769468,1585
85.42489,27.76946,1585
85.42488,27.769453,1585
85.42487,27.769445,1585
85.424866,27.769436,1585
85.42486,27.769426,1585
85.42484,27.769415,1585
85.42483,27.769405,1585
85.42482,27.769396,1585
85.424805,27.769386,1585
85.4248,27.769377,1585
85.42479,27.76937,1585
85.42478,27.769363,1585
85.42477,27.769356,1585
85.42476,27.769348,1585
85.42476,27.76934,1585
85.42475,27.769333,1585
85.42474,27.769323,1585
85.42473,27.769316,1585
85.42472,27.769306,1584
85.42471,27.769295,1584
85.424706,27.769283,1584
85.4247,27.769272,1584
85.42469,27.769264,1584
85.42468,27.769257,1584
85.424675,27.76925,1584
85.42467,27.769243,1584
85.42466,27.769238,1584
85.42465,27.76923,1584
85.424644,27.769224,1585
85.42464,27.76922,1585
85.42463,27.769215,1585
85.42462,27.769209,1585
85.42461,27.769205,1585
85.4246,27.7692,1585
85.42458,27.769194,1585
85.42457,27.769186,1585
85.42455,27.769182,1585
85.424545,27.769176,1586
85.42453,27.76917,1586
85.42452,27.769163,1586
85.42451,27.769157,1586
85.42449,27.769152,1586
85.424484,27.769146,1586
85.42448,27.769142,1586
85.42446,27.76914,1586
85.42445,27.769138,1586
85.424446,27.769138,1586
85.42444,27.769138,1586
85.42443,27.769138,1586
85.42442,27.769138,1586
85.424416,27.769138,1586
85.42441,27.769135,1586
85.4244,27.769133,1585
85.42439,27.769129,1585
85.42439,27.769127,1584
85.42441,27.769121,1584
85.42441,27.76912,1584
85.424416,27.769114,1584
85.424416,27.769106,1584
85.424416,27.769096,1583
85.424416,27.769085,1583
85.424416,27.769075,1583
85.424416,27.769068,1583
85.424416,27.769062,1582
85.42442,27.769056,1582
85.42442,27.769053,1582
85.42442,27.769049,1582
85.42442,27.769032,1581
85.424416,27.769028,1581
85.42441,27.769024,1581
85.42441,27.769022,1580
85.4244,27.76902,1580
85.42439,27.76902,1580
85.424385,27.76902,1580
85.42438,27.769022,1580
85.42438,27.769024,1580
85.42437,27.769024,1580
85.42436,27.769026,1580
85.424355,27.769026,1579
85.42435,27.769026,1579
85.42434,27.769024,1579
85.42433,27.76902,1579
85.424324,27.769014,1579
85.42432,27.769007,1579
85.42431,27.769001,1579
85.42431,27.768995,1579
85.4243,27.76899,1579
85.42429,27.768984,1579
85.424286,27.768978,1579
85.42428,27.768974,1579
85.42427,27.76897,1579
85.42427,27.768965,1579
85.42426,27.768957,1579
85.424255,27.768951,1578
85.42425,27.768944,1578
85.42424,27.768938,1578
85.42424,27.768934,1578
85.42423,27.768929,1578
85.42423,27.768923,1578
85.424225,27.768917,1578
85.424225,27.768911,1578
85.42422,27.768906,1578
85.42422,27.7689,1578
85.42421,27.768894,1577
85.4242,27.768887,1577
85.424194,27.768879,1577
85.424194,27.768871,1577
85.42419,27.768866,1577
85.42419,27.768858,1577
85.42419,27.76885,1577
85.42418,27.768845,1576
85.42418,27.768837,1576
85.42417,27.76883,1576
85.424164,27.76882,1576
85.424164,27.768812,1576
85.42416,27.768803,1576
85.42415,27.768791,1576
85.42414,27.768782,1575
85.42413,27.768774,1575
85.424126,27.768766,1575
85.424126,27.76876,1575
85.42412,27.768753,1575
85.42411,27.768745,1574
85.4241,27.768738,1574
85.424095,27.768732,1574
85.42408,27.768726,1574
85.424065,27.768723,1573
85.42406,27.76872,1573
85.42404,27.768719,1573
85.42403,27.768719,1573
85.42402,27.768719,1573
85.424,27.768717,1572
85.423996,27.768713,1572
85.42398,27.76871,1572
85.423965,27.768705,1572
85.42395,27.768702,1571
85.423935,27.768696,1571
85.42392,27.76869,1571
85.423904,27.768682,1571
85.42389,27.768677,1570
85.42388,27.768671,1570
85.42387,27.768665,1570
85.42386,27.768661,1570
85.42385,27.768658,1570
85.42384,27.768656,1570
85.423836,27.768654,1569
85.423836,27.768652,1569
85.42383,27.768646,1569
85.42383,27.768642,1569
85.42382,27.768637,1568
85.42381,27.76863,1568
85.423805,27.768623,1568
85.423805,27.768616,1568
85.4238,27.76861,1567
85.4238,27.768604,1567
85.42379,27.768599,1567
85.42379,27.768595,1567
85.42378,27.76859,1566
85.42378,27.768585,1566
85.423775,27.768581,1566
85.423775,27.768576,1566
85.423775,27.76857,1565
85.423775,27.768564,1565
85.42377,27.768559,1565
85.42377,27.768555,1565
85.42376,27.768549,1565
85.42376,27.768541,1564
85.42375,27.768536,1564
85.42375,27.76853,1564
85.42375,27.768526,1564
85.42375,27.768522,1563
85.42375,27.76852,1563
85.42376,27.768518,1562
85.42377,27.768518,1562
85.423775,27.768522,1561
85.423775,27.768524,1561
85.42378,27.768526,1561
85.42379,27.768532,1561
85.42379,27.76853,1561
85.42379,27.768528,1561
85.4238,27.76852,1560
85.4238,27.768518,1560
85.4238,27.768513,1558
85.42379,27.768503,1557
85.42379,27.768494,1557
85.42378,27.768482,1556
85.423775,27.768473,1556
85.42377,27.768461,1556
85.42376,27.76845,1555
85.423744,27.768438,1555
85.42374,27.768425,1555
85.42373,27.768415,1555
85.42371,27.76841,1554
85.423706,27.768404,1554
85.4237,27.7684,1553
85.423706,27.7684,1553
85.42371,27.7684,1553
85.42372,27.768396,1553
85.42373,27.768396,1552
85.42374,27.768396,1552
85.423744,27.768398,1552
85.42375,27.768398,1552
85.42375,27.768396,1551
85.42376,27.768394,1551
85.42376,27.768393,1551
85.42377,27.768396,1551
85.423775,27.768402,1551
85.423775,27.768404,1550
85.42378,27.768408,1550
85.42378,27.768414,1550
85.42379,27.768417,1550
85.42379,27.76842,1549
85.4238,27.768421,1549
85.423805,27.768421,1549
85.423805,27.768423,1549
85.42381,27.768425,1549
85.42382,27.768436,1549
85.42383,27.768438,1548
85.42383,27.76844,1548
85.423836,27.768438,1548
85.42384,27.768438,1548
85.42385,27.768438,1548
85.42386,27.768436,1548
85.423874,27.768435,1548
85.42388,27.768435,1548
85.42388,27.768433,1548
85.42389,27.768433,1547
85.4239,27.76843,1547
85.42391,27.768427,1547
85.42391,27.768425,1547
85.42391,27.768423,1547
85.42392,27.76842,1546
85.42392,27.768415,1546
85.42393,27.768412,1546
85.42393,27.768408,1546
85.42394,27.7684,1546
85.42395,27.768398,1546
85.42395,27.768396,1546
85.42396,27.768394,1546
85.423965,27.76839,1546
85.42397,27.768387,1545
85.42398,27.768383,1545
85.42399,27.76838,1545
85.423996,27.768377,1544
85.424,27.768373,1544
85.42401,27.76837,1544
85.42402,27.768368,1544
85.42403,27.768366,1544
85.424034,27.768364,1544
85.424034,27.768362,1543
85.42404,27.768362,1543
85.42404,27.76836,1543
85.42405,27.768358,1543
85.42406,27.768358,1543
85.42408,27.768353,1542
85.42409,27.76835,1542
85.42409,27.768349,1542
85.424095,27.768345,1541
85.424095,27.768341,1541
85.42409,27.768333,1541
85.42409,27.768328,1541
85.42409,27.76832,1541
85.42408,27.768312,1541
85.42408,27.768305,1540
85.42408,27.768297,1540
85.42407,27.768291,1540
85.424065,27.768286,1540
85.42406,27.768282,1540
85.42405,27.76828,1539
85.42405,27.768278,1539
85.42404,27.768278,1539
85.424034,27.768276,1539
85.42403,27.768276,1539
85.42402,27.768274,1538
85.424,27.768267,1538
85.423996,27.768267,1538
85.42399,27.768265,1538
85.42398,27.76826,1538
85.42398,27.768253,1537
85.42397,27.768248,1537
85.423965,27.76824,1537
85.42396,27.768234,1537
85.42395,27.768229,1537
85.42394,27.768225,1536
85.42394,27.768223,1536
85.423935,27.76822,1536
85.42393,27.768217,1536
85.42393,27.768213,1536
85.42392,27.76821,1536
85.42392,27.768206,1535
85.42391,27.768204,1535
85.42391,27.768202,1535
85.423904,27.768202,1535
85.423904,27.768196,1534
85.4239,27.76819,1534
85.42389,27.768187,1534
85.42389,27.76818,1534
85.42388,27.768175,1533
85.42388,27.768166,1533
85.423874,27.768156,1533
85.423874,27.768147,1533
85.42387,27.768139,1532
85.42387,27.768127,1532
85.42386,27.768112,1532
85.42386,27.768099,1532
85.42386,27.768085,1531
85.42386,27.768072,1531
85.42386,27.768063,1531
85.42386,27.768055,1531
85.42386,27.76805,1530
85.42386,27.768044,1530
85.42386,27.76804,1530
85.42386,27.768036,1530
85.42387,27.768034,1529
85.42387,27.76803,1529
85.423874,27.768026,1529
85.423874,27.768024,1529
85.423874,27.76802,1528
85.42388,27.768017,1528
85.42388,27.768011,1528
85.42388,27.768002,1528
85.42388,27.767992,1527
85.42388,27.76798,1527
85.42388,27.767973,1527
85.42388,27.767967,1527
85.42389,27.76796,1526
85.42389,27.767956,1526
85.42389,27.767952,1526
85.42388,27.767939,1526
85.42388,27.767937,1525
85.42388,27.767935,1525
85.42388,27.767925,1525
85.42389,27.767925,1525
85.42389,27.767923,1524
85.42389,27.767918,1524
85.42389,27.767912,1524
85.42389,27.767906,1524
85.42389,27.767899,1523
85.42389,27.76789,1523
85.42389,27.767881,1523
85.4239,27.767874,1523
85.4239,27.767864,1522
85.4239,27.767855,1522
85.4239,27.767845,1521
85.4239,27.767836,1521
85.4239,27.767828,1521
85.4239,27.76782,1521
85.4239,27.76781,1520
85.4239,27.767801,1520
85.4239,27.767794,1520
85.4239,27.767786,1520
85.4239,27.767776,1520
85.4239,27.767767,1519
85.4239,27.767757,1519
85.4239,27.767746,1519
85.42389,27.767735,1519
85.42389,27.767721,1518
85.42389,27.76771,1518
85.42389,27.7677,1518
85.42388,27.767693,1518
85.42388,27.767687,1518
85.423874,27.767681,1518
85.42387,27.767677,1517
85.42386,27.767672,1517
85.42385,27.767668,1517
85.42384,27.76766,1517
85.42383,27.767653,1517
85.42382,27.767645,1516
85.42381,27.767637,1516
85.423805,27.76763,1516
85.423805,27.767624,1516
85.4238,27.767616,1516
85.4238,27.767607,1516
85.42379,27.767597,1516
85.42379,27.767588,1516
85.42379,27.767576,1515
85.42378,27.767569,1515
85.42378,27.767563,1515
85.42378,27.767557,1515
85.423775,27.767551,1515
85.423775,27.767548,1514
85.42378,27.767544,1514
85.42379,27.767542,1514
85.4238,27.767542,1514
85.423805,27.767544,1514
85.42381,27.767548,1514
85.42382,27.767548,1513
85.42382,27.76755,1513
85.42383,27.767551,1513
85.423836,27.767553,1513
85.42384,27.767555,1513
85.42385,27.767557,1513
85.42386,27.76756,1513
85.42386,27.767561,1513
85.42387,27.767563,1512
85.42388,27.767565,1512
85.42388,27.767563,1512
85.42388,27.767565,1512
85.42388,27.767563,1512
85.42388,27.76756,1511
85.42388,27.767555,1511
85.42388,27.767551,1511
85.42388,27.76755,1511
85.42387,27.76754,1511
85.423874,27.767534,1511
85.423874,27.767532,1511
85.423874,27.76753,1510
85.423874,27.767527,1510
85.42387,27.767523,1510
85.42387,27.767519,1510
85.42387,27.767513,1509
85.42387,27.76751,1509
85.42386,27.767494,1509
85.42386,27.767492,1508
85.42386,27.767488,1508
85.42386,27.767485,1508
85.42385,27.767479,1508
85.42385,27.767473,1508
85.42385,27.76747,1507
85.42384,27.767464,1507
85.42384,27.767462,1507
85.423836,27.767448,1507
85.423836,27.767445,1507
85.42384,27.76744,1506
85.42384,27.767435,1506
85.42384,27.76743,1506
85.42384,27.767424,1506
85.42384,27.767418,1506
85.423836,27.76741,1506
85.423836,27.767403,1506
85.423836,27.767395,1506
85.42383,27.76739,1506
85.42383,27.767385,1506
85.42383,27.767382,1506
85.42382,27.767368,1506
85.42382,27.767366,1506
85.42382,27.767363,1506
85.42382,27.767365,1506
85.42381,27.767368,1506
85.42381,27.767376,1506
85.42382,27.767382,1506
85.42382,27.767384,1506
85.42383,27.767385,1506
85.423836,27.767385,1506
85.423836,27.767382,1506
85.42384,27.767376,1506
85.42384,27.767368,1506
85.42385,27.76736,1506
85.42386,27.767355,1506
85.42387,27.767351,1506
85.423874,27.767345,1506
85.42388,27.76734,1506
85.42389,27.767332,1506
85.42389,27.767324,1506
85.42389,27.767317,1506
85.42389,27.767307,1506
85.42389,27.767298,1506
85.42389,27.767288,1506
85.42389,27.767279,1506
85.42389,27.767271,1506
85.42389,27.767263,1503
85.42389,27.767256,1503
85.42389,27.767246,1503
85.4239,27.767239,1503
85.423904,27.767235,1503
85.42391,27.767231,1503
85.42392,27.767227,1502
85.42392,27.767223,1502
85.42392,27.76722,1502
85.42393,27.767214,1502
85.42393,27.76721,1502
85.423935,27.767204,1501
85.423935,27.767199,1501
85.423935,27.767193,1501
85.42394,27.767187,1501
85.423935,27.76718,1501
85.423935,27.767172,1500
85.423935,27.767166,1500
85.423935,27.767162,1500
85.423935,27.767155,1500
85.42394,27.767145,1499
85.42394,27.767138,1499
85.42394,27.76713,1499
85.42394,27.76712,1499
85.42394,27.767115,1499
85.42394,27.767107,1499
85.42395,27.7671,1498
85.42395,27.767092,1498
85.42395,27.767084,1498
85.42396,27.767076,1497
85.42396,27.767069,1497
85.423965,27.76706,1497
85.423965,27.767048,1497
85.423965,27.767036,1497
85.423965,27.767027,1496
85.423965,27.767015,1496
85.42396,27.767002,1496
85.42396,27.76699,1496
85.42396,27.76698,1495
85.42395,27.766968,1495
85.42395,27.766953,1495
85.42395,27.76694,1495
85.42396,27.766924,1494
85.42396,27.76691,1494
85.423965,27.766901,1494
85.42396,27.766891,1494
85.42396,27.766882,1493
85.42396,27.76687,1493
85.42396,27.76686,1493
85.42396,27.766848,1493
85.423965,27.766834,1493
85.423965,27.766819,1492
85.423965,27.766808,1492
85.423965,27.766796,1492
85.423965,27.766785,1492
85.423965,27.766773,1492
85.42397,27.766762,1492
85.423965,27.76675,1491
85.423965,27.766737,1491
85.423965,27.766724,1491
85.423965,27.766712,1491
85.423965,27.766703,1491
85.42396,27.766693,1491
85.42396,27.766685,1491
85.42396,27.766676,1491
85.42396,27.766666,1490
85.42396,27.766657,1490
85.42396,27.766651,1490
85.423965,27.766645,1490
85.423965,27.766642,1490
85.42397,27.766636,1490
85.42397,27.766628,1489
85.42397,27.76662,1489
85.42397,27.766613,1489
85.42397,27.766605,1489
85.42397,27.766596,1489
85.42397,27.766588,1489
85.42397,27.766579,1488
85.42397,27.766571,1488
85.42397,27.766562,1488
85.42397,27.766554,1487
85.42397,27.766546,1487
85.423965,27.766539,1487
85.423965,27.76653,1487
85.423965,27.766521,1487
85.423965,27.766514,1487
85.423965,27.766504,1486
85.423965,27.766495,1486
85.423965,27.766485,1486
85.423965,27.766478,1486
85.42397,27.76647,1486
85.42397,27.76646,1485
85.42397,27.76645,1485
85.42397,27.766441,1485
85.42398,27.766432,1485
85.42398,27.766424,1485
85.42398,27.766417,1484
85.42398,27.766409,1484
85.42398,27.7664,1484
85.42398,27.766392,1484
85.42398,27.766384,1484
85.42398,27.766375,1484
85.42398,27.766365,1483
85.42398,27.766357,1483
85.42399,27.766348,1483
85.423996,27.76634,1483
85.423996,27.766335,1483
85.424,27.766327,1483
85.424,27.766315,1482
85.424,27.766304,1482
85.423996,27.766293,1482
85.423996,27.766281,1482
85.423996,27.76627,1482
85.423996,27.766258,1481
85.423996,27.766249,1481
85.424,27.766237,1481
85.424,27.766228,1481
85.42401,27.766218,1480
85.42401,27.766209,1480
85.42401,27.7662,1480
85.42402,27.766191,1480
85.42402,27.766184,1479
85.42402,27.766176,1479
85.42402,27.766169,1479
85.42402,27.766161,1479
85.42403,27.766151,1478
85.42403,27.766142,1478
85.42403,27.766132,1478
85.424034,27.766125,1478
85.424034,27.766115,1478
85.424034,27.766106,1477
85.424034,27.766096,1477
85.424034,27.766087,1477
85.424034,27.766077,1477
85.424034,27.76607,1477
85.424034,27.76606,1477
85.424034,27.766052,1477
85.42404,27.766045,1476
85.42404,27.766039,1476
85.42405,27.766031,1476
85.42405,27.766026,1476
85.42406,27.766018,1476
85.42406,27.76601,1476
85.42406,27.766003,1476
85.424065,27.765993,1475
85.42407,27.765984,1475
85.42407,27.765974,1475
85.42407,27.765963,1475
85.424065,27.76595,1475
85.42406,27.765938,1475
85.42405,27.765924,1475
85.42404,27.765911,1475
85.42404,27.7659,1474
85.42404,27.76589,1474
85.42404,27.76588,1474
85.42404,27.76587,1474
85.42405,27.76586,1474
85.42404,27.765848,1474
85.42404,27.765837,1474
85.42404,27.765825,1474
85.42404,27.765816,1474
85.42404,27.765806,1474
85.42404,27.765799,1474
85.42404,27.76579,1474
85.42404,27.765783,1474
85.42405,27.765774,1474
85.42405,27.765766,1474
85.42405,27.765757,1474
85.42405,27.765747,1474
85.42406,27.765736,1473
85.42406,27.765724,1473
85.42405,27.76571,1473
85.42405,27.7657,1473
85.42405,27.765686,1473
85.42405,27.765675,1473
85.42405,27.765663,1473
85.42405,27.76565,1473
85.42404,27.76564,1472
85.42405,27.76563,1472
85.42405,27.765621,1472
85.42405,27.765612,1472
85.42406,27.765608,1472
85.424065,27.765602,1472
85.42407,27.765598,1472
85.42408,27.76559,1472
85.42409,27.765581,1472
85.424095,27.76557,1472
85.42411,27.76556,1472
85.42412,27.765549,1472
85.42412,27.765537,1472
85.42412,27.76553,1471
85.42412,27.765518,1471
85.42412,27.765509,1471
85.42412,27.765495,1471
85.42411,27.765482,1471
85.42411,27.765467,1471
85.4241,27.765451,1471
85.424095,27.765436,1471
85.424095,27.765425,1470
85.424095,27.765413,1470
85.42409,27.7654,1470
85.42409,27.765388,1470
85.42409,27.765375,1470
85.42408,27.765364,1470
85.42408,27.765352,1470
85.42408,27.765339,1469
85.42408,27.765327,1469
85.42407,27.765318,1469
85.42406,27.765308,1469
85.42405,27.7653,1469
85.42404,27.76529,1469
85.424034,27.76528,1469
85.424034,27.765268,1469
85.42403,27.765255,1468
85.42402,27.765242,1468
85.42401,27.76523,1468
85.424,27.765219,1468
85.424,27.765207,1467
85.423996,27.765194,1467
85.423996,27.765182,1467
85.423996,27.765171,1467
85.423996,27.765162,1466
85.423996,27.765154,1466
85.423996,27.765146,1466
85.423996,27.765139,1466
85.423996,27.765131,1466
85.423996,27.765121,1465
85.423996,27.765114,1465
85.42399,27.765106,1465
85.42399,27.7651,1465
85.42398,27.765093,1465
85.42398,27.765083,1464
85.42397,27.765078,1464
85.42397,27.76507,1464
85.423965,27.765062,1464
85.42396,27.765053,1464
85.42395,27.765043,1463
85.42394,27.765034,1463
85.423935,27.765022,1463
85.42393,27.765013,1463
85.42392,27.765001,1463
85.42391,27.764988,1463
85.423904,27.764978,1462
85.423904,27.764967,1462
85.4239,27.764957,1462
85.4239,27.76495,1462
85.42389,27.76494,1462
85.42388,27.76493,1462
85.42387,27.76492,1462
85.42386,27.764908,1462
85.42385,27.764898,1461
85.423836,27.764889,1461
85.42383,27.764881,1461
85.42382,27.764874,1461
85.42381,27.764864,1461
85.423805,27.764856,1460
85.4238,27.764847,1460
85.42379,27.764837,1460
85.42378,27.764828,1460
85.423775,27.764816,1459
85.42377,27.764805,1459
85.42376,27.764795,1459
85.423744,27.764784,1459
85.42374,27.764776,1459
85.42374,27.764769,1458
85.42373,27.764761,1458
85.42372,27.764755,1458
85.42372,27.76475,1458
85.42371,27.764744,1458
85.42371,27.764738,1458
85.423706,27.764732,1458
85.423706,27.764725,1457
85.4237,27.764719,1457
85.42369,27.764711,1457
85.42368,27.764706,1457
85.423676,27.764698,1457
85.42367,27.76469,1456
85.42366,27.764683,1456
85.42365,27.764673,1456
85.423645,27.764664,1456
85.42363,27.764654,1455
85.42362,27.764645,1455
85.423615,27.764633,1455
85.42361,27.764622,1455
85.4236,27.764608,1455
85.42359,27.764595,1455
85.423584,27.764584,1454
85.423584,27.764574,1454
85.42358,27.764566,1454
85.42357,27.764559,1454
85.42357,27.76455,1454
85.42356,27.76454,1454
85.42355,27.76453,1453
85.42355,27.76452,1453
85.42354,27.764515,1453
85.42353,27.76451,1453
85.42353,27.764502,1453
85.42352,27.764492,1452
85.423515,27.764482,1452
85.42351,27.764473,1452
85.4235,27.764462,1452
85.4235,27.76445,1452
85.42349,27.76444,1452
85.423485,27.764427,1452
85.42348,27.764418,1452
85.42347,27.764408,1451
85.42346,27.764399,1451
85.423454,27.764389,1451
85.42345,27.76438,1451
85.42344,27.764368,1451
85.42343,27.764359,1451
85.42342,27.764349,1451
85.42341,27.76434,1450
85.42341,27.764328,1450
85.4234,27.764315,1450
85.42339,27.764303,1450
85.423386,27.764288,1450
85.42338,27.764275,1450
85.42337,27.764261,1450
85.42336,27.76425,1449
85.423355,27.764236,1449
85.423355,27.764223,1449
85.42335,27.764212,1449
85.42335,27.7642,1449
85.42334,27.764193,1449
85.42334,27.764185,1449
85.42334,27.764177,1449
85.42333,27.764168,1449
85.42333,27.76416,1449
85.42333,27.76415,1449
85.42333,27.76414,1449
85.423325,27.76413,1448
85.423325,27.764118,1448
85.42332,27.764109,1448
85.42332,27.7641,1448
85.42332,27.764088,1448
85.42331,27.764078,1448
85.42331,27.764069,1448
85.4233,27.76406,1448
85.423294,27.76405,1448
85.423294,27.76404,1448
85.42329,27.764032,1448
85.42328,27.764025,1447
85.42327,27.764017,1447
85.42327,27.76401,1447
85.42326,27.764002,1447
85.423256,27.763994,1447
85.42325,27.763987,1447
85.42324,27.763979,1446
85.42323,27.76397,1446
85.423225,27.76396,1446
85.42322,27.76395,1446
85.42321,27.76394,1446
85.4232,27.76393,1446
85.423195,27.763918,1445
85.42319,27.763908,1445
85.42318,27.763897,1445
85.42317,27.763887,1445
85.423164,27.763876,1445
85.42316,27.763868,1445
85.42315,27.76386,1445
85.42314,27.763851,1445
85.423134,27.763845,1445
85.42313,27.763838,1444
85.42312,27.76383,1444
85.42311,27.76382,1444
85.4231,27.763813,1444
85.423096,27.763803,1444
85.423096,27.763792,1444
85.42309,27.763783,1444
85.42308,27.763773,1443
85.42308,27.763765,1443
85.42308,27.763756,1443
85.42307,27.763748,1443
85.42307,27.763742,1443
85.423065,27.763735,1443
85.423065,27.763727,1443
85.423065,27.76372,1442
85.42306,27.763712,1442
85.42306,27.763704,1442
85.42305,27.763697,1442
85.42304,27.763689,1442
85.423035,27.763681,1442
85.423035,27.763672,1442
85.42303,27.763662,1441
85.42303,27.76365,1441
85.42302,27.763638,1441
85.42302,27.763626,1441
85.42301,27.763615,1441
85.423004,27.763603,1441
85.423004,27.763592,1441
85.423,27.763582,1440
85.42299,27.763573,1440
85.42299,27.763561,1440
85.42298,27.763554,1440
85.42298,27.763542,1440
85.42297,27.763533,1440
85.42297,27.763523,1440
85.422966,27.763514,1439
85.42296,27.763504,1439
85.42295,27.763493,1439
85.42294,27.763483,1439
85.422935,27.763475,1439
85.42293,27.763466,1439
85.42292,27.763458,1439
85.42292,27.763447,1438
85.42291,27.763437,1438
85.42291,27.763426,1438
85.422905,27.763416,1438
85.422905,27.763409,1438
85.422905,27.7634,1438
85.4229,27.76339,1438
85.4229,27.76338,1437
85.42289,27.763372,1437
85.42289,27.763365,1437
85.42288,27.76336,1437
85.422874,27.763353,1437
85.422874,27.763348,1437
85.42287,27.763344,1436
85.42286,27.763338,1436
85.42285,27.76333,1436
85.422844,27.763325,1436
85.422844,27.763317,1435
85.42284,27.76331,1435
85.42283,27.763302,1435
85.42283,27.763294,1435
85.42282,27.763287,1435
85.42281,27.763279,1435
85.422806,27.763271,1434
85.4228,27.763262,1434
85.4228,27.763252,1434
85.42279,27.763245,1434
85.42278,27.763239,1434
85.42278,27.763235,1433
85.422775,27.763231,1433
85.422775,27.763227,1433
85.42277,27.763224,1433
85.42277,27.76322,1433
85.42276,27.763212,1432
85.42275,27.763206,1432
85.422745,27.763199,1432
85.422745,27.763191,1432
85.42274,27.763186,1432
85.42273,27.76318,1431
85.42272,27.763174,1431
85.42272,27.763166,1431
85.422714,27.763157,1431
85.42271,27.76315,1431
85.42271,27.76314,1431
85.4227,27.76313,1430
85.42269,27.763123,1430
85.42269,27.763113,1430
85.42268,27.763103,1430
85.422676,27.763096,1430
85.422676,27.76309,1429
85.42267,27.763084,1429
85.42266,27.763079,1429
85.42266,27.763073,1429
85.42265,27.76307,1429
85.42265,27.763063,1429
85.422646,27.763058,1429
85.42264,27.763052,1428
85.42264,27.763046,1428
85.42263,27.76304,1428
85.42263,27.763035,1428
85.42263,27.76303,1428
85.42262,27.763023,1427
85.42262,27.763018,1427
85.42262,27.76301,1427
85.422615,27.763004,1426
85.422615,27.762997,1426
85.422615,27.76299,1426
85.42261,27.762985,1426
85.42261,27.762978,1426
85.42261,27.76297,1425
85.4226,27.762964,1425
85.4226,27.762957,1425
85.4226,27.762949,1425
85.42259,27.762941,1425
85.422585,27.762934,1424
85.422585,27.762926,1424
85.42258,27.762917,1424
85.42257,27.762909,1424
85.42256,27.7629,1423
85.422554,27.76289,1423
85.42255,27.762882,1423
85.42255,27.762875,1423
85.42254,27.762867,1422
85.42253,27.762861,1422
85.42252,27.762856,1422
85.422516,27.76285,1422
85.422516,27.762842,1421
85.42251,27.762836,1421
85.4225,27.76283,1421
85.42249,27.762825,1421
85.42249,27.76282,1420
85.422485,27.762814,1420
85.42248,27.762806,1420
85.42247,27.762798,1420
85.42247,27.762793,1419
85.42246,27.762785,1419
85.42246,27.762777,1419
85.422455,27.762768,1419
85.422455,27.76276,1419
85.42245,27.762753,1418
85.42245,27.762743,1418
85.42244,27.762733,1418
85.42243,27.762724,1418
85.422424,27.762714,1417
85.42242,27.762705,1417
85.42242,27.762695,1417
85.42241,27.762686,1417
85.4224,27.762678,1416
85.42239,27.762672,1416
85.422386,27.762669,1416
85.42238,27.762663,1416
85.42237,27.76266,1415
85.42236,27.762653,1415
85.422356,27.762648,1415
85.42235,27.762642,1415
85.42234,27.762634,1414
85.42233,27.762627,1414
85.422325,27.762619,1414
85.42232,27.762611,1414
85.42231,27.762602,1413
85.4223,27.762594,1413
85.422295,27.762583,1413
85.42229,27.762573,1413
85.42228,27.762562,1412
85.42227,27.762548,1412
85.422264,27.762539,1412
85.42226,27.76253,1412
85.42225,27.76252,1412
85.42224,27.76251,1412
85.42223,27.762499,1412
85.422226,27.76249,1412
85.42222,27.762478,1412
85.42221,27.762465,1412
85.422195,27.762453,1412
85.42219,27.76244,1412
85.42218,27.762428,1412
85.42217,27.762417,1412
85.42217,27.762407,1412
85.422165,27.762396,1412
85.422165,27.762384,1412
85.42216,27.762373,1412
85.42216,27.76236,1412
85.42215,27.76235,1412
85.42215,27.76234,1412
85.42215,27.762333,1412
85.42214,27.762323,1412
85.42214,27.762314,1412
85.422134,27.762302,1412
85.42213,27.762293,1412
85.42212,27.762281,1412
85.42212,27.762274,1412
85.42211,27.762262,1412
85.422104,27.762253,1412
85.4221,27.762243,1412
85.42209,27.762232,1412
85.42208,27.762222,1412
85.42207,27.762213,1412
85.422066,27.762203,1412
85.42206,27.762196,1412
85.42206,27.762186,1412
85.42205,27.762178,1412
85.42204,27.76217,1412
85.422035,27.762163,1412
85.42203,27.76216,1412
85.42202,27.762156,1412
85.42201,27.762154,1412
85.422005,27.762148,1412
85.422,27.76214,1412
85.42199,27.762133,1411
85.42198,27.762123,1411
85.421974,27.762112,1411
85.42197,27.762102,1411
85.42196,27.762094,1411
85.42195,27.762087,1411
85.42194,27.762081,1411
85.421936,27.762075,1411
85.421936,27.76207,1411
85.421936,27.762064,1411
85.42193,27.76206,1410
85.42193,27.762054,1410
85.42193,27.76205,1410
85.42193,27.762045,1410
85.42193,27.76204,1410
85.42193,27.762033,1410
85.42193,27.762028,1409
85.42193,27.762024,1409
85.42192,27.762018,1409
85.42192,27.762016,1409
85.42192,27.762012,1409
85.42191,27.762009,1409
85.42191,27.762003,1409
85.42191,27.761997,1408
85.421906,27.761992,1408
85.421906,27.761988,1408
85.421906,27.761982,1408
85.4219,27.761974,1407
85.4219,27.761967,1407
85.42189,27.761955,1407
85.42189,27.761946,1407
85.42189,27.761934,1407
85.42189,27.761925,1406
85.42188,27.761917,1406
85.42188,27.761908,1406
85.42188,27.761902,1406
85.421875,27.761894,1406
85.421875,27.761887,1405
85.42187,27.76188,1405
85.42186,27.761877,1405
85.42185,27.761871,1405
85.421844,27.761866,1405
85.421844,27.761862,1404
85.42184,27.761856,1404
85.42183,27.76185,1404
85.42182,27.761843,1404
85.421814,27.761837,1404
85.421814,27.76183,1404
85.42181,27.761822,1403
85.42181,27.761816,1403
85.4218,27.761808,1402
85.4218,27.761803,1402
85.42179,27.761795,1402
85.42178,27.761787,1402
85.42178,27.761778,1402
85.421776,27.761772,1401
85.421776,27.761765,1401
85.42177,27.761759,1401
85.42176,27.761751,1401
85.42176,27.761744,1400
85.42175,27.761734,1400
85.421745,27.761724,1400
85.421745,27.761717,1400
85.42174,27.761707,1399
85.42173,27.7617,1399
85.42173,27.761692,1399
85.42172,27.761684,1399
85.421715,27.761677,1399
85.421715,27.761667,1398
85.42171,27.76166,1398
85.4217,27.76165,1398
85.4217,27.761642,1398
85.42169,27.761633,1398
85.421684,27.761625,1397
85.42168,27.761616,1397
85.42168,27.761606,1397
85.42167,27.761599,1397
85.42166,27.761591,1396
85.42166,27.761585,1396
85.42165,27.761578,1396
85.421646,27.76157,1396
85.421646,27.761562,1396
85.42164,27.761553,1395
85.42163,27.761545,1395
85.42163,27.761536,1395
85.42163,27.761526,1395
85.42162,27.761517,1395
85.42162,27.761505,1394
85.42162,27.761494,1394
85.421616,27.761482,1394
85.42161,27.761473,1394
85.4216,27.761463,1394
85.4216,27.761454,1394
85.42159,27.761446,1394
85.421585,27.761436,1393
85.42158,27.761423,1393
85.42157,27.761412,1393
85.42156,27.761398,1393
85.421555,27.761389,1393
85.42155,27.76138,1392
85.42154,27.76137,1392
85.42154,27.761358,1392
85.42153,27.761349,1392
85.421524,27.76134,1392
85.42152,27.76133,1392
85.42151,27.76132,1392
85.4215,27.76131,1391
85.421486,27.761301,1391
85.42148,27.76129,1391
85.42147,27.761278,1391
85.42146,27.761267,1391
85.421455,27.761257,1391
85.42145,27.761248,1391
85.42145,27.761238,1391
85.42144,27.761227,1391
85.42143,27.761217,1391
85.421425,27.761208,1391
85.421425,27.761198,1391
85.42142,27.76119,1391
85.42141,27.76118,1391
85.4214,27.761171,1391
85.421394,27.761164,1390
85.42139,27.761154,1390
85.42138,27.761145,1390
85.42137,27.761135,1390
85.421364,27.761127,1390
85.42136,27.76112,1390
85.42135,27.761112,1390
85.42134,27.761105,1390
85.42133,27.761097,1390
85.421326,27.76109,1390
85.42132,27.761082,1390
85.42131,27.761072,1390
85.42131,27.76106,1390
85.4213,27.76105,1390
85.4213,27.761038,1390
85.421295,27.761023,1390
85.421295,27.761007,1390
85.421295,27.760994,1390
85.42129,27.760979,1390
85.42129,27.760965,1390
85.42128,27.760954,1390
85.42128,27.760942,1390
85.42127,27.760933,1390
85.421265,27.760923,1390
85.421265,27.760914,1390
85.42126,27.760904,1390
85.42125,27.760895,1390
85.42125,27.760883,1390
85.42124,27.760874,1390
85.42124,27.760862,1390
85.421234,27.760853,1390
85.421234,27.760841,1390
85.42123,27.76083,1390
85.42123,27.760818,1390
85.42123,27.760809,1390
85.42122,27.760798,1390
85.42122,27.760788,1390
85.42122,27.760778,1390
85.42122,27.760767,1390
85.42121,27.760756,1390
85.42121,27.760746,1390
85.42121,27.760733,1390
85.42121,27.760721,1390
85.42121,27.760712,1390
85.42121,27.7607,1390
85.42121,27.76069,1390
85.42121,27.760681,1390
85.42121,27.760672,1390
85.42121,27.76066,1390
85.42121,27.76065,1390
85.42121,27.760637,1390
85.42122,27.760622,1390
85.42122,27.760609,1390
85.42122,27.760595,1390
85.42122,27.760582,1390
85.42123,27.76057,1390
85.42123,27.760561,1390
85.42123,27.76055,1390
85.42123,27.76054,1390
85.42123,27.76053,1390
85.42123,27.760519,1390
85.42123,27.760508,1390
85.42123,27.760496,1390
85.42123,27.760485,1390
85.42123,27.760471,1390
85.42123,27.76046,1390
85.42122,27.76045,1390
85.42122,27.760439,1390
85.42121,27.760431,1390
85.42121,27.760422,1390
85.42121,27.76041,1390
85.4212,27.760399,1390
85.421196,27.760387,1390
85.421196,27.760374,1390
85.42119,27.760363,1390
85.42119,27.760351,1390
85.42118,27.76034,1390
85.42118,27.760326,1390
85.42118,27.760315,1390
85.42117,27.760305,1390
85.421165,27.760296,1390
85.42116,27.760283,1390
85.42116,27.760273,1390
85.42115,27.760262,1390
85.42114,27.760248,1390
85.42114,27.760237,1390
85.421135,27.760225,1390
85.42113,27.760212,1390
85.42113,27.7602,1390
85.42112,27.760191,1390
85.42112,27.76018,1390
85.42111,27.760172,1390
85.42111,27.760162,1390
85.42111,27.760153,1390
85.421104,27.760143,1390
85.421104,27.760132,1390
85.4211,27.76012,1390
85.4211,27.760109,1390
85.42109,27.760096,1390
85.42109,27.760084,1390
85.42108,27.76007,1390
85.421074,27.760056,1390
85.42107,27.760038,1390
85.42107,27.760023,1390
85.42106,27.760008,1390
85.42105,27.759996,1390
85.42105,27.759985,1390
85.42105,27.759975,1390
85.42104,27.759966,1390
85.42104,27.759956,1390
85.421036,27.759947,1390
85.421036,27.759937,1390
85.42103,27.759926,1390
85.42102,27.759914,1390
85.42102,27.7599,1390
85.42101,27.759884,1390
85.42101,27.759867,1390
85.421005,27.759853,1390
85.421005,27.75984,1390
85.421,27.759829,1390
85.421,27.759815,1390
85.42099,27.759804,1390
85.42099,27.75979,1389
85.42099,27.759779,1389
85.42098,27.759768,1389
85.420975,27.759758,1389
85.420975,27.759747,1389
85.42097,27.759739,1389
85.42096,27.75973,1389
85.42095,27.759718,1389
85.42095,27.759708,1389
85.420944,27.759697,1389
85.42094,27.759686,1389
85.42094,27.759674,1389
85.42093,27.759663,1389
85.42093,27.759651,1389
85.42092,27.75964,1389
85.42091,27.75963,1389
85.420906,27.759623,1389
85.4209,27.759615,1389
85.42089,27.75961,1389
85.42088,27.7596,1389
85.420876,27.759588,1389
85.420876,27.759579,1389
85.42087,27.759567,1389
85.42086,27.759556,1389
85.42086,27.759542,1389
85.42086,27.759531,1389
85.42086,27.75952,1389
85.42085,27.759508,1389
85.42085,27.759497,1389
85.420845,27.759485,1389
85.42084,27.759474,1389
85.42084,27.759464,1389
85.42083,27.759453,1389
85.42082,27.75944,1389
85.420815,27.759428,1389
85.420815,27.759415,1389
85.42081,27.759401,1389
85.4208,27.75939,1389
85.4208,27.75938,1389
85.42079,27.75937,1388
85.420784,27.759361,1388
85.42078,27.759354,1388
85.42078,27.759344,1388
85.42077,27.759335,1388
85.42076,27.759321,1388
85.42075,27.759308,1388
85.42075,27.759296,1388
85.420746,27.759283,1388
85.420746,27.759272,1388
85.42074,27.759262,1388
85.42074,27.759253,1388
85.42073,27.759241,1388
85.42073,27.759232,1388
85.42072,27.759222,1388
85.42072,27.75921,1388
85.420715,27.759197,1388
85.42071,27.759186,1388
85.42071,27.759172,1388
85.4207,27.759161,1388
85.42069,27.759148,1388
85.42069,27.759136,1388
85.42069,27.759127,1388
85.420685,27.759115,1388
85.420685,27.759106,1388
85.42069,27.759096,1388
85.42069,27.759087,1388
85.42069,27.759077,1388
85.42069,27.75907,1388
85.42069,27.75906,1388
85.42069,27.759052,1388
85.42069,27.759047,1388
85.4207,27.75903,1388
85.420685,27.759033,1388
85.420685,27.759035,1388
85.420685,27.759037,1388
85.42068,27.759058,1388
85.42068,27.759062,1388
85.42068,27.759068,1388
85.42068,27.759077,1388
85.42068,27.75909,1388
85.42068,27.759102,1388
85.420685,27.759117,1388
85.420685,27.759132,1388
85.420685,27.759146,1388
85.420685,27.759161,1388
85.420685,27.759176,1388
85.420685,27.759192,1388
85.42069,27.759209,1388
85.42069,27.759224,1388
85.4207,27.759243,1388
85.4207,27.759256,1388
85.4207,27.75927,1388
85.42071,27.759281,1388
85.42071,27.759293,1388
85.42071,27.7593,1388
85.420715,27.75932,1388
85.420715,27.759321,1388
85.420715,27.75932,1388
85.42072,27.75932,1388
85.42073,27.759321,1388
85.42074,27.759325,1388
85.420746,27.759327,1388
85.420746,27.759336,1388
85.42074,27.759335,1388
</coordinates>
</LineString>
</Placemark>
</Folder>
</Document>
</kml>
