<?xml version="1.0" encoding="UTF-8"?>
<kml xmlns="http://www.opengis.net/kml/2.2">
<Document>
<name>WNW_117.Konjyosom waterfall via Bhardeu</name>
<description/>
<Style id="icon-1899-DB4436-nodesc-normal">
<IconStyle>
<color>ff3644db</color>
<scale>1</scale>
<Icon>
<href>https://www.gstatic.com/mapspro/images/stock/503-wht-blank_maps.png</href>
</Icon>
<hotSpot x="32" xunits="pixels" y="64" yunits="insetPixels"/>
</IconStyle>
<LabelStyle>
<scale>0</scale>
</LabelStyle>
<BalloonStyle>
<text><![CDATA[<h3>$[name]</h3>]]></text>
</BalloonStyle>
</Style>
<Style id="icon-1899-DB4436-nodesc-highlight">
<IconStyle>
<color>ff3644db</color>
<scale>1</scale>
<Icon>
<href>https://www.gstatic.com/mapspro/images/stock/503-wht-blank_maps.png</href>
</Icon>
<hotSpot x="32" xunits="pixels" y="64" yunits="insetPixels"/>
</IconStyle>
<LabelStyle>
<scale>1</scale>
</LabelStyle>
<BalloonStyle>
<text><![CDATA[<h3>$[name]</h3>]]></text>
</BalloonStyle>
</Style>
<StyleMap id="icon-1899-DB4436-nodesc">
<Pair>
<key>normal</key>
<styleUrl>#icon-1899-DB4436-nodesc-normal</styleUrl>
</Pair>
<Pair>
<key>highlight</key>
<styleUrl>#icon-1899-DB4436-nodesc-highlight</styleUrl>
</Pair>
</StyleMap>
<Style id="line-0000FF-8000-nodesc-normal">
<LineStyle>
<color>ffff0000</color>
<width>8</width>
</LineStyle>
<BalloonStyle>
<text><![CDATA[<h3>$[name]</h3>]]></text>
</BalloonStyle>
</Style>
<Style id="line-0000FF-8000-nodesc-highlight">
<LineStyle>
<color>ffff0000</color>
<width>12</width>
</LineStyle>
<BalloonStyle>
<text><![CDATA[<h3>$[name]</h3>]]></text>
</BalloonStyle>
</Style>
<StyleMap id="line-0000FF-8000-nodesc">
<Pair>
<key>normal</key>
<styleUrl>#line-0000FF-8000-nodesc-normal</styleUrl>
</Pair>
<Pair>
<key>highlight</key>
<styleUrl>#line-0000FF-8000-nodesc-highlight</styleUrl>
</Pair>
</StyleMap>
<Folder>
<name>Points</name>
<Placemark>
<name>KM7</name>
<styleUrl>#icon-1899-DB4436-nodesc</styleUrl>
<Point>
<coordinates>
85.422026,27.559022,0
</coordinates>
</Point>
</Placemark>
<Placemark>
<name>KM1</name>
<styleUrl>#icon-1899-DB4436-nodesc</styleUrl>
<Point>
<coordinates>
85.390484,27.553213,0
</coordinates>
</Point>
</Placemark>
<Placemark>
<name>KM5</name>
<styleUrl>#icon-1899-DB4436-nodesc</styleUrl>
<Point>
<coordinates>
85.405598,27.557429,0
</coordinates>
</Point>
</Placemark>
<Placemark>
<name>KM3</name>
<styleUrl>#icon-1899-DB4436-nodesc</styleUrl>
<Point>
<coordinates>
85.398117,27.55571,0
</coordinates>
</Point>
</Placemark>
<Placemark>
<name>KM7.5</name>
<styleUrl>#icon-1899-DB4436-nodesc</styleUrl>
<Point>
<coordinates>
85.4237,27.55747,0
</coordinates>
</Point>
</Placemark>
<Placemark>
<name>KM6</name>
<styleUrl>#icon-1899-DB4436-nodesc</styleUrl>
<Point>
<coordinates>
85.41297,27.558435,0
</coordinates>
</Point>
</Placemark>
<Placemark>
<name>KM2</name>
<styleUrl>#icon-1899-DB4436-nodesc</styleUrl>
<Point>
<coordinates>
85.395944,27.552878,0
</coordinates>
</Point>
</Placemark>
<Placemark>
<name>KM4</name>
<styleUrl>#icon-1899-DB4436-nodesc</styleUrl>
<Point>
<coordinates>
85.399495,27.559723,0
</coordinates>
</Point>
</Placemark>
<Placemark>
<name>KM0</name>
<styleUrl>#icon-1899-DB4436-nodesc</styleUrl>
<Point>
<coordinates>
85.386191,27.552303,0
</coordinates>
</Point>
</Placemark>
</Folder>
<Folder>
<name>LineStrings</name>
<Placemark>
<name>Konjyo waterfall</name>
<styleUrl>#line-0000FF-8000-nodesc</styleUrl>
<LineString>
<tessellate>1</tessellate>
<coordinates>
85.386191,27.552303,1945
85.38619,27.552303,1946
85.386188,27.552302,1946
85.386186,27.552302,1946
85.386185,27.552301,1946
85.386182,27.552299,1946
85.386179,27.552297,1945
85.386174,27.552294,1945
85.386169,27.552291,1945
85.386163,27.552287,1945
85.386156,27.552283,1945
85.386149,27.552278,1945
85.386143,27.552274,1945
85.386138,27.552271,1945
85.386134,27.552268,1945
85.386132,27.552267,1945
85.386132,27.552266,1945
85.386132,27.552265,1946
85.386132,27.552264,1946
85.386131,27.552264,1946
85.386131,27.552263,1946
85.38613,27.552263,1945
85.386129,27.552264,1945
85.386129,27.552265,1945
85.386129,27.552266,1945
85.386131,27.552267,1945
85.386133,27.552268,1945
85.38613,27.552264,1945
85.386132,27.552264,1946
85.386136,27.552264,1946
85.386145,27.552266,1946
85.38616,27.552271,1946
85.38618,27.55228,1946
85.386205,27.552293,1946
85.386216,27.552305,1946
85.386214,27.552308,1946
85.386212,27.552311,1946
85.38621,27.552314,1946
85.386208,27.552317,1946
85.386206,27.552321,1946
85.386204,27.552324,1946
85.386202,27.552327,1946
85.3862,27.55233,1946
85.386198,27.552333,1946
85.3862,27.552335,1946
85.386206,27.552333,1946
85.386213,27.55233,1946
85.38622,27.552325,1946
85.38623,27.552318,1946
85.386241,27.552311,1946
85.386251,27.552306,1946
85.386263,27.552302,1946
85.386271,27.552301,1946
85.386272,27.5523,1946
85.386274,27.5523,1946
85.386275,27.552299,1946
85.386276,27.552297,1946
85.386278,27.552295,1946
85.38628,27.552291,1946
85.386283,27.552287,1946
85.386286,27.552283,1946
85.386291,27.55228,1946
85.386297,27.552277,1946
85.386302,27.552274,1946
85.386305,27.552272,1946
85.386308,27.55227,1946
85.386311,27.552269,1946
85.386315,27.552269,1946
85.386318,27.55227,1946
85.386321,27.552272,1946
85.386324,27.552274,1946
85.386328,27.552276,1946
85.386329,27.552277,1946
85.386332,27.552279,1946
85.386335,27.552282,1946
85.386337,27.552285,1946
85.386341,27.552288,1946
85.386345,27.552289,1946
85.386351,27.552289,1946
85.386359,27.55229,1946
85.386366,27.552291,1946
85.386373,27.552293,1946
85.386379,27.552296,1946
85.386385,27.5523,1946
85.386392,27.552302,1946
85.386399,27.552306,1946
85.386405,27.552308,1946
85.386412,27.552311,1947
85.386419,27.552314,1947
85.386426,27.552317,1947
85.386433,27.55232,1947
85.38644,27.552324,1947
85.386446,27.552327,1947
85.386451,27.552331,1947
85.386455,27.552334,1947
85.38646,27.552337,1947
85.386464,27.552342,1947
85.386469,27.552346,1948
85.386474,27.55235,1948
85.386478,27.552354,1948
85.386481,27.552357,1948
85.386486,27.55236,1948
85.386489,27.552364,1948
85.386493,27.552367,1948
85.386497,27.552372,1948
85.386501,27.552375,1948
85.386506,27.552379,1948
85.38651,27.552382,1948
85.386514,27.552385,1949
85.386518,27.552388,1949
85.386522,27.552392,1949
85.386526,27.552396,1949
85.386531,27.552401,1949
85.386536,27.552405,1949
85.38654,27.552409,1949
85.386545,27.552413,1949
85.38655,27.552418,1949
85.386554,27.552423,1949
85.386557,27.552427,1950
85.386562,27.552431,1950
85.386568,27.552435,1950
85.386574,27.552438,1950
85.386581,27.552441,1950
85.386586,27.552445,1950
85.386593,27.552449,1950
85.386599,27.552452,1950
85.386605,27.552455,1950
85.386612,27.552456,1950
85.386619,27.552458,1950
85.386625,27.552459,1951
85.38663,27.552461,1951
85.386635,27.552463,1951
85.386641,27.552466,1951
85.386647,27.552468,1951
85.386652,27.55247,1951
85.386657,27.552471,1951
85.38666,27.552472,1951
85.386665,27.552473,1951
85.38667,27.552475,1951
85.386676,27.552477,1952
85.386682,27.552478,1952
85.386688,27.55248,1952
85.386694,27.552481,1952
85.3867,27.552483,1952
85.386707,27.552484,1952
85.386715,27.552483,1952
85.386723,27.552483,1952
85.386731,27.552481,1952
85.386737,27.552481,1952
85.386745,27.55248,1952
85.386751,27.55248,1952
85.386757,27.552479,1953
85.386763,27.552479,1953
85.386768,27.552479,1953
85.386774,27.552479,1953
85.38678,27.552479,1953
85.386785,27.552479,1953
85.386791,27.552479,1953
85.386797,27.55248,1953
85.386803,27.552481,1953
85.386809,27.552482,1954
85.386815,27.552482,1954
85.386821,27.552482,1954
85.386827,27.552483,1954
85.386833,27.552483,1954
85.386839,27.552482,1954
85.386846,27.552484,1954
85.386852,27.552484,1954
85.386857,27.552485,1955
85.386863,27.552486,1955
85.386869,27.552487,1955
85.386875,27.552488,1955
85.386882,27.552488,1955
85.38689,27.552487,1955
85.386898,27.552487,1955
85.386905,27.552487,1955
85.386914,27.552485,1956
85.386923,27.552483,1956
85.386931,27.552481,1956
85.38694,27.552481,1956
85.386946,27.552483,1956
85.386954,27.552485,1956
85.386961,27.552487,1956
85.386969,27.552487,1956
85.386978,27.552488,1956
85.386985,27.552489,1956
85.38699,27.552492,1956
85.386995,27.552495,1956
85.386999,27.5525,1957
85.387002,27.552505,1957
85.387004,27.552511,1957
85.387007,27.552517,1957
85.387008,27.552523,1957
85.38701,27.552528,1957
85.387012,27.552534,1957
85.387013,27.55254,1957
85.387016,27.552546,1957
85.38702,27.552551,1957
85.387025,27.552556,1957
85.387029,27.55256,1957
85.387033,27.552564,1957
85.387037,27.552568,1957
85.387042,27.552572,1957
85.387048,27.552575,1957
85.387053,27.552578,1957
85.38706,27.552581,1957
85.387067,27.552585,1958
85.387074,27.552589,1958
85.387082,27.552592,1958
85.387091,27.552596,1958
85.387099,27.552599,1958
85.387108,27.552601,1958
85.387117,27.552605,1958
85.387127,27.552609,1958
85.387134,27.552615,1958
85.387142,27.55262,1958
85.38715,27.552625,1958
85.387158,27.552629,1958
85.387167,27.552633,1958
85.387175,27.552636,1958
85.387181,27.55264,1958
85.387188,27.552643,1959
85.387194,27.552647,1959
85.3872,27.552651,1959
85.387205,27.552656,1959
85.387211,27.552661,1959
85.387217,27.552668,1959
85.387221,27.552675,1959
85.387226,27.552681,1959
85.38723,27.552688,1959
85.387234,27.552696,1959
85.387235,27.552702,1959
85.387235,27.552709,1959
85.387235,27.552715,1959
85.387234,27.552722,1960
85.387234,27.552727,1960
85.387233,27.552732,1960
85.387232,27.552735,1960
85.387229,27.552739,1960
85.387227,27.552744,1960
85.387224,27.552749,1960
85.387221,27.552754,1960
85.387217,27.552759,1960
85.387212,27.552763,1960
85.387206,27.552767,1960
85.387199,27.55277,1960
85.387193,27.552775,1961
85.387187,27.552778,1961
85.387181,27.552782,1961
85.387177,27.552786,1961
85.387172,27.552789,1961
85.387168,27.552793,1961
85.387166,27.552797,1961
85.387162,27.552802,1962
85.387157,27.552807,1962
85.387151,27.552812,1962
85.387145,27.552818,1962
85.387137,27.552822,1962
85.387128,27.552826,1962
85.387119,27.55283,1962
85.387109,27.552834,1962
85.3871,27.552837,1963
85.387089,27.55284,1963
85.387077,27.552842,1963
85.387065,27.552844,1963
85.387053,27.552846,1963
85.387042,27.552846,1963
85.387031,27.552846,1963
85.387019,27.552846,1963
85.387008,27.552845,1964
85.386998,27.552843,1964
85.386988,27.552841,1964
85.386978,27.552839,1964
85.38697,27.552837,1964
85.386961,27.552836,1964
85.386953,27.552835,1964
85.386946,27.552834,1964
85.386942,27.552834,1964
85.386938,27.552835,1964
85.386936,27.552835,1964
85.386935,27.552836,1964
85.386934,27.552836,1964
85.386934,27.552837,1964
85.386933,27.552837,1964
85.386932,27.552836,1964
85.386931,27.552836,1964
85.38693,27.552837,1964
85.38693,27.552836,1964
85.386928,27.552837,1964
85.386927,27.552836,1964
85.386926,27.552836,1964
85.386924,27.552835,1964
85.386922,27.552835,1964
85.38692,27.552835,1964
85.386915,27.552834,1964
85.386911,27.552833,1964
85.386907,27.552832,1964
85.386904,27.552831,1964
85.3869,27.552831,1964
85.386896,27.552831,1964
85.386892,27.552831,1964
85.386888,27.552831,1964
85.386886,27.552831,1964
85.386885,27.552831,1964
85.386883,27.552831,1965
85.386882,27.552831,1965
85.386881,27.552831,1965
85.38688,27.552831,1965
85.386879,27.552831,1965
85.386878,27.552831,1965
85.386877,27.552831,1965
85.386876,27.552831,1965
85.386875,27.552831,1965
85.386874,27.552831,1965
85.386872,27.552831,1965
85.38687,27.552831,1965
85.386866,27.55283,1965
85.386862,27.55283,1965
85.386858,27.552831,1965
85.386852,27.552831,1965
85.386847,27.552831,1965
85.386843,27.552832,1965
85.386839,27.552831,1966
85.386835,27.552831,1966
85.386832,27.55283,1966
85.386829,27.55283,1966
85.386828,27.552829,1966
85.386826,27.552828,1966
85.386824,27.552827,1966
85.386821,27.552825,1966
85.386819,27.552821,1966
85.386818,27.552818,1966
85.386817,27.552816,1966
85.386817,27.552813,1966
85.386815,27.552811,1966
85.386812,27.55281,1966
85.386808,27.552808,1966
85.386804,27.552806,1966
85.386802,27.552805,1966
85.386798,27.552803,1967
85.386794,27.552802,1967
85.386786,27.5528,1967
85.386779,27.552799,1967
85.386771,27.552798,1967
85.386764,27.552795,1967
85.386761,27.552793,1967
85.386758,27.552791,1967
85.386756,27.55279,1967
85.386756,27.552789,1967
85.386759,27.552791,1967
85.386762,27.552795,1967
85.386764,27.552803,1967
85.386765,27.552812,1967
85.386766,27.552821,1967
85.38677,27.552829,1968
85.386773,27.552836,1968
85.386776,27.552842,1968
85.386778,27.552847,1968
85.386781,27.552849,1968
85.386784,27.552853,1968
85.386783,27.552858,1968
85.386783,27.552863,1968
85.386783,27.552869,1968
85.386783,27.552875,1968
85.386783,27.55288,1969
85.386782,27.552885,1969
85.386783,27.552889,1969
85.386784,27.552894,1969
85.386786,27.552898,1969
85.386788,27.552902,1969
85.386789,27.552907,1969
85.38679,27.552911,1969
85.386791,27.552916,1969
85.386792,27.55292,1969
85.386794,27.552924,1969
85.386796,27.552928,1969
85.386799,27.552932,1969
85.386802,27.552936,1969
85.386805,27.552939,1970
85.386808,27.552943,1970
85.386811,27.552946,1970
85.386814,27.552951,1970
85.386817,27.552956,1970
85.38682,27.552961,1970
85.386823,27.552967,1970
85.386827,27.552973,1970
85.38683,27.552978,1970
85.386835,27.552983,1970
85.38684,27.552989,1970
85.386844,27.552995,1970
85.386847,27.553001,1970
85.386851,27.553007,1971
85.386855,27.553013,1971
85.386859,27.55302,1971
85.386863,27.553026,1971
85.386867,27.553031,1971
85.386869,27.553036,1971
85.38687,27.55304,1971
85.386871,27.553043,1971
85.386873,27.553049,1971
85.386875,27.553054,1971
85.386877,27.553059,1971
85.38688,27.553065,1971
85.386882,27.55307,1971
85.386884,27.553078,1972
85.386887,27.553085,1972
85.38689,27.553093,1972
85.386892,27.553101,1972
85.386894,27.553109,1972
85.386896,27.553116,1972
85.386899,27.553124,1972
85.386901,27.55313,1972
85.386903,27.553137,1972
85.386904,27.553143,1972
85.386904,27.55315,1973
85.386905,27.553156,1973
85.386907,27.553161,1973
85.386908,27.553166,1973
85.38691,27.553171,1973
85.386912,27.553176,1973
85.386912,27.553181,1973
85.386914,27.553186,1973
85.386915,27.553191,1973
85.386916,27.553195,1973
85.386916,27.553199,1973
85.386917,27.553204,1973
85.386917,27.553208,1974
85.386917,27.553212,1974
85.386916,27.553217,1974
85.386916,27.55322,1974
85.386915,27.553224,1974
85.386914,27.553229,1974
85.386912,27.553233,1974
85.386911,27.553238,1974
85.38691,27.553243,1974
85.386909,27.553247,1975
85.386909,27.553252,1975
85.386908,27.553256,1975
85.386907,27.55326,1975
85.386907,27.553266,1975
85.386905,27.553272,1975
85.386905,27.553278,1975
85.386905,27.553285,1975
85.386905,27.553291,1975
85.386907,27.553297,1975
85.386909,27.553302,1975
85.386911,27.553306,1976
85.386915,27.55331,1976
85.386919,27.553313,1976
85.386924,27.553315,1976
85.386928,27.553317,1976
85.386932,27.553318,1976
85.386936,27.553318,1976
85.386939,27.553316,1976
85.386942,27.553312,1976
85.386944,27.553307,1976
85.386946,27.553302,1976
85.386948,27.553297,1976
85.386951,27.553294,1976
85.386953,27.55329,1976
85.386955,27.553286,1977
85.386957,27.553283,1977
85.386959,27.553279,1977
85.386961,27.553277,1977
85.386964,27.553274,1977
85.386966,27.553271,1977
85.386968,27.553268,1977
85.38697,27.553265,1977
85.386973,27.553263,1977
85.386975,27.55326,1977
85.386976,27.553256,1977
85.386977,27.553252,1977
85.386978,27.553248,1977
85.386979,27.553243,1977
85.386981,27.553239,1977
85.386983,27.553233,1977
85.386984,27.553227,1977
85.386986,27.55322,1977
85.386989,27.553214,1977
85.386991,27.553207,1978
85.386993,27.5532,1978
85.386997,27.553194,1978
85.387001,27.553188,1978
85.387004,27.553183,1978
85.387008,27.553177,1978
85.387011,27.553171,1978
85.387014,27.553166,1978
85.387018,27.553161,1978
85.387022,27.553159,1978
85.387025,27.553158,1978
85.387026,27.553157,1979
85.387026,27.553156,1979
85.387026,27.553157,1979
85.387025,27.553156,1979
85.387025,27.553157,1979
85.387025,27.553156,1979
85.387025,27.553155,1979
85.387026,27.553155,1979
85.387026,27.553154,1979
85.387028,27.553153,1979
85.38703,27.553152,1979
85.387033,27.55315,1979
85.387036,27.553148,1979
85.38704,27.553145,1979
85.387045,27.553141,1979
85.38705,27.553137,1980
85.387058,27.55313,1980
85.387065,27.553124,1980
85.387072,27.553119,1980
85.387078,27.553115,1980
85.387085,27.553112,1980
85.387092,27.55311,1980
85.3871,27.553108,1980
85.387106,27.553107,1980
85.387113,27.553105,1980
85.387119,27.553104,1980
85.387125,27.553102,1981
85.387132,27.553101,1981
85.387139,27.5531,1981
85.387145,27.5531,1981
85.387152,27.5531,1981
85.387159,27.553099,1981
85.387165,27.553099,1981
85.387171,27.5531,1981
85.387177,27.553101,1981
85.387183,27.553102,1981
85.387189,27.553103,1981
85.387194,27.553105,1982
85.387201,27.553107,1982
85.387207,27.553109,1982
85.387212,27.55311,1982
85.387218,27.55311,1982
85.387223,27.553111,1982
85.38723,27.553111,1982
85.387237,27.553111,1982
85.387244,27.553111,1982
85.387251,27.553113,1982
85.387256,27.553116,1982
85.387261,27.553119,1982
85.387265,27.553122,1983
85.387268,27.553124,1983
85.387273,27.553126,1983
85.387279,27.553128,1983
85.387285,27.553129,1983
85.387292,27.55313,1983
85.387298,27.553131,1983
85.387304,27.553133,1983
85.38731,27.553134,1983
85.387317,27.553135,1983
85.387323,27.553137,1984
85.387329,27.553138,1984
85.387335,27.55314,1984
85.38734,27.553142,1984
85.387345,27.553145,1984
85.38735,27.553148,1984
85.387354,27.55315,1984
85.387358,27.553153,1984
85.387362,27.553157,1984
85.387367,27.553161,1984
85.38737,27.553164,1984
85.387375,27.553167,1985
85.387379,27.55317,1985
85.387383,27.553173,1985
85.387388,27.553176,1985
85.387393,27.55318,1985
85.387398,27.553184,1985
85.387404,27.553188,1985
85.387411,27.553191,1985
85.387417,27.553193,1985
85.387423,27.553195,1985
85.387429,27.553198,1985
85.387435,27.5532,1986
85.387441,27.553203,1986
85.387446,27.553205,1986
85.387451,27.553207,1986
85.387457,27.553208,1986
85.387462,27.553209,1986
85.387467,27.553211,1986
85.387472,27.553213,1986
85.387478,27.553216,1986
85.387484,27.553219,1986
85.387489,27.553222,1987
85.387494,27.553226,1987
85.387499,27.553228,1987
85.387506,27.55323,1987
85.387512,27.553232,1987
85.387519,27.553234,1987
85.387525,27.553237,1987
85.387531,27.55324,1987
85.387536,27.553243,1987
85.387542,27.553245,1987
85.387547,27.553246,1987
85.387553,27.553247,1988
85.387557,27.553248,1988
85.387562,27.553248,1988
85.387567,27.553248,1988
85.387571,27.553248,1988
85.387577,27.553249,1988
85.387583,27.553249,1988
85.387588,27.55325,1988
85.387591,27.553251,1988
85.387596,27.553253,1988
85.387602,27.553256,1988
85.387609,27.553259,1988
85.387617,27.553263,1989
85.387623,27.553266,1989
85.387629,27.553271,1989
85.387633,27.553276,1989
85.387637,27.55328,1989
85.387642,27.553285,1989
85.387647,27.553289,1989
85.387652,27.553293,1989
85.387657,27.553296,1989
85.387662,27.5533,1989
85.387666,27.553305,1989
85.387669,27.553311,1989
85.387673,27.553316,1990
85.387676,27.553322,1990
85.387678,27.553328,1990
85.38768,27.553333,1990
85.387683,27.553336,1990
85.387687,27.553338,1990
85.38769,27.553339,1990
85.387693,27.553341,1990
85.387697,27.553344,1990
85.387702,27.553347,1990
85.387707,27.553351,1991
85.387712,27.553355,1991
85.387717,27.553359,1991
85.387723,27.553363,1991
85.387726,27.553368,1991
85.387729,27.553372,1991
85.387731,27.553376,1991
85.387735,27.553379,1991
85.38774,27.553382,1991
85.387744,27.553385,1992
85.387747,27.55339,1992
85.38775,27.553393,1992
85.387753,27.553396,1992
85.387757,27.553399,1992
85.387762,27.553403,1992
85.387766,27.553406,1992
85.387768,27.553408,1992
85.387771,27.55341,1992
85.387774,27.553413,1992
85.387778,27.553416,1992
85.387781,27.553418,1992
85.387785,27.553421,1993
85.387789,27.553426,1993
85.387792,27.55343,1993
85.387794,27.553435,1993
85.387798,27.553439,1993
85.387801,27.553444,1993
85.387805,27.553449,1993
85.38781,27.553454,1993
85.387816,27.55346,1993
85.38782,27.553465,1993
85.387825,27.553471,1993
85.38783,27.553476,1994
85.387836,27.553483,1994
85.38784,27.553489,1994
85.387844,27.553496,1994
85.387848,27.553501,1994
85.387852,27.553507,1994
85.387857,27.553512,1994
85.387861,27.553518,1994
85.387865,27.553523,1994
85.387869,27.553529,1995
85.387873,27.553533,1995
85.387879,27.553537,1995
85.387885,27.553541,1995
85.387892,27.553545,1995
85.387899,27.55355,1995
85.387904,27.553554,1995
85.387908,27.553558,1995
85.387914,27.553563,1995
85.387918,27.553567,1995
85.387922,27.553571,1996
85.387927,27.553575,1996
85.387932,27.553579,1996
85.387936,27.553583,1996
85.387941,27.553586,1996
85.387945,27.55359,1996
85.38795,27.553594,1996
85.387954,27.553598,1996
85.387957,27.553602,1996
85.387961,27.553606,1997
85.387964,27.553611,1997
85.387968,27.553615,1997
85.387972,27.553617,1997
85.387977,27.553621,1997
85.387982,27.553625,1997
85.387987,27.553628,1997
85.387992,27.553631,1997
85.387996,27.553635,1997
85.388,27.553638,1997
85.388003,27.553641,1997
85.388007,27.553644,1997
85.388011,27.553647,1997
85.388014,27.55365,1998
85.388016,27.553652,1998
85.38802,27.553653,1998
85.388023,27.553655,1998
85.388029,27.553658,1998
85.388035,27.55366,1998
85.388042,27.553662,1998
85.388049,27.553665,1998
85.388056,27.553669,1998
85.388063,27.553673,1998
85.388071,27.553677,1998
85.388079,27.55368,1998
85.388086,27.553683,1998
85.388095,27.553686,1999
85.388103,27.553689,1999
85.388112,27.553692,1999
85.388121,27.553695,1999
85.38813,27.553697,1999
85.388138,27.553699,1999
85.388147,27.553701,1999
85.388155,27.553701,1999
85.388164,27.553703,1999
85.388171,27.553703,1999
85.388181,27.553704,1999
85.388189,27.553705,1999
85.388197,27.553708,1999
85.388204,27.55371,1999
85.388211,27.553713,1999
85.388219,27.553715,2000
85.388226,27.553717,2000
85.388234,27.553719,2000
85.388241,27.55372,2000
85.388249,27.553721,2000
85.388256,27.553722,2000
85.388263,27.553722,2000
85.38827,27.553723,2000
85.388276,27.553724,2000
85.388283,27.553725,2000
85.388289,27.553727,2000
85.388295,27.553728,2000
85.388303,27.55373,2001
85.388309,27.553732,2001
85.388315,27.553734,2001
85.38832,27.553737,2001
85.388326,27.55374,2001
85.388332,27.553744,2001
85.388337,27.553749,2001
85.388341,27.553753,2001
85.388347,27.553758,2001
85.388352,27.553762,2001
85.388358,27.553767,2002
85.388365,27.553772,2002
85.388372,27.553775,2002
85.388378,27.553779,2002
85.388384,27.553783,2002
85.38839,27.553787,2002
85.388396,27.553792,2002
85.388401,27.553796,2002
85.388407,27.553801,2002
85.388412,27.553806,2002
85.388417,27.55381,2002
85.388423,27.553813,2002
85.388428,27.553816,2002
85.388433,27.55382,2003
85.388437,27.553823,2003
85.388442,27.553827,2003
85.388447,27.553831,2003
85.388452,27.553836,2003
85.388457,27.55384,2003
85.388462,27.553845,2003
85.388467,27.55385,2003
85.388472,27.553855,2003
85.388477,27.553859,2003
85.388483,27.553864,2004
85.388488,27.553868,2004
85.388493,27.553874,2004
85.388498,27.55388,2004
85.388502,27.553886,2004
85.388507,27.553892,2004
85.388513,27.553898,2004
85.388518,27.553902,2004
85.388524,27.553907,2004
85.38853,27.55391,2004
85.388537,27.553914,2004
85.388543,27.553918,2004
85.388551,27.553921,2005
85.388558,27.553925,2005
85.388564,27.553928,2005
85.38857,27.553932,2005
85.388577,27.553936,2005
85.388584,27.55394,2005
85.388592,27.553943,2005
85.388599,27.553947,2005
85.388606,27.553951,2005
85.38861,27.553956,2006
85.388614,27.553962,2006
85.388618,27.553968,2006
85.388623,27.553974,2006
85.388628,27.553978,2006
85.388634,27.553984,2006
85.388639,27.553988,2006
85.388643,27.553992,2006
85.388647,27.553997,2006
85.38865,27.554003,2007
85.388653,27.554008,2007
85.388657,27.554013,2007
85.38866,27.554018,2007
85.388665,27.554022,2007
85.388671,27.554025,2007
85.388678,27.55403,2007
85.388684,27.554033,2007
85.38869,27.554036,2007
85.388698,27.55404,2007
85.388704,27.554043,2007
85.38871,27.554047,2008
85.388715,27.554051,2008
85.388721,27.554054,2008
85.388725,27.554059,2008
85.388729,27.554064,2008
85.388733,27.554069,2008
85.388736,27.554076,2008
85.38874,27.554082,2008
85.388744,27.554087,2008
85.388748,27.554093,2008
85.388752,27.554098,2008
85.388755,27.554104,2009
85.388758,27.55411,2009
85.388763,27.554115,2009
85.388767,27.55412,2009
85.388772,27.554124,2009
85.388776,27.554129,2009
85.38878,27.554133,2009
85.388785,27.554138,2009
85.38879,27.554141,2009
85.388793,27.554144,2009
85.388796,27.554148,2009
85.3888,27.554149,2010
85.388802,27.554148,2010
85.388806,27.554147,2010
85.388812,27.554146,2010
85.388818,27.554143,2010
85.388824,27.554142,2010
85.388829,27.554141,2010
85.388832,27.554142,2010
85.388834,27.554142,2010
85.388835,27.554141,2011
85.388836,27.554138,2011
85.388836,27.554136,2011
85.388836,27.554133,2011
85.388836,27.55413,2011
85.388834,27.554128,2011
85.388834,27.554124,2011
85.388834,27.554121,2011
85.388835,27.554118,2011
85.388836,27.554114,2011
85.388837,27.554111,2011
85.388838,27.554109,2011
85.388837,27.554105,2012
85.388837,27.554102,2012
85.388836,27.5541,2012
85.388836,27.554096,2012
85.388836,27.554093,2012
85.388836,27.554089,2012
85.388837,27.554084,2012
85.388839,27.554079,2012
85.38884,27.554075,2012
85.388841,27.55407,2012
85.388843,27.554065,2013
85.388843,27.55406,2013
85.388845,27.554054,2013
85.388846,27.554048,2013
85.388846,27.554041,2013
85.388848,27.554033,2013
85.388849,27.554026,2013
85.388851,27.554018,2013
85.388853,27.554011,2013
85.388855,27.554004,2013
85.388856,27.553997,2013
85.388858,27.55399,2013
85.388859,27.553983,2014
85.388861,27.553975,2014
85.388864,27.553966,2014
85.388866,27.553957,2014
85.388869,27.553949,2014
85.388871,27.55394,2014
85.388871,27.553932,2014
85.388872,27.553924,2014
85.388874,27.553915,2014
85.388874,27.553907,2014
85.388874,27.553899,2014
85.388875,27.553891,2014
85.388876,27.553884,2015
85.388876,27.553877,2015
85.388879,27.553869,2015
85.388881,27.553862,2015
85.388884,27.553855,2015
85.388887,27.553849,2015
85.38889,27.553844,2015
85.388893,27.553839,2015
85.388895,27.553834,2015
85.388896,27.55383,2016
85.388895,27.553827,2016
85.388894,27.553823,2016
85.388893,27.553819,2016
85.388892,27.553813,2016
85.388892,27.553808,2016
85.388891,27.553803,2016
85.38889,27.553798,2016
85.388889,27.553793,2016
85.388887,27.553787,2016
85.388885,27.553782,2016
85.388884,27.553776,2016
85.388883,27.553771,2016
85.388883,27.553766,2016
85.388881,27.553761,2017
85.388879,27.553756,2017
85.388877,27.553751,2017
85.388876,27.553747,2017
85.388874,27.553743,2017
85.388872,27.553739,2017
85.38887,27.553736,2017
85.388869,27.553732,2017
85.388867,27.553729,2017
85.388864,27.553725,2017
85.388861,27.553721,2017
85.388856,27.553717,2017
85.388851,27.553713,2017
85.388846,27.55371,2017
85.38884,27.553707,2017
85.388834,27.553704,2018
85.388827,27.553699,2018
85.38882,27.553696,2018
85.388815,27.553691,2018
85.38881,27.553686,2018
85.388806,27.553682,2018
85.388802,27.553677,2018
85.388798,27.553671,2018
85.388795,27.553667,2018
85.388792,27.553662,2018
85.388789,27.553656,2018
85.388786,27.55365,2018
85.388783,27.553644,2019
85.388781,27.553639,2019
85.388778,27.553633,2019
85.388776,27.553628,2019
85.388773,27.553622,2019
85.388772,27.553616,2019
85.38877,27.553611,2019
85.388767,27.553606,2019
85.388766,27.553601,2019
85.388765,27.553596,2019
85.388762,27.553592,2019
85.38876,27.553588,2020
85.388756,27.553583,2020
85.388754,27.553579,2020
85.388752,27.553575,2020
85.388749,27.553571,2020
85.388746,27.553567,2020
85.388743,27.553562,2020
85.388739,27.553558,2020
85.388736,27.553555,2020
85.388733,27.553551,2020
85.388732,27.553546,2021
85.38873,27.553541,2021
85.388727,27.553536,2021
85.388726,27.553531,2021
85.388724,27.553525,2021
85.388722,27.55352,2021
85.38872,27.553515,2021
85.388719,27.55351,2021
85.388717,27.553504,2021
85.388714,27.553499,2021
85.388712,27.553493,2021
85.38871,27.553488,2021
85.388709,27.553482,2021
85.388707,27.553477,2022
85.388705,27.553472,2022
85.388703,27.553466,2022
85.3887,27.553462,2022
85.388698,27.553458,2022
85.388694,27.553454,2022
85.388689,27.553451,2022
85.388684,27.553447,2022
85.388679,27.553443,2022
85.388676,27.553437,2022
85.388672,27.553433,2023
85.388667,27.553428,2023
85.388663,27.553424,2023
85.388658,27.55342,2023
85.388653,27.553416,2023
85.388648,27.553411,2023
85.388644,27.553406,2023
85.38864,27.553402,2023
85.388636,27.553398,2023
85.388632,27.553394,2023
85.388628,27.55339,2024
85.388623,27.553386,2024
85.388619,27.553382,2024
85.388615,27.553378,2024
85.38861,27.553372,2024
85.388606,27.553368,2024
85.388602,27.553363,2024
85.3886,27.553358,2024
85.388596,27.553352,2024
85.388593,27.553347,2024
85.38859,27.55334,2025
85.388588,27.553333,2025
85.388587,27.553327,2025
85.388587,27.55332,2025
85.388588,27.553313,2025
85.388589,27.553306,2025
85.388589,27.553299,2025
85.388588,27.553292,2025
85.388587,27.553286,2025
85.388585,27.55328,2025
85.388586,27.553275,2026
85.388586,27.553269,2026
85.388586,27.553263,2026
85.388586,27.553256,2026
85.388586,27.553251,2026
85.388586,27.553244,2026
85.388586,27.553238,2026
85.388585,27.553232,2026
85.388584,27.553225,2026
85.388583,27.553219,2026
85.388581,27.553214,2026
85.38858,27.553209,2027
85.388579,27.553204,2027
85.388578,27.553198,2027
85.388577,27.553193,2027
85.388578,27.553188,2027
85.388579,27.553184,2027
85.388581,27.553179,2027
85.388582,27.553175,2027
85.388583,27.553172,2027
85.388583,27.553167,2027
85.388582,27.553161,2028
85.388582,27.553155,2028
85.388582,27.553149,2028
85.388581,27.553143,2028
85.38858,27.553136,2028
85.388578,27.553129,2028
85.388576,27.553122,2028
85.388575,27.553114,2028
85.388574,27.553107,2028
85.388574,27.5531,2029
85.388574,27.553093,2029
85.388575,27.553088,2029
85.388578,27.553083,2029
85.388579,27.553077,2029
85.388581,27.553072,2029
85.388582,27.553067,2029
85.388584,27.553062,2029
85.388584,27.553057,2029
85.388584,27.553052,2029
85.388583,27.553047,2030
85.388582,27.55304,2030
85.388581,27.553033,2030
85.388579,27.553026,2030
85.388577,27.55302,2030
85.388576,27.553014,2030
85.388578,27.553008,2030
85.388583,27.553002,2030
85.388587,27.552995,2030
85.388591,27.552989,2031
85.388597,27.552982,2031
85.388602,27.552976,2031
85.388608,27.552973,2031
85.388613,27.55297,2031
85.388617,27.552967,2031
85.388621,27.552965,2031
85.388626,27.552963,2031
85.38863,27.55296,2031
85.388635,27.552957,2032
85.38864,27.552953,2032
85.388644,27.552948,2032
85.388648,27.552943,2032
85.388653,27.552939,2032
85.388657,27.552935,2032
85.388661,27.552931,2032
85.388664,27.552927,2032
85.388666,27.552925,2032
85.388667,27.552924,2032
85.388669,27.552923,2032
85.388671,27.552921,2032
85.388672,27.552918,2032
85.388674,27.552916,2032
85.388676,27.552914,2032
85.388676,27.552913,2032
85.388676,27.552912,2033
85.388676,27.552911,2033
85.388676,27.552912,2033
85.388677,27.552913,2033
85.388678,27.552912,2033
85.388681,27.552911,2033
85.388684,27.552909,2033
85.388689,27.552906,2033
85.388693,27.552903,2033
85.388699,27.552898,2033
85.388705,27.552895,2034
85.388711,27.552892,2034
85.388716,27.552888,2034
85.388722,27.552884,2034
85.388729,27.55288,2034
85.388736,27.552877,2034
85.388743,27.552873,2034
85.388751,27.55287,2034
85.388758,27.552866,2035
85.388764,27.552862,2035
85.388772,27.55286,2035
85.388779,27.552856,2035
85.388786,27.552852,2035
85.388794,27.552849,2035
85.388801,27.552846,2035
85.388808,27.552842,2035
85.388815,27.552837,2035
85.388822,27.552831,2035
85.38883,27.552826,2035
85.38884,27.552821,2036
85.388848,27.552818,2036
85.388859,27.552814,2036
85.388869,27.552813,2036
85.388879,27.552814,2036
85.388889,27.552817,2036
85.3889,27.55282,2036
85.388912,27.552825,2036
85.388922,27.552829,2036
85.388927,27.552835,2036
85.38893,27.552842,2036
85.388933,27.552848,2037
85.388935,27.552856,2037
85.388934,27.552864,2037
85.388933,27.552872,2037
85.388929,27.55288,2037
85.388925,27.552887,2037
85.38892,27.552895,2037
85.388915,27.552903,2037
85.388908,27.552909,2037
85.388901,27.552915,2038
85.388896,27.55292,2038
85.388891,27.552925,2038
85.388886,27.55293,2038
85.388881,27.552934,2038
85.388878,27.552939,2038
85.388874,27.552944,2038
85.388869,27.552949,2038
85.388865,27.552954,2038
85.38886,27.552959,2038
85.388856,27.552964,2039
85.388853,27.552968,2039
85.388849,27.552974,2039
85.388846,27.552978,2039
85.388843,27.552984,2039
85.388841,27.552989,2039
85.388839,27.552995,2039
85.388837,27.553001,2039
85.388835,27.553006,2039
85.388834,27.553011,2040
85.388833,27.553016,2040
85.388833,27.55302,2040
85.388832,27.553026,2040
85.388831,27.553032,2040
85.388833,27.553038,2040
85.388835,27.553044,2040
85.388836,27.55305,2040
85.388837,27.553055,2040
85.388838,27.55306,2040
85.388839,27.553066,2040
85.38884,27.55307,2040
85.388843,27.553075,2041
85.388845,27.55308,2041
85.388846,27.553085,2041
85.388846,27.55309,2041
85.388847,27.553094,2041
85.388848,27.553099,2041
85.388849,27.553103,2041
85.388849,27.553109,2041
85.38885,27.553113,2041
85.388851,27.553117,2041
85.388853,27.553121,2041
85.388855,27.553125,2042
85.388856,27.55313,2042
85.388856,27.553134,2042
85.388857,27.553137,2042
85.388859,27.553141,2042
85.388861,27.553145,2042
85.388863,27.553147,2042
85.388865,27.55315,2042
85.388868,27.553153,2042
85.38887,27.553156,2042
85.388873,27.553158,2042
85.388875,27.553161,2042
85.388876,27.553165,2042
85.388876,27.553168,2043
85.388877,27.55317,2043
85.38888,27.553172,2043
85.388884,27.553173,2043
85.388887,27.553173,2043
85.388891,27.553173,2043
85.388894,27.553172,2043
85.388897,27.553173,2043
85.3889,27.553173,2043
85.388904,27.553174,2043
85.388907,27.553175,2043
85.388911,27.553178,2043
85.388917,27.553181,2043
85.388922,27.553184,2044
85.388929,27.553188,2044
85.388936,27.553192,2044
85.388942,27.553195,2044
85.388949,27.553197,2044
85.388957,27.5532,2044
85.388964,27.553203,2044
85.388972,27.553206,2044
85.38898,27.55321,2045
85.388988,27.553214,2045
85.388997,27.553219,2045
85.389003,27.553224,2045
85.389009,27.553228,2045
85.389015,27.553233,2045
85.38902,27.553238,2045
85.389024,27.553243,2045
85.389029,27.553249,2046
85.389033,27.553254,2046
85.389038,27.553259,2046
85.389042,27.553263,2046
85.389048,27.553266,2046
85.389053,27.553269,2046
85.389059,27.553273,2046
85.389064,27.553277,2046
85.389068,27.553281,2047
85.389073,27.553285,2047
85.389078,27.55329,2047
85.389082,27.553293,2047
85.389086,27.553297,2047
85.38909,27.5533,2047
85.389094,27.553305,2047
85.389098,27.553309,2048
85.3891,27.553314,2048
85.389101,27.553318,2048
85.389101,27.553323,2048
85.3891,27.553328,2048
85.3891,27.553334,2048
85.3891,27.55334,2048
85.389099,27.553346,2048
85.3891,27.553352,2049
85.3891,27.553358,2049
85.3891,27.553365,2049
85.389101,27.553373,2049
85.389104,27.55338,2049
85.389106,27.553388,2049
85.389108,27.553397,2049
85.389111,27.553405,2050
85.389116,27.553413,2050
85.389121,27.55342,2050
85.389127,27.553427,2050
85.389133,27.553435,2050
85.389137,27.553443,2050
85.389141,27.553451,2050
85.389145,27.553457,2050
85.389147,27.553461,2050
85.38915,27.553464,2050
85.389153,27.553466,2050
85.389156,27.553468,2050
85.389157,27.553469,2051
85.389159,27.55347,2051
85.38916,27.553471,2051
85.389163,27.553473,2051
85.389167,27.553474,2051
85.389171,27.553476,2051
85.389175,27.553479,2051
85.389181,27.553481,2051
85.389186,27.553484,2051
85.38919,27.553487,2051
85.389194,27.55349,2051
85.389198,27.553496,2051
85.389201,27.553503,2051
85.389205,27.55351,2051
85.389209,27.553515,2051
85.389214,27.55352,2052
85.389217,27.553525,2052
85.389222,27.55353,2052
85.389224,27.553537,2052
85.389225,27.553544,2052
85.389227,27.55355,2052
85.389229,27.553558,2052
85.38923,27.553564,2052
85.389232,27.553569,2053
85.389233,27.553573,2053
85.389235,27.553577,2053
85.389238,27.553579,2053
85.38924,27.55358,2053
85.389243,27.553582,2053
85.389247,27.553583,2053
85.389251,27.553582,2053
85.389255,27.553581,2053
85.389261,27.553579,2053
85.389267,27.553576,2053
85.389272,27.553572,2053
85.389276,27.553566,2054
85.389279,27.553561,2054
85.389278,27.553557,2054
85.389278,27.55355,2054
85.389276,27.553542,2054
85.389272,27.553534,2054
85.389268,27.553526,2054
85.389263,27.55352,2054
85.389259,27.553513,2054
85.389253,27.553508,2054
85.389247,27.553505,2054
85.389243,27.553502,2054
85.389238,27.553499,2054
85.389236,27.553498,2054
85.389235,27.553498,2054
85.389235,27.553497,2054
85.389235,27.553496,2054
85.389235,27.553495,2054
85.389234,27.553493,2054
85.389233,27.55349,2054
85.389232,27.553488,2054
85.389231,27.553483,2054
85.389231,27.553478,2054
85.389231,27.553472,2054
85.389229,27.553466,2055
85.389227,27.553459,2055
85.389225,27.553453,2055
85.389222,27.553446,2055
85.389221,27.553439,2055
85.389219,27.553433,2055
85.389217,27.553426,2055
85.389216,27.55342,2055
85.389214,27.553413,2055
85.389212,27.553406,2055
85.38921,27.553399,2056
85.389209,27.553393,2056
85.389207,27.553386,2056
85.389206,27.553378,2056
85.389204,27.553372,2056
85.389202,27.553364,2056
85.3892,27.553357,2056
85.389199,27.55335,2056
85.389198,27.553344,2056
85.389197,27.553336,2056
85.389196,27.553329,2056
85.389196,27.553323,2057
85.389195,27.553317,2057
85.389196,27.553311,2057
85.389195,27.553307,2057
85.389195,27.553304,2057
85.389195,27.553303,2057
85.389196,27.553303,2057
85.389196,27.553302,2057
85.389196,27.553301,2057
85.389198,27.5533,2057
85.389199,27.553298,2057
85.389199,27.553296,2057
85.3892,27.553294,2057
85.3892,27.553291,2057
85.3892,27.553287,2057
85.389201,27.553282,2057
85.389201,27.553275,2058
85.389203,27.55327,2058
85.389204,27.553263,2058
85.389205,27.553255,2058
85.389205,27.553247,2058
85.389204,27.55324,2058
85.389203,27.553232,2058
85.389203,27.553225,2058
85.389203,27.553218,2058
85.389202,27.553211,2058
85.3892,27.553203,2059
85.389198,27.553195,2059
85.389196,27.553187,2059
85.389197,27.553179,2059
85.389197,27.553172,2059
85.389197,27.553165,2059
85.389194,27.553157,2059
85.389191,27.553147,2059
85.389189,27.553137,2059
85.389189,27.553128,2059
85.389192,27.553118,2060
85.389195,27.55311,2060
85.389199,27.553102,2060
85.389204,27.553095,2060
85.389208,27.553086,2060
85.389213,27.553078,2060
85.389218,27.553071,2060
85.389222,27.553062,2060
85.389225,27.553055,2060
85.38923,27.553047,2060
85.389235,27.553041,2060
85.389241,27.553037,2061
85.389249,27.553033,2061
85.389257,27.553031,2061
85.389264,27.553028,2061
85.389272,27.553026,2061
85.38928,27.553022,2061
85.389288,27.55302,2061
85.389297,27.553017,2062
85.389306,27.553016,2062
85.389317,27.553015,2062
85.389327,27.553015,2062
85.389338,27.553014,2062
85.389349,27.553015,2062
85.38936,27.553016,2062
85.389371,27.553018,2062
85.389381,27.55302,2062
85.389392,27.553022,2063
85.389402,27.553025,2063
85.389411,27.553027,2063
85.389419,27.553029,2063
85.389427,27.553031,2063
85.389435,27.553033,2063
85.389444,27.553035,2063
85.389452,27.553036,2063
85.389461,27.553038,2063
85.389469,27.55304,2063
85.389479,27.553042,2064
85.389487,27.553044,2064
85.389495,27.553046,2064
85.389503,27.553049,2064
85.389511,27.553052,2064
85.389517,27.553055,2064
85.389524,27.553059,2064
85.38953,27.553063,2064
85.389537,27.553067,2064
85.389543,27.553072,2064
85.38955,27.553077,2064
85.389559,27.553081,2065
85.389568,27.553083,2065
85.38958,27.553086,2065
85.389593,27.553087,2065
85.389604,27.55309,2065
85.389615,27.553093,2065
85.389626,27.553095,2065
85.389638,27.553097,2065
85.389648,27.553097,2065
85.389658,27.5531,2065
85.389666,27.553102,2065
85.389675,27.553103,2066
85.389683,27.553107,2066
85.389691,27.553111,2066
85.389699,27.553114,2066
85.389706,27.553117,2066
85.389714,27.553119,2066
85.389723,27.553121,2066
85.389732,27.553123,2066
85.38974,27.553124,2066
85.389746,27.553125,2067
85.389752,27.553126,2067
85.389758,27.553127,2067
85.389764,27.553128,2067
85.389771,27.553128,2067
85.389777,27.553128,2067
85.389784,27.553127,2067
85.38979,27.553127,2067
85.389796,27.553127,2067
85.389803,27.553128,2067
85.389809,27.553129,2067
85.389816,27.553131,2068
85.389825,27.553132,2068
85.389833,27.553133,2068
85.389841,27.553134,2068
85.38985,27.553134,2068
85.389857,27.553135,2068
85.389863,27.553136,2068
85.389869,27.553137,2068
85.389875,27.553138,2068
85.38988,27.553139,2068
85.389885,27.55314,2068
85.389886,27.55314,2068
85.389887,27.55314,2069
85.389887,27.553139,2069
85.389888,27.553138,2069
85.389888,27.553136,2069
85.389889,27.553135,2069
85.389892,27.553134,2069
85.389896,27.553134,2069
85.389902,27.553137,2069
85.389908,27.553139,2069
85.389913,27.553142,2069
85.389919,27.553144,2069
85.389925,27.553146,2070
85.389931,27.553146,2070
85.389936,27.553147,2070
85.389941,27.553147,2070
85.389946,27.553148,2070
85.389953,27.553148,2070
85.38996,27.55315,2070
85.389967,27.553151,2070
85.389974,27.553152,2071
85.389981,27.553153,2071
85.389989,27.553154,2071
85.389996,27.553155,2071
85.390005,27.553156,2071
85.390015,27.553159,2071
85.390024,27.553162,2071
85.390033,27.553164,2071
85.39004,27.553165,2071
85.390046,27.553167,2071
85.390055,27.55317,2072
85.390063,27.553171,2072
85.390072,27.553172,2072
85.390079,27.553172,2072
85.390087,27.553174,2072
85.390095,27.553174,2072
85.390104,27.553174,2072
85.390112,27.553174,2072
85.390118,27.553172,2072
85.390124,27.553171,2072
85.390129,27.553169,2073
85.390134,27.553168,2073
85.39014,27.553169,2073
85.390146,27.553169,2073
85.390153,27.553168,2073
85.390161,27.553169,2073
85.390168,27.553169,2073
85.390175,27.55317,2073
85.390181,27.553168,2074
85.390187,27.553166,2074
85.390193,27.553164,2074
85.390201,27.553162,2074
85.39021,27.553161,2074
85.39022,27.553159,2074
85.39023,27.55316,2074
85.390239,27.553161,2074
85.390246,27.553162,2074
85.390253,27.553165,2074
85.39026,27.553166,2074
85.390266,27.553165,2074
85.39027,27.553165,2074
85.390276,27.553165,2075
85.390281,27.553165,2075
85.390287,27.553166,2075
85.390293,27.553168,2075
85.390299,27.553171,2075
85.390306,27.553175,2075
85.390314,27.553178,2075
85.390321,27.55318,2075
85.390328,27.55318,2075
85.390336,27.553181,2075
85.390344,27.553182,2076
85.390351,27.553183,2076
85.390358,27.553184,2076
85.390364,27.553185,2076
85.39037,27.553188,2076
85.390376,27.55319,2076
85.390382,27.553192,2076
85.390387,27.553194,2076
85.390393,27.553196,2076
85.390399,27.553197,2077
85.390404,27.553199,2077
85.390411,27.553199,2077
85.390417,27.5532,2077
85.390422,27.5532,2077
85.390428,27.5532,2077
85.390435,27.553202,2077
85.390441,27.553205,2077
85.390447,27.553207,2077
85.390453,27.553208,2078
85.390459,27.553209,2078
85.390465,27.55321,2078
85.390471,27.553211,2078
85.390477,27.553213,2078
85.390483,27.553213,2078
85.39049,27.553214,2078
85.390497,27.553213,2078
85.390504,27.553213,2078
85.39051,27.553213,2078
85.390517,27.553213,2078
85.390524,27.553213,2079
85.390531,27.553214,2079
85.390538,27.553214,2079
85.390545,27.553214,2079
85.390553,27.553215,2079
85.390562,27.553217,2079
85.39057,27.553218,2079
85.390577,27.553219,2079
85.390586,27.553219,2079
85.390594,27.553219,2080
85.390602,27.553219,2080
85.390608,27.553219,2080
85.390615,27.55322,2080
85.390622,27.553221,2080
85.390628,27.553222,2080
85.390635,27.553224,2080
85.390641,27.553225,2080
85.390648,27.553225,2080
85.390653,27.553225,2080
85.390659,27.553225,2081
85.390666,27.553225,2081
85.390673,27.553225,2081
85.390679,27.553225,2081
85.390685,27.553225,2081
85.39069,27.553224,2081
85.390696,27.553224,2081
85.390702,27.553224,2081
85.390707,27.553223,2081
85.390714,27.553223,2081
85.39072,27.553221,2081
85.390726,27.553221,2082
85.390733,27.553219,2082
85.39074,27.553218,2082
85.390746,27.553217,2082
85.390754,27.553216,2082
85.390761,27.553216,2082
85.390767,27.553215,2082
85.390774,27.553215,2082
85.390781,27.553214,2082
85.390789,27.553214,2082
85.390796,27.553214,2083
85.390804,27.553214,2083
85.390812,27.553215,2083
85.39082,27.553216,2083
85.390828,27.553216,2083
85.390836,27.553217,2083
85.390844,27.553217,2083
85.390853,27.553218,2083
85.390861,27.553217,2084
85.390869,27.553216,2084
85.390878,27.553216,2084
85.390886,27.553215,2084
85.390895,27.553215,2084
85.390904,27.553214,2084
85.390912,27.553213,2084
85.39092,27.553212,2085
85.390929,27.553209,2085
85.390938,27.553208,2085
85.390947,27.553207,2085
85.390956,27.553204,2085
85.390964,27.553203,2085
85.390972,27.553201,2085
85.390979,27.5532,2086
85.390987,27.553198,2086
85.390994,27.553198,2086
85.391001,27.553196,2086
85.391008,27.553194,2086
85.391015,27.553193,2086
85.391022,27.553192,2086
85.391027,27.553191,2086
85.391033,27.55319,2087
85.391041,27.553188,2087
85.391049,27.553186,2087
85.391056,27.553186,2087
85.391064,27.553186,2087
85.391073,27.553185,2087
85.391082,27.553185,2087
85.391091,27.553185,2087
85.391101,27.553183,2088
85.39111,27.553183,2088
85.391121,27.553182,2088
85.391132,27.553181,2088
85.391143,27.55318,2088
85.391152,27.553179,2088
85.391163,27.553178,2088
85.391174,27.553178,2089
85.391183,27.553177,2089
85.391192,27.553177,2089
85.391202,27.553175,2089
85.391211,27.553177,2089
85.391219,27.553179,2089
85.391227,27.553182,2090
85.391234,27.553183,2090
85.39124,27.553184,2090
85.391246,27.553184,2090
85.391252,27.553184,2090
85.391258,27.553182,2090
85.391265,27.55318,2090
85.391271,27.553178,2090
85.391278,27.553177,2090
85.391286,27.553177,2090
85.391295,27.553177,2091
85.391302,27.553177,2091
85.39131,27.553178,2091
85.391318,27.553179,2091
85.391327,27.553181,2091
85.391333,27.553183,2091
85.391341,27.553186,2091
85.391347,27.553187,2091
85.391354,27.553189,2091
85.39136,27.55319,2092
85.391367,27.553191,2092
85.391374,27.553193,2092
85.39138,27.553195,2092
85.391386,27.553198,2092
85.391392,27.553201,2092
85.391398,27.553204,2092
85.391404,27.553207,2092
85.391409,27.553209,2092
85.391415,27.553211,2092
85.391423,27.553211,2093
85.39143,27.553212,2093
85.391437,27.553212,2093
85.391443,27.553214,2093
85.391449,27.553215,2093
85.391456,27.553214,2093
85.391462,27.553215,2093
85.391469,27.553215,2093
85.391477,27.553215,2093
85.391484,27.553215,2094
85.391491,27.553215,2094
85.391496,27.553214,2094
85.3915,27.553212,2094
85.391505,27.553211,2094
85.391511,27.55321,2094
85.391517,27.553209,2094
85.391524,27.553207,2094
85.39153,27.553206,2094
85.391536,27.553204,2095
85.391543,27.553204,2095
85.39155,27.553204,2095
85.391557,27.553203,2095
85.391564,27.5532,2095
85.391571,27.553198,2095
85.391579,27.553196,2095
85.391586,27.553195,2095
85.391593,27.553194,2096
85.391601,27.553193,2096
85.391608,27.553191,2096
85.391616,27.553188,2096
85.391623,27.553188,2096
85.391629,27.553188,2096
85.391633,27.553188,2096
85.391639,27.553188,2096
85.391645,27.553189,2097
85.39165,27.553189,2097
85.391656,27.553189,2097
85.391661,27.55319,2097
85.391667,27.55319,2097
85.391673,27.553191,2097
85.391679,27.553191,2097
85.391686,27.553192,2098
85.391693,27.553193,2098
85.391702,27.553194,2098
85.39171,27.553197,2098
85.39172,27.553199,2098
85.391729,27.553201,2098
85.391738,27.553205,2098
85.391747,27.553208,2098
85.391756,27.553211,2098
85.391766,27.553214,2098
85.391774,27.553218,2098
85.391783,27.553222,2099
85.391792,27.553226,2099
85.3918,27.55323,2099
85.391808,27.553234,2099
85.391816,27.553239,2099
85.391825,27.553244,2099
85.391833,27.553248,2099
85.391842,27.553252,2099
85.391852,27.553255,2099
85.391862,27.553259,2099
85.39187,27.553262,2100
85.391879,27.553263,2100
85.391887,27.553266,2100
85.391896,27.553269,2100
85.391904,27.553273,2100
85.391913,27.553278,2100
85.39192,27.553281,2100
85.391928,27.553282,2101
85.391935,27.55328,2101
85.391942,27.553278,2101
85.391949,27.553277,2101
85.391955,27.553277,2101
85.391961,27.553277,2101
85.391967,27.553276,2101
85.391973,27.553273,2102
85.391979,27.553272,2102
85.391985,27.55327,2102
85.391992,27.553267,2102
85.391999,27.553265,2102
85.392007,27.553265,2102
85.392015,27.553266,2103
85.392024,27.553266,2103
85.392033,27.553266,2103
85.392042,27.553267,2103
85.392052,27.553267,2103
85.392061,27.553266,2103
85.392071,27.553268,2103
85.392082,27.553269,2104
85.39209,27.553268,2104
85.392098,27.553269,2104
85.392105,27.553269,2104
85.392111,27.553269,2104
85.392115,27.553267,2104
85.392117,27.553266,2104
85.392117,27.553265,2104
85.392117,27.553264,2104
85.392116,27.553264,2104
85.392117,27.553264,2104
85.392116,27.553264,2104
85.392116,27.553265,2104
85.392116,27.553266,2104
85.392117,27.553265,2105
85.392119,27.553265,2105
85.392122,27.553264,2105
85.392128,27.553263,2105
85.392134,27.553262,2105
85.39214,27.553261,2105
85.392148,27.55326,2106
85.392156,27.553259,2106
85.392164,27.553259,2106
85.392172,27.553258,2106
85.392179,27.553257,2106
85.392186,27.553255,2106
85.392194,27.553255,2106
85.392201,27.553255,2106
85.392208,27.553255,2106
85.392216,27.553253,2106
85.392222,27.553251,2106
85.392228,27.553249,2107
85.392234,27.553246,2107
85.392239,27.553243,2107
85.392243,27.55324,2107
85.392246,27.553239,2107
85.392249,27.553239,2107
85.392253,27.553238,2107
85.392258,27.553237,2107
85.392264,27.553236,2107
85.39227,27.553234,2107
85.392277,27.553233,2107
85.392285,27.553232,2107
85.392294,27.553233,2107
85.392302,27.553233,2108
85.39231,27.553233,2108
85.392318,27.553234,2108
85.392324,27.553234,2108
85.392331,27.553234,2108
85.392337,27.553236,2108
85.392343,27.553238,2108
85.392348,27.553239,2108
85.392354,27.55324,2108
85.392359,27.553239,2108
85.392363,27.553239,2108
85.392366,27.553239,2108
85.392367,27.553238,2108
85.392367,27.553237,2108
85.392367,27.553236,2108
85.392367,27.553235,2108
85.392367,27.553234,2108
85.392367,27.553233,2108
85.392367,27.553232,2108
85.392367,27.553231,2108
85.392367,27.55323,2108
85.392368,27.553231,2108
85.392368,27.55323,2109
85.392368,27.553231,2109
85.392367,27.553231,2109
85.392366,27.553231,2109
85.392366,27.55323,2109
85.392365,27.55323,2109
85.392364,27.553229,2109
85.392365,27.553229,2109
85.392366,27.55323,2109
85.392368,27.553231,2109
85.392372,27.553231,2109
85.392377,27.553233,2109
85.392382,27.553233,2109
85.392388,27.553233,2109
85.392394,27.553233,2109
85.3924,27.553234,2109
85.392406,27.553234,2109
85.392411,27.553233,2109
85.392414,27.553234,2109
85.392417,27.553233,2109
85.39242,27.553231,2109
85.392423,27.553229,2109
85.392427,27.553228,2109
85.39243,27.553227,2109
85.392433,27.553227,2109
85.392438,27.553228,2109
85.392441,27.55323,2110
85.392446,27.553233,2110
85.392452,27.553234,2110
85.392456,27.553236,2110
85.392461,27.553237,2110
85.392464,27.553239,2110
85.392467,27.55324,2110
85.392469,27.553241,2110
85.392471,27.553242,2110
85.392475,27.553243,2110
85.392479,27.553243,2110
85.392483,27.553242,2110
85.392488,27.553241,2110
85.392492,27.55324,2110
85.392495,27.553239,2110
85.392499,27.553239,2110
85.392502,27.553239,2110
85.392507,27.553238,2110
85.392512,27.553236,2110
85.392518,27.553235,2110
85.392524,27.553235,2110
85.39253,27.553235,2110
85.392534,27.553233,2110
85.392537,27.553232,2110
85.392538,27.553233,2110
85.392539,27.553233,2110
85.39254,27.553233,2110
85.39254,27.553234,2110
85.392539,27.553234,2110
85.392538,27.553234,2110
85.392538,27.553235,2111
85.392537,27.553235,2111
85.392537,27.553234,2111
85.392538,27.553234,2111
85.392538,27.553235,2111
85.392539,27.553235,2111
85.392541,27.553235,2111
85.392543,27.553235,2111
85.392547,27.553234,2111
85.392551,27.553234,2111
85.392557,27.553235,2111
85.392564,27.553236,2111
85.392571,27.553237,2112
85.392579,27.553238,2112
85.392584,27.553239,2112
85.392589,27.55324,2112
85.392595,27.553241,2112
85.3926,27.553241,2112
85.392604,27.553242,2112
85.392608,27.553243,2112
85.392614,27.553246,2112
85.392619,27.553249,2112
85.392625,27.553253,2113
85.392631,27.553256,2113
85.392637,27.553259,2113
85.392642,27.553262,2113
85.392647,27.553264,2113
85.392651,27.553265,2113
85.392653,27.553265,2113
85.392654,27.553265,2113
85.392655,27.553265,2113
85.392656,27.553264,2113
85.392657,27.553263,2113
85.392659,27.553262,2113
85.392661,27.553261,2113
85.392664,27.553261,2113
85.392668,27.553261,2113
85.392673,27.55326,2113
85.392678,27.553261,2113
85.392683,27.553265,2114
85.392688,27.553268,2114
85.392694,27.553272,2114
85.3927,27.553276,2114
85.392706,27.553281,2114
85.392713,27.553286,2114
85.39272,27.553292,2114
85.392727,27.553298,2114
85.392734,27.553303,2114
85.392741,27.553308,2114
85.392747,27.553312,2115
85.392753,27.553316,2115
85.39276,27.553319,2115
85.392767,27.553322,2115
85.392773,27.553327,2115
85.392779,27.553331,2115
85.392785,27.553335,2115
85.392791,27.553339,2115
85.392798,27.553344,2115
85.392805,27.553348,2115
85.392811,27.553351,2115
85.392818,27.553355,2115
85.392825,27.553358,2115
85.392831,27.553362,2116
85.392838,27.553366,2116
85.392845,27.55337,2116
85.392853,27.553374,2116
85.392861,27.553378,2116
85.392868,27.553381,2116
85.392876,27.553384,2116
85.392884,27.553387,2116
85.392892,27.55339,2116
85.392902,27.553391,2116
85.392911,27.553393,2116
85.39292,27.553396,2116
85.39293,27.553397,2116
85.392939,27.553399,2116
85.392948,27.553401,2116
85.392958,27.553404,2117
85.392967,27.553406,2117
85.392976,27.55341,2117
85.392985,27.553412,2117
85.392995,27.553413,2117
85.393005,27.553414,2117
85.393014,27.553416,2117
85.393022,27.553417,2117
85.393031,27.553417,2117
85.39304,27.553417,2117
85.393048,27.553418,2117
85.393055,27.553419,2117
85.393063,27.55342,2118
85.393071,27.55342,2118
85.393079,27.55342,2118
85.393087,27.553421,2118
85.393094,27.553422,2118
85.393102,27.553424,2118
85.393111,27.553426,2118
85.39312,27.553428,2118
85.393128,27.553431,2118
85.393135,27.553433,2118
85.393142,27.553435,2118
85.393149,27.553437,2118
85.393155,27.553438,2118
85.393162,27.553439,2119
85.393169,27.55344,2119
85.393175,27.553442,2119
85.393181,27.553444,2119
85.393188,27.553445,2119
85.393195,27.553447,2119
85.393202,27.553449,2119
85.393209,27.553451,2119
85.393216,27.553454,2119
85.393223,27.553456,2119
85.393229,27.553457,2120
85.393236,27.553458,2120
85.393242,27.553458,2120
85.393249,27.553459,2120
85.393256,27.553459,2120
85.393263,27.553459,2120
85.393269,27.553458,2120
85.393276,27.553457,2120
85.393282,27.553456,2120
85.393289,27.553455,2121
85.393296,27.553454,2121
85.393304,27.553453,2121
85.393312,27.553453,2121
85.39332,27.553452,2121
85.393329,27.553451,2121
85.393337,27.553449,2121
85.393346,27.553448,2121
85.393355,27.553448,2122
85.393364,27.553447,2122
85.393372,27.553447,2122
85.393381,27.553447,2122
85.39339,27.553446,2122
85.393399,27.553446,2122
85.393408,27.553446,2122
85.393416,27.553448,2122
85.393424,27.553449,2123
85.393431,27.553451,2123
85.393439,27.553454,2123
85.393446,27.553456,2123
85.393454,27.553457,2123
85.393462,27.55346,2123
85.39347,27.553462,2123
85.393477,27.553465,2123
85.393483,27.553468,2124
85.393489,27.553472,2124
85.393494,27.553477,2124
85.3935,27.553481,2124
85.393504,27.553486,2124
85.393509,27.553493,2124
85.393512,27.553501,2124
85.393515,27.553508,2124
85.393517,27.553515,2125
85.39352,27.553521,2125
85.393522,27.553528,2125
85.393524,27.553535,2125
85.393526,27.553542,2125
85.393527,27.553548,2125
85.39353,27.553553,2125
85.393532,27.55356,2125
85.393534,27.553566,2126
85.393538,27.553572,2126
85.393541,27.553579,2126
85.393545,27.553586,2126
85.393549,27.553591,2126
85.393553,27.553597,2126
85.393558,27.553604,2126
85.393563,27.553609,2126
85.393567,27.553614,2126
85.393573,27.55362,2126
85.393579,27.553625,2126
85.393585,27.553629,2127
85.393592,27.553632,2127
85.393599,27.553636,2127
85.393607,27.553639,2127
85.393616,27.553643,2127
85.393625,27.553647,2127
85.393633,27.553651,2127
85.393641,27.553656,2127
85.393649,27.553661,2127
85.393658,27.553666,2127
85.393667,27.553671,2127
85.393675,27.553676,2128
85.393683,27.553682,2128
85.393691,27.553686,2128
85.393697,27.553691,2128
85.393704,27.553697,2128
85.393711,27.553703,2128
85.393719,27.553708,2128
85.393726,27.553714,2128
85.393732,27.55372,2128
85.393737,27.553726,2128
85.393744,27.553732,2128
85.393752,27.553738,2129
85.393759,27.553745,2129
85.393768,27.553752,2129
85.393776,27.553758,2129
85.393786,27.553765,2129
85.393793,27.553773,2129
85.393799,27.553781,2129
85.393805,27.553788,2129
85.39381,27.553796,2129
85.393812,27.553802,2129
85.393815,27.553808,2129
85.393816,27.553816,2129
85.393819,27.553821,2129
85.393821,27.553827,2130
85.393823,27.553833,2130
85.393824,27.553839,2130
85.393827,27.553844,2130
85.39383,27.553849,2130
85.393833,27.553855,2130
85.393836,27.553861,2130
85.393839,27.553867,2130
85.393841,27.553873,2130
85.393843,27.553879,2131
85.393844,27.553885,2131
85.393846,27.553891,2131
85.393849,27.553897,2131
85.393851,27.553902,2131
85.393852,27.553907,2131
85.393854,27.553912,2131
85.393854,27.553918,2131
85.393854,27.553922,2131
85.393855,27.553927,2131
85.393856,27.553933,2132
85.393857,27.553939,2132
85.393857,27.553945,2132
85.393858,27.553952,2132
85.393857,27.553957,2132
85.393856,27.553964,2132
85.393856,27.553971,2132
85.393855,27.553978,2132
85.393855,27.553985,2132
85.393855,27.553991,2132
85.393856,27.553997,2133
85.393857,27.554003,2133
85.393858,27.554009,2133
85.393862,27.554014,2133
85.393866,27.554019,2133
85.39387,27.554023,2133
85.393876,27.554025,2133
85.393883,27.554027,2133
85.39389,27.55403,2133
85.393896,27.554032,2133
85.393903,27.554032,2134
85.39391,27.554032,2134
85.393918,27.554032,2134
85.393926,27.554029,2134
85.393934,27.554026,2134
85.393943,27.554022,2134
85.393951,27.554018,2134
85.393958,27.554014,2134
85.393966,27.554009,2134
85.393974,27.554005,2134
85.39398,27.554001,2134
85.393987,27.553996,2134
85.393994,27.553992,2135
85.394,27.553988,2135
85.394006,27.553984,2135
85.394012,27.55398,2135
85.394017,27.553976,2135
85.394022,27.553971,2135
85.394026,27.553968,2135
85.39403,27.553963,2135
85.394034,27.55396,2135
85.394038,27.553956,2135
85.394042,27.553951,2135
85.394045,27.553948,2136
85.394048,27.553943,2136
85.39405,27.553939,2136
85.394054,27.553933,2136
85.394057,27.553927,2136
85.39406,27.553922,2136
85.394063,27.553916,2136
85.394065,27.553912,2136
85.394067,27.553906,2136
85.394069,27.5539,2136
85.394071,27.553895,2137
85.394073,27.553889,2137
85.394076,27.553883,2137
85.394078,27.553876,2137
85.394081,27.553869,2137
85.394083,27.553863,2137
85.394086,27.553857,2137
85.39409,27.553851,2137
85.394094,27.553844,2137
85.394098,27.553837,2137
85.3941,27.55383,2137
85.394103,27.553822,2138
85.394107,27.553814,2138
85.39411,27.553807,2138
85.394114,27.5538,2138
85.394119,27.553792,2138
85.394124,27.553785,2138
85.394128,27.553777,2138
85.394132,27.553769,2138
85.394136,27.553762,2138
85.394139,27.553754,2138
85.394142,27.553746,2138
85.394145,27.553739,2138
85.394148,27.553731,2138
85.394151,27.553724,2139
85.394154,27.553717,2139
85.394157,27.55371,2139
85.39416,27.553703,2139
85.394164,27.553697,2139
85.394168,27.553691,2139
85.394173,27.553686,2139
85.394178,27.553681,2139
85.394184,27.553676,2139
85.39419,27.553672,2139
85.394196,27.553668,2139
85.394204,27.553666,2140
85.394211,27.553663,2140
85.394219,27.553662,2140
85.394226,27.553662,2140
85.394233,27.553662,2140
85.394238,27.553662,2140
85.394243,27.553661,2140
85.394249,27.553661,2140
85.394254,27.553658,2140
85.39426,27.553656,2140
85.394265,27.553656,2140
85.39427,27.553654,2140
85.394276,27.553653,2140
85.394281,27.553652,2141
85.394286,27.553651,2141
85.39429,27.553651,2141
85.394294,27.553649,2141
85.394298,27.553648,2141
85.394304,27.553648,2141
85.39431,27.553647,2141
85.394315,27.553646,2141
85.394321,27.553644,2141
85.394327,27.553643,2141
85.394334,27.553643,2142
85.394341,27.553642,2142
85.394347,27.553641,2142
85.394353,27.553641,2142
85.394358,27.55364,2142
85.394364,27.553638,2142
85.39437,27.553637,2142
85.394376,27.553637,2142
85.394383,27.553637,2142
85.394391,27.553636,2142
85.394398,27.553637,2142
85.394405,27.553637,2143
85.394412,27.553635,2143
85.394419,27.553633,2143
85.394425,27.553632,2143
85.394432,27.55363,2143
85.394439,27.553628,2143
85.394446,27.553625,2143
85.394452,27.553621,2143
85.394457,27.553618,2143
85.394462,27.553615,2143
85.394469,27.553613,2144
85.394475,27.553612,2144
85.39448,27.55361,2144
85.394486,27.553608,2144
85.394492,27.553606,2144
85.394499,27.553603,2144
85.394505,27.5536,2144
85.394513,27.553598,2144
85.39452,27.553597,2144
85.394527,27.553595,2145
85.394535,27.553594,2145
85.394544,27.553593,2145
85.394552,27.553592,2145
85.39456,27.55359,2145
85.394569,27.553586,2145
85.394579,27.553583,2145
85.39459,27.55358,2145
85.394601,27.553578,2146
85.394612,27.553576,2146
85.394623,27.553572,2146
85.394634,27.553568,2146
85.394646,27.553564,2146
85.394657,27.553562,2146
85.394667,27.553561,2146
85.394677,27.553561,2146
85.394688,27.55356,2146
85.394697,27.55356,2146
85.394705,27.553559,2147
85.394714,27.553558,2147
85.394722,27.553557,2147
85.394729,27.553556,2147
85.394736,27.553556,2147
85.394742,27.553557,2147
85.394747,27.553557,2147
85.394754,27.553557,2147
85.394762,27.553558,2148
85.39477,27.55356,2148
85.394779,27.553561,2148
85.394788,27.553562,2148
85.394798,27.553564,2148
85.394807,27.553566,2148
85.394817,27.553568,2148
85.394827,27.55357,2148
85.394836,27.553572,2148
85.394845,27.553573,2148
85.394856,27.553573,2149
85.394867,27.553574,2149
85.394879,27.553573,2149
85.394892,27.553573,2149
85.394903,27.553573,2149
85.394914,27.553574,2149
85.394925,27.553576,2149
85.394935,27.553579,2149
85.394943,27.553583,2149
85.394951,27.553588,2150
85.394959,27.553592,2150
85.394968,27.553598,2150
85.394977,27.553603,2150
85.394985,27.553609,2150
85.394992,27.553616,2150
85.395,27.553622,2150
85.395008,27.553628,2150
85.395015,27.553633,2150
85.395023,27.553639,2151
85.395032,27.553643,2151
85.395041,27.553648,2151
85.395048,27.553653,2151
85.395055,27.553658,2151
85.395063,27.553661,2151
85.395071,27.553663,2151
85.39508,27.553663,2151
85.395087,27.553662,2151
85.395095,27.55366,2152
85.395102,27.553659,2152
85.395108,27.553657,2152
85.395115,27.553655,2152
85.39512,27.553653,2152
85.395127,27.55365,2152
85.395133,27.553648,2152
85.395139,27.553645,2153
85.395144,27.553644,2153
85.39515,27.553642,2153
85.395155,27.55364,2153
85.39516,27.553639,2153
85.395165,27.553637,2153
85.39517,27.553635,2153
85.395174,27.553632,2153
85.39518,27.553629,2154
85.395186,27.553626,2154
85.395191,27.553622,2154
85.395195,27.553619,2154
85.3952,27.553615,2154
85.395205,27.553611,2154
85.395211,27.553607,2154
85.395218,27.553603,2154
85.395225,27.553599,2154
85.395232,27.553595,2155
85.395238,27.553592,2155
85.395243,27.553589,2155
85.395248,27.553586,2155
85.395253,27.553583,2155
85.395258,27.55358,2155
85.395263,27.553576,2155
85.395266,27.553571,2156
85.395269,27.553564,2156
85.395276,27.553559,2156
85.395282,27.553554,2156
85.395289,27.553549,2156
85.395295,27.553545,2156
85.395301,27.553542,2156
85.395308,27.55354,2156
85.395315,27.553539,2156
85.395322,27.553537,2156
85.395329,27.553535,2157
85.395337,27.553532,2157
85.395344,27.553528,2157
85.395351,27.553524,2157
85.395359,27.55352,2157
85.395367,27.553517,2157
85.395373,27.553513,2157
85.395379,27.553508,2157
85.395386,27.553503,2157
85.395392,27.553499,2157
85.395396,27.553496,2157
85.395399,27.553493,2158
85.395399,27.553492,2158
85.3954,27.553492,2158
85.3954,27.553491,2158
85.395401,27.553491,2158
85.395402,27.553489,2158
85.395403,27.553489,2158
85.395404,27.553489,2158
85.395407,27.553489,2158
85.39541,27.553488,2158
85.395414,27.553487,2158
85.395419,27.553487,2158
85.395424,27.553487,2158
85.39543,27.553487,2159
85.395438,27.553486,2159
85.395446,27.553485,2159
85.395454,27.553484,2159
85.395462,27.553484,2159
85.39547,27.553483,2159
85.395478,27.553481,2159
85.395487,27.55348,2159
85.395495,27.553479,2160
85.395504,27.553478,2160
85.395512,27.553478,2160
85.395518,27.553477,2160
85.395526,27.553477,2160
85.395535,27.553475,2160
85.395544,27.553473,2160
85.395553,27.553471,2160
85.395561,27.553469,2161
85.395569,27.553466,2161
85.395577,27.553462,2161
85.395585,27.553459,2161
85.395593,27.553457,2161
85.395602,27.553454,2161
85.395611,27.55345,2161
85.395619,27.553448,2162
85.395627,27.553445,2162
85.395635,27.553443,2162
85.395641,27.55344,2162
85.395647,27.553437,2162
85.395653,27.553434,2162
85.395659,27.553431,2162
85.395666,27.553428,2163
85.395672,27.553425,2163
85.395678,27.553421,2163
85.395682,27.553418,2163
85.395685,27.553413,2163
85.395685,27.553408,2163
85.395686,27.553403,2163
85.395688,27.553399,2163
85.395691,27.553394,2164
85.395692,27.55339,2164
85.395693,27.553385,2164
85.395694,27.55338,2164
85.395695,27.553375,2164
85.395697,27.553369,2164
85.395698,27.553364,2164
85.395697,27.553357,2164
85.395695,27.553351,2164
85.395692,27.553345,2165
85.395688,27.553339,2165
85.395684,27.553333,2165
85.395681,27.553326,2165
85.395678,27.553319,2165
85.395674,27.553312,2165
85.395671,27.553305,2165
85.395667,27.553297,2165
85.395663,27.553289,2166
85.395659,27.553281,2166
85.395654,27.553273,2166
85.39565,27.553266,2166
85.395645,27.553258,2166
85.395641,27.553252,2166
85.395636,27.553246,2166
85.39563,27.553242,2167
85.395624,27.553238,2167
85.395618,27.553233,2167
85.395611,27.553229,2167
85.395604,27.553223,2167
85.395596,27.553219,2167
85.395589,27.553215,2167
85.395581,27.553212,2167
85.395572,27.553208,2168
85.395563,27.553204,2168
85.395555,27.5532,2168
85.395546,27.553196,2168
85.395537,27.553193,2168
85.395527,27.553189,2168
85.395517,27.553185,2168
85.395507,27.553181,2168
85.395498,27.553176,2169
85.395489,27.553171,2169
85.39548,27.553166,2169
85.395471,27.553161,2169
85.395463,27.553156,2169
85.395454,27.55315,2169
85.395447,27.553146,2169
85.395439,27.553142,2169
85.395433,27.553139,2169
85.395428,27.553137,2169
85.395424,27.553135,2169
85.395419,27.553132,2169
85.395412,27.553129,2169
85.395406,27.553127,2169
85.3954,27.553124,2170
85.395394,27.553122,2170
85.395389,27.55312,2170
85.395383,27.55312,2170
85.395377,27.553121,2170
85.395371,27.553121,2170
85.395366,27.553121,2170
85.39536,27.553122,2170
85.395354,27.553123,2170
85.395346,27.553122,2170
85.395338,27.553121,2171
85.395331,27.553119,2171
85.395323,27.553117,2171
85.395317,27.553115,2171
85.395311,27.553113,2171
85.395304,27.553111,2171
85.395298,27.553107,2171
85.395291,27.5531,2171
85.395286,27.553092,2172
85.395282,27.553083,2172
85.395279,27.553073,2172
85.395275,27.553065,2172
85.395272,27.553055,2172
85.395269,27.553045,2172
85.395266,27.553035,2172
85.395263,27.553025,2172
85.395262,27.553016,2173
85.395259,27.553007,2173
85.395256,27.552999,2173
85.395252,27.552994,2173
85.395251,27.552992,2173
85.395251,27.55299,2173
85.395251,27.552988,2173
85.395251,27.552984,2173
85.395252,27.552978,2173
85.395253,27.552968,2173
85.395254,27.552959,2173
85.395255,27.552951,2174
85.395258,27.552944,2174
85.395261,27.552937,2174
85.395264,27.552929,2174
85.395266,27.552922,2174
85.39527,27.552914,2174
85.395274,27.552906,2174
85.395276,27.552899,2174
85.395279,27.552891,2174
85.395281,27.552884,2175
85.395282,27.552877,2175
85.395284,27.55287,2175
85.395286,27.552863,2175
85.395287,27.552856,2175
85.395289,27.552849,2175
85.395293,27.552843,2175
85.395296,27.552838,2175
85.395298,27.552833,2175
85.3953,27.552828,2175
85.395301,27.552823,2175
85.395302,27.552816,2175
85.3953,27.552809,2176
85.395297,27.552802,2176
85.395293,27.552795,2176
85.395291,27.552788,2176
85.395287,27.552781,2176
85.395283,27.552774,2176
85.39528,27.552767,2176
85.395277,27.552759,2176
85.395275,27.552751,2176
85.395272,27.552744,2176
85.395269,27.552736,2176
85.395265,27.552728,2176
85.395261,27.552721,2176
85.395256,27.552713,2176
85.395252,27.552705,2176
85.395249,27.552697,2176
85.395244,27.552688,2175
85.395239,27.55268,2175
85.395235,27.552672,2175
85.395229,27.552665,2176
85.395224,27.552656,2176
85.395219,27.552648,2176
85.395214,27.55264,2176
85.39521,27.552632,2176
85.395207,27.552623,2176
85.395205,27.552613,2176
85.395203,27.552604,2176
85.3952,27.552595,2176
85.395197,27.552587,2176
85.395195,27.552579,2176
85.395192,27.55257,2176
85.395188,27.552561,2176
85.395187,27.552552,2176
85.395188,27.552543,2176
85.39519,27.552535,2176
85.395193,27.552526,2177
85.395197,27.552518,2177
85.395201,27.552509,2177
85.395207,27.552501,2177
85.395213,27.552494,2177
85.39522,27.552487,2177
85.395228,27.552479,2177
85.395235,27.552472,2177
85.395243,27.552465,2177
85.39525,27.552459,2177
85.395256,27.552452,2177
85.395262,27.552445,2177
85.395268,27.552438,2177
85.395275,27.552432,2177
85.39528,27.552424,2177
85.395285,27.552417,2178
85.395289,27.552411,2178
85.395293,27.552404,2178
85.395298,27.552398,2178
85.395303,27.552392,2178
85.395307,27.552386,2178
85.395311,27.552379,2178
85.395315,27.552372,2178
85.395318,27.552366,2178
85.395321,27.552359,2178
85.395325,27.552353,2178
85.395329,27.552347,2178
85.395333,27.552341,2178
85.395337,27.552335,2178
85.395341,27.552329,2178
85.395346,27.552322,2179
85.39535,27.552316,2179
85.395354,27.552309,2179
85.395358,27.552301,2179
85.395363,27.552294,2179
85.395367,27.552287,2179
85.395372,27.55228,2179
85.395376,27.552274,2179
85.395379,27.552267,2179
85.395383,27.552259,2179
85.395386,27.552252,2179
85.395389,27.552244,2179
85.395392,27.552236,2179
85.395395,27.552228,2179
85.395398,27.55222,2180
85.395401,27.552211,2180
85.395405,27.552203,2180
85.39541,27.552195,2180
85.395415,27.552188,2180
85.39542,27.552181,2180
85.395425,27.552174,2180
85.39543,27.552166,2180
85.395437,27.552157,2180
85.395442,27.552149,2180
85.395447,27.552141,2180
85.395452,27.552133,2180
85.395456,27.552124,2180
85.39546,27.552115,2180
85.395464,27.552107,2180
85.395468,27.552099,2180
85.395472,27.552092,2180
85.395476,27.552082,2181
85.39548,27.552073,2181
85.395484,27.552064,2181
85.395488,27.552055,2181
85.39549,27.552047,2181
85.395493,27.552039,2181
85.395495,27.55203,2181
85.395499,27.552021,2181
85.395502,27.552012,2181
85.395506,27.552003,2181
85.395509,27.551993,2181
85.39551,27.551985,2181
85.39551,27.551977,2182
85.395509,27.551967,2182
85.395509,27.551959,2182
85.39551,27.551949,2182
85.395509,27.55194,2182
85.395508,27.551931,2182
85.395506,27.551922,2182
85.395503,27.551913,2182
85.3955,27.551904,2182
85.395497,27.551896,2183
85.395493,27.551888,2183
85.39549,27.55188,2183
85.395488,27.551873,2183
85.395486,27.551865,2183
85.395484,27.551859,2183
85.395482,27.551852,2183
85.39548,27.551844,2183
85.395479,27.551837,2183
85.395478,27.55183,2183
85.395478,27.551822,2183
85.39548,27.551816,2184
85.39548,27.55181,2184
85.395481,27.551803,2184
85.395483,27.551797,2184
85.395485,27.551789,2184
85.395489,27.551783,2184
85.395493,27.551776,2184
85.395497,27.55177,2184
85.395503,27.551764,2184
85.395509,27.551759,2184
85.395514,27.551754,2184
85.39552,27.55175,2184
85.395527,27.551748,2184
85.395534,27.551746,2185
85.395541,27.551744,2185
85.395547,27.551743,2185
85.395554,27.551744,2185
85.395561,27.551746,2185
85.395568,27.551749,2185
85.395575,27.551753,2185
85.395582,27.551757,2185
85.395589,27.551761,2185
85.395595,27.551766,2185
85.395601,27.551769,2185
85.395607,27.551772,2185
85.395612,27.551776,2185
85.395617,27.551781,2186
85.395625,27.551786,2186
85.395633,27.551792,2186
85.39564,27.5518,2186
85.395648,27.551806,2186
85.395656,27.551814,2186
85.395662,27.551821,2186
85.395668,27.55183,2186
85.395672,27.551839,2186
85.395675,27.551849,2186
85.395679,27.551856,2186
85.395682,27.551864,2187
85.395684,27.551872,2187
85.395686,27.55188,2187
85.395688,27.551888,2187
85.395689,27.551898,2187
85.395692,27.551906,2187
85.395694,27.551915,2187
85.395697,27.551923,2187
85.395699,27.551931,2187
85.395699,27.551939,2187
85.395698,27.551948,2188
85.395698,27.551957,2188
85.395697,27.551966,2188
85.395697,27.551977,2188
85.395698,27.551988,2188
85.395698,27.551998,2188
85.395697,27.552008,2188
85.395695,27.552017,2188
85.395695,27.552025,2188
85.395695,27.552034,2189
85.395696,27.552038,2189
85.395698,27.552043,2189
85.395698,27.552048,2189
85.395699,27.552054,2189
85.395701,27.55206,2189
85.395702,27.552065,2189
85.395702,27.552069,2189
85.395702,27.552072,2189
85.395699,27.552075,2190
85.395696,27.552078,2190
85.395695,27.552081,2190
85.395693,27.552083,2190
85.395693,27.552085,2190
85.395692,27.552089,2190
85.395692,27.552093,2190
85.395692,27.552099,2190
85.39569,27.552105,2190
85.39569,27.552112,2190
85.395688,27.552118,2190
85.395686,27.552122,2191
85.395685,27.552124,2191
85.395684,27.552125,2191
85.395683,27.552128,2191
85.39568,27.552128,2191
85.39568,27.552131,2191
85.395679,27.552132,2191
85.395676,27.552134,2191
85.395674,27.552137,2191
85.395672,27.552141,2191
85.395669,27.552146,2192
85.395665,27.552151,2192
85.395661,27.552155,2192
85.395656,27.552159,2192
85.395652,27.552162,2192
85.39565,27.552167,2192
85.395647,27.552171,2192
85.395642,27.552176,2192
85.395636,27.552181,2192
85.395631,27.552185,2192
85.395626,27.55219,2193
85.395622,27.552194,2193
85.395618,27.552198,2193
85.395614,27.552202,2193
85.39561,27.552206,2193
85.395606,27.55221,2193
85.395603,27.552214,2193
85.395602,27.552219,2193
85.3956,27.552224,2193
85.395598,27.552228,2193
85.395597,27.552234,2194
85.395595,27.552239,2194
85.395594,27.552245,2194
85.395592,27.552251,2194
85.395591,27.552259,2194
85.39559,27.552266,2194
85.395589,27.552273,2194
85.395588,27.552281,2194
85.395586,27.552288,2194
85.395583,27.552294,2194
85.39558,27.552302,2195
85.395578,27.552308,2195
85.395576,27.552315,2195
85.395575,27.552321,2195
85.395573,27.552327,2195
85.395572,27.552334,2195
85.39557,27.55234,2195
85.395568,27.552347,2195
85.395566,27.552354,2195
85.395563,27.55236,2196
85.39556,27.552367,2196
85.395557,27.552373,2196
85.395554,27.552379,2196
85.395551,27.552386,2196
85.395549,27.552392,2196
85.395547,27.552399,2196
85.395544,27.552406,2196
85.395541,27.552414,2196
85.395538,27.55242,2196
85.395535,27.552426,2196
85.395532,27.552433,2197
85.395528,27.552438,2197
85.395526,27.552445,2197
85.395522,27.552451,2197
85.395517,27.552457,2197
85.395514,27.552464,2197
85.39551,27.55247,2197
85.395507,27.552477,2197
85.395504,27.552484,2197
85.395502,27.552492,2197
85.3955,27.5525,2197
85.3955,27.552509,2197
85.395499,27.552518,2198
85.395498,27.552527,2198
85.395498,27.552536,2198
85.395498,27.552544,2198
85.395499,27.552552,2198
85.395501,27.55256,2198
85.395502,27.552568,2198
85.395502,27.552577,2198
85.395501,27.552586,2198
85.3955,27.552595,2198
85.395499,27.552603,2198
85.395498,27.552612,2198
85.395498,27.552619,2198
85.395498,27.552627,2198
85.395498,27.552633,2199
85.395499,27.55264,2199
85.3955,27.552647,2199
85.395502,27.552653,2199
85.395505,27.552659,2199
85.395507,27.552666,2199
85.39551,27.552673,2199
85.395513,27.552679,2199
85.395517,27.552686,2199
85.395521,27.552691,2199
85.395525,27.552697,2200
85.39553,27.552702,2200
85.395535,27.552707,2200
85.39554,27.552712,2200
85.395546,27.552717,2200
85.395552,27.552722,2200
85.395559,27.552728,2200
85.395567,27.552734,2200
85.395575,27.552739,2200
85.395584,27.552744,2200
85.395593,27.55275,2200
85.395602,27.552755,2200
85.39561,27.55276,2200
85.395619,27.552763,2200
85.395628,27.552766,2201
85.395637,27.552768,2201
85.395646,27.55277,2201
85.395655,27.552772,2201
85.395664,27.552775,2201
85.395673,27.552778,2201
85.395681,27.552781,2201
85.395689,27.552784,2201
85.395697,27.552786,2201
85.395705,27.552788,2201
85.395713,27.55279,2201
85.395719,27.552792,2201
85.395726,27.552795,2201
85.395734,27.552798,2202
85.39574,27.552802,2202
85.395747,27.552804,2202
85.395754,27.552806,2202
85.395761,27.552808,2202
85.395769,27.55281,2202
85.395779,27.552811,2202
85.395789,27.552812,2202
85.395799,27.552813,2202
85.395808,27.552814,2202
85.395818,27.552816,2203
85.395826,27.552819,2203
85.395834,27.552823,2203
85.395843,27.552825,2203
85.395851,27.552828,2203
85.395859,27.552832,2203
85.395867,27.552836,2203
85.395873,27.552839,2203
85.395879,27.552843,2203
85.395883,27.552846,2203
85.395889,27.552849,2203
85.395894,27.552852,2203
85.395901,27.552856,2204
85.395909,27.552859,2204
85.395917,27.552865,2204
85.395926,27.552869,2204
85.395936,27.552873,2204
85.395945,27.552878,2204
85.395954,27.552883,2204
85.395963,27.552888,2204
85.395972,27.552894,2204
85.39598,27.552901,2204
85.395988,27.552907,2204
85.395996,27.552912,2204
85.396005,27.552917,2204
85.396014,27.552921,2204
85.396022,27.552927,2204
85.396029,27.552931,2205
85.396036,27.552937,2205
85.396043,27.552942,2205
85.396049,27.552949,2205
85.396057,27.552955,2205
85.396064,27.552961,2205
85.396071,27.552968,2205
85.396079,27.552974,2205
85.396086,27.55298,2205
85.396095,27.552986,2205
85.396103,27.552991,2205
85.396111,27.552996,2205
85.396119,27.553001,2206
85.396126,27.553006,2206
85.396133,27.553011,2206
85.39614,27.553016,2206
85.396147,27.553021,2206
85.396154,27.553026,2206
85.396159,27.553032,2206
85.396165,27.553038,2206
85.396171,27.553043,2206
85.396177,27.553048,2206
85.396185,27.553054,2206
85.396192,27.553059,2207
85.396198,27.553063,2207
85.396203,27.553067,2207
85.396209,27.55307,2207
85.396214,27.553074,2207
85.396218,27.553078,2207
85.396223,27.553083,2207
85.396227,27.553089,2207
85.396231,27.553095,2207
85.396234,27.5531,2207
85.396238,27.553105,2208
85.396242,27.55311,2208
85.396247,27.553114,2208
85.396253,27.553118,2208
85.396259,27.553121,2208
85.396265,27.553123,2208
85.396273,27.553125,2208
85.396281,27.553126,2208
85.396289,27.553127,2208
85.396296,27.553129,2208
85.396305,27.553131,2208
85.396313,27.553134,2209
85.396322,27.553138,2209
85.396329,27.55314,2209
85.396336,27.553144,2209
85.396341,27.553148,2209
85.396346,27.553152,2209
85.396351,27.553158,2209
85.396358,27.553163,2209
85.396366,27.553168,2209
85.396374,27.553172,2209
85.396383,27.553177,2209
85.396392,27.55318,2209
85.396401,27.553182,2210
85.396412,27.553184,2210
85.396424,27.553185,2210
85.396436,27.553186,2210
85.396448,27.553187,2210
85.396459,27.553188,2210
85.396472,27.553189,2210
85.396484,27.553189,2210
85.396496,27.553192,2210
85.396507,27.553194,2210
85.396519,27.553198,2210
85.396529,27.553203,2210
85.396538,27.553208,2210
85.396545,27.553212,2211
85.396553,27.553216,2211
85.396559,27.553221,2211
85.396563,27.553225,2211
85.396566,27.55323,2211
85.396567,27.553236,2211
85.396566,27.553239,2211
85.396565,27.553241,2211
85.396569,27.553242,2211
85.396576,27.553246,2211
85.396584,27.553251,2211
85.39659,27.553255,2211
85.396598,27.553259,2211
85.396606,27.553263,2212
85.396615,27.553267,2212
85.396622,27.553271,2212
85.396628,27.553277,2212
85.396635,27.553282,2212
85.396641,27.553288,2212
85.396648,27.553292,2212
85.396655,27.553296,2212
85.39666,27.5533,2212
85.396666,27.553304,2212
85.396671,27.553309,2212
85.396675,27.553314,2212
85.396678,27.553319,2212
85.39668,27.553324,2213
85.39668,27.553329,2213
85.396679,27.553333,2213
85.39668,27.553334,2213
85.396682,27.553334,2213
85.396684,27.553333,2213
85.396686,27.553331,2213
85.396689,27.553329,2213
85.396694,27.553329,2213
85.3967,27.553331,2213
85.396707,27.553334,2213
85.396715,27.553335,2213
85.396722,27.553339,2213
85.39673,27.553342,2213
85.396738,27.553345,2213
85.396746,27.553348,2213
85.396755,27.553352,2213
85.396765,27.553356,2214
85.396773,27.55336,2214
85.396781,27.553365,2214
85.396788,27.553372,2214
85.396794,27.553379,2214
85.3968,27.553387,2214
85.396808,27.553395,2214
85.396816,27.553402,2214
85.396824,27.553409,2214
85.396833,27.553415,2214
85.396843,27.55342,2214
85.396854,27.553425,2214
85.396865,27.55343,2214
85.396874,27.553434,2214
85.396883,27.553439,2215
85.39689,27.553443,2215
85.396897,27.553447,2215
85.396905,27.553452,2215
85.396912,27.553457,2215
85.396919,27.553463,2215
85.396927,27.55347,2215
85.396934,27.553475,2215
85.396941,27.55348,2215
85.396948,27.553485,2215
85.396955,27.55349,2216
85.396961,27.553495,2216
85.396968,27.5535,2216
85.396974,27.553505,2216
85.396982,27.553509,2216
85.396989,27.553513,2216
85.396994,27.553517,2216
85.396999,27.553521,2216
85.397004,27.553523,2216
85.397009,27.553525,2216
85.397015,27.553529,2217
85.39702,27.553535,2217
85.397026,27.553542,2217
85.397032,27.553549,2217
85.397038,27.553556,2217
85.397043,27.553563,2217
85.397048,27.553571,2217
85.397054,27.553577,2217
85.397059,27.553585,2217
85.397063,27.553592,2217
85.397067,27.553601,2217
85.397071,27.553609,2218
85.397074,27.553617,2218
85.397077,27.553625,2218
85.397079,27.553633,2218
85.39708,27.553641,2218
85.39708,27.55365,2218
85.397079,27.553659,2218
85.397077,27.553667,2218
85.397071,27.553672,2218
85.397064,27.553677,2218
85.397057,27.553684,2218
85.39705,27.553689,2218
85.397042,27.553694,2218
85.397034,27.553697,2218
85.397028,27.5537,2218
85.397023,27.553704,2218
85.397018,27.553709,2218
85.397013,27.553711,2218
85.397007,27.553714,2218
85.397,27.553716,2219
85.396994,27.55372,2219
85.396988,27.553722,2219
85.396983,27.553726,2219
85.396977,27.553729,2219
85.396971,27.553732,2219
85.396966,27.553735,2219
85.396961,27.553737,2219
85.396956,27.55374,2219
85.396953,27.553741,2219
85.396952,27.553741,2219
85.396951,27.553741,2219
85.39695,27.553742,2219
85.396949,27.553741,2219
85.396947,27.553742,2219
85.396945,27.553742,2220
85.396942,27.553743,2220
85.396937,27.553745,2220
85.396931,27.553747,2220
85.396925,27.553751,2220
85.396918,27.553754,2220
85.396911,27.553758,2220
85.396904,27.553759,2220
85.396898,27.553761,2220
85.396892,27.553763,2220
85.396885,27.553766,2220
85.39688,27.55377,2221
85.396874,27.553773,2221
85.396868,27.553776,2221
85.396862,27.553777,2221
85.396854,27.553778,2221
85.396846,27.553779,2221
85.396838,27.55378,2221
85.39683,27.55378,2221
85.396823,27.553781,2221
85.396816,27.553782,2221
85.39681,27.553782,2222
85.396806,27.553783,2222
85.396803,27.553784,2222
85.3968,27.553783,2222
85.396799,27.553781,2222
85.396798,27.553781,2222
85.396797,27.553782,2222
85.396798,27.553783,2222
85.396795,27.553787,2222
85.396789,27.55379,2222
85.396782,27.553793,2222
85.396774,27.553795,2222
85.396766,27.553799,2223
85.396759,27.553801,2223
85.396752,27.553804,2223
85.396746,27.553807,2223
85.39674,27.553811,2223
85.396735,27.553814,2223
85.396729,27.553818,2223
85.396725,27.553822,2223
85.39672,27.553826,2223
85.396715,27.553829,2224
85.39671,27.553833,2224
85.396706,27.553837,2224
85.396701,27.55384,2224
85.396696,27.553844,2224
85.396691,27.553847,2224
85.396686,27.55385,2224
85.396681,27.553854,2224
85.396676,27.553857,2224
85.396669,27.55386,2224
85.396663,27.553863,2224
85.396656,27.553864,2224
85.396649,27.553866,2224
85.396641,27.553868,2224
85.396634,27.553871,2225
85.396626,27.553873,2225
85.396617,27.553874,2225
85.396608,27.553876,2225
85.396599,27.553877,2225
85.396591,27.553877,2225
85.396582,27.553879,2225
85.396571,27.553881,2225
85.396561,27.553884,2225
85.396551,27.553886,2225
85.39654,27.553887,2226
85.396529,27.553889,2226
85.396521,27.553887,2226
85.396514,27.553885,2226
85.396508,27.553883,2226
85.396502,27.55388,2226
85.396496,27.553877,2226
85.396487,27.553875,2226
85.396477,27.553874,2226
85.396465,27.553873,2226
85.396454,27.553872,2227
85.396443,27.553872,2227
85.396434,27.553873,2227
85.396427,27.553876,2227
85.39642,27.553879,2227
85.396415,27.553884,2227
85.39641,27.55389,2227
85.396405,27.553896,2227
85.396401,27.553903,2228
85.396399,27.553911,2228
85.396395,27.553919,2228
85.396391,27.553927,2228
85.396388,27.553936,2228
85.396385,27.553946,2228
85.396382,27.553955,2228
85.396378,27.553964,2228
85.396374,27.553972,2229
85.396369,27.553978,2229
85.396364,27.553984,2229
85.396359,27.55399,2229
85.396354,27.553995,2229
85.396349,27.554,2229
85.396344,27.554005,2229
85.396338,27.55401,2229
85.396331,27.554015,2230
85.396324,27.55402,2230
85.396316,27.554025,2230
85.396308,27.554031,2230
85.396301,27.554037,2230
85.396294,27.554042,2230
85.396286,27.554048,2231
85.396278,27.554055,2231
85.39627,27.554061,2231
85.396262,27.554067,2231
85.396254,27.554072,2231
85.396247,27.554078,2231
85.396238,27.554083,2231
85.396233,27.554087,2231
85.396226,27.554092,2232
85.396219,27.554096,2232
85.396212,27.554101,2232
85.396206,27.554106,2232
85.396202,27.554112,2232
85.396196,27.554118,2232
85.39619,27.554125,2232
85.396184,27.554132,2232
85.396178,27.554138,2233
85.396173,27.554145,2233
85.396167,27.554151,2233
85.396162,27.554158,2233
85.396155,27.554164,2233
85.396149,27.55417,2233
85.396143,27.554175,2233
85.396137,27.554181,2234
85.39613,27.554185,2234
85.396124,27.554191,2234
85.396117,27.554196,2234
85.396109,27.554201,2234
85.396102,27.554206,2234
85.396092,27.554211,2234
85.396082,27.554214,2234
85.396073,27.554218,2234
85.396064,27.554223,2234
85.396054,27.554227,2234
85.396043,27.55423,2235
85.396034,27.554233,2235
85.396025,27.554237,2235
85.396017,27.55424,2235
85.396009,27.554244,2235
85.396001,27.554249,2235
85.395995,27.554253,2235
85.39599,27.554257,2235
85.395986,27.554261,2235
85.395981,27.554266,2236
85.395979,27.554272,2236
85.395976,27.554279,2236
85.395974,27.554285,2236
85.395973,27.554292,2236
85.395971,27.554295,2236
85.395967,27.554298,2236
85.395963,27.5543,2236
85.395959,27.554304,2236
85.395953,27.554309,2236
85.395947,27.554313,2236
85.395941,27.554318,2237
85.395933,27.554322,2237
85.395925,27.554327,2237
85.395917,27.554331,2237
85.395909,27.554335,2237
85.3959,27.554339,2237
85.395892,27.554343,2237
85.395885,27.554347,2237
85.395877,27.55435,2237
85.395869,27.554354,2237
85.39586,27.554357,2237
85.395852,27.554359,2238
85.395845,27.554362,2238
85.395838,27.554364,2238
85.39583,27.554367,2238
85.395822,27.55437,2238
85.395814,27.554374,2238
85.395806,27.554376,2238
85.395799,27.554378,2238
85.395792,27.554381,2238
85.395786,27.554384,2238
85.395779,27.554387,2239
85.395773,27.554391,2239
85.395767,27.554395,2239
85.395764,27.5544,2239
85.395761,27.554407,2239
85.395758,27.554413,2239
85.395756,27.554419,2239
85.395752,27.554423,2239
85.395748,27.554426,2239
85.395745,27.554429,2239
85.395742,27.554432,2239
85.395739,27.554433,2239
85.395738,27.554434,2239
85.395738,27.554435,2239
85.395738,27.554434,2239
85.395739,27.554433,2239
85.39574,27.554433,2239
85.395742,27.554432,2239
85.395744,27.554431,2239
85.395746,27.55443,2239
85.395749,27.55443,2239
85.395753,27.554432,2239
85.395759,27.554434,2240
85.395765,27.554439,2240
85.395771,27.554444,2240
85.395778,27.55445,2240
85.395783,27.554457,2240
85.395789,27.554464,2240
85.395788,27.554472,2240
85.395788,27.554479,2240
85.395788,27.554486,2240
85.395787,27.554493,2241
85.395786,27.554501,2241
85.395784,27.554508,2241
85.395782,27.554516,2241
85.39578,27.554523,2241
85.395777,27.55453,2241
85.395774,27.554538,2241
85.395771,27.554545,2241
85.395766,27.554552,2241
85.395762,27.55456,2242
85.395759,27.554567,2242
85.395757,27.554575,2242
85.395753,27.554582,2242
85.395748,27.554588,2242
85.395744,27.554595,2242
85.395739,27.554602,2242
85.395733,27.554608,2242
85.395728,27.554615,2242
85.395723,27.554622,2242
85.395719,27.554628,2242
85.395714,27.554634,2243
85.395708,27.55464,2243
85.395704,27.554646,2243
85.395699,27.554651,2243
85.395693,27.554657,2243
85.395689,27.554662,2243
85.395683,27.554668,2243
85.395679,27.554673,2243
85.395674,27.554678,2243
85.395667,27.554683,2244
85.39566,27.554687,2244
85.395654,27.554691,2244
85.395646,27.554695,2244
85.39564,27.554697,2244
85.395633,27.554699,2244
85.395626,27.5547,2244
85.395619,27.554702,2244
85.39561,27.554704,2244
85.395601,27.554705,2244
85.395592,27.554706,2245
85.395584,27.554707,2245
85.395576,27.554708,2245
85.395568,27.554709,2245
85.395559,27.55471,2245
85.395551,27.554711,2245
85.395543,27.554713,2245
85.395535,27.554715,2245
85.395527,27.554718,2245
85.39552,27.554719,2245
85.395512,27.55472,2245
85.395505,27.554721,2246
85.395498,27.554723,2246
85.39549,27.554725,2246
85.395482,27.554727,2246
85.395474,27.55473,2246
85.395465,27.554733,2246
85.395458,27.554736,2246
85.395452,27.55474,2246
85.395445,27.554743,2246
85.395439,27.554745,2246
85.395435,27.554748,2247
85.395431,27.554751,2247
85.395426,27.554754,2247
85.395422,27.554757,2247
85.395416,27.55476,2247
85.39541,27.554761,2247
85.395404,27.554763,2247
85.395398,27.554765,2247
85.395392,27.554768,2247
85.395385,27.55477,2247
85.395379,27.554773,2248
85.395371,27.554775,2248
85.395364,27.554778,2248
85.395358,27.55478,2248
85.395352,27.554783,2248
85.395346,27.554786,2248
85.395339,27.55479,2248
85.395331,27.554793,2248
85.395323,27.554796,2249
85.395316,27.5548,2249
85.395309,27.554804,2249
85.3953,27.55481,2249
85.395292,27.554815,2249
85.395285,27.554821,2249
85.395278,27.554827,2249
85.395272,27.554833,2249
85.395266,27.554838,2250
85.39526,27.554842,2250
85.395253,27.554848,2250
85.395246,27.554853,2250
85.39524,27.554859,2250
85.395235,27.554864,2250
85.395229,27.55487,2250
85.395223,27.554876,2250
85.395217,27.554881,2251
85.395212,27.554886,2251
85.395206,27.554893,2251
85.395201,27.554899,2251
85.395197,27.554905,2251
85.395195,27.554911,2251
85.395193,27.554917,2251
85.39519,27.554923,2251
85.395188,27.554929,2251
85.395186,27.554935,2252
85.395187,27.55494,2252
85.395188,27.554944,2252
85.39519,27.554949,2252
85.395195,27.554952,2252
85.395198,27.554954,2252
85.395202,27.554955,2252
85.395207,27.554956,2252
85.395213,27.554958,2252
85.39522,27.554959,2252
85.395227,27.55496,2253
85.395237,27.55496,2253
85.395246,27.554959,2253
85.395254,27.554957,2253
85.395264,27.554954,2253
85.395274,27.55495,2253
85.395283,27.554944,2253
85.39529,27.554937,2253
85.395297,27.55493,2254
85.395303,27.554923,2254
85.39531,27.554916,2254
85.395317,27.554908,2254
85.395323,27.5549,2254
85.395329,27.554891,2254
85.395336,27.554884,2254
85.395343,27.554877,2254
85.395351,27.554871,2255
85.395359,27.554865,2255
85.395367,27.554859,2255
85.395375,27.554854,2255
85.395384,27.554848,2255
85.395392,27.554842,2255
85.3954,27.554838,2256
85.395408,27.554834,2256
85.395416,27.55483,2256
85.395425,27.554828,2256
85.395434,27.554824,2256
85.395444,27.554821,2256
85.395453,27.554817,2256
85.395463,27.554815,2257
85.395472,27.554814,2257
85.395481,27.554815,2257
85.395489,27.554817,2257
85.395498,27.554818,2257
85.395507,27.55482,2257
85.395516,27.554821,2257
85.395525,27.554823,2257
85.395533,27.554824,2258
85.395539,27.554825,2258
85.395547,27.554827,2258
85.395554,27.554828,2258
85.395561,27.55483,2258
85.395569,27.554832,2258
85.395576,27.554832,2258
85.395584,27.554831,2259
85.395593,27.554829,2259
85.395603,27.554826,2259
85.395614,27.554826,2259
85.395622,27.554827,2259
85.39563,27.554828,2259
85.395639,27.554827,2259
85.395647,27.554827,2259
85.395654,27.554828,2259
85.395658,27.554828,2259
85.395662,27.554828,2259
85.395667,27.554829,2259
85.395674,27.554829,2259
85.39568,27.55483,2259
85.395686,27.55483,2259
85.395692,27.55483,2260
85.395699,27.554831,2260
85.395705,27.554831,2260
85.395711,27.554831,2260
85.395718,27.554831,2260
85.395726,27.554829,2260
85.395735,27.554828,2260
85.395744,27.554827,2260
85.395753,27.554826,2260
85.39576,27.554827,2260
85.395768,27.554827,2260
85.395776,27.554826,2261
85.395782,27.554825,2261
85.395789,27.554824,2261
85.395796,27.554822,2261
85.395803,27.55482,2261
85.395814,27.554819,2261
85.395825,27.554818,2261
85.395834,27.554816,2261
85.395843,27.554815,2261
85.395854,27.554814,2261
85.395864,27.554813,2261
85.395874,27.554812,2261
85.395879,27.554809,2262
85.395884,27.554806,2262
85.395891,27.554804,2262
85.395896,27.554802,2262
85.3959,27.554799,2262
85.395904,27.554796,2262
85.395909,27.554792,2262
85.395913,27.554789,2262
85.395917,27.554786,2262
85.395921,27.554781,2263
85.395925,27.554777,2263
85.39593,27.554773,2263
85.395935,27.554771,2263
85.39594,27.554769,2263
85.395944,27.554766,2263
85.395948,27.554763,2263
85.395952,27.55476,2263
85.395956,27.554757,2263
85.39596,27.554754,2263
85.395964,27.55475,2263
85.395967,27.554746,2264
85.39597,27.554742,2264
85.395972,27.554738,2264
85.395975,27.554735,2264
85.395976,27.554732,2264
85.395977,27.554732,2264
85.395976,27.554732,2264
85.395976,27.554733,2264
85.395976,27.554734,2264
85.395977,27.554734,2264
85.395977,27.554735,2264
85.395978,27.554735,2264
85.395978,27.554736,2264
85.395978,27.554735,2264
85.395979,27.554734,2264
85.395979,27.554733,2264
85.39598,27.554732,2264
85.395981,27.554731,2264
85.395982,27.554728,2264
85.395983,27.554726,2264
85.395985,27.554724,2264
85.395989,27.55472,2265
85.395994,27.554715,2265
85.395998,27.554709,2265
85.396002,27.554702,2265
85.396005,27.554695,2265
85.396007,27.55469,2265
85.396009,27.554688,2265
85.396009,27.554687,2265
85.39601,27.554688,2265
85.396011,27.554689,2265
85.396012,27.554688,2265
85.396013,27.554687,2265
85.396013,27.554684,2265
85.396014,27.554684,2265
85.396013,27.554684,2265
85.396012,27.554684,2265
85.396011,27.554684,2265
85.39601,27.554684,2265
85.396009,27.554683,2265
85.39601,27.554682,2265
85.396009,27.554681,2265
85.396009,27.554679,2265
85.396008,27.554678,2265
85.396008,27.554676,2265
85.396008,27.554673,2265
85.396009,27.55467,2265
85.396009,27.554667,2265
85.396009,27.554665,2265
85.396009,27.554664,2265
85.396009,27.554663,2265
85.39601,27.554662,2265
85.396009,27.554661,2265
85.396009,27.55466,2265
85.396007,27.554661,2265
85.396006,27.554661,2265
85.396005,27.554662,2265
85.396003,27.554663,2265
85.396002,27.554663,2265
85.396001,27.554663,2265
85.396,27.554663,2265
85.396,27.554662,2265
85.395999,27.554662,2265
85.395999,27.554661,2265
85.396,27.55466,2265
85.396001,27.554661,2265
85.396001,27.55466,2265
85.396,27.554661,2265
85.395999,27.554662,2265
85.395998,27.554662,2265
85.395997,27.554662,2265
85.395996,27.554662,2266
85.395995,27.554662,2266
85.395994,27.554663,2266
85.395995,27.554664,2266
85.395995,27.554665,2266
85.395995,27.554667,2266
85.395996,27.554668,2266
85.395997,27.55467,2266
85.395998,27.554671,2266
85.395999,27.554673,2266
85.395999,27.554674,2266
85.395998,27.554673,2266
85.395997,27.554673,2266
85.395997,27.554674,2266
85.395997,27.554675,2266
85.395996,27.554675,2266
85.395997,27.554675,2266
85.395998,27.554675,2266
85.395998,27.554674,2266
85.395997,27.554673,2266
85.395997,27.554672,2266
85.395996,27.554671,2266
85.395995,27.554669,2266
85.395994,27.554666,2266
85.395994,27.554661,2266
85.395996,27.554656,2266
85.395999,27.554652,2266
85.396002,27.554646,2266
85.396005,27.554641,2266
85.396009,27.554634,2266
85.396012,27.55463,2267
85.396015,27.554625,2267
85.396017,27.554622,2267
85.39602,27.55462,2267
85.396024,27.554619,2267
85.396028,27.554619,2267
85.396034,27.554618,2267
85.39604,27.554617,2267
85.396048,27.554614,2267
85.396056,27.554611,2267
85.396063,27.554607,2267
85.39607,27.554602,2268
85.396077,27.554598,2268
85.396082,27.554593,2268
85.396087,27.554589,2268
85.396091,27.554585,2268
85.396095,27.554582,2268
85.396098,27.554581,2268
85.396102,27.554579,2268
85.396107,27.554577,2268
85.396113,27.554575,2268
85.396119,27.554574,2268
85.396125,27.554573,2268
85.39613,27.55457,2268
85.396135,27.554566,2268
85.396141,27.55456,2268
85.396148,27.554555,2269
85.396154,27.55455,2269
85.39616,27.554545,2269
85.396167,27.554539,2269
85.396173,27.554535,2269
85.39618,27.554532,2269
85.396187,27.554529,2269
85.396193,27.554527,2269
85.396199,27.554525,2270
85.396206,27.554522,2270
85.396214,27.554521,2270
85.39622,27.55452,2270
85.396226,27.554518,2270
85.396232,27.554516,2270
85.396239,27.554513,2270
85.396245,27.554511,2270
85.396252,27.554509,2271
85.396259,27.554508,2271
85.396265,27.554505,2271
85.396271,27.554503,2271
85.396277,27.554501,2271
85.396285,27.554498,2271
85.396292,27.554496,2271
85.3963,27.554493,2272
85.396308,27.55449,2272
85.396315,27.554487,2272
85.396321,27.554484,2272
85.396326,27.554481,2272
85.396331,27.554478,2272
85.396335,27.554477,2272
85.396335,27.554476,2272
85.396335,27.554475,2272
85.396335,27.554474,2272
85.396334,27.554474,2272
85.396334,27.554473,2272
85.396335,27.554473,2272
85.396336,27.554472,2272
85.396337,27.554471,2272
85.396338,27.55447,2272
85.396339,27.554469,2272
85.39634,27.554468,2273
85.396342,27.554467,2273
85.396345,27.554465,2273
85.39635,27.554463,2273
85.396354,27.554461,2273
85.39636,27.554459,2273
85.396366,27.554457,2273
85.396372,27.554455,2274
85.396378,27.554453,2274
85.396384,27.554452,2274
85.396389,27.554452,2274
85.396395,27.55445,2274
85.396401,27.554449,2274
85.396408,27.554449,2274
85.396415,27.554448,2274
85.396421,27.554447,2274
85.396428,27.554445,2274
85.396436,27.554444,2274
85.396444,27.554443,2274
85.396451,27.554443,2274
85.396459,27.554444,2275
85.396466,27.554444,2275
85.396473,27.554442,2275
85.396478,27.554442,2275
85.396483,27.55444,2275
85.396489,27.55444,2275
85.396495,27.554439,2275
85.396501,27.554439,2276
85.396507,27.554439,2276
85.396513,27.55444,2276
85.396519,27.554441,2276
85.396524,27.554442,2276
85.396528,27.554441,2276
85.396534,27.554438,2276
85.396539,27.554433,2276
85.396546,27.554425,2277
85.396554,27.55442,2277
85.396562,27.554415,2277
85.396569,27.554414,2277
85.396578,27.554412,2277
85.396587,27.554413,2277
85.396596,27.554414,2277
85.396603,27.554414,2277
85.396612,27.554414,2277
85.39662,27.554414,2277
85.396628,27.554413,2278
85.396636,27.554412,2278
85.396643,27.554412,2278
85.396651,27.554411,2278
85.396659,27.554411,2278
85.396666,27.554411,2278
85.396673,27.554411,2278
85.396681,27.55441,2278
85.396688,27.554408,2278
85.396695,27.554407,2278
85.396702,27.554408,2278
85.396709,27.554408,2279
85.396716,27.554408,2279
85.396723,27.554408,2279
85.396729,27.554408,2279
85.396736,27.554407,2279
85.396743,27.554407,2279
85.396749,27.554405,2279
85.396755,27.554404,2279
85.396762,27.554403,2279
85.396769,27.554402,2279
85.396776,27.5544,2279
85.396784,27.554399,2279
85.396791,27.554398,2279
85.396798,27.554397,2279
85.396805,27.554395,2280
85.396812,27.554394,2280
85.396818,27.554393,2280
85.396825,27.554393,2280
85.396832,27.554393,2280
85.396838,27.554393,2280
85.396844,27.554394,2280
85.39685,27.554395,2280
85.396856,27.554396,2281
85.396864,27.554397,2281
85.396873,27.554397,2281
85.396881,27.554397,2281
85.39689,27.554398,2281
85.396899,27.554399,2281
85.396909,27.5544,2281
85.396919,27.554402,2281
85.396929,27.554404,2281
85.396939,27.554408,2282
85.396951,27.554411,2282
85.396962,27.554416,2282
85.396973,27.554422,2282
85.396984,27.554428,2282
85.396993,27.554435,2282
85.396999,27.554441,2282
85.397002,27.554447,2282
85.397004,27.554453,2282
85.397004,27.55446,2282
85.397003,27.554467,2282
85.397001,27.554474,2282
85.396999,27.554481,2282
85.396994,27.554487,2282
85.39699,27.554493,2282
85.396985,27.554498,2283
85.396979,27.554503,2283
85.396973,27.554508,2283
85.396967,27.554512,2283
85.39696,27.554515,2283
85.396954,27.554518,2283
85.396948,27.554521,2283
85.396941,27.554523,2283
85.396933,27.554525,2283
85.396925,27.554527,2283
85.396918,27.554529,2283
85.396911,27.55453,2283
85.396904,27.554532,2283
85.396897,27.554533,2283
85.39689,27.554533,2283
85.396883,27.554534,2283
85.396876,27.554535,2283
85.39687,27.554536,2284
85.396865,27.554537,2284
85.396859,27.554539,2284
85.396852,27.55454,2284
85.396846,27.554542,2284
85.396841,27.554543,2284
85.396835,27.554542,2284
85.396829,27.554542,2284
85.396822,27.55454,2284
85.396814,27.554539,2284
85.396806,27.55454,2284
85.396799,27.554541,2284
85.396791,27.554543,2284
85.396783,27.554544,2284
85.396775,27.554546,2284
85.396767,27.554547,2285
85.396759,27.554549,2285
85.396752,27.55455,2285
85.396745,27.554551,2285
85.396738,27.554551,2285
85.396731,27.554552,2285
85.396726,27.554552,2285
85.396721,27.554552,2285
85.396716,27.554552,2285
85.396711,27.554552,2285
85.396706,27.554553,2285
85.3967,27.554553,2285
85.396695,27.554554,2285
85.396689,27.554556,2285
85.396684,27.554557,2286
85.396678,27.554559,2286
85.396672,27.554559,2286
85.396666,27.55456,2286
85.396661,27.55456,2286
85.396657,27.55456,2286
85.396652,27.554562,2286
85.396647,27.554563,2286
85.396641,27.554565,2286
85.396637,27.554568,2286
85.396634,27.55457,2286
85.396628,27.554572,2286
85.396623,27.554574,2287
85.396616,27.554576,2287
85.39661,27.554578,2287
85.396605,27.554579,2287
85.396598,27.554581,2287
85.396592,27.554583,2287
85.396586,27.554583,2287
85.396581,27.554584,2287
85.396575,27.554585,2287
85.396569,27.554586,2287
85.396564,27.554586,2287
85.396558,27.554587,2287
85.396552,27.554589,2287
85.396546,27.55459,2287
85.39654,27.55459,2287
85.396534,27.55459,2287
85.396529,27.55459,2287
85.396523,27.554592,2288
85.396517,27.554593,2288
85.396512,27.554595,2288
85.396506,27.554598,2288
85.396501,27.554601,2288
85.396495,27.554604,2288
85.396488,27.554608,2288
85.396483,27.554611,2288
85.396478,27.554615,2288
85.396473,27.554618,2288
85.396467,27.554621,2288
85.396461,27.554625,2288
85.396454,27.554629,2288
85.396448,27.554633,2288
85.396442,27.554636,2288
85.396435,27.554639,2288
85.396428,27.554643,2288
85.396422,27.554648,2288
85.396417,27.554652,2288
85.396411,27.554654,2289
85.396405,27.554657,2289
85.3964,27.55466,2289
85.396395,27.554664,2289
85.396391,27.554668,2289
85.396387,27.554671,2289
85.396383,27.554674,2289
85.396379,27.554678,2289
85.396378,27.55468,2289
85.396376,27.554683,2289
85.396375,27.554684,2289
85.396373,27.554684,2289
85.396372,27.554684,2289
85.396371,27.554685,2289
85.396371,27.554686,2289
85.396369,27.554687,2289
85.396366,27.554689,2289
85.396365,27.554691,2289
85.396363,27.554691,2289
85.396361,27.554692,2289
85.39636,27.554692,2289
85.396358,27.554693,2289
85.396357,27.554694,2289
85.396355,27.554695,2289
85.396352,27.554696,2289
85.39635,27.554697,2289
85.396348,27.554697,2289
85.396347,27.554696,2289
85.396348,27.554697,2289
85.396349,27.554698,2289
85.396351,27.5547,2289
85.396355,27.554704,2289
85.396357,27.554707,2289
85.396358,27.55471,2289
85.396359,27.554712,2290
85.396358,27.554712,2290
85.396357,27.554713,2290
85.396357,27.554712,2290
85.396356,27.554712,2290
85.396355,27.554713,2290
85.396354,27.554713,2290
85.396353,27.554713,2290
85.396352,27.554713,2290
85.396352,27.554712,2290
85.396352,27.554711,2290
85.396353,27.554711,2290
85.396353,27.55471,2290
85.396354,27.55471,2290
85.396354,27.554711,2290
85.396355,27.554711,2290
85.396354,27.554711,2290
85.396355,27.554711,2290
85.396355,27.55471,2290
85.396355,27.554711,2290
85.396355,27.55471,2290
85.396354,27.55471,2290
85.396355,27.55471,2290
85.396355,27.554711,2290
85.396354,27.554711,2290
85.396353,27.554711,2290
85.396352,27.554711,2290
85.396353,27.55471,2290
85.396354,27.554711,2290
85.396354,27.55471,2290
85.396354,27.554711,2290
85.396354,27.554712,2290
85.396354,27.554713,2290
85.396354,27.554714,2290
85.396354,27.554715,2290
85.396355,27.554715,2290
85.396355,27.554714,2290
85.396356,27.554714,2290
85.396356,27.554713,2290
85.396356,27.554711,2290
85.396356,27.55471,2290
85.396356,27.554708,2290
85.396356,27.554706,2290
85.396357,27.554703,2290
85.396358,27.554699,2290
85.396358,27.554695,2290
85.396357,27.554691,2290
85.396356,27.554688,2290
85.396354,27.554688,2290
85.396355,27.554688,2290
85.396354,27.554688,2290
85.396353,27.554689,2290
85.396352,27.55469,2290
85.396352,27.554689,2290
85.396352,27.554688,2290
85.396351,27.554687,2290
85.396351,27.554686,2290
85.39635,27.554685,2290
85.39635,27.554686,2290
85.396349,27.554687,2290
85.396348,27.554687,2290
85.396347,27.554687,2290
85.396347,27.554688,2290
85.396348,27.554688,2290
85.396348,27.554689,2290
85.396347,27.554689,2290
85.396346,27.55469,2290
85.396346,27.554691,2290
85.396347,27.554691,2290
85.396347,27.554692,2290
85.396348,27.554693,2290
85.396349,27.554693,2290
85.396349,27.554694,2290
85.396348,27.554693,2290
85.396348,27.554692,2290
85.396347,27.554692,2290
85.396346,27.554691,2290
85.396347,27.55469,2290
85.396347,27.554689,2290
85.396348,27.554689,2290
85.396349,27.554688,2290
85.396348,27.554688,2290
85.396347,27.554689,2290
85.396346,27.554689,2290
85.396346,27.55469,2290
85.396345,27.554691,2290
85.396345,27.554692,2290
85.396344,27.554692,2290
85.396345,27.554692,2290
85.396346,27.554692,2290
85.396346,27.554693,2290
85.396347,27.554693,2290
85.396347,27.554694,2290
85.396347,27.554695,2290
85.396347,27.554696,2290
85.396346,27.554696,2290
85.396346,27.554697,2290
85.396347,27.554697,2290
85.396346,27.554697,2290
85.396346,27.554698,2290
85.396346,27.554699,2290
85.396346,27.5547,2290
85.396345,27.5547,2290
85.396344,27.5547,2290
85.396344,27.554701,2290
85.396343,27.554701,2290
85.396342,27.554701,2290
85.396342,27.5547,2290
85.396341,27.5547,2290
85.396341,27.554701,2290
85.39634,27.554702,2290
85.396341,27.554702,2290
85.396341,27.554703,2290
85.39634,27.554703,2290
85.39634,27.554704,2290
85.396339,27.554705,2290
85.39634,27.554705,2290
85.396339,27.554705,2290
85.39634,27.554705,2290
85.396341,27.554705,2290
85.396341,27.554706,2290
85.396341,27.554707,2290
85.396341,27.554708,2290
85.39634,27.554708,2290
85.396339,27.554708,2290
85.396337,27.554708,2290
85.396336,27.554708,2290
85.396336,27.554709,2290
85.396336,27.554708,2290
85.396337,27.554708,2290
85.396338,27.554708,2290
85.396339,27.554708,2290
85.39634,27.554708,2290
85.396341,27.554708,2290
85.396341,27.554709,2290
85.39634,27.554708,2290
85.39634,27.554707,2290
85.396339,27.554707,2290
85.39634,27.554707,2290
85.39634,27.554706,2290
85.39634,27.554705,2290
85.39634,27.554703,2290
85.39634,27.554702,2290
85.39634,27.5547,2290
85.396339,27.554698,2290
85.396339,27.554696,2290
85.396341,27.554697,2290
85.396341,27.554696,2290
85.39634,27.554697,2290
85.396341,27.554697,2290
85.396342,27.554698,2290
85.396342,27.554697,2290
85.396342,27.554696,2290
85.396343,27.554695,2290
85.396344,27.554695,2290
85.396345,27.554697,2290
85.396346,27.554697,2290
85.396346,27.554696,2290
85.396346,27.554695,2290
85.396345,27.554695,2290
85.396344,27.554694,2290
85.396343,27.554693,2290
85.396344,27.554692,2290
85.396345,27.554692,2290
85.396346,27.554692,2290
85.396346,27.554693,2290
85.396345,27.554693,2290
85.396344,27.554693,2290
85.396343,27.554693,2290
85.396344,27.554692,2290
85.396343,27.554692,2290
85.396342,27.554692,2290
85.396342,27.554693,2290
85.396341,27.554692,2290
85.39634,27.554691,2290
85.396339,27.55469,2290
85.396337,27.554689,2290
85.396337,27.554688,2290
85.396337,27.554686,2290
85.396338,27.554686,2290
85.396338,27.554685,2290
85.396339,27.554686,2290
85.39634,27.554685,2290
85.396342,27.554685,2290
85.396344,27.554685,2290
85.396346,27.554686,2290
85.396348,27.554687,2290
85.396349,27.554687,2290
85.39635,27.554688,2290
85.396351,27.554688,2290
85.396351,27.554689,2290
85.396351,27.554688,2290
85.396351,27.554689,2290
85.396351,27.55469,2290
85.396351,27.554691,2290
85.39635,27.554691,2290
85.396349,27.554691,2290
85.396348,27.554691,2290
85.396349,27.554691,2290
85.396349,27.554692,2290
85.396349,27.554693,2290
85.39635,27.554693,2290
85.396349,27.554694,2290
85.396349,27.554693,2290
85.396349,27.554692,2290
85.396349,27.554693,2290
85.39635,27.554693,2290
85.39635,27.554692,2290
85.39635,27.554691,2290
85.39635,27.554692,2290
85.396349,27.554692,2290
85.396349,27.554693,2290
85.396348,27.554694,2290
85.396349,27.554694,2290
85.396349,27.554693,2290
85.396348,27.554693,2291
85.396347,27.554693,2291
85.396346,27.554694,2291
85.396346,27.554695,2291
85.396345,27.554695,2291
85.396344,27.554696,2291
85.396344,27.554697,2291
85.396343,27.554697,2291
85.396342,27.554698,2291
85.396341,27.554698,2291
85.396341,27.554699,2291
85.396341,27.5547,2291
85.396342,27.5547,2291
85.396343,27.5547,2291
85.396344,27.5547,2291
85.396344,27.554701,2291
85.396345,27.554701,2291
85.396345,27.5547,2291
85.396346,27.5547,2291
85.396347,27.554701,2291
85.396348,27.554701,2291
85.396349,27.554701,2291
85.396348,27.554702,2291
85.396347,27.554702,2291
85.396347,27.554703,2291
85.396347,27.554704,2290
85.396347,27.554703,2290
85.396346,27.554703,2290
85.396347,27.554703,2290
85.396346,27.554703,2290
85.396346,27.554702,2290
85.396346,27.554701,2290
85.396346,27.554702,2290
85.396346,27.554701,2290
85.396346,27.5547,2290
85.396347,27.554699,2290
85.396346,27.554699,2290
85.396347,27.554699,2290
85.396346,27.554699,2290
85.396346,27.554698,2290
85.396345,27.554698,2290
85.396345,27.554697,2290
85.396345,27.554696,2290
85.396346,27.554696,2290
85.396346,27.554697,2290
85.396346,27.554696,2290
85.396346,27.554695,2290
85.396346,27.554694,2290
85.396345,27.554694,2290
85.396344,27.554694,2290
85.396343,27.554693,2290
85.396343,27.554691,2290
85.396342,27.55469,2290
85.396341,27.55469,2290
85.396341,27.554689,2290
85.396341,27.554688,2290
85.396341,27.554689,2290
85.39634,27.554688,2290
85.39634,27.554687,2290
85.396339,27.554687,2290
85.39634,27.554684,2290
85.396339,27.554682,2290
85.396339,27.55468,2290
85.396339,27.554679,2290
85.396339,27.554677,2290
85.39634,27.554677,2290
85.396341,27.554676,2290
85.39634,27.554676,2290
85.39634,27.554675,2290
85.396339,27.554674,2290
85.396338,27.554674,2290
85.396337,27.554674,2290
85.396336,27.554674,2290
85.396336,27.554673,2290
85.396337,27.554673,2290
85.396336,27.554672,2290
85.396336,27.554671,2290
85.396336,27.55467,2290
85.396336,27.554669,2290
85.396336,27.554668,2290
85.396336,27.554666,2290
85.396335,27.554665,2290
85.396335,27.554664,2290
85.396334,27.554665,2290
85.396334,27.554664,2290
85.396334,27.554663,2290
85.396334,27.554664,2290
85.396334,27.554665,2290
85.396335,27.554665,2290
85.396336,27.554665,2290
85.396336,27.554666,2290
85.396336,27.554667,2290
85.396336,27.554668,2290
85.396335,27.554668,2290
85.396334,27.554668,2290
85.396334,27.554669,2290
85.396334,27.55467,2290
85.396335,27.55467,2290
85.396334,27.55467,2290
85.396335,27.55467,2290
85.396336,27.55467,2290
85.396336,27.554669,2290
85.396336,27.554668,2290
85.396336,27.554669,2290
85.396336,27.55467,2290
85.396336,27.554671,2290
85.396336,27.55467,2290
85.396335,27.55467,2290
85.396334,27.55467,2290
85.396334,27.554671,2290
85.396334,27.554672,2290
85.396335,27.554672,2290
85.396334,27.554672,2290
85.396334,27.554673,2290
85.396334,27.554674,2290
85.396334,27.554675,2290
85.396334,27.554676,2290
85.396335,27.554676,2290
85.396336,27.554676,2290
85.396337,27.554676,2290
85.396338,27.554676,2290
85.396339,27.554676,2290
85.39634,27.554676,2290
85.396341,27.554676,2290
85.396341,27.554677,2290
85.396341,27.554678,2290
85.396342,27.554678,2290
85.396343,27.554678,2290
85.396343,27.554679,2290
85.396343,27.55468,2290
85.396343,27.554681,2290
85.396344,27.554681,2290
85.396344,27.554682,2290
85.396344,27.554683,2290
85.396344,27.554684,2290
85.396345,27.554684,2290
85.396344,27.554684,2290
85.396343,27.554685,2290
85.396344,27.554685,2290
85.396345,27.554686,2290
85.396346,27.554687,2290
85.396347,27.554688,2290
85.396348,27.554689,2290
85.396348,27.55469,2290
85.396349,27.55469,2290
85.396349,27.554691,2290
85.39635,27.554692,2290
85.39635,27.554693,2291
85.396351,27.554695,2291
85.396352,27.554695,2291
85.396351,27.554696,2291
85.396351,27.554695,2291
85.396351,27.554694,2291
85.396351,27.554693,2291
85.396351,27.554692,2291
85.396352,27.554691,2291
85.396353,27.554691,2291
85.396354,27.55469,2291
85.396355,27.55469,2291
85.396356,27.55469,2291
85.396358,27.554691,2291
85.39636,27.554693,2291
85.396364,27.554697,2291
85.396367,27.554702,2291
85.39637,27.554707,2291
85.396372,27.554715,2291
85.396372,27.554723,2291
85.396372,27.554732,2291
85.396373,27.554742,2291
85.396375,27.554751,2292
85.39638,27.554761,2292
85.396388,27.554769,2292
85.396396,27.554778,2292
85.396405,27.554786,2292
85.396413,27.554795,2292
85.396419,27.554805,2292
85.396426,27.554815,2292
85.396433,27.554825,2293
85.396442,27.554835,2293
85.396451,27.554845,2293
85.396461,27.554854,2293
85.396469,27.554863,2293
85.396477,27.554873,2293
85.396485,27.554881,2293
85.396493,27.554889,2293
85.396502,27.554897,2293
85.396511,27.554905,2293
85.396519,27.554915,2294
85.396526,27.554924,2294
85.396533,27.554933,2294
85.39654,27.554943,2294
85.396547,27.554952,2294
85.396555,27.554961,2294
85.396563,27.554971,2294
85.396571,27.55498,2294
85.396579,27.554989,2294
85.396588,27.554996,2294
85.396598,27.555003,2294
85.396608,27.555008,2295
85.396618,27.555013,2295
85.396626,27.555017,2295
85.396632,27.55502,2295
85.396637,27.555022,2295
85.396638,27.555023,2295
85.396638,27.555024,2295
85.396637,27.555024,2295
85.396638,27.555024,2295
85.396637,27.555024,2295
85.396637,27.555025,2295
85.396637,27.555026,2295
85.396636,27.555026,2295
85.396635,27.555026,2295
85.396635,27.555027,2295
85.396634,27.555026,2295
85.396635,27.555026,2295
85.396635,27.555025,2295
85.396635,27.555026,2295
85.396635,27.555027,2295
85.396635,27.555028,2295
85.396635,27.555029,2295
85.396634,27.555029,2295
85.396635,27.55503,2295
85.396635,27.555031,2295
85.396634,27.555031,2295
85.396633,27.55503,2295
85.396632,27.555029,2294
85.396633,27.555029,2294
85.396634,27.555028,2294
85.396635,27.555027,2294
85.396636,27.555025,2294
85.396638,27.555024,2295
85.396641,27.555022,2295
85.396644,27.555022,2295
85.396649,27.555022,2295
85.396656,27.555022,2295
85.396667,27.555021,2295
85.396678,27.555025,2295
85.396687,27.555028,2295
85.396695,27.555031,2295
85.3967,27.555034,2295
85.396702,27.555034,2295
85.396703,27.555034,2295
85.396704,27.555034,2295
85.396704,27.555035,2295
85.396703,27.555036,2295
85.396703,27.555037,2295
85.396703,27.555036,2295
85.396702,27.555036,2295
85.396701,27.555036,2295
85.396699,27.555037,2295
85.396698,27.555038,2295
85.396698,27.55504,2295
85.396701,27.55504,2295
85.396704,27.55504,2295
85.396709,27.55504,2295
85.396711,27.555039,2295
85.396711,27.55504,2295
85.396712,27.55504,2295
85.396713,27.55504,2295
85.396712,27.555039,2295
85.396713,27.555039,2295
85.396712,27.555039,2295
85.396713,27.555039,2295
85.396714,27.555039,2295
85.396714,27.55504,2295
85.396714,27.555041,2295
85.396713,27.555041,2295
85.396712,27.555041,2295
85.396713,27.555041,2295
85.396714,27.555041,2295
85.396714,27.555042,2295
85.396714,27.555043,2295
85.396714,27.555044,2295
85.396715,27.555044,2295
85.396714,27.555044,2295
85.396714,27.555045,2295
85.396715,27.555045,2295
85.396716,27.555046,2295
85.396716,27.555047,2295
85.396716,27.555048,2295
85.396716,27.555049,2295
85.396716,27.55505,2295
85.396716,27.555051,2295
85.396715,27.555051,2295
85.396714,27.555051,2295
85.396713,27.555051,2295
85.396712,27.555051,2295
85.396712,27.555052,2295
85.396713,27.555052,2295
85.396712,27.555052,2295
85.396712,27.555051,2295
85.396712,27.55505,2295
85.396712,27.555049,2295
85.396713,27.555049,2295
85.396714,27.555049,2295
85.396715,27.555049,2295
85.396716,27.555049,2295
85.396717,27.555049,2295
85.396718,27.555048,2295
85.396719,27.555048,2295
85.39672,27.555049,2295
85.396721,27.555049,2295
85.396723,27.555049,2295
85.396723,27.555048,2295
85.396724,27.555049,2295
85.396723,27.555049,2295
85.396723,27.555048,2295
85.396723,27.555047,2295
85.396724,27.555047,2295
85.396723,27.555047,2295
85.396723,27.555046,2295
85.396722,27.555047,2295
85.396721,27.555047,2295
85.39672,27.555047,2295
85.396719,27.555047,2295
85.396718,27.555047,2295
85.396718,27.555048,2295
85.396718,27.555049,2295
85.396718,27.55505,2295
85.396717,27.55505,2295
85.396718,27.555051,2295
85.396719,27.555051,2295
85.396719,27.555052,2295
85.39672,27.555052,2295
85.396721,27.555052,2295
85.396722,27.555051,2295
85.396722,27.555052,2295
85.396723,27.555052,2295
85.396723,27.555051,2295
85.396724,27.555051,2295
85.396726,27.555052,2295
85.396727,27.555053,2295
85.396729,27.555055,2295
85.39673,27.555058,2295
85.396731,27.555059,2295
85.396731,27.55506,2295
85.396731,27.555061,2295
85.396732,27.555062,2295
85.396731,27.555062,2295
85.396731,27.555063,2295
85.396731,27.555062,2295
85.396732,27.555062,2295
85.396732,27.55506,2295
85.396734,27.555058,2295
85.396735,27.555057,2295
85.396735,27.555056,2295
85.396735,27.555055,2295
85.396735,27.555056,2295
85.396734,27.555056,2295
85.396735,27.555056,2295
85.396734,27.555056,2295
85.396735,27.555057,2295
85.396736,27.555058,2295
85.396737,27.555058,2295
85.396737,27.555059,2295
85.396739,27.55506,2295
85.396741,27.555062,2295
85.396743,27.555064,2295
85.396746,27.555067,2295
85.396748,27.555072,2295
85.396751,27.555078,2295
85.396754,27.555084,2295
85.396755,27.555089,2295
85.396755,27.555092,2295
85.396755,27.555093,2295
85.396756,27.555093,2295
85.396756,27.555094,2295
85.396757,27.555094,2295
85.396758,27.555095,2295
85.396759,27.555094,2295
85.396761,27.555094,2295
85.396765,27.555093,2295
85.396769,27.555091,2295
85.396773,27.55509,2295
85.396777,27.55509,2295
85.396781,27.555091,2295
85.396785,27.555092,2295
85.39679,27.555095,2295
85.396792,27.5551,2295
85.396795,27.555105,2295
85.396797,27.555111,2295
85.396798,27.555114,2295
85.396798,27.555116,2295
85.396798,27.555117,2295
85.396798,27.555118,2295
85.396797,27.555119,2295
85.396797,27.55512,2295
85.396798,27.555121,2295
85.396799,27.555122,2295
85.396799,27.555121,2295
85.396799,27.55512,2295
85.396799,27.555119,2295
85.396799,27.555118,2295
85.3968,27.555119,2295
85.396802,27.555122,2295
85.396804,27.555125,2295
85.396805,27.555131,2295
85.396806,27.55514,2295
85.396808,27.555149,2295
85.396811,27.555159,2295
85.396813,27.555168,2295
85.396816,27.555178,2295
85.396821,27.555188,2295
85.396828,27.555197,2295
85.396835,27.555207,2295
85.396837,27.555217,2295
85.396838,27.555227,2295
85.39684,27.555236,2295
85.396841,27.555246,2295
85.396843,27.555255,2295
85.396845,27.555264,2295
85.396847,27.555274,2295
85.396849,27.555282,2295
85.396851,27.555291,2295
85.396853,27.5553,2295
85.396856,27.555309,2295
85.396861,27.555317,2295
85.396868,27.555325,2295
85.396875,27.555334,2295
85.396882,27.555342,2295
85.39689,27.55535,2295
85.396899,27.555357,2295
85.39691,27.555362,2295
85.396921,27.555366,2296
85.396932,27.55537,2296
85.396943,27.555373,2296
85.396954,27.555377,2296
85.396966,27.555381,2296
85.396978,27.555384,2296
85.396989,27.555387,2296
85.397001,27.555391,2296
85.397013,27.555394,2296
85.397024,27.555397,2296
85.397036,27.5554,2296
85.397048,27.555403,2296
85.397061,27.555405,2296
85.397072,27.555407,2296
85.397082,27.55541,2296
85.397091,27.555411,2296
85.3971,27.555413,2296
85.397106,27.555416,2296
85.397112,27.555419,2296
85.397117,27.555424,2296
85.397125,27.555428,2296
85.397132,27.555432,2296
85.397141,27.555435,2296
85.397149,27.555436,2296
85.397158,27.555439,2296
85.397168,27.555441,2296
85.397178,27.555445,2296
85.397187,27.555448,2296
85.397196,27.555451,2296
85.397204,27.555453,2296
85.397212,27.555456,2296
85.397219,27.555459,2296
85.397225,27.555465,2296
85.397229,27.555471,2296
85.397235,27.555476,2296
85.397242,27.555481,2296
85.39725,27.555486,2296
85.397258,27.555491,2296
85.397265,27.555496,2296
85.397273,27.555501,2296
85.397281,27.555506,2296
85.397288,27.555512,2296
85.397295,27.555516,2296
85.397301,27.55552,2296
85.397307,27.555523,2296
85.397316,27.555528,2296
85.397326,27.555532,2296
85.397336,27.555536,2296
85.397347,27.55554,2296
85.397358,27.555544,2296
85.397369,27.555548,2296
85.39738,27.555553,2296
85.397391,27.555557,2296
85.397402,27.55556,2296
85.397413,27.555564,2296
85.397424,27.555567,2296
85.397433,27.555569,2296
85.397443,27.55557,2296
85.397452,27.555573,2296
85.397462,27.555576,2296
85.397471,27.555579,2296
85.39748,27.555581,2296
85.397488,27.555583,2296
85.397495,27.555585,2296
85.3975,27.55559,2296
85.397505,27.555594,2296
85.397511,27.555598,2296
85.397517,27.555601,2296
85.397524,27.555603,2296
85.397531,27.555606,2296
85.397538,27.555608,2296
85.397546,27.555609,2296
85.397556,27.555609,2296
85.397564,27.555609,2296
85.397572,27.55561,2296
85.397579,27.55561,2295
85.397587,27.555611,2295
85.397592,27.555613,2295
85.397598,27.555614,2295
85.397606,27.555615,2295
85.397615,27.555616,2295
85.397625,27.555616,2295
85.397635,27.555617,2294
85.397644,27.555618,2294
85.397654,27.555619,2294
85.397665,27.555621,2294
85.397675,27.555623,2294
85.397683,27.555626,2294
85.397691,27.55563,2294
85.397697,27.555635,2293
85.397704,27.555639,2293
85.397712,27.555643,2293
85.39772,27.555648,2293
85.397726,27.555653,2293
85.397732,27.555657,2293
85.397739,27.555662,2293
85.397745,27.555666,2292
85.397749,27.555671,2292
85.397753,27.555675,2292
85.397758,27.555678,2292
85.397765,27.555681,2292
85.397772,27.555685,2292
85.397779,27.55569,2292
85.397785,27.555694,2292
85.397793,27.555699,2292
85.3978,27.555705,2292
85.397808,27.55571,2292
85.397817,27.555715,2292
85.397825,27.55572,2292
85.397834,27.555725,2292
85.397844,27.555729,2292
85.397855,27.555732,2292
85.397865,27.555736,2292
85.397873,27.555738,2292
85.397883,27.555739,2292
85.397893,27.555739,2292
85.397904,27.55574,2292
85.397914,27.555741,2292
85.397926,27.555741,2292
85.397938,27.555741,2292
85.39795,27.55574,2292
85.397962,27.555739,2292
85.397972,27.555738,2292
85.397982,27.555736,2292
85.397992,27.555734,2292
85.398002,27.555732,2292
85.398011,27.55573,2292
85.398021,27.555728,2291
85.398031,27.555725,2291
85.39804,27.555722,2291
85.39805,27.555721,2291
85.398059,27.555719,2291
85.398068,27.555718,2291
85.398078,27.555716,2291
85.398089,27.555714,2291
85.398099,27.555713,2291
85.398111,27.555711,2291
85.398122,27.555709,2291
85.398132,27.555708,2291
85.398143,27.555708,2291
85.398154,27.555708,2291
85.398164,27.555708,2291
85.398174,27.555707,2291
85.398185,27.555706,2290
85.398197,27.555706,2290
85.398208,27.555705,2290
85.39822,27.555704,2290
85.39823,27.555704,2290
85.39824,27.555703,2290
85.39825,27.555702,2290
85.398262,27.555701,2290
85.398274,27.5557,2289
85.398284,27.555701,2289
85.398295,27.555701,2289
85.398305,27.555701,2289
85.398314,27.555702,2289
85.398324,27.555704,2289
85.398332,27.555705,2289
85.39834,27.555706,2289
85.398349,27.555706,2288
85.398358,27.555707,2288
85.398368,27.555708,2288
85.398377,27.555709,2288
85.398387,27.55571,2288
85.398397,27.555712,2288
85.398406,27.555714,2288
85.398416,27.555716,2288
85.398424,27.555718,2288
85.398433,27.55572,2288
85.398442,27.555721,2288
85.398451,27.555723,2287
85.398461,27.555727,2287
85.398469,27.555729,2287
85.398479,27.55573,2287
85.39849,27.555732,2287
85.3985,27.555734,2287
85.398509,27.555737,2287
85.398518,27.55574,2287
85.398526,27.555744,2286
85.398535,27.555748,2286
85.398544,27.555751,2286
85.398552,27.555754,2286
85.39856,27.555757,2286
85.398568,27.55576,2286
85.398578,27.555762,2286
85.398588,27.555763,2286
85.398599,27.555765,2285
85.398609,27.555766,2285
85.398619,27.555767,2285
85.398629,27.555768,2285
85.398637,27.55577,2285
85.398646,27.555772,2285
85.398654,27.555775,2285
85.398662,27.555777,2285
85.398671,27.555779,2284
85.398681,27.555781,2284
85.398691,27.555783,2284
85.398701,27.555785,2284
85.39871,27.555788,2284
85.398719,27.55579,2284
85.398729,27.555792,2284
85.398739,27.555793,2284
85.39875,27.555794,2284
85.39876,27.555794,2284
85.39877,27.555795,2284
85.398781,27.555796,2283
85.398792,27.555797,2283
85.398802,27.555799,2283
85.398812,27.5558,2283
85.398823,27.5558,2283
85.398835,27.5558,2283
85.398846,27.555801,2283
85.398859,27.555801,2283
85.398871,27.555801,2283
85.398884,27.5558,2283
85.398897,27.555798,2283
85.39891,27.555795,2283
85.398923,27.555793,2283
85.398936,27.55579,2283
85.398948,27.555787,2283
85.398959,27.555783,2282
85.398971,27.555779,2282
85.398983,27.555776,2282
85.398995,27.555772,2282
85.399007,27.555769,2282
85.399016,27.555765,2282
85.399022,27.555763,2282
85.399026,27.555762,2282
85.399028,27.555761,2282
85.399031,27.55576,2282
85.399032,27.55576,2282
85.399033,27.55576,2282
85.399033,27.555761,2282
85.399033,27.555762,2282
85.399034,27.555762,2282
85.399035,27.555763,2282
85.399037,27.555762,2282
85.39904,27.555761,2282
85.399045,27.55576,2282
85.399052,27.555759,2282
85.399061,27.555757,2282
85.39907,27.555754,2282
85.399079,27.555752,2282
85.39909,27.55575,2282
85.399101,27.555748,2282
85.399111,27.555746,2282
85.399122,27.555744,2283
85.399131,27.555743,2283
85.399141,27.55574,2283
85.399152,27.555736,2283
85.399162,27.555733,2283
85.399171,27.555729,2283
85.399179,27.555725,2283
85.399186,27.555721,2282
85.39919,27.555719,2282
85.399193,27.555719,2282
85.399195,27.555719,2282
85.399194,27.55572,2282
85.399193,27.555721,2282
85.399194,27.555722,2282
85.399194,27.555723,2282
85.399194,27.555722,2282
85.399195,27.555721,2282
85.399196,27.555721,2282
85.399195,27.55572,2282
85.399195,27.555719,2282
85.399195,27.555718,2282
85.399197,27.555718,2282
85.3992,27.555718,2282
85.399204,27.555717,2282
85.39921,27.555717,2282
85.399218,27.555715,2282
85.399227,27.555714,2282
85.399235,27.555714,2282
85.399244,27.555714,2282
85.399253,27.555713,2282
85.399262,27.555712,2282
85.39927,27.555711,2282
85.39928,27.55571,2282
85.39929,27.555709,2282
85.399299,27.555708,2282
85.399308,27.55571,2282
85.399317,27.555711,2282
85.399325,27.555713,2282
85.399333,27.555716,2282
85.39934,27.555717,2282
85.399347,27.555719,2282
85.399355,27.555721,2282
85.399362,27.555722,2282
85.399369,27.555724,2282
85.399376,27.555726,2282
85.399383,27.555727,2281
85.399389,27.555729,2281
85.399395,27.55573,2281
85.3994,27.555732,2281
85.399405,27.555734,2281
85.399409,27.555735,2281
85.399413,27.555736,2281
85.399414,27.555737,2281
85.399415,27.555737,2281
85.399415,27.555738,2281
85.399416,27.555739,2281
85.399416,27.55574,2281
85.399418,27.555742,2281
85.39942,27.555743,2281
85.399422,27.555744,2281
85.399425,27.555745,2281
85.399428,27.555745,2281
85.399432,27.555746,2281
85.399436,27.555748,2281
85.39944,27.555749,2281
85.399442,27.555751,2281
85.399444,27.555752,2281
85.399445,27.555752,2281
85.399446,27.555752,2281
85.399448,27.555751,2281
85.399448,27.555749,2281
85.399451,27.555748,2281
85.399454,27.555746,2280
85.399456,27.555746,2280
85.39946,27.555748,2280
85.399464,27.555749,2280
85.399471,27.555752,2280
85.399477,27.555755,2280
85.399484,27.555758,2280
85.399492,27.55576,2280
85.3995,27.555763,2280
85.399507,27.555767,2280
85.399514,27.55577,2279
85.399522,27.555774,2279
85.39953,27.555777,2279
85.399537,27.55578,2279
85.399545,27.555784,2279
85.399551,27.555788,2279
85.399557,27.555792,2279
85.399563,27.555796,2279
85.399569,27.5558,2279
85.399576,27.555804,2279
85.399583,27.555807,2278
85.39959,27.555811,2278
85.399597,27.555814,2278
85.399605,27.555816,2278
85.399614,27.555817,2278
85.399623,27.555817,2278
85.399632,27.555818,2278
85.399643,27.555818,2278
85.399652,27.555818,2278
85.399662,27.555816,2278
85.399671,27.555814,2278
85.39968,27.555812,2278
85.399689,27.555808,2277
85.399698,27.555805,2277
85.399708,27.555802,2277
85.399718,27.555799,2277
85.399728,27.555795,2277
85.399738,27.555792,2277
85.399749,27.555789,2277
85.399759,27.555788,2277
85.399769,27.555786,2277
85.399779,27.555785,2277
85.39979,27.555784,2277
85.3998,27.555783,2277
85.399811,27.555783,2276
85.399821,27.555784,2276
85.39983,27.555784,2276
85.39984,27.555784,2276
85.399848,27.555785,2276
85.399857,27.555786,2276
85.399868,27.555785,2276
85.399877,27.555786,2276
85.399884,27.555787,2275
85.399893,27.555788,2275
85.399902,27.55579,2275
85.399911,27.555792,2275
85.399919,27.555794,2275
85.399928,27.555796,2275
85.399938,27.555799,2275
85.399946,27.555801,2275
85.399954,27.555802,2275
85.399963,27.555804,2274
85.399971,27.555807,2274
85.399979,27.55581,2274
85.399987,27.555813,2274
85.399996,27.555818,2274
85.400004,27.555822,2274
85.400011,27.555826,2274
85.400019,27.555831,2274
85.400025,27.555835,2274
85.400032,27.555841,2273
85.400038,27.555846,2273
85.400045,27.555852,2273
85.400051,27.555858,2273
85.400058,27.555864,2273
85.400063,27.55587,2273
85.400069,27.555876,2273
85.400076,27.555881,2273
85.400083,27.555885,2273
85.40009,27.555889,2272
85.400096,27.555893,2272
85.400105,27.555898,2272
85.400113,27.555904,2272
85.400121,27.555909,2272
85.400129,27.555913,2272
85.400139,27.555917,2272
85.40015,27.555921,2272
85.400161,27.555925,2271
85.400172,27.555929,2271
85.400183,27.555933,2271
85.400195,27.555937,2271
85.400207,27.555939,2271
85.400217,27.55594,2271
85.400227,27.555938,2271
85.400238,27.555937,2271
85.400247,27.555936,2271
85.400256,27.555934,2271
85.400264,27.555933,2271
85.400272,27.555932,2271
85.400281,27.555931,2271
85.400291,27.55593,2271
85.400301,27.555929,2271
85.400311,27.555928,2271
85.400321,27.555928,2271
85.40033,27.555928,2271
85.400337,27.555927,2271
85.400343,27.555928,2271
85.400349,27.555928,2271
85.400354,27.555928,2271
85.400358,27.555929,2271
85.400361,27.55593,2271
85.400363,27.555931,2271
85.400364,27.555931,2271
85.400363,27.555931,2271
85.400362,27.55593,2271
85.400362,27.555929,2271
85.400361,27.555929,2271
85.40036,27.555928,2271
85.400359,27.555927,2271
85.400358,27.555926,2271
85.400357,27.555926,2271
85.400356,27.555926,2271
85.400355,27.555926,2271
85.400354,27.555926,2271
85.400353,27.555926,2271
85.400354,27.555926,2271
85.400355,27.555926,2271
85.400354,27.555925,2271
85.400353,27.555925,2271
85.400352,27.555925,2271
85.400352,27.555926,2271
85.400353,27.555926,2271
85.400354,27.555928,2271
85.400355,27.555928,2271
85.400356,27.555929,2271
85.400358,27.555929,2271
85.400361,27.555929,2271
85.400366,27.555929,2271
85.400372,27.555931,2271
85.40038,27.555932,2271
85.400387,27.555934,2271
85.400394,27.555936,2270
85.400403,27.555936,2270
85.400411,27.555936,2270
85.400419,27.555936,2270
85.400427,27.555936,2270
85.400436,27.555936,2270
85.400446,27.555934,2270
85.400458,27.555933,2270
85.40047,27.555933,2270
85.400483,27.555931,2270
85.400495,27.55593,2270
85.400507,27.555928,2270
85.400517,27.555926,2270
85.400525,27.555924,2270
85.400535,27.555922,2270
85.400545,27.55592,2270
85.400555,27.555918,2270
85.400563,27.555917,2270
85.400568,27.555918,2270
85.400571,27.555919,2270
85.400574,27.555919,2269
85.400578,27.55592,2269
85.400582,27.55592,2269
85.400587,27.55592,2269
85.400591,27.555922,2269
85.400597,27.555923,2269
85.400603,27.555924,2269
85.40061,27.555925,2269
85.400617,27.555925,2269
85.400626,27.555925,2269
85.400635,27.555925,2269
85.400645,27.555925,2269
85.400656,27.555925,2269
85.400667,27.555925,2269
85.400678,27.555925,2269
85.400689,27.555925,2269
85.400699,27.555926,2268
85.400709,27.555926,2268
85.400719,27.555927,2268
85.400729,27.555928,2268
85.400738,27.555929,2268
85.400747,27.55593,2268
85.400757,27.555932,2268
85.400766,27.555934,2268
85.400775,27.555935,2268
85.400785,27.555938,2268
85.400795,27.55594,2268
85.400804,27.555941,2268
85.400812,27.555944,2268
85.40082,27.555945,2268
85.400827,27.555946,2268
85.400834,27.555946,2268
85.40084,27.555945,2268
85.400844,27.555945,2268
85.400848,27.555945,2268
85.400852,27.555946,2268
85.400857,27.555947,2268
85.400864,27.555948,2268
85.400872,27.555951,2268
85.400881,27.555955,2268
85.400888,27.555959,2268
85.400893,27.555963,2268
85.400896,27.555967,2268
85.400901,27.555969,2268
85.400908,27.555972,2268
85.400914,27.555975,2268
85.400922,27.555979,2267
85.40093,27.555982,2267
85.400938,27.555986,2267
85.400946,27.555991,2267
85.400952,27.555995,2267
85.400959,27.555999,2267
85.400966,27.556003,2267
85.400972,27.556007,2267
85.400978,27.556013,2267
85.400981,27.556019,2267
85.400983,27.556026,2267
85.400984,27.556032,2267
85.400986,27.556039,2267
85.400987,27.556045,2267
85.400988,27.556051,2267
85.400992,27.556055,2267
85.400995,27.556059,2267
85.400997,27.556063,2266
85.400999,27.556066,2266
85.401002,27.55607,2266
85.401003,27.556073,2266
85.401005,27.556078,2266
85.401005,27.556082,2266
85.401004,27.556087,2266
85.401005,27.556087,2266
85.401006,27.556087,2266
85.401007,27.556088,2266
85.401008,27.556091,2266
85.401008,27.556094,2266
85.401006,27.556098,2266
85.401005,27.556103,2266
85.401004,27.556108,2266
85.401002,27.556112,2266
85.401001,27.556117,2266
85.401,27.556122,2266
85.400998,27.556126,2266
85.400996,27.55613,2266
85.400994,27.556133,2266
85.400994,27.556136,2266
85.400996,27.556138,2266
85.400997,27.556141,2266
85.401,27.556143,2266
85.401003,27.556146,2266
85.401006,27.556148,2266
85.401007,27.556148,2266
85.401007,27.556149,2266
85.401008,27.55615,2266
85.401009,27.55615,2266
85.40101,27.55615,2266
85.401011,27.55615,2266
85.401011,27.556151,2265
85.401015,27.556151,2265
85.401017,27.556152,2265
85.40102,27.556153,2265
85.401024,27.556156,2265
85.401026,27.556159,2265
85.401028,27.556163,2265
85.401031,27.556167,2265
85.401033,27.556172,2265
85.401035,27.556177,2265
85.401036,27.556183,2265
85.401038,27.55619,2264
85.401038,27.556197,2264
85.401038,27.556204,2264
85.401038,27.556212,2264
85.401039,27.55622,2264
85.401041,27.556227,2264
85.401041,27.556235,2264
85.401041,27.556242,2264
85.401042,27.556248,2264
85.401042,27.556254,2264
85.401042,27.55626,2263
85.401043,27.556267,2263
85.401045,27.556273,2263
85.401045,27.55628,2263
85.401046,27.556287,2263
85.401048,27.556294,2263
85.40105,27.556301,2263
85.401053,27.556307,2263
85.401055,27.556315,2263
85.401057,27.556322,2263
85.401058,27.55633,2263
85.40106,27.556339,2263
85.401064,27.556346,2263
85.401069,27.556353,2262
85.401074,27.556359,2262
85.401078,27.556365,2262
85.401081,27.556371,2262
85.401086,27.556376,2262
85.401092,27.556381,2262
85.401097,27.556386,2262
85.401102,27.55639,2262
85.401107,27.556395,2262
85.401113,27.556401,2262
85.401118,27.556406,2262
85.401123,27.556412,2262
85.401127,27.556418,2262
85.40113,27.556424,2262
85.401134,27.55643,2262
85.401137,27.556436,2261
85.401138,27.556442,2261
85.40114,27.556449,2261
85.401142,27.556455,2261
85.401142,27.556461,2261
85.401142,27.556468,2261
85.40114,27.556474,2261
85.401137,27.556481,2261
85.401133,27.556488,2261
85.401129,27.556495,2261
85.401124,27.556502,2261
85.401119,27.556508,2261
85.401113,27.556514,2261
85.401106,27.556519,2261
85.401099,27.556524,2261
85.401092,27.55653,2261
85.401085,27.556535,2261
85.401078,27.556541,2261
85.40107,27.556546,2261
85.401062,27.556552,2261
85.401054,27.556558,2261
85.401044,27.556564,2261
85.401036,27.556568,2260
85.401028,27.556573,2260
85.40102,27.556579,2260
85.401012,27.556581,2260
85.401005,27.556584,2260
85.400997,27.556588,2260
85.400989,27.556591,2260
85.400982,27.556595,2260
85.400974,27.5566,2260
85.400966,27.556604,2260
85.400958,27.556609,2260
85.40095,27.556615,2259
85.400945,27.556621,2259
85.40094,27.556627,2259
85.400935,27.556634,2259
85.400932,27.556642,2259
85.400929,27.556649,2259
85.400929,27.556657,2259
85.40093,27.556665,2259
85.40093,27.556674,2259
85.400931,27.556683,2259
85.400932,27.556692,2259
85.400933,27.5567,2259
85.400934,27.556709,2259
85.400936,27.556719,2259
85.400938,27.556727,2259
85.400941,27.556735,2258
85.400944,27.556743,2258
85.400946,27.55675,2258
85.400949,27.556757,2258
85.400953,27.556764,2258
85.400958,27.556771,2258
85.400963,27.556777,2258
85.400969,27.556782,2258
85.400975,27.556787,2258
85.400982,27.556793,2258
85.400988,27.556798,2258
85.400994,27.556802,2258
85.401001,27.556806,2258
85.401008,27.556809,2257
85.401014,27.556813,2257
85.40102,27.556818,2257
85.401025,27.556822,2257
85.40103,27.556827,2257
85.401036,27.556831,2257
85.401041,27.556836,2257
85.401048,27.55684,2257
85.401053,27.556845,2257
85.401059,27.55685,2257
85.401065,27.556855,2257
85.40107,27.556861,2256
85.401072,27.556866,2256
85.401073,27.556872,2256
85.401074,27.556878,2256
85.401076,27.556884,2256
85.401077,27.55689,2256
85.401077,27.556897,2256
85.401076,27.556904,2256
85.401076,27.556911,2256
85.401074,27.556917,2256
85.401074,27.556924,2255
85.401073,27.556931,2255
85.401071,27.556938,2255
85.401069,27.556945,2255
85.401067,27.556952,2255
85.401066,27.556959,2255
85.401064,27.556968,2255
85.401064,27.556976,2255
85.401061,27.556984,2255
85.401058,27.556992,2255
85.401054,27.556999,2254
85.40105,27.557006,2254
85.401045,27.557013,2254
85.40104,27.55702,2254
85.401035,27.557027,2254
85.40103,27.557032,2254
85.401024,27.557037,2254
85.401019,27.557043,2254
85.401014,27.557048,2254
85.401008,27.557052,2254
85.401001,27.557056,2254
85.400995,27.55706,2254
85.400989,27.557063,2253
85.400982,27.557067,2253
85.400975,27.557069,2253
85.400969,27.55707,2253
85.40096,27.557069,2253
85.400952,27.557067,2253
85.400944,27.557067,2253
85.400936,27.557064,2253
85.400927,27.557061,2253
85.400919,27.557059,2253
85.40091,27.557057,2252
85.4009,27.557055,2252
85.400891,27.557054,2252
85.400882,27.557052,2252
85.400873,27.557052,2252
85.400864,27.557052,2252
85.400855,27.557051,2252
85.400846,27.55705,2252
85.400836,27.55705,2252
85.400826,27.557052,2252
85.400818,27.557053,2251
85.400809,27.557056,2251
85.400801,27.557057,2251
85.400793,27.557058,2251
85.400785,27.55706,2251
85.400776,27.557062,2251
85.400768,27.557064,2251
85.40076,27.557065,2251
85.400751,27.557065,2251
85.400742,27.557066,2251
85.400733,27.557066,2251
85.400725,27.557066,2251
85.400717,27.557067,2251
85.400708,27.557068,2250
85.400698,27.557068,2250
85.400688,27.557069,2250
85.400678,27.557071,2250
85.400668,27.557072,2250
85.400658,27.557073,2250
85.400648,27.557075,2250
85.400639,27.557076,2250
85.400629,27.557076,2250
85.40062,27.557076,2250
85.400611,27.557077,2250
85.400601,27.557078,2250
85.400593,27.557079,2250
85.400586,27.557081,2250
85.400581,27.557082,2250
85.400576,27.557084,2250
85.400573,27.557085,2250
85.400572,27.557087,2250
85.400571,27.557087,2250
85.400572,27.557087,2250
85.400572,27.557088,2250
85.400573,27.557087,2250
85.400573,27.557088,2250
85.400574,27.557087,2250
85.400575,27.557087,2250
85.400576,27.557087,2250
85.400577,27.557087,2250
85.400578,27.557087,2250
85.400578,27.557088,2250
85.400578,27.557089,2250
85.400578,27.55709,2250
85.400579,27.55709,2250
85.40058,27.55709,2250
85.40058,27.557091,2250
85.40058,27.557092,2250
85.40058,27.557093,2250
85.40058,27.557094,2250
85.400581,27.557094,2250
85.40058,27.557094,2250
85.400581,27.557094,2250
85.400582,27.557094,2250
85.400582,27.557095,2250
85.400582,27.557096,2250
85.400582,27.557097,2250
85.400582,27.557098,2250
85.400582,27.557099,2250
85.400582,27.5571,2250
85.400581,27.5571,2250
85.400581,27.557101,2250
85.400582,27.557101,2250
85.400582,27.557102,2250
85.400583,27.557102,2250
85.400584,27.557101,2250
85.400584,27.5571,2250
85.400584,27.557099,2250
85.400584,27.557097,2250
85.400584,27.557095,2250
85.400584,27.557092,2250
85.400584,27.557089,2250
85.400584,27.557087,2250
85.400585,27.557087,2250
85.400585,27.557086,2250
85.400586,27.557086,2250
85.400586,27.557085,2250
85.400587,27.557086,2250
85.400587,27.557087,2250
85.400589,27.557086,2250
85.40059,27.557086,2250
85.400592,27.557086,2250
85.400594,27.557085,2250
85.400596,27.557084,2250
85.400598,27.557083,2250
85.400599,27.557083,2250
85.4006,27.557082,2250
85.400601,27.557082,2250
85.400601,27.557083,2250
85.400602,27.557082,2250
85.400601,27.557082,2250
85.400602,27.557082,2250
85.400601,27.557083,2250
85.400602,27.557084,2250
85.400602,27.557085,2250
85.400601,27.557085,2250
85.4006,27.557085,2250
85.4006,27.557086,2250
85.400601,27.557085,2250
85.400601,27.557086,2250
85.400601,27.557087,2250
85.400602,27.557087,2250
85.400603,27.557087,2250
85.400603,27.557088,2250
85.400604,27.557088,2250
85.400605,27.557088,2250
85.400606,27.55709,2250
85.400604,27.55709,2250
85.400603,27.55709,2250
85.400604,27.55709,2250
85.400605,27.55709,2250
85.400605,27.557091,2250
85.400606,27.557092,2250
85.400607,27.557092,2250
85.400608,27.557092,2250
85.400609,27.557093,2249
85.400609,27.557094,2249
85.400608,27.557094,2249
85.400608,27.557095,2249
85.400608,27.557096,2249
85.400607,27.557096,2249
85.400605,27.557097,2249
85.400603,27.557099,2249
85.4006,27.5571,2249
85.400596,27.557101,2249
85.40059,27.557102,2249
85.400584,27.557103,2249
85.400576,27.557105,2248
85.400569,27.557107,2248
85.400562,27.55711,2248
85.400555,27.557113,2248
85.400548,27.557117,2248
85.40054,27.55712,2248
85.400532,27.557123,2248
85.400524,27.557127,2248
85.400517,27.557131,2248
85.400511,27.557134,2248
85.400504,27.557139,2247
85.400497,27.557144,2247
85.40049,27.557147,2247
85.400482,27.557151,2247
85.400475,27.557155,2247
85.400468,27.557159,2247
85.40046,27.557163,2247
85.400453,27.557166,2247
85.400445,27.557169,2247
85.400438,27.557172,2247
85.400431,27.557175,2247
85.400423,27.557178,2247
85.400415,27.557179,2247
85.400406,27.557181,2246
85.400397,27.557183,2246
85.400388,27.557183,2246
85.400379,27.557185,2246
85.40037,27.557185,2246
85.40036,27.557185,2246
85.400351,27.557186,2246
85.400343,27.557186,2246
85.400335,27.557186,2246
85.400327,27.557185,2246
85.400319,27.557184,2246
85.400312,27.557184,2246
85.400304,27.557183,2245
85.400296,27.557182,2245
85.400289,27.557181,2245
85.400281,27.55718,2245
85.400274,27.557178,2245
85.400266,27.557177,2245
85.400259,27.557175,2245
85.400251,27.557173,2245
85.400244,27.557172,2245
85.400236,27.557172,2245
85.400228,27.557172,2245
85.400221,27.557172,2244
85.400213,27.557171,2244
85.400204,27.557171,2244
85.400196,27.557171,2244
85.400186,27.557171,2244
85.400176,27.557171,2244
85.400167,27.557172,2244
85.400157,27.557173,2244
85.400148,27.557174,2244
85.400139,27.557175,2244
85.40013,27.557178,2243
85.400121,27.557181,2243
85.400113,27.557185,2243
85.400104,27.557189,2243
85.400095,27.557193,2243
85.400087,27.557197,2243
85.400078,27.557201,2243
85.40007,27.557206,2243
85.400061,27.557211,2243
85.400053,27.557216,2243
85.400044,27.557221,2243
85.400035,27.557226,2242
85.400027,27.557232,2242
85.400019,27.557238,2242
85.400011,27.557243,2242
85.400003,27.557249,2242
85.399996,27.557256,2242
85.399988,27.557264,2242
85.399981,27.557272,2242
85.399973,27.557279,2242
85.399965,27.557286,2242
85.399956,27.557293,2241
85.39995,27.557299,2241
85.399943,27.557306,2241
85.399937,27.557313,2241
85.399931,27.557319,2241
85.399924,27.557325,2241
85.399917,27.557332,2241
85.399911,27.557338,2241
85.399905,27.557345,2241
85.399899,27.557352,2241
85.399896,27.557359,2241
85.399893,27.557366,2241
85.399889,27.557373,2241
85.399886,27.55738,2241
85.399882,27.557387,2241
85.399879,27.557395,2241
85.399875,27.557401,2241
85.399871,27.557408,2241
85.399869,27.557414,2240
85.399867,27.55742,2240
85.399866,27.557426,2240
85.399865,27.557431,2240
85.399863,27.557437,2240
85.399861,27.557443,2240
85.399858,27.557448,2240
85.399856,27.557453,2240
85.399853,27.557458,2240
85.399849,27.557462,2240
85.399845,27.557466,2240
85.399842,27.55747,2240
85.399838,27.557473,2240
85.399835,27.557476,2239
85.399832,27.557479,2239
85.399829,27.557481,2239
85.399825,27.557484,2239
85.399821,27.557486,2239
85.399818,27.557488,2239
85.399814,27.557491,2239
85.399811,27.557492,2239
85.399807,27.557493,2239
85.399804,27.557494,2239
85.3998,27.557495,2239
85.399797,27.557495,2239
85.399796,27.557495,2239
85.399796,27.557496,2239
85.399795,27.557496,2239
85.399795,27.557495,2239
85.399795,27.557496,2239
85.399795,27.557495,2239
85.399795,27.557496,2239
85.399795,27.557497,2239
85.399796,27.557497,2239
85.399797,27.557497,2239
85.399797,27.557498,2239
85.399798,27.557498,2239
85.399798,27.557499,2239
85.399799,27.557499,2239
85.399798,27.5575,2239
85.399798,27.557502,2239
85.399795,27.557505,2239
85.399794,27.557509,2239
85.399792,27.557513,2239
85.399789,27.557518,2238
85.399786,27.557523,2238
85.39978,27.557528,2238
85.399775,27.557534,2238
85.39977,27.557539,2238
85.399764,27.557543,2238
85.399758,27.557547,2238
85.399751,27.55755,2238
85.399744,27.557553,2238
85.399738,27.557556,2237
85.399731,27.557559,2237
85.399725,27.557563,2237
85.399718,27.557568,2237
85.399712,27.557573,2237
85.399705,27.557577,2237
85.399699,27.55758,2237
85.399692,27.557585,2237
85.399685,27.557591,2237
85.399678,27.557596,2237
85.399671,27.557601,2237
85.399665,27.557607,2237
85.399659,27.557611,2237
85.399654,27.557616,2237
85.399649,27.557619,2237
85.399647,27.557621,2237
85.399647,27.557622,2237
85.399647,27.557623,2237
85.399648,27.557623,2237
85.399647,27.557623,2237
85.399648,27.557623,2237
85.399648,27.557624,2237
85.399648,27.557625,2237
85.399648,27.557626,2237
85.399647,27.557627,2237
85.399647,27.557628,2237
85.399647,27.557629,2237
85.399647,27.55763,2236
85.399648,27.557631,2236
85.399649,27.557631,2236
85.39965,27.557633,2236
85.399651,27.557635,2236
85.399651,27.557637,2236
85.399652,27.55764,2236
85.399653,27.557644,2236
85.399653,27.557648,2236
85.399651,27.557654,2236
85.399647,27.557661,2236
85.39964,27.557666,2236
85.399632,27.557671,2236
85.399623,27.557677,2236
85.399615,27.557682,2235
85.399606,27.557687,2235
85.399598,27.557693,2235
85.399589,27.557697,2235
85.399581,27.557702,2235
85.399573,27.557706,2235
85.399566,27.55771,2235
85.399559,27.557714,2235
85.399552,27.557718,2234
85.399546,27.557721,2234
85.399539,27.557725,2234
85.399532,27.557729,2234
85.399525,27.557732,2234
85.399518,27.557736,2234
85.399511,27.557739,2234
85.399504,27.557742,2234
85.399498,27.557745,2233
85.399493,27.55775,2233
85.399489,27.557755,2233
85.399486,27.557759,2233
85.399484,27.557762,2233
85.399481,27.557764,2233
85.399479,27.557768,2233
85.399475,27.557771,2233
85.399471,27.557775,2233
85.399467,27.55778,2233
85.399462,27.557785,2232
85.399456,27.557791,2232
85.399452,27.557796,2232
85.39945,27.557803,2232
85.399447,27.55781,2232
85.399445,27.557817,2232
85.399443,27.557824,2232
85.399441,27.557832,2232
85.399438,27.55784,2232
85.399434,27.557848,2232
85.39943,27.557856,2232
85.399427,27.557863,2231
85.399424,27.55787,2231
85.399422,27.557877,2231
85.399424,27.557884,2231
85.399425,27.557891,2231
85.399424,27.557898,2231
85.399423,27.557904,2231
85.399421,27.557911,2231
85.399419,27.557918,2231
85.399415,27.557925,2231
85.399411,27.557933,2231
85.399409,27.55794,2231
85.399408,27.557947,2231
85.399409,27.557955,2230
85.39941,27.557963,2230
85.39941,27.557971,2230
85.399412,27.55798,2230
85.399414,27.557988,2230
85.399414,27.557997,2230
85.399413,27.558005,2230
85.399412,27.558013,2230
85.399411,27.558022,2230
85.399411,27.55803,2230
85.399412,27.558039,2230
85.399412,27.558047,2230
85.399411,27.558056,2230
85.399411,27.558064,2230
85.399412,27.558072,2230
85.399413,27.55808,2230
85.399413,27.558088,2230
85.399412,27.558096,2230
85.399414,27.558104,2230
85.399417,27.558111,2229
85.399421,27.558118,2229
85.399425,27.558126,2229
85.399429,27.558133,2229
85.399433,27.55814,2229
85.399437,27.558145,2229
85.399442,27.558151,2229
85.399447,27.558156,2229
85.399452,27.558162,2229
85.399456,27.558169,2229
85.399463,27.558175,2229
85.399469,27.55818,2228
85.399476,27.558186,2228
85.399482,27.558192,2228
85.39949,27.558199,2228
85.399497,27.558204,2228
85.399504,27.55821,2228
85.399512,27.558214,2228
85.399522,27.558219,2228
85.39953,27.558222,2228
85.39954,27.558225,2228
85.399551,27.558228,2228
85.39956,27.558231,2228
85.39957,27.558234,2227
85.399579,27.558236,2227
85.39959,27.558238,2227
85.399599,27.55824,2227
85.399608,27.558242,2227
85.399618,27.558244,2227
85.399627,27.558245,2227
85.399637,27.558247,2227
85.399646,27.558247,2227
85.399656,27.558248,2227
85.399667,27.558249,2227
85.399678,27.558249,2227
85.399688,27.55825,2227
85.3997,27.55825,2227
85.399711,27.558251,2227
85.399722,27.558254,2226
85.399734,27.558256,2226
85.399745,27.558258,2226
85.399756,27.55826,2226
85.399767,27.558261,2226
85.399778,27.558263,2226
85.399789,27.558265,2226
85.399799,27.558268,2226
85.399809,27.558271,2226
85.399819,27.558274,2226
85.399828,27.558277,2226
85.399837,27.558281,2226
85.399846,27.558284,2226
85.399855,27.558288,2226
85.399864,27.558292,2226
85.399873,27.558296,2226
85.399882,27.558299,2226
85.399891,27.558303,2226
85.3999,27.558307,2226
85.399911,27.558313,2226
85.399921,27.558319,2226
85.399931,27.558325,2225
85.399942,27.558332,2225
85.399953,27.558339,2225
85.39996,27.558346,2225
85.399968,27.558353,2225
85.399975,27.558361,2225
85.399982,27.558367,2225
85.39999,27.558373,2225
85.399996,27.558377,2225
85.400003,27.558382,2225
85.400009,27.558387,2225
85.400016,27.55839,2225
85.400022,27.558394,2225
85.400029,27.558399,2225
85.400034,27.558403,2225
85.400037,27.558406,2225
85.400041,27.558408,2225
85.400044,27.558409,2225
85.400049,27.55841,2224
85.400053,27.55841,2224
85.400057,27.558411,2224
85.40006,27.558411,2224
85.400062,27.558411,2224
85.400067,27.558412,2224
85.400071,27.558412,2224
85.400075,27.558412,2224
85.400079,27.558412,2224
85.40008,27.558411,2224
85.400082,27.55841,2224
85.400089,27.558409,2224
85.400094,27.55841,2224
85.400102,27.55841,2224
85.400112,27.558411,2224
85.400122,27.558411,2224
85.400134,27.558411,2224
85.400147,27.558411,2224
85.40016,27.55841,2224
85.400172,27.558409,2224
85.400184,27.558409,2224
85.400195,27.558408,2224
85.400206,27.558408,2224
85.400218,27.558408,2224
85.40023,27.558408,2224
85.400242,27.558408,2223
85.400253,27.558409,2223
85.400263,27.558411,2223
85.400272,27.558414,2223
85.400282,27.558417,2223
85.400291,27.558421,2223
85.400301,27.558424,2223
85.40031,27.558428,2223
85.400318,27.558432,2223
85.400327,27.558436,2223
85.400333,27.558442,2223
85.400339,27.558446,2223
85.400346,27.558449,2223
85.400353,27.558453,2223
85.400361,27.558458,2223
85.400368,27.558463,2223
85.400375,27.558469,2223
85.400381,27.558474,2223
85.400387,27.558481,2223
85.400393,27.558487,2223
85.400399,27.558492,2223
85.400405,27.558496,2223
85.400411,27.5585,2223
85.400418,27.558505,2223
85.400425,27.558509,2223
85.400432,27.558513,2223
85.40044,27.558517,2223
85.400447,27.55852,2223
85.400456,27.558523,2223
85.400466,27.558528,2223
85.400473,27.558532,2223
85.40048,27.558535,2223
85.400485,27.558539,2223
85.400492,27.558544,2223
85.400499,27.558551,2223
85.400504,27.558556,2223
85.400509,27.558563,2223
85.400514,27.55857,2223
85.400518,27.558578,2223
85.400522,27.558586,2223
85.400526,27.558594,2223
85.40053,27.558603,2223
85.400535,27.558612,2223
85.400539,27.558619,2223
85.400543,27.558628,2223
85.400548,27.558637,2223
85.400552,27.558644,2223
85.400555,27.558652,2223
85.400557,27.558659,2223
85.400559,27.558667,2223
85.400561,27.558675,2222
85.400561,27.558683,2222
85.400562,27.558691,2222
85.400563,27.558699,2222
85.400564,27.558707,2222
85.400567,27.558716,2222
85.400568,27.558724,2222
85.400568,27.558732,2222
85.400567,27.55874,2222
85.400565,27.558747,2222
85.400564,27.558756,2222
85.400563,27.558765,2222
85.400564,27.558774,2222
85.400565,27.558783,2222
85.400566,27.558792,2222
85.400567,27.558801,2222
85.400568,27.55881,2222
85.400568,27.55882,2222
85.400567,27.558828,2222
85.400566,27.558837,2222
85.400564,27.558844,2221
85.400562,27.558853,2221
85.400559,27.558862,2221
85.400557,27.558871,2221
85.400555,27.55888,2221
85.400552,27.558889,2221
85.40055,27.558897,2221
85.400547,27.558906,2221
85.400544,27.558914,2221
85.400541,27.558922,2221
85.400539,27.55893,2221
85.400537,27.558939,2221
85.400534,27.558947,2221
85.400531,27.558955,2221
85.400528,27.558963,2221
85.400523,27.55897,2221
85.400521,27.558978,2221
85.400518,27.558987,2221
85.400518,27.558996,2221
85.400517,27.559004,2221
85.400515,27.559012,2220
85.400512,27.55902,2220
85.400508,27.559028,2220
85.400504,27.559036,2220
85.4005,27.559044,2220
85.400497,27.559052,2220
85.400494,27.55906,2220
85.400489,27.559067,2220
85.400484,27.559075,2219
85.400478,27.559081,2219
85.400473,27.559088,2219
85.400468,27.559094,2219
85.400462,27.559101,2219
85.400456,27.559107,2219
85.400451,27.559113,2219
85.400445,27.559119,2219
85.400439,27.559125,2219
85.400434,27.559131,2219
85.400429,27.559137,2219
85.400424,27.559144,2219
85.400419,27.559149,2219
85.400413,27.559156,2219
85.400406,27.559162,2219
85.400399,27.559168,2218
85.400392,27.559174,2218
85.400385,27.559181,2218
85.400379,27.559187,2218
85.400374,27.559193,2218
85.400368,27.559199,2218
85.400362,27.559205,2218
85.400356,27.559213,2218
85.400348,27.559218,2218
85.400342,27.559223,2218
85.400336,27.559229,2218
85.400328,27.559234,2218
85.400322,27.55924,2218
85.400316,27.559246,2217
85.400309,27.559252,2217
85.400302,27.559257,2217
85.400294,27.559261,2217
85.400287,27.559266,2217
85.400279,27.559271,2217
85.40027,27.559275,2217
85.400262,27.559278,2217
85.400254,27.559279,2217
85.400246,27.559279,2217
85.400238,27.559279,2217
85.40023,27.559279,2217
85.400223,27.559278,2217
85.400218,27.559276,2216
85.400213,27.559274,2216
85.40021,27.559271,2216
85.400208,27.559268,2216
85.400206,27.559266,2216
85.400204,27.559265,2216
85.400202,27.559264,2216
85.400199,27.559263,2216
85.400195,27.559263,2216
85.400188,27.559262,2216
85.40018,27.559262,2216
85.400171,27.559262,2216
85.400162,27.559262,2216
85.400154,27.559262,2215
85.400146,27.559262,2215
85.400137,27.559263,2215
85.400129,27.559264,2215
85.400121,27.559266,2215
85.400113,27.559269,2215
85.400107,27.559273,2215
85.400101,27.559278,2215
85.400095,27.559284,2215
85.40009,27.559289,2215
85.400084,27.559294,2214
85.400078,27.5593,2214
85.400072,27.559306,2214
85.400065,27.559311,2214
85.400059,27.559317,2214
85.400053,27.559321,2214
85.400048,27.559326,2214
85.400043,27.559331,2214
85.400037,27.559336,2213
85.400032,27.55934,2213
85.400026,27.559345,2213
85.400021,27.559349,2213
85.400014,27.559355,2213
85.400009,27.55936,2213
85.400003,27.559367,2213
85.399997,27.559372,2213
85.39999,27.559378,2213
85.399984,27.559383,2213
85.399979,27.559389,2213
85.399973,27.559394,2212
85.399968,27.5594,2212
85.399963,27.559406,2212
85.399959,27.559412,2212
85.399955,27.559418,2212
85.39995,27.559423,2212
85.399945,27.559429,2212
85.39994,27.559434,2212
85.399936,27.559439,2211
85.399931,27.559446,2211
85.399925,27.559453,2211
85.39992,27.559458,2211
85.399914,27.559464,2211
85.399908,27.55947,2211
85.399901,27.559474,2211
85.399894,27.559478,2211
85.399887,27.559482,2210
85.39988,27.559486,2210
85.399873,27.55949,2210
85.399865,27.559493,2210
85.399858,27.559497,2210
85.39985,27.5595,2210
85.399841,27.559502,2210
85.399833,27.559505,2209
85.399826,27.559509,2209
85.399817,27.559514,2209
85.399809,27.559517,2209
85.3998,27.559519,2209
85.399792,27.559521,2209
85.399784,27.559523,2209
85.399776,27.559525,2209
85.399767,27.559527,2209
85.399758,27.559529,2208
85.399749,27.559531,2208
85.399741,27.559532,2208
85.399733,27.559534,2208
85.399724,27.559536,2208
85.399716,27.559539,2208
85.399708,27.559542,2208
85.399701,27.559546,2208
85.399694,27.559552,2208
85.399686,27.559557,2208
85.399679,27.559563,2208
85.399672,27.559569,2207
85.399658,27.559579,2207
85.399651,27.559585,2207
85.399644,27.55959,2207
85.399637,27.559596,2207
85.399631,27.559601,2207
85.399625,27.559607,2207
85.399618,27.559613,2207
85.399612,27.559617,2207
85.399604,27.559622,2207
85.399597,27.559626,2206
85.399589,27.559631,2206
85.399581,27.559635,2206
85.399574,27.55964,2206
85.399568,27.559645,2206
85.39956,27.55965,2206
85.399552,27.559656,2206
85.399545,27.559661,2206
85.399538,27.559667,2205
85.399531,27.559673,2205
85.399524,27.559679,2205
85.399517,27.559685,2205
85.399511,27.559691,2205
85.399504,27.559697,2205
85.3995,27.559705,2205
85.399497,27.559713,2205
85.399495,27.55972,2205
85.399494,27.559728,2205
85.399493,27.559736,2205
85.399492,27.559744,2205
85.399489,27.559751,2204
85.399486,27.559758,2204
85.39948,27.559765,2204
85.399476,27.559772,2204
85.39947,27.559779,2204
85.399464,27.559787,2204
85.399459,27.559796,2204
85.399454,27.559802,2204
85.399448,27.559808,2204
85.399442,27.559813,2204
85.399438,27.55982,2204
85.399434,27.559827,2203
85.399429,27.559835,2203
85.399424,27.559841,2203
85.399418,27.559846,2203
85.399412,27.559852,2203
85.399407,27.559859,2203
85.399402,27.559864,2203
85.399396,27.55987,2203
85.399389,27.559874,2203
85.399382,27.559877,2203
85.399377,27.559883,2203
85.399371,27.559887,2203
85.399367,27.559892,2202
85.399364,27.559897,2202
85.399361,27.559903,2202
85.39936,27.559908,2202
85.399356,27.559914,2202
85.399353,27.559921,2202
85.39935,27.559929,2202
85.399347,27.559934,2202
85.399344,27.559939,2202
85.399341,27.559945,2202
85.399337,27.559951,2202
85.399333,27.559957,2201
85.399328,27.559964,2201
85.399323,27.559971,2201
85.399319,27.559977,2201
85.399316,27.559983,2201
85.399313,27.559988,2201
85.39931,27.559993,2201
85.399308,27.559998,2201
85.399306,27.560005,2200
85.399302,27.560012,2200
85.3993,27.560017,2200
85.399297,27.560023,2200
85.399295,27.560031,2200
85.399293,27.560037,2200
85.39929,27.560044,2200
85.399288,27.560051,2200
85.399285,27.560057,2200
85.399282,27.560064,2200
85.399278,27.560071,2200
85.399274,27.560078,2200
85.39927,27.560086,2199
85.399265,27.560094,2199
85.39926,27.560103,2199
85.399254,27.560112,2199
85.399249,27.560121,2199
85.399242,27.560128,2199
85.399236,27.560135,2199
85.399229,27.560141,2199
85.399223,27.560147,2199
85.399217,27.560153,2199
85.399211,27.560158,2199
85.399205,27.560165,2199
85.399199,27.560172,2199
85.399193,27.56018,2199
85.399186,27.560186,2199
85.39918,27.560191,2199
85.399174,27.560198,2199
85.399168,27.560204,2199
85.399163,27.56021,2199
85.399159,27.560216,2199
85.399153,27.560224,2198
85.399146,27.560231,2198
85.399141,27.56024,2198
85.399136,27.560248,2198
85.399131,27.560256,2198
85.399126,27.560265,2198
85.39912,27.560273,2198
85.399116,27.560281,2198
85.39911,27.560288,2198
85.399105,27.560296,2198
85.399099,27.560304,2198
85.399093,27.560312,2198
85.399087,27.560318,2198
85.399081,27.560324,2198
85.399075,27.560331,2198
85.399069,27.560338,2198
85.399063,27.560346,2198
85.399058,27.560354,2198
85.399053,27.560361,2198
85.399046,27.560369,2197
85.39904,27.560377,2197
85.399033,27.560384,2197
85.399025,27.560391,2197
85.399018,27.560399,2197
85.399013,27.560405,2197
85.399008,27.560411,2197
85.399003,27.560419,2197
85.398997,27.560426,2197
85.398991,27.560435,2197
85.398987,27.560441,2197
85.398982,27.560448,2196
85.398977,27.560454,2196
85.398972,27.560461,2196
85.398968,27.560468,2196
85.398964,27.560477,2196
85.39896,27.560485,2196
85.398954,27.560492,2196
85.398948,27.5605,2196
85.398945,27.560507,2196
85.398943,27.560513,2196
85.398941,27.560521,2196
85.398938,27.560528,2196
85.398936,27.560535,2196
85.398936,27.560542,2196
85.398937,27.560547,2196
85.398937,27.560551,2196
85.398937,27.560556,2196
85.398937,27.560558,2196
85.398937,27.560559,2196
85.398938,27.56056,2196
85.398938,27.560562,2196
85.398937,27.560564,2196
85.398937,27.560565,2196
85.398937,27.560567,2196
85.398937,27.56057,2196
85.398937,27.560573,2196
85.39894,27.560576,2196
85.398944,27.560582,2196
85.398949,27.560586,2196
85.398954,27.560591,2196
85.398961,27.560595,2196
85.398968,27.5606,2196
85.398975,27.560605,2196
85.398982,27.560611,2196
85.398988,27.560616,2196
85.398994,27.560621,2196
85.398999,27.560627,2196
85.399005,27.560633,2196
85.399012,27.56064,2196
85.39902,27.560646,2196
85.399029,27.560653,2196
85.399037,27.560659,2196
85.399045,27.560665,2196
85.399053,27.560671,2196
85.399069,27.56068,2196
85.399076,27.560685,2196
85.399083,27.560691,2196
85.399091,27.560698,2196
85.399098,27.560704,2196
85.399105,27.56071,2196
85.399113,27.560715,2196
85.39912,27.56072,2196
85.399128,27.560724,2196
85.399134,27.560728,2196
85.399141,27.560733,2196
85.399148,27.560738,2196
85.399154,27.560743,2196
85.399161,27.560748,2196
85.399168,27.560753,2196
85.399175,27.560759,2196
85.399182,27.560764,2196
85.399189,27.56077,2196
85.399195,27.560775,2196
85.399203,27.56078,2196
85.399211,27.560785,2196
85.399219,27.560789,2196
85.399228,27.560793,2196
85.399237,27.560797,2196
85.399245,27.5608,2196
85.399254,27.560804,2196
85.399262,27.560808,2196
85.39927,27.560811,2196
85.399278,27.560813,2196
85.399284,27.560815,2196
85.39929,27.560818,2196
85.399296,27.56082,2196
85.399303,27.560822,2196
85.399309,27.560823,2196
85.399313,27.560824,2196
85.399314,27.560823,2196
85.399314,27.560824,2196
85.399315,27.560824,2196
85.399315,27.560825,2196
85.399316,27.560825,2196
85.399316,27.560826,2195
85.399317,27.560828,2195
85.399317,27.56083,2195
85.399319,27.560832,2195
85.399321,27.560833,2195
85.399323,27.560835,2195
85.399327,27.560837,2195
85.399333,27.560839,2195
85.399338,27.560841,2195
85.399345,27.560844,2195
85.39935,27.560846,2195
85.399356,27.560847,2195
85.399361,27.560848,2195
85.399368,27.560847,2195
85.399375,27.560848,2195
85.39938,27.560847,2195
85.399387,27.560848,2195
85.399394,27.560849,2195
85.399402,27.56085,2195
85.39941,27.56085,2195
85.399418,27.560849,2195
85.399426,27.560848,2195
85.399434,27.560846,2195
85.399442,27.560844,2195
85.399449,27.560841,2194
85.399457,27.560837,2194
85.399466,27.560834,2194
85.399475,27.560828,2194
85.399482,27.560823,2194
85.39949,27.560818,2194
85.399498,27.560814,2194
85.399507,27.560809,2194
85.399515,27.560805,2194
85.399524,27.5608,2194
85.39953,27.560794,2194
85.399537,27.560787,2194
85.399542,27.56078,2194
85.399548,27.560774,2194
85.399554,27.560768,2194
85.399561,27.560763,2193
85.399568,27.560758,2193
85.399576,27.560753,2193
85.399584,27.560749,2193
85.399592,27.560744,2193
85.399602,27.56074,2193
85.399612,27.560735,2193
85.399622,27.56073,2193
85.399632,27.560725,2193
85.399641,27.56072,2193
85.399652,27.560716,2193
85.399662,27.560712,2193
85.399673,27.560708,2193
85.399683,27.560702,2192
85.399694,27.560697,2192
85.399704,27.560692,2192
85.399714,27.560687,2192
85.399725,27.560681,2192
85.399736,27.560677,2192
85.399749,27.560674,2192
85.399759,27.560671,2192
85.399769,27.560668,2192
85.399778,27.560666,2192
85.399787,27.560664,2192
85.399795,27.560661,2192
85.399804,27.560658,2192
85.399813,27.560656,2192
85.399823,27.560654,2191
85.399834,27.560651,2191
85.399845,27.560649,2191
85.399856,27.560646,2191
85.399867,27.560643,2191
85.399878,27.56064,2191
85.399885,27.560635,2191
85.399891,27.560631,2191
85.399898,27.560628,2191
85.399904,27.560625,2191
85.399912,27.56062,2191
85.399921,27.560616,2191
85.39993,27.560612,2191
85.399938,27.560609,2190
85.399945,27.560606,2190
85.399952,27.560603,2190
85.399958,27.560598,2190
85.399964,27.560593,2190
85.399969,27.560588,2190
85.399976,27.560584,2190
85.399983,27.56058,2190
85.39999,27.560577,2190
85.399998,27.560574,2190
85.400006,27.560571,2190
85.400015,27.560568,2190
85.400023,27.560564,2190
85.400033,27.56056,2190
85.400042,27.560556,2190
85.400052,27.560551,2190
85.400063,27.560548,2190
85.400074,27.560544,2189
85.400083,27.56054,2189
85.400092,27.560537,2189
85.400099,27.560534,2189
85.400106,27.560531,2189
85.400114,27.560528,2189
85.400122,27.560524,2189
85.400129,27.56052,2189
85.400138,27.560515,2189
85.400146,27.56051,2189
85.400156,27.560507,2189
85.400166,27.560505,2189
85.400178,27.560502,2189
85.400187,27.560499,2189
85.400196,27.560497,2189
85.400206,27.560496,2189
85.400216,27.560494,2188
85.400227,27.560492,2188
85.400235,27.560489,2188
85.400243,27.560486,2188
85.400252,27.560483,2188
85.40026,27.560479,2188
85.400268,27.560476,2188
85.400276,27.560473,2188
85.400283,27.56047,2188
85.400289,27.560467,2188
85.400296,27.560463,2188
85.400304,27.560461,2188
85.40031,27.560458,2188
85.400316,27.560456,2188
85.400323,27.560453,2188
85.400329,27.56045,2188
85.400335,27.560445,2188
85.400341,27.560441,2188
85.400348,27.560435,2188
85.400354,27.56043,2188
85.40036,27.560424,2188
85.400365,27.560417,2188
85.400371,27.560411,2188
85.400376,27.560405,2188
85.40038,27.560399,2188
85.400385,27.560393,2188
85.40039,27.560388,2188
85.400396,27.560383,2188
85.400402,27.560377,2188
85.400409,27.560372,2187
85.400415,27.560366,2187
85.400421,27.560361,2187
85.400427,27.560357,2187
85.400433,27.560352,2187
85.400439,27.560348,2187
85.400445,27.560343,2187
85.40045,27.560337,2187
85.400456,27.560332,2187
85.400463,27.560327,2187
85.400469,27.560323,2186
85.400475,27.560318,2186
85.40048,27.560314,2186
85.400486,27.56031,2186
85.400492,27.560306,2186
85.400498,27.560302,2186
85.400504,27.560297,2186
85.400511,27.560292,2186
85.400518,27.560287,2186
85.400524,27.560281,2185
85.400532,27.560277,2185
85.400539,27.560271,2185
85.400543,27.560265,2185
85.400548,27.560258,2185
85.400553,27.560252,2185
85.400556,27.560245,2185
85.400559,27.560238,2185
85.400562,27.56023,2185
85.400565,27.560222,2184
85.400569,27.560214,2184
85.400573,27.560208,2184
85.400578,27.560202,2184
85.400584,27.560195,2184
85.40059,27.560188,2184
85.400595,27.560183,2184
85.400602,27.560178,2184
85.400611,27.560172,2184
85.400619,27.560168,2184
85.400629,27.560163,2184
85.400641,27.560158,2184
85.40065,27.560152,2183
85.40066,27.560146,2183
85.400669,27.56014,2183
85.400678,27.560132,2183
85.400685,27.560124,2183
85.400692,27.560115,2183
85.400699,27.560107,2183
85.400707,27.560099,2183
85.400714,27.560092,2183
85.400722,27.560086,2183
85.400732,27.56008,2183
85.400741,27.560074,2183
85.400751,27.560067,2183
85.40076,27.560061,2182
85.40077,27.560057,2182
85.400781,27.560053,2182
85.400792,27.560051,2182
85.400804,27.560047,2182
85.400815,27.560042,2182
85.400824,27.560037,2182
85.400832,27.560032,2182
85.400838,27.560027,2182
85.400846,27.560023,2182
85.400854,27.560018,2181
85.400862,27.560014,2181
85.400868,27.56001,2181
85.400875,27.560006,2181
85.400881,27.560001,2181
85.400887,27.559996,2181
85.400896,27.559993,2181
85.400906,27.559989,2181
85.400915,27.559984,2181
85.400924,27.559979,2181
85.400931,27.559974,2181
85.400936,27.559969,2181
85.400942,27.559964,2181
85.400949,27.559958,2181
85.400957,27.559952,2181
85.400966,27.559948,2181
85.400975,27.559943,2181
85.400985,27.559939,2181
85.400993,27.559935,2181
85.401003,27.559932,2181
85.401012,27.559929,2180
85.401021,27.559925,2180
85.401031,27.55992,2180
85.401041,27.559917,2180
85.40105,27.559912,2180
85.401059,27.559907,2180
85.401067,27.559901,2180
85.401075,27.559895,2180
85.401082,27.559888,2180
85.40109,27.559882,2180
85.401098,27.559876,2180
85.401106,27.55987,2179
85.401114,27.559864,2179
85.401122,27.559858,2179
85.401129,27.55985,2179
85.401136,27.559843,2179
85.401144,27.559837,2179
85.401151,27.559831,2179
85.401159,27.559825,2179
85.401167,27.559819,2179
85.401175,27.559814,2179
85.401184,27.559809,2179
85.401192,27.559803,2178
85.401201,27.559797,2178
85.401211,27.559791,2178
85.401221,27.559785,2178
85.401229,27.559779,2178
85.401238,27.559772,2178
85.401246,27.559765,2178
85.401254,27.559758,2178
85.401262,27.559751,2178
85.401269,27.559744,2178
85.401277,27.559737,2178
85.401284,27.55973,2178
85.401292,27.559724,2178
85.401299,27.559718,2178
85.401307,27.559712,2178
85.401316,27.559708,2178
85.401324,27.559704,2178
85.401333,27.559699,2178
85.401342,27.559695,2178
85.401352,27.559692,2177
85.401363,27.559688,2177
85.401374,27.559684,2177
85.401383,27.55968,2177
85.401392,27.559675,2177
85.401401,27.55967,2177
85.401409,27.559666,2177
85.401415,27.55966,2177
85.401421,27.559654,2177
85.401427,27.559648,2177
85.401433,27.559643,2177
85.401438,27.559639,2177
85.401442,27.559634,2177
85.401446,27.55963,2177
85.401451,27.559626,2177
85.401456,27.559622,2177
85.401463,27.559619,2177
85.401469,27.559615,2177
85.401476,27.559612,2177
85.401484,27.55961,2177
85.401492,27.559604,2178
85.401501,27.559598,2178
85.40151,27.55959,2178
85.401518,27.559583,2178
85.401525,27.559576,2178
85.401531,27.559568,2178
85.401537,27.55956,2178
85.401543,27.559552,2178
85.401547,27.559543,2178
85.401551,27.559533,2178
85.401556,27.559523,2178
85.401564,27.559515,2178
85.40157,27.559506,2178
85.401576,27.559498,2178
85.401582,27.559489,2177
85.401587,27.55948,2177
85.401591,27.559471,2177
85.401595,27.559463,2177
85.401599,27.559454,2177
85.401604,27.559445,2177
85.401608,27.559437,2177
85.401612,27.55943,2177
85.401616,27.559422,2177
85.40162,27.559413,2177
85.401623,27.559405,2177
85.401624,27.559395,2177
85.401624,27.559385,2177
85.401623,27.559374,2177
85.401623,27.559363,2176
85.401622,27.559351,2176
85.401621,27.559339,2176
85.401623,27.559329,2176
85.401625,27.55932,2176
85.401628,27.559311,2176
85.401633,27.559303,2176
85.40164,27.559295,2176
85.401647,27.559288,2176
85.401654,27.55928,2176
85.40166,27.559272,2176
85.401666,27.559266,2176
85.401673,27.559258,2176
85.401681,27.559251,2176
85.401687,27.559244,2176
85.401694,27.559235,2175
85.4017,27.559227,2175
85.401705,27.559219,2175
85.401711,27.559211,2175
85.401717,27.559203,2175
85.401723,27.559195,2175
85.401729,27.559188,2175
85.401735,27.559181,2175
85.401741,27.559174,2175
85.401746,27.559168,2175
85.401752,27.559162,2175
85.401759,27.559155,2175
85.401766,27.55915,2175
85.401774,27.559144,2174
85.401782,27.55914,2174
85.40179,27.559135,2174
85.401797,27.55913,2174
85.401804,27.559125,2174
85.401812,27.55912,2174
85.40182,27.559115,2174
85.401828,27.55911,2174
85.401834,27.559105,2174
85.401839,27.559098,2174
85.401844,27.559092,2173
85.40185,27.559086,2173
85.401856,27.559078,2173
85.401863,27.559071,2173
85.40187,27.559063,2173
85.401876,27.559055,2173
85.401882,27.559047,2173
85.401888,27.559039,2173
85.401895,27.55903,2173
85.401901,27.559023,2173
85.401907,27.559016,2173
85.401913,27.559009,2172
85.401921,27.559003,2172
85.401926,27.558997,2172
85.401934,27.558992,2172
85.401942,27.558987,2172
85.40195,27.558982,2172
85.401958,27.558977,2172
85.401966,27.558972,2172
85.401973,27.558966,2172
85.40198,27.55896,2171
85.401988,27.558953,2171
85.401995,27.558946,2171
85.402003,27.558939,2171
85.402011,27.558932,2171
85.40202,27.558924,2171
85.402028,27.558917,2171
85.402037,27.558909,2171
85.402045,27.558902,2171
85.402052,27.558896,2171
85.402059,27.558889,2171
85.402066,27.558882,2170
85.402075,27.558874,2170
85.402082,27.558866,2170
85.402087,27.558858,2170
85.402093,27.558849,2170
85.402098,27.558841,2170
85.402104,27.558831,2170
85.402109,27.558821,2170
85.402115,27.558809,2170
85.402121,27.558798,2170
85.402125,27.558787,2170
85.402128,27.558777,2170
85.40213,27.558768,2170
85.402132,27.558758,2170
85.402134,27.558747,2170
85.402137,27.558735,2170
85.402138,27.558724,2169
85.40214,27.558712,2169
85.402141,27.558701,2169
85.402142,27.558691,2169
85.402143,27.55868,2169
85.402144,27.55867,2169
85.402145,27.55866,2169
85.402147,27.558649,2169
85.402148,27.55864,2169
85.402149,27.558632,2169
85.40215,27.558623,2169
85.402151,27.558614,2168
85.402152,27.558605,2168
85.402153,27.558596,2168
85.402157,27.558587,2168
85.402161,27.558579,2168
85.402165,27.558572,2168
85.40217,27.558564,2168
85.402174,27.558557,2168
85.402179,27.558548,2168
85.402182,27.558539,2168
85.402184,27.558529,2167
85.402184,27.55852,2167
85.402185,27.55851,2167
85.402187,27.558502,2167
85.40219,27.558495,2167
85.402193,27.558489,2167
85.402197,27.558485,2167
85.402199,27.558484,2167
85.402201,27.558484,2167
85.402203,27.558485,2167
85.402206,27.558484,2167
85.40221,27.558482,2167
85.402214,27.558478,2167
85.402218,27.558474,2167
85.402223,27.558469,2166
85.402228,27.558464,2166
85.402233,27.558459,2166
85.402239,27.558456,2166
85.402244,27.558452,2166
85.40225,27.558448,2166
85.402257,27.558445,2166
85.402265,27.558441,2166
85.402272,27.558437,2166
85.402279,27.558433,2166
85.402283,27.558429,2165
85.402288,27.558425,2165
85.402291,27.55842,2165
85.402296,27.558416,2165
85.402298,27.558412,2165
85.402302,27.558407,2165
85.402305,27.558402,2165
85.40231,27.558397,2165
85.402315,27.558393,2165
85.402321,27.558389,2165
85.402327,27.558385,2164
85.402333,27.558381,2164
85.402339,27.558376,2164
85.402345,27.55837,2164
85.402352,27.558364,2164
85.402358,27.558357,2164
85.402365,27.558351,2164
85.40237,27.558346,2164
85.402375,27.558341,2164
85.402379,27.558334,2164
85.402384,27.558328,2164
85.40239,27.558321,2164
85.402396,27.558315,2164
85.402401,27.558309,2164
85.402408,27.558303,2163
85.402413,27.558298,2163
85.402417,27.558293,2163
85.402421,27.558288,2163
85.402425,27.558284,2163
85.402431,27.558281,2163
85.402435,27.558275,2163
85.402439,27.55827,2163
85.402444,27.558265,2163
85.402449,27.558261,2163
85.402454,27.558255,2162
85.402457,27.55825,2162
85.40246,27.558244,2162
85.402463,27.55824,2162
85.402465,27.558234,2162
85.402467,27.558227,2162
85.402469,27.558219,2162
85.402472,27.558213,2162
85.402476,27.558205,2162
85.40248,27.558197,2162
85.402482,27.558189,2162
85.402484,27.558179,2162
85.402485,27.55817,2162
85.402486,27.558161,2162
85.402488,27.558152,2161
85.40249,27.558144,2161
85.402492,27.558137,2161
85.402495,27.55813,2161
85.402498,27.558123,2161
85.4025,27.558116,2161
85.402501,27.558108,2161
85.402503,27.558101,2161
85.402504,27.558092,2161
85.402505,27.558084,2161
85.402505,27.558076,2161
85.402506,27.558067,2161
85.402508,27.558058,2161
85.40251,27.55805,2160
85.402515,27.558042,2160
85.402522,27.558034,2160
85.402529,27.558026,2160
85.402536,27.558017,2160
85.402544,27.55801,2160
85.402551,27.558001,2160
85.402558,27.557993,2160
85.402566,27.557985,2160
85.402574,27.557976,2160
85.402581,27.557968,2160
85.402589,27.557959,2160
85.402597,27.557951,2160
85.402605,27.557943,2159
85.402615,27.557934,2159
85.402625,27.557925,2159
85.402635,27.557918,2159
85.402646,27.557909,2159
85.402655,27.5579,2159
85.402664,27.557892,2159
85.402673,27.557883,2159
85.402681,27.557876,2159
85.402689,27.55787,2159
85.402698,27.557865,2159
85.402705,27.557858,2159
85.402713,27.557851,2159
85.402722,27.557846,2159
85.402732,27.557841,2159
85.402741,27.557836,2159
85.402751,27.557832,2159
85.402762,27.557828,2159
85.402773,27.557824,2159
85.402784,27.557819,2159
85.402795,27.557815,2159
85.402807,27.557811,2159
85.402819,27.557807,2159
85.402831,27.557803,2159
85.40284,27.5578,2159
85.402849,27.557798,2158
85.402858,27.557796,2158
85.402868,27.557794,2158
85.402876,27.557794,2158
85.402884,27.557794,2158
85.402892,27.557793,2158
85.402901,27.557794,2158
85.40291,27.557795,2158
85.40292,27.557795,2158
85.40293,27.557794,2158
85.402939,27.557792,2158
85.402949,27.557788,2158
85.402958,27.557784,2157
85.402967,27.557779,2157
85.402976,27.557774,2157
85.402985,27.55777,2157
85.402993,27.557766,2157
85.403,27.55776,2157
85.403007,27.557756,2157
85.403013,27.55775,2157
85.403018,27.557745,2157
85.403025,27.557738,2157
85.40303,27.557732,2156
85.403037,27.557724,2156
85.403043,27.557719,2156
85.403052,27.557714,2156
85.403061,27.557709,2156
85.403071,27.557705,2156
85.403079,27.557699,2156
85.403089,27.557694,2156
85.403099,27.557688,2156
85.403108,27.557682,2155
85.403117,27.557676,2155
85.403127,27.557671,2155
85.403137,27.557665,2155
85.403147,27.557659,2155
85.403158,27.557655,2155
85.403168,27.557652,2155
85.403178,27.557648,2155
85.403188,27.557643,2155
85.403198,27.557639,2155
85.403207,27.557636,2155
85.403216,27.557635,2155
85.403227,27.557632,2155
85.403238,27.55763,2155
85.403248,27.557628,2154
85.403258,27.557626,2154
85.403268,27.557623,2154
85.403279,27.55762,2154
85.403289,27.557617,2154
85.403298,27.557613,2154
85.403306,27.557609,2154
85.403315,27.557604,2154
85.403325,27.557598,2154
85.403334,27.557592,2154
85.403343,27.557586,2153
85.403353,27.557581,2153
85.40336,27.557576,2153
85.403368,27.55757,2153
85.403377,27.557565,2153
85.403383,27.557559,2153
85.403391,27.557554,2153
85.403398,27.55755,2152
85.403406,27.557546,2152
85.403415,27.557543,2152
85.403423,27.55754,2152
85.403431,27.557537,2152
85.403441,27.557534,2152
85.40345,27.557531,2152
85.403461,27.557529,2152
85.403471,27.557526,2151
85.40348,27.557523,2151
85.403488,27.557519,2151
85.403497,27.557516,2151
85.403505,27.557512,2151
85.403519,27.557504,2151
85.403527,27.5575,2151
85.403533,27.557496,2151
85.403538,27.557492,2150
85.403541,27.557488,2150
85.403545,27.557484,2150
85.40355,27.55748,2150
85.403556,27.557475,2150
85.403563,27.557471,2150
85.40357,27.557465,2150
85.403576,27.557459,2150
85.403582,27.557453,2150
85.403589,27.557446,2149
85.403596,27.55744,2149
85.403604,27.557433,2149
85.40361,27.557426,2149
85.403616,27.557418,2149
85.40362,27.557409,2149
85.403626,27.5574,2149
85.403631,27.557391,2149
85.403639,27.557383,2149
85.403646,27.557377,2149
85.403654,27.557373,2148
85.403662,27.557368,2148
85.403671,27.557364,2148
85.403681,27.557361,2148
85.403689,27.557358,2148
85.4037,27.557354,2148
85.40371,27.557351,2148
85.403719,27.557349,2147
85.403729,27.557346,2147
85.403738,27.557342,2147
85.403747,27.55734,2147
85.403756,27.557337,2147
85.403765,27.557336,2147
85.403775,27.557335,2146
85.403786,27.557334,2146
85.403797,27.557334,2146
85.40381,27.557334,2146
85.403822,27.557335,2146
85.403834,27.557335,2146
85.403845,27.557335,2146
85.403857,27.557335,2146
85.403869,27.557336,2145
85.403878,27.557335,2145
85.403888,27.557333,2145
85.403897,27.557331,2145
85.403906,27.55733,2145
85.403916,27.557331,2145
85.403925,27.557332,2145
85.403934,27.557331,2145
85.403942,27.55733,2144
85.403949,27.557328,2144
85.403956,27.557327,2144
85.403963,27.557325,2144
85.403971,27.557323,2144
85.403978,27.557321,2144
85.403987,27.557319,2144
85.403996,27.557317,2144
85.404007,27.557315,2144
85.404017,27.557313,2144
85.404027,27.55731,2143
85.404038,27.557308,2143
85.40405,27.557305,2143
85.404063,27.557303,2143
85.404075,27.5573,2143
85.404087,27.557298,2143
85.404098,27.557298,2143
85.40411,27.557299,2143
85.404122,27.557299,2143
85.404133,27.557297,2143
85.404144,27.557295,2143
85.404153,27.557292,2142
85.404162,27.557288,2142
85.404171,27.557284,2142
85.404179,27.557279,2142
85.404188,27.557275,2142
85.404198,27.557271,2142
85.404208,27.557268,2142
85.404218,27.557265,2142
85.404227,27.557263,2142
85.404237,27.55726,2142
85.404245,27.557257,2142
85.404252,27.557255,2142
85.404259,27.557252,2142
85.404267,27.557252,2142
85.404273,27.557252,2142
85.404277,27.557251,2142
85.404282,27.557248,2142
85.404283,27.557247,2142
85.404284,27.557246,2142
85.404285,27.557245,2142
85.404284,27.557243,2142
85.404283,27.557242,2142
85.404282,27.557242,2142
85.40428,27.55724,2142
85.404279,27.557238,2142
85.404277,27.557233,2142
85.404278,27.557233,2142
85.404278,27.557234,2142
85.404277,27.557235,2142
85.404276,27.557236,2142
85.404275,27.557237,2142
85.404274,27.557238,2142
85.404273,27.557239,2142
85.404272,27.557239,2142
85.404273,27.557239,2142
85.404272,27.557239,2142
85.404272,27.557238,2142
85.404272,27.557239,2142
85.404272,27.557238,2142
85.404273,27.557238,2142
85.404274,27.557238,2142
85.404274,27.557239,2142
85.404275,27.557239,2142
85.404275,27.55724,2142
85.404276,27.557241,2142
85.404276,27.557242,2142
85.404277,27.557243,2142
85.404277,27.557245,2142
85.404278,27.557247,2142
85.404279,27.557248,2142
85.404279,27.557249,2142
85.404278,27.557248,2142
85.404276,27.557247,2142
85.404275,27.557247,2142
85.404275,27.557246,2142
85.404274,27.557246,2142
85.404274,27.557247,2142
85.404274,27.557248,2142
85.404275,27.557248,2142
85.404274,27.557248,2142
85.404274,27.557249,2142
85.404275,27.557249,2142
85.404276,27.55725,2142
85.404276,27.557251,2142
85.404276,27.557252,2142
85.404275,27.557252,2142
85.404274,27.557252,2142
85.404274,27.557251,2142
85.404274,27.557252,2142
85.404274,27.557253,2142
85.404274,27.557254,2142
85.404274,27.557255,2142
85.404273,27.557255,2142
85.404274,27.557257,2142
85.404275,27.557258,2142
85.404275,27.55726,2142
85.404275,27.557261,2142
85.404274,27.55726,2142
85.404274,27.557259,2142
85.404272,27.557257,2142
85.40427,27.557254,2142
85.404269,27.557251,2142
85.40427,27.557251,2142
85.404271,27.55725,2142
85.404271,27.557251,2142
85.404272,27.557251,2142
85.404273,27.557252,2142
85.404274,27.557253,2142
85.404275,27.557255,2142
85.404275,27.557256,2142
85.404276,27.557257,2142
85.404276,27.557258,2142
85.404277,27.557258,2142
85.404277,27.557257,2142
85.404278,27.557256,2142
85.404277,27.557255,2142
85.404277,27.557254,2142
85.404279,27.557253,2142
85.404281,27.557253,2142
85.404282,27.557253,2142
85.404282,27.557254,2142
85.404283,27.557255,2142
85.404285,27.557256,2142
85.404287,27.557258,2142
85.404288,27.557258,2142
85.40429,27.557258,2142
85.404292,27.557257,2142
85.404296,27.557253,2142
85.404299,27.557251,2142
85.4043,27.557251,2142
85.404301,27.557248,2142
85.404301,27.557247,2142
85.404302,27.557247,2142
85.404301,27.557247,2142
85.4043,27.557246,2142
85.404299,27.557245,2142
85.404298,27.557244,2142
85.404297,27.557244,2142
85.404297,27.557243,2142
85.404298,27.557243,2142
85.404299,27.557244,2142
85.404299,27.557243,2142
85.4043,27.557243,2142
85.404299,27.557243,2142
85.404298,27.557244,2142
85.404298,27.557243,2142
85.404298,27.557242,2142
85.404298,27.557241,2142
85.404297,27.55724,2142
85.404297,27.557238,2142
85.404296,27.557234,2142
85.404294,27.557229,2142
85.404292,27.557226,2142
85.404288,27.557222,2142
85.404284,27.557216,2142
85.404281,27.557212,2142
85.404279,27.557207,2142
85.404279,27.557204,2142
85.404282,27.557202,2141
85.404287,27.5572,2141
85.404292,27.557198,2141
85.404299,27.557197,2141
85.404305,27.557196,2141
85.404313,27.557194,2141
85.404323,27.557191,2141
85.404332,27.557189,2141
85.40434,27.557187,2141
85.404349,27.557185,2140
85.404358,27.557183,2140
85.404367,27.557181,2140
85.404377,27.557179,2140
85.404388,27.557176,2140
85.404398,27.557173,2140
85.404407,27.557173,2140
85.404416,27.557172,2140
85.404425,27.557171,2140
85.404431,27.55717,2140
85.404437,27.557169,2140
85.404443,27.557169,2140
85.404449,27.55717,2139
85.404457,27.557172,2139
85.404466,27.557174,2139
85.404477,27.557178,2139
85.404484,27.557182,2139
85.40449,27.557184,2139
85.404494,27.557187,2139
85.404498,27.557188,2139
85.404504,27.55719,2139
85.40451,27.557192,2139
85.404517,27.557194,2139
85.404523,27.557197,2139
85.40453,27.557198,2139
85.404536,27.557199,2139
85.404543,27.5572,2139
85.404551,27.557202,2139
85.404559,27.557203,2139
85.404569,27.557204,2139
85.404578,27.557204,2139
85.404588,27.557202,2138
85.404597,27.557199,2138
85.404605,27.557195,2138
85.404615,27.557193,2138
85.404624,27.557193,2138
85.404635,27.557194,2138
85.404654,27.557194,2138
85.40466,27.557194,2138
85.404667,27.557195,2138
85.404676,27.557195,2138
85.404686,27.557195,2138
85.404698,27.557195,2137
85.404708,27.557195,2137
85.404719,27.557196,2137
85.404729,27.557196,2137
85.40474,27.557196,2137
85.404749,27.557197,2137
85.404758,27.557196,2137
85.404766,27.557194,2137
85.404774,27.557192,2137
85.404782,27.557191,2137
85.404791,27.557188,2137
85.404799,27.557186,2137
85.404807,27.557184,2137
85.404819,27.557185,2137
85.404825,27.557186,2137
85.404829,27.557187,2137
85.404832,27.557188,2137
85.404834,27.557189,2137
85.404834,27.557188,2137
85.404835,27.557188,2137
85.404836,27.557187,2137
85.404837,27.557186,2137
85.404838,27.557187,2137
85.404839,27.557187,2137
85.40484,27.557187,2137
85.404841,27.557188,2137
85.404842,27.557189,2137
85.404843,27.557188,2137
85.404845,27.557187,2136
85.404847,27.557185,2136
85.404849,27.557183,2136
85.404852,27.557182,2136
85.404855,27.557181,2136
85.40486,27.55718,2136
85.404866,27.557178,2136
85.404874,27.557178,2136
85.404883,27.557177,2136
85.404892,27.557176,2136
85.404901,27.557176,2136
85.40491,27.557177,2136
85.40492,27.557179,2136
85.404931,27.557179,2136
85.404941,27.557179,2136
85.404949,27.557179,2136
85.404957,27.557179,2136
85.404964,27.557179,2135
85.404971,27.557181,2135
85.404978,27.557182,2135
85.404984,27.557184,2135
85.404992,27.557185,2135
85.405006,27.557188,2135
85.405013,27.55719,2135
85.40502,27.557191,2135
85.405026,27.557193,2135
85.405034,27.557194,2135
85.405041,27.557194,2135
85.405047,27.557194,2134
85.405053,27.557194,2134
85.40506,27.557194,2134
85.405067,27.557194,2134
85.405074,27.557196,2134
85.405086,27.557199,2134
85.405093,27.557199,2134
85.405106,27.557201,2134
85.405111,27.557202,2133
85.405121,27.557205,2133
85.405126,27.557205,2133
85.405133,27.557204,2133
85.405146,27.557203,2133
85.405153,27.557204,2133
85.405169,27.557207,2132
85.405177,27.557209,2132
85.405184,27.557212,2132
85.405192,27.557216,2132
85.405199,27.557217,2132
85.405205,27.557219,2132
85.405212,27.557221,2132
85.40522,27.557224,2132
85.405228,27.557226,2132
85.405243,27.557231,2132
85.405251,27.557235,2131
85.405259,27.55724,2131
85.405267,27.557245,2131
85.405283,27.557253,2131
85.405291,27.55726,2131
85.405299,27.557266,2131
85.405307,27.557272,2131
85.405315,27.557277,2131
85.405323,27.557282,2131
85.405338,27.557295,2131
85.405355,27.557306,2131
85.405361,27.557312,2131
85.405367,27.557317,2131
85.405374,27.557321,2131
85.405379,27.557324,2131
85.405384,27.557327,2131
85.405389,27.557329,2131
85.405394,27.557332,2130
85.405399,27.557335,2130
85.405404,27.557339,2130
85.405408,27.557343,2130
85.405412,27.557348,2130
85.405419,27.557352,2130
85.405425,27.557356,2130
85.405431,27.55736,2130
85.405437,27.557363,2130
85.405444,27.557365,2130
85.405452,27.557365,2130
85.40546,27.557366,2130
85.405468,27.557368,2130
85.405479,27.55737,2130
85.405486,27.557371,2130
85.405492,27.557373,2130
85.405498,27.557376,2129
85.405504,27.557379,2129
85.40551,27.557382,2129
85.405516,27.557386,2129
85.405523,27.557389,2129
85.405529,27.557391,2129
85.405535,27.557391,2129
85.40554,27.557393,2129
85.405547,27.557395,2129
85.405555,27.557398,2129
85.405563,27.557404,2129
85.405581,27.557416,2129
85.405589,27.557422,2129
85.405596,27.557428,2129
85.405603,27.557433,2129
85.40561,27.557436,2128
85.405618,27.557439,2128
85.405624,27.557442,2128
85.405631,27.557444,2128
85.405639,27.557447,2128
85.405657,27.557451,2128
85.405667,27.557453,2128
85.405676,27.557455,2128
85.405685,27.557457,2128
85.405694,27.557461,2128
85.405701,27.557465,2128
85.405709,27.557468,2128
85.405716,27.557472,2128
85.405724,27.557475,2127
85.405733,27.557478,2127
85.405743,27.557481,2127
85.405753,27.557485,2127
85.405763,27.557488,2127
85.405772,27.557491,2127
85.40578,27.557494,2127
85.405787,27.557497,2127
85.405795,27.557501,2127
85.405802,27.557503,2127
85.405809,27.557504,2127
85.405817,27.557505,2127
85.405825,27.557507,2127
85.405832,27.557508,2127
85.405839,27.55751,2127
85.405852,27.55751,2127
85.405858,27.557511,2127
85.405865,27.557512,2127
85.405886,27.557512,2127
85.405897,27.55751,2126
85.405915,27.557509,2126
85.405924,27.557509,2126
85.405934,27.557509,2126
85.405952,27.557509,2126
85.405961,27.55751,2126
85.405979,27.557514,2126
85.405986,27.557516,2126
85.406003,27.557519,2126
85.406012,27.557521,2125
85.406021,27.557522,2125
85.406031,27.557524,2125
85.406037,27.557526,2125
85.406044,27.557528,2125
85.406049,27.55753,2125
85.406055,27.557533,2125
85.406062,27.557537,2125
85.406068,27.557542,2125
85.406074,27.557548,2125
85.406079,27.557552,2125
85.406083,27.557554,2125
85.406087,27.557556,2125
85.406092,27.557557,2125
85.406098,27.557556,2125
85.406104,27.557555,2125
85.406115,27.557554,2124
85.406128,27.557554,2124
85.406141,27.557556,2124
85.406152,27.557557,2124
85.406163,27.557559,2124
85.406174,27.557562,2124
85.406183,27.557567,2124
85.406193,27.557571,2124
85.406203,27.557575,2124
85.406212,27.557579,2124
85.406219,27.557586,2124
85.406225,27.557595,2123
85.406229,27.557606,2123
85.406232,27.557615,2123
85.406235,27.557622,2123
85.406238,27.557628,2123
85.40624,27.557634,2123
85.40624,27.557639,2123
85.406242,27.557644,2123
85.406244,27.557649,2123
85.406244,27.55765,2123
85.406244,27.557652,2123
85.406244,27.557654,2123
85.406244,27.557656,2124
85.406244,27.557657,2123
85.406244,27.557658,2123
85.406244,27.557659,2123
85.406244,27.557661,2123
85.406245,27.557662,2123
85.406246,27.557663,2123
85.406246,27.557664,2123
85.406246,27.557665,2123
85.406245,27.557667,2123
85.406244,27.55767,2123
85.406245,27.557673,2123
85.406245,27.557674,2123
85.406246,27.557674,2123
85.406246,27.557675,2123
85.406247,27.557674,2123
85.406247,27.557675,2123
85.406248,27.557675,2123
85.406247,27.557675,2123
85.406246,27.557676,2123
85.406246,27.557677,2123
85.406247,27.557677,2123
85.406248,27.557677,2123
85.406249,27.557676,2123
85.40625,27.557674,2123
85.40625,27.557672,2123
85.406251,27.55767,2123
85.406252,27.557669,2123
85.406254,27.557669,2123
85.406255,27.557668,2123
85.406256,27.557667,2123
85.406256,27.557666,2123
85.406257,27.557666,2123
85.406257,27.557665,2123
85.406258,27.557665,2123
85.406258,27.557664,2123
85.406259,27.557663,2123
85.40626,27.557661,2123
85.406261,27.557659,2123
85.406262,27.557656,2123
85.406263,27.557653,2123
85.406263,27.55765,2123
85.406263,27.557647,2123
85.406263,27.557644,2124
85.406263,27.557642,2123
85.406265,27.557641,2123
85.406268,27.55764,2123
85.406272,27.557639,2123
85.406276,27.557637,2123
85.40628,27.557636,2123
85.406283,27.557635,2123
85.406284,27.557633,2124
85.406286,27.557632,2124
85.406288,27.55763,2124
85.40629,27.557629,2124
85.406291,27.557627,2124
85.406292,27.557625,2124
85.406293,27.557622,2124
85.406293,27.55762,2124
85.406294,27.557621,2124
85.406295,27.557624,2124
85.406294,27.557628,2124
85.406295,27.557629,2124
85.406295,27.55763,2124
85.406295,27.557629,2124
85.406294,27.557627,2124
85.406293,27.557627,2124
85.406293,27.557628,2124
85.406292,27.557628,2124
85.406292,27.557629,2124
85.406292,27.55763,2124
85.406292,27.557631,2124
85.406293,27.557631,2124
85.406293,27.557632,2124
85.406294,27.557631,2124
85.406294,27.557632,2124
85.406294,27.557631,2124
85.406295,27.557632,2123
85.406295,27.557633,2123
85.406296,27.557633,2123
85.406297,27.557636,2123
85.406298,27.557637,2123
85.406299,27.557637,2123
85.406298,27.557637,2123
85.406298,27.557638,2123
85.406297,27.557637,2123
85.406296,27.557638,2123
85.406295,27.557639,2123
85.406295,27.55764,2123
85.406295,27.557641,2123
85.406295,27.557642,2123
85.406295,27.557644,2123
85.406295,27.557646,2124
85.406295,27.557648,2123
85.406294,27.557649,2123
85.406294,27.557652,2123
85.406296,27.557653,2123
85.406298,27.55766,2123
85.4063,27.557663,2123
85.406303,27.557666,2123
85.406304,27.557669,2123
85.406307,27.557673,2123
85.40631,27.557677,2124
85.406314,27.557682,2124
85.406317,27.557685,2124
85.406319,27.557688,2124
85.40632,27.55769,2124
85.406321,27.557691,2123
85.406322,27.557693,2123
85.406323,27.557694,2123
85.406324,27.557696,2123
85.406325,27.557697,2123
85.406325,27.557698,2123
85.406325,27.557697,2123
85.406324,27.557696,2123
85.406323,27.557694,2123
85.406322,27.557691,2123
85.406321,27.557688,2123
85.40632,27.557686,2123
85.40632,27.557684,2123
85.40632,27.557682,2123
85.406319,27.557681,2123
85.40632,27.55768,2123
85.406321,27.55768,2123
85.406322,27.55768,2123
85.406322,27.557679,2123
85.406322,27.557678,2123
85.406322,27.557677,2123
85.406323,27.557677,2123
85.406324,27.557677,2123
85.406324,27.557676,2123
85.406324,27.557675,2123
85.406324,27.557673,2123
85.406324,27.557671,2123
85.406325,27.55767,2123
85.406324,27.557669,2123
85.406324,27.55767,2123
85.406323,27.55767,2123
85.406322,27.55767,2123
85.406321,27.55767,2123
85.40632,27.55767,2124
85.406317,27.557671,2124
85.406316,27.557671,2124
85.406315,27.557671,2124
85.406316,27.55767,2124
85.406317,27.557667,2123
85.406321,27.557666,2123
85.406323,27.557665,2123
85.406326,27.557665,2123
85.406332,27.557667,2123
85.406333,27.557667,2123
85.406331,27.55767,2123
85.406328,27.557671,2123
85.406322,27.557673,2123
85.406317,27.557676,2123
85.406316,27.557677,2123
85.406312,27.557677,2123
85.406305,27.557684,2123
85.406303,27.55769,2123
85.406304,27.5577,2123
85.406305,27.557711,2123
85.406304,27.557719,2123
85.406307,27.557712,2123
85.406309,27.557705,2123
85.406312,27.557698,2123
85.406315,27.557691,2123
85.406317,27.557684,2123
85.406305,27.557668,2123
85.406285,27.557657,2123
85.406283,27.557658,2123
85.406283,27.557659,2123
85.406282,27.55766,2123
85.40628,27.557661,2123
85.406279,27.557662,2123
85.406279,27.557663,2123
85.406278,27.557663,2123
85.406277,27.557663,2123
85.406275,27.557662,2123
85.406273,27.557659,2123
85.406271,27.557656,2123
85.406269,27.557652,2123
85.406267,27.557647,2123
85.406267,27.557642,2123
85.406267,27.557636,2123
85.406266,27.557631,2123
85.406266,27.557626,2123
85.406264,27.557621,2123
85.406264,27.557619,2123
85.406263,27.557617,2123
85.406262,27.557616,2123
85.406263,27.557616,2123
85.406262,27.557617,2123
85.406262,27.557619,2123
85.406261,27.55762,2123
85.406261,27.557622,2123
85.406261,27.557624,2123
85.406261,27.55763,2123
85.406261,27.557636,2123
85.40626,27.557641,2123
85.406258,27.557645,2123
85.406259,27.557649,2123
85.406259,27.55765,2123
85.406261,27.557651,2123
85.406265,27.557656,2123
85.406267,27.557659,2123
85.406263,27.557661,2123
85.406262,27.557664,2123
85.406259,27.557669,2123
85.406257,27.557671,2123
85.406254,27.557672,2123
85.406251,27.557672,2123
85.406248,27.557672,2123
85.406244,27.557673,2123
85.406242,27.557675,2123
85.406239,27.557674,2123
85.406238,27.557673,2123
85.406234,27.557672,2123
85.406233,27.557675,2123
85.406232,27.557676,2123
85.406232,27.557677,2123
85.406231,27.557677,2123
85.406231,27.557678,2123
85.40623,27.557678,2123
85.406228,27.557677,2123
85.406227,27.557677,2123
85.406226,27.557676,2123
85.406224,27.557676,2123
85.406223,27.557676,2123
85.406221,27.557677,2123
85.40622,27.557678,2123
85.406221,27.557677,2123
85.406222,27.557676,2123
85.406223,27.557675,2123
85.406223,27.557674,2123
85.406223,27.557673,2123
85.406224,27.557672,2123
85.406223,27.55767,2123
85.406223,27.557669,2123
85.406222,27.557665,2123
85.406221,27.557663,2123
85.406221,27.557661,2123
85.406223,27.55766,2123
85.406224,27.557661,2123
85.406225,27.55766,2123
85.406225,27.557658,2123
85.406225,27.557657,2123
85.406225,27.557656,2123
85.406225,27.557655,2123
85.406226,27.557653,2123
85.406226,27.557652,2123
85.406224,27.557653,2123
85.406225,27.557654,2123
85.406224,27.557654,2123
85.406224,27.557655,2123
85.406223,27.557655,2123
85.406223,27.557656,2123
85.406223,27.557658,2123
85.406222,27.55766,2123
85.406224,27.557663,2123
85.406226,27.557666,2123
85.406228,27.557668,2123
85.406232,27.557667,2123
85.406233,27.557667,2123
85.406233,27.557666,2123
85.406232,27.557665,2123
85.406231,27.557664,2123
85.406231,27.557665,2123
85.406232,27.557665,2123
85.406232,27.557666,2123
85.406231,27.557667,2123
85.40623,27.557667,2123
85.406229,27.557666,2123
85.406229,27.557665,2123
85.406227,27.557663,2123
85.406226,27.557662,2123
85.406225,27.557661,2123
85.406225,27.55766,2123
85.406226,27.557659,2123
85.406227,27.557658,2123
85.406229,27.557655,2123
85.406231,27.557652,2123
85.406232,27.55765,2123
85.406233,27.557649,2123
85.406233,27.557648,2123
85.406233,27.557649,2123
85.406233,27.557648,2123
85.406233,27.557649,2123
85.406233,27.55765,2123
85.406234,27.557651,2123
85.406233,27.557652,2123
85.406233,27.557654,2123
85.406232,27.557654,2123
85.406231,27.557654,2123
85.406232,27.557654,2123
85.406231,27.557654,2123
85.40623,27.557654,2123
85.406228,27.557654,2123
85.406227,27.557654,2123
85.406226,27.557654,2123
85.406225,27.557655,2123
85.406225,27.557656,2123
85.406225,27.557658,2123
85.406225,27.557659,2123
85.406226,27.557659,2123
85.406227,27.557658,2123
85.406226,27.557658,2123
85.406226,27.557657,2123
85.406227,27.557656,2123
85.406227,27.557657,2123
85.406227,27.557656,2123
85.406229,27.557655,2123
85.40623,27.557655,2123
85.406231,27.557654,2123
85.406233,27.557654,2123
85.406235,27.557652,2123
85.406237,27.55765,2123
85.406237,27.557647,2123
85.406237,27.557643,2123
85.406235,27.557639,2123
85.406234,27.557636,2123
85.406233,27.557635,2123
85.40623,27.557635,2123
85.406227,27.557636,2123
85.406221,27.557639,2123
85.406221,27.55764,2123
85.40622,27.557643,2123
85.406219,27.557645,2123
85.406217,27.557649,2123
85.406214,27.557654,2123
85.406211,27.557659,2123
85.406208,27.557663,2123
85.406206,27.557668,2123
85.406204,27.557672,2123
85.406202,27.557675,2123
85.4062,27.557677,2123
85.4062,27.557678,2123
85.406202,27.557677,2123
85.406204,27.557676,2123
85.406204,27.557675,2123
85.406204,27.557674,2123
85.406204,27.557672,2123
85.406205,27.55767,2123
85.406204,27.557668,2123
85.406203,27.557665,2123
85.406202,27.557662,2123
85.4062,27.55766,2123
85.4062,27.557658,2123
85.4062,27.557657,2123
85.4062,27.557654,2123
85.4062,27.557653,2123
85.4062,27.557652,2123
85.406199,27.557652,2123
85.406199,27.557651,2123
85.406198,27.557651,2123
85.406198,27.55765,2123
85.406197,27.557649,2123
85.406197,27.557648,2123
85.406197,27.557647,2123
85.406197,27.557646,2123
85.406196,27.557646,2123
85.406195,27.557645,2123
85.406195,27.557644,2123
85.406194,27.557644,2123
85.406194,27.557643,2123
85.406193,27.557643,2123
85.406193,27.557642,2123
85.406193,27.557641,2123
85.406193,27.557642,2123
85.406192,27.557641,2123
85.40619,27.557639,2123
85.40619,27.557637,2123
85.40619,27.557636,2123
85.40619,27.557635,2123
85.406191,27.557635,2123
85.406191,27.557634,2123
85.406192,27.557634,2123
85.406191,27.557634,2123
85.406192,27.557633,2123
85.406192,27.557632,2123
85.406191,27.557631,2123
85.406192,27.55763,2123
85.406192,27.557629,2123
85.406192,27.557627,2123
85.406192,27.557626,2123
85.406191,27.557623,2123
85.406186,27.557622,2123
85.406184,27.557621,2123
85.406182,27.557621,2123
85.406183,27.557621,2123
85.406187,27.557622,2123
85.406189,27.557622,2123
85.406188,27.557621,2123
85.406186,27.557622,2123
85.406185,27.557623,2123
85.406184,27.557624,2123
85.406183,27.557624,2123
85.406182,27.557624,2123
85.406181,27.557624,2123
85.40618,27.557625,2123
85.406179,27.557624,2123
85.406178,27.557624,2123
85.406177,27.557624,2123
85.406177,27.557623,2123
85.406176,27.557619,2123
85.406175,27.557613,2122
85.406175,27.557609,2122
85.406177,27.557603,2122
85.40618,27.557599,2122
85.406184,27.557596,2122
85.406188,27.557594,2122
85.40619,27.557594,2122
85.406192,27.557594,2122
85.406194,27.557594,2122
85.406195,27.557592,2122
85.406195,27.557591,2122
85.406196,27.55759,2122
85.406196,27.557589,2122
85.406197,27.557588,2122
85.406197,27.557589,2122
85.406196,27.557593,2122
85.406195,27.557596,2122
85.406193,27.557599,2122
85.406192,27.5576,2122
85.40619,27.557599,2122
85.406189,27.557599,2122
85.406189,27.557601,2122
85.406188,27.557605,2122
85.406188,27.557607,2122
85.406187,27.557612,2122
85.406186,27.557614,2122
85.406185,27.557615,2122
85.406184,27.557615,2122
85.406183,27.557615,2122
85.406183,27.557614,2123
85.406183,27.557613,2123
85.406183,27.557612,2123
85.406184,27.55761,2122
85.406184,27.557607,2122
85.406185,27.557603,2122
85.406186,27.5576,2122
85.406188,27.557598,2122
85.406191,27.557596,2122
85.406193,27.557593,2122
85.406195,27.557592,2122
85.406197,27.55759,2122
85.406198,27.55759,2122
85.406199,27.557591,2122
85.4062,27.557595,2122
85.406199,27.5576,2122
85.406198,27.557602,2122
85.406196,27.557606,2122
85.406194,27.557608,2122
85.406193,27.557609,2122
85.406193,27.557608,2122
85.406196,27.557606,2122
85.406199,27.557603,2122
85.406201,27.557603,2122
85.406203,27.557603,2122
85.406205,27.557605,2122
85.406207,27.557607,2122
85.40621,27.55761,2122
85.406212,27.557612,2122
85.406213,27.557614,2122
85.406213,27.55762,2122
85.406213,27.557624,2122
85.406213,27.557629,2122
85.406215,27.557633,2122
85.406217,27.557637,2122
85.406218,27.557642,2122
85.40622,27.557646,2122
85.406222,27.55765,2122
85.406224,27.557654,2122
85.406226,27.557656,2122
85.406227,27.557657,2122
85.406228,27.557657,2122
85.406228,27.55766,2122
85.406228,27.557663,2122
85.406227,27.557666,2122
85.406226,27.55767,2122
85.406222,27.557674,2122
85.406218,27.557679,2122
85.406216,27.557681,2122
85.406215,27.557681,2122
85.406216,27.557679,2122
85.406218,27.557677,2122
85.40622,27.557674,2122
85.406222,27.557672,2122
85.406223,27.557669,2122
85.406224,27.557668,2122
85.406224,27.557667,2122
85.406227,27.557666,2122
85.406229,27.557665,2122
85.406233,27.557662,2122
85.406234,27.557659,2122
85.406235,27.557658,2122
85.406235,27.557655,2122
85.406236,27.557652,2122
85.406237,27.557648,2122
85.406237,27.557644,2122
85.406238,27.55764,2122
85.406239,27.557635,2122
85.40624,27.557631,2122
85.406241,27.557627,2122
85.406242,27.557621,2122
85.406243,27.557617,2122
85.406244,27.557614,2122
85.406245,27.557611,2122
85.406246,27.557607,2122
85.406246,27.557605,2122
85.406246,27.557604,2122
85.406245,27.557604,2122
85.406242,27.557604,2122
85.406241,27.557605,2122
85.406241,27.557606,2122
85.40624,27.557607,2122
85.406241,27.557608,2122
85.406242,27.557609,2122
85.406242,27.557611,2122
85.406242,27.557612,2122
85.406241,27.557612,2122
85.406237,27.557612,2122
85.406234,27.557614,2122
85.40623,27.557617,2122
85.406226,27.557621,2122
85.406221,27.557626,2122
85.406217,27.557631,2122
85.406213,27.557636,2122
85.40621,27.557642,2122
85.406208,27.557648,2122
85.406205,27.557654,2123
85.406202,27.557661,2123
85.406195,27.557669,2123
85.406193,27.557671,2123
85.406192,27.557673,2122
85.406191,27.557675,2122
85.406191,27.557679,2122
85.406191,27.557681,2122
85.406192,27.55768,2122
85.406192,27.557682,2122
85.406193,27.557681,2122
85.406197,27.557676,2122
85.406198,27.557672,2122
85.4062,27.557671,2122
85.406202,27.557671,2122
85.406203,27.55767,2122
85.406205,27.557669,2122
85.406209,27.557667,2122
85.406211,27.557666,2122
85.406214,27.557664,2122
85.406214,27.557663,2122
85.406211,27.557665,2122
85.40621,27.557668,2122
85.406207,27.55767,2122
85.406203,27.557675,2122
85.406197,27.557681,2122
85.406192,27.557687,2122
85.406186,27.557692,2122
85.406179,27.557697,2123
85.406171,27.557703,2123
85.406168,27.557704,2123
85.406167,27.557703,2123
85.406167,27.5577,2123
85.406169,27.557696,2123
85.406174,27.557692,2123
85.406177,27.557688,2123
85.406181,27.557686,2123
85.406184,27.557687,2123
85.406188,27.557688,2123
85.406189,27.557689,2123
85.406192,27.557689,2123
85.406196,27.557687,2123
85.406198,27.557686,2123
85.406199,27.557686,2123
85.4062,27.557687,2123
85.406205,27.557688,2123
85.406207,27.557689,2123
85.406208,27.557689,2123
85.406209,27.557688,2123
85.40621,27.557688,2123
85.406212,27.557687,2123
85.406213,27.557686,2123
85.406214,27.557686,2123
85.406215,27.557687,2123
85.406216,27.557688,2123
85.406215,27.557689,2123
85.406215,27.55769,2123
85.406214,27.557689,2123
85.406213,27.557689,2123
85.406212,27.557689,2123
85.40621,27.557689,2123
85.406209,27.557688,2123
85.406207,27.557689,2122
85.406208,27.557689,2122
85.406208,27.557688,2122
85.406208,27.557686,2122
85.406209,27.557685,2122
85.406211,27.557687,2122
85.406212,27.557688,2122
85.406212,27.557689,2122
85.406211,27.557689,2122
85.406212,27.557689,2122
85.406211,27.55769,2122
85.406208,27.557691,2122
85.406208,27.55769,2122
85.406208,27.557688,2122
85.40621,27.557686,2122
85.406218,27.557679,2122
85.406221,27.557676,2122
85.406222,27.557675,2122
85.406223,27.557675,2122
85.406224,27.557677,2122
85.406224,27.557679,2122
85.406223,27.557679,2122
85.406223,27.557678,2122
85.406221,27.557677,2122
85.40622,27.557675,2122
85.40622,27.557674,2122
85.406221,27.557674,2122
85.406222,27.557674,2122
85.406223,27.557674,2122
85.406224,27.557674,2122
85.406224,27.557672,2122
85.406223,27.557672,2122
85.406222,27.557672,2122
85.406221,27.557672,2123
85.40622,27.557672,2123
85.406219,27.557672,2123
85.406219,27.557671,2123
85.406218,27.557671,2123
85.406221,27.557671,2122
85.406225,27.557672,2122
85.406231,27.55767,2122
85.406236,27.557669,2122
85.406239,27.557668,2122
85.406242,27.557668,2122
85.406246,27.557667,2122
85.406252,27.557666,2122
85.406253,27.557667,2122
85.406254,27.557669,2122
85.406257,27.557669,2122
85.406256,27.557668,2122
85.406255,27.557667,2122
85.406254,27.557666,2122
85.406254,27.557664,2122
85.406253,27.557662,2122
85.406253,27.557661,2122
85.406254,27.557661,2122
85.406251,27.557659,2122
85.406249,27.557658,2122
85.406247,27.557659,2122
85.406245,27.55766,2122
85.406244,27.557661,2122
85.406242,27.557661,2122
85.406242,27.557662,2122
85.406242,27.557661,2122
85.406244,27.55766,2122
85.406244,27.557659,2122
85.406245,27.557657,2122
85.406246,27.557654,2122
85.406247,27.557652,2122
85.406248,27.557652,2122
85.406249,27.557653,2122
85.406249,27.557654,2122
85.40625,27.557654,2122
85.40625,27.557656,2122
85.406249,27.557656,2123
85.406249,27.557655,2123
85.406249,27.557654,2123
85.406248,27.557653,2123
85.406247,27.557652,2123
85.406245,27.557651,2123
85.406243,27.55765,2123
85.406242,27.557648,2123
85.406241,27.557646,2123
85.406241,27.557643,2123
85.406242,27.557643,2123
85.406241,27.557643,2123
85.406239,27.557644,2123
85.406239,27.55765,2123
85.406239,27.557653,2123
85.406239,27.557656,2123
85.406239,27.557658,2123
85.406239,27.557657,2123
85.406238,27.557655,2123
85.406237,27.557655,2123
85.406235,27.557652,2123
85.406233,27.557651,2123
85.40623,27.557651,2123
85.406228,27.557652,2123
85.406227,27.557654,2123
85.406226,27.557657,2123
85.406228,27.557659,2123
85.40623,27.557659,2122
85.406232,27.557659,2122
85.406235,27.557661,2122
85.406236,27.557662,2122
85.406236,27.557663,2122
85.406237,27.557663,2122
85.406237,27.557662,2122
85.40624,27.557661,2122
85.406243,27.557663,2122
85.406245,27.557664,2122
85.406255,27.55767,2122
85.406262,27.557672,2122
85.40627,27.557673,2122
85.406281,27.557674,2122
85.406293,27.557674,2122
85.406305,27.557675,2122
85.406315,27.557676,2122
85.406324,27.557678,2121
85.406333,27.557681,2121
85.406339,27.557685,2121
85.406354,27.557693,2121
85.406363,27.557697,2121
85.406372,27.5577,2121
85.406381,27.557704,2121
85.406389,27.557708,2121
85.406399,27.557712,2121
85.406406,27.557716,2121
85.406414,27.557719,2121
85.406422,27.557722,2121
85.40643,27.557725,2121
85.40644,27.557727,2120
85.406449,27.557729,2120
85.406458,27.557731,2120
85.406468,27.557732,2120
85.406479,27.557732,2120
85.40649,27.557731,2120
85.406501,27.557731,2120
85.406513,27.557733,2120
85.406521,27.557734,2120
85.406531,27.557734,2119
85.406542,27.557734,2119
85.406551,27.557736,2119
85.406562,27.557738,2119
85.406573,27.557743,2119
85.406583,27.557748,2119
85.406593,27.55775,2119
85.406604,27.557754,2119
85.406615,27.557758,2119
85.406627,27.557765,2119
85.406637,27.557774,2119
85.406647,27.557786,2119
85.406655,27.557798,2119
85.406663,27.557809,2119
85.406668,27.557819,2119
85.406672,27.557826,2119
85.406675,27.557833,2119
85.40668,27.55784,2119
85.406685,27.557846,2119
85.406693,27.557853,2118
85.4067,27.557861,2118
85.406708,27.557868,2118
85.406714,27.557875,2118
85.406718,27.557883,2118
85.406721,27.55789,2118
85.406724,27.557896,2118
85.406739,27.557908,2118
85.406746,27.557914,2118
85.406752,27.557921,2118
85.406758,27.557929,2118
85.406766,27.557935,2118
85.406774,27.557941,2118
85.406783,27.557947,2118
85.406791,27.557952,2118
85.406799,27.557956,2118
85.406807,27.557959,2118
85.406816,27.557961,2118
85.406825,27.557962,2118
85.406833,27.557964,2118
85.406841,27.557965,2117
85.40685,27.557966,2117
85.406859,27.557968,2117
85.406869,27.557969,2117
85.406879,27.55797,2117
85.406889,27.557971,2117
85.406899,27.55797,2117
85.406911,27.55797,2117
85.406921,27.55797,2117
85.406931,27.55797,2117
85.40694,27.55797,2116
85.406949,27.55797,2116
85.406958,27.55797,2116
85.406969,27.55797,2116
85.406978,27.557971,2116
85.406988,27.557972,2116
85.406999,27.557971,2116
85.40701,27.557971,2116
85.407019,27.557971,2116
85.407028,27.557972,2116
85.407036,27.557974,2116
85.407045,27.557976,2116
85.407053,27.557978,2116
85.40706,27.55798,2116
85.407068,27.557981,2115
85.407076,27.557983,2115
85.407083,27.557986,2115
85.407089,27.557988,2115
85.407095,27.55799,2115
85.407101,27.557992,2115
85.407107,27.557995,2115
85.407113,27.557998,2115
85.40712,27.558001,2115
85.407126,27.558004,2115
85.407134,27.558007,2115
85.407151,27.558013,2115
85.40716,27.558017,2115
85.407169,27.558022,2115
85.407178,27.558026,2115
85.407185,27.55803,2115
85.407192,27.558035,2114
85.4072,27.558039,2114
85.407207,27.558042,2114
85.407216,27.558045,2114
85.407224,27.558048,2114
85.407232,27.558051,2114
85.407239,27.558054,2114
85.407248,27.558058,2114
85.407256,27.558061,2114
85.407265,27.558064,2114
85.407273,27.558065,2114
85.407282,27.558065,2114
85.40729,27.558064,2114
85.4073,27.558063,2114
85.407309,27.558061,2114
85.407318,27.55806,2114
85.407327,27.558058,2114
85.407338,27.558058,2114
85.407349,27.558056,2114
85.407361,27.558054,2114
85.407385,27.558051,2114
85.407398,27.558048,2114
85.407412,27.558043,2114
85.407426,27.558039,2114
85.407438,27.558034,2113
85.407449,27.558029,2113
85.407459,27.558027,2113
85.40747,27.558023,2113
85.40749,27.558015,2113
85.407501,27.558012,2113
85.407513,27.558011,2113
85.407523,27.558012,2113
85.407533,27.558013,2113
85.407543,27.558013,2113
85.407554,27.558015,2113
85.407566,27.558017,2113
85.407575,27.558019,2113
85.40759,27.558024,2112
85.407595,27.558027,2112
85.407601,27.558031,2112
85.40761,27.558035,2112
85.40762,27.558039,2112
85.407629,27.558041,2112
85.407638,27.558041,2112
85.407646,27.55804,2112
85.407654,27.558039,2112
85.407665,27.558039,2112
85.407675,27.558039,2112
85.407685,27.558039,2112
85.407693,27.558038,2112
85.407701,27.558038,2112
85.40771,27.558038,2112
85.407719,27.558039,2112
85.407727,27.558042,2112
85.407736,27.558045,2112
85.407745,27.55805,2112
85.407753,27.558054,2111
85.407769,27.558062,2111
85.407778,27.558066,2111
85.407788,27.558069,2111
85.407798,27.558072,2111
85.40781,27.558076,2111
85.40782,27.558079,2111
85.40783,27.558083,2111
85.407839,27.558087,2111
85.407849,27.558092,2111
85.407859,27.558095,2111
85.40787,27.558096,2111
85.40788,27.558101,2111
85.407891,27.558106,2111
85.407902,27.558112,2111
85.407912,27.558118,2111
85.407922,27.558123,2111
85.407934,27.558128,2111
85.407947,27.558132,2111
85.407958,27.558136,2111
85.407969,27.558142,2110
85.407978,27.558147,2110
85.407985,27.558153,2110
85.407992,27.558156,2110
85.407999,27.558159,2110
85.408007,27.55816,2110
85.408014,27.558161,2110
85.408019,27.558159,2110
85.408024,27.558156,2110
85.408027,27.558151,2110
85.408033,27.558146,2110
85.40804,27.558142,2110
85.408048,27.558137,2110
85.408057,27.55813,2110
85.408067,27.558123,2110
85.408076,27.558117,2110
85.408086,27.558112,2110
85.408096,27.558107,2110
85.408108,27.558104,2110
85.408118,27.558099,2110
85.408129,27.558094,2110
85.408139,27.55809,2110
85.408149,27.558086,2110
85.408161,27.558083,2110
85.408174,27.558081,2110
85.408188,27.558079,2110
85.408201,27.558077,2110
85.408214,27.558074,2110
85.408238,27.558071,2110
85.408249,27.558071,2110
85.408261,27.558071,2110
85.408273,27.558069,2110
85.408284,27.558067,2110
85.408296,27.558065,2110
85.408308,27.558061,2110
85.40832,27.558058,2110
85.408331,27.558054,2110
85.408343,27.558051,2110
85.408354,27.558049,2110
85.408367,27.558047,2110
85.408382,27.558044,2110
85.408397,27.558042,2110
85.408409,27.558039,2110
85.408423,27.558036,2110
85.408436,27.558032,2110
85.408448,27.558027,2110
85.408458,27.558022,2110
85.408465,27.558016,2110
85.408473,27.558012,2110
85.408479,27.558013,2110
85.408485,27.558015,2110
85.408492,27.558018,2110
85.408497,27.558018,2109
85.408502,27.558018,2109
85.408508,27.558017,2109
85.408512,27.558017,2109
85.408516,27.558015,2109
85.40852,27.558015,2109
85.408524,27.558015,2109
85.408528,27.558015,2110
85.40853,27.558017,2110
85.408531,27.558016,2110
85.408531,27.558015,2110
85.408532,27.558016,2110
85.408533,27.558016,2110
85.408534,27.558017,2110
85.408535,27.558017,2110
85.408536,27.558017,2110
85.408537,27.558017,2110
85.408538,27.558017,2109
85.408539,27.558018,2109
85.40854,27.558019,2109
85.408541,27.55802,2109
85.408542,27.558021,2109
85.408543,27.558022,2109
85.408542,27.558022,2109
85.408542,27.558023,2109
85.408541,27.558023,2109
85.40854,27.558023,2109
85.408541,27.558023,2109
85.40854,27.558023,2109
85.408541,27.558022,2109
85.408542,27.558022,2109
85.408542,27.558023,2109
85.408543,27.558023,2109
85.408545,27.558024,2109
85.408547,27.558024,2109
85.408549,27.558024,2109
85.408552,27.55802,2109
85.408553,27.558018,2109
85.408556,27.558015,2109
85.408559,27.558012,2109
85.408564,27.558011,2108
85.408569,27.55801,2108
85.408574,27.558011,2108
85.40858,27.558014,2108
85.408587,27.558016,2108
85.408591,27.558017,2108
85.408602,27.558015,2108
85.408609,27.558014,2108
85.408617,27.558013,2108
85.408625,27.558013,2108
85.408634,27.558012,2108
85.408641,27.558011,2107
85.408647,27.558009,2107
85.408654,27.558008,2107
85.408662,27.558007,2107
85.408671,27.558007,2107
85.408679,27.558007,2107
85.408688,27.558005,2107
85.408697,27.558003,2107
85.408705,27.558001,2107
85.408713,27.557998,2106
85.408721,27.557997,2106
85.408729,27.557994,2106
85.408739,27.557992,2106
85.408749,27.557992,2106
85.408758,27.557991,2106
85.408769,27.557991,2106
85.40878,27.557992,2106
85.408791,27.557992,2106
85.408802,27.557993,2105
85.408813,27.557994,2105
85.408834,27.557998,2105
85.408845,27.558,2105
85.408856,27.558001,2105
85.408865,27.558,2105
85.408875,27.557999,2105
85.408884,27.557998,2105
85.408892,27.557997,2104
85.408898,27.557994,2104
85.408905,27.557991,2104
85.408911,27.557988,2104
85.408917,27.557985,2104
85.408925,27.557981,2104
85.408933,27.557977,2104
85.408941,27.557975,2104
85.408948,27.557972,2104
85.408957,27.557971,2104
85.408965,27.55797,2104
85.408975,27.55797,2104
85.408986,27.557971,2103
85.408996,27.55797,2103
85.409005,27.55797,2103
85.409014,27.557966,2103
85.409023,27.557963,2103
85.409032,27.557961,2103
85.409039,27.557959,2103
85.409047,27.557958,2103
85.409055,27.557956,2103
85.409062,27.557955,2103
85.409071,27.557954,2103
85.409081,27.557951,2103
85.409089,27.557949,2102
85.409098,27.557945,2102
85.409108,27.557942,2102
85.40913,27.557932,2102
85.40914,27.557926,2102
85.409151,27.557922,2102
85.409162,27.557918,2102
85.409171,27.557915,2101
85.409179,27.557911,2101
85.409187,27.557908,2101
85.409195,27.557905,2101
85.409204,27.557904,2101
85.409212,27.5579,2101
85.409223,27.557897,2101
85.409234,27.557896,2101
85.409244,27.557894,2101
85.409253,27.557891,2101
85.409264,27.557886,2100
85.409274,27.557883,2100
85.409285,27.557879,2100
85.409295,27.557877,2100
85.409304,27.557874,2100
85.409314,27.557873,2100
85.409325,27.557873,2100
85.409334,27.557875,2100
85.409347,27.557878,2100
85.409354,27.557882,2100
85.409358,27.557886,2100
85.409363,27.55789,2100
85.409368,27.557893,2100
85.409375,27.557895,2100
85.409382,27.557897,2100
85.409391,27.557897,2100
85.409396,27.557895,2100
85.409403,27.557894,2100
85.409407,27.557892,2100
85.409412,27.557889,2100
85.409417,27.557888,2100
85.409424,27.557886,2100
85.409431,27.557882,2100
85.409438,27.557879,2100
85.409452,27.557872,2100
85.409458,27.55787,2101
85.409464,27.557867,2101
85.40947,27.557867,2101
85.409477,27.557866,2101
85.409483,27.557866,2101
85.40949,27.557866,2101
85.409497,27.557866,2101
85.409504,27.557867,2101
85.409512,27.557867,2101
85.40952,27.557869,2101
85.409529,27.557869,2101
85.409539,27.557869,2101
85.409548,27.557867,2101
85.409558,27.557865,2101
85.409568,27.557865,2101
85.409577,27.557862,2101
85.409587,27.557858,2100
85.409598,27.557857,2100
85.409609,27.557857,2100
85.40962,27.557858,2100
85.409632,27.557858,2100
85.409644,27.557861,2100
85.409655,27.557864,2100
85.409666,27.557869,2100
85.409677,27.557875,2100
85.409687,27.55788,2100
85.409699,27.557885,2100
85.409709,27.557888,2100
85.409719,27.557889,2100
85.409728,27.557892,2100
85.409736,27.557896,2099
85.409743,27.5579,2099
85.40975,27.557904,2099
85.409758,27.557907,2099
85.409766,27.557909,2099
85.409775,27.55791,2099
85.409786,27.557913,2099
85.409797,27.557917,2099
85.409806,27.557922,2099
85.409816,27.557928,2098
85.409825,27.557933,2098
85.409834,27.557937,2098
85.409843,27.557942,2098
85.409852,27.557947,2098
85.40987,27.557957,2098
85.409879,27.557962,2098
85.409888,27.557966,2098
85.409895,27.55797,2098
85.409902,27.557974,2098
85.40991,27.557976,2098
85.409917,27.557978,2098
85.409934,27.557981,2097
85.409943,27.557984,2097
85.409951,27.557986,2097
85.40996,27.557989,2097
85.409969,27.557992,2097
85.409977,27.557996,2096
85.409985,27.557999,2096
85.409993,27.558003,2096
85.410001,27.558007,2096
85.410007,27.558012,2096
85.410012,27.558017,2096
85.410017,27.558022,2096
85.410027,27.558032,2096
85.410031,27.558036,2095
85.410036,27.558039,2095
85.41004,27.55804,2095
85.410046,27.55804,2095
85.410053,27.558038,2095
85.410062,27.558039,2095
85.410071,27.558042,2095
85.410079,27.558046,2095
85.410087,27.558048,2094
85.410094,27.55805,2094
85.410103,27.558051,2094
85.410111,27.55805,2094
85.41012,27.558051,2094
85.410128,27.558052,2094
85.410136,27.558054,2094
85.410141,27.558059,2094
85.410147,27.558064,2094
85.410151,27.558066,2094
85.410157,27.558068,2093
85.410162,27.558067,2093
85.410167,27.558067,2093
85.410172,27.558066,2093
85.410176,27.558066,2093
85.410181,27.558065,2093
85.410188,27.558064,2093
85.410195,27.558063,2093
85.410204,27.558062,2093
85.410212,27.558062,2093
85.410219,27.558062,2093
85.410227,27.558061,2092
85.410235,27.558058,2092
85.410242,27.558056,2092
85.410248,27.558053,2092
85.410252,27.558048,2092
85.410256,27.558043,2092
85.410262,27.558038,2092
85.410267,27.558033,2092
85.410276,27.558028,2092
85.410283,27.558024,2092
85.410291,27.558022,2092
85.4103,27.558019,2092
85.410308,27.558018,2092
85.410316,27.558016,2092
85.410323,27.558015,2092
85.410331,27.558014,2092
85.41034,27.558013,2092
85.41035,27.55801,2092
85.410361,27.558008,2092
85.410374,27.558005,2092
85.410385,27.558001,2092
85.410398,27.557999,2092
85.410411,27.557997,2092
85.410422,27.557994,2091
85.410432,27.557991,2091
85.410441,27.557989,2091
85.41045,27.557986,2091
85.410459,27.557983,2091
85.410471,27.55798,2091
85.410483,27.557978,2091
85.410494,27.557976,2091
85.410504,27.557976,2091
85.410514,27.557977,2091
85.410534,27.55798,2091
85.410544,27.557982,2091
85.410553,27.557983,2091
85.410567,27.557985,2091
85.410574,27.557986,2091
85.410581,27.557988,2091
85.410586,27.557991,2090
85.410589,27.557995,2090
85.410592,27.557999,2090
85.410597,27.558002,2090
85.410603,27.558005,2090
85.410608,27.558007,2090
85.410616,27.558011,2090
85.410625,27.558014,2090
85.410634,27.558017,2090
85.410643,27.558019,2090
85.410651,27.558022,2090
85.410657,27.558026,2089
85.410662,27.558031,2089
85.410668,27.558036,2089
85.410673,27.558043,2089
85.410678,27.558049,2089
85.410683,27.558054,2089
85.410688,27.558059,2089
85.410693,27.558063,2089
85.410699,27.558066,2089
85.410704,27.558068,2088
85.41071,27.558072,2088
85.410716,27.558075,2088
85.410725,27.558078,2088
85.410735,27.558081,2088
85.410744,27.558085,2088
85.410752,27.558087,2088
85.410759,27.558089,2088
85.410764,27.558092,2088
85.410769,27.558094,2088
85.410775,27.558095,2088
85.41078,27.558097,2088
85.410786,27.558102,2087
85.410793,27.558107,2087
85.410801,27.558113,2087
85.410809,27.558118,2087
85.410817,27.558123,2087
85.410824,27.558127,2087
85.410832,27.558133,2087
85.410839,27.558137,2087
85.410847,27.558142,2087
85.410855,27.558147,2087
85.410862,27.558153,2087
85.410868,27.558161,2086
85.410875,27.55817,2086
85.41088,27.558178,2086
85.410886,27.558186,2086
85.410894,27.558188,2086
85.410904,27.558189,2086
85.410913,27.55819,2086
85.410923,27.558191,2086
85.41093,27.558193,2085
85.410937,27.558196,2085
85.410943,27.5582,2085
85.41095,27.558204,2085
85.410956,27.558208,2085
85.410963,27.558213,2085
85.41097,27.558217,2085
85.410979,27.55822,2085
85.410987,27.558224,2085
85.410996,27.558229,2085
85.411007,27.558232,2085
85.411016,27.558237,2085
85.411024,27.55824,2085
85.411034,27.558245,2085
85.411045,27.558251,2085
85.411055,27.558257,2085
85.411063,27.558265,2084
85.41107,27.558273,2084
85.411076,27.558281,2084
85.411081,27.558288,2084
85.411087,27.558293,2084
85.411092,27.558298,2084
85.4111,27.558302,2084
85.411111,27.558309,2084
85.411119,27.558313,2084
85.411127,27.558318,2084
85.411134,27.558322,2084
85.411141,27.558327,2084
85.411155,27.558337,2084
85.411163,27.55834,2084
85.41117,27.558343,2084
85.411177,27.558346,2084
85.411182,27.558349,2084
85.411186,27.558351,2084
85.41119,27.558352,2084
85.411195,27.558352,2084
85.411199,27.558352,2084
85.411205,27.558351,2084
85.411207,27.558352,2084
85.411209,27.558353,2084
85.411213,27.558354,2084
85.41122,27.558355,2084
85.411226,27.558358,2084
85.411232,27.558361,2084
85.411239,27.558366,2084
85.411246,27.558373,2084
85.411263,27.558386,2084
85.411284,27.558393,2084
85.411294,27.558395,2084
85.411305,27.558395,2084
85.411314,27.558396,2084
85.411323,27.558399,2084
85.41133,27.558404,2083
85.411337,27.558409,2083
85.411344,27.558412,2083
85.411351,27.558416,2083
85.411359,27.558418,2083
85.411368,27.558419,2083
85.411378,27.55842,2083
85.411387,27.558421,2083
85.411396,27.55842,2082
85.411406,27.558419,2082
85.411416,27.55842,2082
85.411427,27.55842,2082
85.411435,27.558421,2082
85.411444,27.558422,2082
85.411451,27.558425,2082
85.411458,27.558431,2082
85.411465,27.558437,2082
85.411471,27.558442,2081
85.411476,27.558446,2081
85.411479,27.55845,2081
85.411483,27.558452,2081
85.411488,27.558452,2081
85.411492,27.558456,2081
85.411496,27.558458,2081
85.411499,27.558458,2081
85.411505,27.55846,2081
85.411511,27.558461,2081
85.411516,27.558465,2081
85.411523,27.55847,2080
85.411531,27.558476,2080
85.411541,27.558481,2080
85.41155,27.558485,2080
85.411558,27.558489,2080
85.411566,27.558491,2080
85.411571,27.558496,2080
85.411575,27.558503,2080
85.411578,27.558511,2080
85.411581,27.558517,2079
85.411586,27.558522,2079
85.41159,27.558527,2079
85.411594,27.55853,2079
85.4116,27.558532,2079
85.411606,27.558534,2079
85.411612,27.558537,2079
85.411616,27.558541,2079
85.411621,27.558546,2079
85.411629,27.558548,2079
85.411636,27.558551,2078
85.411644,27.558552,2078
85.411651,27.558554,2078
85.41166,27.558556,2078
85.411668,27.558559,2078
85.411676,27.558561,2078
85.411683,27.558563,2078
85.411691,27.558566,2078
85.411698,27.558569,2078
85.411706,27.558573,2078
85.411713,27.558576,2078
85.411722,27.558579,2078
85.411731,27.558583,2078
85.411738,27.558587,2077
85.411745,27.558591,2077
85.411752,27.558595,2077
85.41176,27.558598,2077
85.411766,27.558601,2077
85.411774,27.558603,2077
85.411781,27.558605,2077
85.411787,27.558607,2077
85.411795,27.558608,2077
85.411803,27.558608,2077
85.41181,27.558606,2077
85.411816,27.558603,2077
85.41182,27.558602,2077
85.411824,27.5586,2077
85.411829,27.558596,2077
85.411831,27.558595,2077
85.41184,27.558593,2076
85.411846,27.558591,2076
85.41185,27.558589,2076
85.411857,27.558588,2076
85.411865,27.558589,2076
85.411873,27.558588,2076
85.411883,27.558587,2076
85.411891,27.558585,2076
85.4119,27.558584,2076
85.411907,27.558581,2076
85.411914,27.558579,2076
85.41192,27.558578,2076
85.411925,27.558576,2076
85.411929,27.558575,2075
85.411933,27.558575,2075
85.411938,27.558575,2075
85.411941,27.558572,2075
85.411946,27.55857,2075
85.41195,27.558568,2075
85.411955,27.558566,2075
85.411963,27.558565,2075
85.411972,27.558565,2075
85.411979,27.558565,2075
85.411986,27.558564,2075
85.411991,27.558562,2075
85.411995,27.55856,2074
85.411999,27.558558,2074
85.412006,27.558559,2074
85.412013,27.558561,2074
85.412019,27.558562,2074
85.412026,27.558564,2074
85.412034,27.558566,2074
85.412043,27.558567,2074
85.412053,27.558569,2074
85.412063,27.558571,2074
85.41207,27.558571,2074
85.412076,27.55857,2074
85.412088,27.55857,2073
85.412095,27.558569,2073
85.412101,27.558567,2073
85.412107,27.558564,2073
85.412112,27.558561,2073
85.412118,27.558557,2073
85.412125,27.558555,2072
85.412133,27.558553,2072
85.412141,27.558554,2072
85.412152,27.558559,2072
85.412163,27.558562,2072
85.412173,27.558565,2072
85.412182,27.558565,2072
85.412189,27.558565,2072
85.412194,27.558563,2072
85.412197,27.558563,2072
85.4122,27.558561,2072
85.412202,27.55856,2071
85.412206,27.558559,2071
85.412212,27.558557,2071
85.412218,27.558555,2071
85.412226,27.558554,2071
85.412237,27.558552,2071
85.412246,27.558549,2071
85.412254,27.558547,2071
85.412263,27.558546,2071
85.412273,27.558546,2071
85.412283,27.558545,2071
85.412292,27.558545,2071
85.412301,27.558545,2071
85.412309,27.558545,2071
85.412318,27.558547,2071
85.412327,27.558548,2071
85.412337,27.558549,2071
85.412347,27.55855,2071
85.412358,27.558549,2071
85.412367,27.558549,2071
85.412378,27.558548,2070
85.412387,27.558545,2070
85.412396,27.558543,2070
85.412404,27.558541,2070
85.412411,27.55854,2070
85.412419,27.558539,2070
85.412427,27.55854,2070
85.412435,27.558542,2070
85.412441,27.558542,2070
85.412448,27.558541,2070
85.412453,27.558539,2070
85.412457,27.558537,2070
85.41246,27.558534,2070
85.412464,27.558528,2070
85.412468,27.558522,2070
85.41247,27.558517,2069
85.412473,27.558511,2069
85.412478,27.5585,2069
85.412483,27.558496,2069
85.412486,27.558492,2069
85.41249,27.558488,2069
85.412494,27.558486,2069
85.412497,27.558483,2069
85.412502,27.558485,2069
85.412508,27.558486,2069
85.412517,27.558486,2069
85.412526,27.558485,2069
85.412542,27.55848,2069
85.412547,27.558474,2068
85.412553,27.55847,2068
85.412557,27.558464,2068
85.41256,27.558459,2068
85.412564,27.558454,2068
85.41257,27.55845,2068
85.412578,27.558447,2068
85.41259,27.558448,2068
85.412613,27.55845,2068
85.412625,27.55845,2068
85.412635,27.55845,2068
85.412645,27.55845,2068
85.412653,27.558449,2068
85.412661,27.558449,2068
85.41267,27.558449,2068
85.412678,27.55845,2068
85.412688,27.558451,2068
85.412698,27.558452,2068
85.412709,27.558454,2068
85.41272,27.558455,2068
85.412731,27.558456,2068
85.412739,27.558456,2068
85.412747,27.558456,2068
85.412755,27.558456,2068
85.412762,27.558456,2068
85.412771,27.558458,2067
85.412779,27.558459,2067
85.412788,27.558458,2067
85.412796,27.558458,2067
85.412805,27.558458,2067
85.412814,27.55846,2067
85.412821,27.55846,2067
85.41283,27.558461,2067
85.41284,27.558461,2067
85.412851,27.558461,2067
85.412863,27.55846,2067
85.412874,27.55846,2067
85.412884,27.558459,2067
85.412893,27.55846,2067
85.412902,27.558461,2067
85.412909,27.558461,2067
85.412917,27.558461,2067
85.412924,27.558459,2067
85.412928,27.558457,2066
85.412928,27.558452,2066
85.412931,27.55845,2066
85.412936,27.558447,2066
85.412943,27.558446,2066
85.412949,27.558443,2066
85.412952,27.55844,2066
85.412951,27.558439,2066
85.41295,27.558439,2066
85.412958,27.558439,2066
85.412963,27.558437,2066
85.412969,27.558435,2065
85.412977,27.558434,2065
85.412989,27.558434,2065
85.413004,27.558434,2065
85.413017,27.558433,2065
85.413027,27.558431,2065
85.413036,27.558429,2065
85.413043,27.558426,2065
85.413048,27.558424,2065
85.413053,27.558421,2065
85.413057,27.558418,2065
85.413059,27.558412,2064
85.413066,27.558409,2064
85.413075,27.558407,2064
85.413083,27.558404,2064
85.413093,27.558401,2064
85.413113,27.558398,2064
85.413122,27.558396,2064
85.41313,27.558394,2064
85.413139,27.558391,2064
85.413147,27.558389,2064
85.413155,27.558386,2063
85.413163,27.558383,2063
85.41317,27.558379,2063
85.413177,27.558374,2063
85.413184,27.55837,2063
85.41319,27.558367,2063
85.413197,27.558363,2063
85.413201,27.558359,2063
85.413209,27.558357,2063
85.413217,27.558355,2063
85.413226,27.558355,2063
85.413238,27.558354,2063
85.413249,27.558354,2063
85.413259,27.558352,2062
85.413267,27.558351,2062
85.413273,27.558351,2062
85.413279,27.558351,2062
85.413285,27.558352,2062
85.41329,27.558352,2062
85.413294,27.558352,2062
85.413295,27.558351,2062
85.413297,27.558349,2062
85.413302,27.558346,2061
85.413311,27.558345,2061
85.413321,27.558341,2061
85.413332,27.558339,2061
85.413346,27.558337,2061
85.413359,27.558337,2061
85.413373,27.558338,2061
85.413387,27.558339,2061
85.413401,27.558339,2060
85.413413,27.558339,2060
85.413438,27.558341,2060
85.413451,27.558343,2060
85.413463,27.558346,2060
85.413478,27.558348,2060
85.413493,27.55835,2060
85.413508,27.558353,2060
85.413522,27.558353,2060
85.413535,27.558353,2060
85.413547,27.558351,2059
85.413559,27.55835,2059
85.41357,27.558349,2059
85.41358,27.558349,2059
85.41359,27.558348,2059
85.413598,27.558346,2059
85.413608,27.558343,2059
85.413619,27.558338,2059
85.41363,27.558332,2059
85.41364,27.558327,2059
85.41365,27.558322,2059
85.41366,27.558319,2059
85.413671,27.558316,2059
85.413682,27.558312,2059
85.413692,27.558308,2059
85.413701,27.558305,2059
85.413708,27.5583,2059
85.413717,27.558295,2059
85.413727,27.558291,2059
85.413733,27.558284,2059
85.413738,27.558279,2059
85.413743,27.558271,2058
85.413747,27.558264,2058
85.41375,27.558257,2058
85.413751,27.558254,2058
85.413751,27.558259,2058
85.413752,27.558266,2058
85.413751,27.558271,2058
85.41375,27.558273,2058
85.413748,27.558274,2058
85.413744,27.558274,2058
85.413742,27.558276,2058
85.41374,27.55828,2058
85.413741,27.558282,2058
85.413742,27.558286,2058
85.413746,27.558292,2058
85.413744,27.558293,2058
85.413747,27.558293,2058
85.41375,27.558293,2058
85.413753,27.558293,2058
85.413756,27.558292,2058
85.413761,27.55829,2058
85.413766,27.558288,2058
85.413771,27.558286,2058
85.41378,27.558285,2058
85.41379,27.558286,2058
85.4138,27.558289,2058
85.413808,27.558294,2058
85.413817,27.558301,2058
85.413833,27.558314,2058
85.413843,27.558318,2058
85.413851,27.558323,2058
85.413858,27.558327,2058
85.413864,27.558329,2058
85.413869,27.55833,2058
85.413874,27.558332,2058
85.413879,27.558334,2057
85.413885,27.558335,2057
85.413893,27.558335,2057
85.41391,27.558334,2057
85.413919,27.558331,2057
85.413929,27.558328,2057
85.413939,27.558324,2057
85.413948,27.55832,2057
85.413957,27.558317,2057
85.413966,27.558315,2057
85.413977,27.558314,2057
85.413997,27.558314,2057
85.414007,27.558313,2057
85.414018,27.55831,2057
85.414029,27.558308,2057
85.41404,27.558305,2057
85.414049,27.558302,2057
85.414057,27.558298,2057
85.414063,27.558294,2056
85.414072,27.558291,2056
85.41408,27.558288,2056
85.414089,27.558287,2056
85.414097,27.558285,2056
85.414106,27.558284,2056
85.414115,27.558284,2056
85.414124,27.558282,2056
85.414134,27.558279,2056
85.414143,27.558276,2056
85.414152,27.558275,2056
85.41416,27.558273,2056
85.414168,27.558272,2055
85.414177,27.558271,2055
85.414186,27.55827,2055
85.414197,27.558268,2055
85.414207,27.558266,2055
85.414219,27.558266,2055
85.414229,27.558264,2055
85.41424,27.558262,2055
85.414249,27.558258,2055
85.41426,27.558255,2054
85.414271,27.558254,2054
85.414282,27.558253,2054
85.414292,27.558253,2054
85.414302,27.558253,2054
85.414313,27.558253,2054
85.414325,27.558254,2054
85.414337,27.558253,2054
85.414348,27.558251,2054
85.414358,27.558248,2054
85.414367,27.558246,2053
85.414376,27.55824,2053
85.414386,27.558234,2053
85.414396,27.558228,2053
85.414406,27.558227,2053
85.414413,27.558227,2053
85.414418,27.558228,2053
85.414422,27.558229,2053
85.414428,27.558228,2053
85.414433,27.558226,2053
85.414439,27.558225,2053
85.414443,27.558223,2053
85.414447,27.55822,2053
85.414452,27.558217,2053
85.414456,27.558215,2053
85.41446,27.558215,2053
85.41447,27.558216,2053
85.414489,27.558218,2053
85.414499,27.558218,2053
85.414508,27.558218,2053
85.414518,27.558218,2053
85.414529,27.558217,2053
85.414539,27.558214,2053
85.414557,27.558208,2053
85.414565,27.558203,2053
85.414573,27.558198,2053
85.414583,27.558191,2053
85.414592,27.558187,2052
85.4146,27.558183,2052
85.414608,27.558181,2052
85.414616,27.558182,2052
85.414625,27.558184,2052
85.414635,27.558186,2052
85.414646,27.558188,2052
85.414656,27.558188,2052
85.414666,27.558188,2052
85.414676,27.558186,2052
85.414687,27.558183,2052
85.414698,27.55818,2052
85.414709,27.558176,2051
85.414721,27.558172,2051
85.414733,27.558169,2051
85.414745,27.558166,2051
85.414756,27.558163,2051
85.414766,27.558163,2051
85.414775,27.558166,2051
85.414785,27.558169,2051
85.414794,27.558171,2051
85.414804,27.558175,2050
85.414813,27.558178,2050
85.414823,27.558181,2050
85.414831,27.558185,2050
85.414838,27.558187,2050
85.414845,27.558188,2050
85.414851,27.55819,2050
85.414856,27.558192,2050
85.41486,27.558195,2050
85.414866,27.558197,2050
85.414874,27.558199,2050
85.41488,27.558201,2050
85.414889,27.558204,2049
85.414911,27.558208,2049
85.414932,27.558208,2049
85.414943,27.558207,2049
85.414955,27.558204,2049
85.414968,27.558201,2049
85.414982,27.558199,2049
85.414996,27.558198,2049
85.415008,27.558197,2049
85.415017,27.558198,2049
85.415025,27.558198,2049
85.415032,27.558199,2049
85.415038,27.5582,2049
85.415045,27.558203,2049
85.415051,27.558206,2049
85.415057,27.558209,2049
85.415063,27.558215,2049
85.415068,27.558224,2048
85.415074,27.558234,2048
85.415082,27.558242,2048
85.415091,27.558247,2048
85.415102,27.55825,2048
85.415111,27.558255,2048
85.415121,27.55826,2048
85.41513,27.558266,2048
85.415138,27.558273,2048
85.415147,27.55828,2048
85.415155,27.558286,2048
85.415163,27.558293,2048
85.415172,27.558297,2047
85.415182,27.558299,2047
85.415192,27.558301,2047
85.415202,27.558301,2047
85.415209,27.558302,2047
85.415214,27.558305,2047
85.415219,27.558308,2047
85.415224,27.558313,2047
85.415229,27.558318,2047
85.415233,27.558324,2047
85.415238,27.558328,2047
85.415243,27.558332,2047
85.415251,27.558337,2047
85.41526,27.558341,2047
85.41527,27.558343,2047
85.415281,27.558344,2047
85.415292,27.558348,2047
85.415303,27.55835,2046
85.415315,27.558352,2046
85.415327,27.558355,2046
85.415337,27.558358,2046
85.41535,27.558363,2046
85.41536,27.558368,2046
85.41537,27.558374,2046
85.415387,27.558389,2046
85.415395,27.558397,2046
85.415403,27.558405,2046
85.415408,27.558411,2046
85.415412,27.558415,2046
85.415417,27.558418,2046
85.415422,27.55842,2046
85.415428,27.558424,2046
85.415436,27.558428,2046
85.415447,27.558434,2046
85.415463,27.558444,2046
85.41547,27.558449,2046
85.415477,27.558453,2046
85.415485,27.558458,2046
85.415492,27.558461,2046
85.415497,27.558464,2046
85.415502,27.558466,2046
85.415505,27.558467,2046
85.415509,27.558467,2046
85.415514,27.558467,2046
85.41552,27.558465,2046
85.415522,27.558465,2046
85.415525,27.558464,2046
85.415528,27.558462,2046
85.415532,27.558461,2046
85.415535,27.55846,2046
85.415538,27.558458,2046
85.415542,27.558457,2046
85.415545,27.558456,2045
85.415548,27.558456,2045
85.415555,27.558453,2045
85.415555,27.558454,2045
85.415556,27.558455,2045
85.415558,27.558455,2045
85.415561,27.558457,2045
85.415565,27.558459,2045
85.415568,27.558459,2045
85.415572,27.55846,2045
85.415576,27.558461,2045
85.415575,27.558465,2045
85.415572,27.55847,2044
85.415571,27.558475,2044
85.415572,27.558482,2044
85.415574,27.558488,2044
85.415578,27.558495,2044
85.415584,27.558502,2044
85.41559,27.55851,2043
85.415595,27.558518,2043
85.4156,27.558525,2043
85.415607,27.558533,2043
85.415616,27.558539,2043
85.41563,27.558547,2043
85.415644,27.558552,2043
85.41566,27.558556,2043
85.415674,27.558558,2042
85.415689,27.558559,2042
85.415703,27.558558,2042
85.415716,27.558557,2042
85.415725,27.558554,2042
85.415733,27.558552,2042
85.415737,27.558551,2042
85.415738,27.55855,2042
85.415739,27.558549,2042
85.415741,27.558547,2042
85.415745,27.558547,2042
85.415749,27.558545,2042
85.415753,27.558543,2041
85.415759,27.558538,2041
85.415766,27.558541,2041
85.415772,27.558544,2041
85.415777,27.558548,2041
85.415783,27.558554,2041
85.415788,27.558562,2041
85.415792,27.55857,2041
85.415794,27.55858,2041
85.415797,27.558589,2041
85.415801,27.558598,2041
85.415806,27.558605,2041
85.415808,27.558611,2041
85.41581,27.558617,2040
85.415811,27.558622,2040
85.415814,27.558627,2040
85.415818,27.558635,2040
85.415831,27.558647,2040
85.415836,27.558653,2040
85.415843,27.558659,2040
85.41585,27.558666,2040
85.415859,27.558674,2040
85.415869,27.558681,2040
85.415877,27.558685,2040
85.415886,27.558689,2040
85.415893,27.558691,2040
85.415898,27.558695,2040
85.415903,27.5587,2039
85.415909,27.558705,2039
85.415915,27.558708,2039
85.41592,27.558711,2039
85.415925,27.558714,2039
85.415928,27.558717,2039
85.415934,27.558721,2039
85.41594,27.558724,2039
85.415945,27.558725,2039
85.415949,27.558729,2039
85.415951,27.558732,2039
85.415953,27.558736,2039
85.415957,27.55874,2039
85.41596,27.558746,2039
85.415965,27.558753,2039
85.415969,27.55876,2039
85.415975,27.558765,2039
85.415979,27.558771,2039
85.41599,27.558778,2039
85.415997,27.55878,2039
85.416005,27.558783,2039
85.416015,27.558787,2039
85.416025,27.558792,2039
85.416035,27.558796,2038
85.416045,27.558799,2038
85.416056,27.5588,2038
85.416066,27.558801,2038
85.416078,27.558801,2038
85.416089,27.558801,2038
85.416099,27.558802,2038
85.416109,27.558804,2038
85.416117,27.558806,2038
85.416125,27.558807,2037
85.416134,27.558806,2037
85.416158,27.558805,2037
85.41617,27.558805,2037
85.416181,27.558804,2037
85.416193,27.558802,2037
85.416204,27.5588,2037
85.416215,27.558796,2037
85.416225,27.558791,2037
85.416231,27.558786,2037
85.416238,27.558781,2036
85.416245,27.558777,2036
85.416252,27.558773,2036
85.41626,27.558768,2036
85.416268,27.558763,2036
85.416274,27.558758,2036
85.41628,27.558753,2036
85.416286,27.558748,2036
85.416288,27.558744,2036
85.416291,27.558739,2036
85.416296,27.558736,2036
85.4163,27.558732,2035
85.416301,27.558726,2035
85.416302,27.558721,2035
85.416306,27.558717,2035
85.416311,27.558713,2035
85.416316,27.558707,2035
85.416323,27.5587,2035
85.416327,27.558693,2035
85.416335,27.558691,2035
85.416342,27.55869,2035
85.416356,27.558686,2035
85.416359,27.558678,2034
85.416368,27.558671,2034
85.416375,27.558663,2034
85.41638,27.558655,2034
85.416383,27.558648,2034
85.416388,27.558641,2034
85.416395,27.558636,2034
85.416402,27.55863,2034
85.416412,27.558625,2034
85.416425,27.558613,2034
85.416434,27.558611,2034
85.416442,27.558608,2033
85.416448,27.558606,2033
85.416452,27.558605,2033
85.416454,27.558602,2033
85.416459,27.558598,2033
85.416475,27.558597,2033
85.416511,27.558596,2033
85.416529,27.558595,2033
85.416546,27.558592,2033
85.416561,27.558588,2033
85.416576,27.558584,2033
85.416591,27.55858,2033
85.416606,27.558574,2033
85.416619,27.558567,2032
85.416632,27.558561,2032
85.416658,27.558549,2032
85.416672,27.558545,2032
85.416686,27.55854,2032
85.416699,27.55854,2032
85.416709,27.55854,2032
85.416714,27.558541,2032
85.416717,27.558541,2032
85.416721,27.558541,2032
85.416727,27.55854,2032
85.416737,27.558539,2032
85.41675,27.558535,2032
85.416766,27.558533,2032
85.41678,27.558529,2032
85.416794,27.558524,2032
85.416806,27.558518,2032
85.416822,27.558514,2032
85.416838,27.558512,2032
85.416851,27.55851,2032
85.416863,27.558509,2032
85.416874,27.558509,2032
85.416885,27.558507,2032
85.416894,27.558505,2032
85.416903,27.558502,2031
85.416911,27.558498,2031
85.41692,27.558493,2031
85.416927,27.558489,2031
85.416936,27.558487,2031
85.416946,27.558484,2031
85.416954,27.558481,2031
85.416964,27.558479,2031
85.416971,27.558476,2031
85.416977,27.558472,2031
85.416984,27.558468,2031
85.416992,27.558465,2031
85.416999,27.558462,2031
85.417008,27.558458,2031
85.417016,27.558453,2031
85.417024,27.558449,2030
85.417031,27.558443,2030
85.417032,27.558437,2030
85.417032,27.55843,2030
85.417032,27.558423,2030
85.417033,27.558416,2030
85.417039,27.558409,2030
85.417043,27.558403,2030
85.417047,27.558396,2030
85.417053,27.558389,2030
85.417058,27.558381,2030
85.417066,27.558374,2030
85.417073,27.558366,2030
85.417081,27.558358,2030
85.417088,27.558353,2030
85.417095,27.55835,2030
85.417103,27.55835,2030
85.417107,27.558351,2030
85.417109,27.558353,2030
85.417112,27.558357,2030
85.41712,27.558357,2030
85.41713,27.558359,2029
85.417145,27.558361,2029
85.417166,27.558364,2029
85.417182,27.558369,2029
85.417198,27.558373,2029
85.417224,27.558381,2029
85.417255,27.558385,2029
85.417271,27.558387,2029
85.417289,27.55839,2029
85.417307,27.558394,2029
85.417324,27.558399,2029
85.417342,27.558405,2029
85.41736,27.558405,2029
85.417378,27.558404,2029
85.417395,27.558404,2029
85.417411,27.558404,2029
85.417426,27.558402,2029
85.41744,27.558401,2029
85.417454,27.5584,2029
85.417468,27.5584,2029
85.417481,27.558402,2029
85.417493,27.558403,2029
85.417504,27.558404,2029
85.417515,27.558408,2029
85.417527,27.55841,2029
85.417539,27.558412,2029
85.41755,27.558414,2028
85.41756,27.558416,2028
85.417568,27.558418,2028
85.417575,27.558422,2028
85.417581,27.558426,2028
85.417588,27.558431,2028
85.417595,27.558434,2028
85.417604,27.558437,2028
85.417614,27.558439,2028
85.417624,27.558442,2028
85.417634,27.558444,2028
85.417643,27.558446,2028
85.41765,27.558447,2028
85.417657,27.558449,2027
85.417665,27.558449,2027
85.417671,27.558449,2027
85.41768,27.558449,2027
85.417689,27.558448,2027
85.4177,27.558448,2027
85.417709,27.55845,2027
85.417719,27.558454,2027
85.417727,27.558458,2027
85.417735,27.558464,2026
85.417743,27.558468,2026
85.417751,27.558473,2026
85.417759,27.558477,2026
85.417766,27.558481,2026
85.417772,27.558485,2026
85.417776,27.558489,2026
85.417778,27.558493,2026
85.417781,27.558498,2026
85.417783,27.558504,2026
85.417786,27.558511,2025
85.417791,27.558518,2025
85.417796,27.558525,2025
85.417803,27.558531,2025
85.417808,27.558537,2025
85.417812,27.558542,2025
85.417817,27.558544,2025
85.417825,27.558548,2025
85.417833,27.558551,2025
85.417841,27.558556,2025
85.417849,27.558559,2025
85.417858,27.558561,2024
85.417868,27.558562,2024
85.417874,27.558562,2024
85.41788,27.558564,2024
85.417888,27.558565,2024
85.417896,27.558567,2024
85.417904,27.55857,2024
85.417912,27.558573,2024
85.417921,27.558577,2024
85.417929,27.55858,2024
85.417934,27.558586,2024
85.417939,27.558592,2023
85.417944,27.558599,2023
85.417949,27.558605,2023
85.417955,27.558607,2023
85.417962,27.558607,2023
85.41797,27.558605,2023
85.417978,27.558603,2023
85.417985,27.558602,2023
85.417989,27.558603,2023
85.417993,27.558604,2023
85.417998,27.558604,2023
85.418001,27.558604,2022
85.418008,27.558606,2022
85.418012,27.558607,2022
85.418016,27.558609,2022
85.418021,27.558612,2022
85.418027,27.558616,2022
85.418033,27.55862,2022
85.41804,27.558625,2022
85.418046,27.558631,2022
85.418053,27.558636,2022
85.418063,27.558646,2022
85.418066,27.558651,2022
85.418072,27.558653,2022
85.418086,27.558655,2022
85.418093,27.558656,2022
85.418105,27.558659,2022
85.418111,27.55866,2022
85.418127,27.558663,2021
85.418148,27.558666,2021
85.418158,27.558669,2021
85.418164,27.558673,2021
85.41817,27.558677,2021
85.418174,27.558682,2021
85.418178,27.558687,2021
85.418183,27.55869,2021
85.418189,27.558693,2021
85.418197,27.558695,2021
85.418205,27.558697,2021
85.418215,27.558699,2021
85.418224,27.558703,2021
85.418234,27.558708,2020
85.418245,27.558713,2020
85.418254,27.558715,2020
85.418261,27.558718,2020
85.418269,27.558721,2020
85.418277,27.558726,2020
85.418286,27.558731,2020
85.418294,27.558736,2020
85.418303,27.558743,2020
85.418311,27.558748,2020
85.418318,27.558752,2020
85.418324,27.558757,2020
85.418331,27.558759,2020
85.418339,27.558761,2020
85.418346,27.558762,2020
85.418353,27.55876,2020
85.418359,27.558758,2020
85.418367,27.558756,2020
85.418375,27.558754,2020
85.418382,27.558752,2020
85.41839,27.558751,2020
85.418397,27.55875,2020
85.418405,27.558751,2020
85.418413,27.558751,2020
85.418421,27.558752,2020
85.418431,27.558754,2020
85.41844,27.558755,2020
85.41845,27.558757,2020
85.418459,27.558758,2020
85.418469,27.558759,2020
85.418478,27.558761,2020
85.418486,27.558763,2019
85.418496,27.558764,2019
85.418506,27.558765,2019
85.418516,27.558767,2019
85.418527,27.55877,2019
85.418538,27.558774,2019
85.41855,27.558777,2019
85.418559,27.558778,2019
85.418568,27.558779,2019
85.418577,27.558779,2019
85.418587,27.558779,2019
85.418609,27.558776,2019
85.418623,27.558776,2019
85.418635,27.558777,2019
85.41865,27.558777,2019
85.418658,27.558778,2018
85.418667,27.55878,2018
85.418677,27.558782,2018
85.418688,27.558785,2018
85.418699,27.558785,2018
85.41871,27.558786,2018
85.41872,27.558786,2018
85.418729,27.558786,2018
85.41874,27.558786,2018
85.41875,27.558784,2018
85.418761,27.558784,2018
85.418772,27.558785,2018
85.418785,27.558786,2018
85.418799,27.558787,2017
85.418812,27.558788,2017
85.418823,27.558789,2017
85.418834,27.558791,2017
85.418844,27.558793,2017
85.418856,27.558793,2017
85.418868,27.558795,2017
85.418881,27.558798,2017
85.418894,27.558801,2017
85.418906,27.558804,2017
85.418916,27.558809,2017
85.418926,27.558814,2017
85.418936,27.558819,2016
85.418948,27.558822,2016
85.41896,27.558825,2016
85.418973,27.558828,2016
85.418986,27.55883,2016
85.418997,27.558834,2016
85.419008,27.558838,2016
85.419019,27.558843,2016
85.419029,27.558846,2016
85.41904,27.558847,2015
85.419051,27.558848,2015
85.419062,27.558851,2015
85.419075,27.558853,2015
85.419086,27.558858,2015
85.419096,27.558863,2015
85.419108,27.558867,2015
85.41912,27.558872,2015
85.419131,27.558877,2015
85.419144,27.558881,2015
85.419156,27.558884,2015
85.419168,27.558885,2015
85.419181,27.558884,2015
85.419194,27.558883,2014
85.419207,27.558882,2014
85.419221,27.558881,2014
85.419234,27.55888,2014
85.419247,27.558881,2014
85.41926,27.558883,2014
85.419273,27.558885,2014
85.419286,27.558886,2014
85.419301,27.558887,2014
85.419316,27.558889,2014
85.419331,27.558891,2014
85.419346,27.558893,2014
85.419361,27.558895,2014
85.419374,27.558898,2013
85.419386,27.558901,2013
85.419397,27.558904,2013
85.419408,27.558909,2013
85.41942,27.558913,2013
85.419432,27.558917,2013
85.419444,27.55892,2013
85.419455,27.558923,2013
85.419467,27.558925,2013
85.419477,27.558926,2013
85.419487,27.558926,2012
85.419498,27.558927,2012
85.419509,27.558928,2012
85.41952,27.558929,2012
85.419531,27.558931,2012
85.419542,27.558932,2012
85.419552,27.558932,2012
85.419563,27.558931,2012
85.419586,27.558931,2012
85.419597,27.558931,2012
85.419608,27.55893,2011
85.419617,27.558929,2011
85.419627,27.558928,2011
85.419638,27.558926,2011
85.419649,27.558925,2011
85.419662,27.558926,2011
85.419675,27.558925,2011
85.419701,27.558921,2011
85.419714,27.558918,2011
85.419727,27.558914,2011
85.41974,27.558909,2010
85.419751,27.558906,2010
85.419763,27.558904,2010
85.419774,27.558903,2010
85.419799,27.558905,2010
85.419812,27.558906,2010
85.419824,27.558907,2010
85.419835,27.558908,2010
85.419845,27.558908,2010
85.419854,27.558905,2009
85.419874,27.5589,2009
85.419883,27.558897,2009
85.419894,27.558895,2009
85.419916,27.558889,2008
85.419927,27.558884,2008
85.419938,27.558879,2008
85.41995,27.558873,2008
85.419973,27.558859,2008
85.419985,27.558855,2008
85.419998,27.558854,2007
85.42001,27.558854,2007
85.42002,27.558855,2007
85.420031,27.558854,2007
85.420042,27.558852,2007
85.420054,27.558847,2006
85.420064,27.558839,2006
85.420074,27.558831,2006
85.420083,27.558828,2006
85.420092,27.558827,2006
85.420101,27.558833,2006
85.420112,27.558841,2006
85.420127,27.558851,2005
85.420148,27.55886,2005
85.42017,27.558871,2005
85.420197,27.558877,2005
85.420213,27.558878,2005
85.420229,27.558878,2005
85.420245,27.558875,2005
85.42026,27.558871,2004
85.420276,27.558864,2004
85.420307,27.558847,2004
85.420323,27.558837,2004
85.420353,27.55882,2004
85.420369,27.558815,2004
85.420383,27.558812,2003
85.420396,27.558807,2003
85.420409,27.558801,2003
85.420418,27.558799,2003
85.420427,27.558798,2003
85.420434,27.558794,2003
85.420442,27.558792,2002
85.42045,27.558792,2002
85.420459,27.558793,2002
85.420467,27.558795,2002
85.420474,27.558797,2002
85.420482,27.558798,2002
85.42049,27.558797,2002
85.420498,27.558792,2001
85.420506,27.558789,2001
85.420513,27.558786,2001
85.420519,27.558783,2001
85.420527,27.558782,2001
85.420536,27.558781,2001
85.420546,27.558781,2001
85.420555,27.558779,2001
85.420565,27.558776,2001
85.420575,27.558774,2001
85.420586,27.558772,2000
85.420598,27.558768,2000
85.420612,27.558764,2000
85.420627,27.558761,2000
85.420643,27.558759,2000
85.42066,27.558755,2000
85.420676,27.558751,2000
85.420692,27.558749,2000
85.420708,27.558745,2000
85.420725,27.55874,2000
85.42074,27.558738,1999
85.420752,27.558738,1999
85.420764,27.558741,1999
85.420778,27.558745,1999
85.420795,27.558745,1999
85.42081,27.558745,1999
85.420825,27.558745,1999
85.42084,27.558746,1998
85.420854,27.558746,1998
85.420866,27.558746,1998
85.420876,27.558747,1998
85.420885,27.558749,1998
85.420894,27.558751,1998
85.420903,27.558753,1998
85.420913,27.558754,1997
85.420923,27.558756,1997
85.420932,27.55876,1997
85.420942,27.558767,1997
85.42095,27.558775,1997
85.420959,27.558783,1997
85.42097,27.55879,1997
85.42098,27.558795,1996
85.420991,27.558799,1996
85.421003,27.558801,1996
85.421015,27.558804,1996
85.421026,27.558805,1996
85.421038,27.558806,1996
85.42105,27.558806,1995
85.421061,27.558807,1995
85.421071,27.558809,1995
85.421082,27.558812,1995
85.421093,27.558814,1995
85.421104,27.558818,1995
85.421117,27.55882,1994
85.421129,27.558822,1994
85.42114,27.558824,1994
85.42115,27.558826,1994
85.421159,27.558827,1994
85.421169,27.558827,1993
85.421177,27.558827,1993
85.421186,27.558829,1993
85.421196,27.558832,1993
85.421207,27.558834,1993
85.421219,27.558835,1993
85.421231,27.558837,1993
85.421244,27.558838,1992
85.421258,27.558837,1992
85.421272,27.558836,1992
85.421285,27.558833,1992
85.421299,27.558832,1992
85.421313,27.558836,1992
85.421327,27.558842,1992
85.421338,27.558847,1991
85.421349,27.558854,1991
85.42136,27.55886,1991
85.421369,27.558864,1991
85.42138,27.558867,1991
85.421392,27.558869,1991
85.421404,27.558869,1991
85.421417,27.55887,1991
85.421431,27.55887,1991
85.421446,27.55887,1991
85.42146,27.558871,1991
85.421476,27.558873,1990
85.421492,27.558876,1990
85.421508,27.558878,1990
85.421523,27.55888,1990
85.421537,27.558881,1990
85.421549,27.558884,1990
85.421562,27.558889,1990
85.421574,27.558895,1990
85.421585,27.558902,1990
85.421595,27.558909,1990
85.421614,27.558924,1990
85.421624,27.558928,1990
85.421635,27.558931,1990
85.421645,27.558933,1990
85.421656,27.558935,1990
85.421666,27.558938,1990
85.421676,27.558941,1990
85.421686,27.558945,1990
85.421697,27.558948,1990
85.421708,27.558952,1990
85.421719,27.558954,1990
85.421731,27.558956,1990
85.421754,27.558961,1990
85.421764,27.558963,1990
85.421775,27.558966,1990
85.421787,27.558969,1990
85.421799,27.558974,1990
85.421811,27.558978,1990
85.421832,27.558987,1990
85.421843,27.558992,1990
85.421853,27.558997,1990
85.421862,27.559,1990
85.421871,27.559001,1990
85.42188,27.559003,1989
85.421891,27.559004,1989
85.421901,27.559006,1989
85.421911,27.559009,1989
85.421919,27.559012,1989
85.421928,27.559016,1989
85.421937,27.559018,1989
85.421946,27.55902,1989
85.421954,27.559022,1989
85.421963,27.559023,1989
85.42198,27.559024,1988
85.421988,27.559024,1988
85.421997,27.559024,1988
85.422005,27.559024,1988
85.422014,27.559023,1988
85.422023,27.559023,1988
85.422032,27.559021,1988
85.422041,27.559018,1988
85.42205,27.559015,1988
85.422059,27.559012,1988
85.422067,27.559009,1988
85.422077,27.559007,1987
85.422088,27.559005,1987
85.422098,27.559003,1987
85.422109,27.559003,1987
85.42212,27.559003,1987
85.422131,27.559002,1987
85.422141,27.559001,1987
85.422151,27.558999,1987
85.42216,27.558998,1987
85.422171,27.558997,1987
85.422181,27.558996,1987
85.422192,27.558993,1987
85.422202,27.558991,1986
85.422213,27.55899,1986
85.422224,27.558989,1986
85.422236,27.55899,1986
85.422248,27.55899,1986
85.42226,27.558989,1986
85.422273,27.558988,1986
85.422286,27.558987,1986
85.4223,27.558986,1986
85.422315,27.558984,1986
85.422328,27.558982,1986
85.422336,27.55898,1986
85.422343,27.558978,1986
85.422349,27.558975,1985
85.422356,27.558971,1985
85.422361,27.558966,1985
85.422366,27.558962,1985
85.422372,27.558958,1985
85.422378,27.558955,1985
85.422383,27.558951,1985
85.422388,27.558946,1985
85.422395,27.558943,1985
85.422402,27.558941,1985
85.422409,27.55894,1985
85.422416,27.558939,1985
85.422423,27.558939,1985
85.422434,27.558939,1985
85.422445,27.55894,1985
85.422456,27.55894,1985
85.422469,27.55894,1984
85.42248,27.558937,1984
85.422487,27.558933,1984
85.422495,27.558927,1984
85.4225,27.558922,1984
85.422507,27.558916,1984
85.422511,27.55891,1984
85.422517,27.558904,1984
85.422526,27.5589,1984
85.422534,27.558895,1984
85.422543,27.558894,1984
85.422552,27.558893,1984
85.422563,27.558891,1984
85.422573,27.55889,1983
85.422581,27.558888,1983
85.422583,27.558885,1983
85.422585,27.558881,1983
85.422587,27.558877,1983
85.422588,27.558873,1983
85.422591,27.558869,1983
85.422594,27.558867,1983
85.422601,27.558867,1983
85.422606,27.558868,1983
85.422613,27.558868,1983
85.422623,27.558866,1983
85.422633,27.558865,1983
85.422642,27.558863,1982
85.422652,27.558861,1982
85.422664,27.558861,1982
85.422674,27.558862,1982
85.422683,27.55886,1982
85.422692,27.558856,1982
85.422702,27.558851,1982
85.422713,27.558843,1982
85.422724,27.558837,1982
85.422734,27.558829,1982
85.422744,27.558822,1982
85.422753,27.558816,1982
85.42276,27.558813,1982
85.422766,27.558812,1981
85.422774,27.558811,1981
85.422781,27.558811,1981
85.422791,27.558812,1981
85.42281,27.558818,1981
85.42283,27.558826,1981
85.422841,27.55883,1981
85.422852,27.558834,1981
85.422862,27.558835,1981
85.422866,27.558833,1981
85.422871,27.558832,1981
85.422876,27.55883,1981
85.422883,27.558827,1981
85.422893,27.558824,1981
85.422903,27.558819,1981
85.422912,27.558814,1980
85.42292,27.558807,1980
85.42293,27.5588,1980
85.42294,27.558792,1980
85.422951,27.558782,1980
85.422961,27.558768,1980
85.42297,27.558751,1980
85.422981,27.558739,1980
85.422992,27.558726,1980
85.423004,27.558716,1980
85.423018,27.558707,1980
85.423042,27.558691,1980
85.423053,27.558687,1980
85.423063,27.558687,1980
85.423067,27.558688,1980
85.42307,27.558687,1980
85.423072,27.558687,1980
85.423071,27.558686,1980
85.423071,27.558685,1980
85.423074,27.558685,1980
85.423078,27.558685,1980
85.423085,27.558686,1980
85.423091,27.558687,1980
85.423097,27.558689,1980
85.423103,27.55869,1980
85.423109,27.55869,1980
85.423115,27.558689,1980
85.423118,27.558688,1980
85.42312,27.55869,1980
85.423121,27.558692,1980
85.423121,27.558695,1980
85.42312,27.558698,1979
85.42312,27.558702,1979
85.423122,27.558705,1979
85.423124,27.558708,1979
85.423126,27.558709,1979
85.423129,27.558709,1979
85.423133,27.558709,1979
85.423136,27.558707,1979
85.423138,27.558705,1979
85.423136,27.558703,1979
85.423135,27.558702,1979
85.423132,27.558702,1979
85.42313,27.558701,1979
85.423129,27.558702,1979
85.423132,27.558701,1979
85.423134,27.558699,1979
85.42314,27.558699,1979
85.423146,27.558697,1979
85.423151,27.558693,1979
85.423159,27.55869,1978
85.423167,27.558686,1978
85.423174,27.558682,1978
85.423181,27.558677,1978
85.423188,27.558671,1978
85.423195,27.558666,1978
85.423202,27.55866,1978
85.423211,27.558654,1978
85.423221,27.558651,1978
85.423232,27.558649,1978
85.423244,27.55865,1978
85.423254,27.558649,1978
85.423264,27.558648,1978
85.423271,27.558644,1978
85.423279,27.55864,1978
85.423289,27.558634,1978
85.423301,27.558628,1977
85.423312,27.558621,1977
85.423325,27.558617,1977
85.423339,27.558615,1977
85.423356,27.558614,1977
85.423373,27.558612,1977
85.42339,27.558611,1977
85.42341,27.55861,1977
85.423428,27.558608,1977
85.423445,27.558605,1976
85.42346,27.5586,1976
85.423475,27.558595,1976
85.423487,27.558589,1976
85.423512,27.558581,1976
85.423526,27.558577,1976
85.423542,27.558574,1975
85.42356,27.558569,1975
85.423576,27.558564,1975
85.42359,27.558562,1975
85.423602,27.55856,1975
85.423613,27.558558,1975
85.423624,27.558555,1975
85.423633,27.558553,1975
85.423643,27.558553,1974
85.423652,27.558552,1974
85.423661,27.55855,1974
85.423669,27.558547,1974
85.423676,27.558543,1974
85.423683,27.55854,1974
85.423691,27.558537,1974
85.423701,27.558536,1974
85.423712,27.558535,1974
85.423726,27.558533,1973
85.423756,27.558527,1973
85.423768,27.558524,1973
85.423787,27.558512,1973
85.423796,27.558506,1973
85.423806,27.558501,1973
85.423817,27.558498,1973
85.423829,27.558495,1973
85.423841,27.558491,1973
85.423853,27.558489,1973
85.423878,27.558489,1973
85.423892,27.558489,1973
85.423905,27.558491,1973
85.42392,27.558492,1973
85.423936,27.558493,1973
85.423948,27.558492,1973
85.423958,27.558491,1972
85.423969,27.558489,1972
85.423979,27.558489,1972
85.423988,27.558491,1972
85.423994,27.558493,1972
85.424,27.558496,1972
85.424004,27.558497,1972
85.424007,27.558498,1972
85.42401,27.558498,1972
85.424011,27.558499,1972
85.424011,27.5585,1972
85.424009,27.558505,1972
85.424006,27.558507,1973
85.424005,27.558508,1973
85.424005,27.558509,1973
85.424007,27.558509,1973
85.424009,27.55851,1973
85.424012,27.558511,1973
85.424013,27.558511,1973
85.424014,27.558511,1973
85.424013,27.558511,1973
85.424012,27.558511,1973
85.424011,27.55851,1973
85.42401,27.558511,1973
85.424009,27.55851,1973
85.424007,27.558511,1973
85.424003,27.558509,1973
85.423999,27.558509,1973
85.423997,27.558509,1973
85.423993,27.55851,1973
85.42399,27.558512,1973
85.423989,27.558513,1973
85.423989,27.558516,1973
85.423991,27.558519,1973
85.423993,27.558521,1973
85.423994,27.558524,1973
85.423993,27.558527,1973
85.423991,27.558529,1973
85.423986,27.55853,1973
85.423981,27.558531,1973
85.423979,27.558532,1973
85.423978,27.558533,1973
85.423977,27.558534,1973
85.423976,27.558535,1973
85.423974,27.558535,1973
85.423973,27.558534,1973
85.423972,27.558533,1973
85.423972,27.558534,1973
85.423972,27.558535,1973
85.423971,27.558536,1973
85.423971,27.558537,1973
85.42397,27.558538,1973
85.423969,27.558538,1973
85.423966,27.558541,1973
85.423963,27.558543,1973
85.423961,27.558545,1973
85.423959,27.558546,1973
85.423958,27.558547,1973
85.423957,27.558547,1973
85.423956,27.558547,1973
85.423955,27.558547,1973
85.423954,27.558547,1973
85.423953,27.558548,1973
85.423951,27.558548,1973
85.423948,27.558549,1973
85.423945,27.55855,1973
85.423944,27.558553,1973
85.423945,27.558555,1973
85.423944,27.558557,1973
85.423943,27.55856,1973
85.423943,27.558562,1973
85.423943,27.558563,1973
85.423943,27.558564,1973
85.423943,27.558565,1973
85.423943,27.558566,1973
85.423943,27.558567,1973
85.423943,27.558568,1973
85.423942,27.558568,1973
85.42394,27.558568,1973
85.423939,27.558569,1973
85.423936,27.558569,1973
85.423935,27.558569,1973
85.423935,27.55857,1973
85.423936,27.55857,1973
85.423936,27.558571,1973
85.423936,27.55857,1973
85.423937,27.558569,1973
85.423937,27.558568,1973
85.423938,27.558568,1973
85.423939,27.558568,1973
85.423938,27.558569,1973
85.423936,27.558569,1973
85.423936,27.55857,1972
85.423934,27.558571,1972
85.423932,27.558572,1972
85.423929,27.558574,1972
85.423926,27.558574,1972
85.423925,27.558576,1972
85.423925,27.558577,1972
85.423925,27.558578,1972
85.423926,27.558578,1972
85.423926,27.558579,1972
85.423927,27.558579,1972
85.423929,27.558582,1972
85.423931,27.558585,1972
85.423932,27.558587,1972
85.423934,27.558588,1972
85.423936,27.558588,1972
85.423938,27.558587,1973
85.42394,27.558585,1973
85.423943,27.558584,1973
85.423946,27.558582,1973
85.423948,27.55858,1973
85.423949,27.558578,1973
85.42395,27.558579,1973
85.42395,27.55858,1973
85.423949,27.55858,1973
85.423948,27.558579,1973
85.423947,27.558576,1973
85.423946,27.558573,1973
85.423946,27.558571,1973
85.423947,27.558567,1973
85.423949,27.558564,1973
85.423952,27.558559,1973
85.423956,27.558556,1973
85.423959,27.558553,1973
85.423964,27.558554,1973
85.423969,27.558554,1974
85.423975,27.558554,1974
85.423981,27.558554,1974
85.423986,27.558554,1974
85.423991,27.558554,1974
85.423998,27.558554,1974
85.424004,27.558555,1974
85.424009,27.558556,1974
85.424012,27.558557,1974
85.424016,27.558558,1974
85.424023,27.558557,1974
85.424031,27.558557,1975
85.424038,27.558555,1975
85.424045,27.558553,1975
85.424052,27.558551,1975
85.424058,27.558547,1975
85.424064,27.558543,1975
85.424068,27.558538,1975
85.424072,27.558534,1975
85.424075,27.55853,1975
85.424076,27.558526,1975
85.424077,27.558522,1975
85.424078,27.55852,1975
85.424079,27.558517,1975
85.42408,27.558516,1975
85.42408,27.558515,1975
85.42408,27.558514,1975
85.424081,27.558512,1975
85.424081,27.558511,1976
85.424081,27.558506,1976
85.424081,27.5585,1976
85.424082,27.558493,1976
85.424084,27.558485,1976
85.424087,27.558479,1976
85.42409,27.558476,1976
85.424093,27.558475,1976
85.424095,27.558474,1976
85.424095,27.558473,1976
85.424095,27.558472,1976
85.424093,27.55847,1976
85.424091,27.558469,1976
85.424088,27.558464,1976
85.424084,27.558458,1976
85.424079,27.558453,1976
85.424074,27.558448,1976
85.42407,27.558442,1976
85.424068,27.558432,1976
85.424069,27.558423,1977
85.424071,27.558414,1977
85.424072,27.558405,1977
85.424073,27.558393,1977
85.424073,27.558383,1977
85.424073,27.558372,1977
85.424073,27.558362,1977
85.424074,27.558352,1977
85.424074,27.558342,1977
85.424074,27.558333,1977
85.424073,27.558326,1977
85.424071,27.558321,1978
85.424069,27.558318,1978
85.424064,27.558315,1978
85.424062,27.558314,1978
85.42406,27.558313,1978
85.424058,27.558313,1978
85.424055,27.558311,1978
85.424054,27.558308,1978
85.424052,27.558303,1978
85.42405,27.558299,1978
85.424048,27.558288,1978
85.424046,27.558282,1979
85.424044,27.558276,1979
85.42404,27.558265,1979
85.424039,27.55826,1979
85.424039,27.558255,1979
85.424038,27.55825,1979
85.424036,27.558244,1980
85.424032,27.558234,1980
85.42403,27.558219,1980
85.424031,27.558211,1980
85.424033,27.558195,1980
85.424034,27.55819,1980
85.424033,27.558184,1980
85.424031,27.558179,1980
85.424029,27.558174,1980
85.424028,27.558169,1981
85.424027,27.558165,1981
85.424024,27.558161,1981
85.42402,27.558157,1981
85.424016,27.558153,1981
85.424013,27.55815,1981
85.42401,27.558146,1981
85.424009,27.558141,1981
85.424008,27.558137,1981
85.424007,27.558133,1981
85.424006,27.558129,1981
85.424007,27.558125,1981
85.424009,27.558123,1981
85.424009,27.558119,1981
85.42401,27.558116,1981
85.424011,27.558114,1981
85.42401,27.558111,1982
85.424009,27.558106,1982
85.424006,27.558101,1982
85.424003,27.558096,1982
85.424,27.558091,1982
85.423997,27.558086,1982
85.423995,27.558083,1982
85.423992,27.55808,1982
85.423988,27.558075,1982
85.423981,27.558071,1982
85.423976,27.558064,1982
85.423972,27.558056,1982
85.423966,27.558049,1982
85.423962,27.558042,1983
85.423956,27.558034,1983
85.423949,27.558025,1983
85.423943,27.558017,1983
85.423938,27.558008,1983
85.423932,27.558,1983
85.423927,27.557994,1983
85.423922,27.557987,1983
85.423918,27.55798,1983
85.423913,27.557974,1983
85.42391,27.557967,1983
85.423909,27.557961,1983
85.423905,27.557959,1983
85.4239,27.557956,1983
85.423894,27.557953,1983
85.423889,27.55795,1983
85.423886,27.557945,1983
85.423885,27.557938,1983
85.423882,27.557933,1983
85.423878,27.557927,1983
85.423875,27.557921,1983
85.423874,27.557914,1983
85.42387,27.557908,1983
85.423865,27.557902,1983
85.423861,27.557895,1983
85.423859,27.557889,1983
85.423857,27.557883,1983
85.423854,27.557877,1983
85.42385,27.557868,1984
85.423844,27.557859,1984
85.423839,27.55785,1984
85.423835,27.557841,1984
85.423831,27.557832,1984
85.423827,27.557823,1984
85.423823,27.557815,1984
85.423818,27.557808,1984
85.423813,27.557799,1984
85.423807,27.55779,1984
85.423803,27.557782,1984
85.423797,27.557775,1985
85.423792,27.557769,1985
85.423788,27.557764,1985
85.423786,27.557759,1985
85.423782,27.557754,1985
85.423779,27.55775,1985
85.423776,27.557747,1986
85.423772,27.557743,1986
85.423769,27.557738,1986
85.423768,27.557732,1986
85.423766,27.557724,1986
85.423768,27.557718,1986
85.42377,27.557711,1986
85.423771,27.557705,1986
85.423772,27.557701,1986
85.423773,27.557699,1986
85.423772,27.557699,1986
85.42377,27.557698,1986
85.423769,27.557695,1986
85.423769,27.557693,1986
85.42377,27.557693,1986
85.423769,27.557693,1986
85.423768,27.557692,1986
85.423768,27.557693,1986
85.423768,27.557694,1986
85.423769,27.557695,1986
85.423768,27.557694,1986
85.42377,27.557694,1986
85.423771,27.557694,1986
85.423772,27.557694,1986
85.423774,27.557695,1986
85.423775,27.557696,1986
85.423776,27.557697,1986
85.423775,27.557696,1986
85.423774,27.557697,1986
85.423774,27.557698,1986
85.423775,27.557698,1986
85.423776,27.557698,1986
85.423775,27.557698,1986
85.423774,27.557699,1986
85.423772,27.557699,1986
85.42377,27.557699,1986
85.423769,27.5577,1986
85.423767,27.557701,1986
85.423765,27.557702,1986
85.423763,27.557703,1986
85.423759,27.557704,1986
85.423754,27.557706,1986
85.423751,27.557707,1986
85.423747,27.557706,1986
85.423745,27.557706,1986
85.423743,27.557707,1986
85.423741,27.557708,1986
85.42374,27.557709,1986
85.423739,27.55771,1986
85.423738,27.557711,1986
85.423735,27.557712,1986
85.423733,27.557712,1986
85.423731,27.557713,1986
85.42373,27.557712,1986
85.423731,27.557713,1986
85.423731,27.557714,1986
85.423732,27.557714,1986
85.423731,27.557714,1986
85.423732,27.557714,1986
85.423731,27.557715,1986
85.42373,27.557715,1986
85.423729,27.557715,1986
85.423729,27.557714,1986
85.42373,27.557714,1986
85.423731,27.557714,1986
85.42373,27.557714,1986
85.423729,27.557714,1986
85.423729,27.557715,1986
85.423728,27.557716,1986
85.423728,27.557717,1986
85.423728,27.557718,1986
85.423729,27.557718,1986
85.423728,27.557718,1986
85.423729,27.557718,1986
85.423729,27.557719,1986
85.423729,27.55772,1986
85.423729,27.557721,1986
85.423729,27.557722,1986
85.423729,27.557723,1986
85.423728,27.557724,1986
85.423727,27.557724,1986
85.423724,27.557723,1986
85.42372,27.557723,1986
85.423717,27.557723,1986
85.423716,27.557723,1986
85.423716,27.557722,1986
85.423716,27.557721,1986
85.423717,27.55772,1986
85.423717,27.557718,1986
85.423718,27.557716,1986
85.423717,27.557715,1986
85.423716,27.557716,1986
85.423715,27.557714,1986
85.423714,27.557712,1986
85.423713,27.55771,1986
85.423713,27.557709,1986
85.423713,27.557708,1986
85.423713,27.557707,1986
85.423713,27.557704,1986
85.423713,27.5577,1986
85.423713,27.557698,1986
85.423713,27.557696,1986
85.423715,27.557696,1986
85.423716,27.557696,1986
85.423717,27.557695,1986
85.423716,27.557696,1986
85.423714,27.557697,1986
85.423713,27.557699,1986
85.423712,27.5577,1986
85.42371,27.5577,1986
85.42371,27.557702,1986
85.42371,27.557703,1986
85.423711,27.557704,1986
85.423713,27.557704,1986
85.423715,27.557703,1986
85.42372,27.557702,1986
85.423723,27.557702,1986
85.423727,27.557702,1986
85.423725,27.557704,1986
85.423725,27.557703,1986
85.423717,27.557699,1986
85.423717,27.5577,1986
85.423719,27.557702,1986
85.423721,27.557704,1986
85.423723,27.557706,1986
85.423723,27.557708,1986
85.423727,27.557711,1986
85.42373,27.557711,1986
85.423734,27.557711,1986
85.423739,27.55771,1986
85.423742,27.557708,1986
85.423742,27.557706,1986
85.42374,27.557708,1986
85.42374,27.55771,1986
85.423738,27.55771,1986
85.423736,27.55771,1986
85.423737,27.55771,1986
85.423733,27.557709,1986
85.423735,27.557703,1986
85.423744,27.557691,1986
85.423751,27.557688,1986
85.423756,27.557685,1986
85.423758,27.557682,1986
85.42376,27.557677,1986
85.423762,27.557673,1986
85.423763,27.557669,1986
85.423764,27.557665,1986
85.423765,27.557663,1986
85.423765,27.557662,1986
85.423766,27.557661,1986
85.423767,27.55766,1986
85.423769,27.557659,1986
85.423771,27.557658,1986
85.423773,27.557658,1986
85.423776,27.557658,1986
85.423779,27.557657,1986
85.423788,27.557655,1986
85.423796,27.557654,1986
85.423803,27.557655,1986
85.423809,27.557656,1986
85.42381,27.557657,1986
85.423811,27.557659,1986
85.423811,27.557658,1986
85.423812,27.557656,1986
85.423812,27.557654,1986
85.423813,27.557652,1986
85.423814,27.557651,1986
85.423816,27.557649,1986
85.423818,27.557648,1986
85.42382,27.557646,1986
85.423823,27.557644,1986
85.423827,27.557642,1986
85.423831,27.55764,1986
85.423833,27.55764,1986
85.423833,27.557639,1986
85.42383,27.557639,1986
85.423822,27.557642,1986
85.423816,27.557645,1986
85.423813,27.557648,1986
85.42381,27.557647,1986
85.423807,27.557645,1986
85.423803,27.557642,1986
85.423799,27.557639,1986
85.423797,27.557639,1986
85.423793,27.557642,1986
85.423789,27.557646,1986
85.423785,27.557651,1986
85.423781,27.557655,1986
85.423778,27.557658,1986
85.423774,27.55766,1986
85.423771,27.557662,1986
85.423768,27.557663,1986
85.423765,27.557664,1986
85.423762,27.557664,1986
85.42376,27.557665,1986
85.423758,27.557666,1986
85.423754,27.557668,1986
85.42375,27.55767,1986
85.423747,27.557672,1986
85.423746,27.557673,1986
85.423745,27.557674,1986
85.423745,27.557675,1986
85.423744,27.557676,1986
85.423742,27.557678,1986
85.423741,27.55768,1986
85.423741,27.557681,1986
85.423741,27.557682,1986
85.42374,27.557682,1986
85.423738,27.557682,1986
85.423737,27.557682,1986
85.423736,27.557683,1986
85.423736,27.557684,1986
85.423735,27.557684,1986
85.423734,27.557685,1986
85.423734,27.557686,1986
85.423733,27.557687,1986
85.42373,27.557688,1986
85.423728,27.557689,1986
85.423728,27.55769,1986
85.423726,27.557691,1986
85.423725,27.557692,1986
85.423723,27.557694,1986
85.423722,27.557694,1986
85.423721,27.557695,1986
85.423719,27.557696,1986
85.423718,27.557697,1986
85.423717,27.557698,1986
85.423716,27.557698,1986
85.423715,27.5577,1986
85.423708,27.557702,1986
85.423702,27.557704,1986
85.423699,27.557704,1986
85.423697,27.557705,1987
85.423695,27.557706,1987
85.423693,27.557706,1987
85.423692,27.557707,1986
85.423693,27.557708,1986
85.423694,27.557709,1986
85.423695,27.55771,1986
85.423695,27.557711,1986
85.423694,27.557712,1986
85.423693,27.557714,1986
85.423691,27.557715,1986
85.423692,27.557717,1986
85.423689,27.55772,1986
85.423688,27.557726,1986
85.42369,27.557732,1986
85.423693,27.557736,1986
85.423696,27.557738,1986
85.423697,27.557736,1986
85.423699,27.557735,1986
85.423701,27.557734,1986
85.423702,27.557734,1986
85.423703,27.557737,1986
85.423702,27.557741,1986
85.423702,27.557747,1986
85.423702,27.557752,1986
85.423703,27.557754,1986
85.423702,27.557754,1986
85.423702,27.557752,1986
85.4237,27.557749,1986
85.423699,27.557746,1986
85.423697,27.557743,1986
85.423698,27.557739,1986
85.423702,27.557736,1986
85.423705,27.557733,1986
85.423709,27.55773,1986
85.423715,27.557726,1986
85.423722,27.557721,1986
85.423728,27.557716,1986
85.423732,27.557709,1986
85.423734,27.557704,1986
85.423735,27.5577,1986
85.423735,27.557696,1986
85.423736,27.557691,1986
85.423736,27.557684,1986
85.423737,27.557679,1986
85.423737,27.557673,1986
85.423734,27.557667,1987
85.42373,27.557661,1987
85.423725,27.557655,1987
85.42372,27.557649,1987
85.423714,27.557642,1987
85.423709,27.557634,1987
85.423706,27.557627,1987
85.423703,27.55762,1987
85.4237,27.557612,1987
85.423696,27.557604,1988
85.423695,27.557596,1988
85.423695,27.557588,1988
85.423694,27.557579,1988
85.423695,27.557572,1988
85.423696,27.557565,1988
85.423696,27.557557,1988
85.423696,27.557551,1988
85.423695,27.557545,1988
85.423695,27.557539,1988
85.423693,27.557531,1988
85.423694,27.557523,1989
85.423698,27.557516,1989
85.423701,27.557511,1989
85.423703,27.557504,1989
85.423704,27.557498,1989
85.423707,27.557493,1989
85.42371,27.557487,1989
85.423709,27.557483,1989
85.423707,27.55748,1989
85.423703,27.557476,1989
85.423698,27.557474,1989
85.423697,27.557474,1989
</coordinates>
</LineString>
</Placemark>
</Folder>
</Document>
</kml>
