<?xml version="1.0" encoding="UTF-8"?>
<kml xmlns="http://www.opengis.net/kml/2.2">
<Document>
<name>WNW_119. Bhairavkunda Sindhupalchok</name>
<description/>
<Style id="line-0000FF-2000-nodesc-normal">
<LineStyle>
<color>ffff0000</color>
<width>2</width>
</LineStyle>
<BalloonStyle>
<text><![CDATA[<h3>$[name]</h3>]]></text>
</BalloonStyle>
</Style>
<Style id="line-0000FF-2000-nodesc-highlight">
<LineStyle>
<color>ffff0000</color>
<width>3</width>
</LineStyle>
<BalloonStyle>
<text><![CDATA[<h3>$[name]</h3>]]></text>
</BalloonStyle>
</Style>
<StyleMap id="line-0000FF-2000-nodesc">
<Pair>
<key>normal</key>
<styleUrl>#line-0000FF-2000-nodesc-normal</styleUrl>
</Pair>
<Pair>
<key>highlight</key>
<styleUrl>#line-0000FF-2000-nodesc-highlight</styleUrl>
</Pair>
</StyleMap>
<Style id="line-FF0000-2000-nodesc-normal">
<LineStyle>
<color>ff0000ff</color>
<width>2</width>
</LineStyle>
<BalloonStyle>
<text><![CDATA[<h3>$[name]</h3>]]></text>
</BalloonStyle>
</Style>
<Style id="line-FF0000-2000-nodesc-highlight">
<LineStyle>
<color>ff0000ff</color>
<width>3</width>
</LineStyle>
<BalloonStyle>
<text><![CDATA[<h3>$[name]</h3>]]></text>
</BalloonStyle>
</Style>
<StyleMap id="line-FF0000-2000-nodesc">
<Pair>
<key>normal</key>
<styleUrl>#line-FF0000-2000-nodesc-normal</styleUrl>
</Pair>
<Pair>
<key>highlight</key>
<styleUrl>#line-FF0000-2000-nodesc-highlight</styleUrl>
</Pair>
</StyleMap>
<Style id="line-FF0000-6000-nodesc-normal">
<LineStyle>
<color>ff0000ff</color>
<width>6</width>
</LineStyle>
<BalloonStyle>
<text><![CDATA[<h3>$[name]</h3>]]></text>
</BalloonStyle>
</Style>
<Style id="line-FF0000-6000-nodesc-highlight">
<LineStyle>
<color>ff0000ff</color>
<width>9</width>
</LineStyle>
<BalloonStyle>
<text><![CDATA[<h3>$[name]</h3>]]></text>
</BalloonStyle>
</Style>
<StyleMap id="line-FF0000-6000-nodesc">
<Pair>
<key>normal</key>
<styleUrl>#line-FF0000-6000-nodesc-normal</styleUrl>
</Pair>
<Pair>
<key>highlight</key>
<styleUrl>#line-FF0000-6000-nodesc-highlight</styleUrl>
</Pair>
</StyleMap>
<Folder>
<name>LineStrings</name>
<Placemark>
<name>To Bhairab kunda, Gumba</name>
<styleUrl>#line-FF0000-2000-nodesc</styleUrl>
<LineString>
<tessellate>1</tessellate>
<coordinates>
85.879339,27.935418,0
85.879347,27.935418,0
85.879662,27.935292,0
85.879711,27.935281,0
85.879731,27.935301,0
85.879746,27.935337,0
85.879727,27.935416,0
85.879573,27.935558,0
85.879553,27.935601,0
85.879544,27.935721,0
85.879571,27.935766,0
85.879618,27.935775,0
85.879782,27.935704,0
85.879914,27.935533,0
85.880077,27.935386,0
85.880337,27.935253,0
85.880463,27.935303,0
85.880496,27.935393,0
85.880471,27.935457,0
85.880189,27.9357,0
85.880166,27.935736,0
85.880183,27.935772,0
85.880276,27.935783,0
85.880396,27.935748,0
85.880601,27.935639,0
85.880912,27.935533,0
85.880986,27.935524,0
85.881047,27.935553,0
85.881057,27.935607,0
85.880951,27.935725,0
85.880479,27.93596,0
85.880331,27.936083,0
85.880327,27.936162,0
85.880437,27.936212,0
85.880486,27.936257,0
85.880467,27.936271,0
85.880164,27.936302,0
85.879902,27.936436,0
85.879477,27.9366,0
85.87927,27.936758,0
85.87916,27.936792,0
85.879006,27.936813,0
85.8788,27.936742,0
85.878701,27.936729,0
85.878597,27.93679,0
85.878479,27.937092,0
85.878443,27.937128,0
85.878219,27.937261,0
85.878087,27.9373,0
85.877717,27.937512,0
85.877426,27.937623,0
85.877296,27.937649,0
85.87703,27.937645,0
85.876542,27.937561,0
85.87631,27.937627,0
85.876219,27.937697,0
85.876162,27.937785,0
85.876156,27.938036,0
85.876068,27.938203,0
85.876012,27.938263,0
85.875824,27.938417,0
85.875442,27.938604,0
85.875288,27.938656,0
85.875152,27.93869,0
85.874952,27.938692,0
85.874873,27.938672,0
85.874887,27.938597,0
85.874959,27.938555,0
85.875178,27.938516,0
85.875298,27.938467,0
85.875455,27.938361,0
85.875536,27.938275,0
85.87557,27.938167,0
85.875558,27.938069,0
85.875355,27.938035,0
85.87514,27.938083,0
85.874991,27.93814,0
85.874763,27.938272,0
85.874546,27.93846,0
85.874365,27.938502,0
85.874322,27.938458,0
85.874324,27.938354,0
85.874377,27.938196,0
85.874367,27.93816,0
85.874349,27.938135,0
85.874265,27.938128,0
85.874164,27.938166,0
85.874052,27.93827,0
85.873637,27.938875,0
85.873395,27.938972,0
85.873306,27.939038,0
85.873288,27.939116,0
85.873308,27.939191,0
85.873334,27.939231,0
85.873546,27.939372,0
85.873688,27.939619,0
85.873731,27.939893,0
85.87368,27.940014,0
85.873584,27.940105,0
85.873568,27.940373,0
85.873534,27.940446,0
85.873469,27.94054,0
85.87332,27.940611,0
85.873237,27.940807,0
85.873088,27.941021,0
85.87296,27.941143,0
85.872853,27.941195,0
85.872792,27.941213,0
85.872731,27.941204,0
85.872716,27.941181,0
85.872755,27.941028,0
85.872903,27.940746,0
85.872922,27.940592,0
85.872861,27.940475,0
85.872737,27.940375,0
85.87254,27.940321,0
85.872082,27.940312,0
85.871958,27.940391,0
85.871818,27.94073,0
85.87168,27.94085,0
85.87135,27.941008,0
85.871316,27.941053,0
85.871141,27.941114,0
85.870765,27.941139,0
85.870499,27.941209,0
85.870422,27.941272,0
85.870218,27.941551,0
85.87009,27.941605,0
85.86973,27.941639,0
85.869464,27.941739,0
85.869265,27.941844,0
85.869169,27.941872,0
85.869062,27.941872,0
85.868944,27.941852,0
85.868846,27.941807,0
85.868747,27.941727,0
85.86861,27.941551,0
85.868535,27.941508,0
85.868484,27.941522,0
85.86833,27.941642,0
85.867996,27.941844,0
85.867891,27.941874,0
85.867368,27.941827,0
85.867145,27.94186,0
85.867027,27.941912,0
85.866911,27.94203,0
85.866872,27.94219,0
85.867033,27.942452,0
85.866775,27.942476,0
85.866791,27.942625,0
85.866759,27.942668,0
85.866429,27.942655,0
85.86623,27.942612,0
85.865811,27.942454,0
85.865815,27.942585,0
85.865903,27.942709,0
85.866334,27.942966,0
85.866504,27.943106,0
85.866572,27.943226,0
85.86659,27.94332,0
85.866569,27.943537,0
85.866496,27.943686,0
85.866258,27.943918,0
85.866006,27.944084,0
85.865846,27.944232,0
85.865722,27.944304,0
85.865073,27.944796,0
85.864878,27.944979,0
85.864846,27.945124,0
85.86486,27.945307,0
85.864895,27.945449,0
85.864974,27.945609,0
85.864919,27.945742,0
85.864925,27.945835,0
85.865014,27.945974,0
85.865163,27.946092,0
85.865207,27.946214,0
85.865214,27.946554,0
85.865256,27.946845,0
85.865232,27.946943,0
85.865049,27.947222,0
85.864984,27.947651,0
85.864909,27.947829,0
85.864917,27.947931,0
85.864939,27.947954,0
85.864998,27.947913,0
85.865138,27.947705,0
85.865352,27.947522,0
85.865429,27.947487,0
85.865462,27.947495,0
85.865488,27.947579,0
85.865281,27.948017,0
85.865236,27.948333,0
85.865183,27.9484,0
85.865175,27.948543,0
85.86522,27.948757,0
85.86537,27.949064,0
85.865378,27.949125,0
85.865344,27.949279,0
85.865236,27.949511,0
85.86523,27.949603,0
85.865782,27.949238,0
85.865871,27.949266,0
85.866556,27.949665,0
85.866553,27.949718,0
85.866248,27.949748,0
85.865985,27.949673,0
85.865877,27.949732,0
85.865794,27.949842,0
85.865645,27.950227,0
85.865415,27.951115,0
85.865236,27.951267,0
85.864975,27.951372,0
85.864896,27.95146,0
85.864933,27.951478,0
85.865112,27.951436,0
85.865378,27.951415,0
85.865677,27.951448,0
85.865706,27.951523,0
85.865715,27.951746,0
85.865759,27.951968,0
85.865883,27.952407,0
85.865953,27.95261,0
85.866073,27.952756,0
85.866114,27.95285,0
85.866124,27.952975,0
85.865832,27.953352,0
85.865683,27.953502,0
85.865675,27.953638,0
85.865697,27.953736,0
85.865822,27.953843,0
85.865839,27.953887,0
85.865666,27.953847,0
85.865515,27.953891,0
85.865386,27.953877,0
85.865347,27.953836,0
85.865281,27.953605,0
85.865232,27.953613,0
85.865179,27.953707,0
85.865145,27.953862,0
85.865162,27.953964,0
85.865347,27.954266,0
85.865333,27.954338,0
85.865276,27.954367,0
85.865136,27.954334,0
85.86507,27.954341,0
85.86497,27.954379,0
85.864873,27.954466,0
85.864816,27.954575,0
85.864813,27.954745,0
85.864736,27.954793,0
85.864478,27.954842,0
85.864306,27.954945,0
85.864226,27.955016,0
85.864106,27.95519,0
85.864113,27.955379,0
85.864435,27.956005,0
85.864488,27.956242,0
85.864485,27.956854,0
85.864455,27.956959,0
85.864372,27.957037,0
85.864243,27.957067,0
85.864197,27.957067,0
85.864064,27.956997,0
85.86399,27.956996,0
85.863992,27.957056,0
85.864044,27.95717,0
85.864229,27.957407,0
85.86422,27.957629,0
85.864267,27.958465,0
85.864394,27.958804,0
85.864384,27.958923,0
85.864295,27.959161,0
85.864314,27.959294,0
85.864287,27.959592,0
85.864369,27.959857,0
85.864571,27.960303,0
85.864654,27.960384,0
85.864632,27.960486,0
85.864545,27.960611,0
85.864579,27.960648,0
85.864799,27.96058,0
85.865037,27.960365,0
85.865166,27.96033,0
85.865266,27.960381,0
85.865318,27.960527,0
85.865375,27.960587,0
85.865581,27.960692,0
85.866007,27.960836,0
85.866168,27.960863,0
85.866364,27.960851,0
85.8666,27.960886,0
85.866695,27.960912,0
85.866814,27.960986,0
85.866746,27.961029,0
85.86642,27.961055,0
85.86621,27.961131,0
85.865983,27.961247,0
85.86572,27.961458,0
85.865551,27.961677,0
85.865548,27.961776,0
85.865688,27.962018,0
85.865735,27.962258,0
85.865928,27.962495,0
85.865882,27.962877,0
85.865806,27.963002,0
85.865612,27.963205,0
85.865566,27.963299,0
85.864871,27.963812,0
85.86476,27.963848,0
85.864491,27.964061,0
85.864304,27.964262,0
85.864284,27.964578,0
85.864215,27.964914,0
85.86417,27.965317,0
85.864169,27.965555,0
85.864221,27.965893,0
85.864323,27.966298,0
85.864432,27.966536,0
85.864614,27.966755,0
85.86519,27.966973,0
85.865293,27.967085,0
85.865332,27.967196,0
85.865313,27.967283,0
85.865206,27.967422,0
85.864771,27.967564,0
85.864702,27.967626,0
85.864629,27.967778,0
85.864602,27.967941,0
85.864603,27.968073,0
85.864629,27.96814,0
85.864662,27.968141,0
85.864785,27.968039,0
85.86488,27.967928,0
85.864975,27.967891,0
85.865293,27.968118,0
85.865531,27.968235,0
85.865745,27.968307,0
85.865887,27.968426,0
85.865942,27.968638,0
85.866212,27.968592,0
85.866272,27.968661,0
85.866276,27.968768,0
85.866107,27.969019,0
85.86609,27.969057,0
85.866165,27.969128,0
85.866057,27.969404,0
85.866033,27.969607,0
85.865974,27.969779,0
85.865922,27.970275,0
85.865999,27.97066,0
85.866093,27.970949,0
85.866295,27.971332,0
85.866668,27.971745,0
85.866769,27.971798,0
85.866929,27.971973,0
85.86713,27.972269,0
85.867424,27.973008,0
85.867516,27.973088,0
85.867709,27.973332,0
85.867829,27.973545,0
85.867914,27.973803,0
85.867878,27.973917,0
85.867985,27.974105,0
85.868143,27.974641,0
85.86836,27.975143,0
85.868678,27.975563,0
85.869354,27.976073,0
85.869605,27.976292,0
85.869779,27.976397,0
85.870366,27.976638,0
85.870482,27.976724,0
85.870611,27.976763,0
85.871582,27.976832,0
85.871947,27.976943,0
85.872398,27.977152,0
85.872639,27.977362,0
85.872711,27.977464,0
85.872917,27.977594,0
85.873181,27.977834,0
85.873256,27.977925,0
85.873469,27.978311,0
85.873823,27.978874,0
85.873997,27.979019,0
85.87464,27.97966,0
85.87492,27.980028,0
85.87509,27.980141,0
85.875396,27.980276,0
85.875695,27.980313,0
85.87575,27.980376,0
85.876351,27.98053,0
85.876687,27.98068,0
85.87714,27.98101,0
85.877516,27.981323,0
85.877741,27.981585,0
85.8781,27.981621,0
85.878399,27.981606,0
85.878705,27.981556,0
85.879853,27.981521,0
85.880198,27.981526,0
85.880537,27.981574,0
85.880917,27.981729,0
85.881042,27.981806,0
85.881347,27.982101,0
85.881424,27.982295,0
85.881286,27.982469,0
85.881119,27.983094,0
85.881468,27.983956,0
85.881339,27.98471,0
85.881109,27.985719,0
85.881216,27.985932,0
85.881092,27.98659,0
85.880953,27.986974,0
85.880835,27.987618,0
85.880953,27.988262,0
85.8812,27.988466,0
85.881211,27.988774,0
85.880643,27.990187,0
85.880514,27.990412,0
</coordinates>
</LineString>
</Placemark>
<Placemark>
<name>Bhairab Kunda</name>
<styleUrl>#line-0000FF-2000-nodesc</styleUrl>
<LineString>
<tessellate>1</tessellate>
<coordinates>
85.87095,27.919274,0
85.87095,27.919273,0
85.870952,27.919269,0
85.870952,27.919268,0
85.870952,27.919266,0
85.870952,27.919265,0
85.870953,27.919264,0
85.870954,27.919262,0
85.870955,27.919261,0
85.870955,27.91926,0
85.870955,27.919259,0
85.870956,27.91926,0
85.870958,27.919261,0
85.87096,27.919262,0
85.870962,27.919264,0
85.870964,27.919268,0
85.870967,27.919271,0
85.87097,27.919276,0
85.870972,27.91928,0
85.870971,27.91928,0
85.870969,27.919276,0
85.870964,27.919269,0
85.870965,27.919261,0
85.870967,27.919258,0
85.870969,27.919254,0
85.87097,27.919249,0
85.870972,27.919243,0
85.870974,27.919238,0
85.870977,27.919232,0
85.870979,27.919228,0
85.870981,27.919225,0
85.870983,27.919223,0
85.870985,27.919221,0
85.870986,27.91922,0
85.870988,27.919219,0
85.870989,27.919218,0
85.87099,27.919218,0
85.870991,27.919218,0
85.87099,27.919219,0
85.870989,27.919219,0
85.870988,27.919218,0
85.870987,27.919218,0
85.870985,27.919219,0
85.870982,27.919226,0
85.870979,27.919238,0
85.870977,27.919248,0
85.870974,27.919258,0
85.870966,27.919279,0
85.870961,27.91929,0
85.870953,27.919304,0
85.870947,27.919312,0
85.870948,27.919308,0
85.870948,27.919305,0
85.870948,27.9193,0
85.870947,27.919295,0
85.870947,27.919285,0
85.870947,27.919283,0
85.870947,27.919281,0
85.870946,27.919279,0
85.870946,27.919277,0
85.870946,27.919274,0
85.870946,27.919273,0
85.870945,27.919273,0
85.870946,27.919273,0
85.870947,27.919272,0
85.870947,27.91927,0
85.870948,27.91927,0
85.870948,27.919271,0
85.870949,27.919273,0
85.87095,27.919275,0
85.870949,27.919276,0
85.870951,27.919276,0
85.870953,27.919277,0
85.870957,27.919281,0
85.870962,27.919284,0
85.870965,27.919287,0
85.870968,27.919288,0
85.87097,27.919289,0
85.870974,27.919285,0
85.870974,27.919283,0
85.870974,27.919282,0
85.870974,27.91928,0
85.870975,27.919277,0
85.870977,27.919272,0
85.870977,27.919271,0
85.870975,27.919272,0
85.870973,27.919273,0
85.87097,27.919276,0
85.870974,27.919276,0
85.870974,27.919273,0
85.870971,27.919272,0
85.870971,27.919269,0
85.870973,27.919267,0
85.870976,27.919267,0
85.870977,27.919268,0
85.870976,27.91927,0
85.870987,27.919258,0
85.870987,27.919261,0
85.870988,27.919265,0
85.870989,27.919266,0
85.87099,27.919266,0
85.870989,27.919266,0
85.870988,27.919264,0
85.870986,27.919263,0
85.870982,27.919263,0
85.870978,27.919264,0
85.870974,27.919267,0
85.870972,27.919269,0
85.870974,27.91927,0
85.870976,27.919272,0
85.870978,27.919273,0
85.870982,27.919271,0
85.87098,27.91927,0
85.870977,27.919269,0
85.870975,27.919268,0
85.870986,27.919273,0
85.870987,27.919272,0
85.870987,27.919268,0
85.870989,27.91926,0
85.870989,27.919254,0
85.870987,27.919253,0
85.870983,27.919253,0
85.870981,27.919252,0
85.87098,27.919251,0
85.870978,27.919252,0
85.870977,27.919253,0
85.870976,27.919253,0
85.870975,27.919253,0
85.870974,27.919254,0
85.870973,27.919253,0
85.870973,27.919248,0
85.870974,27.919243,0
85.870976,27.919238,0
85.870978,27.919228,0
85.870979,27.919221,0
85.870979,27.919225,0
85.870979,27.919229,0
85.870979,27.919234,0
85.870979,27.91924,0
85.870979,27.919246,0
85.870979,27.919249,0
85.870981,27.91925,0
85.870982,27.919252,0
85.870984,27.919253,0
85.870985,27.919253,0
85.870986,27.919251,0
85.870986,27.91925,0
85.870985,27.919251,0
85.870985,27.91925,0
85.870986,27.919249,0
85.870987,27.919248,0
85.87099,27.919246,0
85.870992,27.919244,0
85.870993,27.919246,0
85.870993,27.919249,0
85.870994,27.919252,0
85.870994,27.919249,0
85.87099,27.919247,0
85.870986,27.919245,0
85.870982,27.919246,0
85.870978,27.919243,0
85.870975,27.919244,0
85.870972,27.919247,0
85.870967,27.919249,0
85.870964,27.919252,0
85.870963,27.919255,0
85.870964,27.919256,0
85.870963,27.919258,0
85.870954,27.91927,0
85.870955,27.919271,0
85.870956,27.91927,0
85.870956,27.919271,0
85.870955,27.919271,0
85.870955,27.919272,0
85.870953,27.919272,0
85.870952,27.919273,0
85.87095,27.919273,0
85.870949,27.919274,0
85.870951,27.919273,0
85.870954,27.919273,0
85.870956,27.919272,0
85.870957,27.919269,0
85.870958,27.919268,0
85.870959,27.919267,0
85.87096,27.919267,0
85.870961,27.919267,0
85.87096,27.919267,0
85.87096,27.919268,0
85.87096,27.91927,0
85.870961,27.919272,0
85.870962,27.919273,0
85.870964,27.919274,0
85.870967,27.919276,0
85.870969,27.919277,0
85.870973,27.919277,0
85.870977,27.919278,0
85.870981,27.919278,0
85.870983,27.919279,0
85.870983,27.919281,0
85.870983,27.919283,0
85.870981,27.919283,0
85.870977,27.919282,0
85.870969,27.919276,0
85.870969,27.919269,0
85.870972,27.919267,0
85.870979,27.919269,0
85.870985,27.91927,0
85.870991,27.919271,0
85.871003,27.919277,0
85.871009,27.919284,0
85.871007,27.919293,0
85.871001,27.9193,0
85.870996,27.919311,0
85.870993,27.919323,0
85.87099,27.919334,0
85.870988,27.919343,0
85.870982,27.919355,0
85.870974,27.919373,0
85.870965,27.919386,0
85.870959,27.919395,0
85.870956,27.919407,0
85.870952,27.91942,0
85.87095,27.919428,0
85.870949,27.919437,0
85.870945,27.919458,0
85.870941,27.919466,0
85.870934,27.919477,0
85.870927,27.919489,0
85.870918,27.919499,0
85.870911,27.919512,0
85.870906,27.919524,0
85.870899,27.91954,0
85.870895,27.919549,0
85.870878,27.919576,0
85.870872,27.919579,0
85.870867,27.919582,0
85.870861,27.919585,0
85.870843,27.919598,0
85.870833,27.919607,0
85.870823,27.919614,0
85.870819,27.91962,0
85.870822,27.919624,0
85.870826,27.919624,0
85.870827,27.919625,0
85.870828,27.919624,0
85.870826,27.919625,0
85.870823,27.919625,0
85.870824,27.919625,0
85.870824,27.919624,0
85.870825,27.919623,0
85.870826,27.919623,0
85.870827,27.919623,0
85.870826,27.919623,0
85.870827,27.919623,0
85.870828,27.919624,0
85.870827,27.919624,0
85.870828,27.919624,0
85.870827,27.919624,0
85.870826,27.919624,0
85.870826,27.919625,0
85.870825,27.919625,0
85.870825,27.919626,0
85.870825,27.919625,0
85.870823,27.919625,0
85.870819,27.919625,0
85.870815,27.919627,0
85.870808,27.91963,0
85.870807,27.91963,0
85.870807,27.919631,0
85.870806,27.919631,0
85.870804,27.919631,0
85.870803,27.919631,0
85.870803,27.919632,0
85.870804,27.919632,0
85.870804,27.919631,0
85.870805,27.919631,0
85.870805,27.91963,0
85.870806,27.91963,0
85.870807,27.91963,0
85.870808,27.91963,0
85.870809,27.919629,0
85.87081,27.919627,0
85.870811,27.919626,0
85.870811,27.919624,0
85.87081,27.919622,0
85.870809,27.919623,0
85.87081,27.919624,0
85.87081,27.919625,0
85.87081,27.919624,0
85.870811,27.919625,0
85.870812,27.919626,0
85.870813,27.919627,0
85.870815,27.919629,0
85.870818,27.919631,0
85.870821,27.919632,0
85.870824,27.919629,0
85.870825,27.919625,0
85.870825,27.919616,0
85.870822,27.919607,0
85.870818,27.919597,0
85.87082,27.919586,0
85.870828,27.919578,0
85.87084,27.919571,0
85.870851,27.919563,0
85.870858,27.919552,0
85.870857,27.91954,0
85.870855,27.919527,0
85.87085,27.919512,0
85.870849,27.919499,0
85.870852,27.919487,0
85.870857,27.919476,0
85.870865,27.919467,0
85.870868,27.919455,0
85.870867,27.919446,0
85.870864,27.919437,0
85.870862,27.91943,0
85.870856,27.919422,0
85.870844,27.919418,0
85.870833,27.919422,0
85.870822,27.919426,0
85.87081,27.91943,0
85.870799,27.919432,0
85.870787,27.919432,0
85.870772,27.919437,0
85.870763,27.919438,0
85.870753,27.919439,0
85.870731,27.919442,0
85.870722,27.91944,0
85.870714,27.919439,0
85.870689,27.919435,0
85.870676,27.919432,0
85.870666,27.919425,0
85.870655,27.919416,0
85.870646,27.919412,0
85.870636,27.919408,0
85.870612,27.9194,0
85.870599,27.919392,0
85.870583,27.919389,0
85.870568,27.91939,0
85.870555,27.919396,0
85.870548,27.919404,0
85.870537,27.919412,0
85.870526,27.919413,0
85.870512,27.91941,0
85.870503,27.919409,0
85.870493,27.919409,0
85.870471,27.919407,0
85.870461,27.919408,0
85.870452,27.91941,0
85.87043,27.919419,0
85.87042,27.919432,0
85.870409,27.919446,0
85.870402,27.919455,0
85.870382,27.919476,0
85.870375,27.919482,0
85.870352,27.919501,0
85.870344,27.919511,0
85.870331,27.919545,0
85.870335,27.919557,0
85.870347,27.919554,0
85.870358,27.919564,0
85.870363,27.919577,0
85.870366,27.91959,0
85.87037,27.919602,0
85.870373,27.919614,0
85.870373,27.919626,0
85.870368,27.919634,0
85.870361,27.91964,0
85.870352,27.919645,0
85.870343,27.919647,0
85.870328,27.919649,0
85.870316,27.919651,0
85.870312,27.919655,0
85.870313,27.919664,0
85.870312,27.919672,0
85.870311,27.919679,0
85.870308,27.919686,0
85.870304,27.919691,0
85.870303,27.919698,0
85.870301,27.919703,0
85.8703,27.91971,0
85.8703,27.919715,0
85.870302,27.919721,0
85.870305,27.919728,0
85.870311,27.919734,0
85.870311,27.919743,0
85.870304,27.919751,0
85.870295,27.919757,0
85.870285,27.919761,0
85.870279,27.919761,0
85.870271,27.91976,0
85.870262,27.919759,0
85.870254,27.919761,0
85.870249,27.919767,0
85.870241,27.919772,0
85.87023,27.919773,0
85.87022,27.919765,0
85.870215,27.919755,0
85.870209,27.919746,0
85.870202,27.919738,0
85.870196,27.919731,0
85.870191,27.919725,0
85.870188,27.919716,0
85.870186,27.919705,0
85.870183,27.919696,0
85.870175,27.919696,0
85.870168,27.919703,0
85.870158,27.91971,0
85.870147,27.919719,0
85.870139,27.919724,0
85.870129,27.919728,0
85.870119,27.91973,0
85.870108,27.919733,0
85.870096,27.919735,0
85.870084,27.919736,0
85.870072,27.919742,0
85.870057,27.919744,0
85.870047,27.919745,0
85.870037,27.919745,0
85.870026,27.919746,0
85.870012,27.919747,0
85.870009,27.919748,0
85.870008,27.919747,0
85.870004,27.919744,0
85.869997,27.919742,0
85.869988,27.919736,0
85.86998,27.919729,0
85.869976,27.919724,0
85.869974,27.919726,0
85.869976,27.919726,0
85.869976,27.919725,0
85.869976,27.919726,0
85.869975,27.919726,0
85.869975,27.919727,0
85.869974,27.919727,0
85.869973,27.919728,0
85.869972,27.919728,0
85.869972,27.919729,0
85.869973,27.919728,0
85.869973,27.919729,0
85.869973,27.91973,0
85.869972,27.919731,0
85.86997,27.919732,0
85.869969,27.919733,0
85.86997,27.919732,0
85.869971,27.919732,0
85.869972,27.919732,0
85.869972,27.919731,0
85.869975,27.91973,0
85.869977,27.91973,0
85.869978,27.919729,0
85.869978,27.919728,0
85.869978,27.919727,0
85.869978,27.919728,0
85.869978,27.91973,0
85.869979,27.919731,0
85.86998,27.919733,0
85.869981,27.919734,0
85.86998,27.919734,0
85.869978,27.919735,0
85.869975,27.919736,0
85.869974,27.919736,0
85.869973,27.919737,0
85.869972,27.919739,0
85.869971,27.91974,0
85.86997,27.919741,0
85.86997,27.91974,0
85.869971,27.91974,0
85.869972,27.91974,0
85.869974,27.91974,0
85.869976,27.91974,0
85.869978,27.91974,0
85.869979,27.91974,0
85.869978,27.919742,0
85.869976,27.919742,0
85.869975,27.919741,0
85.869975,27.91974,0
85.869977,27.919737,0
85.86998,27.919734,0
85.869984,27.91973,0
85.86999,27.919726,0
85.869993,27.919725,0
85.869995,27.919725,0
85.869996,27.919724,0
85.869997,27.919724,0
85.869998,27.919724,0
85.87,27.919724,0
85.870002,27.919724,0
85.870004,27.919723,0
85.870006,27.919724,0
85.870007,27.919723,0
85.870009,27.919723,0
85.870012,27.919724,0
85.870014,27.919725,0
85.870019,27.919726,0
85.870024,27.919728,0
85.870029,27.919731,0
85.87003,27.919733,0
85.870027,27.919734,0
85.870022,27.919731,0
85.870015,27.919725,0
85.870007,27.919717,0
85.869998,27.919706,0
85.869983,27.919698,0
85.86996,27.919702,0
85.869955,27.919704,0
85.86995,27.919705,0
85.869945,27.919707,0
85.869939,27.919709,0
85.869934,27.919711,0
85.869929,27.919712,0
85.869919,27.919721,0
85.869912,27.919726,0
85.869905,27.919733,0
85.869904,27.919745,0
85.869907,27.919759,0
85.869912,27.919776,0
85.86991,27.919791,0
85.869898,27.919797,0
85.869888,27.919799,0
85.869881,27.919799,0
85.869874,27.9198,0
85.869856,27.919802,0
85.869846,27.919802,0
85.869835,27.919805,0
85.869824,27.919804,0
85.869809,27.919804,0
85.869799,27.919804,0
85.86979,27.919803,0
85.869768,27.919803,0
85.869763,27.919807,0
85.869762,27.919818,0
85.869762,27.919831,0
85.869765,27.919843,0
85.86977,27.919848,0
85.869777,27.919854,0
85.869785,27.919856,0
85.869792,27.91986,0
85.869792,27.919863,0
85.869784,27.919863,0
85.869775,27.919865,0
85.869769,27.919867,0
85.869765,27.919878,0
85.86976,27.919889,0
85.869749,27.919896,0
85.869735,27.919907,0
85.869715,27.919913,0
85.8697,27.91991,0
85.869692,27.919911,0
85.869685,27.919912,0
85.869677,27.919913,0
85.869669,27.919914,0
85.869662,27.919915,0
85.86966,27.919922,0
85.869662,27.919929,0
85.869664,27.919938,0
85.869666,27.919948,0
85.869668,27.919958,0
85.869666,27.919964,0
85.869659,27.919966,0
85.869655,27.919971,0
85.869661,27.919979,0
85.869672,27.919986,0
85.869682,27.919992,0
85.869689,27.919997,0
85.869691,27.92,0
85.869684,27.920008,0
85.869673,27.920014,0
85.869665,27.920018,0
85.869657,27.920023,0
85.869648,27.920024,0
85.869639,27.920025,0
85.86963,27.920032,0
85.869625,27.920041,0
85.869619,27.920052,0
85.869612,27.920061,0
85.869609,27.92007,0
85.869607,27.920082,0
85.869608,27.920093,0
85.869608,27.920101,0
85.869609,27.920108,0
85.86961,27.920129,0
85.86961,27.920138,0
85.86961,27.920146,0
85.869613,27.920169,0
85.869618,27.920182,0
85.869622,27.920198,0
85.869622,27.920215,0
85.869614,27.920229,0
85.869611,27.920245,0
85.869601,27.920257,0
85.869591,27.92027,0
85.86958,27.92028,0
85.869572,27.920287,0
85.869563,27.920293,0
85.86954,27.920304,0
85.869532,27.920308,0
85.869525,27.920312,0
85.869502,27.920318,0
85.869492,27.92032,0
85.869483,27.920322,0
85.869461,27.920336,0
85.869454,27.920355,0
85.869453,27.920366,0
85.869454,27.920365,0
85.869456,27.920378,0
85.869453,27.920387,0
85.869449,27.920397,0
85.869448,27.920406,0
85.869451,27.92042,0
85.869457,27.920429,0
85.869462,27.920445,0
85.869464,27.920462,0
85.869464,27.920473,0
85.869468,27.920483,0
85.869476,27.920493,0
85.869488,27.920507,0
85.869491,27.920517,0
85.869489,27.920523,0
85.869482,27.920525,0
85.869473,27.920528,0
85.869462,27.920533,0
85.869455,27.920539,0
85.869452,27.920546,0
85.869444,27.920553,0
85.869438,27.92056,0
85.869435,27.92057,0
85.869443,27.920579,0
85.869442,27.920588,0
85.869447,27.920595,0
85.869446,27.920604,0
85.869442,27.920614,0
85.869446,27.920623,0
85.869451,27.920631,0
85.869463,27.920652,0
85.869469,27.920667,0
85.869471,27.920681,0
85.86947,27.920695,0
85.869467,27.920708,0
85.869467,27.920716,0
85.869467,27.920723,0
85.869467,27.920749,0
85.869466,27.92076,0
85.869464,27.92077,0
85.869453,27.92079,0
85.869431,27.920802,0
85.869408,27.920813,0
85.869383,27.920828,0
85.869371,27.920837,0
85.869362,27.920848,0
85.869351,27.920856,0
85.869348,27.920862,0
85.869348,27.920864,0
85.869347,27.920865,0
85.869347,27.920863,0
85.869347,27.920862,0
85.869348,27.920862,0
85.869349,27.920862,0
85.869349,27.920863,0
85.86935,27.920862,0
85.869351,27.920862,0
85.869352,27.920862,0
85.869352,27.920861,0
85.869353,27.920861,0
85.869354,27.92086,0
85.869355,27.920859,0
85.869354,27.92086,0
85.869354,27.920861,0
85.869354,27.920862,0
85.869353,27.920863,0
85.869353,27.920864,0
85.869351,27.920866,0
85.869349,27.920868,0
85.869348,27.920871,0
85.869344,27.920874,0
85.86934,27.920876,0
85.869338,27.920878,0
85.869339,27.920877,0
85.869339,27.920876,0
85.86934,27.920875,0
85.869343,27.920874,0
85.869347,27.920873,0
85.869352,27.920872,0
85.86935,27.920873,0
85.869345,27.920875,0
85.86934,27.920882,0
85.869336,27.920891,0
85.869335,27.920898,0
85.869331,27.920906,0
85.869325,27.920914,0
85.869315,27.920923,0
85.869304,27.920931,0
85.869295,27.920939,0
85.869288,27.920951,0
85.869281,27.920961,0
85.869274,27.920975,0
85.869276,27.920996,0
85.869273,27.921007,0
85.869264,27.921015,0
85.869254,27.921025,0
85.869246,27.921036,0
85.869241,27.921045,0
85.869234,27.921053,0
85.869215,27.921072,0
85.869211,27.921083,0
85.869206,27.921095,0
85.869202,27.921106,0
85.869199,27.921116,0
85.869197,27.921125,0
85.869192,27.921136,0
85.869182,27.921144,0
85.869172,27.921148,0
85.869162,27.921152,0
85.869147,27.921164,0
85.869136,27.921173,0
85.869131,27.921183,0
85.869139,27.921192,0
85.869147,27.921197,0
85.869158,27.921203,0
85.869175,27.921209,0
85.869192,27.921214,0
85.869211,27.921219,0
85.86923,27.921224,0
85.869248,27.921231,0
85.869266,27.92124,0
85.869277,27.921251,0
85.869272,27.921249,0
85.869267,27.921234,0
85.869252,27.921233,0
85.869242,27.921243,0
85.869237,27.921253,0
85.869232,27.921263,0
85.869228,27.921274,0
85.869236,27.921286,0
85.869243,27.921299,0
85.869242,27.921317,0
85.869242,27.921332,0
85.86925,27.921346,0
85.869248,27.921368,0
85.869245,27.921376,0
85.869242,27.921385,0
85.869234,27.921406,0
85.869232,27.921414,0
85.869229,27.921422,0
85.869223,27.921443,0
85.869218,27.921457,0
85.869214,27.92147,0
85.869214,27.921478,0
85.869214,27.921486,0
85.869212,27.921508,0
85.86921,27.921519,0
85.869216,27.921531,0
85.869221,27.921542,0
85.86923,27.921555,0
85.869239,27.921567,0
85.869247,27.921581,0
85.869248,27.921594,0
85.869249,27.921608,0
85.869253,27.921622,0
85.869257,27.92163,0
85.86926,27.921639,0
85.869268,27.921657,0
85.869272,27.921666,0
85.869274,27.921672,0
85.869279,27.921682,0
85.869281,27.92169,0
85.869284,27.921698,0
85.869291,27.921718,0
85.869291,27.921727,0
85.869292,27.921735,0
85.86929,27.921755,0
85.86929,27.921763,0
85.869289,27.92177,0
85.869287,27.921792,0
85.869282,27.921806,0
85.869275,27.92182,0
85.869268,27.921834,0
85.869264,27.921853,0
85.869264,27.921862,0
85.869268,27.921873,0
85.869275,27.921885,0
85.869279,27.921894,0
85.869279,27.921905,0
85.86928,27.921916,0
85.869277,27.921924,0
85.869275,27.921933,0
85.869264,27.921952,0
85.869253,27.921964,0
85.869241,27.921971,0
85.869232,27.921976,0
85.869224,27.921982,0
85.869215,27.921987,0
85.869206,27.921992,0
85.86918,27.922007,0
85.869166,27.922016,0
85.869153,27.922025,0
85.869136,27.922033,0
85.869118,27.922041,0
85.869104,27.922049,0
85.869091,27.922061,0
85.869082,27.922074,0
85.869077,27.922089,0
85.869074,27.922104,0
85.869074,27.922117,0
85.869074,27.922125,0
85.869074,27.922134,0
85.869072,27.922154,0
85.869072,27.922166,0
85.869073,27.922174,0
85.869078,27.922181,0
85.869084,27.922182,0
85.869098,27.922183,0
85.869117,27.922183,0
85.869133,27.922185,0
85.869149,27.922191,0
85.869157,27.922199,0
85.869164,27.922208,0
85.869169,27.922216,0
85.869174,27.922224,0
85.869177,27.922234,0
85.869182,27.922243,0
85.869186,27.92225,0
85.869191,27.922258,0
85.869196,27.922263,0
85.869202,27.922271,0
85.869208,27.922278,0
85.869214,27.922284,0
85.86923,27.922302,0
85.86924,27.922312,0
85.869247,27.922327,0
85.86925,27.922337,0
85.869248,27.922346,0
85.869245,27.922356,0
85.869242,27.922363,0
85.869241,27.922365,0
85.869239,27.922367,0
85.869236,27.922366,0
85.869227,27.922369,0
85.869225,27.922377,0
85.869224,27.922388,0
85.869222,27.922393,0
85.869232,27.922386,0
85.869234,27.922395,0
85.869231,27.922405,0
85.86923,27.922413,0
85.869235,27.922421,0
85.86924,27.922427,0
85.869239,27.922433,0
85.869231,27.922438,0
85.869221,27.922444,0
85.869209,27.922452,0
85.869202,27.922461,0
85.869201,27.922468,0
85.869199,27.922477,0
85.869197,27.922486,0
85.869195,27.922493,0
85.869196,27.922504,0
85.8692,27.922515,0
85.869203,27.922524,0
85.869202,27.922534,0
85.869203,27.922542,0
85.869208,27.922553,0
85.869206,27.922563,0
85.869202,27.922572,0
85.869202,27.922582,0
85.869206,27.922593,0
85.869213,27.922603,0
85.869215,27.922611,0
85.869218,27.922618,0
85.869218,27.922641,0
85.869212,27.922655,0
85.869208,27.922668,0
85.869206,27.922677,0
85.869205,27.922686,0
85.869206,27.922707,0
85.869207,27.922716,0
85.869208,27.922724,0
85.869209,27.922746,0
85.869212,27.922754,0
85.869216,27.922763,0
85.869225,27.922781,0
85.86923,27.922789,0
85.869235,27.922796,0
85.869248,27.922815,0
85.869258,27.922824,0
85.86927,27.922834,0
85.86928,27.922845,0
85.869291,27.922855,0
85.869305,27.922866,0
85.869313,27.922877,0
85.869317,27.92289,0
85.869318,27.922902,0
85.869312,27.922913,0
85.869306,27.922922,0
85.8693,27.922927,0
85.869294,27.922934,0
85.869292,27.922943,0
85.869291,27.922956,0
85.869287,27.92297,0
85.869284,27.922984,0
85.869288,27.922994,0
85.869293,27.923005,0
85.869297,27.923016,0
85.869308,27.923023,0
85.869321,27.923027,0
85.86933,27.923032,0
85.869338,27.923039,0
85.869346,27.923047,0
85.869357,27.923059,0
85.869371,27.92307,0
85.869375,27.923079,0
85.869379,27.923087,0
85.869384,27.923107,0
85.869382,27.923118,0
85.869384,27.923129,0
85.869385,27.923137,0
85.869389,27.923146,0
85.869394,27.923154,0
85.869402,27.923162,0
85.869409,27.923168,0
85.869415,27.923177,0
85.869419,27.923187,0
85.869424,27.9232,0
85.869427,27.923213,0
85.869425,27.923222,0
85.869423,27.923239,0
85.869422,27.923252,0
85.869424,27.923273,0
85.869423,27.923283,0
85.869421,27.923291,0
85.86942,27.9233,0
85.869418,27.923321,0
85.869421,27.923336,0
85.869423,27.923351,0
85.869427,27.923366,0
85.86943,27.92338,0
85.869433,27.923389,0
85.869437,27.923398,0
85.869438,27.923418,0
85.869432,27.923429,0
85.869424,27.923443,0
85.869419,27.923451,0
85.869415,27.923458,0
85.869405,27.923477,0
85.8694,27.923489,0
85.869394,27.9235,0
85.869394,27.923511,0
85.869393,27.923521,0
85.869393,27.923532,0
85.869392,27.923546,0
85.869398,27.923558,0
85.869408,27.92357,0
85.869412,27.923578,0
85.869416,27.923586,0
85.86943,27.923603,0
85.86944,27.923611,0
85.869449,27.92362,0
85.869457,27.923629,0
85.869463,27.923636,0
85.869469,27.923642,0
85.869474,27.923649,0
85.86947,27.923658,0
85.869469,27.923666,0
85.869467,27.923676,0
85.869467,27.923687,0
85.869469,27.923695,0
85.869471,27.923704,0
85.869475,27.923726,0
85.869478,27.923739,0
85.869481,27.923753,0
85.869486,27.923766,0
85.869488,27.923779,0
85.869487,27.923789,0
85.869487,27.923798,0
85.869488,27.923808,0
85.869492,27.923818,0
85.869497,27.923827,0
85.869501,27.923836,0
85.869499,27.923846,0
85.869499,27.923857,0
85.869501,27.923867,0
85.869499,27.92388,0
85.869496,27.923891,0
85.869494,27.923902,0
85.869497,27.923915,0
85.869499,27.923923,0
85.8695,27.92393,0
85.869504,27.923951,0
85.869505,27.923959,0
85.869506,27.923968,0
85.869513,27.923988,0
85.869518,27.923996,0
85.869524,27.924003,0
85.869537,27.924023,0
85.869541,27.924031,0
85.869545,27.92404,0
85.869551,27.924062,0
85.869554,27.924078,0
85.869558,27.924096,0
85.869564,27.924111,0
85.869572,27.924122,0
85.869578,27.924129,0
85.869585,27.924136,0
85.869603,27.924151,0
85.869615,27.924159,0
85.86963,27.924165,0
85.869647,27.924172,0
85.869667,27.924181,0
85.869674,27.924184,0
85.869681,27.924187,0
85.869687,27.92419,0
85.869694,27.924193,0
85.869713,27.924202,0
85.869726,27.924209,0
85.869744,27.92421,0
85.869753,27.924213,0
85.869763,27.924215,0
85.869783,27.924227,0
85.869794,27.924239,0
85.869803,27.924254,0
85.869811,27.924268,0
85.86982,27.92428,0
85.869827,27.924287,0
85.869834,27.924293,0
85.869849,27.92431,0
85.869858,27.92432,0
85.869867,27.924328,0
85.869872,27.924336,0
85.869879,27.924343,0
85.869882,27.924353,0
85.869883,27.924364,0
85.869883,27.924378,0
85.869888,27.924389,0
85.869895,27.924399,0
85.869902,27.924405,0
85.869909,27.92441,0
85.869931,27.924422,0
85.869945,27.924426,0
85.869961,27.924431,0
85.869977,27.924437,0
85.869993,27.924442,0
85.870014,27.924448,0
85.87003,27.924455,0
85.870045,27.924464,0
85.870058,27.924474,0
85.870067,27.924487,0
85.870085,27.924515,0
85.870097,27.92452,0
85.870107,27.924521,0
85.870116,27.924523,0
85.870141,27.924525,0
85.870153,27.924528,0
85.870164,27.92453,0
85.870186,27.924541,0
85.87019,27.924551,0
85.870186,27.924561,0
85.87018,27.924569,0
85.870172,27.924578,0
85.870166,27.924587,0
85.870164,27.9246,0
85.870168,27.924609,0
85.870176,27.924616,0
85.870182,27.924625,0
85.870185,27.924633,0
85.870187,27.924642,0
85.870195,27.924662,0
85.870204,27.924676,0
85.870211,27.924689,0
85.870215,27.924703,0
85.870214,27.924716,0
85.870215,27.924725,0
85.870215,27.924735,0
85.870225,27.924753,0
85.870239,27.924762,0
85.870255,27.924776,0
85.870273,27.924786,0
85.870291,27.92479,0
85.8703,27.924794,0
85.870308,27.924798,0
85.870329,27.924808,0
85.870342,27.924817,0
85.870351,27.924828,0
85.870353,27.924837,0
85.870356,27.924845,0
85.87036,27.924866,0
85.870363,27.92488,0
85.870366,27.924896,0
85.870371,27.924911,0
85.870375,27.924926,0
85.870375,27.924935,0
85.870374,27.924944,0
85.87037,27.924967,0
85.870364,27.92498,0
85.870359,27.924996,0
85.870358,27.925005,0
85.870356,27.925014,0
85.870354,27.925036,0
85.870353,27.925044,0
85.870353,27.925053,0
85.870345,27.925074,0
85.870344,27.925086,0
85.870345,27.925095,0
85.870346,27.925104,0
85.870349,27.925116,0
85.870353,27.925125,0
85.870363,27.925133,0
85.870377,27.925141,0
85.87039,27.925147,0
85.870405,27.925154,0
85.87042,27.925162,0
85.87043,27.925171,0
85.870437,27.925184,0
85.870433,27.925199,0
85.870425,27.925212,0
85.870425,27.92522,0
85.870425,27.925228,0
85.870429,27.92525,0
85.870436,27.92527,0
85.870444,27.925279,0
85.870433,27.925282,0
85.870443,27.925273,0
85.870466,27.92528,0
85.87048,27.92529,0
85.870494,27.925304,0
85.870506,27.925316,0
85.870514,27.925329,0
85.870518,27.925343,0
85.870517,27.925363,0
85.870512,27.925375,0
85.870508,27.925387,0
85.870495,27.925403,0
85.870495,27.925415,0
85.8705,27.925432,0
85.870504,27.925441,0
85.87052,27.925466,0
85.870525,27.925484,0
85.870525,27.9255,0
85.870524,27.925518,0
85.870516,27.925535,0
85.870507,27.92555,0
85.870498,27.925563,0
85.870487,27.925575,0
85.870478,27.925584,0
85.870466,27.92559,0
85.870454,27.925591,0
85.870445,27.925596,0
85.870435,27.9256,0
85.870424,27.925602,0
85.870412,27.925609,0
85.870404,27.925621,0
85.8704,27.92563,0
85.870394,27.925637,0
85.870389,27.925644,0
85.870389,27.925651,0
85.870391,27.925658,0
85.870393,27.925668,0
85.8704,27.925675,0
85.870404,27.925684,0
85.870408,27.925695,0
85.87041,27.925705,0
85.870413,27.925717,0
85.870417,27.925727,0
85.870425,27.925738,0
85.870432,27.925745,0
85.87044,27.925751,0
85.870447,27.925758,0
85.870456,27.925775,0
85.870457,27.925789,0
85.87046,27.925803,0
85.870458,27.925811,0
85.870456,27.925819,0
85.870451,27.92584,0
85.870449,27.925853,0
85.870448,27.925864,0
85.870448,27.925876,0
85.870447,27.92589,0
85.870446,27.925904,0
85.870447,27.92592,0
85.870451,27.925934,0
85.87046,27.925948,0
85.870469,27.925962,0
85.870476,27.925975,0
85.870481,27.92599,0
85.870484,27.926005,0
85.870485,27.92602,0
85.870488,27.926029,0
85.870491,27.926038,0
85.870501,27.926057,0
85.870505,27.926064,0
85.870508,27.926072,0
85.87052,27.92609,0
85.870531,27.9261,0
85.870545,27.926109,0
85.870558,27.926119,0
85.870572,27.926129,0
85.87059,27.92614,0
85.870598,27.926153,0
85.870603,27.926166,0
85.870611,27.926179,0
85.870622,27.92619,0
85.870634,27.926201,0
85.870642,27.926214,0
85.870647,27.926228,0
85.870652,27.926243,0
85.870657,27.926256,0
85.870661,27.926264,0
85.870666,27.926273,0
85.87067,27.926293,0
85.87067,27.926302,0
85.870671,27.92631,0
85.870672,27.926331,0
85.870676,27.926342,0
85.870685,27.926352,0
85.870692,27.926362,0
85.870696,27.926369,0
85.8707,27.926377,0
85.870711,27.926396,0
85.870715,27.926406,0
85.870717,27.926419,0
85.870715,27.92643,0
85.870713,27.926438,0
85.870711,27.926446,0
85.870707,27.926467,0
85.870712,27.926479,0
85.87072,27.926488,0
85.870727,27.926498,0
85.870732,27.926505,0
85.870754,27.926528,0
85.870755,27.926536,0
85.870755,27.926543,0
85.870756,27.926551,0
85.870756,27.926558,0
85.870757,27.926566,0
85.870765,27.92658,0
85.870775,27.926591,0
85.870782,27.926601,0
85.870794,27.926614,0
85.8708,27.926623,0
85.870814,27.926646,0
85.870817,27.926654,0
85.870821,27.926662,0
85.870825,27.926683,0
85.870824,27.926691,0
85.870823,27.926698,0
85.870821,27.92672,0
85.870819,27.926733,0
85.870818,27.926748,0
85.870817,27.926757,0
85.870815,27.926767,0
85.870816,27.926788,0
85.870817,27.926801,0
85.870822,27.926814,0
85.870827,27.926821,0
85.870831,27.926829,0
85.870841,27.926848,0
85.870844,27.926863,0
85.870849,27.92688,0
85.870852,27.926892,0
85.870863,27.926923,0
85.870867,27.926934,0
85.870889,27.926966,0
85.870898,27.926974,0
85.870936,27.926993,0
85.87095,27.926998,0
85.870977,27.927008,0
85.870982,27.927016,0
85.870994,27.927041,0
85.870999,27.927058,0
85.870997,27.927072,0
85.870988,27.927084,0
85.870982,27.927097,0
85.870982,27.927106,0
85.870983,27.927116,0
85.870983,27.927138,0
85.870984,27.927146,0
85.870985,27.927155,0
85.870987,27.927175,0
85.870987,27.927183,0
85.870987,27.927192,0
85.870992,27.927212,0
85.870998,27.927226,0
85.871001,27.92724,0
85.871004,27.927249,0
85.871006,27.927257,0
85.871013,27.927279,0
85.871018,27.927293,0
85.871023,27.927306,0
85.871029,27.927322,0
85.871036,27.927337,0
85.871046,27.92735,0
85.871068,27.927375,0
85.871078,27.927387,0
85.871086,27.927396,0
85.871094,27.927406,0
85.871101,27.927416,0
85.871105,27.927426,0
85.871109,27.927437,0
85.871111,27.92745,0
85.871114,27.927462,0
85.871117,27.927477,0
85.871121,27.927491,0
85.871127,27.927505,0
85.87113,27.92752,0
85.871132,27.927536,0
85.871135,27.927554,0
85.871136,27.92757,0
85.871133,27.927584,0
85.871131,27.927601,0
85.87113,27.927616,0
85.871128,27.92763,0
85.871127,27.927639,0
85.871125,27.927648,0
85.871127,27.92767,0
85.871134,27.927686,0
85.871142,27.927702,0
85.871147,27.92771,0
85.871151,27.927719,0
85.87116,27.927739,0
85.871164,27.927747,0
85.871167,27.927756,0
85.87118,27.927773,0
85.871187,27.927782,0
85.87119,27.927794,0
85.871194,27.927806,0
85.871196,27.927814,0
85.871198,27.927822,0
85.871203,27.927843,0
85.871207,27.927857,0
85.871212,27.92787,0
85.871216,27.927879,0
85.87122,27.927888,0
85.871224,27.927909,0
85.871223,27.927917,0
85.871222,27.927925,0
85.871218,27.927946,0
85.871216,27.927956,0
85.871213,27.927968,0
85.871211,27.927981,0
85.871209,27.927994,0
85.871207,27.928008,0
85.871206,27.928017,0
85.871204,27.928027,0
85.871202,27.928049,0
85.871202,27.928061,0
85.871202,27.928074,0
85.871201,27.928085,0
85.8712,27.928096,0
85.871197,27.928108,0
85.871192,27.92812,0
85.871185,27.928134,0
85.87118,27.928145,0
85.871176,27.928156,0
85.871172,27.928167,0
85.871166,27.928179,0
85.871162,27.928188,0
85.871157,27.928196,0
85.871148,27.928216,0
85.871146,27.928224,0
85.871143,27.928232,0
85.871139,27.928254,0
85.871138,27.928263,0
85.871138,27.928271,0
85.871134,27.928294,0
85.871132,27.928302,0
85.87113,27.928311,0
85.871125,27.928332,0
85.871121,27.928339,0
85.871117,27.928346,0
85.871103,27.928363,0
85.871093,27.928374,0
85.871083,27.928387,0
85.871075,27.9284,0
85.87107,27.928412,0
85.871069,27.928421,0
85.87107,27.928431,0
85.871073,27.928439,0
85.871069,27.928443,0
85.871061,27.928446,0
85.871059,27.928453,0
85.871057,27.928461,0
85.871056,27.928469,0
85.871057,27.928476,0
85.871059,27.928485,0
85.871061,27.928495,0
85.871064,27.928507,0
85.87107,27.928518,0
85.871078,27.928532,0
85.87108,27.928541,0
85.871084,27.928568,0
85.871081,27.928587,0
85.871076,27.928599,0
85.871069,27.928593,0
85.871075,27.928605,0
85.87108,27.928611,0
85.871083,27.928612,0
85.871083,27.928613,0
85.871084,27.928615,0
85.871087,27.928618,0
85.871087,27.928619,0
85.871089,27.928619,0
85.87109,27.928619,0
85.871091,27.928619,0
85.871092,27.928619,0
85.871093,27.928619,0
85.871094,27.928618,0
85.871095,27.928616,0
85.871095,27.928615,0
85.871096,27.928614,0
85.871097,27.928612,0
85.871098,27.928611,0
85.8711,27.928609,0
85.871103,27.928608,0
85.871106,27.928606,0
85.871112,27.928602,0
85.871109,27.928599,0
85.871104,27.928599,0
85.8711,27.928601,0
85.871097,27.928609,0
85.871097,27.92862,0
85.871101,27.928631,0
85.871104,27.928641,0
85.871104,27.928652,0
85.871103,27.928665,0
85.871105,27.928677,0
85.871108,27.928688,0
85.871111,27.928699,0
85.87111,27.928707,0
85.87111,27.928716,0
85.87111,27.928738,0
85.871108,27.928751,0
85.871109,27.928766,0
85.871115,27.928772,0
85.87112,27.928778,0
85.871133,27.928796,0
85.871147,27.928811,0
85.871162,27.928817,0
85.871177,27.928824,0
85.871186,27.928834,0
85.871195,27.928844,0
85.871207,27.928866,0
85.871206,27.928874,0
85.871204,27.928883,0
85.871202,27.928903,0
85.871195,27.928915,0
85.871185,27.928926,0
85.871177,27.92894,0
85.871168,27.928954,0
85.871164,27.928964,0
85.871161,27.928973,0
85.871162,27.928995,0
85.871166,27.929004,0
85.871166,27.929014,0
85.871162,27.929024,0
85.871157,27.92903,0
85.871154,27.929035,0
85.871151,27.92904,0
85.871147,27.929044,0
85.871141,27.929048,0
85.871133,27.929054,0
85.871126,27.929062,0
85.871121,27.929069,0
85.871119,27.929075,0
85.871119,27.929078,0
85.871119,27.929079,0
85.871118,27.929078,0
85.871118,27.929076,0
85.871118,27.929073,0
85.871118,27.929067,0
85.871117,27.929058,0
85.871117,27.929052,0
85.871113,27.929051,0
85.871109,27.929057,0
85.871107,27.929065,0
85.871102,27.929075,0
85.871097,27.929084,0
85.87109,27.929094,0
85.871078,27.929101,0
85.871068,27.9291,0
85.871073,27.929101,0
85.871069,27.92911,0
85.871053,27.929109,0
85.871036,27.929112,0
85.871028,27.929125,0
85.871025,27.929152,0
85.871022,27.929167,0
85.871027,27.929185,0
85.871031,27.929193,0
85.871034,27.929202,0
85.871044,27.929219,0
85.871053,27.929232,0
85.871063,27.929244,0
85.871073,27.929256,0
85.871081,27.929267,0
85.871085,27.929275,0
85.871088,27.929284,0
85.871096,27.929301,0
85.8711,27.929309,0
85.871105,27.929316,0
85.871119,27.929334,0
85.871125,27.929341,0
85.871132,27.929348,0
85.871146,27.929364,0
85.871153,27.92937,0
85.871159,27.929376,0
85.871172,27.929394,0
85.871176,27.929402,0
85.87118,27.92941,0
85.871187,27.929431,0
85.871187,27.92944,0
85.871186,27.929448,0
85.871186,27.929468,0
85.871185,27.929482,0
85.871185,27.929497,0
85.871186,27.92951,0
85.871184,27.929525,0
85.871183,27.929534,0
85.871182,27.929542,0
85.871177,27.929563,0
85.87117,27.929575,0
85.871161,27.929587,0
85.871151,27.929597,0
85.871142,27.929608,0
85.871141,27.929617,0
85.871139,27.929625,0
85.871133,27.929645,0
85.871126,27.929655,0
85.87112,27.929665,0
85.87111,27.929672,0
85.8711,27.929678,0
85.871091,27.929688,0
85.871085,27.929698,0
85.871085,27.929709,0
85.871088,27.929721,0
85.871093,27.929733,0
85.871096,27.929746,0
85.871099,27.92976,0
85.871099,27.929776,0
85.871105,27.929792,0
85.871106,27.929801,0
85.871107,27.92981,0
85.871106,27.929833,0
85.871106,27.929844,0
85.871108,27.929858,0
85.871109,27.929869,0
85.871108,27.929883,0
85.871106,27.929899,0
85.871102,27.929912,0
85.871096,27.929924,0
85.871092,27.929931,0
85.871087,27.929939,0
85.871075,27.929957,0
85.871067,27.929967,0
85.871061,27.929977,0
85.871057,27.929987,0
85.871054,27.929999,0
85.87106,27.930011,0
85.87107,27.930021,0
85.871082,27.930037,0
85.871091,27.930049,0
85.871094,27.930061,0
85.871095,27.930071,0
85.871096,27.930084,0
85.871097,27.930092,0
85.871098,27.930101,0
85.8711,27.930123,0
85.871102,27.930131,0
85.871103,27.930138,0
85.871106,27.930159,0
85.871102,27.93017,0
85.871096,27.93018,0
85.87109,27.930191,0
85.871088,27.930199,0
85.871086,27.930206,0
85.871077,27.930227,0
85.871067,27.930237,0
85.871059,27.930247,0
85.871052,27.930256,0
85.871053,27.930264,0
85.871054,27.930271,0
85.871062,27.930293,0
85.87107,27.930303,0
85.871079,27.930318,0
85.871082,27.930326,0
85.871084,27.930333,0
85.871094,27.930352,0
85.871099,27.93036,0
85.871105,27.930369,0
85.871111,27.930375,0
85.871117,27.930384,0
85.871122,27.930393,0
85.871126,27.9304,0
85.871129,27.930408,0
85.871133,27.930415,0
85.871142,27.930435,0
85.87115,27.930448,0
85.871156,27.930467,0
85.871158,27.930481,0
85.871158,27.930497,0
85.871157,27.93051,0
85.871154,27.930524,0
85.871157,27.930541,0
85.871158,27.930558,0
85.871157,27.930574,0
85.871157,27.930588,0
85.87116,27.930602,0
85.871162,27.930615,0
85.871161,27.930631,0
85.87116,27.930647,0
85.871162,27.930666,0
85.871174,27.930683,0
85.871187,27.930693,0
85.871194,27.930706,0
85.871195,27.930719,0
85.871198,27.930728,0
85.871205,27.930741,0
85.871209,27.930749,0
85.871214,27.930756,0
85.871224,27.930775,0
85.871233,27.930788,0
85.871243,27.930802,0
85.871252,27.930816,0
85.871265,27.930828,0
85.871272,27.930834,0
85.871293,27.930855,0
85.871302,27.930873,0
85.871308,27.930888,0
85.871309,27.930903,0
85.871308,27.930917,0
85.871309,27.930931,0
85.871309,27.930945,0
85.871314,27.930958,0
85.871321,27.930971,0
85.871319,27.930979,0
85.871318,27.930987,0
85.871313,27.931008,0
85.871315,27.931017,0
85.871317,27.931025,0
85.871323,27.931046,0
85.871331,27.931058,0
85.871341,27.931069,0
85.871346,27.931077,0
85.871352,27.931084,0
85.871365,27.931103,0
85.871373,27.931115,0
85.871385,27.931127,0
85.871401,27.931134,0
85.871413,27.93114,0
85.871424,27.93115,0
85.871435,27.931159,0
85.87144,27.931166,0
85.871445,27.931172,0
85.871457,27.931192,0
85.871462,27.931202,0
85.87148,27.931235,0
85.871493,27.931244,0
85.871504,27.931239,0
85.871519,27.931227,0
85.871515,27.931232,0
85.871516,27.931243,0
85.871517,27.931255,0
85.871521,27.931271,0
85.871526,27.931284,0
85.871536,27.931298,0
85.871547,27.93131,0
85.87156,27.931321,0
85.871572,27.931334,0
85.871576,27.931348,0
85.871577,27.931365,0
85.871578,27.93138,0
85.871571,27.931396,0
85.871566,27.931411,0
85.871564,27.93142,0
85.871562,27.93143,0
85.871565,27.931451,0
85.871574,27.931455,0
85.871583,27.931458,0
85.871601,27.93147,0
85.871606,27.931477,0
85.871611,27.931484,0
85.871623,27.931502,0
85.871635,27.931514,0
85.871646,27.931524,0
85.871658,27.931537,0
85.87167,27.931549,0
85.871688,27.931563,0
85.871695,27.931577,0
85.871688,27.931584,0
85.871679,27.931584,0
85.87168,27.931586,0
85.871688,27.931591,0
85.871696,27.931595,0
85.871705,27.931601,0
85.871716,27.931606,0
85.871725,27.931612,0
85.871736,27.931618,0
85.871745,27.931626,0
85.871752,27.931632,0
85.871758,27.931639,0
85.87177,27.931646,0
85.871779,27.931651,0
85.871789,27.931655,0
85.871794,27.931661,0
85.871799,27.931668,0
85.871812,27.931677,0
85.871821,27.93168,0
85.871833,27.931681,0
85.871841,27.931684,0
85.871847,27.931689,0
85.871853,27.931695,0
85.87186,27.9317,0
85.871873,27.931705,0
85.871887,27.93171,0
85.871897,27.931716,0
85.871903,27.931727,0
85.871906,27.931737,0
85.871908,27.931746,0
85.871909,27.93176,0
85.87191,27.931766,0
85.871912,27.931772,0
85.871913,27.931779,0
85.871915,27.931785,0
85.871916,27.931796,0
85.871921,27.931804,0
85.87193,27.931811,0
85.871941,27.931818,0
85.87195,27.931826,0
85.871957,27.931833,0
85.871963,27.931842,0
85.87197,27.931849,0
85.871977,27.931857,0
85.871985,27.931867,0
85.871991,27.931873,0
85.871996,27.931879,0
85.872006,27.931899,0
85.872002,27.931914,0
85.872,27.931925,0
85.871996,27.931934,0
85.871993,27.931942,0
85.871988,27.931952,0
85.871982,27.931961,0
85.871978,27.93197,0
85.871973,27.931979,0
85.871964,27.931988,0
85.871958,27.931998,0
85.871956,27.932009,0
85.871955,27.932021,0
85.871955,27.93203,0
85.871956,27.932038,0
85.871956,27.93206,0
85.871954,27.932071,0
85.871956,27.932079,0
85.871959,27.932088,0
85.871968,27.932094,0
85.871978,27.932101,0
85.871983,27.932112,0
85.871989,27.932122,0
85.871999,27.93213,0
85.872006,27.93214,0
85.872014,27.932155,0
85.872026,27.932171,0
85.872044,27.932179,0
85.872059,27.932175,0
85.872066,27.932169,0
85.872074,27.932164,0
85.872097,27.93216,0
85.872115,27.932163,0
85.87213,27.932162,0
85.872145,27.932158,0
85.872166,27.932155,0
85.87218,27.932152,0
85.872193,27.932148,0
85.872213,27.932138,0
85.872215,27.932131,0
85.872227,27.932126,0
85.872237,27.932118,0
85.872244,27.932109,0
85.872249,27.932101,0
85.872252,27.932096,0
85.872257,27.932092,0
85.87226,27.93209,0
85.872261,27.932087,0
85.872266,27.932088,0
85.872272,27.932091,0
85.872288,27.932098,0
85.872299,27.932105,0
85.872303,27.932115,0
85.872302,27.932123,0
85.8723,27.932132,0
85.872298,27.932137,0
85.872294,27.932139,0
85.87229,27.932143,0
85.872285,27.932148,0
85.87228,27.932153,0
85.872269,27.932163,0
85.872261,27.932174,0
85.872254,27.932187,0
85.872251,27.9322,0
85.872256,27.932212,0
85.872269,27.932211,0
85.872283,27.932208,0
85.872298,27.932214,0
85.87231,27.932229,0
85.872315,27.932239,0
85.872319,27.932249,0
85.872326,27.932263,0
85.872324,27.932278,0
85.872322,27.932292,0
85.872321,27.9323,0
85.872319,27.932309,0
85.872324,27.93233,0
85.872336,27.932341,0
85.872346,27.93235,0
85.87235,27.932363,0
85.872354,27.932376,0
85.872358,27.932393,0
85.872367,27.932404,0
85.872377,27.932404,0
85.872381,27.932405,0
85.872389,27.932406,0
85.872398,27.932401,0
85.872407,27.932394,0
85.87242,27.93239,0
85.872435,27.932394,0
85.872441,27.93241,0
85.872437,27.932426,0
85.872433,27.932434,0
85.872433,27.932438,0
85.872435,27.932441,0
85.872438,27.932443,0
85.87244,27.932445,0
85.872443,27.932446,0
85.872445,27.932448,0
85.872448,27.932449,0
85.87245,27.932451,0
85.872452,27.932456,0
85.872449,27.932462,0
85.872444,27.932467,0
85.87244,27.932469,0
85.872433,27.932473,0
85.872438,27.932478,0
85.872452,27.932472,0
85.872469,27.932471,0
85.872479,27.932476,0
85.872486,27.932483,0
85.87249,27.932492,0
85.872497,27.932499,0
85.872504,27.932504,0
85.872507,27.932511,0
85.872507,27.932516,0
85.872513,27.932521,0
85.872518,27.932525,0
85.872524,27.932527,0
85.872533,27.932532,0
85.872539,27.932535,0
85.872544,27.932541,0
85.872548,27.93255,0
85.872556,27.932555,0
85.872564,27.932557,0
85.872568,27.932563,0
85.872574,27.932571,0
85.872578,27.932579,0
85.872582,27.932588,0
85.872585,27.932597,0
85.872586,27.932606,0
85.872586,27.932619,0
85.872587,27.932629,0
85.872595,27.932634,0
85.872602,27.932639,0
85.87261,27.932643,0
85.872624,27.932661,0
85.872625,27.932675,0
85.872624,27.932689,0
85.872621,27.932704,0
85.872617,27.932716,0
85.872616,27.932724,0
85.872615,27.932733,0
85.872612,27.932755,0
85.872616,27.932766,0
85.87262,27.932777,0
85.872624,27.932786,0
85.872631,27.932791,0
85.872637,27.932797,0
85.872653,27.932811,0
85.872662,27.932818,0
85.872673,27.93282,0
85.872684,27.932817,0
85.872691,27.93281,0
85.8727,27.932802,0
85.872712,27.932794,0
85.872725,27.932786,0
85.872743,27.932785,0
85.872758,27.932779,0
85.872765,27.932773,0
85.87277,27.932767,0
85.872772,27.932765,0
85.872773,27.932763,0
85.872773,27.932762,0
85.872772,27.93276,0
85.872775,27.932763,0
85.872773,27.932761,0
85.872772,27.932761,0
85.872772,27.93276,0
85.872772,27.932759,0
85.872772,27.932758,0
85.872772,27.932756,0
85.872772,27.932755,0
85.872773,27.932755,0
85.872772,27.932755,0
85.872772,27.932756,0
85.872771,27.932756,0
85.872771,27.932757,0
85.872772,27.932758,0
85.872774,27.932759,0
85.872775,27.93276,0
85.872777,27.932763,0
85.872778,27.932765,0
85.872779,27.932766,0
85.872779,27.932767,0
85.872779,27.932769,0
85.872778,27.932769,0
85.872778,27.932771,0
85.872778,27.93277,0
85.872777,27.932771,0
85.872777,27.93277,0
85.872776,27.93277,0
85.872776,27.932769,0
85.872775,27.932769,0
85.872774,27.932769,0
85.872774,27.932768,0
85.872775,27.932767,0
85.872778,27.932766,0
85.872781,27.932767,0
85.872781,27.932768,0
85.872785,27.932772,0
85.872787,27.932773,0
85.872791,27.932783,0
85.872794,27.932791,0
85.872805,27.932796,0
85.872814,27.932794,0
85.872825,27.932793,0
85.872834,27.932797,0
85.872839,27.932803,0
85.872842,27.93281,0
85.872845,27.932818,0
85.872847,27.932825,0
85.872848,27.932834,0
85.872848,27.932842,0
85.872848,27.932851,0
85.872848,27.932859,0
85.872847,27.932868,0
85.872844,27.932875,0
85.872841,27.932881,0
85.872837,27.932887,0
85.872835,27.932894,0
85.872835,27.932901,0
85.872835,27.932907,0
85.872837,27.932913,0
85.872839,27.932916,0
85.872841,27.932918,0
85.872843,27.932922,0
85.872845,27.932926,0
85.872847,27.93293,0
85.872847,27.932933,0
85.872849,27.932936,0
85.872856,27.932939,0
85.872862,27.932942,0
85.872864,27.932944,0
85.872863,27.932945,0
85.872866,27.932948,0
85.872873,27.93295,0
85.872879,27.93295,0
85.872888,27.932951,0
85.872896,27.932953,0
85.872902,27.932952,0
85.872905,27.932958,0
85.872905,27.932965,0
85.872903,27.932975,0
85.872894,27.932983,0
85.872887,27.932992,0
85.872882,27.933004,0
85.872878,27.933012,0
85.872875,27.93302,0
85.872871,27.933028,0
85.872865,27.93304,0
85.872862,27.93305,0
85.872862,27.933059,0
85.872867,27.933069,0
85.872873,27.93308,0
85.872879,27.933088,0
85.872887,27.933093,0
85.872894,27.933099,0
85.872899,27.933107,0
85.872899,27.933115,0
85.872899,27.933124,0
85.872896,27.933131,0
85.872888,27.933138,0
85.872882,27.933143,0
85.872878,27.933148,0
85.872868,27.933151,0
85.872856,27.933147,0
85.872841,27.933144,0
85.87283,27.933141,0
85.872821,27.933147,0
85.872819,27.933157,0
85.872821,27.933165,0
85.872823,27.933173,0
85.872822,27.933179,0
85.87282,27.933187,0
85.872817,27.933193,0
85.872813,27.9332,0
85.872795,27.933218,0
85.872784,27.933238,0
85.872783,27.933246,0
85.872777,27.93325,0
85.872783,27.933249,0
85.872789,27.933255,0
85.872793,27.93326,0
85.872799,27.933263,0
85.872803,27.933267,0
85.872808,27.933272,0
85.872816,27.933275,0
85.872825,27.933277,0
85.872835,27.933277,0
85.872846,27.933278,0
85.872854,27.933282,0
85.872863,27.933288,0
85.87287,27.933292,0
85.872876,27.933298,0
85.872877,27.933303,0
85.872875,27.933307,0
85.872872,27.933312,0
85.872871,27.93332,0
85.872872,27.933329,0
85.872871,27.933339,0
85.872871,27.933345,0
85.872872,27.933352,0
85.872874,27.933358,0
85.872872,27.933365,0
85.872869,27.933371,0
85.87287,27.933377,0
85.872876,27.933382,0
85.872885,27.933388,0
85.872895,27.933397,0
85.872902,27.933405,0
85.872907,27.933414,0
85.872909,27.933422,0
85.872912,27.933429,0
85.872922,27.933448,0
85.872927,27.933458,0
85.872927,27.933471,0
85.872925,27.933481,0
85.872921,27.933489,0
85.872917,27.933496,0
85.872908,27.933517,0
85.872907,27.93353,0
85.872901,27.933545,0
85.872892,27.93356,0
85.872889,27.933577,0
85.872889,27.933587,0
85.872886,27.933619,0
85.872886,27.933628,0
85.872886,27.933658,0
85.872886,27.933676,0
85.872884,27.933691,0
85.87288,27.933701,0
85.872878,27.933707,0
85.872877,27.933711,0
85.872877,27.933713,0
85.872878,27.933714,0
85.87288,27.933716,0
85.872882,27.933718,0
85.872883,27.933719,0
85.872885,27.933721,0
85.872887,27.933723,0
85.872891,27.933725,0
85.872897,27.933729,0
85.872901,27.93373,0
85.872904,27.933731,0
85.872906,27.933732,0
85.872909,27.933734,0
85.872911,27.933735,0
85.872914,27.933737,0
85.872917,27.93374,0
85.872919,27.933742,0
85.872921,27.933744,0
85.872923,27.933746,0
85.872924,27.933747,0
85.872924,27.933748,0
85.872922,27.933747,0
85.872919,27.933745,0
85.872919,27.933746,0
85.872924,27.93375,0
85.872932,27.933755,0
85.872944,27.93376,0
85.872956,27.933764,0
85.872966,27.933768,0
85.872974,27.933771,0
85.872981,27.933774,0
85.872983,27.933775,0
85.872985,27.933775,0
85.872988,27.933778,0
85.872991,27.93378,0
85.872996,27.933785,0
85.873001,27.93379,0
85.873008,27.933795,0
85.873016,27.933799,0
85.873025,27.933801,0
85.873033,27.933803,0
85.873036,27.933805,0
85.873036,27.933806,0
85.873035,27.933804,0
85.873038,27.933803,0
85.873042,27.933804,0
85.873046,27.933805,0
85.873049,27.933808,0
85.873052,27.933814,0
85.873052,27.933822,0
85.873047,27.933834,0
85.873041,27.93385,0
85.873034,27.933864,0
85.87303,27.933872,0
85.873028,27.933876,0
85.873027,27.933878,0
85.873026,27.933879,0
85.873025,27.93388,0
85.873023,27.933882,0
85.873021,27.933883,0
85.87302,27.933884,0
85.873019,27.933886,0
85.873018,27.933887,0
85.873017,27.933888,0
85.873019,27.933888,0
85.87302,27.933887,0
85.873022,27.933886,0
85.873024,27.933885,0
85.873029,27.933884,0
85.873035,27.933884,0
85.873036,27.933886,0
85.873034,27.933889,0
85.873033,27.933893,0
85.873028,27.933896,0
85.873026,27.933898,0
85.873027,27.933904,0
85.873026,27.933912,0
85.873026,27.933919,0
85.873027,27.933929,0
85.873026,27.933941,0
85.873025,27.933955,0
85.873022,27.93397,0
85.873015,27.933983,0
85.873006,27.933996,0
85.872997,27.934009,0
85.872991,27.934022,0
85.872989,27.934033,0
85.872979,27.93406,0
85.872965,27.934073,0
85.872956,27.934081,0
85.872951,27.934086,0
85.872946,27.93409,0
85.872945,27.934093,0
85.872948,27.934095,0
85.872951,27.934097,0
85.872949,27.934101,0
85.872947,27.934107,0
85.872948,27.934117,0
85.872949,27.934126,0
85.872951,27.934131,0
85.872949,27.934131,0
85.87295,27.934133,0
85.872955,27.934135,0
85.87296,27.934137,0
85.872967,27.93414,0
85.872975,27.934146,0
85.872984,27.934152,0
85.872997,27.934155,0
85.873017,27.934158,0
85.873039,27.934164,0
85.873048,27.934167,0
85.873054,27.93417,0
85.873058,27.934172,0
85.873061,27.934175,0
85.873067,27.934185,0
85.873072,27.93419,0
85.873076,27.934195,0
85.873081,27.9342,0
85.873083,27.934203,0
85.873085,27.934205,0
85.873087,27.934206,0
85.873088,27.934208,0
85.87309,27.93421,0
85.873091,27.934212,0
85.873092,27.934214,0
85.873093,27.934217,0
85.873094,27.934219,0
85.873094,27.934223,0
85.873094,27.934229,0
85.873094,27.934236,0
85.873095,27.934242,0
85.873096,27.93425,0
85.873096,27.934258,0
85.873097,27.934263,0
85.873098,27.934266,0
85.8731,27.934269,0
85.873104,27.934271,0
85.87311,27.934275,0
85.873115,27.934278,0
85.87312,27.934281,0
85.873126,27.934284,0
85.87313,27.934287,0
85.873135,27.934289,0
85.873138,27.934291,0
85.873142,27.934292,0
85.873145,27.934295,0
85.873148,27.934298,0
85.87315,27.9343,0
85.873151,27.934301,0
85.873153,27.934302,0
85.873156,27.934304,0
85.873158,27.934305,0
85.873159,27.934306,0
85.873159,27.934307,0
85.873158,27.934309,0
85.873158,27.934313,0
85.873157,27.934316,0
85.873159,27.934315,0
85.87316,27.934312,0
85.873161,27.934307,0
85.873166,27.934301,0
85.873177,27.934294,0
85.873191,27.934283,0
85.873205,27.934271,0
85.87322,27.934261,0
85.873237,27.934254,0
85.873251,27.934248,0
85.873269,27.93424,0
85.873283,27.934233,0
85.873286,27.934232,0
85.873289,27.93423,0
85.873291,27.934229,0
85.873293,27.934227,0
85.873294,27.934226,0
85.873296,27.934225,0
85.873298,27.934225,0
85.873301,27.934224,0
85.873303,27.934225,0
85.873305,27.934225,0
85.873307,27.934225,0
85.873308,27.934225,0
85.873309,27.934225,0
85.87331,27.934224,0
85.87331,27.934223,0
85.873311,27.934224,0
85.873311,27.934232,0
85.873311,27.934246,0
85.873309,27.934265,0
85.873306,27.934288,0
85.873305,27.934299,0
85.873303,27.934305,0
85.873303,27.934308,0
85.873303,27.934311,0
85.873302,27.934314,0
85.8733,27.934317,0
85.873299,27.934321,0
85.8733,27.934325,0
85.8733,27.934327,0
85.8733,27.934329,0
85.873301,27.934331,0
85.8733,27.934333,0
85.8733,27.934334,0
85.8733,27.934336,0
85.8733,27.934337,0
85.8733,27.934339,0
85.873301,27.93434,0
85.873302,27.934341,0
85.873303,27.934339,0
85.873303,27.934336,0
85.873304,27.934337,0
85.873306,27.934337,0
85.873309,27.934336,0
85.873314,27.934338,0
85.87332,27.934341,0
85.873324,27.934345,0
85.873327,27.93435,0
85.873331,27.93436,0
85.873334,27.934371,0
85.873335,27.934381,0
85.873336,27.93439,0
85.873332,27.934411,0
85.873325,27.934422,0
85.873315,27.934434,0
85.873305,27.934449,0
85.873299,27.934464,0
85.873295,27.934469,0
85.873292,27.934473,0
85.873269,27.93449,0
85.873261,27.934501,0
85.873241,27.934534,0
85.873244,27.934567,0
85.873253,27.934577,0
85.873265,27.934606,0
85.873261,27.934622,0
85.873258,27.93464,0
85.873259,27.934657,0
85.87326,27.934676,0
85.873259,27.934686,0
85.873253,27.934719,0
85.873252,27.934726,0
85.873251,27.934729,0
85.873252,27.934733,0
85.873252,27.934736,0
85.873249,27.934748,0
85.873248,27.934757,0
85.873248,27.93476,0
85.873247,27.934764,0
85.873245,27.934772,0
85.873244,27.93478,0
85.873244,27.93479,0
85.873246,27.934797,0
85.873247,27.934807,0
85.873247,27.934815,0
85.873248,27.934823,0
85.873249,27.934828,0
85.87325,27.934834,0
85.873251,27.934839,0
85.873251,27.934843,0
85.873251,27.934847,0
85.873252,27.934851,0
85.873253,27.934855,0
85.873254,27.934858,0
85.873254,27.934862,0
85.873253,27.934867,0
85.873254,27.934876,0
85.873253,27.934887,0
85.873251,27.934893,0
85.873252,27.934897,0
85.873254,27.934899,0
85.873255,27.934901,0
85.873256,27.934903,0
85.873258,27.934905,0
85.873259,27.934904,0
85.87326,27.934903,0
85.873261,27.934902,0
85.873262,27.934902,0
85.873263,27.934902,0
85.873264,27.934901,0
85.873268,27.934901,0
85.873271,27.9349,0
85.873268,27.934904,0
85.873267,27.934913,0
85.873268,27.934923,0
85.87327,27.934933,0
85.873275,27.93494,0
85.873285,27.934941,0
85.873298,27.93494,0
85.873315,27.934939,0
85.87333,27.934938,0
85.873339,27.934937,0
85.873345,27.934938,0
85.873347,27.93494,0
85.873349,27.934941,0
85.873353,27.934942,0
85.873356,27.934943,0
85.873359,27.934944,0
85.87336,27.934945,0
85.873357,27.934941,0
85.873359,27.934943,0
85.873362,27.934946,0
85.873364,27.934948,0
85.873366,27.934949,0
85.873368,27.93495,0
85.87337,27.934951,0
85.873369,27.934952,0
85.873368,27.934953,0
85.873367,27.934951,0
85.873368,27.934952,0
85.873368,27.934953,0
85.873368,27.934952,0
85.873367,27.934952,0
85.873366,27.934952,0
85.873366,27.934953,0
85.873365,27.934954,0
85.873364,27.934954,0
85.873365,27.934954,0
85.873365,27.934955,0
85.873365,27.934956,0
85.873366,27.934957,0
85.873366,27.934956,0
85.873367,27.934956,0
85.873368,27.934956,0
85.873367,27.934956,0
85.873367,27.934955,0
85.873367,27.934954,0
85.873367,27.934953,0
85.873365,27.93495,0
85.873363,27.934951,0
85.873362,27.934951,0
85.873362,27.93495,0
85.873361,27.934949,0
85.87336,27.934947,0
85.873359,27.934947,0
85.873359,27.934945,0
85.873358,27.934944,0
85.873358,27.934943,0
85.873357,27.934941,0
85.873355,27.934939,0
85.873349,27.934936,0
85.873349,27.934935,0
85.873348,27.934934,0
85.873347,27.934933,0
85.873346,27.934932,0
85.873344,27.93493,0
85.873343,27.934929,0
85.873342,27.934928,0
85.873341,27.934928,0
85.87334,27.934927,0
85.873338,27.934926,0
85.873337,27.934925,0
85.873335,27.934923,0
85.873334,27.934922,0
85.873333,27.934921,0
85.873332,27.934921,0
85.873331,27.93492,0
85.87333,27.934919,0
85.873329,27.934917,0
85.873329,27.934914,0
85.873328,27.934913,0
85.873327,27.934911,0
85.873326,27.934911,0
85.873326,27.93491,0
85.873325,27.93491,0
85.873324,27.934911,0
85.873323,27.93491,0
85.873322,27.93491,0
85.873321,27.93491,0
85.873321,27.934911,0
85.873321,27.934913,0
85.873322,27.934915,0
85.87332,27.934913,0
85.873315,27.934914,0
85.87331,27.934915,0
85.873304,27.934916,0
85.8733,27.934918,0
85.873297,27.934918,0
85.873295,27.934918,0
85.873294,27.934917,0
85.873293,27.934916,0
85.873293,27.934914,0
85.873292,27.934912,0
85.873292,27.93491,0
85.873292,27.934907,0
85.873291,27.934906,0
85.873289,27.934904,0
85.873287,27.934901,0
85.873287,27.934899,0
85.873286,27.934897,0
85.873285,27.934895,0
85.873283,27.934893,0
85.873282,27.934891,0
85.873281,27.934888,0
85.87328,27.934884,0
85.873279,27.934879,0
85.873279,27.934876,0
85.873278,27.934873,0
85.873276,27.93487,0
85.873276,27.934867,0
85.873275,27.934864,0
85.873275,27.934861,0
85.873275,27.934857,0
85.873275,27.934854,0
85.873275,27.934852,0
85.873275,27.934849,0
85.873274,27.934847,0
85.873274,27.934845,0
85.873274,27.934843,0
85.873274,27.93484,0
85.873275,27.934837,0
85.873276,27.934833,0
85.873277,27.934829,0
85.873279,27.934826,0
85.87328,27.934822,0
85.873281,27.934819,0
85.873281,27.934814,0
85.873282,27.934809,0
85.873283,27.934806,0
85.873284,27.934803,0
85.873284,27.934801,0
85.873285,27.934798,0
85.873287,27.934794,0
85.873288,27.934791,0
85.873289,27.934787,0
85.87329,27.934784,0
85.873291,27.934779,0
85.873292,27.934774,0
85.873293,27.93477,0
85.873293,27.934767,0
85.873293,27.934763,0
85.873293,27.934758,0
85.873294,27.934752,0
85.873295,27.934747,0
85.873295,27.934742,0
85.873297,27.934738,0
85.873298,27.934736,0
85.873298,27.934733,0
85.8733,27.934729,0
85.873302,27.934725,0
85.873304,27.934721,0
85.873306,27.934719,0
85.873307,27.934716,0
85.873308,27.934713,0
85.873308,27.934712,0
85.873309,27.934711,0
85.873309,27.934712,0
85.873309,27.934714,0
85.873309,27.934715,0
85.873309,27.934716,0
85.873308,27.934718,0
85.873307,27.934716,0
85.873308,27.934712,0
85.873309,27.934705,0
85.873308,27.934697,0
85.873305,27.934691,0
85.873305,27.934687,0
85.873308,27.934682,0
85.873311,27.934679,0
85.873314,27.934676,0
85.873314,27.934673,0
85.873317,27.934669,0
85.873323,27.934662,0
85.873327,27.934652,0
85.873325,27.934644,0
85.873323,27.934634,0
85.873321,27.934625,0
85.873316,27.934618,0
85.873313,27.93461,0
85.873314,27.934603,0
85.873315,27.934595,0
85.873314,27.934586,0
85.873311,27.934579,0
85.87331,27.93457,0
85.87331,27.93456,0
85.87331,27.93455,0
85.873312,27.934541,0
85.873313,27.934532,0
85.873314,27.934525,0
85.873318,27.934519,0
85.873314,27.934514,0
85.873309,27.934512,0
85.8733,27.934508,0
85.873293,27.934495,0
85.873292,27.934487,0
85.873295,27.934455,0
85.873298,27.934441,0
85.873299,27.934435,0
85.873299,27.934433,0
85.8733,27.93443,0
85.873299,27.934428,0
85.873301,27.934425,0
85.873301,27.934424,0
85.873303,27.934423,0
85.873303,27.934424,0
85.873303,27.934425,0
85.873304,27.934426,0
85.873304,27.934427,0
85.873305,27.934428,0
85.873306,27.934429,0
85.873308,27.934431,0
85.873309,27.934431,0
85.87331,27.934431,0
85.87331,27.93443,0
85.87331,27.934429,0
85.873314,27.934431,0
85.87332,27.934436,0
85.87333,27.934442,0
85.873335,27.934437,0
85.873335,27.934432,0
85.873334,27.934428,0
85.873336,27.934426,0
85.873338,27.934422,0
85.873341,27.934417,0
85.873343,27.934411,0
85.873344,27.934408,0
85.873344,27.934401,0
85.873343,27.934392,0
85.873337,27.934385,0
85.873331,27.93438,0
85.873329,27.934372,0
85.873329,27.934369,0
85.87333,27.934366,0
85.87333,27.934365,0
85.873332,27.934358,0
85.873331,27.934357,0
85.87333,27.934356,0
85.873329,27.934355,0
85.873328,27.934354,0
85.873327,27.934353,0
85.873327,27.934352,0
85.873326,27.934351,0
85.873325,27.93435,0
85.873324,27.93435,0
85.873323,27.934349,0
85.873322,27.934348,0
85.873321,27.934347,0
85.87332,27.934346,0
85.873319,27.934345,0
85.873318,27.934344,0
85.873317,27.934343,0
85.873317,27.934342,0
85.873316,27.934341,0
85.873315,27.93434,0
85.873314,27.934339,0
85.873313,27.934338,0
85.873312,27.934337,0
85.873311,27.934336,0
85.87331,27.934335,0
85.873309,27.934335,0
85.873308,27.934334,0
85.873307,27.934333,0
85.873307,27.934332,0
85.873306,27.934331,0
85.873305,27.93433,0
85.873304,27.934329,0
85.873303,27.934328,0
85.873305,27.934327,0
85.873306,27.934329,0
85.873306,27.93433,0
85.873306,27.934331,0
85.873307,27.934331,0
85.873308,27.934331,0
85.873309,27.934332,0
85.873311,27.934332,0
85.873313,27.934332,0
85.873314,27.934332,0
85.873315,27.934333,0
85.873316,27.934333,0
85.873316,27.934334,0
85.873316,27.934335,0
85.873317,27.934335,0
85.873318,27.934335,0
85.873317,27.934335,0
85.873317,27.934336,0
85.873316,27.934336,0
85.873316,27.934337,0
85.873315,27.934337,0
85.873314,27.934336,0
85.873313,27.934336,0
85.873312,27.934336,0
85.873313,27.934336,0
85.873313,27.934337,0
85.873314,27.934336,0
85.873312,27.934335,0
85.873311,27.934335,0
85.873312,27.934335,0
85.87331,27.934335,0
85.873309,27.934335,0
85.873309,27.934334,0
85.87331,27.934334,0
85.873311,27.934334,0
85.873311,27.934333,0
85.873311,27.934331,0
85.87331,27.93433,0
85.87331,27.934329,0
85.873311,27.934329,0
85.87331,27.93433,0
85.873312,27.934331,0
85.873312,27.934332,0
85.873313,27.934334,0
85.873313,27.934335,0
85.873313,27.934336,0
85.873312,27.934336,0
85.873312,27.934337,0
85.873311,27.934339,0
85.873311,27.934338,0
85.873311,27.934337,0
85.873311,27.934335,0
85.873311,27.934334,0
85.873311,27.934333,0
85.87331,27.934333,0
85.87331,27.934332,0
85.873311,27.934331,0
85.873311,27.93433,0
85.873312,27.934331,0
85.873312,27.934332,0
85.873311,27.934334,0
85.87331,27.934334,0
85.87331,27.934335,0
85.873309,27.934336,0
85.873309,27.934337,0
85.873309,27.934336,0
85.873308,27.934336,0
85.873308,27.934335,0
85.873309,27.934335,0
85.87331,27.934336,0
85.87331,27.934335,0
85.873309,27.934335,0
85.87331,27.934335,0
85.87331,27.934336,0
85.87331,27.934335,0
85.87331,27.934336,0
85.873309,27.934337,0
85.873308,27.934337,0
85.873308,27.934336,0
85.873308,27.934335,0
85.873308,27.934334,0
85.87331,27.934333,0
85.873313,27.934331,0
85.873314,27.934331,0
85.873315,27.934331,0
85.873316,27.934331,0
85.873318,27.934331,0
85.873319,27.934331,0
85.87332,27.934331,0
85.873321,27.934331,0
85.873322,27.934331,0
85.873323,27.934332,0
85.873323,27.934333,0
85.873322,27.934331,0
85.873323,27.934333,0
85.873323,27.934336,0
85.873323,27.934338,0
85.873323,27.934339,0
85.873322,27.934339,0
85.873322,27.93434,0
85.873321,27.934339,0
85.87332,27.934339,0
85.87332,27.934338,0
85.873319,27.934339,0
85.873318,27.934339,0
85.873317,27.93434,0
85.873316,27.93434,0
85.873315,27.93434,0
85.873313,27.934338,0
85.873312,27.934335,0
85.873312,27.934333,0
85.873312,27.934334,0
85.873312,27.934333,0
85.873311,27.934333,0
85.873311,27.934334,0
85.873311,27.934335,0
85.873312,27.934335,0
85.873311,27.934335,0
85.873311,27.934336,0
85.87331,27.934336,0
85.87331,27.934337,0
85.873309,27.934337,0
85.873308,27.934337,0
85.873307,27.934337,0
85.873307,27.934338,0
85.873308,27.934339,0
85.873309,27.934341,0
85.873308,27.934341,0
85.873308,27.934342,0
85.873307,27.934341,0
85.873306,27.934342,0
85.873305,27.934342,0
85.873304,27.934343,0
85.873304,27.934342,0
85.873305,27.934342,0
85.873304,27.934341,0
85.873305,27.934341,0
85.873305,27.93434,0
85.873305,27.934341,0
85.873304,27.934341,0
85.873304,27.934342,0
85.873305,27.934342,0
85.873305,27.934341,0
85.873305,27.93434,0
85.873304,27.934339,0
85.873305,27.93434,0
85.873306,27.93434,0
85.873307,27.934341,0
85.873306,27.93434,0
85.873306,27.934341,0
85.873307,27.93434,0
85.873307,27.934341,0
85.873308,27.934343,0
85.873307,27.934343,0
85.873308,27.934343,0
85.873309,27.934343,0
85.873308,27.934343,0
85.873307,27.934343,0
85.873307,27.934344,0
85.873308,27.934344,0
85.873307,27.934344,0
85.873308,27.934345,0
85.873308,27.934346,0
85.873308,27.934345,0
85.873308,27.934346,0
85.873308,27.934347,0
85.873308,27.934346,0
85.873307,27.934346,0
85.873307,27.934347,0
85.873306,27.934347,0
85.873305,27.934348,0
85.873306,27.934348,0
85.873305,27.934347,0
85.873305,27.934348,0
85.873305,27.934349,0
85.873304,27.934349,0
85.873304,27.93435,0
85.873305,27.93435,0
85.873305,27.934351,0
85.873304,27.934351,0
85.873303,27.934351,0
85.873303,27.934352,0
85.873302,27.934352,0
85.873303,27.934352,0
85.873304,27.934353,0
85.873305,27.934354,0
85.873305,27.934355,0
85.873305,27.934357,0
85.873305,27.934358,0
85.873305,27.934359,0
85.873304,27.934361,0
85.873304,27.934363,0
85.873304,27.934364,0
85.873305,27.934363,0
85.873306,27.934364,0
85.873306,27.934365,0
85.873307,27.934365,0
85.873308,27.934364,0
85.873309,27.934363,0
85.87331,27.934362,0
85.873311,27.934361,0
85.873312,27.934359,0
85.873313,27.934357,0
85.873315,27.934353,0
85.873317,27.93435,0
85.873316,27.934348,0
85.873319,27.934343,0
85.873322,27.934347,0
85.873324,27.93435,0
85.873326,27.934354,0
85.873328,27.934358,0
85.873327,27.93436,0
85.873325,27.934366,0
85.873324,27.934371,0
85.873322,27.934378,0
85.873322,27.934388,0
85.873319,27.934399,0
85.873312,27.934407,0
85.873304,27.934414,0
85.873296,27.934423,0
85.873287,27.934432,0
85.873279,27.934439,0
85.873268,27.934448,0
85.873263,27.934456,0
85.873266,27.934463,0
85.873271,27.934471,0
85.873271,27.934479,0
85.87327,27.934488,0
85.873271,27.934494,0
85.873272,27.934504,0
85.873272,27.934514,0
85.873273,27.934525,0
85.873272,27.934537,0
85.873273,27.934547,0
85.873277,27.934561,0
85.873281,27.934576,0
85.873282,27.934591,0
85.873285,27.934607,0
85.873286,27.934626,0
85.873284,27.934636,0
85.873276,27.934665,0
85.873274,27.934675,0
85.873273,27.934686,0
85.873267,27.934708,0
85.873263,27.934716,0
85.87326,27.934723,0
85.873256,27.934743,0
85.873259,27.934756,0
85.873268,27.934777,0
85.873293,27.934813,0
85.873295,27.934826,0
85.873288,27.93485,0
85.873281,27.934864,0
85.873275,27.934875,0
85.873273,27.934879,0
85.873273,27.934881,0
85.873273,27.934882,0
85.873273,27.934884,0
85.873274,27.934885,0
85.873276,27.934886,0
85.873279,27.934887,0
85.873282,27.934885,0
85.873286,27.934881,0
85.873287,27.934877,0
85.873282,27.934871,0
85.873275,27.934865,0
85.873274,27.934866,0
85.873276,27.93487,0
85.873277,27.934876,0
85.873276,27.934882,0
85.873274,27.93489,0
85.87327,27.934897,0
85.873264,27.934905,0
85.873259,27.934914,0
85.873257,27.934927,0
85.873258,27.934938,0
85.873264,27.934948,0
85.873272,27.934954,0
85.87328,27.934957,0
85.873287,27.934955,0
85.873294,27.934953,0
85.873303,27.93495,0
85.87331,27.934942,0
85.873317,27.934934,0
85.873328,27.934929,0
85.873335,27.934927,0
85.873346,27.934928,0
85.873355,27.934934,0
85.873362,27.934943,0
85.873366,27.934952,0
85.873368,27.934964,0
85.873368,27.934974,0
85.873367,27.934983,0
85.873365,27.935006,0
85.873363,27.935023,0
85.873363,27.935039,0
85.873363,27.935054,0
85.873365,27.935068,0
85.873369,27.935083,0
85.873378,27.935103,0
85.873386,27.935119,0
85.873395,27.935133,0
85.8734,27.935142,0
85.873403,27.935147,0
85.873403,27.93515,0
85.873404,27.935153,0
85.873404,27.935154,0
85.8734,27.935152,0
85.873397,27.935153,0
85.873398,27.935157,0
85.873398,27.93516,0
85.873397,27.935163,0
85.873397,27.935167,0
85.873398,27.935173,0
85.873398,27.93518,0
85.873402,27.935187,0
85.873414,27.935195,0
85.873435,27.935201,0
85.873439,27.9352,0
85.873443,27.9352,0
85.873447,27.935199,0
85.87345,27.935199,0
85.873454,27.935198,0
85.873458,27.935198,0
85.873462,27.935197,0
85.873466,27.935197,0
85.87347,27.935196,0
85.873473,27.935196,0
85.873477,27.935195,0
85.873481,27.935195,0
85.873485,27.935196,0
85.873478,27.935202,0
85.873478,27.935213,0
85.873478,27.935226,0
85.873481,27.935235,0
85.873483,27.935243,0
85.873491,27.935261,0
85.873496,27.93527,0
85.8735,27.93528,0
85.873504,27.935287,0
85.873507,27.935295,0
85.873508,27.935302,0
85.873508,27.935309,0
85.873506,27.935314,0
85.873506,27.935322,0
85.873507,27.935328,0
85.873506,27.935336,0
85.873507,27.935351,0
85.873513,27.935384,0
85.873516,27.935394,0
85.873518,27.935404,0
85.873521,27.935413,0
85.873526,27.935422,0
85.873529,27.935426,0
85.873533,27.935429,0
85.873536,27.935433,0
85.87354,27.935437,0
85.873543,27.935441,0
85.873545,27.935442,0
85.873547,27.935443,0
85.873548,27.935443,0
85.87355,27.935444,0
85.873553,27.935445,0
85.873555,27.935444,0
85.873558,27.935444,0
85.87356,27.93544,0
85.873561,27.935437,0
85.873562,27.935435,0
85.873563,27.935434,0
85.873562,27.935436,0
85.873562,27.935442,0
85.873564,27.935447,0
85.873567,27.935451,0
85.873569,27.935453,0
85.873569,27.935454,0
85.873571,27.935454,0
85.873574,27.935453,0
85.873574,27.935448,0
85.873574,27.935442,0
85.873576,27.93544,0
85.873577,27.93544,0
85.873581,27.935442,0
85.873589,27.935447,0
85.873599,27.93545,0
85.873606,27.935452,0
85.873611,27.935457,0
85.873612,27.935464,0
85.873614,27.93547,0
85.873612,27.935482,0
85.873608,27.935492,0
85.873599,27.935498,0
85.873587,27.935505,0
85.87358,27.935512,0
85.873575,27.935519,0
85.87357,27.935528,0
85.873566,27.935537,0
85.873563,27.935542,0
85.873561,27.935547,0
85.87356,27.935548,0
85.873561,27.935548,0
85.873561,27.935547,0
85.873562,27.935547,0
85.873563,27.935545,0
85.873565,27.935542,0
85.873565,27.93554,0
85.873564,27.93554,0
85.873564,27.935547,0
85.873565,27.935557,0
85.873567,27.935571,0
85.873568,27.935587,0
85.873564,27.935601,0
85.873557,27.935615,0
85.873554,27.935624,0
85.873553,27.935627,0
85.873552,27.935629,0
85.873552,27.93563,0
85.873552,27.935631,0
85.873551,27.935632,0
85.873551,27.935633,0
85.873551,27.935634,0
85.873551,27.935635,0
85.873552,27.935636,0
85.873553,27.935635,0
85.873554,27.935635,0
85.873555,27.935634,0
85.873556,27.93563,0
85.873562,27.935617,0
85.873563,27.935616,0
85.873562,27.935622,0
85.87356,27.935626,0
85.87356,27.93563,0
85.873562,27.93564,0
85.873563,27.935646,0
85.873564,27.935653,0
85.873564,27.935659,0
85.873565,27.935662,0
85.873563,27.935672,0
85.873561,27.935674,0
85.873559,27.935677,0
85.873557,27.935679,0
85.873559,27.935685,0
85.873563,27.935695,0
85.873569,27.935704,0
85.873572,27.935713,0
85.873573,27.935725,0
85.873575,27.935737,0
85.873578,27.935748,0
85.87358,27.935756,0
85.873583,27.935763,0
85.873589,27.935785,0
85.873592,27.935802,0
85.873594,27.935817,0
85.8736,27.935832,0
85.873604,27.935844,0
85.873606,27.935856,0
85.873604,27.935868,0
85.873603,27.935877,0
85.873606,27.935884,0
85.873612,27.935889,0
85.873618,27.935895,0
85.873626,27.935902,0
85.873637,27.935908,0
85.873645,27.935912,0
85.87365,27.935917,0
85.873652,27.935923,0
85.873652,27.935927,0
85.873653,27.935933,0
85.873652,27.935934,0
85.873649,27.935938,0
85.873647,27.935944,0
85.873645,27.935952,0
85.873644,27.93596,0
85.873645,27.935969,0
85.873645,27.935975,0
85.873646,27.935982,0
85.873646,27.935991,0
85.873649,27.935999,0
85.873649,27.936007,0
85.873643,27.936014,0
85.873638,27.936018,0
85.873634,27.936023,0
85.873633,27.936028,0
85.873631,27.936035,0
85.873629,27.936041,0
85.873625,27.936044,0
85.873618,27.936049,0
85.873615,27.93605,0
85.873611,27.936056,0
85.873605,27.936063,0
85.8736,27.936068,0
85.873592,27.936071,0
85.873582,27.936075,0
85.873577,27.936079,0
85.873579,27.936084,0
85.873579,27.936088,0
85.873579,27.936093,0
85.873576,27.936099,0
85.873569,27.936106,0
85.873568,27.936113,0
85.87357,27.936123,0
85.87357,27.936135,0
85.873571,27.936145,0
85.873572,27.936153,0
85.873574,27.936161,0
85.873575,27.936182,0
85.873575,27.936191,0
85.873576,27.9362,0
85.873574,27.936221,0
85.873572,27.93623,0
85.873571,27.936234,0
85.87357,27.936236,0
85.873568,27.936238,0
85.873567,27.936242,0
85.873564,27.936249,0
85.873561,27.936256,0
85.873558,27.936266,0
85.873557,27.936274,0
85.873557,27.936282,0
85.873557,27.93629,0
85.873558,27.936297,0
85.873562,27.936304,0
85.873565,27.936315,0
85.873568,27.936325,0
85.873567,27.936334,0
85.873562,27.936342,0
85.873559,27.936349,0
85.873556,27.936357,0
85.873552,27.936366,0
85.873547,27.936371,0
85.873542,27.936375,0
85.87354,27.936375,0
85.873535,27.936377,0
85.873534,27.936381,0
85.873533,27.936386,0
85.873533,27.936393,0
85.87353,27.9364,0
85.873525,27.936408,0
85.873519,27.936416,0
85.873513,27.936426,0
85.873508,27.936436,0
85.873503,27.936445,0
85.873494,27.936454,0
85.873483,27.936461,0
85.873472,27.936464,0
85.873463,27.936469,0
85.873455,27.936476,0
85.873453,27.936482,0
85.873456,27.936492,0
85.873459,27.936499,0
85.87346,27.936509,0
85.873465,27.936518,0
85.873473,27.936526,0
85.873488,27.936534,0
85.873504,27.936542,0
85.873518,27.936553,0
85.873524,27.936562,0
85.873528,27.936569,0
85.87353,27.936577,0
85.873533,27.936585,0
85.873536,27.936596,0
85.873535,27.936605,0
85.873534,27.936613,0
85.873529,27.936633,0
85.87352,27.93664,0
85.873509,27.936643,0
85.873502,27.936642,0
85.873497,27.936643,0
85.873496,27.936652,0
85.873495,27.936659,0
85.873495,27.936666,0
85.873499,27.936669,0
85.873501,27.936671,0
85.873508,27.93667,0
85.873514,27.936666,0
85.873518,27.936657,0
85.873527,27.936648,0
85.873537,27.936644,0
85.873547,27.936641,0
85.873554,27.936644,0
85.873558,27.936649,0
85.873561,27.936655,0
85.873561,27.936659,0
85.873559,27.936663,0
85.873557,27.936668,0
85.873554,27.936674,0
85.873555,27.936682,0
85.873559,27.936691,0
85.873562,27.9367,0
85.873565,27.936711,0
85.873566,27.936721,0
85.873563,27.936735,0
85.87356,27.936756,0
85.873551,27.936783,0
85.873545,27.936798,0
85.873544,27.936803,0
85.873543,27.936805,0
85.873543,27.936806,0
85.873544,27.936807,0
85.873545,27.936808,0
85.873544,27.936809,0
85.873545,27.93681,0
85.873546,27.93681,0
85.873546,27.936811,0
85.873545,27.93681,0
85.873545,27.936811,0
85.873546,27.936812,0
85.873547,27.936813,0
85.87355,27.936816,0
85.873549,27.936818,0
85.873546,27.936819,0
85.873541,27.936824,0
85.873536,27.936832,0
85.873536,27.936837,0
85.873538,27.936843,0
85.873541,27.936848,0
85.873544,27.936853,0
85.873549,27.936864,0
85.873553,27.936871,0
85.873557,27.936878,0
85.87356,27.936875,0
85.873561,27.936881,0
85.873563,27.936887,0
85.873562,27.936893,0
85.873561,27.9369,0
85.873561,27.936909,0
85.87356,27.936918,0
85.873559,27.936925,0
85.87356,27.936931,0
85.873558,27.936941,0
85.873558,27.93695,0
85.87356,27.936962,0
85.873562,27.936972,0
85.873566,27.936983,0
85.873566,27.936997,0
85.873568,27.937006,0
85.87357,27.937014,0
85.873577,27.937033,0
85.87358,27.937043,0
85.873586,27.937052,0
85.873593,27.937059,0
85.8736,27.937064,0
85.873603,27.937064,0
85.873605,27.937063,0
85.873609,27.937064,0
85.873615,27.937063,0
85.873612,27.937063,0
85.873606,27.937065,0
85.873606,27.937072,0
85.873609,27.937078,0
85.873613,27.937086,0
85.873618,27.937094,0
85.873624,27.937103,0
85.873628,27.937111,0
85.873622,27.937116,0
85.873615,27.937118,0
85.873609,27.937125,0
85.873609,27.937133,0
85.87361,27.937141,0
85.87361,27.93715,0
85.873606,27.937159,0
85.873603,27.937167,0
85.873604,27.937177,0
85.873604,27.937184,0
85.873604,27.937193,0
85.8736,27.9372,0
85.873593,27.937207,0
85.873585,27.937214,0
85.873577,27.937223,0
85.873575,27.937231,0
85.873572,27.93724,0
85.873567,27.937251,0
85.873562,27.93726,0
85.873557,27.937272,0
85.873553,27.937279,0
85.87355,27.937284,0
85.873545,27.937289,0
85.873542,27.937292,0
85.873541,27.937295,0
85.87354,27.937297,0
85.87354,27.937303,0
85.873539,27.937307,0
85.873538,27.93731,0
85.873537,27.937314,0
85.873537,27.937317,0
85.873537,27.93732,0
85.873537,27.937321,0
85.873537,27.937322,0
85.873537,27.937321,0
85.873539,27.93732,0
85.87354,27.937318,0
85.873541,27.937318,0
85.87354,27.937318,0
85.873535,27.937319,0
85.873532,27.937321,0
85.87353,27.937324,0
85.873528,27.937329,0
85.873528,27.937333,0
85.873528,27.937339,0
85.873532,27.937347,0
85.873536,27.937357,0
85.873538,27.937366,0
85.873534,27.937373,0
85.873529,27.93738,0
85.873523,27.937387,0
85.873518,27.937396,0
85.873514,27.937407,0
85.873513,27.937417,0
85.873508,27.937426,0
85.873498,27.937435,0
85.873494,27.937439,0
85.873493,27.937442,0
85.873492,27.937445,0
85.873492,27.937446,0
85.873492,27.937448,0
85.873492,27.937449,0
85.873492,27.937451,0
85.873492,27.937453,0
85.873493,27.937454,0
85.873494,27.937456,0
85.873495,27.937458,0
85.873497,27.937461,0
85.873498,27.937463,0
85.8735,27.937466,0
85.873503,27.937472,0
85.873508,27.937477,0
85.873511,27.937479,0
85.873513,27.937481,0
85.873515,27.937482,0
85.873517,27.937483,0
85.873519,27.937483,0
85.873522,27.937483,0
85.873523,27.937483,0
85.873524,27.937483,0
85.873526,27.937483,0
85.873528,27.937482,0
85.873529,27.937481,0
85.87353,27.93748,0
85.873531,27.937478,0
85.873533,27.937475,0
85.873535,27.937472,0
85.873536,27.937469,0
85.873536,27.937468,0
85.873539,27.937468,0
85.873542,27.937469,0
85.873544,27.937469,0
85.873548,27.937468,0
85.873551,27.937468,0
85.873555,27.937467,0
85.873558,27.937468,0
85.87356,27.937468,0
85.873562,27.93747,0
85.873564,27.93747,0
85.873566,27.937471,0
85.873569,27.937473,0
85.873572,27.937474,0
85.873575,27.937475,0
85.873577,27.937475,0
85.87358,27.937476,0
85.873583,27.937476,0
85.873586,27.937477,0
85.873588,27.937478,0
85.873591,27.937479,0
85.873594,27.937481,0
85.873596,27.937483,0
85.873599,27.937485,0
85.873602,27.937487,0
85.873605,27.937487,0
85.873607,27.937487,0
85.873608,27.937488,0
85.873611,27.93749,0
85.873617,27.937489,0
85.87362,27.937489,0
85.873623,27.93749,0
85.873625,27.937491,0
85.873627,27.937492,0
85.873629,27.937492,0
85.873633,27.93749,0
85.873638,27.937487,0
85.873642,27.937481,0
85.873643,27.937479,0
85.873642,27.93748,0
85.873641,27.937479,0
85.873641,27.937476,0
85.873639,27.937474,0
85.873634,27.937475,0
85.873632,27.937473,0
85.873631,27.93747,0
85.873628,27.937462,0
85.873625,27.937457,0
85.873625,27.937452,0
85.873631,27.937444,0
85.873632,27.937437,0
85.873634,27.937426,0
85.873636,27.937416,0
85.873641,27.937408,0
85.873654,27.937402,0
85.873668,27.937399,0
85.873679,27.937395,0
85.87369,27.937392,0
85.8737,27.937392,0
85.873708,27.937395,0
85.873714,27.937401,0
85.873716,27.937407,0
85.873716,27.937415,0
85.873712,27.937422,0
85.873709,27.937432,0
85.873711,27.937442,0
85.873711,27.937447,0
85.873717,27.937445,0
85.873726,27.93744,0
85.873733,27.937437,0
85.873739,27.937432,0
85.873742,27.937428,0
85.873746,27.937425,0
85.873749,27.937425,0
85.873752,27.937429,0
85.873756,27.937433,0
85.87376,27.937435,0
85.873762,27.937436,0
85.873762,27.937438,0
85.873763,27.937439,0
85.873764,27.93744,0
85.873765,27.93744,0
85.873766,27.937441,0
85.873768,27.937443,0
85.873769,27.937445,0
85.87377,27.937445,0
85.873771,27.937445,0
85.873772,27.937444,0
85.873772,27.937445,0
85.873772,27.937446,0
85.873771,27.937445,0
85.87377,27.937444,0
85.87377,27.937445,0
85.87377,27.937444,0
85.873769,27.937444,0
85.873768,27.937444,0
85.873769,27.937443,0
85.87377,27.937444,0
85.873771,27.937444,0
85.873771,27.937445,0
85.873772,27.937445,0
85.873773,27.937445,0
85.873774,27.937446,0
85.873775,27.937447,0
85.873776,27.937447,0
85.873776,27.937448,0
85.873777,27.937449,0
85.873778,27.93745,0
85.873777,27.93745,0
85.873777,27.937446,0
85.873777,27.937448,0
85.873778,27.93745,0
85.873779,27.937452,0
85.873781,27.937455,0
85.873781,27.937457,0
85.873781,27.937459,0
85.873781,27.93746,0
85.873781,27.937461,0
85.873781,27.937462,0
85.873781,27.937463,0
85.873781,27.937464,0
85.87378,27.937466,0
85.87378,27.937467,0
85.873779,27.937467,0
85.873779,27.937468,0
85.87378,27.937468,0
85.873781,27.937469,0
85.873781,27.93747,0
85.873782,27.937471,0
85.873782,27.937472,0
85.873782,27.937473,0
85.873784,27.937475,0
85.873785,27.937476,0
85.873787,27.937476,0
85.873789,27.937476,0
85.87379,27.937477,0
85.873791,27.937478,0
85.873792,27.937479,0
85.873791,27.937481,0
85.873789,27.937482,0
85.873788,27.937484,0
85.873788,27.937485,0
85.873789,27.937487,0
85.87379,27.937488,0
85.873791,27.937489,0
85.873792,27.937489,0
85.873794,27.937489,0
85.873796,27.937489,0
85.873797,27.937491,0
85.873797,27.937493,0
85.873797,27.937494,0
85.873797,27.937496,0
85.873797,27.937497,0
85.873798,27.937498,0
85.873798,27.937499,0
85.873799,27.9375,0
85.8738,27.937502,0
85.873804,27.937504,0
85.873809,27.937506,0
85.873813,27.937509,0
85.873815,27.937514,0
85.873816,27.937517,0
85.873817,27.93752,0
85.873817,27.937523,0
85.873819,27.937525,0
85.87382,27.937528,0
85.873822,27.93753,0
85.873824,27.937533,0
85.873825,27.937536,0
85.873827,27.937538,0
85.87383,27.937541,0
85.873833,27.937543,0
85.873836,27.937544,0
85.873838,27.937544,0
85.873839,27.937545,0
85.87384,27.937547,0
85.87384,27.937548,0
85.873839,27.93755,0
85.87384,27.937551,0
85.873839,27.937553,0
85.873839,27.937554,0
85.873839,27.937556,0
85.873841,27.937557,0
85.873843,27.937559,0
85.873844,27.937561,0
85.873845,27.937563,0
85.873847,27.937564,0
85.873849,27.937565,0
85.873851,27.937566,0
85.873852,27.937567,0
85.873853,27.937568,0
85.873854,27.93757,0
85.873855,27.937573,0
85.873856,27.937575,0
85.873856,27.937577,0
85.873857,27.937577,0
85.873858,27.937579,0
85.873858,27.93758,0
85.873857,27.937579,0
85.873858,27.937578,0
85.87386,27.937581,0
85.873865,27.937585,0
85.873869,27.93759,0
85.873877,27.937595,0
85.87388,27.937599,0
85.873881,27.937602,0
85.873881,27.937603,0
85.873878,27.937607,0
85.873877,27.937612,0
85.873873,27.937618,0
85.873869,27.937622,0
85.873863,27.937625,0
85.873857,27.937625,0
85.873849,27.937625,0
85.873843,27.937622,0
85.873838,27.93762,0
85.873832,27.937613,0
85.873829,27.937612,0
85.873828,27.937619,0
85.873827,27.937623,0
85.873831,27.937629,0
85.873839,27.937634,0
85.873847,27.937638,0
85.873852,27.93764,0
85.873855,27.937638,0
85.873858,27.937638,0
85.873862,27.937636,0
85.873861,27.937633,0
85.873855,27.937634,0
85.873857,27.937639,0
85.873866,27.937645,0
85.873877,27.937655,0
85.87389,27.937666,0
85.873901,27.937674,0
85.873907,27.937677,0
85.873911,27.937678,0
85.873913,27.937679,0
85.873915,27.937681,0
85.873916,27.937682,0
85.873916,27.937683,0
85.873918,27.937684,0
85.87392,27.937685,0
85.873919,27.937685,0
85.873919,27.937686,0
85.873918,27.937687,0
85.873918,27.937688,0
85.873917,27.93769,0
85.873917,27.937692,0
85.873917,27.937694,0
85.873917,27.937696,0
85.873917,27.937697,0
85.873918,27.937699,0
85.873917,27.937701,0
85.873917,27.937704,0
85.873916,27.937706,0
85.873916,27.937707,0
85.873918,27.937709,0
85.87392,27.937707,0
85.873922,27.937706,0
85.873928,27.937707,0
85.873932,27.937713,0
85.873928,27.937722,0
85.873919,27.93773,0
85.873906,27.937737,0
85.873898,27.93774,0
85.87389,27.937744,0
85.873881,27.937747,0
85.873867,27.937751,0
85.873863,27.93775,0
85.873859,27.937748,0
85.873855,27.937745,0
85.873851,27.937745,0
85.873849,27.937744,0
85.873847,27.937741,0
85.873849,27.937742,0
85.873853,27.937738,0
85.873858,27.937737,0
85.873857,27.93774,0
85.873855,27.937739,0
85.873848,27.93774,0
85.873841,27.937744,0
85.873834,27.937748,0
85.873827,27.937756,0
85.873819,27.937767,0
85.87381,27.937776,0
85.873802,27.937785,0
85.873797,27.937792,0
85.873792,27.937799,0
85.873788,27.937805,0
85.873786,27.937811,0
85.873785,27.937817,0
85.873784,27.937822,0
85.873784,27.937826,0
85.873787,27.937828,0
85.873793,27.937827,0
85.873799,27.937825,0
85.873809,27.937822,0
85.873822,27.937816,0
85.873836,27.937812,0
85.873845,27.937809,0
85.873859,27.937807,0
85.873865,27.937806,0
85.87387,27.937807,0
85.873869,27.937808,0
85.87387,27.937808,0
85.873873,27.937808,0
85.873875,27.937807,0
85.873877,27.937807,0
85.873878,27.937807,0
85.873879,27.937806,0
85.873878,27.937806,0
85.873878,27.937807,0
85.873879,27.937808,0
85.873878,27.937808,0
85.873878,27.937809,0
85.873878,27.93781,0
85.873879,27.937811,0
85.873881,27.937812,0
85.873883,27.937812,0
85.873884,27.937812,0
85.873886,27.937812,0
85.873886,27.937811,0
85.873886,27.93781,0
85.873887,27.937809,0
85.873889,27.937808,0
85.873894,27.937805,0
85.873898,27.937801,0
85.873899,27.937803,0
85.873898,27.937803,0
85.873897,27.937803,0
85.873895,27.937804,0
85.873892,27.937806,0
85.873888,27.937808,0
85.873885,27.937812,0
85.873882,27.937814,0
85.873879,27.937816,0
85.873877,27.937819,0
85.873875,27.937821,0
85.873873,27.937826,0
85.873869,27.93783,0
85.873865,27.937834,0
85.873864,27.937834,0
85.873861,27.937834,0
85.873856,27.937833,0
85.873852,27.937832,0
85.873848,27.93783,0
85.873842,27.937829,0
85.87384,27.937827,0
85.873838,27.937825,0
85.873837,27.937824,0
85.873838,27.937824,0
85.873838,27.937823,0
85.873837,27.937823,0
85.873836,27.937822,0
85.873832,27.93782,0
85.873829,27.937817,0
85.873827,27.937813,0
85.873826,27.937808,0
85.873826,27.937801,0
85.873828,27.937798,0
85.873832,27.937797,0
85.873836,27.937793,0
85.873839,27.937791,0
85.873843,27.93779,0
85.873844,27.93779,0
85.873845,27.937788,0
85.873845,27.937787,0
85.873846,27.937786,0
85.873845,27.937783,0
85.873844,27.937781,0
85.873838,27.937776,0
85.873828,27.937769,0
85.873815,27.93776,0
85.873807,27.937756,0
85.873799,27.937752,0
85.873792,27.937748,0
85.873774,27.937742,0
85.87376,27.937739,0
85.873742,27.937733,0
85.873739,27.937731,0
85.873736,27.937729,0
85.873733,27.937727,0
85.87373,27.937725,0
85.873727,27.937723,0
85.873724,27.937721,0
85.873722,27.937719,0
85.873719,27.937717,0
85.873716,27.937715,0
85.873713,27.937713,0
85.87371,27.937711,0
85.873708,27.937707,0
85.87371,27.937705,0
85.873711,27.937704,0
85.873712,27.937703,0
85.873713,27.937703,0
85.873715,27.937702,0
85.873715,27.937701,0
85.873715,27.9377,0
85.873715,27.937699,0
85.873714,27.937699,0
85.873713,27.937699,0
85.873713,27.937698,0
85.873713,27.937697,0
85.873712,27.937697,0
85.873711,27.937698,0
85.873712,27.937697,0
85.873714,27.937695,0
85.873715,27.937694,0
85.873716,27.937694,0
85.873717,27.937694,0
85.873711,27.937697,0
85.873712,27.937695,0
85.873712,27.937694,0
85.873713,27.937694,0
85.873713,27.937693,0
85.873715,27.937692,0
85.873718,27.937691,0
85.873725,27.937687,0
85.873726,27.937684,0
85.873728,27.937677,0
85.873724,27.937675,0
85.873714,27.937681,0
85.873713,27.937695,0
85.873725,27.937701,0
85.87374,27.937721,0
85.873739,27.937718,0
85.873738,27.937714,0
85.873736,27.937708,0
85.873738,27.937697,0
85.873737,27.937683,0
85.873735,27.937664,0
85.873736,27.937663,0
85.873736,27.937646,0
85.873739,27.937634,0
85.873742,27.937626,0
85.873742,27.93763,0
85.873738,27.937635,0
85.873738,27.937636,0
85.873738,27.937638,0
85.873739,27.937639,0
85.873739,27.937641,0
85.873739,27.937642,0
85.873739,27.937644,0
85.873739,27.937645,0
85.873739,27.937647,0
85.87374,27.937648,0
85.87374,27.93765,0
85.87374,27.937651,0
85.87374,27.937653,0
85.87374,27.937654,0
85.873741,27.937656,0
85.873741,27.937657,0
85.873741,27.937659,0
85.873741,27.93766,0
85.873741,27.937662,0
85.873741,27.937663,0
85.873742,27.937665,0
85.873742,27.937666,0
85.873742,27.937668,0
85.873742,27.937669,0
85.873742,27.937671,0
85.873743,27.937672,0
85.873743,27.937674,0
85.873743,27.937675,0
85.873743,27.937677,0
85.873743,27.937678,0
85.873743,27.93768,0
85.873744,27.937681,0
85.873744,27.937683,0
85.873744,27.937684,0
85.873744,27.937686,0
85.873744,27.937687,0
85.873744,27.937689,0
85.873745,27.93769,0
85.873745,27.937692,0
85.873745,27.937693,0
85.873745,27.937695,0
85.873745,27.937696,0
85.873746,27.937698,0
85.873746,27.937699,0
85.873746,27.937701,0
85.873746,27.937702,0
85.873746,27.937704,0
85.873746,27.937705,0
85.873747,27.937707,0
85.873747,27.937708,0
85.873747,27.93771,0
85.873747,27.937711,0
85.873747,27.937713,0
85.873748,27.937714,0
85.873748,27.937716,0
85.873748,27.937717,0
85.873748,27.937719,0
85.873748,27.93772,0
85.873748,27.937722,0
85.873749,27.937723,0
85.873749,27.937725,0
85.873751,27.937729,0
85.873749,27.937733,0
85.873742,27.93774,0
85.873733,27.937743,0
85.873732,27.937745,0
85.87373,27.937745,0
85.873725,27.937748,0
85.873719,27.937752,0
85.873711,27.937753,0
85.873703,27.937757,0
85.873696,27.937761,0
85.87369,27.937767,0
85.873685,27.937771,0
85.873679,27.937776,0
85.873675,27.937778,0
85.873672,27.93778,0
85.873668,27.937779,0
85.873667,27.937779,0
85.873665,27.93778,0
85.873665,27.937779,0
85.873666,27.937779,0
85.873667,27.937779,0
85.873668,27.937777,0
85.87367,27.937771,0
85.873675,27.937763,0
85.873683,27.937754,0
85.873688,27.937752,0
85.873693,27.93775,0
85.873697,27.937747,0
85.873702,27.937745,0
85.873707,27.937743,0
85.873712,27.937741,0
85.873716,27.937738,0
85.873721,27.937736,0
85.873728,27.937733,0
85.873731,27.937731,0
85.873733,27.93773,0
85.873733,27.937731,0
85.873733,27.937729,0
85.873732,27.937728,0
85.873732,27.937725,0
85.873731,27.937721,0
85.873733,27.937715,0
85.873735,27.937712,0
85.873738,27.937711,0
85.873741,27.937711,0
85.873744,27.937712,0
85.873747,27.937713,0
85.873753,27.937716,0
85.873756,27.937718,0
85.873763,27.93772,0
85.87377,27.937721,0
85.873775,27.93772,0
85.873783,27.937721,0
85.873782,27.93772,0
85.873781,27.937719,0
85.873781,27.937718,0
85.873783,27.937716,0
85.873784,27.937715,0
85.873786,27.937713,0
85.873688,27.937775,0
85.873687,27.937779,0
85.873688,27.93778,0
85.873687,27.93778,0
85.873686,27.937781,0
85.873685,27.937781,0
85.873684,27.937781,0
85.873684,27.937782,0
85.873684,27.937783,0
85.873684,27.937784,0
85.873685,27.937785,0
85.873686,27.937785,0
85.873687,27.937785,0
85.873687,27.937786,0
85.873687,27.937787,0
85.873688,27.937786,0
85.873688,27.937785,0
85.873688,27.937784,0
85.873688,27.937783,0
85.873688,27.937782,0
85.873687,27.937781,0
85.873687,27.937782,0
85.873688,27.937782,0
85.87369,27.937783,0
85.873691,27.937784,0
85.873692,27.937784,0
85.873693,27.937783,0
85.873694,27.93778,0
85.873694,27.937778,0
85.873692,27.937775,0
85.873692,27.937772,0
85.873694,27.937771,0
85.873695,27.937769,0
85.873696,27.937771,0
85.873696,27.93777,0
85.873697,27.93777,0
85.873698,27.93777,0
85.873699,27.93777,0
85.8737,27.93777,0
85.873701,27.937771,0
85.873702,27.937771,0
85.873703,27.937771,0
85.873705,27.937772,0
85.873709,27.937772,0
85.873712,27.93777,0
85.873711,27.937767,0
85.873708,27.937765,0
85.873705,27.937766,0
85.873703,27.937769,0
85.873703,27.93777,0
85.873703,27.937771,0
85.873704,27.937771,0
85.873703,27.937772,0
85.873703,27.937774,0
85.873703,27.937776,0
85.873705,27.937778,0
85.873706,27.937779,0
85.873707,27.937781,0
85.873707,27.937783,0
85.873707,27.937786,0
85.873708,27.937787,0
85.87371,27.937788,0
85.873712,27.937785,0
85.873715,27.937783,0
85.873718,27.937782,0
85.873721,27.93778,0
85.873722,27.937783,0
85.87372,27.93779,0
85.873717,27.937804,0
85.873709,27.937813,0
85.873701,27.937822,0
85.873695,27.937829,0
85.873689,27.937835,0
85.873675,27.937851,0
85.873667,27.937862,0
85.873662,27.937871,0
85.873653,27.93788,0
85.873645,27.937889,0
85.873638,27.937899,0
85.873631,27.93791,0
85.87363,27.937918,0
85.873628,27.937925,0
85.873623,27.937946,0
85.873617,27.937957,0
85.873611,27.937966,0
85.873602,27.937976,0
85.873601,27.937978,0
85.8736,27.937979,0
85.873599,27.937981,0
85.873598,27.937982,0
85.873597,27.937984,0
85.873596,27.937985,0
85.873595,27.937987,0
85.873594,27.937988,0
85.873593,27.93799,0
85.873592,27.937991,0
85.87359,27.937993,0
85.873589,27.937994,0
85.873588,27.937996,0
85.873587,27.937997,0
85.873586,27.937999,0
85.873585,27.938,0
85.873584,27.938002,0
85.873583,27.938003,0
85.873582,27.938005,0
85.873573,27.938003,0
85.873564,27.938007,0
85.873557,27.938017,0
85.873551,27.938026,0
85.873544,27.938035,0
85.873536,27.938043,0
85.873529,27.938053,0
85.873524,27.93806,0
85.87352,27.938068,0
85.87351,27.938087,0
85.873509,27.938096,0
85.873509,27.938104,0
85.873508,27.938124,0
85.873511,27.938134,0
85.873512,27.938144,0
85.873514,27.938151,0
85.873514,27.938158,0
85.873517,27.938163,0
85.873514,27.938175,0
85.873511,27.938189,0
85.873511,27.938196,0
85.873509,27.938201,0
85.873506,27.938205,0
85.8735,27.938201,0
85.873496,27.938201,0
85.873496,27.938208,0
85.873498,27.938209,0
85.8735,27.938212,0
85.873503,27.938219,0
85.873503,27.938222,0
85.873504,27.938221,0
85.873506,27.938217,0
85.873511,27.938213,0
85.873519,27.938209,0
85.873527,27.938208,0
85.873537,27.938212,0
85.873541,27.93822,0
85.873545,27.938224,0
85.873549,27.938225,0
85.873545,27.938223,0
85.873542,27.938219,0
85.873535,27.938218,0
85.873527,27.938215,0
85.873517,27.938209,0
85.873505,27.938208,0
85.8735,27.938214,0
85.873502,27.93822,0
85.873506,27.938228,0
85.873509,27.938232,0
85.873509,27.93824,0
85.873506,27.938244,0
85.873508,27.93825,0
85.873518,27.938253,0
85.87353,27.938255,0
85.87354,27.938258,0
85.873548,27.938266,0
85.87356,27.938269,0
85.873576,27.938273,0
85.873584,27.938278,0
85.873591,27.938282,0
85.873607,27.938297,0
85.873621,27.938304,0
85.873634,27.938312,0
85.873639,27.938319,0
85.873643,27.93833,0
85.873656,27.938348,0
85.873661,27.93836,0
85.87366,27.938373,0
85.873658,27.938382,0
85.873656,27.938391,0
85.873656,27.938413,0
85.873654,27.938421,0
85.873653,27.93843,0
85.873654,27.938449,0
85.873661,27.93846,0
85.873664,27.938469,0
85.873663,27.938475,0
85.873658,27.938483,0
85.873656,27.938491,0
85.873659,27.938501,0
85.873663,27.938511,0
85.873665,27.938523,0
85.873663,27.938533,0
85.87366,27.938542,0
85.873658,27.93855,0
85.873656,27.938559,0
85.873653,27.938569,0
85.873648,27.938581,0
85.873645,27.938593,0
85.873646,27.938602,0
85.873647,27.93861,0
85.873645,27.938621,0
85.873639,27.938631,0
85.873629,27.938643,0
85.873621,27.938656,0
85.873619,27.938666,0
85.873616,27.938676,0
85.873613,27.938694,0
85.873611,27.938701,0
85.87361,27.938705,0
85.873608,27.938708,0
85.873608,27.93871,0
85.873608,27.938711,0
85.873609,27.938711,0
85.873609,27.938712,0
85.873608,27.938713,0
85.873606,27.938715,0
85.873605,27.938715,0
85.873605,27.938716,0
85.873604,27.938717,0
85.873604,27.938718,0
85.873604,27.938719,0
85.873605,27.938719,0
85.873607,27.938721,0
85.873611,27.938724,0
85.87361,27.938726,0
85.873603,27.938722,0
85.873591,27.938715,0
85.873576,27.938719,0
85.873561,27.938729,0
85.873548,27.938741,0
85.87354,27.938754,0
85.87354,27.938765,0
85.873539,27.938776,0
85.873538,27.938795,0
85.873538,27.938799,0
85.873538,27.9388,0
85.873538,27.938799,0
85.873538,27.938798,0
85.873539,27.938798,0
85.87354,27.938798,0
85.873542,27.938798,0
85.873547,27.938798,0
85.87355,27.938799,0
85.873548,27.938797,0
85.873543,27.938798,0
85.873542,27.938804,0
85.873547,27.938808,0
85.873553,27.938812,0
85.873555,27.938815,0
85.87355,27.938821,0
85.873545,27.938827,0
85.873541,27.938834,0
85.873541,27.938843,0
85.873549,27.93885,0
85.873557,27.93886,0
85.873555,27.93887,0
85.873549,27.938878,0
85.873544,27.938892,0
85.873539,27.938908,0
85.873536,27.938926,0
85.873534,27.938935,0
85.873535,27.938939,0
85.873535,27.93894,0
85.873535,27.938941,0
85.873533,27.938942,0
85.873529,27.938943,0
85.873522,27.938944,0
85.873516,27.938944,0
85.873518,27.93894,0
85.873527,27.938935,0
85.873539,27.938937,0
85.87355,27.938945,0
85.873559,27.938951,0
85.87356,27.938957,0
85.873554,27.938961,0
85.873549,27.938967,0
85.873543,27.938975,0
85.873539,27.938985,0
85.873542,27.938994,0
85.873547,27.939003,0
85.873542,27.939014,0
85.87353,27.939022,0
85.873521,27.939026,0
85.873511,27.93903,0
85.873502,27.939034,0
85.873492,27.939038,0
85.873478,27.939044,0
85.873467,27.939048,0
85.873457,27.939051,0
85.873444,27.939053,0
85.873433,27.939054,0
85.873424,27.939058,0
85.873416,27.939062,0
85.873406,27.939067,0
85.873396,27.939073,0
85.873385,27.939077,0
85.873374,27.93908,0
85.873362,27.939085,0
85.873351,27.939092,0
85.87334,27.939099,0
85.873328,27.939103,0
85.87332,27.939107,0
85.873311,27.939112,0
85.873293,27.939123,0
85.873283,27.939133,0
85.873276,27.939142,0
85.87327,27.939152,0
85.873267,27.939163,0
85.873264,27.939171,0
85.87326,27.939177,0
85.873257,27.939186,0
85.873256,27.939197,0
85.873258,27.939207,0
85.873262,27.939217,0
85.873265,27.939224,0
85.873268,27.93923,0
85.873269,27.939239,0
85.873271,27.93925,0
85.873277,27.939263,0
85.873285,27.939276,0
85.873293,27.939285,0
85.873302,27.939293,0
85.873313,27.9393,0
85.873323,27.939307,0
85.873333,27.939313,0
85.873343,27.939319,0
85.87335,27.939325,0
85.873358,27.93933,0
85.873377,27.939345,0
85.873386,27.939352,0
85.873391,27.939362,0
85.873398,27.939372,0
85.873404,27.939378,0
85.87341,27.939385,0
85.873424,27.939402,0
85.873433,27.939413,0
85.873445,27.939421,0
85.873456,27.939432,0
85.873466,27.939458,0
85.873472,27.93947,0
85.873478,27.939483,0
85.873487,27.939495,0
85.873498,27.939505,0
85.873505,27.939517,0
85.873504,27.939529,0
85.873502,27.939541,0
85.873502,27.93955,0
85.873503,27.939556,0
85.873502,27.939561,0
85.8735,27.939568,0
85.873498,27.939572,0
85.873492,27.939575,0
85.873487,27.939576,0
85.873481,27.939574,0
85.873475,27.939572,0
85.873469,27.939571,0
85.873461,27.939567,0
85.873454,27.939563,0
85.873445,27.939557,0
85.873434,27.939553,0
85.873424,27.939548,0
85.873408,27.939541,0
85.873389,27.939535,0
85.873377,27.93953,0
85.87337,27.939528,0
85.873365,27.939527,0
85.873361,27.939526,0
85.873358,27.939526,0
85.873356,27.939527,0
85.873355,27.939527,0
85.873353,27.939528,0
85.873351,27.939528,0
85.873351,27.939527,0
85.873351,27.939528,0
85.87335,27.939528,0
85.873351,27.939528,0
85.87335,27.93953,0
85.873351,27.93953,0
85.87335,27.939532,0
85.873349,27.939533,0
85.873346,27.939535,0
85.873345,27.939536,0
85.873343,27.939537,0
85.873339,27.939538,0
85.873336,27.93954,0
85.873333,27.939543,0
85.873331,27.939544,0
85.873335,27.939543,0
85.873342,27.939539,0
85.873341,27.939539,0
85.873336,27.939542,0
85.873334,27.939547,0
85.87333,27.939554,0
85.87333,27.939562,0
85.873331,27.939567,0
85.873332,27.939571,0
85.873332,27.939575,0
85.873332,27.939577,0
85.873331,27.939578,0
85.873331,27.939579,0
85.873329,27.93958,0
85.873328,27.93958,0
85.873326,27.939581,0
85.873323,27.939583,0
85.873319,27.939584,0
85.873309,27.939586,0
85.873296,27.939587,0
85.873291,27.939586,0
85.873288,27.939586,0
85.873292,27.939586,0
85.873295,27.939587,0
85.873299,27.939592,0
85.873299,27.9396,0
85.873295,27.939609,0
85.873288,27.939619,0
85.87328,27.939629,0
85.873274,27.939635,0
85.873271,27.939637,0
85.873265,27.939642,0
85.873259,27.939646,0
85.873254,27.93965,0
85.873251,27.939653,0
85.873249,27.939653,0
85.873247,27.939654,0
85.873244,27.939654,0
85.873244,27.939655,0
85.873243,27.939654,0
85.873243,27.939653,0
85.873243,27.939654,0
85.873243,27.939655,0
85.873242,27.939656,0
85.873239,27.939654,0
85.873235,27.939651,0
85.873232,27.939648,0
85.87323,27.939644,0
85.873229,27.939639,0
85.873225,27.939633,0
85.87322,27.939627,0
85.873215,27.939628,0
85.873214,27.939629,0
85.873215,27.939633,0
85.873216,27.939639,0
85.873215,27.939647,0
85.873208,27.939655,0
85.873198,27.939663,0
85.87319,27.939668,0
85.873159,27.939682,0
85.873142,27.939688,0
85.873133,27.939691,0
85.873129,27.939693,0
85.873127,27.939695,0
85.873127,27.939697,0
85.873128,27.9397,0
85.873129,27.9397,0
85.873127,27.939701,0
85.873121,27.939704,0
85.873114,27.939711,0
85.873103,27.939724,0
85.873093,27.939735,0
85.873084,27.93975,0
85.873082,27.939754,0
85.87308,27.939757,0
85.873079,27.939759,0
85.873078,27.939761,0
85.873078,27.939762,0
85.873077,27.939762,0
85.873076,27.939763,0
85.873075,27.939764,0
85.873074,27.939763,0
85.873072,27.939764,0
85.87307,27.939766,0
85.87308,27.939763,0
85.873085,27.93977,0
85.873085,27.939778,0
85.873082,27.939784,0
85.873076,27.939793,0
85.873074,27.9398,0
85.873071,27.939806,0
85.873064,27.939814,0
85.873059,27.939821,0
85.873053,27.939829,0
85.873047,27.939837,0
85.87304,27.939841,0
85.873036,27.939847,0
85.873035,27.939854,0
85.873032,27.939861,0
85.873029,27.939869,0
85.873024,27.939876,0
85.873016,27.939882,0
85.873008,27.939886,0
85.872999,27.93989,0
85.872991,27.939892,0
85.872982,27.9399,0
85.872975,27.939908,0
85.872969,27.939917,0
85.872963,27.939926,0
85.872959,27.939936,0
85.872958,27.939948,0
85.872963,27.93996,0
85.872967,27.939974,0
85.872969,27.939987,0
85.872966,27.940002,0
85.872963,27.940015,0
85.872961,27.940021,0
85.87296,27.940026,0
85.87295,27.940056,0
85.872948,27.940066,0
85.872946,27.940095,0
85.872949,27.940105,0
85.872954,27.940135,0
85.872952,27.940144,0
85.872943,27.940179,0
85.872942,27.940191,0
85.872941,27.940202,0
85.872941,27.940209,0
85.87294,27.940214,0
85.872939,27.940219,0
85.872939,27.940224,0
85.872938,27.940227,0
85.872938,27.940231,0
85.872937,27.940235,0
85.872938,27.940237,0
85.872938,27.940238,0
85.872938,27.94024,0
85.87294,27.940244,0
85.872937,27.940244,0
85.872933,27.940246,0
85.872928,27.940252,0
85.872924,27.940259,0
85.872923,27.940264,0
85.872923,27.940271,0
85.872926,27.940277,0
85.872927,27.940285,0
85.872921,27.940297,0
85.872914,27.940306,0
85.872911,27.940312,0
85.872908,27.940313,0
85.872906,27.940314,0
85.872904,27.940315,0
85.872902,27.940316,0
85.872899,27.940316,0
85.872897,27.940315,0
85.872898,27.940312,0
85.872896,27.940308,0
85.872891,27.940301,0
85.872885,27.940297,0
85.872882,27.9403,0
85.872885,27.940302,0
85.872889,27.940309,0
85.872888,27.940315,0
85.872885,27.940321,0
85.872873,27.940332,0
85.872866,27.940339,0
85.87286,27.940344,0
85.872854,27.940347,0
85.872849,27.940354,0
85.872844,27.940361,0
85.872837,27.940369,0
85.872834,27.940377,0
85.872835,27.94039,0
85.872838,27.940402,0
85.872835,27.940417,0
85.872828,27.940423,0
85.872822,27.940428,0
85.872805,27.940443,0
85.872794,27.940448,0
85.872781,27.94045,0
85.872769,27.940451,0
85.872759,27.940449,0
85.872749,27.940445,0
85.872741,27.940448,0
85.872729,27.940448,0
85.872716,27.940445,0
85.872705,27.940439,0
85.872696,27.940434,0
85.872685,27.940429,0
85.872675,27.940426,0
85.872665,27.940423,0
85.872656,27.940421,0
85.872642,27.940418,0
85.872628,27.940416,0
85.872619,27.940415,0
85.872611,27.940415,0
85.872586,27.940412,0
85.872576,27.940412,0
85.872566,27.940412,0
85.872543,27.940412,0
85.872534,27.940412,0
85.872524,27.940412,0
85.8725,27.940414,0
85.872484,27.940416,0
85.872468,27.940418,0
85.872458,27.94042,0
85.872448,27.940422,0
85.872425,27.940428,0
85.872413,27.940429,0
85.8724,27.94043,0
85.872388,27.940431,0
85.872375,27.940432,0
85.872349,27.940433,0
85.872337,27.94043,0
85.872326,27.940425,0
85.872313,27.940419,0
85.872302,27.940414,0
85.872292,27.940409,0
85.872272,27.940398,0
85.872263,27.940395,0
85.872253,27.940393,0
85.872228,27.940388,0
85.872217,27.940387,0
85.872205,27.940387,0
85.872182,27.940383,0
85.872167,27.940381,0
85.872153,27.94038,0
85.872141,27.940378,0
85.872128,27.940375,0
85.872118,27.940373,0
85.872106,27.940373,0
85.872082,27.940373,0
85.872069,27.94037,0
85.872058,27.940369,0
85.872046,27.940369,0
85.872032,27.940369,0
85.872022,27.94037,0
85.872013,27.940371,0
85.871988,27.940373,0
85.871977,27.940373,0
85.871966,27.940374,0
85.871942,27.940378,0
85.871933,27.940382,0
85.871924,27.940385,0
85.871903,27.940396,0
85.871896,27.940403,0
85.87189,27.940409,0
85.871883,27.940416,0
85.871869,27.940435,0
85.871867,27.940452,0
85.871866,27.940462,0
85.871863,27.940472,0
85.871861,27.940482,0
85.871861,27.940492,0
85.871862,27.940501,0
85.871866,27.940511,0
85.871872,27.940517,0
85.871878,27.940524,0
85.871883,27.940534,0
85.871886,27.940546,0
85.871892,27.940557,0
85.871897,27.940568,0
85.871899,27.940579,0
85.871896,27.94059,0
85.871893,27.940599,0
85.871895,27.940609,0
85.871898,27.940617,0
85.871896,27.940626,0
85.871895,27.940634,0
85.871893,27.940644,0
85.87189,27.940652,0
85.871886,27.940658,0
85.871881,27.940664,0
85.871874,27.940673,0
85.871868,27.940682,0
85.871863,27.940691,0
85.871858,27.940699,0
85.871851,27.940708,0
85.871844,27.940716,0
85.871838,27.940724,0
85.871832,27.940732,0
85.871827,27.940742,0
85.871822,27.940753,0
85.871817,27.940763,0
85.87181,27.940774,0
85.871803,27.940784,0
85.871799,27.94079,0
85.871796,27.940796,0
85.871792,27.940802,0
85.871783,27.940815,0
85.871779,27.940825,0
85.871776,27.940834,0
85.87177,27.940844,0
85.871764,27.940851,0
85.871757,27.940858,0
85.871746,27.940876,0
85.871739,27.940885,0
85.871733,27.940894,0
85.871728,27.940901,0
85.871721,27.940909,0
85.871712,27.940918,0
85.871705,27.940928,0
85.871696,27.940942,0
85.871685,27.940954,0
85.871673,27.940963,0
85.871661,27.94097,0
85.871653,27.940976,0
85.871642,27.94098,0
85.871631,27.940981,0
85.871621,27.940982,0
85.871612,27.940986,0
85.871605,27.940989,0
85.871597,27.940991,0
85.871589,27.940991,0
85.871583,27.94099,0
85.871575,27.940989,0
85.871563,27.940987,0
85.871552,27.940987,0
85.87154,27.940986,0
85.871529,27.940987,0
85.871517,27.940989,0
85.871503,27.940991,0
85.871491,27.940992,0
85.871478,27.940991,0
85.871466,27.940994,0
85.871452,27.941,0
85.87144,27.941006,0
85.871428,27.941011,0
85.871418,27.941018,0
85.871408,27.941024,0
85.871402,27.94103,0
85.871396,27.941035,0
85.87139,27.941041,0
85.87138,27.941053,0
85.871373,27.941059,0
85.871367,27.941063,0
85.871358,27.941071,0
85.871352,27.941079,0
85.871345,27.941086,0
85.871339,27.941092,0
85.871332,27.941098,0
85.871325,27.941106,0
85.871318,27.941114,0
85.871312,27.941122,0
85.871308,27.941127,0
85.871305,27.941133,0
85.871301,27.941138,0
85.871293,27.941142,0
85.871283,27.941145,0
85.871276,27.941149,0
85.871269,27.941155,0
85.871261,27.941161,0
85.871253,27.941165,0
85.871246,27.94117,0
85.871238,27.941175,0
85.871228,27.94118,0
85.871217,27.941187,0
85.871205,27.941192,0
85.871193,27.941198,0
85.871182,27.941204,0
85.871168,27.941209,0
85.871157,27.941212,0
85.871149,27.941215,0
85.871142,27.941219,0
85.871134,27.941222,0
85.871124,27.941225,0
85.871113,27.941226,0
85.871103,27.941227,0
85.871093,27.941228,0
85.871085,27.941228,0
85.871077,27.941228,0
85.871068,27.941227,0
85.871061,27.941226,0
85.871054,27.941226,0
85.871048,27.941227,0
85.871042,27.941228,0
85.871033,27.941231,0
85.871024,27.941232,0
85.871015,27.941234,0
85.871009,27.941236,0
85.871004,27.941239,0
85.870998,27.941244,0
85.870993,27.941248,0
85.870986,27.941252,0
85.87098,27.941253,0
85.870971,27.941255,0
85.870962,27.941255,0
85.870953,27.941258,0
85.870942,27.941263,0
85.870931,27.941265,0
85.870923,27.941263,0
85.870916,27.941262,0
85.87091,27.941259,0
85.870906,27.941257,0
85.870901,27.941256,0
85.870894,27.941255,0
85.87088,27.941253,0
85.870867,27.941252,0
85.870858,27.941252,0
85.870848,27.941252,0
85.870837,27.941252,0
85.870828,27.941255,0
85.870818,27.941259,0
85.870809,27.941261,0
85.870799,27.941264,0
85.870787,27.941265,0
85.870777,27.941264,0
85.870764,27.941265,0
85.870751,27.94127,0
85.87074,27.941272,0
85.87073,27.941271,0
85.87072,27.941269,0
85.870711,27.941267,0
85.870701,27.941265,0
85.870692,27.941264,0
85.870683,27.941264,0
85.870673,27.941264,0
85.870661,27.941265,0
85.870648,27.941265,0
85.870636,27.941266,0
85.870623,27.941268,0
85.870609,27.941271,0
85.870598,27.941276,0
85.870586,27.941281,0
85.870576,27.941286,0
85.870567,27.94129,0
85.870557,27.941295,0
85.870547,27.941299,0
85.870536,27.941304,0
85.870523,27.941308,0
85.870507,27.941314,0
85.870495,27.941321,0
85.870485,27.941328,0
85.870476,27.941334,0
85.870469,27.941341,0
85.870462,27.94135,0
85.870455,27.941358,0
85.870448,27.941366,0
85.870439,27.941376,0
85.870429,27.941384,0
85.870417,27.941392,0
85.870403,27.9414,0
85.870391,27.941409,0
85.870378,27.941422,0
85.870371,27.941428,0
85.870363,27.941433,0
85.870356,27.941439,0
85.870344,27.941445,0
85.870343,27.941445,0
85.870341,27.941445,0
85.87034,27.941444,0
85.870339,27.941444,0
85.870338,27.941444,0
85.870337,27.941444,0
85.870334,27.941443,0
85.870332,27.941439,0
85.87033,27.941436,0
85.870328,27.941434,0
85.870328,27.941432,0
85.870328,27.941429,0
85.870327,27.941425,0
85.870328,27.941421,0
85.870331,27.94142,0
85.870334,27.941426,0
85.870333,27.941438,0
85.870331,27.94145,0
85.870327,27.941458,0
85.870323,27.941466,0
85.870314,27.941485,0
85.870306,27.941493,0
85.870298,27.941501,0
85.87029,27.941508,0
85.870282,27.941516,0
85.870276,27.941524,0
85.870271,27.941533,0
85.870265,27.941543,0
85.870257,27.94155,0
85.87025,27.941556,0
85.870243,27.941563,0
85.870234,27.941572,0
85.870226,27.941582,0
85.87022,27.941591,0
85.870213,27.941604,0
85.870209,27.941613,0
85.870206,27.941622,0
85.870204,27.94163,0
85.870201,27.941638,0
85.870199,27.941645,0
85.870195,27.941652,0
85.870186,27.941657,0
85.870174,27.941664,0
85.870163,27.941668,0
85.870149,27.941671,0
85.870142,27.941673,0
85.870134,27.941676,0
85.870125,27.941681,0
85.870115,27.941686,0
85.870104,27.941692,0
85.870094,27.941695,0
85.870084,27.941697,0
85.870074,27.941699,0
85.870062,27.941702,0
85.870048,27.941704,0
85.870036,27.941705,0
85.870021,27.941707,0
85.870011,27.941709,0
85.870001,27.941712,0
85.86999,27.941714,0
85.869977,27.941716,0
85.869967,27.941715,0
85.869958,27.941714,0
85.869934,27.941712,0
85.869926,27.941713,0
85.869918,27.941715,0
85.869909,27.941716,0
85.869901,27.941718,0
85.869893,27.941719,0
85.869882,27.94172,0
85.86987,27.941722,0
85.869855,27.941722,0
85.869841,27.941722,0
85.869829,27.941723,0
85.869819,27.941721,0
85.869808,27.941719,0
85.869795,27.941716,0
85.86978,27.941713,0
85.869766,27.941712,0
85.869755,27.941714,0
85.869741,27.941716,0
85.869733,27.941718,0
85.869725,27.94172,0
85.869717,27.941722,0
85.869707,27.941722,0
85.869693,27.941727,0
85.869677,27.941733,0
85.869661,27.941739,0
85.869647,27.941743,0
85.869631,27.941749,0
85.869619,27.941756,0
85.869609,27.94176,0
85.869597,27.941763,0
85.869584,27.941768,0
85.869572,27.941772,0
85.869559,27.941773,0
85.869547,27.941775,0
85.869544,27.941782,0
85.869543,27.941791,0
85.869536,27.941796,0
85.869528,27.941799,0
85.869516,27.941801,0
85.869505,27.941801,0
85.869494,27.941804,0
85.869482,27.941808,0
85.86947,27.941814,0
85.869461,27.941821,0
85.869453,27.941826,0
85.869445,27.941832,0
85.869436,27.941837,0
85.869429,27.941845,0
85.869425,27.941851,0
85.869407,27.941861,0
85.869396,27.941866,0
85.869386,27.941872,0
85.869373,27.941877,0
85.869359,27.941884,0
85.869349,27.941888,0
85.869338,27.941893,0
85.869328,27.941898,0
85.86932,27.941901,0
85.869311,27.941906,0
85.869303,27.941911,0
85.869295,27.941918,0
85.869286,27.941923,0
85.869273,27.941929,0
85.869262,27.941934,0
85.86925,27.941938,0
85.869236,27.941942,0
85.869223,27.941945,0
85.869212,27.941949,0
85.8692,27.941953,0
85.869189,27.941957,0
85.869179,27.941962,0
85.869164,27.941966,0
85.869151,27.941968,0
85.86914,27.941972,0
85.86913,27.941974,0
85.869121,27.941976,0
85.869111,27.941975,0
85.869103,27.941977,0
85.869092,27.941979,0
85.869083,27.941981,0
85.869073,27.941983,0
85.869063,27.941983,0
85.869055,27.941983,0
85.869049,27.941981,0
85.869042,27.941979,0
85.869038,27.941977,0
85.869032,27.941975,0
85.869022,27.941976,0
85.86901,27.941975,0
85.869,27.941972,0
85.868987,27.941968,0
85.868972,27.941965,0
85.868959,27.941965,0
85.868941,27.941963,0
85.86893,27.941959,0
85.86892,27.941955,0
85.868911,27.94195,0
85.8689,27.941944,0
85.86889,27.941938,0
85.86888,27.941931,0
85.86887,27.941926,0
85.86886,27.941923,0
85.868852,27.941916,0
85.868847,27.941911,0
85.868841,27.941904,0
85.868832,27.941896,0
85.868824,27.94189,0
85.868817,27.941883,0
85.868812,27.941876,0
85.868809,27.941871,0
85.868806,27.941866,0
85.868799,27.941859,0
85.868791,27.941851,0
85.868784,27.941843,0
85.868775,27.941835,0
85.868767,27.941829,0
85.86876,27.941824,0
85.86875,27.94182,0
85.868742,27.941816,0
85.868737,27.941813,0
85.868731,27.941808,0
85.868726,27.941804,0
85.868722,27.941798,0
85.868715,27.941793,0
85.86871,27.941786,0
85.868703,27.941778,0
85.868694,27.941769,0
85.868686,27.94176,0
85.868678,27.941752,0
85.86867,27.941742,0
85.868661,27.941736,0
85.868649,27.941732,0
85.868641,27.941727,0
85.868637,27.94172,0
85.868634,27.941713,0
85.868625,27.941699,0
85.868617,27.941692,0
85.868609,27.941684,0
85.868602,27.941677,0
85.868596,27.941669,0
85.868592,27.941662,0
85.868587,27.941652,0
85.868581,27.941643,0
85.868575,27.941636,0
85.868566,27.941627,0
85.86856,27.941619,0
85.868554,27.941613,0
85.868544,27.941607,0
85.868535,27.941601,0
85.868526,27.941594,0
85.868516,27.941587,0
85.868508,27.941583,0
85.868499,27.941578,0
85.868477,27.941569,0
85.868461,27.941567,0
85.868448,27.941567,0
85.868437,27.941568,0
85.868427,27.941568,0
85.868415,27.94157,0
85.868403,27.941575,0
85.868393,27.94158,0
85.868379,27.941588,0
85.868373,27.941593,0
85.868366,27.941603,0
85.868361,27.941613,0
85.868355,27.941623,0
85.868351,27.941631,0
85.868346,27.941637,0
85.868339,27.941644,0
85.868331,27.94165,0
85.868324,27.941656,0
85.868319,27.941664,0
85.868312,27.941675,0
85.868305,27.941685,0
85.868301,27.941692,0
85.868296,27.941699,0
85.86829,27.941704,0
85.868282,27.941711,0
85.868278,27.941719,0
85.86828,27.941727,0
85.868278,27.941737,0
85.868268,27.941741,0
85.86826,27.941744,0
85.868255,27.941748,0
85.868252,27.941755,0
85.868248,27.941763,0
85.868242,27.941772,0
85.868234,27.941781,0
85.868227,27.94179,0
85.86822,27.941799,0
85.868214,27.941805,0
85.868207,27.941812,0
85.868199,27.941818,0
85.868192,27.941823,0
85.868184,27.94183,0
85.868178,27.941837,0
85.868169,27.941844,0
85.868157,27.941852,0
85.868146,27.94186,0
85.868138,27.941866,0
85.86813,27.941873,0
85.86812,27.94188,0
85.86811,27.941886,0
85.868101,27.94189,0
85.868093,27.941895,0
85.868085,27.941899,0
85.868075,27.941905,0
85.868066,27.94191,0
85.868054,27.941915,0
85.868042,27.941919,0
85.868028,27.941924,0
85.868011,27.941926,0
85.867992,27.941932,0
85.867978,27.941937,0
85.867962,27.941942,0
85.867945,27.941948,0
85.867942,27.94195,0
85.86794,27.941953,0
85.867937,27.941955,0
85.867934,27.941958,0
85.867931,27.94196,0
85.867929,27.941963,0
85.867926,27.941965,0
85.867923,27.941967,0
85.86792,27.94197,0
85.867918,27.941972,0
85.867915,27.941975,0
85.867912,27.941977,0
85.867895,27.941978,0
85.867879,27.941979,0
85.867866,27.94198,0
85.867843,27.941987,0
85.867827,27.941989,0
85.867813,27.941989,0
85.867804,27.941988,0
85.867799,27.941988,0
85.867802,27.941988,0
85.867808,27.941987,0
85.867812,27.941985,0
85.867813,27.941983,0
85.86781,27.941984,0
85.867805,27.941983,0
85.867796,27.941981,0
85.867785,27.941978,0
85.867779,27.941976,0
85.867768,27.941972,0
85.867754,27.941969,0
85.867743,27.941971,0
85.867732,27.941969,0
85.867722,27.941966,0
85.867713,27.941963,0
85.867706,27.94196,0
85.867696,27.941959,0
85.867687,27.941956,0
85.867679,27.941953,0
85.867669,27.941951,0
85.867659,27.941946,0
85.86765,27.941939,0
85.867639,27.94193,0
85.867627,27.941923,0
85.867616,27.941918,0
85.867612,27.941913,0
85.86761,27.941909,0
85.867608,27.941909,0
85.867613,27.941912,0
85.867619,27.94192,0
85.867612,27.941924,0
85.867603,27.941927,0
85.867593,27.941929,0
85.867581,27.941929,0
85.867569,27.941933,0
85.867559,27.941934,0
85.867549,27.941936,0
85.867525,27.941937,0
85.867514,27.941936,0
85.867502,27.941933,0
85.867493,27.941933,0
85.867483,27.941931,0
85.867475,27.941928,0
85.867462,27.941924,0
85.867454,27.94192,0
85.867446,27.941917,0
85.867436,27.941914,0
85.867427,27.941914,0
85.867417,27.941914,0
85.867407,27.941913,0
85.867395,27.941912,0
85.867383,27.941909,0
85.867371,27.941904,0
85.867361,27.941901,0
85.867353,27.941901,0
85.867345,27.941901,0
85.867337,27.941901,0
85.867319,27.941902,0
85.867307,27.941903,0
85.867296,27.941904,0
85.867282,27.941907,0
85.867267,27.941909,0
85.867253,27.941908,0
85.867241,27.941902,0
85.86724,27.941903,0
85.867238,27.941903,0
85.867237,27.941904,0
85.867235,27.941904,0
85.867234,27.941905,0
85.867232,27.941905,0
85.867231,27.941906,0
85.867229,27.941906,0
85.867228,27.941907,0
85.867226,27.941907,0
85.867225,27.941908,0
85.867223,27.941908,0
85.867222,27.941909,0
85.86722,27.941909,0
85.867219,27.94191,0
85.867218,27.94191,0
85.867216,27.941911,0
85.867215,27.941911,0
85.867213,27.941912,0
85.867212,27.941912,0
85.86721,27.941913,0
85.867209,27.941913,0
85.867207,27.941914,0
85.867206,27.941914,0
85.867204,27.941915,0
85.867203,27.941915,0
85.867201,27.941916,0
85.8672,27.941916,0
85.867198,27.941917,0
85.867197,27.941917,0
85.867195,27.941918,0
85.8672,27.941916,0
85.867203,27.941911,0
85.8672,27.941904,0
85.867194,27.941898,0
85.867187,27.941891,0
85.86718,27.941885,0
85.867172,27.941879,0
85.867162,27.941875,0
85.867149,27.941869,0
85.867137,27.941864,0
85.867126,27.941859,0
85.867111,27.941852,0
85.867094,27.941845,0
85.867082,27.941842,0
85.86707,27.941838,0
85.86706,27.941834,0
85.867055,27.94183,0
85.867053,27.941827,0
85.867053,27.941825,0
85.867054,27.941825,0
85.867055,27.941825,0
85.867056,27.941826,0
85.867058,27.941825,0
85.867059,27.941824,0
85.867061,27.941823,0
85.867064,27.94182,0
85.867066,27.941819,0
85.867065,27.94182,0
85.867063,27.941827,0
85.867065,27.941836,0
85.867066,27.941836,0
85.867066,27.941837,0
85.867067,27.941837,0
85.867067,27.941838,0
85.867068,27.941838,0
85.867069,27.941839,0
85.86707,27.94184,0
85.867071,27.941841,0
85.867072,27.941841,0
85.867073,27.941842,0
85.867074,27.941843,0
85.867075,27.941843,0
85.867075,27.941844,0
85.867076,27.941844,0
85.867076,27.941845,0
85.867077,27.941845,0
85.867077,27.941846,0
85.867078,27.941846,0
85.867079,27.941847,0
85.86708,27.941847,0
85.86708,27.941848,0
85.867081,27.941848,0
85.867082,27.941849,0
85.867083,27.94185,0
85.867084,27.941851,0
85.867085,27.941851,0
85.867085,27.941852,0
85.867086,27.941852,0
85.867087,27.941853,0
85.867088,27.941853,0
85.867088,27.941854,0
85.867089,27.941854,0
85.867089,27.941855,0
85.86709,27.941855,0
85.86709,27.941856,0
85.867091,27.941856,0
85.867092,27.941857,0
85.867093,27.941858,0
85.867094,27.941858,0
85.867095,27.941859,0
85.867096,27.94186,0
85.867097,27.941861,0
85.867098,27.941861,0
85.867098,27.941862,0
85.867099,27.941862,0
85.867099,27.941863,0
85.867097,27.941864,0
85.867091,27.941863,0
85.867085,27.941861,0
85.867078,27.941858,0
85.867072,27.941856,0
85.867065,27.941852,0
85.867056,27.941848,0
85.867046,27.941844,0
85.867036,27.94184,0
85.867028,27.941836,0
85.86702,27.941831,0
85.867001,27.941818,0
85.866992,27.941808,0
85.866983,27.941797,0
85.866975,27.941792,0
85.866967,27.941789,0
85.86696,27.941785,0
85.866961,27.941785,0
85.866956,27.941782,0
85.866955,27.941782,0
85.866953,27.941782,0
85.866949,27.941781,0
85.866945,27.94178,0
85.866945,27.941781,0
85.866946,27.941782,0
85.866946,27.941781,0
85.866946,27.941776,0
85.866946,27.941775,0
85.866946,27.941774,0
85.866945,27.941774,0
85.866946,27.941774,0
85.866945,27.941773,0
85.866945,27.941772,0
85.866946,27.941772,0
85.866947,27.941772,0
85.866948,27.941773,0
85.86695,27.941773,0
85.866951,27.941774,0
85.866955,27.941776,0
85.866958,27.941778,0
85.866957,27.941778,0
85.866951,27.941779,0
85.866941,27.941783,0
85.866943,27.94179,0
85.866955,27.941792,0
85.866968,27.941799,0
85.866981,27.941808,0
85.866996,27.941819,0
85.86701,27.94183,0
85.86702,27.941836,0
85.867024,27.941837,0
85.867025,27.941838,0
85.867023,27.941838,0
85.867019,27.941838,0
85.867013,27.941839,0
85.867018,27.941838,0
85.867029,27.941839,0
85.867048,27.941842,0
85.867062,27.941842,0
85.867069,27.94184,0
85.867071,27.941839,0
85.867072,27.941838,0
85.867072,27.941837,0
85.867072,27.941836,0
85.867072,27.941835,0
85.867073,27.941834,0
85.867074,27.941833,0
85.867074,27.941832,0
85.867073,27.941831,0
85.867071,27.94183,0
85.86707,27.941831,0
85.867071,27.941831,0
85.867072,27.941831,0
85.867074,27.941831,0
85.867075,27.941831,0
85.867076,27.941831,0
85.867078,27.941831,0
85.867079,27.941831,0
85.86708,27.941832,0
85.867082,27.941835,0
85.867086,27.941837,0
85.86709,27.941837,0
85.867091,27.941835,0
85.867091,27.941834,0
85.867089,27.941834,0
85.867089,27.941835,0
85.867089,27.941836,0
85.867088,27.941836,0
85.867087,27.941836,0
85.867085,27.941835,0
85.867086,27.941835,0
85.867087,27.941835,0
85.867086,27.941836,0
85.867085,27.941836,0
85.867086,27.941836,0
85.867087,27.941836,0
85.867088,27.941836,0
85.867089,27.941836,0
85.86709,27.941835,0
85.867091,27.941835,0
85.867093,27.941833,0
85.867095,27.941833,0
85.867096,27.941832,0
85.867096,27.941831,0
85.867095,27.941829,0
85.867092,27.94183,0
85.867089,27.94183,0
85.867087,27.94183,0
85.867087,27.941829,0
85.867088,27.941829,0
85.86709,27.941828,0
85.867091,27.941827,0
85.86709,27.941827,0
85.867089,27.941827,0
85.867089,27.941828,0
85.867089,27.941827,0
85.86709,27.941827,0
85.86709,27.941826,0
85.86709,27.941827,0
85.86709,27.941828,0
85.867088,27.941826,0
85.867087,27.941826,0
85.867087,27.941827,0
85.867086,27.941826,0
85.867087,27.941826,0
85.867087,27.941825,0
85.867086,27.941825,0
85.867087,27.941825,0
85.867087,27.941826,0
85.867086,27.941826,0
85.867085,27.941827,0
85.867082,27.941827,0
85.867079,27.941828,0
85.867077,27.941829,0
85.867075,27.94183,0
85.867075,27.941829,0
85.867075,27.94183,0
85.867075,27.941831,0
85.867076,27.941831,0
85.867076,27.94183,0
85.867076,27.941831,0
85.867077,27.941831,0
85.867078,27.941831,0
85.867078,27.94183,0
85.867078,27.941829,0
85.867078,27.941828,0
85.867077,27.941829,0
85.867076,27.94183,0
85.867074,27.94183,0
85.867074,27.941831,0
85.867074,27.941832,0
85.86707,27.941829,0
85.867071,27.941829,0
85.867073,27.941828,0
85.867072,27.941828,0
85.867071,27.941829,0
85.867071,27.941828,0
85.86707,27.941828,0
85.86707,27.941829,0
85.867071,27.941829,0
85.867072,27.941829,0
85.867071,27.941829,0
85.86707,27.941829,0
85.867066,27.941827,0
85.867059,27.941825,0
85.867052,27.941821,0
85.867051,27.94182,0
85.867057,27.941822,0
85.867065,27.941826,0
85.867072,27.941833,0
85.867078,27.94184,0
85.867095,27.941856,0
85.867108,27.941862,0
85.867119,27.941863,0
85.867131,27.941861,0
85.867145,27.941856,0
85.86716,27.941858,0
85.867167,27.941858,0
85.867172,27.941858,0
85.867176,27.941858,0
85.867181,27.941858,0
85.867186,27.941857,0
85.867192,27.941858,0
85.867202,27.94186,0
85.867217,27.941861,0
85.867233,27.941861,0
85.867248,27.941862,0
85.867255,27.94186,0
85.867264,27.941859,0
85.867274,27.941859,0
85.867283,27.941858,0
85.867293,27.941858,0
85.867312,27.941857,0
85.867321,27.941857,0
85.867356,27.941857,0
85.867376,27.941861,0
85.867389,27.941857,0
85.86739,27.941854,0
85.867394,27.941853,0
85.867393,27.941851,0
85.867391,27.94185,0
85.867388,27.941848,0
85.867384,27.941847,0
85.867378,27.941846,0
85.867374,27.941845,0
85.86737,27.941844,0
85.867368,27.941843,0
85.867366,27.941842,0
85.867364,27.941842,0
85.867362,27.941842,0
85.86736,27.941843,0
85.867361,27.941843,0
85.867362,27.941843,0
85.867363,27.941843,0
85.867365,27.941842,0
85.86737,27.941841,0
85.867376,27.94184,0
85.867384,27.941839,0
85.86739,27.941837,0
85.867394,27.941835,0
85.867395,27.941833,0
85.867397,27.941833,0
85.867399,27.941833,0
85.867402,27.941833,0
85.86741,27.941834,0
85.867413,27.941832,0
85.867413,27.94183,0
85.867411,27.941829,0
85.86741,27.941829,0
85.867411,27.941828,0
85.867413,27.941828,0
85.867413,27.941826,0
85.867411,27.941826,0
85.867409,27.941826,0
85.867407,27.941827,0
85.867405,27.941828,0
85.867402,27.941829,0
85.8674,27.94183,0
85.867399,27.941832,0
85.867396,27.941833,0
85.867394,27.941834,0
85.867393,27.941832,0
85.867393,27.94183,0
85.867382,27.94183,0
85.867365,27.941831,0
85.867352,27.941833,0
85.86734,27.941836,0
85.867327,27.941838,0
85.867314,27.941841,0
85.867301,27.941843,0
85.867289,27.941846,0
85.867276,27.941848,0
85.867263,27.941851,0
85.86725,27.941853,0
85.867238,27.941856,0
85.867225,27.941858,0
85.867212,27.941861,0
85.867199,27.941863,0
85.867187,27.941866,0
85.867174,27.941868,0
85.867161,27.941871,0
85.867148,27.941873,0
85.867136,27.941876,0
85.867123,27.941878,0
85.86711,27.941881,0
85.867097,27.941883,0
85.867085,27.941886,0
85.867072,27.941888,0
85.867059,27.941891,0
85.867046,27.941893,0
85.867034,27.941896,0
85.867021,27.941898,0
85.867008,27.941901,0
85.866995,27.941903,0
85.866983,27.941906,0
85.86697,27.941908,0
85.866957,27.941911,0
85.866944,27.941913,0
85.866932,27.941916,0
85.866919,27.941918,0
85.866924,27.941915,0
85.866928,27.941913,0
85.866932,27.94191,0
85.866936,27.941907,0
85.86694,27.941903,0
85.866947,27.941898,0
85.866955,27.941893,0
85.866966,27.941889,0
85.866977,27.941884,0
85.866987,27.94188,0
85.866997,27.941876,0
85.867005,27.941872,0
85.867013,27.941868,0
85.867019,27.941866,0
85.867021,27.941864,0
85.867022,27.941862,0
85.867021,27.941861,0
85.867021,27.94186,0
85.867021,27.941857,0
85.867021,27.941855,0
85.86702,27.941853,0
85.86702,27.941851,0
85.86702,27.941849,0
85.86702,27.941847,0
85.86702,27.941845,0
85.867024,27.941843,0
85.867027,27.941843,0
85.867028,27.941845,0
85.867034,27.941845,0
85.867041,27.941845,0
85.867047,27.941844,0
85.867053,27.941844,0
85.867059,27.941844,0
85.867066,27.941844,0
85.867072,27.941843,0
85.867078,27.941843,0
85.867085,27.941843,0
85.867091,27.941843,0
85.867097,27.941842,0
85.867103,27.941842,0
85.86711,27.941842,0
85.867116,27.941842,0
85.867122,27.941841,0
85.867129,27.941841,0
85.867135,27.941841,0
85.867141,27.941841,0
85.867147,27.94184,0
85.867154,27.94184,0
85.86716,27.94184,0
85.867166,27.94184,0
85.867173,27.941839,0
85.867179,27.941839,0
85.867185,27.941839,0
85.867191,27.941839,0
85.867198,27.941838,0
85.867203,27.941838,0
85.8672,27.941837,0
85.867197,27.941836,0
85.867195,27.941836,0
85.867191,27.941835,0
85.867186,27.941835,0
85.86718,27.941836,0
85.867172,27.941837,0
85.86716,27.941839,0
85.867148,27.941842,0
85.867137,27.941846,0
85.867127,27.941849,0
85.867124,27.94185,0
85.867127,27.941851,0
85.867131,27.94185,0
85.867134,27.94185,0
85.86713,27.941849,0
85.867129,27.941848,0
85.867128,27.941848,0
85.867128,27.941849,0
85.867129,27.941849,0
85.867128,27.941851,0
85.867128,27.941853,0
85.867125,27.941854,0
85.867122,27.941856,0
85.867117,27.941857,0
85.867111,27.941859,0
85.867102,27.941862,0
85.867097,27.941863,0
85.86709,27.941865,0
85.867084,27.941868,0
85.86708,27.94187,0
85.867076,27.941872,0
85.867074,27.941872,0
85.86707,27.941874,0
85.867067,27.941874,0
85.867068,27.941874,0
85.86707,27.941873,0
85.867074,27.941872,0
85.867076,27.941871,0
85.867077,27.941871,0
85.867076,27.941871,0
85.867073,27.941871,0
85.867072,27.941871,0
85.86707,27.941871,0
85.867069,27.94187,0
85.867068,27.941869,0
85.867067,27.941867,0
85.867069,27.941866,0
85.867073,27.941864,0
85.86708,27.941864,0
85.867086,27.941863,0
85.86709,27.941863,0
85.867094,27.941864,0
85.867096,27.941865,0
85.867094,27.941867,0
85.867092,27.941869,0
85.867091,27.941871,0
85.867091,27.941874,0
85.867091,27.941876,0
85.867091,27.941878,0
85.867095,27.941879,0
85.867099,27.94188,0
85.867104,27.94188,0
85.867106,27.94188,0
85.867108,27.94188,0
85.867107,27.941881,0
85.867105,27.941881,0
85.867102,27.941882,0
85.867096,27.941883,0
85.867092,27.941884,0
85.867089,27.941885,0
85.867088,27.941886,0
85.867088,27.941887,0
85.867088,27.941888,0
85.867087,27.941889,0
85.867083,27.94189,0
85.867085,27.94189,0
85.867089,27.941889,0
85.867091,27.94189,0
85.867092,27.941891,0
85.86709,27.941892,0
85.867086,27.941893,0
85.867082,27.941895,0
85.867078,27.941897,0
85.867077,27.941898,0
85.867075,27.941899,0
85.867073,27.9419,0
85.867071,27.941902,0
85.867069,27.941903,0
85.867068,27.941904,0
85.867066,27.941905,0
85.867065,27.941905,0
85.867063,27.941905,0
85.867061,27.941905,0
85.867058,27.941906,0
85.867053,27.941907,0
85.867048,27.941908,0
85.867044,27.941908,0
85.867041,27.941908,0
85.867042,27.941907,0
85.867041,27.941906,0
85.867043,27.941905,0
85.867048,27.941903,0
85.867052,27.941901,0
85.867057,27.941899,0
85.867063,27.941899,0
85.867068,27.941898,0
85.867072,27.941898,0
85.867075,27.941898,0
85.867078,27.941898,0
85.867083,27.941899,0
85.867087,27.941899,0
85.86709,27.9419,0
85.867092,27.941902,0
85.867091,27.941904,0
85.867089,27.941905,0
85.867088,27.941906,0
85.867087,27.941907,0
85.867086,27.941908,0
85.867086,27.94191,0
85.867084,27.941913,0
85.867084,27.941914,0
85.867085,27.941914,0
85.867087,27.941914,0
85.867089,27.941914,0
85.86709,27.941914,0
85.867091,27.941913,0
85.86709,27.941912,0
85.867089,27.941911,0
85.86709,27.941909,0
85.867092,27.941907,0
85.867096,27.941905,0
85.8671,27.941902,0
85.867104,27.9419,0
85.867107,27.941897,0
85.867111,27.941894,0
85.867116,27.941891,0
85.867118,27.94189,0
85.867119,27.94189,0
85.86712,27.941889,0
85.867122,27.941888,0
85.867126,27.941886,0
85.867131,27.941883,0
85.867145,27.941874,0
85.867145,27.941872,0
85.867146,27.941871,0
85.867147,27.94187,0
85.867148,27.941868,0
85.867148,27.941867,0
85.867149,27.941865,0
85.86715,27.941864,0
85.867152,27.941864,0
85.867153,27.941863,0
85.867155,27.941863,0
85.867158,27.941863,0
85.867161,27.941863,0
85.867164,27.941863,0
85.867167,27.941864,0
85.867158,27.941865,0
85.867153,27.941865,0
85.867163,27.941867,0
85.86718,27.941876,0
85.867198,27.941877,0
85.867199,27.941879,0
85.86721,27.941882,0
85.867216,27.94188,0
85.867219,27.941877,0
85.867222,27.941874,0
85.867223,27.941871,0
85.867223,27.941869,0
85.867222,27.941869,0
85.867223,27.941867,0
85.867222,27.941867,0
85.867222,27.941866,0
85.867222,27.941865,0
85.867222,27.941864,0
85.867221,27.941864,0
85.86722,27.941864,0
85.867219,27.941864,0
85.867218,27.941864,0
85.867217,27.941863,0
85.867214,27.94186,0
85.867213,27.94186,0
85.867212,27.94186,0
85.867212,27.941861,0
85.867212,27.94186,0
85.867211,27.94186,0
85.867211,27.941859,0
85.86721,27.941858,0
85.867209,27.941857,0
85.867208,27.941858,0
85.867208,27.94186,0
85.867208,27.941862,0
85.867208,27.941864,0
85.867207,27.941861,0
85.867204,27.94186,0
85.8672,27.941862,0
85.867194,27.941864,0
85.867184,27.941866,0
85.867172,27.941865,0
85.867166,27.941864,0
85.867162,27.941863,0
85.867161,27.941863,0
85.867162,27.941863,0
85.867161,27.941863,0
85.86716,27.941864,0
85.86716,27.941865,0
85.867161,27.941865,0
85.867161,27.941866,0
85.867161,27.941865,0
85.86716,27.941865,0
85.86716,27.941864,0
85.867159,27.941864,0
85.867159,27.941863,0
85.867159,27.941862,0
85.86716,27.941861,0
85.867161,27.941861,0
85.867162,27.94186,0
85.867164,27.941856,0
85.867165,27.941856,0
85.867165,27.941855,0
85.867167,27.941854,0
85.867167,27.941852,0
85.867168,27.941851,0
85.867168,27.94185,0
85.867168,27.941849,0
85.867168,27.941847,0
85.867167,27.941846,0
85.867167,27.941844,0
85.867167,27.941843,0
85.867168,27.941842,0
85.867167,27.941839,0
85.867166,27.941836,0
85.867164,27.941833,0
85.867162,27.941827,0
85.867161,27.941823,0
85.86716,27.94182,0
85.867158,27.941818,0
85.867154,27.941816,0
85.867151,27.941817,0
85.867149,27.941818,0
85.867148,27.941818,0
85.867148,27.941819,0
85.867147,27.941819,0
85.867146,27.941819,0
85.867145,27.94182,0
85.867146,27.941819,0
85.867147,27.941819,0
85.86715,27.941818,0
85.867152,27.941818,0
85.867147,27.94182,0
85.867137,27.941823,0
85.867122,27.941825,0
85.86712,27.941825,0
85.867118,27.941825,0
85.867116,27.941824,0
85.867114,27.941824,0
85.867111,27.941824,0
85.867109,27.941824,0
85.867107,27.941824,0
85.867105,27.941823,0
85.867103,27.941823,0
85.867101,27.941823,0
85.867099,27.941823,0
85.867097,27.941823,0
85.867095,27.941822,0
85.867093,27.941822,0
85.86709,27.941822,0
85.867088,27.941822,0
85.867086,27.941821,0
85.867084,27.941821,0
85.867082,27.941821,0
85.86708,27.941821,0
85.867078,27.941821,0
85.867076,27.94182,0
85.867074,27.94182,0
85.867072,27.94182,0
85.867069,27.94182,0
85.867067,27.94182,0
85.867065,27.941819,0
85.867063,27.941819,0
85.867067,27.941824,0
85.867074,27.941833,0
85.867076,27.941842,0
85.867078,27.941852,0
85.86708,27.94186,0
85.867085,27.94187,0
85.86709,27.941879,0
85.867093,27.941885,0
85.867094,27.941886,0
85.867094,27.941888,0
85.867093,27.94189,0
85.867094,27.941891,0
85.867094,27.941892,0
85.867093,27.941893,0
85.867092,27.941896,0
85.86709,27.9419,0
85.867088,27.941903,0
85.867089,27.941906,0
85.867087,27.941911,0
85.867083,27.941912,0
85.867081,27.941912,0
85.867077,27.941906,0
85.867069,27.941898,0
85.86706,27.941895,0
85.867051,27.941896,0
85.867046,27.9419,0
85.867042,27.941905,0
85.867038,27.94191,0
85.867033,27.941912,0
85.867024,27.941916,0
85.867016,27.941918,0
85.867007,27.941922,0
85.866997,27.941926,0
85.866986,27.941929,0
85.866976,27.941937,0
85.86697,27.941944,0
85.866964,27.94195,0
85.866959,27.94196,0
85.866953,27.941969,0
85.866947,27.941979,0
85.866942,27.941986,0
85.866937,27.941994,0
85.866933,27.942002,0
85.866933,27.942011,0
85.866932,27.94202,0
85.866928,27.942028,0
85.866922,27.942038,0
85.86692,27.942047,0
85.866916,27.942056,0
85.866914,27.942067,0
85.866914,27.942077,0
85.866913,27.942084,0
85.866911,27.942091,0
85.86691,27.942098,0
85.866904,27.942113,0
85.866899,27.942121,0
85.866896,27.942129,0
85.866891,27.942138,0
85.866887,27.942146,0
85.866885,27.942154,0
85.866882,27.942163,0
85.866877,27.942174,0
85.866874,27.942183,0
85.866869,27.94219,0
85.866866,27.942196,0
85.866865,27.942201,0
85.866864,27.942207,0
85.866862,27.942213,0
85.86686,27.942219,0
85.866859,27.942228,0
85.866859,27.942237,0
85.86686,27.942247,0
85.866861,27.942259,0
85.866863,27.942267,0
85.866864,27.942276,0
85.866871,27.942295,0
85.866874,27.942305,0
85.866876,27.942317,0
85.866874,27.942328,0
85.866873,27.94234,0
85.866874,27.942349,0
85.866879,27.94236,0
85.866884,27.942372,0
85.866888,27.942381,0
85.866896,27.942391,0
85.866906,27.942401,0
85.866915,27.942408,0
85.866928,27.942428,0
85.866938,27.942437,0
85.866948,27.942443,0
85.866955,27.942448,0
85.866965,27.942458,0
85.866973,27.942468,0
85.866979,27.942479,0
85.866985,27.942487,0
85.866992,27.942495,0
85.866992,27.942504,0
85.866991,27.942512,0
85.866979,27.942521,0
85.866973,27.942522,0
85.866966,27.942523,0
85.86696,27.942525,0
85.866953,27.942526,0
85.866937,27.942521,0
85.86693,27.942514,0
85.866922,27.942507,0
85.86691,27.942504,0
85.866899,27.942499,0
85.866887,27.942492,0
85.866875,27.942485,0
85.866864,27.942478,0
85.866852,27.942473,0
85.866839,27.942471,0
85.866826,27.942471,0
85.866816,27.942469,0
85.866803,27.94247,0
85.86679,27.942469,0
85.866777,27.94247,0
85.866765,27.942477,0
85.866756,27.942486,0
85.86675,27.942495,0
85.866744,27.942505,0
85.866739,27.942513,0
85.866739,27.94252,0
85.866741,27.942524,0
85.866747,27.942532,0
85.866752,27.942543,0
85.866753,27.942551,0
85.866755,27.94256,0
85.866753,27.942568,0
85.86675,27.942575,0
85.86675,27.942582,0
85.866752,27.942593,0
85.866758,27.942613,0
85.866756,27.942626,0
85.866758,27.942638,0
85.866764,27.942663,0
85.866765,27.942681,0
85.866764,27.942697,0
85.866765,27.942708,0
85.866774,27.942738,0
85.866774,27.942749,0
85.866766,27.94278,0
85.86676,27.942798,0
85.866758,27.942808,0
85.866759,27.942814,0
85.866759,27.942817,0
85.866759,27.942818,0
85.866759,27.94282,0
85.866759,27.942825,0
85.866758,27.942831,0
85.866758,27.942837,0
85.866761,27.942844,0
85.866764,27.942851,0
85.866765,27.942859,0
85.866766,27.942865,0
85.866765,27.942872,0
85.866765,27.942877,0
85.866764,27.942881,0
85.866765,27.942885,0
85.866765,27.942887,0
85.866766,27.94289,0
85.866767,27.942891,0
85.866766,27.942893,0
85.866765,27.942894,0
85.866764,27.942896,0
85.86677,27.942907,0
85.866772,27.942916,0
85.866774,27.942923,0
85.866774,27.942926,0
85.866774,27.942927,0
85.866774,27.942928,0
85.866775,27.942928,0
85.866775,27.942929,0
85.866774,27.942929,0
85.866773,27.942929,0
85.866772,27.942929,0
85.866772,27.942926,0
85.866772,27.942923,0
85.866772,27.94292,0
85.866774,27.942922,0
85.866776,27.942927,0
85.866777,27.942935,0
85.866779,27.94294,0
85.866782,27.942945,0
85.866784,27.942946,0
85.866786,27.942949,0
85.866788,27.94295,0
85.866791,27.942952,0
85.86679,27.942957,0
85.866788,27.942965,0
85.866788,27.942973,0
85.866788,27.942982,0
85.86679,27.942992,0
85.86679,27.943003,0
85.866788,27.943013,0
85.866788,27.943021,0
85.86679,27.943028,0
85.866793,27.943036,0
85.866794,27.943043,0
85.866792,27.943051,0
85.866789,27.943064,0
85.866792,27.943073,0
85.866796,27.94308,0
85.866798,27.943091,0
85.866797,27.9431,0
85.866796,27.943112,0
85.866794,27.943124,0
85.866794,27.943135,0
85.8668,27.943144,0
85.86681,27.94315,0
85.866817,27.943158,0
85.866824,27.943168,0
85.866831,27.943178,0
85.866836,27.943188,0
85.866841,27.943195,0
85.86685,27.943205,0
85.866856,27.94321,0
85.866863,27.943216,0
85.866869,27.943221,0
85.866876,27.943227,0
85.866878,27.943234,0
85.866869,27.943233,0
85.866856,27.943233,0
85.86684,27.94323,0
85.866833,27.943229,0
85.866835,27.943227,0
85.866842,27.943222,0
85.86685,27.943226,0
85.866857,27.94324,0
85.866862,27.943246,0
85.866868,27.943252,0
85.866868,27.94326,0
85.866868,27.943267,0
85.866869,27.943273,0
85.866871,27.943282,0
85.866873,27.94329,0
85.866873,27.943298,0
85.866873,27.943309,0
85.866868,27.943321,0
85.86687,27.94334,0
85.866871,27.94335,0
85.866868,27.943363,0
85.866865,27.943376,0
85.86686,27.943389,0
85.866858,27.943398,0
85.866859,27.943407,0
85.866859,27.943415,0
85.866858,27.943423,0
85.866858,27.943431,0
85.866854,27.94344,0
85.866853,27.943448,0
85.866854,27.943455,0
85.866855,27.943463,0
85.866855,27.94347,0
85.866853,27.943475,0
85.866848,27.94348,0
85.866844,27.943489,0
85.866841,27.943498,0
85.866838,27.943509,0
85.866836,27.943521,0
85.866834,27.943533,0
85.866836,27.943548,0
85.866838,27.943565,0
85.866832,27.943593,0
85.86683,27.943608,0
85.866829,27.943623,0
85.86682,27.943635,0
85.866803,27.943641,0
85.866786,27.943641,0
85.86677,27.943634,0
85.866759,27.943625,0
85.866751,27.94362,0
85.866736,27.943625,0
85.866729,27.943628,0
85.866723,27.94363,0
85.866716,27.943633,0
85.86671,27.943635,0
85.866698,27.943642,0
85.866687,27.943643,0
85.866677,27.943637,0
85.866673,27.943626,0
85.866664,27.943606,0
85.866646,27.943591,0
85.866644,27.943588,0
85.866642,27.943586,0
85.86664,27.943583,0
85.866639,27.94358,0
85.866637,27.943578,0
85.866635,27.943575,0
85.866633,27.943572,0
85.866631,27.94357,0
85.866629,27.943567,0
85.866628,27.943564,0
85.866626,27.943562,0
85.866621,27.943558,0
85.866614,27.943561,0
85.866609,27.943567,0
85.866607,27.943574,0
85.866604,27.943582,0
85.8666,27.943587,0
85.866595,27.943593,0
85.866592,27.943602,0
85.866586,27.94361,0
85.86658,27.94362,0
85.866576,27.943629,0
85.866572,27.943639,0
85.866568,27.943647,0
85.866564,27.943656,0
85.866558,27.943666,0
85.866549,27.943678,0
85.866545,27.943684,0
85.866544,27.943695,0
85.866543,27.943703,0
85.866539,27.943712,0
85.866535,27.943721,0
85.866533,27.943728,0
85.866529,27.943736,0
85.866524,27.943742,0
85.866519,27.943746,0
85.866513,27.943749,0
85.866505,27.943753,0
85.866499,27.943756,0
85.866488,27.94376,0
85.866475,27.943762,0
85.866465,27.94377,0
85.866455,27.943776,0
85.866447,27.943783,0
85.866444,27.943793,0
85.866444,27.943802,0
85.866441,27.943811,0
85.866436,27.943819,0
85.866431,27.94383,0
85.866427,27.943841,0
85.866422,27.94385,0
85.866413,27.943859,0
85.866407,27.943868,0
85.866398,27.943878,0
85.866393,27.943884,0
85.866386,27.943889,0
85.86638,27.943896,0
85.866375,27.943904,0
85.866369,27.943911,0
85.866359,27.943917,0
85.866349,27.943924,0
85.866339,27.943931,0
85.866326,27.94394,0
85.866314,27.94395,0
85.866302,27.94396,0
85.866292,27.943971,0
85.866283,27.943983,0
85.866271,27.943993,0
85.866255,27.944,0
85.866248,27.944002,0
85.866246,27.944003,0
85.866244,27.944003,0
85.866242,27.944001,0
85.866237,27.943994,0
85.866231,27.943983,0
85.866221,27.943974,0
85.866214,27.943975,0
85.866207,27.94398,0
85.866199,27.943986,0
85.866194,27.943993,0
85.866188,27.944001,0
85.866183,27.944008,0
85.866176,27.944016,0
85.866168,27.944022,0
85.866159,27.944028,0
85.866149,27.944034,0
85.866139,27.94404,0
85.866131,27.944049,0
85.866127,27.944055,0
85.866122,27.944061,0
85.866108,27.944079,0
85.866096,27.944094,0
85.866084,27.944108,0
85.866078,27.944113,0
85.866075,27.944115,0
85.866073,27.944116,0
85.866072,27.944116,0
85.866071,27.944118,0
85.86607,27.944119,0
85.866069,27.944121,0
85.866067,27.944124,0
85.866066,27.944126,0
85.866065,27.944127,0
85.866066,27.944125,0
85.866066,27.944127,0
85.866067,27.944127,0
85.866066,27.944127,0
85.866064,27.944128,0
85.866063,27.944128,0
85.866062,27.944129,0
85.866061,27.944129,0
85.86606,27.944129,0
85.866058,27.944129,0
85.866057,27.944129,0
85.866056,27.94413,0
85.866055,27.94413,0
85.866054,27.94413,0
85.866052,27.94413,0
85.866051,27.94413,0
85.86605,27.94413,0
85.866049,27.944131,0
85.866047,27.944131,0
85.866046,27.944131,0
85.866045,27.944131,0
85.866041,27.944131,0
85.86604,27.944131,0
85.86604,27.94413,0
85.866039,27.94413,0
85.866038,27.944129,0
85.866038,27.944128,0
85.866037,27.944128,0
85.866038,27.944127,0
85.866038,27.944126,0
85.866038,27.944125,0
85.866039,27.944125,0
85.866042,27.944124,0
85.866044,27.944123,0
85.86605,27.944122,0
85.866054,27.94412,0
85.866055,27.944116,0
85.866055,27.944114,0
85.866054,27.944118,0
85.866051,27.944124,0
85.866044,27.94413,0
85.866036,27.944134,0
85.866028,27.944139,0
85.866019,27.944145,0
85.86601,27.94415,0
85.865997,27.944156,0
85.86599,27.944164,0
85.865983,27.944172,0
85.865979,27.944175,0
85.865974,27.944179,0
85.865957,27.944189,0
85.865949,27.944195,0
85.86594,27.9442,0
85.865932,27.944205,0
85.865927,27.944212,0
85.86592,27.944218,0
85.865914,27.944223,0
85.865905,27.944229,0
85.865898,27.944237,0
85.865893,27.944245,0
85.865887,27.944249,0
85.865881,27.944253,0
85.865875,27.944256,0
85.865859,27.944266,0
85.86585,27.944271,0
85.865838,27.944276,0
85.865826,27.944281,0
85.865809,27.944291,0
85.8658,27.944295,0
85.865792,27.9443,0
85.865783,27.944306,0
85.865771,27.944313,0
85.865761,27.944321,0
85.865748,27.944331,0
85.865736,27.94434,0
85.865724,27.944351,0
85.865713,27.944361,0
85.865698,27.944371,0
85.865682,27.944378,0
85.865656,27.94439,0
85.865642,27.944397,0
85.865635,27.944402,0
85.865629,27.944408,0
85.86561,27.944422,0
85.865601,27.944425,0
85.865593,27.944428,0
85.865571,27.944435,0
85.865556,27.944437,0
85.865543,27.944436,0
85.865529,27.944436,0
85.865516,27.944437,0
85.865514,27.944441,0
85.865525,27.944443,0
85.865534,27.94445,0
85.865533,27.944459,0
85.865521,27.944465,0
85.86551,27.94447,0
85.865501,27.944474,0
85.865492,27.944477,0
85.865472,27.944486,0
85.865457,27.944495,0
85.865445,27.944506,0
85.865433,27.944517,0
85.865421,27.944527,0
85.865413,27.944532,0
85.865405,27.944538,0
85.865388,27.944551,0
85.865381,27.944556,0
85.865375,27.944562,0
85.865359,27.944579,0
85.865347,27.944591,0
85.865336,27.9446,0
85.865327,27.944609,0
85.865319,27.944618,0
85.865314,27.944627,0
85.86531,27.944638,0
85.865302,27.944647,0
85.865289,27.944646,0
85.865276,27.944648,0
85.865267,27.944656,0
85.865258,27.944664,0
85.865247,27.944674,0
85.865236,27.944683,0
85.865228,27.944692,0
85.865219,27.9447,0
85.865212,27.944708,0
85.865207,27.944719,0
85.865199,27.94473,0
85.865189,27.944735,0
85.865179,27.944742,0
85.865171,27.94475,0
85.865163,27.944758,0
85.865153,27.944766,0
85.865143,27.944773,0
85.865134,27.944781,0
85.865121,27.944794,0
85.865119,27.944804,0
85.865116,27.944812,0
85.865108,27.944818,0
85.865102,27.944825,0
85.865092,27.944834,0
85.865081,27.944842,0
85.865063,27.944853,0
85.865058,27.944858,0
85.865052,27.944862,0
85.865043,27.944864,0
85.865035,27.944869,0
85.865026,27.944872,0
85.865016,27.944879,0
85.865005,27.944886,0
85.864993,27.944894,0
85.864984,27.944901,0
85.864973,27.944902,0
85.864965,27.944902,0
85.864956,27.944906,0
85.864945,27.944911,0
85.864934,27.944918,0
85.864924,27.944925,0
85.864918,27.944934,0
85.864914,27.944945,0
85.864907,27.944955,0
85.864898,27.944961,0
85.864888,27.944963,0
85.864876,27.944965,0
85.864868,27.944973,0
85.864865,27.94498,0
85.864859,27.944988,0
85.864852,27.945003,0
85.86485,27.945011,0
85.864845,27.945022,0
85.864842,27.945034,0
85.864839,27.945045,0
85.864837,27.945055,0
85.864836,27.945067,0
85.864834,27.945079,0
85.864832,27.945091,0
85.864833,27.945099,0
85.864833,27.945108,0
85.864834,27.945127,0
85.864832,27.945139,0
85.86483,27.945164,0
85.86483,27.945177,0
85.864826,27.945188,0
85.864826,27.9452,0
85.864818,27.945213,0
85.864803,27.945226,0
85.864781,27.94524,0
85.864783,27.945251,0
85.864784,27.945259,0
85.864791,27.945289,0
85.864795,27.9453,0
85.864809,27.945331,0
85.86481,27.945339,0
85.864813,27.945367,0
85.864813,27.945377,0
85.864813,27.945385,0
85.864813,27.94539,0
85.864813,27.945394,0
85.864814,27.945396,0
85.864815,27.945398,0
85.864815,27.945399,0
85.864815,27.945401,0
85.864815,27.945402,0
85.864815,27.945403,0
85.864815,27.945405,0
85.864816,27.945408,0
85.864817,27.945411,0
85.864818,27.945414,0
85.864818,27.945416,0
85.864818,27.945421,0
85.864819,27.945423,0
85.864821,27.945427,0
85.864823,27.945431,0
85.864825,27.945435,0
85.864826,27.94544,0
85.864828,27.945444,0
85.864828,27.945449,0
85.864828,27.945452,0
85.864828,27.945455,0
85.864828,27.945458,0
85.864829,27.945458,0
85.86483,27.945458,0
85.864828,27.945458,0
85.864825,27.945458,0
85.864823,27.94546,0
85.864821,27.945461,0
85.864819,27.945464,0
85.864814,27.945466,0
85.864809,27.945465,0
85.864805,27.945457,0
85.864819,27.945445,0
85.864823,27.945451,0
85.864822,27.945461,0
85.864825,27.945472,0
85.864835,27.945488,0
85.864839,27.945495,0
85.864848,27.945505,0
85.864855,27.945512,0
85.864863,27.945517,0
85.864869,27.945525,0
85.864874,27.945533,0
85.864878,27.945543,0
85.864882,27.945553,0
85.864886,27.945565,0
85.864892,27.945576,0
85.864901,27.945585,0
85.864919,27.945603,0
85.864927,27.945612,0
85.86493,27.945619,0
85.864933,27.945625,0
85.864936,27.945632,0
85.86494,27.945649,0
85.864949,27.94566,0
85.864957,27.945669,0
85.864962,27.945677,0
85.864966,27.945681,0
85.864973,27.945686,0
85.864976,27.945692,0
85.864975,27.945698,0
85.864976,27.945707,0
85.864983,27.945712,0
85.864992,27.945716,0
85.865005,27.945717,0
85.865017,27.945721,0
85.865022,27.945729,0
85.865022,27.945744,0
85.865026,27.945756,0
85.86504,27.945764,0
85.865048,27.945764,0
85.865056,27.945763,0
85.865061,27.945764,0
85.865068,27.945767,0
85.865074,27.945769,0
85.865082,27.945772,0
85.86509,27.945777,0
85.865097,27.945783,0
85.865105,27.94579,0
85.865113,27.945797,0
85.86512,27.945805,0
85.865128,27.945815,0
85.865134,27.945825,0
85.865129,27.945836,0
85.865126,27.945846,0
85.865128,27.945858,0
85.865131,27.94587,0
85.865137,27.94588,0
85.865144,27.945893,0
85.865153,27.945907,0
85.865168,27.945925,0
85.865166,27.945934,0
85.865172,27.945943,0
85.86518,27.945956,0
85.86519,27.945965,0
85.865199,27.945973,0
85.865203,27.945982,0
85.865211,27.946003,0
85.865215,27.946014,0
85.86522,27.946024,0
85.865227,27.946034,0
85.865234,27.946043,0
85.865243,27.946052,0
85.865247,27.94606,0
85.865251,27.946071,0
85.865254,27.946078,0
85.86526,27.946086,0
85.865267,27.946093,0
85.865272,27.946113,0
85.865277,27.946123,0
85.865281,27.946132,0
85.865281,27.946141,0
85.865281,27.946149,0
85.865278,27.94617,0
85.865278,27.946183,0
85.865278,27.946198,0
85.86528,27.946207,0
85.865282,27.946215,0
85.865289,27.946234,0
85.865295,27.946245,0
85.865299,27.946257,0
85.865301,27.946269,0
85.865304,27.94628,0
85.865309,27.946306,0
85.865312,27.946325,0
85.865309,27.946342,0
85.865306,27.946345,0
85.865307,27.946348,0
85.865305,27.946358,0
85.865304,27.946369,0
85.865303,27.946388,0
85.865302,27.946396,0
85.865301,27.946407,0
85.865302,27.946428,0
85.865304,27.946438,0
85.865306,27.946451,0
85.86531,27.946462,0
85.865313,27.946476,0
85.865317,27.94649,0
85.865319,27.946503,0
85.865324,27.946527,0
85.865327,27.946538,0
85.865329,27.94655,0
85.865328,27.946562,0
85.865326,27.946577,0
85.865321,27.946592,0
85.865311,27.946603,0
85.865298,27.946612,0
85.86529,27.946621,0
85.865282,27.946629,0
85.865277,27.946639,0
85.865278,27.946651,0
85.865274,27.946672,0
85.865272,27.946687,0
85.86527,27.946702,0
85.86527,27.94672,0
85.865271,27.946738,0
85.865272,27.946749,0
85.86528,27.946782,0
85.865292,27.946808,0
85.865298,27.946821,0
85.865317,27.946857,0
85.865319,27.946862,0
85.865321,27.946868,0
85.865324,27.946873,0
85.865326,27.946879,0
85.865331,27.946892,0
85.865333,27.946899,0
85.865334,27.946903,0
85.865333,27.946908,0
85.865333,27.946911,0
85.865333,27.946915,0
85.865334,27.946918,0
85.865333,27.946921,0
85.865335,27.946929,0
85.865336,27.946935,0
85.865337,27.946939,0
85.865338,27.946941,0
85.865338,27.946942,0
85.865338,27.946944,0
85.865339,27.946944,0
85.865342,27.946946,0
85.865347,27.946949,0
85.865347,27.946953,0
85.86534,27.946953,0
85.865331,27.946959,0
85.86533,27.94697,0
85.865329,27.946977,0
85.865329,27.946982,0
85.865329,27.946985,0
85.86533,27.94699,0
85.865331,27.946996,0
85.865334,27.947001,0
85.865336,27.947007,0
85.865339,27.947012,0
85.865341,27.947013,0
85.865345,27.947016,0
85.865349,27.94702,0
85.865355,27.947027,0
85.865352,27.947034,0
85.865344,27.947033,0
85.865338,27.947038,0
85.865338,27.947046,0
85.86534,27.947054,0
85.865343,27.947065,0
85.865347,27.947079,0
85.86535,27.947096,0
85.865363,27.947106,0
85.865376,27.947119,0
85.865377,27.94713,0
85.865378,27.94714,0
85.865375,27.947156,0
85.865368,27.947172,0
85.865357,27.947188,0
85.86535,27.947205,0
85.865346,27.94722,0
85.865346,27.947235,0
85.865347,27.94725,0
85.865348,27.947266,0
85.865346,27.947284,0
85.865344,27.947293,0
85.865344,27.947297,0
85.865344,27.947302,0
85.865342,27.947304,0
85.86534,27.947305,0
85.865338,27.947305,0
85.865337,27.947305,0
85.865336,27.947305,0
85.865335,27.947305,0
85.865333,27.947306,0
85.865332,27.947306,0
85.865331,27.947307,0
85.865329,27.947306,0
85.865328,27.947306,0
85.865326,27.947307,0
85.865325,27.947307,0
85.865324,27.947308,0
85.865323,27.947308,0
85.865323,27.947309,0
85.865324,27.947309,0
85.865324,27.947308,0
85.865323,27.947309,0
85.865322,27.947309,0
85.865321,27.947307,0
85.86532,27.947307,0
85.86532,27.947306,0
85.865321,27.947305,0
85.865321,27.947307,0
85.865325,27.947306,0
85.865323,27.947309,0
85.865319,27.947312,0
85.865313,27.947316,0
85.86531,27.947318,0
85.865312,27.947319,0
85.865313,27.947325,0
85.865317,27.94733,0
85.865322,27.947334,0
85.865327,27.947338,0
85.865335,27.947342,0
85.865343,27.947346,0
85.86535,27.947351,0
85.865357,27.947354,0
85.865366,27.947355,0
85.865377,27.947353,0
85.865388,27.947355,0
85.865399,27.94736,0
85.865413,27.947362,0
85.865419,27.947361,0
85.865423,27.947362,0
85.865425,27.947361,0
85.865428,27.947362,0
85.865433,27.947363,0
85.865439,27.947368,0
85.865448,27.947379,0
85.865454,27.947399,0
85.865454,27.947413,0
85.865452,27.947421,0
85.86545,27.947424,0
85.865448,27.947426,0
85.865446,27.947429,0
85.865444,27.947431,0
85.865441,27.947435,0
85.865438,27.947439,0
85.865435,27.947443,0
85.865433,27.947446,0
85.865431,27.947448,0
85.865429,27.947452,0
85.865427,27.947455,0
85.865426,27.947457,0
85.865424,27.947458,0
85.865422,27.947459,0
85.865421,27.947461,0
85.865421,27.94746,0
85.865422,27.94746,0
85.865423,27.94746,0
85.865424,27.94746,0
85.865425,27.947459,0
85.865426,27.947459,0
85.865428,27.947458,0
85.865429,27.947457,0
85.86543,27.947456,0
85.865431,27.947455,0
85.865432,27.947454,0
85.865433,27.947451,0
85.865432,27.947447,0
85.865425,27.947442,0
85.865422,27.947446,0
85.865422,27.947445,0
85.865422,27.947448,0
85.86542,27.947452,0
85.86542,27.947457,0
85.865426,27.947466,0
85.865438,27.94747,0
85.86545,27.947472,0
85.865462,27.947476,0
85.865475,27.947481,0
85.865491,27.947488,0
85.865498,27.947491,0
85.865518,27.947499,0
85.865548,27.947498,0
85.865565,27.947498,0
85.865569,27.947496,0
85.865587,27.947502,0
85.865592,27.947506,0
85.865593,27.947506,0
85.865591,27.947506,0
85.865589,27.947506,0
85.865589,27.947505,0
85.865588,27.947505,0
85.865586,27.947505,0
85.865585,27.947506,0
85.865584,27.947506,0
85.865583,27.947507,0
85.865582,27.947507,0
85.865582,27.947508,0
85.865581,27.947509,0
85.86558,27.94751,0
85.865579,27.947512,0
85.865581,27.94751,0
85.865587,27.947509,0
85.865596,27.94751,0
85.865603,27.947513,0
85.865602,27.947514,0
85.865593,27.947516,0
85.865587,27.947516,0
85.865584,27.947516,0
85.865584,27.947511,0
85.865589,27.947506,0
85.865601,27.947505,0
85.865616,27.947509,0
85.865631,27.947516,0
85.865646,27.947528,0
85.865656,27.947541,0
85.865666,27.947555,0
85.865674,27.94757,0
85.865691,27.947599,0
85.865698,27.947608,0
85.865703,27.947613,0
85.865704,27.947613,0
85.865708,27.947613,0
85.865715,27.947614,0
85.865719,27.947615,0
85.865727,27.947622,0
85.865733,27.947626,0
85.865737,27.94763,0
85.865734,27.947636,0
85.865728,27.947639,0
85.865723,27.947641,0
85.865716,27.947645,0
85.865704,27.947649,0
85.865679,27.947644,0
85.865664,27.947644,0
85.865655,27.947655,0
85.86565,27.947663,0
85.865646,27.947671,0
85.865643,27.947676,0
85.865642,27.947681,0
85.86564,27.947685,0
85.865636,27.947689,0
85.865628,27.947692,0
85.865619,27.947696,0
85.865609,27.9477,0
85.865595,27.94771,0
85.865586,27.947716,0
85.865576,27.947721,0
85.865571,27.947722,0
85.865565,27.947723,0
85.86556,27.947723,0
85.865555,27.947724,0
85.86555,27.947725,0
85.865544,27.947726,0
85.865539,27.947727,0
85.865534,27.947727,0
85.865528,27.947728,0
85.865516,27.947729,0
85.865509,27.947729,0
85.865505,27.94773,0
85.865503,27.947734,0
85.8655,27.947735,0
85.865496,27.947738,0
85.865492,27.947742,0
85.865492,27.947745,0
85.865489,27.947752,0
85.865487,27.947758,0
85.865488,27.947764,0
85.865488,27.947769,0
85.865488,27.947778,0
85.86549,27.947787,0
85.865489,27.947799,0
85.86549,27.94781,0
85.865495,27.947822,0
85.865504,27.947832,0
85.865509,27.947842,0
85.865506,27.947857,0
85.865501,27.947869,0
85.8655,27.947882,0
85.865503,27.947896,0
85.865503,27.947898,0
85.865503,27.947901,0
85.865503,27.947903,0
85.865503,27.947906,0
85.865504,27.947908,0
85.865504,27.94791,0
85.865504,27.947913,0
85.865504,27.947915,0
85.865504,27.947917,0
85.865504,27.94792,0
85.865504,27.947922,0
85.865504,27.947925,0
85.865505,27.947927,0
85.865505,27.947929,0
85.865505,27.947932,0
85.865504,27.947943,0
85.865507,27.947951,0
85.865509,27.947954,0
85.865512,27.947957,0
85.865515,27.947961,0
85.865521,27.947967,0
85.865528,27.947972,0
85.865535,27.947977,0
85.865553,27.94799,0
85.865565,27.948009,0
85.865568,27.94802,0
85.865567,27.948028,0
85.865565,27.948035,0
85.865559,27.948056,0
85.865557,27.948067,0
85.865559,27.948076,0
85.865559,27.948087,0
85.865559,27.948095,0
85.865552,27.948107,0
85.865544,27.948115,0
85.865543,27.948137,0
85.865546,27.94815,0
85.86555,27.948168,0
85.865552,27.94818,0
85.86555,27.94819,0
85.865546,27.948197,0
85.865538,27.948203,0
85.865531,27.948208,0
85.865525,27.948212,0
85.865519,27.948216,0
85.865512,27.948222,0
85.865507,27.948227,0
85.865485,27.948236,0
85.865476,27.948246,0
85.865472,27.948259,0
85.865472,27.948267,0
85.865471,27.948276,0
85.865473,27.948298,0
85.865475,27.948312,0
85.865472,27.948326,0
85.865464,27.948339,0
85.865451,27.948361,0
85.865451,27.948369,0
85.865453,27.948374,0
85.865451,27.948378,0
85.86545,27.948393,0
85.865452,27.948401,0
85.865458,27.948407,0
85.865462,27.948414,0
85.865469,27.948421,0
85.865477,27.948424,0
85.865483,27.948429,0
85.865488,27.948437,0
85.865491,27.948447,0
85.865495,27.948458,0
85.865499,27.948466,0
85.865506,27.948474,0
85.865514,27.948483,0
85.865522,27.948496,0
85.865533,27.948512,0
85.865538,27.948521,0
85.865558,27.948552,0
85.865559,27.948553,0
85.865559,27.948554,0
85.86556,27.948554,0
85.86556,27.948555,0
85.865561,27.948556,0
85.865561,27.948557,0
85.865562,27.948557,0
85.865562,27.948558,0
85.865563,27.948559,0
85.865563,27.94856,0
85.865564,27.94856,0
85.865564,27.948561,0
85.865565,27.948561,0
85.865565,27.948562,0
85.865566,27.948563,0
85.865566,27.948564,0
85.865567,27.948564,0
85.865567,27.948565,0
85.865568,27.948566,0
85.865568,27.948567,0
85.865569,27.948567,0
85.865569,27.948568,0
85.86557,27.948568,0
85.86557,27.948569,0
85.865571,27.948569,0
85.865571,27.94857,0
85.865572,27.948571,0
85.865572,27.948572,0
85.865573,27.948572,0
85.865573,27.948573,0
85.865574,27.948574,0
85.865574,27.948575,0
85.865575,27.948575,0
85.865575,27.948576,0
85.865576,27.948576,0
85.865576,27.948577,0
85.865577,27.948578,0
85.865577,27.948579,0
85.865578,27.948579,0
85.865578,27.94858,0
85.865579,27.948581,0
85.865579,27.948582,0
85.86558,27.948582,0
85.86558,27.948583,0
85.865581,27.948584,0
85.865591,27.948582,0
85.865605,27.948592,0
85.865615,27.948608,0
85.865623,27.948621,0
85.865627,27.948624,0
85.865629,27.948626,0
85.86563,27.948627,0
85.865631,27.948628,0
85.865632,27.948628,0
85.865634,27.948629,0
85.865637,27.94863,0
85.86564,27.948631,0
85.865642,27.948633,0
85.865644,27.948634,0
85.865647,27.948636,0
85.865646,27.948635,0
85.865637,27.948635,0
85.865624,27.948635,0
85.86561,27.948648,0
85.865587,27.948688,0
85.865579,27.948703,0
85.865574,27.948716,0
85.865574,27.94872,0
85.865573,27.948724,0
85.865573,27.948727,0
85.865573,27.94873,0
85.865573,27.948733,0
85.865574,27.948736,0
85.865576,27.948738,0
85.865577,27.94874,0
85.865579,27.948742,0
85.865581,27.948745,0
85.865583,27.948748,0
85.865586,27.948751,0
85.865589,27.948754,0
85.865591,27.948755,0
85.865594,27.948756,0
85.865596,27.948757,0
85.865598,27.948756,0
85.865599,27.948754,0
85.8656,27.948751,0
85.865601,27.948745,0
85.865604,27.948741,0
85.865608,27.948739,0
85.865609,27.948742,0
85.865608,27.948751,0
85.86561,27.948761,0
85.865611,27.948773,0
85.86561,27.948783,0
85.865608,27.948795,0
85.865607,27.948803,0
85.865607,27.94881,0
85.865602,27.948832,0
85.865597,27.948843,0
85.865595,27.948854,0
85.865593,27.948867,0
85.865591,27.948876,0
85.865586,27.948883,0
85.865581,27.94889,0
85.865576,27.948899,0
85.865567,27.948905,0
85.865556,27.94891,0
85.865548,27.948916,0
85.865538,27.948921,0
85.865529,27.94893,0
85.865525,27.948936,0
85.865521,27.948941,0
85.865517,27.948947,0
85.865507,27.948962,0
85.865505,27.948977,0
85.865505,27.948988,0
85.865509,27.948997,0
85.865523,27.949018,0
85.865531,27.949028,0
85.865539,27.949038,0
85.865542,27.949048,0
85.865542,27.949058,0
85.865542,27.949066,0
85.865544,27.949073,0
85.865538,27.94908,0
85.865535,27.949088,0
85.865534,27.949098,0
85.865537,27.949107,0
85.865544,27.949113,0
85.86555,27.949116,0
85.865553,27.949111,0
85.865563,27.949106,0
85.865571,27.949104,0
85.865581,27.949109,0
85.865586,27.949116,0
85.865588,27.949124,0
85.865593,27.949132,0
85.865599,27.949135,0
85.865604,27.949137,0
85.865618,27.949135,0
85.865636,27.949132,0
85.865658,27.949136,0
85.865672,27.949149,0
85.865701,27.949178,0
85.865708,27.949185,0
85.865716,27.949192,0
85.865732,27.949204,0
85.865737,27.949209,0
85.865746,27.949212,0
85.865758,27.949217,0
85.865764,27.94922,0
85.865769,27.949222,0
85.86577,27.949222,0
85.865772,27.949222,0
85.865771,27.949221,0
85.865771,27.949218,0
85.865769,27.949215,0
85.865768,27.949209,0
85.865767,27.949205,0
85.865764,27.949206,0
85.865762,27.949211,0
85.86576,27.949218,0
85.865759,27.949226,0
85.865761,27.949233,0
85.865765,27.949241,0
85.865772,27.949247,0
85.865778,27.949251,0
85.865784,27.949256,0
85.865792,27.949258,0
85.865803,27.949262,0
85.865813,27.949267,0
85.865825,27.949277,0
85.865835,27.949288,0
85.865843,27.9493,0
85.865852,27.949313,0
85.865859,27.949323,0
85.865863,27.949333,0
85.865866,27.949342,0
85.865871,27.949349,0
85.865877,27.949358,0
85.865883,27.949368,0
85.865888,27.949377,0
85.865892,27.949385,0
85.865897,27.949392,0
85.865906,27.949412,0
85.865912,27.949422,0
85.865919,27.949433,0
85.865928,27.949442,0
85.865935,27.949452,0
85.865942,27.949461,0
85.86595,27.949469,0
85.865956,27.949474,0
85.865963,27.949479,0
85.865969,27.949484,0
85.865982,27.949493,0
85.86599,27.949498,0
85.865999,27.949504,0
85.866009,27.94951,0
85.866018,27.949517,0
85.866027,27.949523,0
85.866046,27.949538,0
85.866054,27.949547,0
85.866062,27.949555,0
85.866072,27.949562,0
85.866084,27.949567,0
85.866097,27.949573,0
85.86611,27.949582,0
85.866122,27.949592,0
85.866135,27.9496,0
85.86615,27.949609,0
85.866164,27.949617,0
85.866177,27.949627,0
85.866193,27.949635,0
85.866209,27.949638,0
85.866219,27.94964,0
85.866228,27.949643,0
85.866249,27.949652,0
85.866259,27.949657,0
85.86627,27.949662,0
85.86629,27.949667,0
85.866303,27.94967,0
85.866318,27.949674,0
85.866336,27.949674,0
85.866353,27.949674,0
85.866369,27.949675,0
85.866386,27.949679,0
85.8664,27.949683,0
85.86641,27.949689,0
85.86642,27.949694,0
85.866434,27.949694,0
85.866448,27.949696,0
85.866457,27.9497,0
85.866462,27.949708,0
85.866471,27.949712,0
85.866483,27.949719,0
85.866489,27.949725,0
85.866493,27.94973,0
85.866495,27.949741,0
85.866501,27.949739,0
85.866514,27.949739,0
85.86653,27.949743,0
85.866544,27.949749,0
85.866556,27.949757,0
85.866564,27.949767,0
85.866563,27.949779,0
85.866558,27.949789,0
85.86654,27.949799,0
85.86653,27.949806,0
85.86652,27.949811,0
85.866506,27.949815,0
85.866494,27.949815,0
85.866484,27.949813,0
85.866473,27.949814,0
85.866465,27.949813,0
85.866457,27.949813,0
85.866449,27.949812,0
85.866431,27.949809,0
85.866423,27.949808,0
85.866417,27.949806,0
85.866407,27.949803,0
85.866398,27.949803,0
85.866387,27.949804,0
85.866375,27.949805,0
85.86636,27.949806,0
85.866343,27.949809,0
85.86633,27.949813,0
85.866319,27.949816,0
85.866305,27.949817,0
85.866295,27.949819,0
85.866284,27.949819,0
85.866273,27.94982,0
85.866257,27.949823,0
85.866246,27.949824,0
85.866234,27.949827,0
85.866221,27.94983,0
85.86621,27.949833,0
85.866198,27.949829,0
85.866188,27.949826,0
85.866175,27.949823,0
85.866163,27.94982,0
85.866152,27.949816,0
85.866141,27.949814,0
85.866126,27.949812,0
85.866104,27.949803,0
85.866094,27.949799,0
85.866082,27.949795,0
85.866072,27.949793,0
85.866061,27.949792,0
85.866043,27.949787,0
85.866025,27.949783,0
85.866021,27.949782,0
85.866018,27.949782,0
85.866015,27.949783,0
85.866013,27.949783,0
85.866012,27.949782,0
85.866012,27.949781,0
85.866009,27.949779,0
85.866002,27.949776,0
85.865991,27.949772,0
85.865979,27.949768,0
85.865966,27.949763,0
85.865941,27.949753,0
85.865914,27.949743,0
85.865906,27.949741,0
85.865905,27.949739,0
85.865906,27.949738,0
85.865906,27.949735,0
85.865908,27.949731,0
85.865906,27.949733,0
85.865901,27.94974,0
85.865891,27.949741,0
85.865878,27.949739,0
85.865861,27.949736,0
85.865839,27.949736,0
85.865818,27.949737,0
85.865808,27.949737,0
85.865803,27.949737,0
85.8658,27.949737,0
85.865799,27.949737,0
85.865798,27.949737,0
85.865796,27.949737,0
85.865795,27.949737,0
85.865797,27.949738,0
85.865798,27.949738,0
85.865798,27.949739,0
85.865799,27.949739,0
85.8658,27.949739,0
85.865801,27.949739,0
85.865801,27.949738,0
85.865801,27.949737,0
85.865802,27.949737,0
85.865802,27.949736,0
85.865803,27.949736,0
85.865804,27.949735,0
85.865805,27.949734,0
85.865805,27.949732,0
85.865799,27.949731,0
85.865794,27.949732,0
85.865796,27.949735,0
85.865801,27.949741,0
85.865804,27.94975,0
85.865802,27.94976,0
85.865796,27.949771,0
85.865791,27.949783,0
85.865789,27.949788,0
85.865789,27.949789,0
85.865792,27.949786,0
85.865795,27.949781,0
85.865797,27.94978,0
85.865798,27.949783,0
85.865795,27.949792,0
85.865789,27.949801,0
85.86578,27.949812,0
85.86577,27.949825,0
85.865755,27.94985,0
85.86575,27.949869,0
85.865749,27.949885,0
85.865749,27.94989,0
85.86575,27.949892,0
85.865751,27.949892,0
85.865751,27.949893,0
85.865752,27.949893,0
85.865753,27.949894,0
85.865754,27.949894,0
85.865755,27.949894,0
85.865756,27.949894,0
85.865756,27.949895,0
85.865755,27.949896,0
85.865755,27.949895,0
85.865756,27.949896,0
85.865756,27.949898,0
85.865755,27.949901,0
85.865751,27.949902,0
85.865748,27.949902,0
85.865746,27.949903,0
85.865744,27.949904,0
85.865745,27.949904,0
85.865746,27.949904,0
85.865747,27.949904,0
85.865748,27.949903,0
85.865749,27.949904,0
85.865748,27.949905,0
85.865746,27.949906,0
85.865745,27.949905,0
85.865746,27.949905,0
85.865746,27.949904,0
85.865745,27.949904,0
85.865744,27.949904,0
85.865744,27.949905,0
85.865745,27.949904,0
85.865746,27.949904,0
85.865747,27.949903,0
85.865747,27.949904,0
85.865746,27.949903,0
85.865747,27.949902,0
85.865747,27.949901,0
85.865747,27.949902,0
85.865747,27.949903,0
85.865747,27.949904,0
85.865745,27.949905,0
85.865744,27.949905,0
85.865743,27.949904,0
85.865743,27.949902,0
85.865744,27.9499,0
85.865743,27.949899,0
85.865741,27.949899,0
85.86574,27.949899,0
85.865739,27.9499,0
85.865739,27.949899,0
85.865739,27.9499,0
85.86574,27.949899,0
85.865739,27.949899,0
85.865738,27.949899,0
85.865737,27.949899,0
85.865736,27.949899,0
85.865735,27.949899,0
85.865736,27.949899,0
85.865736,27.9499,0
85.865738,27.949901,0
85.865741,27.949903,0
85.865742,27.949905,0
85.865742,27.949904,0
85.86574,27.949903,0
85.86574,27.949901,0
85.865742,27.949901,0
85.865743,27.949901,0
85.865744,27.949901,0
85.865747,27.949901,0
85.865749,27.949901,0
85.86575,27.949901,0
85.865752,27.949902,0
85.865751,27.949903,0
85.865749,27.949904,0
85.865748,27.949903,0
85.865748,27.949902,0
85.86575,27.949901,0
85.865749,27.9499,0
85.865747,27.949901,0
85.865744,27.9499,0
85.865744,27.949899,0
85.865744,27.949898,0
85.865743,27.949898,0
85.865742,27.949897,0
85.865741,27.949897,0
85.86574,27.949897,0
85.865739,27.949896,0
85.865739,27.949895,0
85.865738,27.949895,0
85.865738,27.949894,0
85.86574,27.949894,0
85.865741,27.949894,0
85.865742,27.949894,0
85.865744,27.949893,0
85.865746,27.949893,0
85.865746,27.949894,0
85.865747,27.949894,0
85.865747,27.949893,0
85.865748,27.949893,0
85.865749,27.949893,0
85.86575,27.949894,0
85.865751,27.949894,0
85.865752,27.949894,0
85.865753,27.949894,0
85.865754,27.949894,0
85.865757,27.949898,0
85.86576,27.949898,0
85.865765,27.949899,0
85.865774,27.949901,0
85.865781,27.949903,0
85.865784,27.949905,0
85.865793,27.949903,0
85.865803,27.949897,0
85.865806,27.949883,0
85.865807,27.94989,0
85.865807,27.949898,0
85.865804,27.949895,0
85.865797,27.949877,0
85.865794,27.949867,0
85.865797,27.949832,0
85.865805,27.949821,0
85.86582,27.949799,0
85.865824,27.949791,0
85.865822,27.949785,0
85.865819,27.949778,0
85.86582,27.949768,0
85.865821,27.949765,0
85.865822,27.949762,0
85.865821,27.949762,0
85.865822,27.949762,0
85.865822,27.949761,0
85.865823,27.949761,0
85.865823,27.949762,0
85.865823,27.949761,0
85.865823,27.949762,0
85.865822,27.949761,0
85.865822,27.949762,0
85.865823,27.949761,0
85.865824,27.949762,0
85.865824,27.949761,0
85.865825,27.94976,0
85.865825,27.949759,0
85.865825,27.949758,0
85.865825,27.949757,0
85.865825,27.949756,0
85.865825,27.949755,0
85.865825,27.949754,0
85.865824,27.949755,0
85.865823,27.949755,0
85.865822,27.949755,0
85.865821,27.949754,0
85.86582,27.949754,0
85.865818,27.949754,0
85.865817,27.949754,0
85.865816,27.949754,0
85.865815,27.949754,0
85.865814,27.949754,0
85.865813,27.949753,0
85.865811,27.949752,0
85.86581,27.94975,0
85.86581,27.949749,0
85.865809,27.949749,0
85.865807,27.949747,0
85.865805,27.949746,0
85.865805,27.949747,0
85.865805,27.949746,0
85.865806,27.949746,0
85.865806,27.949745,0
85.865805,27.949745,0
85.865805,27.949744,0
85.865805,27.949743,0
85.865804,27.949743,0
85.865804,27.949742,0
85.865804,27.949741,0
85.865804,27.949742,0
85.865805,27.949742,0
85.865806,27.949743,0
85.865806,27.949742,0
85.865806,27.949743,0
85.865806,27.949744,0
85.865807,27.949744,0
85.865807,27.949745,0
85.865808,27.949745,0
85.865808,27.949746,0
85.86581,27.949746,0
85.865812,27.949746,0
85.865813,27.949744,0
85.865813,27.949743,0
85.865814,27.949743,0
85.865814,27.949744,0
85.865815,27.949744,0
85.865814,27.949744,0
85.865814,27.949745,0
85.865814,27.949746,0
85.865814,27.949748,0
85.865814,27.949749,0
85.865813,27.949749,0
85.865812,27.94975,0
85.865811,27.94975,0
85.86581,27.94975,0
85.865809,27.949751,0
85.865808,27.949751,0
85.865807,27.94975,0
85.865807,27.949751,0
85.865807,27.949752,0
85.865807,27.949754,0
85.865808,27.949755,0
85.86581,27.949758,0
85.865811,27.949761,0
85.865812,27.949762,0
85.865816,27.949764,0
85.865822,27.949766,0
85.86583,27.94977,0
85.865834,27.949772,0
85.865836,27.949774,0
85.865838,27.949774,0
85.865839,27.949774,0
85.865839,27.949775,0
85.865839,27.949774,0
85.865839,27.949775,0
85.865839,27.949774,0
85.865839,27.949773,0
85.865839,27.949772,0
85.865838,27.949772,0
85.865839,27.949772,0
85.865839,27.949771,0
85.865838,27.94977,0
85.865838,27.949769,0
85.865836,27.949766,0
85.865833,27.949763,0
85.865826,27.949764,0
85.86582,27.949771,0
85.865817,27.949779,0
85.865818,27.949786,0
85.865819,27.949788,0
85.865821,27.949789,0
85.865821,27.94979,0
85.86582,27.949789,0
85.86582,27.949788,0
85.86582,27.949787,0
85.86582,27.949788,0
85.865819,27.949788,0
85.86582,27.949789,0
85.865821,27.949789,0
85.865822,27.949789,0
85.865822,27.94979,0
85.865821,27.949791,0
85.865822,27.949791,0
85.865821,27.949791,0
85.86582,27.949791,0
85.86582,27.94979,0
85.865819,27.94979,0
85.865818,27.94979,0
85.865817,27.94979,0
85.865817,27.949791,0
85.865816,27.949791,0
85.865815,27.949792,0
85.865814,27.949792,0
85.865813,27.949792,0
85.865812,27.949792,0
85.865812,27.949791,0
85.865811,27.949792,0
85.86581,27.949793,0
85.865809,27.949793,0
85.865808,27.949794,0
85.865805,27.949794,0
85.865804,27.949793,0
85.865804,27.949794,0
85.865805,27.949794,0
85.865806,27.949794,0
85.865806,27.949795,0
85.865807,27.949795,0
85.865808,27.949796,0
85.865809,27.949797,0
85.86581,27.949797,0
85.865811,27.949796,0
85.865812,27.949797,0
85.865813,27.949797,0
85.865812,27.949797,0
85.865812,27.949796,0
85.865813,27.949796,0
85.865814,27.949796,0
85.865814,27.949797,0
85.865815,27.949796,0
85.865816,27.949796,0
85.865816,27.949795,0
85.865815,27.949795,0
85.865816,27.949795,0
85.865817,27.949794,0
85.865819,27.949793,0
85.865818,27.949793,0
85.865818,27.949794,0
85.865817,27.949794,0
85.865816,27.949794,0
85.865815,27.949793,0
85.865815,27.949792,0
85.865816,27.949792,0
85.865816,27.949791,0
85.865817,27.949792,0
85.865818,27.949792,0
85.865819,27.949792,0
85.86582,27.949792,0
85.865821,27.949792,0
85.865822,27.949792,0
85.865822,27.949793,0
85.865823,27.949793,0
85.865822,27.949793,0
85.865822,27.949794,0
85.865821,27.949794,0
85.865821,27.949795,0
85.865821,27.949796,0
85.86582,27.949795,0
85.865819,27.949795,0
85.865819,27.949796,0
85.865819,27.949795,0
85.865818,27.949795,0
85.865818,27.949796,0
85.865817,27.949796,0
85.865818,27.949796,0
85.865819,27.949796,0
85.865821,27.949795,0
85.86582,27.949794,0
85.865819,27.949793,0
85.865818,27.949792,0
85.865817,27.949791,0
85.865817,27.94979,0
85.865816,27.94979,0
85.865816,27.949789,0
85.865816,27.949788,0
85.865815,27.949788,0
85.865814,27.949787,0
85.865813,27.949787,0
85.865813,27.949786,0
85.865812,27.949785,0
85.865811,27.949785,0
85.86581,27.949785,0
85.86581,27.949784,0
85.86581,27.949783,0
85.865809,27.949783,0
85.865808,27.949783,0
85.865808,27.949782,0
85.865807,27.949781,0
85.865806,27.949781,0
85.865806,27.949782,0
85.865806,27.949783,0
85.865807,27.949784,0
85.865808,27.949785,0
85.865808,27.949781,0
85.865813,27.949776,0
85.865805,27.949775,0
85.865797,27.949783,0
85.86579,27.949788,0
85.865783,27.949794,0
85.865777,27.949799,0
85.86577,27.949805,0
85.865766,27.949811,0
85.865774,27.949809,0
85.865784,27.949803,0
85.865792,27.949796,0
85.865811,27.949784,0
85.865817,27.94978,0
85.865821,27.949778,0
85.86582,27.949777,0
85.86582,27.949776,0
85.865821,27.949776,0
85.865822,27.949777,0
85.865822,27.949778,0
85.865823,27.949778,0
85.865825,27.949778,0
85.865825,27.949777,0
85.865826,27.949776,0
85.865826,27.949777,0
85.865825,27.949777,0
85.865825,27.949776,0
85.865824,27.949776,0
85.865823,27.949776,0
85.865822,27.949777,0
85.86582,27.949777,0
85.865818,27.949776,0
85.865817,27.949776,0
85.865817,27.949778,0
85.865815,27.949777,0
85.865816,27.949776,0
85.865818,27.949774,0
85.86582,27.949773,0
85.865821,27.949773,0
85.865822,27.949772,0
85.865821,27.949772,0
85.865821,27.949771,0
85.865822,27.94977,0
85.865821,27.949769,0
85.865821,27.949768,0
85.865822,27.949768,0
85.865823,27.949768,0
85.865822,27.949768,0
85.865823,27.949769,0
85.865824,27.949769,0
85.865827,27.949768,0
85.865831,27.949768,0
85.865835,27.949768,0
85.865836,27.949768,0
85.865837,27.949768,0
85.865836,27.949767,0
85.865836,27.949766,0
85.865836,27.949767,0
85.865835,27.949768,0
85.865834,27.949768,0
85.865834,27.949769,0
85.865834,27.94977,0
85.865833,27.94977,0
85.865832,27.94977,0
85.865832,27.949771,0
85.865831,27.949771,0
85.865831,27.949772,0
85.86583,27.949771,0
85.865829,27.949771,0
85.865828,27.949772,0
85.865827,27.949771,0
85.865828,27.949771,0
85.865827,27.949772,0
85.865826,27.949772,0
85.865827,27.949771,0
85.865826,27.949771,0
85.865825,27.949771,0
85.865824,27.949771,0
85.865821,27.949772,0
85.865819,27.949772,0
85.865817,27.949771,0
85.865817,27.94977,0
85.865816,27.94977,0
85.865816,27.949771,0
85.865815,27.949771,0
85.865814,27.949771,0
85.865814,27.94977,0
85.865813,27.94977,0
85.865812,27.94977,0
85.865811,27.94977,0
85.86581,27.94977,0
85.865809,27.94977,0
85.865809,27.949769,0
85.865808,27.949769,0
85.865807,27.949769,0
85.865805,27.949769,0
85.865805,27.94977,0
85.865804,27.94977,0
85.865803,27.94977,0
85.865804,27.94977,0
85.865803,27.94977,0
85.865801,27.949769,0
85.8658,27.949768,0
85.865799,27.949767,0
85.865798,27.949767,0
85.865798,27.949768,0
85.865799,27.949769,0
85.8658,27.949769,0
85.865802,27.94977,0
85.865803,27.949771,0
85.865805,27.949774,0
85.865808,27.949778,0
85.865814,27.949781,0
85.865818,27.949781,0
85.865816,27.949781,0
85.865817,27.949781,0
85.865816,27.949781,0
85.865815,27.949782,0
85.865814,27.949781,0
85.865815,27.949781,0
85.865814,27.94978,0
85.865814,27.949781,0
85.865814,27.94978,0
85.865815,27.94978,0
85.865816,27.949781,0
85.865817,27.949782,0
85.865817,27.949781,0
85.865818,27.949781,0
85.865818,27.94978,0
85.865817,27.94978,0
85.865816,27.94978,0
85.865816,27.949779,0
85.865817,27.949779,0
85.865816,27.949779,0
85.865816,27.949778,0
85.865815,27.949777,0
85.865814,27.949776,0
85.865814,27.949775,0
85.865815,27.949775,0
85.865816,27.949775,0
85.865818,27.949773,0
85.865818,27.949769,0
85.865819,27.949762,0
85.865822,27.949751,0
85.865824,27.949745,0
85.865826,27.949743,0
85.865826,27.949745,0
85.865827,27.949744,0
85.865827,27.949743,0
85.865827,27.949742,0
85.865827,27.949741,0
85.865827,27.94974,0
85.865826,27.949739,0
85.865826,27.949738,0
85.865826,27.949737,0
85.865826,27.949736,0
85.865827,27.949735,0
85.865828,27.949734,0
85.865831,27.949734,0
85.865834,27.949735,0
85.865835,27.949735,0
85.865836,27.949735,0
85.865838,27.949735,0
85.86584,27.949734,0
85.86584,27.949733,0
85.865841,27.949733,0
85.86584,27.949733,0
85.865841,27.949733,0
85.865841,27.949734,0
85.865842,27.949735,0
85.865842,27.949736,0
85.865843,27.949737,0
85.865842,27.949737,0
85.865842,27.949738,0
85.865841,27.949739,0
85.865839,27.949741,0
85.865839,27.949742,0
85.865838,27.949743,0
85.865837,27.949743,0
85.865836,27.949743,0
85.865835,27.949743,0
85.865834,27.949743,0
85.865834,27.949744,0
85.865834,27.949745,0
85.865834,27.949746,0
85.865833,27.949747,0
85.865832,27.949745,0
85.865829,27.949744,0
85.865827,27.94975,0
85.865827,27.949757,0
85.865827,27.949765,0
85.865826,27.949769,0
85.865825,27.949771,0
85.865825,27.94977,0
85.865826,27.94977,0
85.865827,27.949769,0
85.865828,27.949768,0
85.865828,27.949767,0
85.865828,27.949766,0
85.86583,27.949765,0
85.865831,27.949764,0
85.865831,27.949763,0
85.865832,27.949762,0
85.865831,27.949762,0
85.86583,27.949763,0
85.86583,27.949764,0
85.865829,27.949764,0
85.865829,27.949765,0
85.86583,27.949766,0
85.865831,27.949767,0
85.86583,27.949767,0
85.86583,27.949766,0
85.86583,27.949765,0
85.86583,27.949764,0
85.865831,27.949764,0
85.865831,27.949763,0
85.865831,27.949762,0
85.865831,27.949761,0
85.865831,27.94976,0
85.865831,27.949758,0
85.86583,27.949756,0
85.865829,27.949755,0
85.865828,27.949755,0
85.865827,27.949754,0
85.865826,27.949754,0
85.865824,27.949753,0
85.865822,27.949752,0
85.865819,27.94975,0
85.865817,27.949747,0
85.865813,27.949744,0
85.86581,27.949744,0
85.865809,27.949743,0
85.865808,27.949743,0
85.865808,27.949742,0
85.865808,27.949741,0
85.865807,27.94974,0
85.865808,27.949739,0
85.865808,27.949738,0
85.865809,27.949738,0
85.86581,27.949738,0
85.86581,27.949737,0
85.86581,27.949736,0
85.865811,27.949736,0
85.865812,27.949735,0
85.865811,27.949735,0
85.865811,27.949734,0
85.865812,27.949734,0
85.865813,27.949733,0
85.865814,27.949733,0
85.865815,27.949732,0
85.865816,27.949732,0
85.865817,27.949731,0
85.865818,27.949731,0
85.865819,27.949731,0
85.86582,27.949731,0
85.865821,27.949732,0
85.865822,27.949732,0
85.865823,27.949734,0
85.865825,27.949737,0
85.865826,27.94974,0
85.865827,27.949744,0
85.865831,27.949747,0
85.865834,27.949749,0
85.865835,27.949749,0
85.865832,27.949743,0
85.865826,27.949734,0
85.865811,27.949738,0
85.8658,27.949764,0
85.865797,27.949778,0
85.865793,27.949797,0
85.865792,27.949814,0
85.865791,27.949825,0
85.865791,27.949828,0
85.865791,27.949829,0
85.865792,27.949829,0
85.865792,27.949828,0
85.865792,27.949829,0
85.865792,27.949828,0
85.865792,27.949829,0
85.865792,27.949828,0
85.865792,27.949829,0
85.865793,27.94983,0
85.865793,27.949832,0
85.865793,27.949833,0
85.865792,27.949834,0
85.865791,27.949834,0
85.86579,27.949835,0
85.865788,27.949836,0
85.865786,27.949836,0
85.865784,27.949839,0
85.865783,27.949842,0
85.865781,27.949846,0
85.865778,27.949851,0
85.865776,27.949854,0
85.865775,27.949856,0
85.865773,27.949858,0
85.865773,27.949859,0
85.865774,27.949859,0
85.865775,27.949859,0
85.865776,27.949859,0
85.865777,27.949859,0
85.865778,27.949858,0
85.865777,27.949858,0
85.865775,27.949857,0
85.865775,27.949856,0
85.865774,27.949854,0
85.865774,27.949853,0
85.865773,27.949853,0
85.865774,27.949854,0
85.865776,27.949852,0
85.865777,27.949853,0
85.865778,27.949853,0
85.865779,27.949853,0
85.86578,27.949854,0
85.865781,27.949854,0
85.865782,27.949855,0
85.865781,27.949854,0
85.86578,27.949854,0
85.865779,27.949854,0
85.865778,27.949853,0
85.865777,27.949852,0
85.865776,27.949852,0
85.865775,27.949853,0
85.865776,27.949853,0
85.865775,27.949854,0
85.865773,27.949855,0
85.86577,27.949856,0
85.865772,27.949858,0
85.865775,27.949858,0
85.865777,27.949854,0
85.865778,27.94985,0
85.86578,27.949847,0
85.865783,27.949843,0
85.865786,27.949839,0
85.865789,27.949838,0
85.865793,27.949832,0
85.865793,27.949823,0
85.865792,27.949816,0
85.865792,27.949808,0
85.865794,27.949797,0
85.86579,27.949788,0
85.865781,27.949786,0
85.865782,27.949789,0
85.865799,27.94979,0
85.865836,27.949782,0
85.865845,27.949788,0
85.865839,27.949798,0
85.865826,27.949794,0
85.865813,27.949782,0
85.865797,27.949768,0
85.865778,27.949771,0
85.865774,27.949785,0
85.865756,27.949801,0
85.865747,27.949811,0
85.865732,27.949845,0
85.865732,27.94986,0
85.865733,27.949874,0
85.86574,27.949907,0
85.865767,27.949926,0
85.865777,27.949936,0
85.865783,27.94995,0
85.865787,27.949968,0
85.865789,27.949994,0
85.86579,27.949998,0
85.865793,27.95,0
85.865797,27.950001,0
85.865803,27.950003,0
85.865806,27.950005,0
85.865802,27.950005,0
85.865794,27.95,0
85.865778,27.950004,0
85.86577,27.950018,0
85.86577,27.950031,0
85.865772,27.950045,0
85.865771,27.950057,0
85.865771,27.950092,0
85.865772,27.9501,0
85.865772,27.950105,0
85.865772,27.950111,0
85.865774,27.950121,0
85.865773,27.95013,0
85.865775,27.950138,0
85.865778,27.950143,0
85.865779,27.950148,0
85.86578,27.950151,0
85.865781,27.950154,0
85.865782,27.950154,0
85.865781,27.950154,0
85.86578,27.950156,0
85.865784,27.950159,0
85.865788,27.950161,0
85.865789,27.950162,0
85.865791,27.950163,0
85.865792,27.950164,0
85.865793,27.950166,0
85.865794,27.950168,0
85.865795,27.95017,0
85.865797,27.950171,0
85.865797,27.950173,0
85.865799,27.950173,0
85.865801,27.950173,0
85.865802,27.950172,0
85.865803,27.950171,0
85.865803,27.950169,0
85.865802,27.950167,0
85.865803,27.95017,0
85.865798,27.950172,0
85.865797,27.950179,0
85.865795,27.950186,0
85.86579,27.950193,0
85.865786,27.950199,0
85.865782,27.950207,0
85.865782,27.950215,0
85.865782,27.950222,0
85.865782,27.950224,0
85.865779,27.950226,0
85.86577,27.950227,0
85.865765,27.950229,0
85.86576,27.950231,0
85.865757,27.950235,0
85.865756,27.950243,0
85.865749,27.950251,0
85.865732,27.950264,0
85.865733,27.950271,0
85.865738,27.950279,0
85.865742,27.950287,0
85.86574,27.950307,0
85.86574,27.950318,0
85.865741,27.950324,0
85.865744,27.95033,0
85.865749,27.95034,0
85.865756,27.950348,0
85.865763,27.950357,0
85.865781,27.950376,0
85.865785,27.950387,0
85.865786,27.950397,0
85.865774,27.950411,0
85.86576,27.950418,0
85.865761,27.950421,0
85.865763,27.950424,0
85.865762,27.950431,0
85.865762,27.950442,0
85.865768,27.950452,0
85.865774,27.950465,0
85.86578,27.950477,0
85.865785,27.950492,0
85.865786,27.950494,0
85.865787,27.950497,0
85.865788,27.950499,0
85.865789,27.950502,0
85.86579,27.950504,0
85.865791,27.950506,0
85.865792,27.950509,0
85.865792,27.950511,0
85.865793,27.950513,0
85.865794,27.950516,0
85.865795,27.950518,0
85.865796,27.950521,0
85.865797,27.950523,0
85.865798,27.950525,0
85.865799,27.950528,0
85.865797,27.950535,0
85.86579,27.950542,0
85.865783,27.950553,0
85.865778,27.95056,0
85.865775,27.950564,0
85.865774,27.950565,0
85.865774,27.950566,0
85.865774,27.950567,0
85.865775,27.950567,0
85.865777,27.950567,0
85.865779,27.950567,0
85.86578,27.950567,0
85.865782,27.950567,0
85.865783,27.950568,0
85.865784,27.950568,0
85.865784,27.950567,0
85.865783,27.950566,0
85.865784,27.950566,0
85.865783,27.950565,0
85.865782,27.950565,0
85.865781,27.950564,0
85.86578,27.950563,0
85.865781,27.950563,0
85.865781,27.950561,0
85.865781,27.95056,0
85.86578,27.950562,0
85.865779,27.950563,0
85.865778,27.950564,0
85.865778,27.950565,0
85.865778,27.950566,0
85.865779,27.950565,0
85.865777,27.950566,0
85.865778,27.950566,0
85.86578,27.950565,0
85.865782,27.950564,0
85.865783,27.950563,0
85.865785,27.950562,0
85.865786,27.950562,0
85.865787,27.950562,0
85.865788,27.950562,0
85.865787,27.950562,0
85.865787,27.950561,0
85.865788,27.950561,0
85.865788,27.950562,0
85.865789,27.950563,0
85.865789,27.950564,0
85.86579,27.950565,0
85.865791,27.950565,0
85.865791,27.950566,0
85.865792,27.950566,0
85.865793,27.950566,0
85.865794,27.950566,0
85.865796,27.950565,0
85.865798,27.950565,0
85.8658,27.950564,0
85.865801,27.950563,0
85.8658,27.950563,0
85.865801,27.950564,0
85.8658,27.950568,0
85.865799,27.950573,0
85.865792,27.95058,0
85.865783,27.950589,0
85.865773,27.9506,0
85.865761,27.950613,0
85.865756,27.950617,0
85.865751,27.950621,0
85.865746,27.950625,0
85.865741,27.950628,0
85.865736,27.950632,0
85.865731,27.950636,0
85.865725,27.95064,0
85.865724,27.95064,0
85.865724,27.950639,0
85.865724,27.950637,0
85.865724,27.950636,0
85.865724,27.950635,0
85.865725,27.950634,0
85.865725,27.950633,0
85.865725,27.950632,0
85.865725,27.95063,0
85.865724,27.950629,0
85.865724,27.950628,0
85.865725,27.950626,0
85.865725,27.950622,0
85.865724,27.950619,0
85.865722,27.950611,0
85.865719,27.95061,0
85.865718,27.950614,0
85.86572,27.950621,0
85.86572,27.950627,0
85.865718,27.950636,0
85.865711,27.950644,0
85.865707,27.950652,0
85.865709,27.950658,0
85.865711,27.950667,0
85.865711,27.950675,0
85.865711,27.950684,0
85.865709,27.950695,0
85.86571,27.950707,0
85.86571,27.950718,0
85.865708,27.950731,0
85.865704,27.95074,0
85.8657,27.95075,0
85.865699,27.950761,0
85.865697,27.950772,0
85.865692,27.950781,0
85.865688,27.950793,0
85.865687,27.950804,0
85.86568,27.950817,0
85.865668,27.950829,0
85.865664,27.950834,0
85.865661,27.950838,0
85.865657,27.950843,0
85.865654,27.950848,0
85.86565,27.950852,0
85.865646,27.950857,0
85.865643,27.950861,0
85.86564,27.950867,0
85.865638,27.950869,0
85.865635,27.950872,0
85.865629,27.950875,0
85.865625,27.950879,0
85.865624,27.95088,0
85.865623,27.950881,0
85.865624,27.950881,0
85.865624,27.950882,0
85.865625,27.950883,0
85.865624,27.950883,0
85.865625,27.950883,0
85.865624,27.950883,0
85.865624,27.950884,0
85.865623,27.950884,0
85.865623,27.950885,0
85.865626,27.950885,0
85.865628,27.950886,0
85.865628,27.950887,0
85.865629,27.950887,0
85.865631,27.950887,0
85.865633,27.950887,0
85.865634,27.950887,0
85.865633,27.950888,0
85.865632,27.950888,0
85.865631,27.950889,0
85.86563,27.950889,0
85.86563,27.95089,0
85.86563,27.950891,0
85.86563,27.950892,0
85.865626,27.95089,0
85.865619,27.950888,0
85.865612,27.950893,0
85.865606,27.950902,0
85.865603,27.950909,0
85.865601,27.950913,0
85.8656,27.950915,0
85.865602,27.950913,0
85.865605,27.950912,0
85.865607,27.950911,0
85.865607,27.950913,0
85.865603,27.950917,0
85.865594,27.950922,0
85.865587,27.950931,0
85.865588,27.950941,0
85.865598,27.950958,0
85.865601,27.950968,0
85.865597,27.950975,0
85.865598,27.950981,0
85.865599,27.950989,0
85.865597,27.950999,0
85.865593,27.951007,0
85.865581,27.951021,0
85.865579,27.95103,0
85.865578,27.951044,0
85.865579,27.951049,0
85.865581,27.951056,0
85.86559,27.951071,0
85.865592,27.951076,0
85.865591,27.951084,0
85.865589,27.951092,0
85.865591,27.9511,0
85.865592,27.951109,0
85.865588,27.95112,0
85.865577,27.95114,0
85.865575,27.95115,0
85.865576,27.951159,0
85.865575,27.951165,0
85.865572,27.951172,0
85.865573,27.95118,0
85.865575,27.951186,0
85.865575,27.951193,0
85.865575,27.951202,0
85.865578,27.951217,0
85.865582,27.951225,0
85.86559,27.951228,0
85.865596,27.951234,0
85.865605,27.951241,0
85.865611,27.951248,0
85.865611,27.951258,0
85.865609,27.951269,0
85.865609,27.951276,0
85.865606,27.951286,0
85.865602,27.951297,0
85.865595,27.951318,0
85.86559,27.951327,0
85.865588,27.951337,0
85.86559,27.951344,0
85.86559,27.951351,0
85.865586,27.951365,0
85.865577,27.951373,0
85.865564,27.951389,0
85.865559,27.951399,0
85.865556,27.951408,0
85.865557,27.951415,0
85.86556,27.951423,0
85.865563,27.95143,0
85.865565,27.951438,0
85.86557,27.951445,0
85.865573,27.951446,0
85.865576,27.951444,0
85.865579,27.951439,0
85.865587,27.951435,0
85.865595,27.951434,0
85.865601,27.951444,0
85.865598,27.951449,0
85.865595,27.951453,0
85.865575,27.951475,0
85.865568,27.95149,0
85.86557,27.951507,0
85.865576,27.951518,0
85.865582,27.951523,0
85.865584,27.951524,0
85.865585,27.951525,0
85.865584,27.951524,0
85.865584,27.951523,0
85.865584,27.951522,0
85.865584,27.951521,0
85.865583,27.95152,0
85.865583,27.951519,0
85.865582,27.951518,0
85.865581,27.951517,0
85.86558,27.951516,0
85.865579,27.951515,0
85.86558,27.951514,0
85.865579,27.951514,0
85.865578,27.951514,0
85.865577,27.951515,0
85.86558,27.951517,0
85.865586,27.951516,0
85.865591,27.951511,0
85.865598,27.951509,0
85.865604,27.951508,0
85.865613,27.951506,0
85.865617,27.951509,0
85.865622,27.951512,0
85.865629,27.95151,0
85.865638,27.951511,0
85.865645,27.951514,0
85.865651,27.951518,0
85.865657,27.951523,0
85.865664,27.951528,0
85.865668,27.951534,0
85.86567,27.95154,0
85.865674,27.951545,0
85.86568,27.951552,0
85.865683,27.95156,0
85.865684,27.951568,0
85.865688,27.951575,0
85.86569,27.951583,0
85.86569,27.951591,0
85.865692,27.951601,0
85.865693,27.951624,0
85.865693,27.951639,0
85.865687,27.951654,0
85.865687,27.951662,0
85.865692,27.951681,0
85.865695,27.95169,0
85.865699,27.9517,0
85.8657,27.951708,0
85.865703,27.951716,0
85.865707,27.951724,0
85.865709,27.951731,0
85.86571,27.951739,0
85.86571,27.951745,0
85.86571,27.951752,0
85.865711,27.95176,0
85.865716,27.951767,0
85.865721,27.951776,0
85.865725,27.951783,0
85.865729,27.95179,0
85.865734,27.951797,0
85.865738,27.951804,0
85.865742,27.951812,0
85.865747,27.95182,0
85.865748,27.951829,0
85.865748,27.951837,0
85.865746,27.951845,0
85.865743,27.951854,0
85.865741,27.951863,0
85.865738,27.951871,0
85.865728,27.951892,0
85.865722,27.951901,0
85.865718,27.951911,0
85.865716,27.951921,0
85.865716,27.951932,0
85.865719,27.951939,0
85.865721,27.951945,0
85.865725,27.951955,0
85.865728,27.951973,0
85.865729,27.951981,0
85.865731,27.951992,0
85.865732,27.952005,0
85.865733,27.952009,0
85.865734,27.952014,0
85.865739,27.952041,0
85.865742,27.952051,0
85.865744,27.952063,0
85.865749,27.952075,0
85.865754,27.952087,0
85.865757,27.952095,0
85.865758,27.952115,0
85.86576,27.952127,0
85.865764,27.952137,0
85.865767,27.95215,0
85.865767,27.952164,0
85.865765,27.952193,0
85.865765,27.952203,0
85.865764,27.952213,0
85.865764,27.952223,0
85.865763,27.952233,0
85.865764,27.952242,0
85.865765,27.95225,0
85.86577,27.95227,0
85.865778,27.952302,0
85.865787,27.952316,0
85.865809,27.952322,0
85.865825,27.952323,0
85.865852,27.952317,0
85.865866,27.952326,0
85.865877,27.952339,0
85.865886,27.952353,0
85.865894,27.95237,0
85.865897,27.952387,0
85.865886,27.952415,0
85.865889,27.952429,0
85.865889,27.952431,0
85.86589,27.952432,0
85.86589,27.952434,0
85.86589,27.952436,0
85.865891,27.952438,0
85.865891,27.952439,0
85.865891,27.952441,0
85.865892,27.952443,0
85.865892,27.952445,0
85.865892,27.952446,0
85.865893,27.952448,0
85.865893,27.95245,0
85.865893,27.952452,0
85.865894,27.952453,0
85.865898,27.952463,0
85.865905,27.952479,0
85.865909,27.952488,0
85.865911,27.952498,0
85.865914,27.95251,0
85.865916,27.952519,0
85.865919,27.952535,0
85.86592,27.952545,0
85.865918,27.952556,0
85.865917,27.952569,0
85.865919,27.952589,0
85.865921,27.952596,0
85.865923,27.952603,0
85.865926,27.952611,0
85.865928,27.952618,0
85.86593,27.952625,0
85.86593,27.952644,0
85.865933,27.952649,0
85.865941,27.952656,0
85.865953,27.952672,0
85.865958,27.952681,0
85.865961,27.952689,0
85.865967,27.952698,0
85.865984,27.952712,0
85.865995,27.952718,0
85.866003,27.952724,0
85.866013,27.952729,0
85.866026,27.952734,0
85.866037,27.952742,0
85.866045,27.952748,0
85.866052,27.952755,0
85.866071,27.952769,0
85.866079,27.952781,0
85.866082,27.95279,0
85.866086,27.952798,0
85.86609,27.952807,0
85.866097,27.952817,0
85.866102,27.952826,0
85.866108,27.952834,0
85.866115,27.952843,0
85.866125,27.952854,0
85.866132,27.952866,0
85.866136,27.952879,0
85.866136,27.952888,0
85.866136,27.952898,0
85.866137,27.952918,0
85.866137,27.952923,0
85.866138,27.952928,0
85.866141,27.952947,0
85.866146,27.952967,0
85.866149,27.952973,0
85.866154,27.95298,0
85.866156,27.952989,0
85.866149,27.952988,0
85.866138,27.952981,0
85.86613,27.952988,0
85.866134,27.952997,0
85.866138,27.953007,0
85.866139,27.953022,0
85.866138,27.953032,0
85.866136,27.953039,0
85.866133,27.953046,0
85.866131,27.953055,0
85.866127,27.953064,0
85.866123,27.953073,0
85.866119,27.953082,0
85.866114,27.953092,0
85.866111,27.953103,0
85.866108,27.953113,0
85.866102,27.953124,0
85.866094,27.953132,0
85.866088,27.953139,0
85.866086,27.953145,0
85.866083,27.953151,0
85.866079,27.95316,0
85.866076,27.953166,0
85.866073,27.953172,0
85.866073,27.953175,0
85.866069,27.953177,0
85.866065,27.953178,0
85.86606,27.953181,0
85.866056,27.953186,0
85.866042,27.953193,0
85.866032,27.953203,0
85.86602,27.95321,0
85.866013,27.953219,0
85.866008,27.953231,0
85.866001,27.953253,0
85.865993,27.953262,0
85.865985,27.953268,0
85.865979,27.953278,0
85.865976,27.953287,0
85.865968,27.953296,0
85.865959,27.953303,0
85.865947,27.953313,0
85.86594,27.953322,0
85.865936,27.953332,0
85.865932,27.953342,0
85.865928,27.953352,0
85.865925,27.953362,0
85.865919,27.953374,0
85.865912,27.953383,0
85.865904,27.953393,0
85.8659,27.953401,0
85.865895,27.95341,0
85.865888,27.953418,0
85.865877,27.953431,0
85.865873,27.953437,0
85.865867,27.953443,0
85.86586,27.953452,0
85.865852,27.95346,0
85.86584,27.953467,0
85.865832,27.953472,0
85.865822,27.95348,0
85.865814,27.953488,0
85.865801,27.953508,0
85.865796,27.953516,0
85.865787,27.953523,0
85.865779,27.953528,0
85.865767,27.953541,0
85.865758,27.953547,0
85.865747,27.953555,0
85.865733,27.953574,0
85.865723,27.953591,0
85.865722,27.9536,0
85.86572,27.953612,0
85.865718,27.953621,0
85.865713,27.95363,0
85.865708,27.953639,0
85.865705,27.953648,0
85.865708,27.953661,0
85.86571,27.95367,0
85.865713,27.953682,0
85.865715,27.953694,0
85.865718,27.953707,0
85.86572,27.953721,0
85.865723,27.953736,0
85.865725,27.953749,0
85.865725,27.95376,0
85.865724,27.953773,0
85.865716,27.953784,0
85.865695,27.953798,0
85.865689,27.953801,0
85.865685,27.953801,0
85.865679,27.953799,0
85.865674,27.953804,0
85.865663,27.953819,0
85.865661,27.95383,0
85.86566,27.95384,0
85.865662,27.953865,0
85.865667,27.953879,0
85.865667,27.953893,0
85.865658,27.953907,0
85.865659,27.953909,0
85.865657,27.95391,0
85.865655,27.953911,0
85.865655,27.953913,0
85.865656,27.953914,0
85.865658,27.953915,0
85.865659,27.953916,0
85.865661,27.953915,0
85.865661,27.953913,0
85.86566,27.953909,0
85.86566,27.953907,0
85.865667,27.953908,0
85.865675,27.953911,0
85.865675,27.95392,0
85.865667,27.953923,0
85.865657,27.953924,0
85.865645,27.953927,0
85.865636,27.95393,0
85.865626,27.953937,0
85.865619,27.953946,0
85.865612,27.953953,0
85.865604,27.953962,0
85.865597,27.953973,0
85.865586,27.95398,0
85.865572,27.953985,0
85.865564,27.95399,0
85.865565,27.954,0
85.865571,27.954008,0
85.865574,27.95402,0
85.865552,27.954053,0
85.865541,27.954062,0
85.865537,27.954065,0
85.865534,27.954067,0
85.865532,27.954069,0
85.865528,27.954071,0
85.865526,27.954074,0
85.865527,27.954077,0
85.865529,27.954078,0
85.865529,27.954077,0
85.86553,27.954078,0
85.865529,27.954081,0
85.865527,27.954088,0
85.865526,27.954092,0
85.865524,27.954096,0
85.865519,27.954105,0
85.865513,27.954109,0
85.86551,27.954112,0
85.865508,27.954114,0
85.865508,27.954118,0
85.865512,27.954119,0
85.865522,27.954122,0
85.865522,27.954127,0
85.865517,27.954131,0
85.865509,27.954136,0
85.865507,27.954147,0
85.865512,27.954153,0
85.865515,27.954159,0
85.865515,27.954164,0
85.865507,27.954172,0
85.86549,27.954177,0
85.865472,27.95418,0
85.86546,27.954187,0
85.865461,27.954196,0
85.865468,27.954204,0
85.865475,27.954211,0
85.865482,27.954213,0
85.865493,27.954216,0
85.865502,27.95422,0
85.865512,27.954224,0
85.865526,27.954226,0
85.865539,27.954231,0
85.865535,27.954244,0
85.865526,27.954247,0
85.865516,27.954249,0
85.865506,27.954253,0
85.865493,27.954258,0
85.865484,27.954264,0
85.865476,27.95428,0
85.865481,27.954288,0
85.865492,27.954298,0
85.865498,27.954309,0
85.865493,27.954329,0
85.865494,27.954338,0
85.865494,27.954348,0
85.865489,27.954356,0
85.865483,27.954364,0
85.86548,27.95437,0
85.865484,27.954373,0
85.865492,27.954378,0
85.865492,27.954385,0
85.865486,27.954394,0
85.865482,27.954403,0
85.865478,27.954412,0
85.86548,27.954427,0
85.865476,27.954436,0
85.865469,27.954445,0
85.865464,27.954452,0
85.86546,27.954457,0
85.86545,27.95446,0
85.865447,27.954465,0
85.865445,27.954478,0
85.865437,27.954485,0
85.865435,27.954501,0
85.865434,27.95451,0
85.865432,27.954517,0
85.865429,27.954526,0
85.865426,27.954535,0
85.865427,27.954547,0
85.865426,27.954557,0
85.865425,27.954567,0
85.865423,27.954575,0
85.865417,27.954585,0
85.865412,27.954593,0
85.865401,27.954598,0
85.865389,27.954602,0
85.865377,27.954604,0
85.865363,27.954608,0
85.865346,27.954612,0
85.865332,27.954619,0
85.865326,27.954622,0
85.865307,27.95463,0
85.865282,27.954647,0
85.865268,27.954658,0
85.865266,27.954661,0
85.865264,27.954664,0
85.865262,27.954667,0
85.86526,27.95467,0
85.865259,27.954674,0
85.865257,27.954677,0
85.865255,27.95468,0
85.865253,27.954683,0
85.865251,27.954686,0
85.865249,27.954689,0
85.865238,27.9547,0
85.865229,27.95471,0
85.865225,27.954718,0
85.865224,27.954726,0
85.86522,27.954734,0
85.865215,27.954744,0
85.86521,27.954754,0
85.865207,27.954763,0
85.865204,27.954771,0
85.865202,27.954779,0
85.865202,27.954786,0
85.865203,27.954795,0
85.865204,27.954801,0
85.865205,27.954807,0
85.865203,27.954812,0
85.865202,27.954825,0
85.865201,27.954833,0
85.865201,27.954841,0
85.865199,27.954847,0
85.865197,27.954854,0
85.865199,27.954862,0
85.8652,27.954869,0
85.8652,27.954877,0
85.865198,27.954886,0
85.865195,27.954893,0
85.865188,27.9549,0
85.865181,27.954907,0
85.865165,27.95492,0
85.865156,27.954927,0
85.865144,27.954942,0
85.865138,27.954951,0
85.865133,27.954959,0
85.865129,27.954968,0
85.865126,27.954977,0
85.865123,27.954985,0
85.86512,27.954994,0
85.865115,27.955003,0
85.865108,27.955012,0
85.865103,27.95502,0
85.865098,27.955029,0
85.865092,27.955038,0
85.865088,27.955047,0
85.865081,27.955056,0
85.865073,27.955064,0
85.865063,27.955073,0
85.86505,27.955082,0
85.865039,27.95509,0
85.865032,27.955096,0
85.865026,27.955101,0
85.86502,27.955106,0
85.865017,27.95511,0
85.865014,27.955112,0
85.865011,27.955114,0
85.865007,27.955116,0
85.865005,27.955118,0
85.865001,27.955121,0
85.864998,27.955123,0
85.864993,27.955126,0
85.864989,27.955127,0
85.864988,27.955129,0
85.864988,27.955131,0
85.864989,27.955133,0
85.864995,27.955138,0
85.864995,27.955135,0
85.864992,27.95513,0
85.864988,27.95512,0
85.864982,27.955114,0
85.864975,27.955114,0
85.86497,27.955116,0
85.864966,27.955122,0
85.864964,27.95513,0
85.864961,27.955139,0
85.86496,27.955147,0
85.864955,27.955153,0
85.864948,27.95516,0
85.864941,27.955165,0
85.864933,27.955172,0
85.864926,27.955179,0
85.86492,27.955184,0
85.864911,27.955188,0
85.864902,27.955192,0
85.864896,27.955198,0
85.864891,27.955203,0
85.864884,27.955206,0
85.864876,27.955211,0
85.86487,27.955218,0
85.864864,27.955225,0
85.864857,27.955235,0
85.864852,27.955243,0
85.864846,27.955252,0
85.864839,27.95526,0
85.864834,27.955267,0
85.864828,27.955275,0
85.864822,27.955282,0
85.864813,27.955293,0
85.864804,27.9553,0
85.864795,27.95531,0
85.864785,27.95532,0
85.86478,27.955328,0
85.864772,27.955347,0
85.864767,27.955359,0
85.864764,27.955371,0
85.86476,27.955381,0
85.864754,27.95539,0
85.864746,27.9554,0
85.86473,27.955416,0
85.864723,27.955424,0
85.864717,27.955431,0
85.864712,27.955443,0
85.864709,27.955453,0
85.864707,27.955478,0
85.864708,27.955487,0
85.864704,27.955499,0
85.864697,27.95551,0
85.864693,27.955515,0
85.864677,27.955527,0
85.864656,27.955543,0
85.864649,27.955553,0
85.864644,27.955564,0
85.864643,27.955576,0
85.864644,27.955597,0
85.864648,27.955605,0
85.864652,27.955612,0
85.86466,27.955632,0
85.864661,27.955641,0
85.864661,27.955649,0
85.864664,27.955671,0
85.864663,27.955681,0
85.864661,27.955692,0
85.86466,27.9557,0
85.864658,27.955712,0
85.864666,27.955734,0
85.864669,27.955744,0
85.864666,27.955753,0
85.86466,27.955762,0
85.864653,27.955771,0
85.864648,27.95578,0
85.864648,27.95579,0
85.864646,27.9558,0
85.864644,27.955808,0
85.86464,27.955818,0
85.864636,27.955825,0
85.864633,27.955834,0
85.864627,27.955845,0
85.864617,27.955854,0
85.864609,27.955864,0
85.864608,27.955875,0
85.864604,27.955887,0
85.864604,27.955898,0
85.864609,27.955907,0
85.864615,27.955931,0
85.864622,27.955942,0
85.864644,27.955957,0
85.864654,27.955965,0
85.86466,27.955972,0
85.864666,27.955978,0
85.864679,27.955997,0
85.864682,27.956004,0
85.864686,27.956011,0
85.864686,27.956033,0
85.864668,27.956041,0
85.864651,27.956045,0
85.864647,27.956047,0
85.864644,27.95605,0
85.86464,27.956052,0
85.864636,27.956054,0
85.864633,27.956056,0
85.864629,27.956059,0
85.864626,27.956061,0
85.864622,27.956063,0
85.864618,27.956065,0
85.864615,27.956068,0
85.864613,27.956069,0
85.864617,27.956073,0
85.864619,27.956082,0
85.864633,27.956105,0
85.864633,27.956108,0
85.864639,27.956115,0
85.864647,27.956123,0
85.864654,27.956134,0
85.864657,27.956142,0
85.86466,27.956145,0
85.864663,27.956146,0
85.864669,27.956142,0
85.864671,27.95614,0
85.864671,27.956145,0
85.86467,27.95615,0
85.864673,27.956159,0
85.864682,27.956174,0
85.864688,27.956183,0
85.864687,27.956191,0
85.864686,27.956199,0
85.864682,27.956206,0
85.864677,27.956213,0
85.864668,27.956221,0
85.86466,27.956228,0
85.864651,27.956233,0
85.864643,27.956239,0
85.864635,27.956247,0
85.864624,27.956263,0
85.864617,27.956271,0
85.864609,27.956281,0
85.864605,27.95629,0
85.864602,27.956301,0
85.864592,27.95631,0
85.864585,27.956318,0
85.864578,27.956325,0
85.864568,27.95634,0
85.864568,27.956346,0
85.864566,27.956355,0
85.864566,27.956362,0
85.864568,27.956369,0
85.864571,27.956376,0
85.864577,27.956382,0
85.864583,27.956388,0
85.864583,27.956398,0
85.864578,27.956406,0
85.864569,27.956413,0
85.86456,27.956424,0
85.864559,27.956433,0
85.864557,27.956441,0
85.864561,27.956461,0
85.864562,27.956473,0
85.864563,27.95648,0
85.864563,27.956485,0
85.864568,27.956489,0
85.86457,27.956492,0
85.86457,27.956495,0
85.864572,27.956493,0
85.864579,27.956487,0
85.86458,27.956484,0
85.864577,27.956483,0
85.864574,27.956484,0
85.864572,27.956491,0
85.864572,27.9565,0
85.864573,27.956513,0
85.864571,27.956537,0
85.864568,27.956545,0
85.864564,27.956549,0
85.86456,27.956549,0
85.864557,27.95655,0
85.86455,27.95655,0
85.864546,27.956551,0
85.864556,27.95655,0
85.86456,27.956558,0
85.864561,27.956568,0
85.864563,27.956578,0
85.864564,27.956587,0
85.864564,27.956599,0
85.864563,27.956609,0
85.864561,27.956619,0
85.864561,27.95663,0
85.864562,27.956639,0
85.86456,27.956648,0
85.864556,27.956658,0
85.864551,27.956673,0
85.864547,27.956682,0
85.86454,27.956699,0
85.86454,27.956707,0
85.864544,27.956715,0
85.864547,27.956724,0
85.864549,27.956732,0
85.864549,27.95674,0
85.864548,27.956751,0
85.864548,27.95677,0
85.864547,27.95678,0
85.864547,27.956791,0
85.864548,27.956801,0
85.864553,27.956815,0
85.864558,27.956822,0
85.86457,27.956835,0
85.864576,27.956844,0
85.864579,27.956851,0
85.864582,27.95686,0
85.864584,27.956866,0
85.864584,27.956871,0
85.864582,27.956879,0
85.864577,27.956894,0
85.864575,27.956902,0
85.864573,27.956909,0
85.864571,27.956925,0
85.864569,27.956934,0
85.864567,27.956946,0
85.864564,27.956954,0
85.864562,27.956962,0
85.864554,27.956982,0
85.864551,27.956993,0
85.864549,27.957004,0
85.864543,27.957017,0
85.864539,27.957029,0
85.864535,27.957041,0
85.864533,27.957045,0
85.86453,27.957049,0
85.864526,27.957054,0
85.864525,27.957057,0
85.864523,27.957059,0
85.864522,27.957061,0
85.864521,27.957063,0
85.86452,27.957065,0
85.864518,27.957066,0
85.864516,27.957069,0
85.864513,27.957075,0
85.86451,27.957079,0
85.864508,27.957082,0
85.864505,27.957085,0
85.864501,27.957089,0
85.864497,27.957095,0
85.864494,27.957099,0
85.864492,27.957103,0
85.86449,27.957108,0
85.864486,27.957117,0
85.864486,27.957121,0
85.864485,27.957124,0
85.864483,27.957126,0
85.864482,27.957127,0
85.864481,27.957129,0
85.864479,27.957133,0
85.864475,27.957138,0
85.864472,27.957142,0
85.864467,27.957147,0
85.864464,27.95715,0
85.864463,27.957151,0
85.864461,27.957153,0
85.86446,27.957154,0
85.864459,27.957155,0
85.864457,27.957154,0
85.864457,27.957156,0
85.864455,27.95716,0
85.864452,27.957164,0
85.864449,27.957169,0
85.864446,27.957173,0
85.864443,27.957178,0
85.864442,27.957183,0
85.86444,27.957187,0
85.864436,27.957193,0
85.864431,27.957199,0
85.864426,27.957203,0
85.864422,27.95721,0
85.864415,27.957219,0
85.864412,27.957225,0
85.864408,27.95723,0
85.864404,27.957234,0
85.8644,27.957238,0
85.864397,27.957241,0
85.864392,27.957243,0
85.864388,27.957248,0
85.864385,27.957251,0
85.864381,27.957254,0
85.864377,27.957258,0
85.864374,27.95726,0
85.864369,27.957263,0
85.864364,27.957267,0
85.864352,27.957274,0
85.864344,27.957278,0
85.864339,27.957281,0
85.864338,27.957285,0
85.864339,27.957292,0
85.86434,27.957299,0
85.864339,27.957308,0
85.864337,27.957315,0
85.864332,27.957321,0
85.864322,27.957332,0
85.864318,27.957338,0
85.864314,27.957344,0
85.864311,27.95735,0
85.864306,27.957358,0
85.8643,27.957376,0
85.864299,27.957385,0
85.864298,27.957389,0
85.864298,27.957391,0
85.864298,27.957392,0
85.864299,27.957393,0
85.864299,27.957392,0
85.864296,27.957391,0
85.864293,27.957393,0
85.864293,27.957397,0
85.864291,27.957404,0
85.864288,27.957411,0
85.864286,27.957419,0
85.864286,27.957425,0
85.864289,27.957428,0
85.864291,27.95743,0
85.86429,27.957432,0
85.86429,27.957433,0
85.86429,27.957434,0
85.864291,27.957435,0
85.864291,27.957436,0
85.86429,27.957437,0
85.864291,27.957438,0
85.864291,27.957439,0
85.864291,27.95744,0
85.864291,27.957442,0
85.864292,27.957443,0
85.864293,27.957444,0
85.864294,27.957445,0
85.864295,27.957445,0
85.864295,27.957446,0
85.864296,27.957446,0
85.864297,27.957446,0
85.864299,27.957446,0
85.8643,27.957446,0
85.864302,27.957446,0
85.864303,27.957446,0
85.864304,27.957446,0
85.864305,27.957445,0
85.864306,27.957445,0
85.864306,27.957444,0
85.864306,27.957445,0
85.864307,27.957444,0
85.864309,27.957444,0
85.864308,27.957444,0
85.864307,27.957444,0
85.864308,27.957444,0
85.864306,27.957444,0
85.864307,27.957444,0
85.864306,27.957444,0
85.864307,27.957444,0
85.864307,27.957443,0
85.864307,27.957444,0
85.864307,27.957443,0
85.864308,27.957443,0
85.864308,27.957442,0
85.864308,27.957441,0
85.864307,27.957441,0
85.864307,27.95744,0
85.864307,27.957439,0
85.864306,27.957439,0
85.864306,27.957438,0
85.864306,27.957437,0
85.864306,27.957436,0
85.864305,27.957436,0
85.864305,27.957435,0
85.864305,27.957434,0
85.864306,27.957434,0
85.864307,27.957434,0
85.864307,27.957433,0
85.864308,27.957433,0
85.864309,27.957433,0
85.86431,27.957433,0
85.864311,27.957433,0
85.864311,27.957432,0
85.864312,27.957432,0
85.864313,27.957433,0
85.864313,27.957434,0
85.864314,27.957434,0
85.864314,27.957435,0
85.864313,27.957435,0
85.864314,27.957435,0
85.864313,27.957436,0
85.864314,27.957437,0
85.864314,27.957438,0
85.864314,27.957437,0
85.864313,27.957437,0
85.864313,27.957438,0
85.864312,27.957438,0
85.864312,27.957439,0
85.864311,27.957439,0
85.864311,27.95744,0
85.864312,27.957441,0
85.864311,27.957443,0
85.864312,27.957443,0
85.864312,27.957444,0
85.864312,27.957445,0
85.864311,27.957446,0
85.86431,27.957446,0
85.864309,27.957447,0
85.864309,27.957448,0
85.864308,27.957448,0
85.864307,27.957449,0
85.864307,27.957448,0
85.864308,27.957448,0
85.864305,27.957447,0
85.864306,27.957447,0
85.864307,27.957448,0
85.864307,27.957449,0
85.864307,27.957448,0
85.864306,27.957447,0
85.864305,27.957447,0
85.864304,27.957446,0
85.864303,27.957446,0
85.864304,27.957445,0
85.864304,27.957444,0
85.864304,27.957443,0
85.864305,27.957441,0
85.864305,27.95744,0
85.864306,27.95744,0
85.864306,27.957439,0
85.864306,27.957438,0
85.864306,27.957437,0
85.864306,27.957438,0
85.864305,27.957438,0
85.864305,27.957437,0
85.864306,27.957438,0
85.864307,27.957439,0
85.864307,27.95744,0
85.864307,27.957441,0
85.864308,27.957441,0
85.864309,27.95744,0
85.864311,27.957439,0
85.864312,27.957438,0
85.864313,27.957438,0
85.864314,27.957437,0
85.864315,27.957438,0
85.864316,27.957438,0
85.864315,27.957438,0
85.864314,27.957439,0
85.864313,27.957439,0
85.864313,27.95744,0
85.864313,27.957441,0
85.864311,27.957441,0
85.86431,27.957442,0
85.86431,27.957443,0
85.864309,27.957443,0
85.864308,27.957443,0
85.864308,27.957444,0
85.864307,27.957445,0
85.864306,27.957445,0
85.864305,27.957446,0
85.864303,27.957447,0
85.864301,27.957447,0
85.8643,27.957446,0
85.864299,27.957446,0
85.864298,27.957446,0
85.864295,27.957444,0
85.864295,27.957442,0
85.864294,27.957441,0
85.864294,27.95744,0
85.864296,27.95744,0
85.864297,27.957438,0
85.864298,27.957436,0
85.864298,27.957434,0
85.864299,27.957433,0
85.8643,27.95743,0
85.864302,27.95743,0
85.864309,27.957429,0
85.864315,27.95743,0
85.864317,27.957435,0
85.864314,27.957438,0
85.864306,27.957438,0
85.864298,27.95744,0
85.86429,27.957443,0
85.864284,27.957446,0
85.864277,27.957452,0
85.864271,27.957459,0
85.864265,27.957467,0
85.864263,27.957473,0
85.864258,27.957481,0
85.864252,27.95749,0
85.864245,27.957499,0
85.864239,27.957508,0
85.864234,27.957517,0
85.864232,27.957527,0
85.864231,27.957538,0
85.864233,27.957553,0
85.864234,27.95756,0
85.864232,27.95757,0
85.864227,27.957579,0
85.864224,27.957587,0
85.864232,27.957579,0
85.86424,27.95758,0
85.864241,27.957588,0
85.864241,27.957594,0
85.86424,27.957603,0
85.864237,27.957611,0
85.864233,27.957627,0
85.864231,27.957635,0
85.86423,27.957642,0
85.864233,27.957655,0
85.864234,27.957672,0
85.864235,27.95768,0
85.864233,27.957685,0
85.864234,27.957695,0
85.864236,27.957703,0
85.864237,27.95771,0
85.864235,27.957719,0
85.864234,27.957729,0
85.864232,27.957748,0
85.864231,27.957756,0
85.864232,27.957765,0
85.864234,27.957775,0
85.864236,27.957787,0
85.864237,27.957797,0
85.864239,27.957806,0
85.864243,27.957823,0
85.864245,27.95783,0
85.864245,27.957838,0
85.864243,27.957848,0
85.864242,27.957855,0
85.864241,27.957866,0
85.86424,27.957876,0
85.864241,27.957888,0
85.864242,27.957897,0
85.864243,27.957905,0
85.864244,27.957912,0
85.864245,27.95792,0
85.864246,27.957927,0
85.864247,27.957935,0
85.864248,27.957957,0
85.86425,27.957968,0
85.864251,27.957976,0
85.864252,27.957985,0
85.864255,27.958006,0
85.864254,27.958018,0
85.864252,27.958027,0
85.864249,27.958036,0
85.864243,27.958054,0
85.864243,27.958066,0
85.864242,27.958077,0
85.864243,27.958087,0
85.864245,27.958096,0
85.864245,27.958102,0
85.864245,27.95811,0
85.864242,27.958124,0
85.86424,27.95813,0
85.864239,27.958136,0
85.864238,27.958141,0
85.864238,27.958148,0
85.864238,27.958155,0
85.864237,27.958167,0
85.864235,27.958176,0
85.864232,27.958182,0
85.864233,27.958185,0
85.864243,27.958182,0
85.864252,27.958181,0
85.864252,27.958187,0
85.864253,27.958196,0
85.864257,27.958205,0
85.864259,27.958219,0
85.86426,27.958227,0
85.86426,27.958235,0
85.864261,27.958257,0
85.864261,27.958271,0
85.86426,27.958285,0
85.864258,27.958298,0
85.864258,27.958302,0
85.864255,27.958304,0
85.864252,27.958307,0
85.864247,27.95831,0
85.864242,27.958315,0
85.864241,27.958316,0
85.864247,27.958313,0
85.864258,27.958316,0
85.864266,27.958331,0
85.864266,27.958332,0
85.864266,27.958333,0
85.864266,27.958334,0
85.864266,27.958335,0
85.864266,27.958336,0
85.864266,27.958337,0
85.864266,27.958338,0
85.864266,27.958339,0
85.864267,27.95834,0
85.864267,27.958341,0
85.864267,27.958342,0
85.864267,27.958343,0
85.864267,27.958344,0
85.864267,27.958345,0
85.864267,27.958346,0
85.864267,27.958347,0
85.864267,27.958348,0
85.864267,27.958349,0
85.864267,27.95835,0
85.864267,27.958351,0
85.864267,27.958352,0
85.864267,27.958353,0
85.864267,27.958354,0
85.864267,27.958355,0
85.864267,27.958356,0
85.864267,27.958357,0
85.864268,27.958358,0
85.864268,27.958359,0
85.864268,27.95836,0
85.864268,27.958361,0
85.864268,27.958362,0
85.864268,27.958363,0
85.864268,27.958364,0
85.864268,27.958365,0
85.864267,27.958372,0
85.864267,27.958388,0
85.864269,27.9584,0
85.864271,27.958414,0
85.864272,27.958432,0
85.864272,27.958433,0
85.864273,27.958434,0
85.864273,27.958435,0
85.864273,27.958437,0
85.864274,27.958438,0
85.864274,27.958439,0
85.864275,27.95844,0
85.864275,27.958441,0
85.864275,27.958442,0
85.864276,27.958444,0
85.864276,27.958445,0
85.864276,27.958446,0
85.864277,27.958447,0
85.864277,27.958448,0
85.864277,27.958449,0
85.864278,27.95845,0
85.864278,27.958452,0
85.864279,27.958453,0
85.864279,27.958454,0
85.864279,27.958455,0
85.86428,27.958456,0
85.86428,27.958457,0
85.86428,27.958458,0
85.864281,27.95846,0
85.864281,27.958461,0
85.864281,27.958462,0
85.864282,27.958463,0
85.864282,27.958464,0
85.864283,27.958465,0
85.864283,27.958467,0
85.864283,27.958468,0
85.864284,27.958469,0
85.864287,27.958473,0
85.864288,27.958478,0
85.86429,27.958486,0
85.864291,27.958504,0
85.864292,27.958513,0
85.864292,27.958524,0
85.864294,27.958536,0
85.864295,27.958546,0
85.864295,27.958568,0
85.864298,27.958579,0
85.8643,27.958587,0
85.864303,27.958604,0
85.864306,27.958614,0
85.86431,27.958623,0
85.864316,27.958631,0
85.864321,27.95864,0
85.864324,27.958649,0
85.864325,27.958659,0
85.864327,27.958668,0
85.864331,27.958676,0
85.864336,27.958686,0
85.86434,27.958695,0
85.864347,27.958716,0
85.864348,27.958727,0
85.864348,27.958737,0
85.864347,27.958746,0
85.864347,27.958753,0
85.864348,27.958762,0
85.864349,27.958769,0
85.864351,27.958777,0
85.864354,27.958785,0
85.864358,27.958793,0
85.864363,27.958801,0
85.864369,27.95881,0
85.864375,27.958821,0
85.864378,27.958831,0
85.864381,27.958849,0
85.864386,27.958863,0
85.86439,27.958874,0
85.864392,27.958883,0
85.864396,27.958894,0
85.864398,27.958906,0
85.864399,27.958915,0
85.864401,27.958931,0
85.864402,27.958939,0
85.864403,27.958948,0
85.864403,27.958957,0
85.864402,27.958969,0
85.864404,27.95898,0
85.864406,27.958991,0
85.864407,27.958998,0
85.864409,27.959004,0
85.86441,27.959011,0
85.864412,27.959028,0
85.864405,27.959051,0
85.864401,27.95906,0
85.864393,27.959069,0
85.864381,27.959088,0
85.864375,27.959098,0
85.86437,27.959108,0
85.864365,27.959116,0
85.864361,27.959122,0
85.864358,27.959129,0
85.864354,27.959135,0
85.864346,27.959149,0
85.864342,27.959158,0
85.864336,27.959167,0
85.864331,27.959173,0
85.864325,27.95918,0
85.86432,27.959196,0
85.864315,27.959205,0
85.864303,27.959218,0
85.864296,27.959224,0
85.86429,27.959231,0
85.864284,27.959239,0
85.864278,27.959248,0
85.864272,27.959258,0
85.864271,27.959267,0
85.864271,27.959275,0
85.864269,27.959297,0
85.864268,27.959304,0
85.864268,27.959312,0
85.864267,27.959319,0
85.864266,27.959326,0
85.864268,27.959342,0
85.864268,27.959351,0
85.864268,27.959359,0
85.864264,27.959368,0
85.86426,27.959378,0
85.864257,27.95939,0
85.864256,27.959401,0
85.864254,27.959413,0
85.864249,27.959425,0
85.864246,27.959435,0
85.864245,27.959445,0
85.864244,27.959458,0
85.864243,27.959471,0
85.864245,27.959477,0
85.864255,27.959507,0
85.864261,27.959519,0
85.864268,27.959527,0
85.86427,27.959535,0
85.864262,27.959538,0
85.864248,27.959541,0
85.864244,27.959549,0
85.864242,27.959556,0
85.864238,27.959566,0
85.864238,27.959577,0
85.864237,27.959589,0
85.864237,27.959597,0
85.864237,27.959604,0
85.864239,27.959625,0
85.864242,27.959631,0
85.864245,27.959637,0
85.864248,27.959643,0
85.864256,27.95966,0
85.864262,27.959672,0
85.864273,27.959697,0
85.864281,27.959707,0
85.864289,27.959713,0
85.864297,27.959718,0
85.864298,27.959722,0
85.86428,27.959726,0
85.864281,27.959736,0
85.864284,27.959746,0
85.864285,27.959756,0
85.864289,27.959767,0
85.864292,27.959776,0
85.864295,27.959786,0
85.864298,27.959795,0
85.864308,27.959815,0
85.864316,27.959824,0
85.864324,27.959833,0
85.864333,27.959842,0
85.864339,27.959852,0
85.864347,27.959862,0
85.864353,27.959873,0
85.864355,27.959886,0
85.864356,27.959898,0
85.864358,27.959909,0
85.864358,27.95992,0
85.864357,27.959928,0
85.864358,27.95994,0
85.864361,27.959952,0
85.864369,27.959967,0
85.864378,27.959979,0
85.864385,27.959992,0
85.8644,27.960014,0
85.864407,27.960023,0
85.864412,27.960034,0
85.864417,27.960046,0
85.864423,27.960055,0
85.86443,27.960064,0
85.864435,27.960072,0
85.864442,27.960083,0
85.864447,27.960094,0
85.864454,27.960117,0
85.864459,27.960129,0
85.864462,27.960143,0
85.864464,27.960157,0
85.864465,27.960172,0
85.864466,27.960185,0
85.864469,27.960207,0
85.86447,27.960218,0
85.864472,27.960229,0
85.864476,27.960242,0
85.864492,27.960266,0
85.864505,27.960276,0
85.864517,27.960286,0
85.864523,27.960292,0
85.86453,27.960299,0
85.864543,27.960317,0
85.864549,27.960324,0
85.864556,27.96033,0
85.864569,27.960346,0
85.864575,27.960354,0
85.864582,27.960365,0
85.864591,27.960374,0
85.864596,27.960379,0
85.86462,27.960405,0
85.864633,27.960414,0
85.864641,27.960425,0
85.864657,27.960451,0
85.864661,27.96046,0
85.864672,27.960489,0
85.864672,27.960497,0
85.864672,27.960526,0
85.86467,27.960541,0
85.864666,27.960556,0
85.864664,27.960571,0
85.864663,27.960589,0
85.864655,27.960613,0
85.864654,27.960621,0
85.864653,27.960624,0
85.864653,27.960625,0
85.864654,27.960625,0
85.864655,27.960625,0
85.864656,27.960625,0
85.864657,27.960625,0
85.864659,27.960623,0
85.864662,27.960621,0
85.864666,27.960618,0
85.864671,27.960615,0
85.864674,27.960614,0
85.864671,27.960614,0
85.864663,27.960616,0
85.864657,27.960622,0
85.864652,27.96063,0
85.864644,27.960637,0
85.864635,27.960646,0
85.864625,27.960654,0
85.864614,27.960661,0
85.864606,27.960671,0
85.864599,27.96069,0
85.8646,27.960704,0
85.864605,27.96071,0
85.864623,27.960722,0
85.864646,27.960723,0
85.864658,27.960717,0
85.864666,27.960709,0
85.864675,27.960701,0
85.864685,27.960696,0
85.864696,27.960692,0
85.86471,27.960691,0
85.864722,27.96069,0
85.864737,27.96069,0
85.864749,27.96069,0
85.864761,27.960691,0
85.864775,27.960692,0
85.86479,27.960692,0
85.864803,27.960689,0
85.864816,27.960686,0
85.864824,27.960681,0
85.864833,27.960676,0
85.864852,27.960664,0
85.864863,27.960657,0
85.864872,27.96065,0
85.864881,27.960641,0
85.864893,27.96063,0
85.864906,27.960623,0
85.864922,27.960615,0
85.864938,27.960608,0
85.864949,27.960601,0
85.864954,27.960593,0
85.864955,27.960589,0
85.864964,27.96058,0
85.864971,27.960576,0
85.864977,27.960571,0
85.864979,27.960571,0
85.864978,27.960571,0
85.864977,27.960571,0
85.864973,27.960569,0
85.864974,27.960567,0
85.864977,27.960568,0
85.864979,27.960569,0
85.864982,27.96057,0
85.864984,27.960569,0
85.864986,27.96057,0
85.864988,27.960571,0
85.864988,27.960573,0
85.864987,27.960577,0
85.864988,27.960581,0
85.86499,27.960587,0
85.864995,27.960594,0
85.865,27.960603,0
85.865002,27.960613,0
85.865002,27.960621,0
85.865003,27.960629,0
85.865003,27.960634,0
85.865005,27.960637,0
85.865009,27.96064,0
85.865013,27.960647,0
85.865013,27.960653,0
85.865011,27.960659,0
85.865007,27.960669,0
85.865002,27.960678,0
85.864998,27.960688,0
85.865001,27.960698,0
85.865002,27.960708,0
85.865001,27.96072,0
85.865001,27.960731,0
85.865008,27.960748,0
85.86501,27.960758,0
85.865017,27.960775,0
85.865021,27.960783,0
85.865023,27.96079,0
85.865023,27.960799,0
85.865025,27.960809,0
85.865027,27.960818,0
85.86503,27.960828,0
85.865031,27.960839,0
85.865031,27.960847,0
85.865035,27.960856,0
85.865043,27.960875,0
85.865046,27.960885,0
85.865053,27.960902,0
85.865055,27.96091,0
85.865062,27.960916,0
85.865065,27.960933,0
85.865065,27.960946,0
85.865059,27.960965,0
85.865058,27.960975,0
85.865057,27.960989,0
85.865055,27.961002,0
85.865054,27.961013,0
85.865054,27.961026,0
85.865056,27.961048,0
85.865048,27.96106,0
85.865037,27.961065,0
85.86503,27.961071,0
85.865022,27.961076,0
85.865007,27.961093,0
85.864999,27.961103,0
85.864991,27.961112,0
85.864983,27.961122,0
85.864978,27.961132,0
85.864973,27.961144,0
85.86497,27.961154,0
85.864967,27.961162,0
85.864965,27.96117,0
85.864958,27.96119,0
85.864955,27.961198,0
85.864951,27.961207,0
85.864944,27.961227,0
85.864941,27.961238,0
85.864941,27.961247,0
85.864945,27.961257,0
85.864951,27.961265,0
85.864959,27.961273,0
85.864972,27.961291,0
85.864977,27.961299,0
85.864983,27.961306,0
85.864992,27.961327,0
85.864997,27.961336,0
85.865004,27.961346,0
85.865009,27.961356,0
85.865014,27.961367,0
85.865017,27.961373,0
85.865019,27.961379,0
85.865022,27.961384,0
85.865028,27.961403,0
85.865034,27.961415,0
85.865046,27.961425,0
85.86505,27.96143,0
85.865054,27.961435,0
85.865058,27.961441,0
85.865062,27.961446,0
85.865066,27.961451,0
85.86507,27.961456,0
85.865082,27.961467,0
85.865089,27.96148,0
85.865089,27.961498,0
85.86509,27.961507,0
85.865092,27.961525,0
85.865093,27.961534,0
85.865099,27.961552,0
85.865103,27.961562,0
85.865106,27.961573,0
85.865106,27.961579,0
85.865106,27.961583,0
85.865102,27.961579,0
85.86511,27.961574,0
85.865118,27.961577,0
85.865126,27.961582,0
85.865133,27.961588,0
85.865142,27.961601,0
85.865146,27.961608,0
85.865149,27.961616,0
85.865153,27.961624,0
85.865154,27.961633,0
85.865155,27.961642,0
85.865158,27.961649,0
85.86516,27.961657,0
85.865163,27.961664,0
85.865163,27.961672,0
85.865164,27.961681,0
85.865182,27.961681,0
85.865192,27.961685,0
85.865199,27.961698,0
85.865208,27.961704,0
85.865212,27.961712,0
85.865215,27.961724,0
85.865216,27.961737,0
85.865213,27.961752,0
85.865197,27.961772,0
85.865195,27.961784,0
85.865195,27.961793,0
85.865195,27.961802,0
85.865197,27.961813,0
85.865203,27.961822,0
85.865211,27.96183,0
85.865223,27.961844,0
85.865234,27.961856,0
85.865241,27.961869,0
85.865246,27.961884,0
85.865258,27.961918,0
85.865275,27.961937,0
85.865281,27.961943,0
85.865283,27.961945,0
85.865281,27.961943,0
85.865278,27.961941,0
85.865276,27.961939,0
85.865274,27.961937,0
85.865272,27.961936,0
85.865271,27.961936,0
85.865275,27.96194,0
85.865277,27.961945,0
85.865279,27.961952,0
85.865283,27.96196,0
85.865289,27.961965,0
85.865299,27.961971,0
85.865306,27.961978,0
85.865315,27.961985,0
85.865322,27.96199,0
85.865344,27.962007,0
85.865354,27.962018,0
85.865367,27.962029,0
85.865377,27.962043,0
85.865385,27.962056,0
85.865392,27.96207,0
85.865406,27.962093,0
85.865411,27.962106,0
85.865417,27.962119,0
85.86542,27.962129,0
85.865423,27.962138,0
85.865425,27.962147,0
85.865428,27.962158,0
85.865432,27.962168,0
85.865434,27.96218,0
85.865434,27.962188,0
85.865435,27.962196,0
85.865431,27.962217,0
85.865423,27.962233,0
85.865416,27.962248,0
85.865414,27.962269,0
85.865423,27.962281,0
85.865437,27.962278,0
85.865445,27.962272,0
85.865444,27.962268,0
85.865451,27.962267,0
85.865456,27.962271,0
85.865462,27.962275,0
85.865469,27.962279,0
85.86548,27.962292,0
85.865483,27.962302,0
85.865487,27.962309,0
85.865491,27.962316,0
85.865496,27.962333,0
85.8655,27.962341,0
85.86551,27.962353,0
85.865514,27.962363,0
85.865513,27.962384,0
85.865514,27.962394,0
85.86552,27.96241,0
85.865521,27.962417,0
85.865522,27.962424,0
85.865529,27.962433,0
85.865538,27.962447,0
85.865545,27.962462,0
85.865552,27.962466,0
85.865564,27.962483,0
85.865567,27.962502,0
85.865574,27.962512,0
85.865577,27.962523,0
85.865577,27.962533,0
85.865568,27.962554,0
85.865565,27.962562,0
85.865569,27.962582,0
85.865562,27.962591,0
85.865555,27.962599,0
85.865557,27.962604,0
85.865564,27.962613,0
85.865569,27.962621,0
85.865571,27.962633,0
85.865569,27.962641,0
85.865567,27.962648,0
85.86556,27.962669,0
85.865561,27.962681,0
85.865559,27.962701,0
85.865561,27.96271,0
85.865565,27.962722,0
85.865568,27.962731,0
85.865574,27.962743,0
85.865577,27.962753,0
85.865579,27.962762,0
85.86558,27.962774,0
85.865578,27.962786,0
85.865569,27.962807,0
85.865568,27.962816,0
85.865568,27.962826,0
85.865571,27.962845,0
85.865571,27.962857,0
85.865571,27.962865,0
85.86557,27.962873,0
85.865571,27.962893,0
85.865569,27.962906,0
85.865568,27.962916,0
85.865568,27.962926,0
85.865566,27.962938,0
85.865564,27.96295,0
85.865563,27.96297,0
85.865563,27.96298,0
85.865565,27.96299,0
85.865566,27.962999,0
85.865568,27.96301,0
85.865571,27.963024,0
85.865572,27.96303,0
85.865574,27.963061,0
85.865571,27.963069,0
85.865569,27.963078,0
85.865561,27.963099,0
85.865552,27.96311,0
85.865542,27.963122,0
85.865535,27.963134,0
85.865514,27.963154,0
85.8655,27.963164,0
85.865486,27.963169,0
85.865467,27.963172,0
85.865448,27.96317,0
85.865435,27.963168,0
85.865412,27.96317,0
85.865399,27.963174,0
85.865382,27.963177,0
85.865374,27.963185,0
85.865376,27.963191,0
85.865378,27.963197,0
85.865378,27.963205,0
85.865376,27.963218,0
85.865373,27.963229,0
85.865375,27.963256,0
85.865375,27.963264,0
85.865374,27.963271,0
85.865375,27.963292,0
85.865381,27.963303,0
85.865383,27.963316,0
85.865383,27.963328,0
85.865381,27.963336,0
85.865378,27.963345,0
85.865372,27.963365,0
85.865357,27.963392,0
85.865349,27.963408,0
85.865347,27.963423,0
85.86534,27.963457,0
85.865338,27.963477,0
85.865341,27.963493,0
85.865342,27.963494,0
85.865343,27.963496,0
85.865344,27.963497,0
85.865345,27.963498,0
85.865346,27.9635,0
85.865347,27.963501,0
85.865349,27.963502,0
85.86535,27.963504,0
85.865351,27.963505,0
85.865352,27.963506,0
85.865353,27.963508,0
85.865354,27.963509,0
85.865355,27.96351,0
85.865356,27.963512,0
85.865357,27.963513,0
85.865358,27.963514,0
85.865359,27.963516,0
85.86536,27.963517,0
85.865362,27.963518,0
85.865363,27.96352,0
85.865364,27.963521,0
85.865365,27.963522,0
85.865366,27.963524,0
85.865359,27.963529,0
85.86535,27.963534,0
85.865339,27.96354,0
85.86533,27.963546,0
85.865322,27.96355,0
85.865311,27.963554,0
85.865301,27.963558,0
85.865292,27.963566,0
85.865284,27.963575,0
85.865275,27.963581,0
85.865266,27.963588,0
85.865258,27.963596,0
85.865251,27.963607,0
85.865245,27.963618,0
85.865237,27.963625,0
85.865218,27.963643,0
85.865212,27.963644,0
85.865211,27.963643,0
85.865205,27.963649,0
85.865199,27.963657,0
85.865193,27.963665,0
85.865186,27.963672,0
85.865181,27.963679,0
85.865175,27.963686,0
85.865166,27.963693,0
85.86516,27.963699,0
85.865154,27.963703,0
85.865145,27.963708,0
85.865128,27.963719,0
85.86512,27.963726,0
85.865112,27.963732,0
85.865099,27.963737,0
85.865087,27.963742,0
85.865075,27.963749,0
85.865066,27.963755,0
85.865055,27.963763,0
85.86505,27.963767,0
85.865035,27.96378,0
85.865012,27.963796,0
85.865002,27.963803,0
85.86499,27.963808,0
85.864979,27.963815,0
85.864966,27.963825,0
85.864958,27.963833,0
85.86495,27.963842,0
85.864942,27.963851,0
85.864935,27.963863,0
85.864929,27.963875,0
85.864921,27.963891,0
85.864912,27.963905,0
85.864901,27.963919,0
85.864891,27.963932,0
85.864887,27.963937,0
85.864863,27.96396,0
85.86485,27.963968,0
85.864836,27.963975,0
85.864827,27.963979,0
85.864792,27.963993,0
85.864784,27.963997,0
85.864782,27.964,0
85.86478,27.964001,0
85.86478,27.964002,0
85.864779,27.964005,0
85.864779,27.964006,0
85.864779,27.964008,0
85.864779,27.964009,0
85.864778,27.96401,0
85.864776,27.964011,0
85.864776,27.964012,0
85.864774,27.964013,0
85.864772,27.964014,0
85.86477,27.964015,0
85.864768,27.964016,0
85.864767,27.964016,0
85.864766,27.964017,0
85.864765,27.964016,0
85.864764,27.964015,0
85.864765,27.964014,0
85.864765,27.964012,0
85.864765,27.964008,0
85.864765,27.964003,0
85.864766,27.963999,0
85.864771,27.963997,0
85.864777,27.964001,0
85.864779,27.964009,0
85.864774,27.964018,0
85.864769,27.964026,0
85.864766,27.964036,0
85.864762,27.964047,0
85.864758,27.964056,0
85.864751,27.964065,0
85.864742,27.964069,0
85.864733,27.964071,0
85.864725,27.96407,0
85.864711,27.964069,0
85.864697,27.964068,0
85.864683,27.964069,0
85.864671,27.964075,0
85.864659,27.964082,0
85.864649,27.964088,0
85.864627,27.964099,0
85.864615,27.964102,0
85.864603,27.964103,0
85.86459,27.964105,0
85.864581,27.964107,0
85.864571,27.964109,0
85.86455,27.964114,0
85.864542,27.964115,0
85.864533,27.964116,0
85.864509,27.96412,0
85.864496,27.964128,0
85.864486,27.964139,0
85.864485,27.96414,0
85.864484,27.964141,0
85.864484,27.964143,0
85.864483,27.964144,0
85.864482,27.964145,0
85.864481,27.964146,0
85.86448,27.964147,0
85.864479,27.964148,0
85.864479,27.96415,0
85.864478,27.964151,0
85.864477,27.964152,0
85.864476,27.964153,0
85.864475,27.964154,0
85.864474,27.964155,0
85.864474,27.964157,0
85.864473,27.964158,0
85.864472,27.964159,0
85.864471,27.96416,0
85.86447,27.964161,0
85.864469,27.964162,0
85.864469,27.964164,0
85.864468,27.964165,0
85.864467,27.964171,0
85.864462,27.964181,0
85.864455,27.96418,0
85.864432,27.964179,0
85.864427,27.964181,0
85.864422,27.964183,0
85.864417,27.964184,0
85.864412,27.964186,0
85.864407,27.964188,0
85.864402,27.96419,0
85.864397,27.964191,0
85.86439,27.964196,0
85.864387,27.964197,0
85.864383,27.964198,0
85.864377,27.964199,0
85.864363,27.964196,0
85.86435,27.964191,0
85.864337,27.964185,0
85.864327,27.964183,0
85.86432,27.964182,0
85.864313,27.964183,0
85.864307,27.964185,0
85.8643,27.964186,0
85.86429,27.964182,0
85.864281,27.964178,0
85.864269,27.964171,0
85.86425,27.96416,0
85.864242,27.964155,0
85.864231,27.964148,0
85.864223,27.964142,0
85.86421,27.964136,0
85.864204,27.964138,0
85.864197,27.964136,0
85.864191,27.964132,0
85.864185,27.964128,0
85.86418,27.964123,0
85.864174,27.964116,0
85.864164,27.964107,0
85.864155,27.964096,0
85.864152,27.96409,0
85.864146,27.964083,0
85.86414,27.964074,0
85.864132,27.964061,0
85.864129,27.964049,0
85.86413,27.964042,0
85.86413,27.964041,0
85.86413,27.964042,0
85.864132,27.964043,0
85.864131,27.964043,0
85.864126,27.964042,0
85.864122,27.964039,0
85.864119,27.964034,0
85.864115,27.964028,0
85.864113,27.964022,0
85.864112,27.964015,0
85.86411,27.964008,0
85.864105,27.963999,0
85.8641,27.96399,0
85.864095,27.963982,0
85.864089,27.963976,0
85.864084,27.963969,0
85.864079,27.963957,0
85.864075,27.963947,0
85.864078,27.963936,0
85.864082,27.963927,0
85.864084,27.963923,0
85.864085,27.963921,0
85.864085,27.963922,0
85.864083,27.963923,0
85.864082,27.963925,0
85.864078,27.963923,0
85.864076,27.963922,0
85.864075,27.963919,0
85.864075,27.963918,0
85.864082,27.963912,0
85.864085,27.963907,0
85.864092,27.963898,0
85.864095,27.963893,0
85.864098,27.963887,0
85.864099,27.963883,0
85.864099,27.963878,0
85.8641,27.963873,0
85.864101,27.963867,0
85.8641,27.963854,0
85.8641,27.963845,0
85.864101,27.963837,0
85.864102,27.963829,0
85.864104,27.963821,0
85.864108,27.963806,0
85.86411,27.963799,0
85.864114,27.963794,0
85.864119,27.963791,0
85.864125,27.963789,0
85.864132,27.963782,0
85.864133,27.963779,0
85.864135,27.963776,0
85.864136,27.963771,0
85.864135,27.963763,0
85.864135,27.963758,0
85.864136,27.963752,0
85.864138,27.963747,0
85.864153,27.963739,0
85.86416,27.963734,0
85.864164,27.963728,0
85.864166,27.963722,0
85.864166,27.963716,0
85.864165,27.963709,0
85.864161,27.9637,0
85.86416,27.963701,0
85.864159,27.963701,0
85.864158,27.963698,0
85.864154,27.963694,0
85.864146,27.963693,0
85.864132,27.963694,0
85.864116,27.963693,0
85.864108,27.963693,0
85.864104,27.963693,0
85.864169,27.965436,0
85.864169,27.965555,0
85.864221,27.965893,0
85.864323,27.966298,0
85.864432,27.966536,0
85.864614,27.966755,0
85.86519,27.966973,0
85.865293,27.967085,0
85.865332,27.967196,0
85.865313,27.967283,0
85.865206,27.967422,0
85.864771,27.967564,0
85.864702,27.967626,0
85.864629,27.967778,0
85.864602,27.967941,0
85.864603,27.968073,0
85.864629,27.96814,0
85.864662,27.968141,0
85.864785,27.968039,0
85.86488,27.967928,0
85.864975,27.967891,0
85.865293,27.968118,0
85.865531,27.968235,0
85.865745,27.968307,0
85.865887,27.968426,0
85.865942,27.968638,0
85.865968,27.968634,0
85.866212,27.968592,0
85.866272,27.968661,0
85.866276,27.968768,0
85.866107,27.969019,0
85.86609,27.969057,0
85.866165,27.969128,0
85.866057,27.969404,0
85.866033,27.969607,0
85.865974,27.969779,0
85.865922,27.970275,0
85.865999,27.97066,0
85.866093,27.970949,0
85.866295,27.971332,0
85.866668,27.971745,0
85.866769,27.971798,0
85.866929,27.971973,0
85.86713,27.972269,0
85.867424,27.973008,0
85.867516,27.973088,0
85.867709,27.973332,0
85.867829,27.973545,0
85.867914,27.973803,0
85.867878,27.973917,0
85.867985,27.974105,0
85.868143,27.974641,0
85.86836,27.975143,0
85.868678,27.975563,0
85.869354,27.976073,0
85.869605,27.976292,0
85.869779,27.976397,0
85.870366,27.976638,0
85.870482,27.976724,0
85.870611,27.976763,0
85.871582,27.976832,0
85.871947,27.976943,0
85.872398,27.977152,0
85.872639,27.977362,0
85.872711,27.977464,0
85.872917,27.977594,0
85.873181,27.977834,0
85.873256,27.977925,0
85.873469,27.978311,0
85.873823,27.978874,0
85.873997,27.979019,0
85.87464,27.97966,0
85.87492,27.980028,0
85.87509,27.980141,0
85.875396,27.980276,0
85.875695,27.980313,0
85.87575,27.980376,0
85.876351,27.98053,0
85.876687,27.98068,0
85.87714,27.98101,0
85.877516,27.981323,0
85.877741,27.981585,0
85.8781,27.981621,0
85.878399,27.981606,0
85.878705,27.981556,0
85.879853,27.981521,0
85.880198,27.981526,0
85.880537,27.981574,0
85.880917,27.981729,0
85.881042,27.981806,0
85.881347,27.982101,0
85.881424,27.982295,0
85.881286,27.982469,0
85.881119,27.983094,0
85.881468,27.983956,0
85.881339,27.98471,0
85.881109,27.985719,0
85.881216,27.985932,0
85.881092,27.98659,0
85.880953,27.986974,0
85.880835,27.987618,0
85.880953,27.988262,0
85.8812,27.988466,0
85.881211,27.988774,0
85.880643,27.990187,0
85.880514,27.990412,0
</coordinates>
</LineString>
</Placemark>
</Folder>
<Folder>
<name>LineStrings</name>
<Placemark>
<name>deroute viewpoint</name>
<styleUrl>#line-FF0000-6000-nodesc</styleUrl>
<LineString>
<tessellate>1</tessellate>
<coordinates>
85.866848,27.972379,4000
85.866844,27.972388,4000
85.86684,27.972399,4000
85.866837,27.97241,4000
85.866836,27.972422,4000
85.866836,27.972434,4001
85.866836,27.972447,4001
85.866836,27.972461,4001
85.866836,27.972474,4001
85.866836,27.972488,4002
85.866836,27.972503,4002
85.866836,27.972517,4002
85.866837,27.97253,4002
85.866838,27.972544,4002
85.86684,27.972556,4003
85.866842,27.972568,4003
85.866845,27.97258,4003
85.866849,27.972593,4003
85.866853,27.972606,4004
85.866856,27.972619,4004
85.86686,27.972631,4004
85.866866,27.972643,4005
85.866874,27.972654,4005
85.866882,27.972664,4005
85.86689,27.972675,4005
85.866896,27.972686,4006
85.866901,27.972697,4006
85.866906,27.972705,4006
85.866914,27.972712,4007
85.866924,27.972721,4007
85.866933,27.972729,4007
85.866942,27.972737,4007
85.866949,27.972748,4008
85.866955,27.972758,4008
85.866959,27.972768,4008
85.86696,27.972778,4009
85.866959,27.972787,4009
85.866958,27.972796,4009
85.866957,27.972804,4009
85.866958,27.972811,4010
85.866961,27.972819,4010
85.866966,27.972826,4010
85.866969,27.972835,4010
85.866969,27.972845,4011
85.866967,27.972854,4011
85.866963,27.972862,4011
85.866959,27.972871,4011
85.866953,27.972879,4011
85.866946,27.972887,4012
85.866941,27.972894,4012
85.866939,27.972902,4012
85.866941,27.972913,4012
85.866942,27.972926,4013
85.866944,27.972939,4013
85.866946,27.97295,4013
85.866948,27.972963,4014
85.866947,27.972976,4014
85.866946,27.972988,4014
85.866945,27.972999,4014
85.866949,27.973011,4015
85.866955,27.973022,4015
85.866961,27.973034,4015
85.866964,27.973045,4016
85.866964,27.973057,4016
85.86696,27.973069,4016
85.866958,27.97308,4017
85.866955,27.973091,4017
85.866951,27.973101,4018
85.866945,27.973109,4018
85.86694,27.973118,4018
85.866938,27.973126,4018
85.866939,27.973136,4018
85.866939,27.973146,4019
85.86694,27.973156,4019
85.866941,27.973166,4019
85.866938,27.973177,4019
85.866934,27.973187,4020
85.866927,27.973198,4020
85.866921,27.973207,4020
85.866916,27.973215,4021
85.866911,27.973223,4021
85.866907,27.97323,4021
85.866905,27.973237,4021
85.866906,27.973244,4022
85.866909,27.973252,4022
85.866911,27.973262,4023
85.866909,27.973273,4023
85.866905,27.973284,4023
85.8669,27.973293,4024
85.866896,27.973302,4024
85.866892,27.973312,4024
85.866889,27.97332,4025
85.866888,27.973328,4025
85.866889,27.973336,4025
85.866889,27.973343,4026
85.86689,27.97335,4026
85.866889,27.973357,4026
85.866888,27.973362,4027
85.866888,27.973366,4027
85.866889,27.973372,4027
85.866893,27.973378,4027
85.866894,27.973385,4028
85.866894,27.973395,4028
85.866891,27.973403,4028
85.866884,27.97341,4029
85.866879,27.973416,4029
85.866873,27.973422,4030
85.866869,27.973427,4030
85.866865,27.973434,4030
85.866864,27.973441,4030
85.866865,27.973449,4031
85.866866,27.973458,4031
85.866867,27.973466,4031
85.866866,27.973474,4031
85.866862,27.973481,4032
85.866859,27.973488,4032
85.866854,27.973494,4032
85.866851,27.973501,4033
85.86685,27.973507,4033
85.866849,27.973513,4033
85.866849,27.97352,4034
85.866847,27.973526,4034
85.866843,27.973532,4034
85.86684,27.973538,4034
85.866837,27.973545,4034
85.866834,27.973551,4034
85.866831,27.973558,4035
85.866829,27.973566,4035
85.866829,27.973576,4035
85.866831,27.973584,4035
85.866836,27.973593,4035
85.866841,27.973601,4035
85.866846,27.97361,4035
85.86685,27.973619,4035
85.866855,27.973629,4035
85.866859,27.973639,4035
85.866864,27.97365,4035
85.866868,27.97366,4035
85.866872,27.97367,4035
85.866876,27.973681,4034
85.86688,27.973691,4034
85.866884,27.973701,4034
85.866886,27.973711,4034
85.866887,27.973719,4034
85.866886,27.973728,4034
85.86688,27.973736,4034
85.866875,27.973744,4034
85.866872,27.973753,4034
85.866871,27.973763,4034
85.866871,27.973772,4034
85.866871,27.973781,4034
85.86687,27.973789,4034
85.866869,27.973795,4034
85.866867,27.973798,4034
85.866868,27.973798,4034
85.866867,27.973798,4034
85.866866,27.973799,4034
85.866866,27.9738,4034
85.866866,27.973801,4034
85.866866,27.973803,4034
85.866865,27.973805,4034
85.866864,27.973808,4034
85.866862,27.973813,4034
85.86686,27.973818,4034
85.866859,27.973822,4034
85.866858,27.973825,4034
85.866859,27.973825,4034
85.866858,27.973825,4034
85.866858,27.973826,4034
85.866857,27.973827,4034
85.866857,27.973829,4034
85.866858,27.973831,4034
85.866859,27.973836,4033
85.866859,27.973841,4033
85.86686,27.973846,4033
85.866861,27.97385,4033
85.866862,27.973851,4033
85.866861,27.973851,4033
85.866861,27.973852,4033
85.866861,27.973853,4033
85.86686,27.973853,4033
85.866861,27.973853,4034
85.866862,27.973853,4034
85.866863,27.973854,4034
85.866864,27.973854,4034
85.866865,27.973855,4034
85.866865,27.973856,4034
85.866866,27.973856,4034
85.866866,27.973857,4034
85.866866,27.973858,4034
85.866867,27.973858,4034
85.866867,27.973859,4034
85.866866,27.973859,4034
85.866865,27.973857,4034
85.866864,27.973855,4034
85.866861,27.973852,4034
85.866858,27.973849,4034
85.866856,27.973845,4034
85.866855,27.973843,4034
85.866856,27.973842,4034
85.866856,27.973841,4034
85.866856,27.973842,4034
85.866855,27.973843,4034
85.866856,27.973843,4035
85.866855,27.973843,4035
85.866854,27.973844,4035
85.866853,27.973844,4035
85.866852,27.973844,4035
85.86685,27.973844,4035
85.866848,27.973843,4035
85.866845,27.973844,4035
85.866841,27.973845,4036
85.866834,27.973847,4036
85.866827,27.973849,4036
85.866821,27.973851,4036
85.866815,27.973853,4036
85.866809,27.973857,4036
85.866804,27.973861,4037
85.866799,27.973865,4037
85.866796,27.973871,4037
85.866791,27.973877,4037
85.866787,27.973883,4037
85.866781,27.973887,4037
85.866777,27.973891,4038
85.866774,27.973897,4038
85.866771,27.973904,4038
85.866769,27.97391,4038
85.866767,27.973918,4038
85.866764,27.973926,4038
85.866764,27.973934,4038
85.866765,27.973943,4038
85.866767,27.973952,4038
85.866768,27.97396,4038
85.866768,27.973968,4038
85.866765,27.973978,4039
85.866761,27.973986,4039
85.866754,27.973995,4039
85.866747,27.974002,4039
85.86674,27.974008,4039
85.866734,27.974013,4039
85.866727,27.97402,4040
85.86672,27.974027,4040
85.866714,27.974034,4040
85.866708,27.974043,4040
85.866702,27.974053,4040
85.866697,27.974064,4040
85.866691,27.974075,4040
85.866685,27.974087,4041
85.866679,27.974099,4041
85.866674,27.974111,4041
85.866671,27.974122,4041
85.866669,27.974131,4041
85.866666,27.97414,4042
85.866664,27.97415,4042
85.866661,27.97416,4042
85.866657,27.97417,4042
85.866651,27.97418,4042
85.866647,27.974189,4042
85.866644,27.974197,4043
85.866642,27.974205,4043
85.866639,27.974213,4043
85.866637,27.97422,4044
85.866633,27.974226,4044
85.866633,27.974231,4044
85.866632,27.974235,4044
85.866632,27.974238,4044
85.866634,27.974239,4045
85.866637,27.974241,4045
85.866642,27.974243,4045
85.866647,27.974246,4045
85.866653,27.974248,4045
85.866659,27.974251,4046
85.866664,27.974253,4046
85.86667,27.974257,4046
85.866676,27.974259,4046
85.866683,27.974258,4046
85.86669,27.974256,4047
85.866697,27.974253,4047
85.866703,27.974249,4047
85.866709,27.974244,4047
85.866714,27.974239,4047
85.866718,27.974234,4047
85.866723,27.974229,4047
85.866726,27.974225,4047
85.866728,27.974225,4047
85.866727,27.974225,4047
85.866726,27.974225,4047
85.866725,27.974225,4047
85.866724,27.974225,4047
85.866723,27.974226,4046
85.866722,27.974227,4046
85.866721,27.97423,4046
85.866719,27.974234,4046
85.866717,27.974239,4046
85.866715,27.974246,4046
85.866712,27.974254,4046
85.866709,27.974262,4046
85.866708,27.97427,4046
85.866708,27.97428,4046
85.866708,27.974289,4046
85.866706,27.974298,4046
85.866705,27.974306,4046
85.866705,27.974314,4046
85.866708,27.974323,4046
85.866712,27.974331,4046
85.866715,27.97434,4046
85.866716,27.97435,4046
85.866716,27.974359,4046
85.866714,27.974369,4046
85.866711,27.974379,4046
85.866709,27.974389,4046
85.866709,27.9744,4046
85.866712,27.974409,4046
85.866718,27.974418,4046
85.866727,27.974425,4046
85.866735,27.974431,4046
85.866743,27.974436,4046
85.86675,27.974443,4047
85.866754,27.974449,4047
85.866756,27.974456,4047
85.866754,27.974464,4047
85.866746,27.97447,4047
85.866736,27.974475,4047
85.866728,27.974481,4048
85.866719,27.974488,4048
85.866713,27.974495,4048
85.86671,27.974504,4048
85.866708,27.974512,4048
85.866705,27.974522,4049
85.866703,27.97453,4049
85.866701,27.974539,4049
85.866699,27.974547,4049
85.866696,27.974555,4049
85.866692,27.974563,4050
85.866687,27.974571,4050
85.866683,27.97458,4050
85.86668,27.97459,4050
85.866678,27.974599,4050
85.866675,27.974609,4051
85.866673,27.97462,4051
85.866672,27.974631,4051
85.866671,27.974642,4051
85.86667,27.974653,4052
85.86667,27.974663,4052
85.866671,27.974672,4052
85.866673,27.974681,4052
85.866673,27.97469,4052
85.866672,27.9747,4053
85.86667,27.974709,4053
85.86667,27.97472,4053
85.86667,27.974729,4053
85.86667,27.974738,4054
85.866669,27.974747,4054
85.86667,27.974756,4054
85.866671,27.974765,4054
85.866673,27.974774,4055
85.866673,27.974782,4055
85.866674,27.974792,4055
85.866676,27.974802,4055
85.866676,27.974811,4055
85.866674,27.974821,4055
85.86667,27.974831,4055
85.866668,27.97484,4056
85.866665,27.974849,4056
85.866662,27.974857,4056
85.86666,27.974866,4056
85.866659,27.974873,4056
85.866662,27.97488,4056
85.866665,27.974885,4056
85.866669,27.97489,4056
85.866673,27.974894,4057
85.866675,27.974897,4057
85.866675,27.974898,4057
85.866676,27.974897,4057
85.866677,27.974897,4057
85.866678,27.974897,4057
85.866679,27.974897,4057
85.86668,27.974898,4057
85.866682,27.9749,4057
85.866686,27.974904,4057
85.866692,27.97491,4057
85.866696,27.974917,4057
85.866697,27.974927,4057
85.866695,27.974937,4057
85.866691,27.974947,4057
85.866684,27.974956,4057
85.866676,27.974964,4057
85.866668,27.974973,4057
85.866661,27.97498,4058
85.866655,27.974988,4058
85.866651,27.974995,4058
85.866647,27.975004,4058
85.866644,27.975012,4058
85.866642,27.975019,4058
85.86664,27.975027,4058
85.86664,27.975036,4058
85.866641,27.975044,4058
85.866643,27.975053,4058
85.866646,27.975062,4058
85.866646,27.975071,4059
85.866643,27.97508,4059
85.866637,27.975088,4059
85.866631,27.975096,4059
85.866624,27.975105,4059
85.866615,27.975114,4059
85.866607,27.975121,4059
85.8666,27.97513,4059
85.866595,27.975138,4059
85.866593,27.975147,4059
85.866591,27.975157,4059
85.86659,27.975165,4059
85.866589,27.975173,4060
85.866591,27.975182,4060
85.866593,27.975191,4060
85.866595,27.975201,4060
85.866597,27.975211,4060
85.866597,27.975221,4060
85.866595,27.975231,4060
85.866592,27.975239,4061
85.866589,27.975248,4061
85.866586,27.975256,4061
85.866582,27.975264,4061
85.866579,27.975273,4061
85.866573,27.97528,4062
85.866568,27.975287,4062
85.866563,27.975295,4062
85.866562,27.975303,4062
85.86656,27.975311,4062
85.866556,27.975318,4062
85.866552,27.975324,4062
85.866549,27.975329,4062
85.866547,27.975334,4063
85.866546,27.975338,4063
85.866544,27.975343,4063
85.866542,27.975346,4063
85.866538,27.975348,4063
85.866535,27.975349,4063
85.86653,27.975349,4064
85.866526,27.975347,4064
85.866522,27.975347,4064
85.866518,27.975349,4064
85.866514,27.975352,4064
85.866512,27.975357,4064
85.866512,27.975364,4064
85.86651,27.975373,4064
85.866509,27.975383,4064
85.866509,27.975392,4064
85.866507,27.975403,4065
85.866505,27.975414,4065
85.866503,27.975424,4065
85.866501,27.975434,4065
85.866499,27.975444,4065
85.8665,27.975452,4065
85.866502,27.975459,4065
85.866504,27.975464,4065
85.866506,27.975467,4065
85.86651,27.97547,4065
85.866513,27.975473,4065
85.866513,27.975475,4065
85.866511,27.975477,4065
85.866509,27.975479,4065
85.866506,27.975482,4065
85.866503,27.975483,4065
85.866504,27.975483,4066
85.866504,27.975482,4066
85.866505,27.975482,4066
85.866504,27.975482,4066
85.866504,27.975481,4066
85.866503,27.975481,4066
85.866502,27.975481,4066
85.866501,27.975482,4066
85.866499,27.975484,4067
85.866497,27.975487,4067
85.866495,27.975491,4067
85.866492,27.975496,4067
85.86649,27.975503,4067
85.866487,27.975511,4068
85.866485,27.975519,4068
85.866486,27.975527,4068
85.866489,27.975533,4068
85.866494,27.97554,4068
85.8665,27.975547,4068
85.866505,27.975556,4069
85.866509,27.975566,4069
85.866508,27.975575,4069
85.866505,27.975583,4069
85.866502,27.975589,4069
85.8665,27.975594,4069
85.866497,27.975598,4069
85.866494,27.975602,4069
85.866492,27.975603,4069
85.86649,27.975604,4069
85.866487,27.975606,4069
85.866483,27.975608,4069
85.866479,27.975611,4070
85.866473,27.975614,4070
85.866469,27.975618,4070
85.866465,27.975623,4070
85.866462,27.975626,4070
85.866458,27.975627,4070
85.866455,27.975628,4071
85.866451,27.975628,4071
85.866448,27.975627,4071
85.866446,27.975626,4071
85.866447,27.975625,4071
85.866448,27.975625,4071
85.866449,27.975623,4071
85.866449,27.97562,4071
85.866449,27.975618,4071
85.866446,27.975619,4072
85.866442,27.97562,4072
85.866439,27.975623,4072
85.866435,27.975627,4072
85.86643,27.975631,4073
85.866425,27.975636,4073
85.86642,27.975642,4073
85.866416,27.975647,4073
85.866413,27.975653,4073
85.866412,27.975657,4074
85.866414,27.975661,4074
85.866416,27.975667,4074
85.866415,27.975672,4074
85.866411,27.975675,4075
85.866406,27.975676,4075
85.866401,27.975678,4075
85.866394,27.975679,4075
85.866387,27.975681,4075
85.866379,27.975681,4076
85.866374,27.975681,4076
85.866369,27.975681,4076
85.866364,27.975681,4076
85.866359,27.975681,4076
85.866354,27.975682,4077
85.866349,27.97568,4077
85.866346,27.975678,4077
85.866343,27.975677,4077
85.866342,27.975676,4077
85.866339,27.975676,4077
85.866337,27.975678,4078
85.866335,27.975682,4078
85.866329,27.975685,4078
85.866322,27.975686,4078
85.866314,27.975687,4079
85.866307,27.975689,4079
85.866299,27.975691,4079
85.866291,27.975692,4079
85.866283,27.975694,4080
85.866276,27.975696,4080
85.866268,27.975696,4080
85.866261,27.975696,4080
85.866256,27.975696,4081
85.866251,27.975696,4081
85.866244,27.975697,4081
85.866236,27.975697,4081
85.866227,27.975696,4081
85.866219,27.975694,4081
85.866212,27.975692,4082
85.866205,27.97569,4082
85.866198,27.975686,4082
85.86619,27.975683,4082
85.866184,27.97568,4082
85.866176,27.975678,4082
85.866168,27.975675,4082
85.86616,27.975673,4083
85.866155,27.975666,4083
85.866151,27.97566,4083
85.86615,27.975653,4082
85.86615,27.975646,4082
85.866151,27.97564,4082
85.866152,27.975635,4082
85.866151,27.975628,4082
85.866155,27.97562,4082
85.866159,27.975612,4082
85.866162,27.975604,4082
85.866165,27.975596,4082
85.866168,27.975587,4082
85.866171,27.97558,4081
85.866174,27.975573,4081
85.866177,27.975567,4081
85.86618,27.975559,4081
85.866184,27.975551,4081
85.866191,27.975542,4081
85.866199,27.975535,4081
85.866209,27.97553,4081
85.866217,27.975526,4081
85.866221,27.975525,4081
85.866224,27.975525,4081
85.866224,27.975526,4081
85.866224,27.975525,4082
85.866223,27.975525,4082
85.866222,27.975525,4082
85.866221,27.975524,4082
85.866221,27.975523,4082
85.866223,27.975522,4082
85.866224,27.975521,4082
85.866226,27.97552,4082
85.866227,27.975521,4082
85.866228,27.97552,4082
85.866229,27.975519,4082
85.86623,27.975519,4082
85.866231,27.975519,4082
85.866231,27.97552,4082
85.86623,27.975521,4082
85.866228,27.975523,4082
85.866227,27.975526,4082
85.866225,27.97553,4082
85.866222,27.975538,4082
85.86622,27.975546,4082
85.866216,27.975555,4082
85.866212,27.975565,4082
85.86621,27.975575,4082
85.866207,27.975585,4083
85.866204,27.975594,4083
85.866203,27.975602,4083
85.866203,27.97561,4083
85.866203,27.975618,4083
85.866202,27.975625,4083
85.8662,27.975632,4083
85.866196,27.975638,4084
85.866191,27.975645,4084
85.866187,27.975652,4084
85.866183,27.97566,4084
85.866179,27.975668,4084
85.866175,27.975676,4085
85.866171,27.975684,4085
85.866169,27.975692,4085
85.866167,27.975699,4085
85.866166,27.975706,4085
85.866163,27.975713,4086
85.866159,27.975719,4086
85.866155,27.975726,4086
85.86615,27.975732,4086
85.866145,27.975738,4086
85.86614,27.975744,4087
85.866136,27.975751,4087
85.866134,27.975757,4087
85.866133,27.975765,4087
85.866133,27.975771,4087
85.866132,27.975777,4087
85.866133,27.975783,4087
85.866134,27.975791,4088
85.866137,27.975797,4088
85.866139,27.975802,4088
85.866143,27.975806,4088
85.866146,27.975811,4088
85.866147,27.975815,4088
85.866148,27.975817,4088
85.866148,27.975818,4088
85.866149,27.975818,4088
85.866151,27.975819,4089
85.866152,27.975819,4089
85.866153,27.975821,4089
85.866154,27.975823,4089
85.866157,27.975827,4089
85.86616,27.975831,4090
85.866163,27.975837,4090
85.866163,27.975842,4090
85.866163,27.975846,4090
85.866161,27.975849,4090
85.866159,27.975852,4090
85.866159,27.975857,4091
85.866157,27.975863,4091
85.866157,27.97587,4091
85.866156,27.975879,4091
85.866154,27.975887,4091
85.866151,27.975895,4091
85.866149,27.975903,4091
85.866146,27.975912,4092
85.866146,27.97592,4092
85.866146,27.975928,4092
85.866146,27.975937,4092
85.866145,27.975947,4092
85.866143,27.975956,4092
85.866139,27.975965,4092
85.866133,27.975975,4093
85.866126,27.975984,4093
85.866118,27.975994,4093
85.86611,27.976004,4093
85.866101,27.976012,4093
85.866092,27.97602,4093
85.866085,27.97603,4093
85.866077,27.97604,4093
85.866069,27.97605,4093
85.86606,27.97606,4093
85.866053,27.97607,4093
85.866047,27.97608,4093
85.866042,27.976091,4093
85.866036,27.976102,4093
85.866029,27.976113,4093
85.866023,27.976122,4093
85.86602,27.97613,4093
85.866016,27.976139,4093
85.866013,27.976147,4093
85.866009,27.976155,4093
85.866005,27.976163,4093
85.866002,27.976169,4093
85.865999,27.976175,4093
85.865998,27.976178,4093
85.865997,27.97618,4093
85.865996,27.976181,4093
85.865995,27.976182,4093
85.865994,27.976182,4093
85.865992,27.976183,4093
85.86599,27.976186,4093
85.865988,27.976189,4093
85.865986,27.976192,4093
85.865985,27.976196,4093
85.865984,27.976198,4093
85.865983,27.976198,4093
85.865983,27.976199,4093
85.865984,27.976198,4093
85.865985,27.976198,4093
85.865986,27.976198,4093
85.865986,27.976199,4093
85.865984,27.9762,4093
85.865984,27.976199,4093
85.865985,27.976199,4093
85.865984,27.976199,4093
85.865985,27.976199,4093
85.865984,27.976199,4093
85.865985,27.976199,4093
85.865985,27.976198,4093
85.865984,27.976198,4093
85.865985,27.976198,4093
85.865984,27.976198,4094
85.865983,27.976198,4094
85.865982,27.976198,4094
85.865981,27.9762,4094
85.86598,27.976201,4094
85.865979,27.976202,4094
85.865979,27.976203,4094
85.865978,27.976203,4094
85.865978,27.976204,4094
85.865978,27.976203,4094
85.865978,27.976204,4094
85.865979,27.976204,4094
85.865978,27.976204,4094
85.865977,27.976204,4093
85.865977,27.976205,4093
85.865976,27.976204,4093
85.865976,27.976203,4093
85.865976,27.976202,4093
85.865976,27.976201,4093
85.865977,27.9762,4093
85.865977,27.976199,4093
85.865977,27.976197,4093
85.865976,27.976195,4093
85.865976,27.976193,4093
85.865976,27.976191,4093
85.865976,27.976192,4093
85.865975,27.976192,4093
85.865974,27.976192,4093
85.865974,27.976191,4093
85.865973,27.976191,4093
85.865972,27.97619,4093
85.865971,27.976189,4093
85.86597,27.976188,4093
85.86597,27.976186,4093
85.86597,27.976183,4093
85.86597,27.97618,4093
85.865971,27.976179,4093
85.865972,27.976179,4093
85.865972,27.97618,4093
85.865973,27.97618,4093
85.865973,27.976181,4093
85.865972,27.976181,4093
85.865971,27.976182,4093
85.865972,27.976181,4093
85.865971,27.97618,4093
85.86597,27.976179,4093
85.865971,27.976178,4093
85.865971,27.976177,4093
85.865971,27.976176,4093
85.865971,27.976175,4093
85.865971,27.976174,4093
85.865971,27.976173,4093
85.865971,27.976171,4093
85.86597,27.97617,4093
85.86597,27.976168,4092
85.865969,27.976164,4092
85.865967,27.97616,4092
85.865964,27.976155,4092
85.865962,27.976151,4092
85.86596,27.976148,4092
85.865959,27.976147,4092
85.865958,27.976147,4093
85.865959,27.976146,4093
85.86596,27.976146,4093
85.86596,27.976145,4093
85.86596,27.976146,4093
85.865961,27.976146,4092
85.865962,27.976146,4092
85.865962,27.976147,4092
85.865961,27.976147,4092
85.86596,27.976147,4092
85.86596,27.976146,4092
85.86596,27.976145,4093
85.865961,27.976145,4093
85.865961,27.976146,4093
85.865961,27.976147,4093
85.865961,27.976148,4093
85.865961,27.976149,4093
85.865962,27.976151,4093
85.865962,27.976153,4093
85.865962,27.976156,4093
85.865962,27.976159,4093
85.865962,27.976164,4093
85.865963,27.97617,4093
85.865965,27.976177,4093
85.865967,27.976183,4093
85.865969,27.976189,4093
85.865971,27.976194,4093
85.865974,27.976199,4093
85.865976,27.976203,4093
85.865979,27.976206,4093
85.865979,27.976208,4093
85.86598,27.976209,4093
85.865981,27.976209,4093
85.865982,27.976209,4093
85.865983,27.976209,4093
85.865984,27.976208,4093
85.865985,27.976207,4093
85.865985,27.976206,4093
85.865984,27.976205,4093
85.865983,27.976202,4093
85.865983,27.976199,4093
85.865983,27.976194,4093
85.865982,27.97619,4093
85.865982,27.976185,4092
85.865982,27.976179,4092
85.865981,27.976176,4092
85.865979,27.976173,4092
85.865977,27.976171,4092
85.865974,27.976169,4092
85.865972,27.976166,4092
85.865972,27.976164,4092
85.865972,27.976163,4092
85.865971,27.976163,4092
85.86597,27.976163,4092
85.865971,27.976163,4092
85.86597,27.976163,4092
85.865971,27.976163,4092
85.865971,27.976164,4092
85.865971,27.976165,4092
85.865971,27.976166,4092
85.86597,27.976166,4092
85.865971,27.976167,4092
85.865971,27.976166,4092
85.865971,27.976167,4092
85.865971,27.976168,4092
85.86597,27.976168,4092
85.865969,27.976168,4092
85.865969,27.976169,4092
85.865969,27.97617,4092
85.865969,27.976171,4092
85.865969,27.976173,4092
85.865968,27.976175,4092
85.865968,27.976177,4092
85.865966,27.976181,4092
85.865964,27.976183,4092
85.865962,27.976188,4092
85.865961,27.976195,4092
85.865959,27.976203,4092
85.865957,27.976208,4092
85.865955,27.976212,4092
85.865953,27.976213,4092
85.865952,27.976212,4092
85.865951,27.976212,4092
85.865952,27.976212,4092
85.865951,27.976212,4092
85.86595,27.976212,4092
85.865951,27.976212,4092
85.865952,27.976212,4092
85.865953,27.976212,4092
85.865953,27.976211,4092
85.865954,27.976211,4092
85.865955,27.976211,4092
85.865956,27.976211,4092
85.865957,27.976211,4092
85.865958,27.976211,4092
85.865959,27.976211,4092
85.865961,27.97621,4092
85.865962,27.976211,4092
85.865963,27.976212,4092
85.865965,27.976213,4092
85.865967,27.976215,4092
85.865969,27.976217,4092
85.865971,27.976216,4092
85.865971,27.976217,4092
85.865972,27.976217,4092
85.865973,27.976216,4092
85.865972,27.976217,4092
85.865972,27.976216,4092
85.865972,27.976217,4092
85.865971,27.976217,4092
85.86597,27.976217,4092
85.865971,27.976216,4092
85.86597,27.976216,4092
85.865969,27.976215,4092
85.86597,27.976215,4092
85.865971,27.976213,4092
85.865972,27.976212,4092
85.865972,27.976209,4092
85.865973,27.976207,4092
85.865975,27.976205,4092
85.865976,27.976204,4092
85.865977,27.976204,4092
85.865976,27.976204,4093
85.865977,27.976205,4093
85.865976,27.976205,4093
85.865976,27.976206,4093
85.865977,27.976206,4093
85.865979,27.976206,4093
85.865981,27.976206,4093
85.865982,27.976206,4093
85.865981,27.976206,4093
85.86598,27.976205,4093
85.865979,27.976205,4092
85.865978,27.976206,4092
85.865977,27.976205,4092
85.865977,27.976206,4092
85.865977,27.976205,4092
85.865976,27.976205,4093
85.865976,27.976204,4093
85.865977,27.976204,4093
85.865978,27.976204,4093
85.865979,27.976205,4093
85.86598,27.976205,4093
85.865979,27.976204,4093
85.865979,27.976205,4093
85.865979,27.976206,4093
85.865979,27.976205,4093
85.865979,27.976204,4093
85.865978,27.976204,4092
85.865977,27.976204,4092
85.865977,27.976205,4092
85.865977,27.976206,4092
85.865978,27.976205,4093
85.865978,27.976206,4093
85.865979,27.976207,4093
85.865978,27.976207,4093
85.865977,27.976207,4093
85.865977,27.976206,4093
85.865977,27.976207,4093
85.865976,27.976207,4092
85.865977,27.976207,4092
85.865978,27.976208,4092
85.865978,27.976209,4092
85.865979,27.97621,4092
85.865979,27.976211,4093
85.865978,27.976211,4093
85.865979,27.976211,4093
85.86598,27.976211,4093
85.865979,27.976211,4093
85.865978,27.976211,4093
85.865977,27.976212,4093
85.865976,27.976213,4093
85.865977,27.976213,4093
85.865976,27.976213,4093
85.865977,27.976213,4093
85.865978,27.976213,4093
85.865978,27.976214,4092
85.865978,27.976213,4092
85.865978,27.976212,4092
85.865978,27.976211,4092
85.865977,27.976209,4092
85.865976,27.976206,4092
85.865975,27.9762,4092
85.865974,27.976194,4092
85.865974,27.976188,4092
85.865974,27.976181,4091
85.865973,27.976175,4091
85.865972,27.976169,4091
85.86597,27.976163,4091
85.865967,27.976157,4091
85.865963,27.976153,4091
85.865959,27.97615,4091
85.865956,27.976148,4091
85.865954,27.976148,4091
85.865956,27.976147,4091
85.865956,27.976146,4091
85.865953,27.976146,4091
85.865954,27.976146,4091
85.865955,27.976146,4091
85.865956,27.976145,4091
85.865957,27.976145,4091
85.865958,27.976144,4091
85.865958,27.976143,4091
85.865957,27.97614,4091
85.865958,27.976133,4091
85.865958,27.976127,4091
85.865959,27.976123,4091
85.86596,27.976122,4091
85.86596,27.976121,4091
85.865961,27.976121,4091
85.865962,27.976121,4091
85.865963,27.976121,4091
85.865963,27.97612,4091
85.865963,27.976119,4091
85.865964,27.976118,4091
85.865965,27.976118,4091
85.865965,27.976117,4091
85.865967,27.976116,4091
85.865968,27.976115,4091
85.865968,27.976114,4091
85.865968,27.976115,4091
85.865967,27.976116,4091
85.865967,27.976119,4091
85.865967,27.976124,4091
85.865966,27.976129,4091
85.865966,27.976136,4091
85.865966,27.976144,4091
85.865969,27.976154,4091
85.865972,27.976164,4091
85.865973,27.976174,4091
85.865974,27.976183,4091
85.865973,27.976191,4091
85.865971,27.976198,4091
85.865969,27.976204,4091
85.865968,27.976209,4091
85.865966,27.976213,4091
85.865966,27.976216,4091
85.865965,27.976221,4091
85.865966,27.976225,4091
85.865965,27.976228,4091
85.865966,27.976231,4091
85.865966,27.976234,4091
85.865966,27.976235,4091
85.865966,27.976234,4091
85.865966,27.976233,4091
85.865967,27.976233,4091
85.865968,27.976233,4091
85.865968,27.976234,4091
85.865968,27.976235,4091
85.865968,27.976234,4091
85.865969,27.976234,4091
85.865969,27.976236,4091
85.865968,27.976236,4091
85.865967,27.976236,4091
85.865967,27.976237,4091
85.865967,27.976236,4091
85.865967,27.976235,4091
85.865967,27.976234,4091
85.865966,27.976233,4091
85.865967,27.976232,4091
85.865966,27.976231,4091
85.865966,27.97623,4091
85.865967,27.97623,4091
85.865968,27.97623,4091
85.865969,27.976231,4091
85.865969,27.97623,4091
85.865969,27.976231,4091
85.865968,27.976231,4091
85.865968,27.97623,4091
85.865968,27.976229,4091
85.865968,27.976228,4091
85.865968,27.976227,4091
85.865968,27.976226,4091
85.865968,27.976225,4091
85.865968,27.976224,4091
85.865969,27.976223,4091
85.86597,27.976223,4091
85.86597,27.976222,4091
85.86597,27.976221,4091
85.86597,27.976222,4091
85.865971,27.976223,4091
85.865972,27.976223,4091
85.865971,27.976223,4091
85.865971,27.976224,4091
85.865971,27.976223,4091
85.865972,27.976223,4091
85.865973,27.976223,4091
85.865972,27.976223,4090
85.865971,27.976223,4090
85.865972,27.976222,4090
85.865973,27.976221,4090
85.865974,27.976221,4090
85.865975,27.976221,4090
85.865975,27.97622,4090
85.865976,27.97622,4090
85.865977,27.97622,4090
85.865977,27.976221,4090
85.865978,27.976221,4090
85.865979,27.97622,4090
85.865979,27.976221,4090
85.86598,27.976221,4090
85.865981,27.976221,4090
85.865981,27.976222,4090
85.865981,27.976223,4090
85.865982,27.976223,4090
85.865983,27.976223,4090
85.865984,27.976223,4090
85.865984,27.976224,4090
85.865983,27.976224,4090
85.865983,27.976223,4090
85.865983,27.976224,4090
85.865983,27.976223,4090
85.865982,27.976224,4090
85.865982,27.976225,4090
85.865981,27.976225,4090
85.865982,27.976225,4090
85.865981,27.976225,4090
85.865982,27.976225,4090
85.865982,27.976226,4090
85.865983,27.976226,4090
85.865983,27.976227,4090
85.865982,27.976227,4090
85.865983,27.976227,4090
85.865983,27.976228,4090
85.865982,27.976228,4090
85.865983,27.976228,4090
85.865983,27.976229,4090
85.865983,27.97623,4090
85.865982,27.97623,4090
85.865982,27.976231,4090
85.865981,27.976231,4090
85.86598,27.976231,4090
85.865981,27.976231,4090
85.86598,27.976231,4089
85.865979,27.976231,4089
85.865978,27.976232,4089
85.865977,27.976233,4089
85.865977,27.976232,4089
85.865978,27.976232,4089
85.865978,27.976233,4089
85.865979,27.976233,4089
85.865978,27.976233,4089
85.865977,27.976233,4089
85.865977,27.976234,4089
85.865976,27.976233,4089
85.865974,27.976234,4089
85.865973,27.976234,4089
85.865972,27.976235,4089
85.865972,27.976234,4089
85.865971,27.976234,4089
85.86597,27.976235,4089
85.86597,27.976236,4089
85.86597,27.976235,4089
85.86597,27.976234,4089
85.86597,27.976235,4089
85.865971,27.976234,4089
85.865972,27.976234,4089
85.865973,27.976233,4089
85.865974,27.976233,4089
85.865973,27.976233,4089
85.865974,27.976232,4090
85.865975,27.976231,4090
85.865976,27.97623,4090
85.865977,27.976228,4090
85.865977,27.976225,4090
85.865978,27.976222,4090
85.865978,27.976218,4090
85.865979,27.976215,4090
85.865979,27.976213,4090
85.865979,27.97621,4090
85.865979,27.976209,4090
85.86598,27.976208,4090
85.86598,27.976207,4090
85.865982,27.976207,4090
85.865983,27.976207,4090
85.865986,27.976207,4090
85.865989,27.976207,4090
85.86599,27.976207,4090
85.865992,27.976206,4090
85.865994,27.976205,4089
85.865999,27.976203,4089
85.866003,27.976201,4089
85.866006,27.9762,4089
85.866008,27.9762,4089
85.866009,27.9762,4089
85.86601,27.9762,4089
85.86601,27.976199,4089
85.866011,27.976198,4089
85.866012,27.976195,4089
85.866014,27.976191,4089
85.866017,27.976186,4089
85.866019,27.976181,4089
85.86602,27.976176,4089
85.86602,27.97617,4089
85.86602,27.976162,4089
85.86602,27.976154,4089
85.86602,27.976144,4089
85.866021,27.976134,4089
85.866023,27.976124,4089
85.866025,27.976114,4089
85.866029,27.976103,4089
85.866035,27.976093,4089
85.866041,27.976083,4089
85.866047,27.976075,4089
85.866053,27.976067,4089
85.866059,27.97606,4089
85.866066,27.976053,4089
85.866072,27.976047,4088
85.866079,27.976043,4088
85.866085,27.976037,4088
85.866092,27.976031,4088
85.866098,27.976025,4088
85.866103,27.976017,4088
85.866109,27.976009,4088
85.866114,27.976001,4088
85.866118,27.975992,4088
85.866122,27.975984,4088
85.866127,27.975975,4088
85.866132,27.975969,4088
85.866139,27.975965,4089
85.866145,27.975963,4089
85.866152,27.975963,4089
85.86616,27.975965,4089
85.866169,27.975968,4089
85.866178,27.975972,4089
85.866186,27.975976,4089
85.866196,27.975981,4089
85.866206,27.975985,4089
85.866216,27.975987,4089
85.866226,27.975988,4089
85.866235,27.975987,4089
85.866245,27.975985,4089
85.866254,27.975982,4089
85.866261,27.97598,4089
85.866267,27.975978,4089
85.866272,27.975977,4089
85.866275,27.975977,4089
85.866276,27.975977,4089
85.866277,27.975977,4089
85.866278,27.975978,4089
85.866279,27.975979,4089
85.866279,27.97598,4089
85.86628,27.975979,4089
85.86628,27.975978,4089
85.866279,27.975977,4089
85.866278,27.975976,4089
85.866276,27.975974,4089
85.866274,27.975971,4089
85.866272,27.975971,4089
85.86627,27.975972,4089
85.866268,27.975974,4089
85.866265,27.975975,4089
85.866261,27.975978,4089
85.866256,27.97598,4089
85.866251,27.975982,4089
85.866245,27.975985,4089
85.866239,27.975986,4089
85.866234,27.975986,4089
85.866232,27.975984,4089
85.866235,27.975981,4089
85.866242,27.975978,4089
85.866248,27.975975,4089
85.866254,27.975972,4089
85.86626,27.97597,4089
85.866266,27.975967,4089
85.866269,27.975965,4089
85.866271,27.975964,4089
85.866272,27.975964,4089
85.866272,27.975965,4089
85.866274,27.975966,4088
85.866276,27.975967,4088
85.866279,27.975967,4088
85.866284,27.975967,4088
85.866289,27.975966,4088
85.866295,27.975965,4088
85.866302,27.975966,4088
85.866307,27.975967,4087
85.866312,27.975968,4087
85.866318,27.975968,4087
85.866324,27.975968,4087
85.866331,27.975968,4087
85.866335,27.975969,4087
85.866337,27.975971,4087
85.866338,27.975973,4087
85.86634,27.975974,4087
85.866343,27.975975,4087
85.866347,27.975977,4086
85.866349,27.975979,4086
85.866351,27.975982,4086
85.866352,27.975984,4086
85.866355,27.975986,4086
85.866358,27.975987,4086
85.86636,27.975987,4086
85.866362,27.975987,4086
85.866363,27.975988,4085
85.866365,27.975989,4085
85.866367,27.97599,4085
85.866368,27.97599,4085
85.866367,27.975991,4085
85.866367,27.975992,4085
85.866366,27.975992,4085
85.866367,27.975992,4085
85.866367,27.975991,4084
85.866369,27.975991,4084
85.866372,27.97599,4084
85.866374,27.975987,4084
85.866375,27.975986,4083
85.866378,27.975987,4083
85.866383,27.975988,4083
85.86639,27.975988,4083
85.866395,27.975988,4083
85.8664,27.975986,4083
85.866405,27.975985,4083
85.86641,27.975984,4083
85.866413,27.975983,4083
85.866414,27.975984,4083
85.866414,27.975985,4083
85.866415,27.975985,4083
85.866416,27.975985,4083
85.866417,27.975985,4083
85.866418,27.975985,4083
85.866419,27.975985,4083
85.866421,27.975984,4083
85.866423,27.975982,4083
85.866426,27.975979,4083
85.866429,27.975976,4083
85.866435,27.97597,4083
85.866442,27.975963,4083
85.866449,27.975958,4083
85.866456,27.975955,4083
85.866461,27.975954,4083
85.866465,27.975954,4083
85.866467,27.975954,4083
85.866468,27.975953,4083
85.866467,27.975953,4083
85.866465,27.975953,4083
85.866464,27.975954,4083
85.866463,27.975954,4083
85.866463,27.975953,4083
85.866463,27.975952,4083
85.866464,27.975952,4083
85.866464,27.975951,4083
85.866465,27.97595,4083
85.866465,27.975948,4083
85.866466,27.975946,4083
85.866469,27.975944,4083
85.866474,27.975941,4083
85.86648,27.975938,4083
85.866486,27.975936,4083
85.866492,27.975934,4083
85.866498,27.975932,4083
85.866503,27.97593,4083
85.866508,27.975927,4083
85.866512,27.975926,4083
85.866515,27.975925,4083
85.866515,27.975926,4083
85.866515,27.975927,4083
85.866516,27.975927,4083
85.866517,27.975928,4083
85.866518,27.975929,4083
85.866521,27.975931,4083
85.866523,27.975932,4082
85.866526,27.975934,4082
85.86653,27.975937,4082
85.866533,27.975939,4082
85.866537,27.975941,4082
85.866541,27.975944,4082
85.866544,27.975947,4082
85.866546,27.975949,4082
85.866548,27.975951,4082
85.86655,27.975952,4082
85.86655,27.975953,4082
85.866551,27.975953,4082
85.866555,27.975953,4082
85.866559,27.975953,4082
85.866563,27.975953,4081
85.866567,27.975953,4081
85.866572,27.975953,4081
85.866575,27.975953,4081
85.866579,27.975951,4081
85.866581,27.97595,4081
85.866584,27.97595,4081
85.866589,27.97595,4080
85.866592,27.975953,4080
85.866595,27.975956,4080
85.866598,27.975958,4080
85.866601,27.97596,4080
85.866604,27.975962,4080
85.866608,27.975964,4079
85.866611,27.975966,4079
85.866613,27.97597,4079
85.866615,27.975974,4079
85.866615,27.975978,4079
85.866615,27.975982,4079
85.866616,27.975985,4079
85.866618,27.975988,4079
85.86662,27.975991,4079
85.866624,27.975995,4078
85.866627,27.975999,4078
85.866631,27.976003,4078
85.866635,27.976006,4078
85.866638,27.97601,4078
85.86664,27.976013,4078
85.866642,27.976015,4078
85.866645,27.976016,4078
85.866647,27.976018,4077
85.86665,27.976021,4077
85.866651,27.976025,4077
85.866652,27.976029,4077
85.866652,27.976031,4077
85.866651,27.976034,4077
85.866651,27.976035,4077
85.866652,27.976035,4077
85.866653,27.976036,4077
85.866654,27.976036,4077
85.866655,27.976038,4077
85.866656,27.97604,4077
85.866656,27.976041,4077
85.866658,27.976041,4076
85.866658,27.976042,4076
85.866659,27.976042,4076
85.866661,27.976042,4076
85.866664,27.976043,4076
85.866669,27.976044,4076
85.866673,27.976045,4076
85.866676,27.976047,4076
85.866679,27.976049,4076
85.866682,27.976053,4076
85.866683,27.976057,4076
85.866685,27.97606,4076
85.866688,27.976062,4075
85.86669,27.976064,4075
85.866693,27.976068,4075
85.866697,27.976073,4075
85.866702,27.976079,4076
85.866706,27.976085,4076
85.866709,27.97609,4076
85.866712,27.976095,4076
85.866715,27.976099,4076
85.866719,27.976101,4076
85.866721,27.976103,4076
85.866723,27.976105,4076
85.866726,27.976108,4076
85.866726,27.97611,4076
85.866727,27.97611,4076
85.866727,27.976111,4075
85.866728,27.976111,4075
85.866727,27.976111,4075
85.866728,27.976111,4075
85.866729,27.976111,4075
85.866732,27.976112,4075
85.866735,27.976113,4075
85.866738,27.976117,4074
85.866742,27.97612,4074
85.866745,27.976124,4074
85.866748,27.976128,4074
85.86675,27.976132,4074
85.866751,27.976136,4074
85.866752,27.97614,4074
85.866754,27.976144,4073
85.866755,27.976149,4073
85.866758,27.976155,4073
85.86676,27.976161,4073
85.866762,27.976167,4073
85.866766,27.976172,4073
85.86677,27.976177,4073
85.866772,27.976182,4072
85.866773,27.976188,4072
85.866773,27.976193,4072
85.866771,27.976196,4072
85.86677,27.976197,4072
85.86677,27.976199,4072
85.866771,27.976202,4072
85.866774,27.976207,4072
85.866775,27.976212,4072
85.866776,27.976217,4072
85.866776,27.976223,4072
85.866778,27.976228,4072
85.86678,27.976234,4072
85.866781,27.976237,4072
85.866782,27.976239,4072
85.866783,27.976239,4072
85.866783,27.97624,4072
85.866783,27.976241,4072
85.866783,27.97624,4072
85.866782,27.976241,4072
85.866783,27.976242,4072
85.866784,27.976244,4072
85.866787,27.976248,4072
85.86679,27.976253,4072
85.866794,27.976258,4072
85.866798,27.976262,4072
85.866802,27.976267,4072
85.866806,27.976271,4072
85.866809,27.976275,4072
85.866812,27.976278,4072
85.866814,27.976281,4072
85.866817,27.976283,4072
85.866819,27.976283,4072
85.866821,27.976283,4072
85.866822,27.976284,4072
85.866822,27.976285,4072
85.866823,27.976286,4072
85.866824,27.976287,4072
85.866827,27.976289,4072
85.866831,27.976291,4072
85.866835,27.976294,4072
85.866837,27.976298,4072
85.86684,27.976303,4072
85.866844,27.976308,4072
85.866847,27.976311,4072
85.866851,27.976314,4072
85.866854,27.976317,4072
85.866858,27.976319,4072
85.866862,27.976321,4072
85.866866,27.976324,4072
85.86687,27.976325,4072
85.866875,27.976326,4072
85.866881,27.976327,4072
85.866887,27.976328,4072
85.866893,27.97633,4072
85.866899,27.976333,4072
85.866902,27.976337,4072
85.866905,27.976339,4071
85.866909,27.976343,4071
85.866915,27.976348,4071
85.866922,27.976353,4071
85.86693,27.976359,4071
85.866939,27.976366,4071
85.866947,27.976375,4071
85.866956,27.976384,4071
85.866964,27.976394,4071
85.866973,27.976405,4071
85.866982,27.976413,4071
85.866991,27.97642,4071
85.866998,27.976427,4071
85.867005,27.976434,4071
85.867011,27.97644,4071
85.867015,27.976446,4071
85.867019,27.976451,4071
85.867022,27.976453,4071
85.867022,27.976455,4071
85.867023,27.976455,4071
85.867024,27.976455,4071
85.867025,27.976455,4072
85.867026,27.976455,4072
85.867027,27.976455,4072
85.867027,27.976454,4071
85.867028,27.976453,4071
85.867029,27.976451,4071
85.867031,27.97645,4072
85.867034,27.976449,4072
85.867036,27.976448,4072
85.867037,27.976448,4072
85.867037,27.976447,4072
85.867037,27.976448,4072
85.867036,27.976448,4071
85.867036,27.976447,4071
85.867037,27.976447,4071
85.867037,27.976448,4071
85.867036,27.976448,4071
85.867035,27.976448,4071
85.867033,27.976449,4071
85.867033,27.976451,4071
85.867033,27.976452,4071
85.867033,27.976454,4071
85.867033,27.976456,4071
85.867034,27.976459,4071
85.867033,27.976463,4071
85.867031,27.976467,4071
85.867028,27.976472,4071
85.867025,27.976477,4071
85.867023,27.976482,4071
85.867019,27.976489,4071
85.867016,27.976495,4071
85.867011,27.9765,4071
85.867004,27.976503,4071
85.866997,27.976504,4071
85.86699,27.976502,4071
85.866983,27.9765,4071
85.866984,27.976501,4071
85.866985,27.976501,4071
85.866986,27.976501,4071
85.866987,27.976501,4071
85.866988,27.976501,4071
85.866989,27.976501,4071
85.866989,27.976502,4071
85.86699,27.976503,4071
85.86699,27.976504,4071
85.866991,27.976505,4071
85.86699,27.976506,4071
85.86699,27.976507,4071
85.866991,27.976507,4071
85.866992,27.976507,4071
85.866993,27.976506,4071
85.866993,27.976505,4071
85.866994,27.976505,4070
85.866995,27.976505,4070
85.866996,27.976505,4070
85.866997,27.976505,4070
85.866998,27.976504,4070
85.867001,27.976502,4070
85.867004,27.976504,4070
85.867008,27.976507,4070
85.867012,27.97651,4070
85.867015,27.976512,4070
85.867019,27.976515,4069
85.867024,27.976518,4069
85.867029,27.976521,4069
85.867032,27.976526,4069
85.867033,27.97653,4069
85.867035,27.976535,4069
85.867037,27.976541,4069
85.867039,27.976547,4069
85.867041,27.976554,4069
85.867044,27.976561,4069
85.867047,27.976567,4068
85.867048,27.976574,4068
85.867049,27.97658,4068
85.867051,27.976586,4068
85.867053,27.97659,4068
85.867056,27.976595,4068
85.867059,27.9766,4068
85.867061,27.976605,4068
85.867062,27.97661,4068
85.867062,27.976616,4067
85.867061,27.976621,4067
85.86706,27.976626,4067
85.867058,27.976629,4067
85.867057,27.976631,4067
85.867055,27.976633,4067
85.867054,27.976634,4067
85.867055,27.976635,4067
85.867055,27.976639,4067
85.867055,27.976643,4066
85.867051,27.976647,4066
85.86705,27.97665,4066
85.867048,27.976654,4066
85.867047,27.976659,4066
85.867048,27.976663,4066
85.867049,27.976668,4066
85.867051,27.976673,4066
85.867053,27.976677,4066
85.867054,27.976682,4066
85.867056,27.976687,4066
85.867056,27.976691,4066
85.867056,27.976693,4067
85.867056,27.976694,4067
85.867057,27.976696,4067
85.867058,27.976698,4067
85.867061,27.9767,4067
85.867063,27.976701,4067
85.867065,27.9767,4067
85.867065,27.976699,4067
85.867066,27.976699,4067
85.867067,27.976699,4067
85.867069,27.9767,4067
85.867073,27.9767,4067
85.867077,27.976702,4068
85.867081,27.976703,4068
85.867086,27.976704,4068
85.867092,27.976706,4068
85.867096,27.976711,4068
85.8671,27.976717,4068
85.867103,27.976726,4068
85.867106,27.976734,4068
85.867108,27.976743,4068
85.86711,27.976752,4068
85.867112,27.976762,4068
85.867113,27.976771,4068
85.867115,27.97678,4068
85.867117,27.976789,4068
85.86712,27.976798,4068
85.867121,27.976808,4068
85.867122,27.976817,4068
85.867123,27.976827,4068
85.867124,27.976837,4068
85.867124,27.976847,4068
85.867125,27.976855,4068
85.867127,27.976864,4068
85.867131,27.976871,4067
85.867135,27.976876,4067
85.86714,27.976882,4068
85.867143,27.976888,4068
85.867145,27.976895,4068
85.867145,27.976903,4068
85.867142,27.97691,4068
85.867138,27.976914,4068
85.867134,27.976917,4068
85.86713,27.976919,4068
85.867127,27.976921,4068
85.867125,27.976921,4068
85.867124,27.976921,4068
85.867124,27.97692,4068
85.867124,27.976921,4069
85.867123,27.976921,4069
85.867123,27.976922,4069
85.867122,27.976922,4069
85.86712,27.976923,4069
85.867118,27.976922,4069
85.867117,27.976923,4069
85.867115,27.976924,4069
85.867114,27.976924,4069
85.867113,27.976924,4069
85.867111,27.976925,4069
85.867112,27.976925,4069
85.867113,27.976923,4069
85.867113,27.976922,4069
85.867113,27.976921,4069
85.867114,27.97692,4069
85.867115,27.976919,4069
85.867117,27.976919,4069
85.867117,27.976918,4069
85.867116,27.976918,4069
85.867115,27.976917,4069
85.867115,27.976918,4069
85.867114,27.976919,4069
85.867115,27.976919,4069
85.867114,27.97692,4069
85.867113,27.97692,4069
85.867112,27.976921,4069
85.867111,27.976921,4068
85.867112,27.976921,4068
85.867113,27.976921,4068
85.867113,27.976922,4068
85.867114,27.976923,4068
85.867114,27.976924,4068
85.867115,27.976925,4068
85.867115,27.976927,4068
85.867116,27.97693,4067
85.867116,27.976937,4067
85.867117,27.976946,4067
85.867115,27.976955,4067
85.867115,27.976964,4067
85.867116,27.976972,4066
85.867118,27.976981,4066
85.867123,27.976988,4066
85.867129,27.976995,4066
85.867136,27.977001,4066
85.867143,27.977006,4066
85.867151,27.977012,4065
85.867161,27.977017,4065
85.867171,27.977019,4065
85.867182,27.97702,4065
85.867193,27.977022,4065
85.867203,27.977025,4065
85.867214,27.977029,4065
85.867224,27.977034,4065
85.867232,27.977041,4065
85.867241,27.97705,4065
85.867248,27.977059,4065
85.867255,27.97707,4065
85.867261,27.97708,4065
85.867266,27.97709,4065
85.867271,27.977099,4065
85.867276,27.977107,4065
85.867281,27.977114,4065
85.867286,27.977122,4065
85.867289,27.977132,4066
85.86729,27.977142,4066
85.867294,27.977153,4066
85.867302,27.977162,4066
85.867309,27.97717,4066
85.867317,27.977175,4066
85.867325,27.977179,4066
85.867334,27.977182,4066
85.867344,27.977184,4066
85.867356,27.977187,4066
85.867367,27.97719,4066
85.867378,27.977195,4066
85.867388,27.9772,4066
85.867397,27.977206,4066
85.867405,27.977214,4066
85.867413,27.977222,4066
85.867419,27.977231,4067
85.867422,27.977243,4067
85.867424,27.977254,4067
85.867428,27.977265,4067
85.867436,27.977275,4067
85.867445,27.977286,4067
85.867453,27.977296,4068
85.867459,27.977306,4068
85.867463,27.977316,4068
85.867465,27.977326,4068
85.867465,27.977337,4068
85.867466,27.977347,4068
85.867468,27.977358,4068
85.867473,27.977368,4068
85.867479,27.977378,4068
85.867487,27.977389,4068
85.867495,27.9774,4068
85.867502,27.97741,4068
85.867507,27.977417,4068
85.86751,27.977424,4068
85.867512,27.977427,4068
85.867512,27.977428,4068
85.867512,27.977427,4068
85.867512,27.977428,4068
85.867513,27.977428,4068
85.867513,27.977429,4068
85.867513,27.97743,4068
85.867514,27.977432,4068
85.867515,27.977435,4068
85.867516,27.977439,4068
85.867516,27.977443,4068
85.867516,27.977445,4068
85.867516,27.977447,4068
85.867517,27.97745,4068
85.867519,27.977454,4068
85.867523,27.977459,4068
85.867527,27.977464,4068
85.867532,27.977469,4068
85.867538,27.977474,4068
85.867543,27.977478,4068
85.867545,27.977483,4068
85.867548,27.977486,4067
85.867551,27.97749,4067
85.867554,27.977492,4067
85.867556,27.977495,4067
85.867559,27.977498,4067
85.867562,27.977501,4067
85.867565,27.977503,4067
85.867569,27.977507,4067
85.867574,27.977512,4067
85.867578,27.977518,4067
85.867582,27.977521,4067
85.867587,27.977524,4067
85.867591,27.977526,4067
85.867596,27.977528,4066
85.867601,27.977532,4066
85.867605,27.977536,4066
85.867609,27.977542,4066
85.867612,27.977548,4066
85.867616,27.977554,4066
85.867618,27.97756,4066
85.867621,27.977565,4066
85.867622,27.97757,4066
85.867624,27.977576,4066
85.867625,27.977583,4066
85.867626,27.977589,4066
85.867628,27.977596,4066
85.86763,27.977603,4066
85.867633,27.977608,4066
85.867636,27.977613,4066
85.86764,27.977617,4066
85.867645,27.977621,4066
85.867648,27.977624,4066
85.867652,27.977627,4066
85.867655,27.97763,4066
85.867657,27.977633,4066
85.86766,27.977637,4066
85.867663,27.977642,4066
85.867666,27.977648,4066
85.867668,27.977652,4066
85.867671,27.977656,4066
85.867675,27.977661,4066
85.86768,27.977666,4066
85.867684,27.97767,4066
85.867689,27.977673,4066
85.867693,27.977676,4066
85.867696,27.977678,4066
85.867699,27.97768,4066
85.867702,27.977682,4066
85.867704,27.977684,4067
85.867706,27.977685,4067
85.86771,27.977687,4067
85.867713,27.977689,4067
85.867715,27.97769,4067
85.867716,27.97769,4067
85.867716,27.977691,4067
85.867716,27.977692,4067
85.867717,27.977694,4067
85.867719,27.977695,4067
85.86772,27.977697,4067
85.86772,27.977696,4067
85.867721,27.977696,4067
85.867722,27.977696,4067
85.867723,27.977696,4067
85.867725,27.977698,4067
85.867729,27.977701,4067
85.867734,27.977705,4067
85.86774,27.977709,4067
85.867746,27.977712,4067
85.867751,27.977715,4067
85.867755,27.977718,4067
85.867758,27.97772,4067
85.867762,27.977721,4067
85.867767,27.977722,4067
85.867774,27.977723,4067
85.867782,27.977723,4067
85.86779,27.977725,4067
85.867798,27.977727,4067
85.867804,27.977729,4067
85.867809,27.977729,4067
85.867814,27.977729,4067
85.867818,27.977729,4067
85.867817,27.97773,4067
85.867818,27.977731,4067
85.867819,27.97773,4067
85.867819,27.977731,4067
85.86782,27.977731,4067
85.867821,27.977731,4067
85.867822,27.977732,4067
85.867824,27.977732,4067
85.867826,27.977733,4067
85.867827,27.977734,4067
85.867828,27.977735,4067
85.867829,27.977735,4066
85.867832,27.977736,4066
85.867836,27.977736,4066
85.867842,27.977737,4066
85.867849,27.977738,4066
85.867857,27.97774,4066
85.867864,27.977742,4066
85.867871,27.977744,4066
85.867878,27.977746,4066
85.867884,27.977747,4066
85.86789,27.977746,4066
85.867896,27.977746,4067
85.867904,27.977744,4067
85.867914,27.977743,4067
85.867924,27.977742,4067
85.867933,27.977741,4067
85.867941,27.97774,4067
85.867947,27.977739,4067
85.867953,27.977738,4067
85.867957,27.977738,4067
85.86796,27.977737,4067
85.867963,27.977737,4068
85.867968,27.977738,4068
85.867973,27.977739,4068
85.867976,27.97774,4068
85.86798,27.97774,4068
85.867986,27.977742,4068
85.867992,27.977743,4068
85.867999,27.977743,4068
85.868008,27.977744,4069
85.868018,27.977743,4069
85.868027,27.977743,4069
85.868037,27.977742,4069
85.868046,27.977741,4069
85.868055,27.977739,4070
85.868063,27.977739,4070
85.868071,27.977738,4070
85.868079,27.977737,4070
85.868086,27.977737,4071
85.868092,27.977739,4071
85.868098,27.97774,4071
85.868103,27.97774,4071
85.868109,27.977739,4071
85.868117,27.97774,4072
85.868123,27.97774,4072
85.86813,27.977742,4072
85.868137,27.977744,4072
85.868143,27.977746,4073
85.868149,27.977748,4073
85.868155,27.97775,4073
85.868161,27.97775,4073
85.868167,27.977751,4074
85.868174,27.977751,4074
85.868178,27.977753,4074
85.868181,27.977756,4074
85.868183,27.977759,4074
85.868186,27.977762,4075
85.868189,27.977764,4075
85.868192,27.977763,4075
85.868197,27.977764,4075
85.868202,27.977765,4075
85.868204,27.977767,4075
85.868205,27.977767,4075
85.868206,27.977768,4075
85.868206,27.977769,4075
85.868207,27.97777,4076
85.868209,27.977771,4076
85.868212,27.977771,4076
85.868215,27.97777,4076
85.86822,27.97777,4076
85.868224,27.977768,4076
85.868229,27.977766,4076
85.868234,27.977763,4076
85.868238,27.97776,4076
85.868241,27.977756,4076
85.868244,27.977754,4076
85.868244,27.977752,4076
85.868244,27.977751,4076
85.868244,27.97775,4076
85.868244,27.977751,4076
85.868244,27.977752,4076
85.868244,27.977753,4077
85.868244,27.977755,4077
85.868244,27.977757,4077
85.868243,27.977757,4077
85.868242,27.977757,4077
85.868245,27.977759,4077
85.868247,27.977761,4077
85.868248,27.977761,4077
85.868251,27.977762,4077
85.868256,27.977763,4078
85.868261,27.977765,4078
85.868266,27.977766,4078
85.86827,27.977768,4078
85.868272,27.977768,4078
85.868275,27.977768,4078
85.868279,27.977771,4078
85.868286,27.977772,4079
85.868294,27.977773,4079
85.868302,27.977774,4079
85.868309,27.977775,4079
85.868316,27.977777,4079
85.868324,27.977778,4079
85.868332,27.97778,4079
85.868339,27.977781,4079
85.868346,27.977782,4079
85.868355,27.977784,4079
85.868364,27.977784,4079
85.868373,27.977785,4079
85.868383,27.977785,4080
85.86839,27.977786,4080
85.868399,27.977787,4080
85.868406,27.977787,4080
85.868414,27.977788,4080
85.868422,27.977789,4080
85.86843,27.977791,4080
85.868438,27.977794,4081
85.868446,27.977797,4081
85.868454,27.9778,4081
85.868463,27.977801,4081
85.868471,27.977804,4081
85.868478,27.977806,4081
85.868486,27.977809,4082
85.868495,27.977812,4082
85.868504,27.977816,4082
85.868509,27.977819,4082
85.868513,27.977823,4083
85.868516,27.977827,4083
85.86852,27.977832,4083
85.868524,27.977836,4083
85.868527,27.97784,4083
85.86853,27.977845,4083
85.86853,27.97785,4084
85.868529,27.977854,4084
85.868529,27.977858,4084
85.868529,27.977861,4084
85.868531,27.977865,4084
85.868534,27.97787,4084
85.868536,27.977875,4084
85.868536,27.97788,4084
85.868537,27.977886,4085
85.868538,27.97789,4085
85.86854,27.977894,4085
85.868541,27.977899,4085
85.868543,27.977904,4085
85.868545,27.977908,4085
85.868546,27.977913,4086
85.868546,27.977917,4086
85.868546,27.977922,4086
85.868546,27.977927,4086
85.868546,27.977932,4086
85.868548,27.977937,4086
85.86855,27.977942,4087
85.868554,27.977947,4087
85.868557,27.977953,4087
85.868561,27.977957,4087
85.868566,27.977962,4087
85.868571,27.977967,4087
85.868571,27.977974,4087
85.868571,27.977981,4087
85.868572,27.977988,4087
85.868572,27.977995,4087
85.868572,27.978001,4087
85.868572,27.978008,4088
85.868573,27.978013,4088
85.868575,27.978019,4088
85.868575,27.978023,4088
85.868575,27.978026,4088
85.868577,27.978029,4088
85.868578,27.978031,4088
85.86858,27.978034,4088
85.868581,27.978037,4088
85.86858,27.978039,4088
85.86858,27.978041,4088
85.86858,27.978042,4088
85.868582,27.978044,4088
85.868585,27.978045,4088
85.868588,27.978048,4088
85.868593,27.978051,4088
85.8686,27.978056,4088
85.868606,27.978061,4089
85.868608,27.978067,4089
85.868608,27.978073,4089
85.868606,27.978077,4089
85.868602,27.978081,4089
85.868597,27.978084,4089
85.868591,27.978086,4089
85.868584,27.978089,4089
85.868578,27.978091,4089
85.868571,27.978092,4090
85.868564,27.978093,4090
85.868558,27.978095,4090
85.868552,27.978096,4090
85.868546,27.978098,4090
85.86854,27.978099,4090
85.868533,27.9781,4090
85.868526,27.978101,4090
85.868519,27.978102,4090
85.868513,27.978103,4090
85.868506,27.978104,4090
85.868499,27.978106,4090
85.868492,27.978108,4090
85.868486,27.978111,4090
85.868481,27.978113,4090
85.868476,27.978116,4091
85.868473,27.978119,4091
85.868471,27.978122,4091
85.86847,27.978123,4091
85.86847,27.978122,4091
85.868471,27.978122,4091
85.868471,27.978121,4091
85.86847,27.97812,4091
85.86847,27.978119,4091
85.868471,27.978118,4091
85.868472,27.978118,4091
85.868473,27.978119,4091
85.868476,27.978122,4091
85.868479,27.978124,4091
85.868482,27.978127,4091
85.868481,27.978129,4091
85.868477,27.978129,4091
85.868473,27.978128,4091
85.868469,27.978126,4091
85.868467,27.978125,4091
85.868466,27.978124,4091
85.868465,27.978123,4091
85.868464,27.978121,4091
85.868464,27.97812,4091
85.868465,27.978119,4091
85.868466,27.978119,4091
85.868467,27.97812,4091
85.868467,27.978121,4091
85.868467,27.978122,4091
85.868467,27.978123,4091
85.868466,27.978123,4091
85.868467,27.978123,4091
85.868468,27.978123,4091
85.868468,27.978122,4091
85.868469,27.978122,4091
85.86847,27.978122,4091
85.868471,27.978122,4091
85.868472,27.978123,4091
85.868473,27.978123,4091
85.868474,27.978124,4091
85.868475,27.978124,4091
85.868474,27.978124,4091
85.868474,27.978123,4091
85.868475,27.978123,4091
85.868476,27.978123,4091
85.868476,27.978124,4091
85.868477,27.978124,4091
85.868477,27.978125,4091
85.868477,27.978126,4091
85.868477,27.978127,4091
85.868477,27.978126,4091
85.868478,27.978126,4091
85.868477,27.978125,4091
85.868476,27.978125,4091
85.868475,27.978125,4091
85.868474,27.978125,4091
85.868474,27.978124,4091
85.868474,27.978125,4091
85.868474,27.978124,4091
85.868474,27.978123,4091
85.868474,27.978124,4091
85.868474,27.978123,4091
85.868473,27.978122,4091
85.868474,27.978121,4091
85.868475,27.97812,4091
85.868476,27.978119,4091
85.868477,27.978119,4091
85.868477,27.97812,4091
85.868476,27.97812,4091
85.868477,27.97812,4091
85.868478,27.97812,4091
85.868478,27.978121,4091
85.868478,27.978122,4091
85.868478,27.978123,4091
85.868478,27.978124,4091
85.868478,27.978125,4091
85.868477,27.978125,4091
85.868476,27.978124,4091
85.868476,27.978122,4091
85.868475,27.978122,4091
85.868474,27.978121,4091
85.868474,27.97812,4091
85.868473,27.97812,4091
85.868474,27.97812,4091
85.868473,27.97812,4091
85.868474,27.97812,4091
85.868473,27.97812,4091
85.868474,27.97812,4091
85.868475,27.97812,4091
85.868476,27.97812,4091
85.868477,27.97812,4091
85.868478,27.97812,4091
85.868479,27.97812,4091
85.868479,27.978119,4091
85.868478,27.978119,4091
85.868478,27.97812,4091
85.868477,27.978119,4091
85.868476,27.978119,4091
85.868475,27.97812,4091
85.868475,27.978121,4091
85.868476,27.978122,4091
85.868477,27.978123,4091
85.868475,27.978124,4091
85.868475,27.978126,4091
85.868477,27.978126,4091
85.868477,27.978127,4091
85.868476,27.978127,4091
85.868475,27.978127,4091
85.868475,27.978126,4091
85.868475,27.978125,4091
85.868475,27.978124,4091
85.868475,27.978123,4091
85.868475,27.978122,4091
85.868475,27.978121,4091
85.868474,27.978122,4091
85.868474,27.978123,4091
85.868475,27.978123,4091
85.868476,27.978124,4091
85.868476,27.978125,4091
85.868477,27.978125,4091
85.868476,27.978125,4091
85.868475,27.978125,4091
85.868476,27.978125,4091
85.868477,27.978126,4091
85.868477,27.978127,4091
85.868476,27.978127,4091
85.868475,27.978127,4091
85.868475,27.978128,4090
85.868474,27.978128,4090
85.868474,27.978127,4090
85.868475,27.978127,4091
85.868476,27.978127,4091
85.868477,27.978127,4090
85.868478,27.978127,4090
85.868478,27.978126,4090
85.868478,27.978125,4090
85.868478,27.978126,4090
85.868478,27.978127,4090
85.868479,27.978127,4090
85.868479,27.978126,4090
85.868479,27.978125,4090
85.868479,27.978126,4090
85.86848,27.978126,4090
85.868479,27.978127,4090
85.86848,27.978127,4090
85.868479,27.978127,4090
85.868478,27.978127,4090
85.868477,27.978127,4090
85.868477,27.978126,4090
85.868477,27.978127,4090
85.868476,27.978127,4090
85.868477,27.978127,4090
85.868476,27.978127,4090
85.868477,27.978127,4090
85.868478,27.978127,4090
85.868479,27.978127,4090
85.868479,27.978128,4090
85.868478,27.978128,4090
85.868478,27.978127,4090
85.868479,27.978127,4090
85.86848,27.978127,4090
85.868481,27.978127,4090
85.868481,27.978128,4090
85.86848,27.978128,4090
85.868479,27.978128,4090
85.868479,27.978127,4090
85.868479,27.978126,4090
85.868479,27.978125,4090
85.868479,27.978126,4090
85.868479,27.978127,4090
85.86848,27.978127,4090
85.868479,27.978127,4090
85.86848,27.978127,4090
85.868479,27.978128,4090
85.868479,27.978129,4090
85.868478,27.978129,4090
85.868478,27.978128,4090
85.868478,27.978127,4090
85.868478,27.978126,4090
85.868478,27.978125,4090
85.868478,27.978124,4090
85.868479,27.978124,4090
85.868479,27.978123,4090
85.868479,27.978124,4090
85.868479,27.978125,4090
85.868479,27.978124,4090
85.868479,27.978123,4090
85.86848,27.978123,4090
85.868481,27.978123,4090
85.868481,27.978124,4090
85.868481,27.978125,4090
85.868481,27.978126,4090
85.868482,27.978125,4090
85.868483,27.978125,4090
85.868484,27.978124,4090
85.868486,27.978124,4090
85.868487,27.978123,4090
85.868489,27.978122,4090
85.868491,27.978121,4090
85.868491,27.97812,4090
85.868492,27.97812,4090
85.868491,27.97812,4090
85.86849,27.97812,4090
85.868488,27.978121,4090
85.868486,27.978121,4090
85.868485,27.97812,4090
85.868483,27.978119,4090
85.86848,27.978117,4090
85.868475,27.978115,4090
85.868472,27.97811,4090
85.868468,27.978105,4090
85.868465,27.978097,4090
85.868463,27.978089,4090
85.868462,27.978081,4090
85.86846,27.978075,4090
85.868459,27.97807,4090
85.868458,27.978067,4090
85.868456,27.978065,4090
85.868457,27.978064,4090
85.868458,27.978064,4090
85.868458,27.978065,4090
85.868458,27.978064,4089
85.868458,27.978063,4089
85.868458,27.978061,4089
85.868459,27.978059,4089
85.86846,27.978056,4089
85.868461,27.978051,4088
85.868463,27.978045,4088
85.868465,27.978038,4088
85.868468,27.978031,4088
85.868471,27.978025,4088
85.868475,27.97802,4088
85.868479,27.978016,4088
85.868482,27.978011,4087
85.868485,27.978007,4087
85.868486,27.978003,4087
85.868488,27.977998,4087
85.868491,27.977993,4087
85.868495,27.977987,4087
85.8685,27.977982,4087
85.868505,27.977978,4087
85.86851,27.977974,4086
85.868516,27.977971,4086
85.868523,27.977967,4086
85.86853,27.977965,4086
85.868536,27.977963,4086
85.868542,27.977961,4086
85.868549,27.977959,4085
85.868555,27.977958,4085
85.868558,27.977956,4085
85.868561,27.977953,4085
85.868563,27.97795,4085
85.868565,27.977946,4085
85.868566,27.977941,4085
85.868568,27.977938,4085
85.868571,27.977934,4085
85.868573,27.97793,4085
85.868574,27.977927,4085
85.868574,27.977924,4085
85.868574,27.977921,4085
85.868573,27.977918,4084
85.868573,27.977914,4084
85.868573,27.97791,4084
85.868574,27.977905,4084
85.868575,27.9779,4084
85.868576,27.977896,4084
85.868575,27.977892,4083
85.868575,27.977887,4083
85.868576,27.977883,4083
85.868576,27.977878,4083
85.868577,27.977873,4083
85.868577,27.977869,4083
85.868576,27.977864,4083
85.868576,27.97786,4082
85.868576,27.977856,4082
85.868576,27.977851,4082
85.868576,27.977847,4082
85.868576,27.977842,4082
85.868576,27.977837,4082
85.868576,27.977832,4082
85.868575,27.977828,4082
85.868575,27.977822,4082
85.868574,27.977818,4081
85.868572,27.977814,4081
85.868571,27.977811,4081
85.868569,27.977806,4081
85.868567,27.977801,4081
85.868566,27.977796,4081
85.868567,27.977792,4081
85.868567,27.977788,4080
85.868566,27.977784,4080
85.868564,27.977781,4080
85.868562,27.977776,4080
85.868561,27.977771,4080
85.868561,27.977766,4079
85.868561,27.977762,4079
85.868563,27.977757,4079
85.868564,27.977752,4079
85.868566,27.977747,4079
85.868566,27.977743,4079
85.868565,27.977738,4079
85.868563,27.977732,4079
85.868561,27.977727,4079
85.868558,27.977722,4078
85.868556,27.977716,4078
85.868552,27.977711,4078
85.868549,27.977705,4078
85.868546,27.977699,4078
85.868546,27.977692,4078
85.868549,27.977687,4078
85.868552,27.977682,4078
85.868554,27.977677,4078
85.868556,27.977673,4078
85.868558,27.977671,4078
85.86856,27.977668,4078
85.868563,27.977662,4078
85.868566,27.977657,4078
85.868568,27.977651,4078
85.868571,27.977645,4078
85.868575,27.977638,4078
85.868578,27.977632,4078
85.86858,27.977625,4078
85.868583,27.977617,4078
85.868586,27.97761,4078
85.868588,27.977603,4078
85.868587,27.977595,4078
85.868586,27.977585,4078
85.868585,27.977576,4078
85.868584,27.977567,4078
85.868584,27.977557,4078
85.868583,27.977548,4078
85.868583,27.97754,4078
85.868581,27.977533,4078
85.868578,27.977525,4078
85.868574,27.977518,4078
85.868569,27.977512,4078
85.868565,27.977507,4078
85.868562,27.977503,4078
85.86856,27.977499,4078
85.86856,27.977497,4078
85.868561,27.977498,4078
85.868561,27.977499,4078
85.868561,27.977498,4078
85.86856,27.977497,4078
85.868559,27.977496,4078
85.868559,27.977497,4078
85.868559,27.977496,4078
85.86856,27.977497,4078
85.86856,27.977498,4078
85.868561,27.977499,4078
85.868561,27.9775,4078
85.868563,27.977501,4078
85.868565,27.977504,4078
85.868569,27.977507,4078
85.868573,27.977511,4077
85.868576,27.977515,4077
85.868581,27.977519,4077
85.868586,27.977523,4077
85.868589,27.977525,4077
85.868591,27.977527,4077
85.868591,27.977528,4078
85.868592,27.977528,4078
85.868593,27.977529,4078
85.868594,27.977529,4078
85.868595,27.977528,4078
85.868596,27.977528,4078
85.868595,27.977528,4078
85.868595,27.977529,4078
85.868596,27.977529,4078
85.868596,27.97753,4078
85.868595,27.977531,4078
85.868595,27.977532,4078
85.868595,27.977534,4078
85.868594,27.977535,4078
85.868595,27.977534,4077
85.868597,27.977533,4077
85.8686,27.977532,4077
85.868605,27.977531,4077
85.868612,27.977529,4077
85.868618,27.977526,4077
85.868624,27.977525,4077
85.86863,27.977523,4077
85.868635,27.97752,4077
85.868638,27.977516,4077
85.868641,27.977509,4077
85.868645,27.977501,4077
85.868649,27.977493,4076
85.868653,27.977485,4076
85.868659,27.977479,4076
85.868665,27.977473,4076
85.868669,27.977467,4076
85.868672,27.977462,4076
85.868674,27.977455,4075
85.868676,27.977449,4075
85.868677,27.977442,4075
85.868678,27.977434,4075
85.86868,27.977428,4075
85.868684,27.977422,4075
85.868687,27.977417,4075
85.868689,27.977412,4075
85.86869,27.977407,4075
85.868692,27.977402,4074
85.868693,27.977397,4074
85.868693,27.977392,4075
85.868693,27.977388,4075
85.868695,27.977386,4075
85.868695,27.977387,4074
85.868694,27.977388,4074
85.868695,27.977388,4074
85.868697,27.977387,4073
85.868701,27.977385,4073
85.868706,27.977384,4073
85.868711,27.977382,4073
85.868716,27.97738,4073
85.868721,27.977377,4073
85.868726,27.977374,4073
85.868729,27.977372,4073
85.868733,27.97737,4073
85.868735,27.977368,4073
85.868737,27.977366,4073
85.86874,27.977363,4073
85.868742,27.977361,4073
85.868743,27.977361,4073
85.868744,27.97736,4073
85.868744,27.977359,4073
85.868744,27.97736,4072
85.868745,27.977361,4072
85.868746,27.977363,4072
85.868747,27.977364,4072
85.86875,27.977366,4072
85.868754,27.977368,4072
85.868757,27.977371,4072
85.868761,27.977376,4072
85.868764,27.977381,4072
85.868767,27.977387,4071
85.868769,27.977391,4071
85.868772,27.977395,4071
85.868775,27.977397,4071
85.868778,27.9774,4071
85.868782,27.977402,4071
85.868787,27.977402,4071
85.868791,27.977401,4071
85.868795,27.977399,4070
85.868799,27.977396,4070
85.868801,27.977393,4070
85.868803,27.977389,4070
85.868803,27.977387,4070
85.868803,27.977384,4070
85.868803,27.977382,4070
85.868802,27.977379,4070
85.868801,27.977376,4070
85.868801,27.977373,4069
85.8688,27.97737,4069
85.8688,27.977367,4069
85.868802,27.977364,4069
85.868804,27.977363,4069
85.868806,27.977364,4069
85.868808,27.977365,4069
85.868808,27.977364,4069
85.868809,27.977364,4069
85.86881,27.977363,4069
85.868811,27.977363,4069
85.868813,27.977364,4069
85.868815,27.977364,4068
85.868817,27.977364,4068
85.86882,27.977364,4068
85.868823,27.977364,4068
85.868826,27.977363,4068
85.868829,27.977363,4068
85.868832,27.977361,4068
85.868835,27.977359,4068
85.868838,27.977357,4067
85.86884,27.977355,4067
85.868843,27.977354,4067
85.868846,27.977352,4067
85.868849,27.977351,4067
85.868852,27.97735,4067
85.868856,27.977349,4067
85.86886,27.977348,4066
85.868864,27.977348,4066
85.86887,27.977348,4066
85.868875,27.977348,4066
85.868879,27.977347,4066
85.868884,27.977347,4066
85.868889,27.977346,4066
85.868893,27.977345,4065
85.868898,27.977344,4065
85.868903,27.977342,4065
85.868909,27.97734,4065
85.868914,27.977339,4065
85.86892,27.977338,4065
85.868925,27.977337,4065
85.868928,27.977336,4065
85.86893,27.977334,4064
85.868931,27.977332,4064
85.868931,27.977329,4064
85.868931,27.977326,4064
85.868932,27.977323,4064
85.868934,27.977319,4064
85.868936,27.977317,4064
85.868938,27.977315,4063
85.868939,27.977313,4063
85.868939,27.977311,4063
85.868939,27.977308,4063
85.86894,27.977305,4063
85.86894,27.977301,4063
85.86894,27.977297,4063
85.86894,27.977294,4062
85.868939,27.97729,4062
85.868938,27.977285,4062
85.868938,27.977281,4062
85.868938,27.977276,4062
85.86894,27.977271,4062
85.868943,27.977266,4061
85.868946,27.977262,4061
85.86895,27.977257,4061
85.868954,27.977252,4061
85.868957,27.977249,4061
85.868959,27.977246,4061
85.868959,27.977242,4060
85.868957,27.977238,4060
85.868955,27.977231,4060
85.868953,27.977224,4060
85.868952,27.977219,4060
85.868953,27.977213,4060
85.868953,27.977207,4060
85.868953,27.977201,4060
85.868952,27.977196,4060
85.86895,27.97719,4060
85.868948,27.977185,4060
85.868948,27.977183,4060
85.868948,27.977182,4060
85.868948,27.977181,4060
85.868948,27.97718,4060
85.868947,27.97718,4060
85.868946,27.97718,4060
85.868945,27.97718,4060
85.868945,27.977181,4060
85.868944,27.977182,4060
85.868944,27.977183,4060
85.868945,27.977184,4060
85.868945,27.977185,4060
85.868947,27.977186,4060
85.868949,27.977187,4060
85.868952,27.977189,4060
85.868957,27.977191,4060
85.868963,27.977194,4060
85.868969,27.977198,4060
85.868976,27.977202,4060
85.868981,27.977205,4059
85.868987,27.977209,4059
85.868992,27.977211,4059
85.868998,27.977215,4059
85.869004,27.977217,4059
85.869011,27.977219,4059
85.869017,27.977221,4059
85.869022,27.977221,4059
85.869028,27.977221,4059
85.869034,27.977221,4059
85.86904,27.977222,4059
85.869046,27.977223,4058
85.869051,27.977224,4058
85.869055,27.977225,4058
85.86906,27.977226,4058
85.869064,27.977226,4058
85.869069,27.977226,4058
85.869074,27.977227,4058
85.86908,27.977228,4058
85.869085,27.977229,4057
85.869091,27.97723,4057
85.869097,27.977232,4057
85.869102,27.977234,4057
85.869108,27.977236,4057
85.869113,27.977236,4057
85.869119,27.977237,4057
85.869125,27.977239,4057
85.86913,27.977241,4057
85.869136,27.977243,4057
85.869142,27.977244,4056
85.869149,27.977245,4056
85.869154,27.977247,4056
85.86916,27.977247,4056
85.869165,27.977247,4056
85.869169,27.977247,4056
85.869173,27.977245,4056
85.869176,27.977244,4055
85.86918,27.977244,4055
85.869184,27.977243,4055
85.869188,27.977243,4055
85.869193,27.977244,4055
85.869198,27.977244,4055
85.869204,27.977244,4055
85.86921,27.977245,4054
85.869216,27.977246,4054
85.869222,27.977247,4054
85.869228,27.977247,4054
85.869234,27.977248,4054
85.869241,27.977249,4054
85.869247,27.97725,4054
85.869253,27.97725,4053
85.869259,27.977251,4053
85.869265,27.977252,4053
85.869272,27.977252,4053
85.869279,27.977252,4053
85.869285,27.977252,4053
85.869291,27.977252,4053
85.869297,27.977252,4052
85.869302,27.977252,4052
85.869308,27.977253,4052
85.869313,27.977254,4052
85.869318,27.977254,4052
85.869325,27.977256,4052
85.869333,27.977259,4052
85.86934,27.977263,4052
85.869348,27.977268,4052
85.869355,27.977273,4052
85.86936,27.977279,4052
85.869365,27.977284,4052
85.869371,27.977288,4052
85.869378,27.97729,4052
85.869385,27.977294,4052
85.869392,27.977298,4052
85.869399,27.977303,4052
85.869405,27.977307,4052
85.869412,27.977311,4052
85.869417,27.977315,4052
85.869421,27.977317,4052
85.869426,27.97732,4052
85.86943,27.977323,4052
85.869436,27.977326,4052
85.869443,27.977328,4052
85.869449,27.97733,4052
85.869455,27.977331,4052
85.869461,27.977334,4052
85.869465,27.977337,4053
85.869468,27.977341,4053
85.86947,27.977345,4053
85.869472,27.97735,4053
85.869473,27.977354,4053
85.869475,27.977359,4054
85.869476,27.977364,4054
85.869477,27.977367,4054
85.869478,27.977369,4054
85.869481,27.977373,4054
85.869483,27.977377,4055
85.869484,27.977381,4055
85.869485,27.977385,4055
85.869488,27.977388,4055
85.869491,27.97739,4055
85.869497,27.977391,4056
85.869503,27.977393,4056
85.86951,27.977395,4056
85.869517,27.977398,4056
85.869521,27.977401,4056
85.869523,27.977405,4056
85.869525,27.977408,4057
85.869528,27.97741,4057
85.869533,27.97741,4057
85.869539,27.977412,4057
85.869544,27.977413,4057
85.869548,27.977415,4057
85.869552,27.977418,4058
85.869556,27.977423,4058
85.869559,27.977427,4058
85.86956,27.977431,4058
85.869562,27.977435,4058
85.869564,27.977438,4058
85.869568,27.977441,4058
85.869572,27.977443,4058
85.869577,27.977445,4058
85.869583,27.977446,4058
85.869591,27.977448,4058
85.869599,27.977451,4058
85.869607,27.977454,4059
85.869614,27.977458,4059
85.869621,27.977463,4059
85.869626,27.977468,4059
85.869631,27.977473,4059
85.869635,27.977478,4059
85.869638,27.977483,4059
85.869642,27.977488,4059
85.869647,27.977492,4059
85.86965,27.977495,4059
85.869653,27.977496,4059
85.869655,27.977497,4059
85.869655,27.977496,4059
85.869656,27.977496,4059
85.869656,27.977497,4059
85.869657,27.977497,4059
85.869657,27.977498,4059
85.869656,27.977497,4059
85.869656,27.977498,4059
85.869656,27.977499,4059
85.869656,27.9775,4059
85.869655,27.9775,4059
85.869656,27.9775,4059
85.869658,27.9775,4058
85.869659,27.9775,4058
85.86966,27.9775,4058
85.869661,27.9775,4058
85.869661,27.977499,4058
85.869661,27.9775,4058
85.869661,27.977501,4058
85.869661,27.977502,4058
85.869662,27.977502,4058
85.869663,27.977503,4058
85.869663,27.977504,4058
85.869664,27.977504,4058
85.869665,27.977504,4058
85.869666,27.977504,4058
85.869667,27.977504,4058
85.869668,27.977504,4058
85.869669,27.977504,4057
85.869668,27.977504,4057
85.869669,27.977504,4057
85.869668,27.977504,4057
85.869667,27.977504,4057
85.869667,27.977503,4057
85.869667,27.977502,4057
85.869666,27.977502,4057
85.869665,27.977501,4057
85.869664,27.977501,4057
85.869662,27.977501,4057
85.869661,27.977501,4057
85.86966,27.977501,4057
85.869659,27.977501,4057
85.869657,27.977501,4057
85.869656,27.977501,4057
85.869655,27.977501,4058
85.869654,27.977501,4058
85.869653,27.977502,4058
85.869652,27.977502,4058
85.869651,27.977502,4058
85.869652,27.977502,4058
85.869652,27.977503,4058
85.869653,27.977504,4058
85.869653,27.977506,4058
85.869653,27.977509,4058
85.869655,27.977511,4058
85.869657,27.977514,4059
85.869659,27.977517,4059
85.869661,27.97752,4059
85.869664,27.977523,4059
85.869667,27.977526,4059
85.869672,27.977528,4059
85.869677,27.977531,4059
85.869683,27.977535,4059
85.869687,27.977538,4059
85.869692,27.977543,4059
85.869695,27.977548,4059
85.8697,27.977553,4058
85.869703,27.977556,4058
85.869707,27.97756,4058
85.869711,27.977564,4058
85.869716,27.977568,4058
85.869721,27.977574,4058
85.869725,27.977579,4058
85.869729,27.977584,4058
85.869734,27.977587,4057
85.869738,27.977588,4057
85.869742,27.977589,4057
85.869746,27.977589,4057
85.869748,27.977588,4057
85.86975,27.977586,4057
85.869751,27.977584,4056
85.869753,27.977582,4056
85.869754,27.977579,4056
85.869756,27.977576,4056
85.869759,27.977571,4056
85.869762,27.977568,4056
85.869767,27.977566,4056
85.869773,27.977565,4056
85.86978,27.977564,4055
85.869786,27.977564,4055
85.869791,27.977562,4055
85.869796,27.977562,4055
85.8698,27.97756,4055
85.869804,27.977559,4055
85.869806,27.977557,4055
85.869806,27.977555,4055
85.869808,27.977552,4054
85.869808,27.97755,4054
85.869808,27.977547,4054
85.869807,27.977544,4054
85.869809,27.977541,4054
85.869811,27.977538,4054
85.869813,27.977537,4054
85.869815,27.977536,4054
85.869815,27.977535,4054
85.869815,27.977534,4054
85.869815,27.977533,4054
85.869814,27.977532,4053
85.869815,27.977532,4053
85.869815,27.977533,4053
85.869816,27.977534,4053
85.869816,27.977535,4053
85.869817,27.977536,4053
85.869818,27.977536,4052
85.869819,27.977536,4052
85.869821,27.977534,4052
85.869824,27.977531,4052
85.869827,27.977528,4052
85.869828,27.977526,4052
85.869828,27.977523,4052
85.869828,27.977522,4051
85.869827,27.977521,4051
85.869825,27.977519,4051
85.869824,27.977516,4051
85.869822,27.977514,4051
85.869821,27.977512,4051
85.869819,27.97751,4050
85.869818,27.977506,4050
85.869819,27.977502,4050
85.869821,27.977499,4050
85.869825,27.977497,4050
85.869827,27.977495,4050
85.86983,27.977494,4049
85.869832,27.977491,4049
85.869836,27.97749,4049
85.86984,27.977489,4049
85.869841,27.977489,4049
85.869842,27.977488,4049
85.869844,27.977486,4049
85.869846,27.977483,4049
85.869848,27.97748,4049
85.86985,27.977478,4049
85.869851,27.977478,4049
85.869852,27.977479,4049
85.869852,27.977478,4049
85.869852,27.977479,4049
85.869852,27.977478,4049
85.869852,27.977477,4049
85.869852,27.977476,4049
85.869851,27.977476,4049
85.869851,27.977475,4049
85.869851,27.977474,4048
85.869851,27.977473,4048
85.869851,27.977474,4048
85.869851,27.977475,4048
85.869851,27.977476,4048
85.869851,27.977478,4048
85.869854,27.97748,4048
85.869858,27.977481,4048
85.869863,27.977483,4048
85.869869,27.977486,4048
85.869875,27.977489,4047
85.869881,27.977493,4047
85.869886,27.977496,4047
85.869892,27.977499,4047
85.869898,27.977501,4047
85.869903,27.977502,4047
85.869908,27.977503,4047
85.869913,27.977505,4047
85.869918,27.977507,4047
85.869922,27.97751,4047
85.869926,27.977512,4047
85.86993,27.977517,4047
85.869936,27.977522,4047
85.869942,27.977527,4047
85.869949,27.977533,4047
85.869955,27.977539,4047
85.869962,27.977544,4047
85.869967,27.977549,4047
85.869972,27.977553,4047
85.869978,27.977556,4047
85.869985,27.97756,4047
85.869991,27.977564,4047
85.869998,27.977567,4047
85.870003,27.97757,4046
85.87001,27.977574,4046
85.870016,27.977576,4046
85.870022,27.977577,4046
85.870027,27.977578,4046
85.870033,27.97758,4046
85.87004,27.977581,4046
85.870046,27.977583,4046
85.870051,27.977585,4046
85.870057,27.977586,4045
85.870065,27.977588,4045
85.870072,27.97759,4045
85.870079,27.977593,4045
85.870085,27.977596,4045
85.870093,27.977599,4045
85.870101,27.977602,4045
85.87011,27.977605,4045
85.870118,27.977609,4045
85.870126,27.977612,4045
85.870133,27.977614,4045
85.87014,27.977616,4045
85.870147,27.977617,4044
85.870154,27.977618,4044
85.870161,27.977619,4044
85.870168,27.977621,4044
85.870174,27.977622,4044
85.87018,27.977623,4044
85.870188,27.977625,4044
85.870195,27.977625,4044
85.870202,27.977626,4044
85.870209,27.977628,4044
85.870217,27.97763,4044
85.870225,27.977632,4044
85.870234,27.977635,4044
85.870241,27.977636,4044
85.870249,27.977638,4044
85.870256,27.977639,4044
85.870263,27.977638,4044
85.870271,27.977639,4044
85.87028,27.977641,4044
85.870288,27.977643,4044
85.870297,27.977644,4044
85.870305,27.977647,4044
85.870313,27.97765,4044
85.87032,27.977653,4044
85.870327,27.977655,4044
85.870332,27.977658,4044
85.870333,27.97766,4045
85.870334,27.977662,4045
85.870335,27.977665,4045
85.870336,27.977669,4045
85.870336,27.977673,4045
85.870335,27.977675,4045
85.870337,27.977678,4045
85.87034,27.977681,4045
85.870343,27.977684,4045
85.870347,27.977686,4045
85.87035,27.977688,4045
85.870352,27.977689,4045
85.870354,27.977691,4045
85.870356,27.977693,4045
85.87036,27.977696,4045
85.870365,27.9777,4045
85.87037,27.977704,4045
85.870376,27.977707,4045
85.870382,27.977708,4045
85.870386,27.977708,4045
85.87039,27.977709,4045
85.870394,27.977709,4045
85.870397,27.977709,4045
85.870399,27.97771,4045
85.8704,27.977711,4045
85.870401,27.977711,4045
85.870402,27.977711,4045
85.870402,27.977712,4045
85.870402,27.977711,4045
85.870403,27.97771,4045
85.870404,27.97771,4045
85.870405,27.977711,4044
85.870406,27.977711,4044
85.870408,27.977712,4044
85.870413,27.977713,4044
85.870418,27.977714,4044
85.870424,27.977717,4044
85.870428,27.97772,4044
85.870434,27.977724,4044
85.870437,27.977729,4044
85.870441,27.977733,4043
85.870444,27.977734,4043
85.870448,27.977734,4043
85.870452,27.977734,4043
85.870458,27.977734,4043
85.870465,27.977733,4043
85.870471,27.977733,4043
85.870478,27.977734,4043
85.870485,27.977735,4043
85.870491,27.977737,4042
85.870497,27.977738,4042
85.870503,27.977739,4042
85.870509,27.977739,4042
85.870515,27.977739,4042
85.87052,27.977739,4042
85.870524,27.97774,4042
85.870528,27.977741,4042
85.870532,27.977742,4042
85.870538,27.977742,4041
85.870543,27.977741,4041
85.870549,27.977739,4041
85.870554,27.977738,4041
85.870559,27.977737,4041
85.870564,27.977736,4041
85.87057,27.977735,4041
85.870577,27.977735,4041
85.870585,27.977736,4041
85.870593,27.977739,4042
85.870603,27.977743,4042
85.870611,27.977748,4042
85.870618,27.977753,4042
85.870622,27.977756,4042
85.870624,27.977758,4042
85.870626,27.977761,4042
85.870626,27.977762,4042
85.870627,27.977762,4042
85.870629,27.977761,4042
85.87063,27.977761,4042
85.87063,27.97776,4042
85.87063,27.977761,4042
85.870631,27.977762,4042
85.870631,27.977763,4042
85.870632,27.977763,4042
85.870631,27.977762,4042
85.870631,27.977763,4042
85.870632,27.977763,4042
85.870632,27.977764,4042
85.870633,27.977764,4042
85.870635,27.977765,4041
85.870637,27.977766,4041
85.87064,27.977768,4041
85.870645,27.97777,4041
85.87065,27.977772,4041
85.870655,27.977774,4041
85.87066,27.977777,4041
85.870664,27.97778,4041
85.87067,27.977783,4041
85.870673,27.977786,4041
85.870678,27.977788,4041
85.870682,27.977792,4041
85.870685,27.977795,4041
85.870688,27.977798,4041
85.870693,27.9778,4041
85.870697,27.977802,4041
85.870701,27.977805,4041
85.870704,27.977807,4041
85.870706,27.97781,4041
85.870706,27.977813,4041
85.870707,27.977816,4041
85.87071,27.977821,4041
85.870713,27.977825,4041
85.870717,27.977826,4041
85.870723,27.977829,4041
85.870728,27.977832,4041
85.870733,27.977834,4041
85.870739,27.977835,4041
85.870745,27.977835,4041
85.870751,27.977835,4041
85.870755,27.977835,4041
85.87076,27.977834,4041
85.870765,27.977833,4041
85.87077,27.977832,4041
85.870777,27.977833,4040
85.870782,27.977833,4040
85.870787,27.977834,4040
85.870792,27.977835,4040
85.870798,27.977836,4040
85.870802,27.977837,4040
85.870804,27.977838,4040
85.870804,27.977836,4040
85.870805,27.977834,4040
85.870805,27.977831,4039
85.870806,27.977828,4039
85.870806,27.977826,4039
85.870807,27.977823,4039
85.870807,27.977821,4039
85.870807,27.977817,4039
85.870809,27.977815,4039
85.87081,27.977811,4039
85.870811,27.977809,4039
85.870812,27.977806,4039
85.870813,27.977804,4039
85.870813,27.977802,4039
85.870814,27.977802,4039
85.870813,27.977802,4039
85.870814,27.977803,4039
85.870815,27.977802,4039
85.870815,27.977803,4039
85.870817,27.977802,4038
85.870819,27.977801,4038
85.870823,27.977801,4038
85.870825,27.977801,4038
85.870828,27.977801,4038
85.870831,27.977801,4038
85.870836,27.9778,4038
85.870843,27.9778,4039
85.870851,27.9778,4039
85.870859,27.977799,4039
85.870867,27.9778,4039
85.870873,27.977802,4039
85.870879,27.977804,4039
85.870885,27.977806,4039
85.870891,27.977809,4039
85.870897,27.977814,4039
85.870901,27.977819,4039
85.870904,27.977826,4040
85.870905,27.977832,4040
85.870908,27.977837,4040
85.870912,27.977839,4040
85.870918,27.977841,4040
85.870923,27.977841,4040
85.870929,27.977843,4040
85.870936,27.977842,4040
85.870942,27.977841,4040
85.87095,27.977838,4040
85.870957,27.977835,4040
85.870963,27.977831,4040
85.870969,27.977829,4040
85.870973,27.977829,4040
85.870975,27.97783,4040
85.870976,27.97783,4040
85.870976,27.977831,4040
85.870975,27.977831,4040
85.870975,27.97783,4040
85.870976,27.97783,4040
85.870975,27.97783,4040
85.870974,27.97783,4040
85.870975,27.97783,4040
85.870976,27.97783,4040
85.870976,27.977831,4040
85.870976,27.977832,4040
85.870975,27.977832,4040
85.870976,27.977832,4040
85.870977,27.977832,4040
85.870978,27.977831,4040
85.87098,27.97783,4040
85.870984,27.97783,4040
85.87099,27.97783,4040
85.870995,27.97783,4040
85.871,27.977831,4040
85.871005,27.977831,4040
85.871008,27.977831,4040
85.87101,27.977831,4040
85.871011,27.977831,4040
85.871012,27.977831,4040
85.871013,27.977831,4040
85.871014,27.977832,4040
85.871016,27.977832,4039
85.87102,27.977832,4039
85.871025,27.977833,4039
85.871029,27.977834,4039
85.871034,27.977836,4039
85.871038,27.977837,4039
85.871041,27.97784,4038
85.871044,27.977843,4038
85.871047,27.977845,4038
85.87105,27.977846,4038
85.871052,27.977846,4038
85.871054,27.977846,4038
85.87106,27.977848,4038
85.871069,27.977851,4037
85.871078,27.977855,4037
85.871088,27.977858,4037
85.871098,27.977861,4037
85.871107,27.977865,4037
85.871115,27.977869,4037
85.87112,27.977874,4037
85.87112,27.977878,4038
85.871121,27.977881,4038
85.871122,27.977882,4038
85.871123,27.977882,4038
85.871125,27.977882,4038
85.871128,27.977883,4037
85.871131,27.977883,4037
85.871134,27.977883,4037
85.871135,27.977884,4037
85.871136,27.977884,4037
85.871137,27.977885,4037
85.871137,27.977886,4038
85.871137,27.977887,4038
85.871136,27.977888,4038
85.871136,27.977887,4038
85.871136,27.977886,4038
85.871137,27.977886,4037
85.871137,27.977885,4037
85.871138,27.977885,4037
85.871139,27.977885,4037
85.871138,27.977885,4038
85.871138,27.977886,4038
85.871137,27.977889,4037
85.871135,27.97789,4037
85.871135,27.977892,4037
85.871136,27.977893,4037
85.871139,27.977895,4037
85.871143,27.977897,4037
85.871149,27.9779,4038
85.871154,27.977904,4038
85.87116,27.977908,4038
85.871167,27.977913,4038
85.871171,27.977919,4038
85.871175,27.977922,4038
85.871179,27.977924,4038
85.871183,27.977926,4038
85.871185,27.977927,4038
85.871186,27.977927,4038
85.871188,27.977927,4039
85.871191,27.977928,4039
85.871194,27.977928,4039
85.871197,27.977929,4039
85.8712,27.977928,4039
85.871203,27.977926,4039
85.871206,27.977924,4039
85.87121,27.977922,4039
85.871213,27.977921,4039
85.871215,27.97792,4039
85.871217,27.97792,4040
85.87122,27.97792,4040
85.871225,27.97792,4040
85.871229,27.97792,4040
85.871233,27.977921,4040
85.871237,27.977921,4040
85.871241,27.977922,4040
85.871244,27.977923,4040
85.871247,27.977925,4041
85.871249,27.977927,4041
85.87125,27.977929,4041
85.871251,27.97793,4041
85.871253,27.977933,4041
85.871256,27.977935,4041
85.871259,27.977937,4041
85.871262,27.977938,4041
85.871265,27.977939,4041
85.871268,27.97794,4041
85.871272,27.977941,4041
85.871277,27.977942,4041
85.87128,27.977943,4041
85.871282,27.977942,4041
85.871281,27.977942,4041
85.871281,27.977943,4041
85.871282,27.977944,4041
85.871282,27.977945,4041
85.871284,27.977947,4041
85.871285,27.977949,4042
85.871284,27.977951,4042
85.871284,27.977952,4042
85.871284,27.977951,4042
85.871284,27.977952,4042
85.871284,27.977953,4042
85.871284,27.977954,4042
85.871284,27.977955,4042
85.871284,27.977956,4042
85.871285,27.977956,4042
85.871285,27.977957,4042
85.871285,27.977956,4042
85.871284,27.977955,4042
85.871285,27.977955,4042
85.871285,27.977956,4042
85.871284,27.977956,4042
85.871283,27.977956,4042
85.871282,27.977956,4042
85.871282,27.977955,4041
85.871282,27.977954,4041
85.871281,27.977954,4041
85.871281,27.977953,4041
85.871281,27.977952,4041
85.871281,27.977951,4041
85.871281,27.977949,4041
85.871283,27.977948,4041
85.871285,27.977948,4041
85.871287,27.977948,4041
85.871288,27.977947,4041
85.871288,27.977946,4041
85.871289,27.977945,4041
85.871289,27.977946,4041
85.87129,27.977947,4041
85.871291,27.977947,4041
85.871293,27.977949,4041
85.871296,27.97795,4041
85.8713,27.977952,4040
85.871308,27.977954,4040
85.871317,27.977956,4040
85.871325,27.977957,4040
85.871334,27.977958,4040
85.871342,27.977958,4040
85.87135,27.977957,4040
85.871358,27.977957,4039
85.871365,27.977957,4039
85.871373,27.977956,4039
85.87138,27.977955,4039
85.871387,27.977953,4039
85.871395,27.977952,4039
85.871403,27.977951,4039
85.871412,27.977951,4039
85.871421,27.977951,4039
85.87143,27.977954,4039
85.871439,27.977957,4039
85.871448,27.977961,4039
85.871458,27.977964,4039
85.871467,27.977967,4039
85.871477,27.977969,4039
85.871488,27.97797,4039
85.871499,27.97797,4039
85.87151,27.977968,4039
85.871521,27.977966,4039
85.871532,27.977965,4039
85.871542,27.977965,4039
85.871552,27.977964,4039
85.871563,27.977961,4040
85.871575,27.977959,4040
85.871588,27.977959,4040
85.871599,27.97796,4040
85.87161,27.977961,4040
85.871619,27.977965,4040
85.871628,27.977968,4040
85.871635,27.977972,4040
85.871642,27.977975,4040
85.87165,27.977978,4040
85.871658,27.97798,4040
85.871667,27.977982,4040
85.871677,27.977982,4040
85.871687,27.977983,4040
85.871696,27.977986,4041
85.871706,27.977989,4041
85.871715,27.977993,4041
85.871723,27.977997,4041
85.871732,27.978002,4041
85.87174,27.978008,4041
85.871747,27.978012,4041
85.871755,27.978015,4041
85.871764,27.978016,4041
85.871775,27.978016,4041
85.871785,27.978014,4041
85.871796,27.978013,4041
85.871807,27.978013,4041
85.871817,27.978014,4041
85.871825,27.978015,4041
85.871836,27.978016,4041
85.871846,27.978018,4041
85.871856,27.978021,4041
85.871864,27.978024,4041
85.871871,27.978026,4041
85.871878,27.978027,4041
85.871884,27.978026,4041
85.87189,27.978024,4041
85.871897,27.978021,4041
85.871905,27.978019,4041
85.871913,27.978018,4041
85.871921,27.978015,4041
85.871929,27.978012,4041
85.871938,27.978009,4041
85.871947,27.978006,4041
85.871955,27.978003,4041
85.871963,27.978,4042
85.871971,27.977997,4042
85.871979,27.977991,4042
85.871986,27.977985,4042
85.871993,27.977979,4042
85.872001,27.977973,4042
85.872008,27.977967,4042
85.872016,27.977961,4042
85.872024,27.977956,4042
85.872031,27.977951,4042
85.87204,27.977947,4042
85.872049,27.977945,4042
85.872059,27.977944,4042
85.872071,27.977944,4042
85.872082,27.977944,4042
85.872093,27.977945,4042
85.872104,27.977945,4042
85.872115,27.977945,4042
85.872126,27.977944,4042
85.872138,27.977943,4042
85.872149,27.977943,4042
85.872159,27.977945,4042
85.872169,27.977948,4042
85.87218,27.977951,4042
85.87219,27.977954,4042
85.872199,27.977957,4042
85.872208,27.977959,4042
85.872218,27.977962,4042
85.872228,27.977965,4041
85.872238,27.977969,4041
85.872248,27.977972,4041
85.872258,27.977976,4041
85.872268,27.977978,4042
85.872278,27.977981,4042
85.872287,27.977983,4042
85.872296,27.977986,4042
85.872306,27.977988,4042
85.872316,27.977988,4042
85.872325,27.977988,4042
85.872335,27.977988,4042
85.872344,27.977989,4042
85.872354,27.977991,4042
85.872364,27.977992,4042
85.872374,27.977993,4042
85.872384,27.977992,4042
85.872394,27.977992,4042
85.872404,27.977992,4042
85.872414,27.977991,4042
85.872424,27.977991,4042
85.872434,27.977992,4042
85.872444,27.977994,4042
85.872453,27.977995,4042
85.872462,27.977998,4042
85.872471,27.978001,4042
85.872479,27.978003,4042
85.872485,27.978005,4042
85.872493,27.978005,4042
85.872501,27.978004,4042
85.872509,27.978001,4042
85.872518,27.977998,4042
85.872529,27.977997,4042
85.87254,27.977995,4042
85.872552,27.977992,4042
85.872562,27.97799,4042
85.872569,27.977987,4042
85.872578,27.977983,4042
85.872587,27.977979,4042
85.872596,27.977975,4042
85.872606,27.977972,4042
85.872616,27.977969,4042
85.872626,27.977966,4042
85.872635,27.977964,4042
85.872645,27.977961,4042
85.872653,27.977958,4042
85.872662,27.977955,4042
85.872671,27.977951,4042
85.872679,27.977949,4042
85.872688,27.977947,4042
85.872697,27.977946,4042
85.872706,27.977945,4042
85.872718,27.977945,4042
85.87273,27.977945,4042
85.872742,27.977946,4042
85.872753,27.977945,4043
85.872764,27.977943,4043
85.872774,27.97794,4043
85.872785,27.977937,4043
85.872796,27.977936,4043
85.872806,27.977935,4043
85.872817,27.977934,4043
85.872827,27.977933,4043
85.872838,27.977932,4044
85.87285,27.977932,4044
85.872861,27.977933,4044
85.87287,27.977933,4044
85.872879,27.977932,4044
85.872888,27.977929,4044
85.872898,27.977926,4044
85.872909,27.977922,4044
85.872921,27.977918,4044
85.872934,27.977914,4044
85.872946,27.977911,4045
85.872958,27.977909,4045
85.872969,27.977906,4045
85.872979,27.977904,4045
85.872988,27.977903,4045
85.872997,27.977901,4045
85.873005,27.9779,4045
85.873012,27.9779,4045
85.873017,27.9779,4045
85.873017,27.977899,4045
85.873017,27.977898,4045
85.873017,27.977899,4045
85.873018,27.9779,4045
85.873021,27.977901,4045
85.873025,27.977904,4045
85.873033,27.977908,4045
85.873041,27.977912,4045
85.873051,27.977916,4045
85.87306,27.97792,4045
85.873069,27.977925,4045
85.873078,27.977931,4045
85.873085,27.977937,4045
85.873092,27.977943,4045
85.873101,27.977949,4045
85.87311,27.977955,4045
85.873119,27.977961,4045
85.873129,27.977967,4045
85.87314,27.977972,4045
85.873151,27.977978,4045
85.873161,27.977985,4045
85.87317,27.977993,4045
85.873178,27.978001,4045
85.873185,27.978008,4045
85.873193,27.978016,4045
85.8732,27.978024,4045
85.873208,27.978032,4045
85.873217,27.97804,4045
85.873226,27.978048,4045
85.873234,27.978056,4045
85.873241,27.978065,4045
85.873248,27.978074,4045
85.873255,27.978083,4045
85.873262,27.978092,4045
85.873269,27.9781,4045
85.873273,27.978106,4045
</coordinates>
</LineString>
</Placemark>
</Folder>
</Document>
</kml>
